{"message": "", "levelname": "INFO", "name": "root", "asctime": "2026-04-29 11:40:56,553", "type": "process", "argv": ["/Users/aryan/trajnet++/trajnetpluspluscvae/trajnetbaselines/vae/trainer.py", "--type", "social", "--augment", "--epochs", "15", "--pool_dim", "64", "--alpha_kld", "0.5", "--kld_anneal_epochs", "5", "--k", "8", "--path", "output", "--lr", "0.0001", "--batch_size", "4"], "args": {"epochs": 15, "save_every": 5, "obs_length": 9, "pred_length": 12, "start_length": 0, "batch_size": 4, "lr": 0.0001, "step_size": 10, "output": "OUTPUT_BLOCK/output/vae_social_kl_penalty.pkl", "disable_cuda": false, "path": "output", "goals": false, "loss": "pred", "type": "social", "sample": 1.0, "seed": 42, "augment": true, "normalize_scene": false, "augment_noise": false, "obs_dropout": false, "load_state": null, "load_full_state": null, "nonstrict_load_state": null, "hidden_dim": 128, "coordinate_embedding_dim": 64, "pool_dim": 64, "goal_dim": 64, "cell_side": 0.6, "n": 12, "layer_dims": [512], "embedding_arch": "one_layer", "pool_constant": 0, "norm_pool": false, "front": false, "latent_dim": 16, "norm": 0, "no_vel": false, "spatial_dim": 32, "vel_dim": 32, "neigh": 4, "mp_iters": 5, "alpha_kld": 0.5, "kld_anneal_epochs": 5, "k": 8, "noise_dim": 8}, "version": "0.1.0", "hostname": "Aryans-MacBook-Air-2.local"}
{"message": "", "levelname": "INFO", "name": "Trainer", "asctime": "2026-04-29 11:41:06,047", "type": "train", "epoch": 0, "batch": 39, "n_batches": 7774, "time": 0.651, "data_time": 0.0, "lr": 0.0001, "loss": 11.941, "recon_loss": 11.924, "kld_loss": 0.177, "kld_weight": 0.1}
{"message": "", "levelname": "INFO", "name": "Trainer", "asctime": "2026-04-29 11:41:13,119", "type": "train", "epoch": 0, "batch": 79, "n_batches": 7774, "time": 0.665, "data_time": 0.0, "lr": 0.0001, "loss": 5.954, "recon_loss": 5.939, "kld_loss": 0.149, "kld_weight": 0.1}
{"message": "", "levelname": "INFO", "name": "Trainer", "asctime": "2026-04-29 11:41:19,855", "type": "train", "epoch": 0, "batch": 119, "n_batches": 7774, "time": 0.728, "data_time": 0.0, "lr": 0.0001, "loss": -1.613, "recon_loss": -1.625, "kld_loss": 0.122, "kld_weight": 0.1}
{"message": "", "levelname": "INFO", "name": "Trainer", "asctime": "2026-04-29 11:41:28,929", "type": "train", "epoch": 0, "batch": 159, "n_batches": 7774, "time": 0.797, "data_time": 0.0, "lr": 0.0001, "loss": -2.804, "recon_loss": -2.813, "kld_loss": 0.092, "kld_weight": 0.1}
{"message": "", "levelname": "INFO", "name": "Trainer", "asctime": "2026-04-29 11:41:37,527", "type": "train", "epoch": 0, "batch": 199, "n_batches": 7774, "time": 1.642, "data_time": 0.0, "lr": 0.0001, "loss": 5.385, "recon_loss": 5.377, "kld_loss": 0.079, "kld_weight": 0.1}
{"message": "", "levelname": "INFO", "name": "Trainer", "asctime": "2026-04-29 11:41:46,531", "type": "train", "epoch": 0, "batch": 239, "n_batches": 7774, "time": 1.34, "data_time": 0.0, "lr": 0.0001, "loss": 0.355, "recon_loss": 0.35, "kld_loss": 0.059, "kld_weight": 0.1}
{"message": "", "levelname": "INFO", "name": "Trainer", "asctime": "2026-04-29 11:41:54,062", "type": "train", "epoch": 0, "batch": 279, "n_batches": 7774, "time": 0.664, "data_time": 0.0, "lr": 0.0001, "loss": -4.019, "recon_loss": -4.024, "kld_loss": 0.048, "kld_weight": 0.1}
{"message": "", "levelname": "INFO", "name": "Trainer", "asctime": "2026-04-29 11:42:02,506", "type": "train", "epoch": 0, "batch": 319, "n_batches": 7774, "time": 0.84, "data_time": 0.0, "lr": 0.0001, "loss": 2.842, "recon_loss": 2.837, "kld_loss": 0.05, "kld_weight": 0.1}
{"message": "", "levelname": "INFO", "name": "Trainer", "asctime": "2026-04-29 11:42:12,026", "type": "train", "epoch": 0, "batch": 359, "n_batches": 7774, "time": 0.519, "data_time": 0.0, "lr": 0.0001, "loss": -3.102, "recon_loss": -3.113, "kld_loss": 0.11, "kld_weight": 0.1}
{"message": "", "levelname": "INFO", "name": "Trainer", "asctime": "2026-04-29 11:42:20,665", "type": "train", "epoch": 0, "batch": 399, "n_batches": 7774, "time": 0.749, "data_time": 0.0, "lr": 0.0001, "loss": -2.073, "recon_loss": -2.082, "kld_loss": 0.082, "kld_weight": 0.1}
{"message": "", "levelname": "INFO", "name": "Trainer", "asctime": "2026-04-29 11:42:29,360", "type": "train", "epoch": 0, "batch": 439, "n_batches": 7774, "time": 0.701, "data_time": 0.0, "lr": 0.0001, "loss": -1.506, "recon_loss": -1.528, "kld_loss": 0.221, "kld_weight": 0.1}
{"message": "", "levelname": "INFO", "name": "Trainer", "asctime": "2026-04-29 11:42:36,551", "type": "train", "epoch": 0, "batch": 479, "n_batches": 7774, "time": 0.758, "data_time": 0.0, "lr": 0.0001, "loss": -1.749, "recon_loss": -1.762, "kld_loss": 0.127, "kld_weight": 0.1}
{"message": "", "levelname": "INFO", "name": "Trainer", "asctime": "2026-04-29 11:42:42,937", "type": "train", "epoch": 0, "batch": 519, "n_batches": 7774, "time": 0.912, "data_time": 0.0, "lr": 0.0001, "loss": -1.775, "recon_loss": -1.795, "kld_loss": 0.208, "kld_weight": 0.1}
{"message": "", "levelname": "INFO", "name": "Trainer", "asctime": "2026-04-29 11:42:50,744", "type": "train", "epoch": 0, "batch": 559, "n_batches": 7774, "time": 0.724, "data_time": 0.0, "lr": 0.0001, "loss": -5.887, "recon_loss": -5.933, "kld_loss": 0.463, "kld_weight": 0.1}
{"message": "", "levelname": "INFO", "name": "Trainer", "asctime": "2026-04-29 11:42:58,206", "type": "train", "epoch": 0, "batch": 599, "n_batches": 7774, "time": 0.683, "data_time": 0.0, "lr": 0.0001, "loss": -3.399, "recon_loss": -3.506, "kld_loss": 1.072, "kld_weight": 0.1}
{"message": "", "levelname": "INFO", "name": "Trainer", "asctime": "2026-04-29 11:43:05,891", "type": "train", "epoch": 0, "batch": 639, "n_batches": 7774, "time": 0.819, "data_time": 0.0, "lr": 0.0001, "loss": -5.964, "recon_loss": -6.116, "kld_loss": 1.526, "kld_weight": 0.1}
{"message": "", "levelname": "INFO", "name": "Trainer", "asctime": "2026-04-29 11:43:14,014", "type": "train", "epoch": 0, "batch": 679, "n_batches": 7774, "time": 0.518, "data_time": 0.0, "lr": 0.0001, "loss": -2.854, "recon_loss": -2.907, "kld_loss": 0.527, "kld_weight": 0.1}
{"message": "", "levelname": "INFO", "name": "Trainer", "asctime": "2026-04-29 11:43:22,194", "type": "train", "epoch": 0, "batch": 719, "n_batches": 7774, "time": 0.777, "data_time": 0.0, "lr": 0.0001, "loss": -2.28, "recon_loss": -2.401, "kld_loss": 1.209, "kld_weight": 0.1}
{"message": "", "levelname": "INFO", "name": "Trainer", "asctime": "2026-04-29 11:43:29,485", "type": "train", "epoch": 0, "batch": 759, "n_batches": 7774, "time": 0.657, "data_time": 0.0, "lr": 0.0001, "loss": -3.227, "recon_loss": -3.361, "kld_loss": 1.348, "kld_weight": 0.1}
{"message": "", "levelname": "INFO", "name": "Trainer", "asctime": "2026-04-29 11:43:37,039", "type": "train", "epoch": 0, "batch": 799, "n_batches": 7774, "time": 0.742, "data_time": 0.0, "lr": 0.0001, "loss": -3.239, "recon_loss": -3.374, "kld_loss": 1.351, "kld_weight": 0.1}
{"message": "", "levelname": "INFO", "name": "Trainer", "asctime": "2026-04-29 11:43:46,978", "type": "train", "epoch": 0, "batch": 839, "n_batches": 7774, "time": 0.912, "data_time": 0.0, "lr": 0.0001, "loss": -1.355, "recon_loss": -1.542, "kld_loss": 1.872, "kld_weight": 0.1}
{"message": "", "levelname": "INFO", "name": "Trainer", "asctime": "2026-04-29 11:43:56,411", "type": "train", "epoch": 0, "batch": 879, "n_batches": 7774, "time": 1.163, "data_time": 0.0, "lr": 0.0001, "loss": -7.42, "recon_loss": -7.486, "kld_loss": 0.661, "kld_weight": 0.1}
{"message": "", "levelname": "INFO", "name": "Trainer", "asctime": "2026-04-29 11:44:05,174", "type": "train", "epoch": 0, "batch": 919, "n_batches": 7774, "time": 0.766, "data_time": 0.0, "lr": 0.0001, "loss": -5.648, "recon_loss": -5.717, "kld_loss": 0.682, "kld_weight": 0.1}
{"message": "", "levelname": "INFO", "name": "Trainer", "asctime": "2026-04-29 11:44:13,556", "type": "train", "epoch": 0, "batch": 959, "n_batches": 7774, "time": 1.679, "data_time": 0.0, "lr": 0.0001, "loss": -5.284, "recon_loss": -5.329, "kld_loss": 0.456, "kld_weight": 0.1}
{"message": "", "levelname": "INFO", "name": "Trainer", "asctime": "2026-04-29 11:44:22,430", "type": "train", "epoch": 0, "batch": 999, "n_batches": 7774, "time": 1.433, "data_time": 0.0, "lr": 0.0001, "loss": -1.882, "recon_loss": -2.017, "kld_loss": 1.356, "kld_weight": 0.1}
{"message": "", "levelname": "INFO", "name": "Trainer", "asctime": "2026-04-29 11:44:31,021", "type": "train", "epoch": 0, "batch": 1039, "n_batches": 7774, "time": 1.048, "data_time": 0.0, "lr": 0.0001, "loss": -4.48, "recon_loss": -4.669, "kld_loss": 1.889, "kld_weight": 0.1}
{"message": "", "levelname": "INFO", "name": "Trainer", "asctime": "2026-04-29 11:44:37,575", "type": "train", "epoch": 0, "batch": 1079, "n_batches": 7774, "time": 0.839, "data_time": 0.0, "lr": 0.0001, "loss": -1.989, "recon_loss": -2.063, "kld_loss": 0.737, "kld_weight": 0.1}
{"message": "", "levelname": "INFO", "name": "Trainer", "asctime": "2026-04-29 11:44:46,285", "type": "train", "epoch": 0, "batch": 1119, "n_batches": 7774, "time": 0.673, "data_time": 0.0, "lr": 0.0001, "loss": -7.047, "recon_loss": -7.077, "kld_loss": 0.294, "kld_weight": 0.1}
{"message": "", "levelname": "INFO", "name": "Trainer", "asctime": "2026-04-29 11:44:54,449", "type": "train", "epoch": 0, "batch": 1159, "n_batches": 7774, "time": 0.874, "data_time": 0.0, "lr": 0.0001, "loss": -5.699, "recon_loss": -5.82, "kld_loss": 1.211, "kld_weight": 0.1}
{"message": "", "levelname": "INFO", "name": "Trainer", "asctime": "2026-04-29 11:45:03,678", "type": "train", "epoch": 0, "batch": 1199, "n_batches": 7774, "time": 0.669, "data_time": 0.0, "lr": 0.0001, "loss": -2.405, "recon_loss": -2.465, "kld_loss": 0.601, "kld_weight": 0.1}
{"message": "", "levelname": "INFO", "name": "Trainer", "asctime": "2026-04-29 11:45:12,036", "type": "train", "epoch": 0, "batch": 1239, "n_batches": 7774, "time": 0.877, "data_time": 0.0, "lr": 0.0001, "loss": -6.016, "recon_loss": -6.137, "kld_loss": 1.21, "kld_weight": 0.1}
{"message": "", "levelname": "INFO", "name": "Trainer", "asctime": "2026-04-29 11:45:20,178", "type": "train", "epoch": 0, "batch": 1279, "n_batches": 7774, "time": 0.551, "data_time": 0.0, "lr": 0.0001, "loss": -7.102, "recon_loss": -7.235, "kld_loss": 1.324, "kld_weight": 0.1}
{"message": "", "levelname": "INFO", "name": "Trainer", "asctime": "2026-04-29 11:45:28,193", "type": "train", "epoch": 0, "batch": 1319, "n_batches": 7774, "time": 0.725, "data_time": 0.0, "lr": 0.0001, "loss": -0.394, "recon_loss": -0.475, "kld_loss": 0.803, "kld_weight": 0.1}
{"message": "", "levelname": "INFO", "name": "Trainer", "asctime": "2026-04-29 11:45:36,230", "type": "train", "epoch": 0, "batch": 1359, "n_batches": 7774, "time": 0.802, "data_time": 0.0, "lr": 0.0001, "loss": -0.672, "recon_loss": -0.829, "kld_loss": 1.573, "kld_weight": 0.1}
{"message": "", "levelname": "INFO", "name": "Trainer", "asctime": "2026-04-29 11:45:43,911", "type": "train", "epoch": 0, "batch": 1399, "n_batches": 7774, "time": 0.505, "data_time": 0.0, "lr": 0.0001, "loss": -4.764, "recon_loss": -4.891, "kld_loss": 1.274, "kld_weight": 0.1}
{"message": "", "levelname": "INFO", "name": "Trainer", "asctime": "2026-04-29 11:45:51,255", "type": "train", "epoch": 0, "batch": 1439, "n_batches": 7774, "time": 0.722, "data_time": 0.0, "lr": 0.0001, "loss": -6.974, "recon_loss": -7.0, "kld_loss": 0.258, "kld_weight": 0.1}
{"message": "", "levelname": "INFO", "name": "Trainer", "asctime": "2026-04-29 11:45:59,089", "type": "train", "epoch": 0, "batch": 1479, "n_batches": 7774, "time": 0.582, "data_time": 0.0, "lr": 0.0001, "loss": -4.219, "recon_loss": -4.29, "kld_loss": 0.709, "kld_weight": 0.1}
{"message": "", "levelname": "INFO", "name": "Trainer", "asctime": "2026-04-29 11:46:07,890", "type": "train", "epoch": 0, "batch": 1519, "n_batches": 7774, "time": 0.721, "data_time": 0.0, "lr": 0.0001, "loss": -7.206, "recon_loss": -7.307, "kld_loss": 1.014, "kld_weight": 0.1}
{"message": "", "levelname": "INFO", "name": "Trainer", "asctime": "2026-04-29 11:46:14,628", "type": "train", "epoch": 0, "batch": 1559, "n_batches": 7774, "time": 0.853, "data_time": 0.0, "lr": 0.0001, "loss": -6.648, "recon_loss": -6.754, "kld_loss": 1.059, "kld_weight": 0.1}
{"message": "", "levelname": "INFO", "name": "Trainer", "asctime": "2026-04-29 11:46:22,776", "type": "train", "epoch": 0, "batch": 1599, "n_batches": 7774, "time": 0.608, "data_time": 0.0, "lr": 0.0001, "loss": -6.25, "recon_loss": -6.493, "kld_loss": 2.423, "kld_weight": 0.1}
{"message": "", "levelname": "INFO", "name": "Trainer", "asctime": "2026-04-29 11:46:30,851", "type": "train", "epoch": 0, "batch": 1639, "n_batches": 7774, "time": 0.654, "data_time": 0.0, "lr": 0.0001, "loss": -1.653, "recon_loss": -1.787, "kld_loss": 1.339, "kld_weight": 0.1}
{"message": "", "levelname": "INFO", "name": "Trainer", "asctime": "2026-04-29 11:46:39,467", "type": "train", "epoch": 0, "batch": 1679, "n_batches": 7774, "time": 1.805, "data_time": 0.0, "lr": 0.0001, "loss": -6.797, "recon_loss": -6.862, "kld_loss": 0.653, "kld_weight": 0.1}
{"message": "", "levelname": "INFO", "name": "Trainer", "asctime": "2026-04-29 11:46:48,317", "type": "train", "epoch": 0, "batch": 1719, "n_batches": 7774, "time": 0.552, "data_time": 0.0, "lr": 0.0001, "loss": -5.921, "recon_loss": -5.953, "kld_loss": 0.316, "kld_weight": 0.1}
{"message": "", "levelname": "INFO", "name": "Trainer", "asctime": "2026-04-29 11:46:55,805", "type": "train", "epoch": 0, "batch": 1759, "n_batches": 7774, "time": 0.726, "data_time": 0.0, "lr": 0.0001, "loss": -6.366, "recon_loss": -6.401, "kld_loss": 0.343, "kld_weight": 0.1}
{"message": "", "levelname": "INFO", "name": "Trainer", "asctime": "2026-04-29 11:47:03,668", "type": "train", "epoch": 0, "batch": 1799, "n_batches": 7774, "time": 1.397, "data_time": 0.0, "lr": 0.0001, "loss": -6.362, "recon_loss": -6.427, "kld_loss": 0.649, "kld_weight": 0.1}
{"message": "", "levelname": "INFO", "name": "Trainer", "asctime": "2026-04-29 11:47:10,484", "type": "train", "epoch": 0, "batch": 1839, "n_batches": 7774, "time": 0.758, "data_time": 0.0, "lr": 0.0001, "loss": -4.023, "recon_loss": -4.294, "kld_loss": 2.713, "kld_weight": 0.1}
{"message": "", "levelname": "INFO", "name": "Trainer", "asctime": "2026-04-29 11:47:18,219", "type": "train", "epoch": 0, "batch": 1879, "n_batches": 7774, "time": 0.716, "data_time": 0.0, "lr": 0.0001, "loss": -6.757, "recon_loss": -6.863, "kld_loss": 1.054, "kld_weight": 0.1}
{"message": "", "levelname": "INFO", "name": "Trainer", "asctime": "2026-04-29 11:47:25,796", "type": "train", "epoch": 0, "batch": 1919, "n_batches": 7774, "time": 0.918, "data_time": 0.0, "lr": 0.0001, "loss": -7.331, "recon_loss": -7.455, "kld_loss": 1.243, "kld_weight": 0.1}
{"message": "", "levelname": "INFO", "name": "Trainer", "asctime": "2026-04-29 11:47:35,551", "type": "train", "epoch": 0, "batch": 1959, "n_batches": 7774, "time": 0.591, "data_time": 0.0, "lr": 0.0001, "loss": -5.31, "recon_loss": -5.387, "kld_loss": 0.779, "kld_weight": 0.1}
{"message": "", "levelname": "INFO", "name": "Trainer", "asctime": "2026-04-29 11:47:44,054", "type": "train", "epoch": 0, "batch": 1999, "n_batches": 7774, "time": 0.715, "data_time": 0.0, "lr": 0.0001, "loss": -5.467, "recon_loss": -5.629, "kld_loss": 1.622, "kld_weight": 0.1}
{"message": "", "levelname": "INFO", "name": "Trainer", "asctime": "2026-04-29 11:47:51,747", "type": "train", "epoch": 0, "batch": 2039, "n_batches": 7774, "time": 0.728, "data_time": 0.0, "lr": 0.0001, "loss": -3.549, "recon_loss": -3.675, "kld_loss": 1.264, "kld_weight": 0.1}
{"message": "", "levelname": "INFO", "name": "Trainer", "asctime": "2026-04-29 11:47:59,421", "type": "train", "epoch": 0, "batch": 2079, "n_batches": 7774, "time": 0.957, "data_time": 0.0, "lr": 0.0001, "loss": -6.227, "recon_loss": -6.312, "kld_loss": 0.85, "kld_weight": 0.1}
{"message": "", "levelname": "INFO", "name": "Trainer", "asctime": "2026-04-29 11:48:08,804", "type": "train", "epoch": 0, "batch": 2119, "n_batches": 7774, "time": 0.779, "data_time": 0.0, "lr": 0.0001, "loss": -6.139, "recon_loss": -6.256, "kld_loss": 1.169, "kld_weight": 0.1}
{"message": "", "levelname": "INFO", "name": "Trainer", "asctime": "2026-04-29 11:48:17,681", "type": "train", "epoch": 0, "batch": 2159, "n_batches": 7774, "time": 0.873, "data_time": 0.0, "lr": 0.0001, "loss": -5.816, "recon_loss": -5.963, "kld_loss": 1.467, "kld_weight": 0.1}
{"message": "", "levelname": "INFO", "name": "Trainer", "asctime": "2026-04-29 11:48:24,564", "type": "train", "epoch": 0, "batch": 2199, "n_batches": 7774, "time": 0.629, "data_time": 0.0, "lr": 0.0001, "loss": -1.987, "recon_loss": -2.227, "kld_loss": 2.404, "kld_weight": 0.1}
{"message": "", "levelname": "INFO", "name": "Trainer", "asctime": "2026-04-29 11:48:33,198", "type": "train", "epoch": 0, "batch": 2239, "n_batches": 7774, "time": 0.971, "data_time": 0.0, "lr": 0.0001, "loss": -3.958, "recon_loss": -4.57, "kld_loss": 6.115, "kld_weight": 0.1}
{"message": "", "levelname": "INFO", "name": "Trainer", "asctime": "2026-04-29 11:48:42,590", "type": "train", "epoch": 0, "batch": 2279, "n_batches": 7774, "time": 1.451, "data_time": 0.0, "lr": 0.0001, "loss": -4.263, "recon_loss": -4.327, "kld_loss": 0.64, "kld_weight": 0.1}
{"message": "", "levelname": "INFO", "name": "Trainer", "asctime": "2026-04-29 11:48:49,511", "type": "train", "epoch": 0, "batch": 2319, "n_batches": 7774, "time": 0.63, "data_time": 0.0, "lr": 0.0001, "loss": -5.166, "recon_loss": -5.572, "kld_loss": 4.061, "kld_weight": 0.1}
{"message": "", "levelname": "INFO", "name": "Trainer", "asctime": "2026-04-29 11:48:58,166", "type": "train", "epoch": 0, "batch": 2359, "n_batches": 7774, "time": 1.369, "data_time": 0.0, "lr": 0.0001, "loss": -5.8, "recon_loss": -5.986, "kld_loss": 1.856, "kld_weight": 0.1}
{"message": "", "levelname": "INFO", "name": "Trainer", "asctime": "2026-04-29 11:49:06,781", "type": "train", "epoch": 0, "batch": 2399, "n_batches": 7774, "time": 0.662, "data_time": 0.0, "lr": 0.0001, "loss": -7.675, "recon_loss": -7.742, "kld_loss": 0.673, "kld_weight": 0.1}
{"message": "", "levelname": "INFO", "name": "Trainer", "asctime": "2026-04-29 11:49:14,898", "type": "train", "epoch": 0, "batch": 2439, "n_batches": 7774, "time": 0.833, "data_time": 0.0, "lr": 0.0001, "loss": -2.889, "recon_loss": -3.195, "kld_loss": 3.066, "kld_weight": 0.1}
{"message": "", "levelname": "INFO", "name": "Trainer", "asctime": "2026-04-29 11:49:21,911", "type": "train", "epoch": 0, "batch": 2479, "n_batches": 7774, "time": 0.914, "data_time": 0.0, "lr": 0.0001, "loss": -6.249, "recon_loss": -6.389, "kld_loss": 1.407, "kld_weight": 0.1}
{"message": "", "levelname": "INFO", "name": "Trainer", "asctime": "2026-04-29 11:49:30,255", "type": "train", "epoch": 0, "batch": 2519, "n_batches": 7774, "time": 0.688, "data_time": 0.0, "lr": 0.0001, "loss": -6.85, "recon_loss": -7.13, "kld_loss": 2.798, "kld_weight": 0.1}
{"message": "", "levelname": "INFO", "name": "Trainer", "asctime": "2026-04-29 11:49:38,611", "type": "train", "epoch": 0, "batch": 2559, "n_batches": 7774, "time": 1.061, "data_time": 0.0, "lr": 0.0001, "loss": -6.546, "recon_loss": -6.786, "kld_loss": 2.399, "kld_weight": 0.1}
{"message": "", "levelname": "INFO", "name": "Trainer", "asctime": "2026-04-29 11:49:48,007", "type": "train", "epoch": 0, "batch": 2599, "n_batches": 7774, "time": 0.915, "data_time": 0.0, "lr": 0.0001, "loss": -3.217, "recon_loss": -4.061, "kld_loss": 8.437, "kld_weight": 0.1}
{"message": "", "levelname": "INFO", "name": "Trainer", "asctime": "2026-04-29 11:49:57,473", "type": "train", "epoch": 0, "batch": 2639, "n_batches": 7774, "time": 0.897, "data_time": 0.0, "lr": 0.0001, "loss": -0.987, "recon_loss": -1.687, "kld_loss": 7.006, "kld_weight": 0.1}
{"message": "", "levelname": "INFO", "name": "Trainer", "asctime": "2026-04-29 11:50:06,861", "type": "train", "epoch": 0, "batch": 2679, "n_batches": 7774, "time": 0.95, "data_time": 0.0, "lr": 0.0001, "loss": -6.379, "recon_loss": -6.63, "kld_loss": 2.506, "kld_weight": 0.1}
{"message": "", "levelname": "INFO", "name": "Trainer", "asctime": "2026-04-29 11:50:16,889", "type": "train", "epoch": 0, "batch": 2719, "n_batches": 7774, "time": 0.953, "data_time": 0.0, "lr": 0.0001, "loss": -7.678, "recon_loss": -7.774, "kld_loss": 0.962, "kld_weight": 0.1}
{"message": "", "levelname": "INFO", "name": "Trainer", "asctime": "2026-04-29 11:50:25,853", "type": "train", "epoch": 0, "batch": 2759, "n_batches": 7774, "time": 0.649, "data_time": 0.0, "lr": 0.0001, "loss": -5.241, "recon_loss": -5.436, "kld_loss": 1.956, "kld_weight": 0.1}
{"message": "", "levelname": "INFO", "name": "Trainer", "asctime": "2026-04-29 11:50:34,066", "type": "train", "epoch": 0, "batch": 2799, "n_batches": 7774, "time": 0.987, "data_time": 0.0, "lr": 0.0001, "loss": -6.839, "recon_loss": -6.957, "kld_loss": 1.188, "kld_weight": 0.1}
{"message": "", "levelname": "INFO", "name": "Trainer", "asctime": "2026-04-29 11:50:44,093", "type": "train", "epoch": 0, "batch": 2839, "n_batches": 7774, "time": 1.119, "data_time": 0.0, "lr": 0.0001, "loss": -4.721, "recon_loss": -5.182, "kld_loss": 4.609, "kld_weight": 0.1}
{"message": "", "levelname": "INFO", "name": "Trainer", "asctime": "2026-04-29 11:50:52,252", "type": "train", "epoch": 0, "batch": 2879, "n_batches": 7774, "time": 0.677, "data_time": 0.0, "lr": 0.0001, "loss": -7.121, "recon_loss": -7.307, "kld_loss": 1.864, "kld_weight": 0.1}
{"message": "", "levelname": "INFO", "name": "Trainer", "asctime": "2026-04-29 11:51:01,208", "type": "train", "epoch": 0, "batch": 2919, "n_batches": 7774, "time": 0.557, "data_time": 0.0, "lr": 0.0001, "loss": -6.391, "recon_loss": -6.668, "kld_loss": 2.767, "kld_weight": 0.1}
{"message": "", "levelname": "INFO", "name": "Trainer", "asctime": "2026-04-29 11:51:09,945", "type": "train", "epoch": 0, "batch": 2959, "n_batches": 7774, "time": 0.859, "data_time": 0.0, "lr": 0.0001, "loss": -8.098, "recon_loss": -8.286, "kld_loss": 1.88, "kld_weight": 0.1}
{"message": "", "levelname": "INFO", "name": "Trainer", "asctime": "2026-04-29 11:51:18,038", "type": "train", "epoch": 0, "batch": 2999, "n_batches": 7774, "time": 0.607, "data_time": 0.0, "lr": 0.0001, "loss": -6.864, "recon_loss": -6.999, "kld_loss": 1.355, "kld_weight": 0.1}
{"message": "", "levelname": "INFO", "name": "Trainer", "asctime": "2026-04-29 11:51:26,577", "type": "train", "epoch": 0, "batch": 3039, "n_batches": 7774, "time": 0.687, "data_time": 0.0, "lr": 0.0001, "loss": -1.522, "recon_loss": -1.768, "kld_loss": 2.459, "kld_weight": 0.1}
{"message": "", "levelname": "INFO", "name": "Trainer", "asctime": "2026-04-29 11:51:34,849", "type": "train", "epoch": 0, "batch": 3079, "n_batches": 7774, "time": 0.872, "data_time": 0.0, "lr": 0.0001, "loss": -4.861, "recon_loss": -5.631, "kld_loss": 7.695, "kld_weight": 0.1}
{"message": "", "levelname": "INFO", "name": "Trainer", "asctime": "2026-04-29 11:51:42,647", "type": "train", "epoch": 0, "batch": 3119, "n_batches": 7774, "time": 1.316, "data_time": 0.0, "lr": 0.0001, "loss": -3.593, "recon_loss": -4.196, "kld_loss": 6.03, "kld_weight": 0.1}
{"message": "", "levelname": "INFO", "name": "Trainer", "asctime": "2026-04-29 11:51:51,053", "type": "train", "epoch": 0, "batch": 3159, "n_batches": 7774, "time": 0.662, "data_time": 0.0, "lr": 0.0001, "loss": -7.672, "recon_loss": -7.85, "kld_loss": 1.782, "kld_weight": 0.1}
{"message": "", "levelname": "INFO", "name": "Trainer", "asctime": "2026-04-29 11:51:58,711", "type": "train", "epoch": 0, "batch": 3199, "n_batches": 7774, "time": 0.838, "data_time": 0.0, "lr": 0.0001, "loss": -7.294, "recon_loss": -7.462, "kld_loss": 1.68, "kld_weight": 0.1}
{"message": "", "levelname": "INFO", "name": "Trainer", "asctime": "2026-04-29 11:52:08,203", "type": "train", "epoch": 0, "batch": 3239, "n_batches": 7774, "time": 0.659, "data_time": 0.0, "lr": 0.0001, "loss": -5.265, "recon_loss": -5.466, "kld_loss": 2.015, "kld_weight": 0.1}
{"message": "", "levelname": "INFO", "name": "Trainer", "asctime": "2026-04-29 11:52:15,805", "type": "train", "epoch": 0, "batch": 3279, "n_batches": 7774, "time": 0.703, "data_time": 0.0, "lr": 0.0001, "loss": -6.448, "recon_loss": -7.089, "kld_loss": 6.409, "kld_weight": 0.1}
{"message": "", "levelname": "INFO", "name": "Trainer", "asctime": "2026-04-29 11:52:24,727", "type": "train", "epoch": 0, "batch": 3319, "n_batches": 7774, "time": 1.423, "data_time": 0.0, "lr": 0.0001, "loss": -3.343, "recon_loss": -4.489, "kld_loss": 11.461, "kld_weight": 0.1}
{"message": "", "levelname": "INFO", "name": "Trainer", "asctime": "2026-04-29 11:52:33,482", "type": "train", "epoch": 0, "batch": 3359, "n_batches": 7774, "time": 0.891, "data_time": 0.0, "lr": 0.0001, "loss": -6.435, "recon_loss": -6.71, "kld_loss": 2.75, "kld_weight": 0.1}
{"message": "", "levelname": "INFO", "name": "Trainer", "asctime": "2026-04-29 11:52:40,654", "type": "train", "epoch": 0, "batch": 3399, "n_batches": 7774, "time": 0.673, "data_time": 0.0, "lr": 0.0001, "loss": -6.595, "recon_loss": -6.792, "kld_loss": 1.969, "kld_weight": 0.1}
{"message": "", "levelname": "INFO", "name": "Trainer", "asctime": "2026-04-29 11:52:49,712", "type": "train", "epoch": 0, "batch": 3439, "n_batches": 7774, "time": 0.804, "data_time": 0.0, "lr": 0.0001, "loss": -2.443, "recon_loss": -2.782, "kld_loss": 3.395, "kld_weight": 0.1}
{"message": "", "levelname": "INFO", "name": "Trainer", "asctime": "2026-04-29 11:52:56,615", "type": "train", "epoch": 0, "batch": 3479, "n_batches": 7774, "time": 0.618, "data_time": 0.0, "lr": 0.0001, "loss": -3.693, "recon_loss": -4.005, "kld_loss": 3.113, "kld_weight": 0.1}
{"message": "", "levelname": "INFO", "name": "Trainer", "asctime": "2026-04-29 11:53:03,590", "type": "train", "epoch": 0, "batch": 3519, "n_batches": 7774, "time": 0.7, "data_time": 0.0, "lr": 0.0001, "loss": -7.824, "recon_loss": -8.235, "kld_loss": 4.114, "kld_weight": 0.1}
{"message": "", "levelname": "INFO", "name": "Trainer", "asctime": "2026-04-29 11:53:11,350", "type": "train", "epoch": 0, "batch": 3559, "n_batches": 7774, "time": 0.732, "data_time": 0.0, "lr": 0.0001, "loss": -5.761, "recon_loss": -6.03, "kld_loss": 2.683, "kld_weight": 0.1}
{"message": "", "levelname": "INFO", "name": "Trainer", "asctime": "2026-04-29 11:53:19,296", "type": "train", "epoch": 0, "batch": 3599, "n_batches": 7774, "time": 0.609, "data_time": 0.0, "lr": 0.0001, "loss": -6.243, "recon_loss": -6.591, "kld_loss": 3.48, "kld_weight": 0.1}
{"message": "", "levelname": "INFO", "name": "Trainer", "asctime": "2026-04-29 11:53:28,261", "type": "train", "epoch": 0, "batch": 3639, "n_batches": 7774, "time": 1.086, "data_time": 0.0, "lr": 0.0001, "loss": -6.317, "recon_loss": -6.64, "kld_loss": 3.225, "kld_weight": 0.1}
{"message": "", "levelname": "INFO", "name": "Trainer", "asctime": "2026-04-29 11:53:38,557", "type": "train", "epoch": 0, "batch": 3679, "n_batches": 7774, "time": 0.758, "data_time": 0.0, "lr": 0.0001, "loss": -5.443, "recon_loss": -5.907, "kld_loss": 4.634, "kld_weight": 0.1}
{"message": "", "levelname": "INFO", "name": "Trainer", "asctime": "2026-04-29 11:53:46,016", "type": "train", "epoch": 0, "batch": 3719, "n_batches": 7774, "time": 0.536, "data_time": 0.0, "lr": 0.0001, "loss": 0.451, "recon_loss": -0.041, "kld_loss": 4.913, "kld_weight": 0.1}
{"message": "", "levelname": "INFO", "name": "Trainer", "asctime": "2026-04-29 11:53:54,643", "type": "train", "epoch": 0, "batch": 3759, "n_batches": 7774, "time": 0.615, "data_time": 0.0, "lr": 0.0001, "loss": -7.337, "recon_loss": -7.724, "kld_loss": 3.874, "kld_weight": 0.1}
{"message": "", "levelname": "INFO", "name": "Trainer", "asctime": "2026-04-29 11:54:03,476", "type": "train", "epoch": 0, "batch": 3799, "n_batches": 7774, "time": 1.332, "data_time": 0.0, "lr": 0.0001, "loss": -5.263, "recon_loss": -5.55, "kld_loss": 2.87, "kld_weight": 0.1}
{"message": "", "levelname": "INFO", "name": "Trainer", "asctime": "2026-04-29 11:54:10,489", "type": "train", "epoch": 0, "batch": 3839, "n_batches": 7774, "time": 0.78, "data_time": 0.0, "lr": 0.0001, "loss": -7.031, "recon_loss": -7.302, "kld_loss": 2.714, "kld_weight": 0.1}
{"message": "", "levelname": "INFO", "name": "Trainer", "asctime": "2026-04-29 11:54:17,839", "type": "train", "epoch": 0, "batch": 3879, "n_batches": 7774, "time": 0.625, "data_time": 0.0, "lr": 0.0001, "loss": -6.357, "recon_loss": -6.77, "kld_loss": 4.128, "kld_weight": 0.1}
{"message": "", "levelname": "INFO", "name": "Trainer", "asctime": "2026-04-29 11:54:26,249", "type": "train", "epoch": 0, "batch": 3919, "n_batches": 7774, "time": 1.107, "data_time": 0.0, "lr": 0.0001, "loss": -8.975, "recon_loss": -9.279, "kld_loss": 3.041, "kld_weight": 0.1}
{"message": "", "levelname": "INFO", "name": "Trainer", "asctime": "2026-04-29 11:54:33,820", "type": "train", "epoch": 0, "batch": 3959, "n_batches": 7774, "time": 0.681, "data_time": 0.0, "lr": 0.0001, "loss": -7.446, "recon_loss": -7.68, "kld_loss": 2.347, "kld_weight": 0.1}
{"message": "", "levelname": "INFO", "name": "Trainer", "asctime": "2026-04-29 11:54:41,856", "type": "train", "epoch": 0, "batch": 3999, "n_batches": 7774, "time": 0.888, "data_time": 0.0, "lr": 0.0001, "loss": -6.849, "recon_loss": -7.118, "kld_loss": 2.688, "kld_weight": 0.1}
{"message": "", "levelname": "INFO", "name": "Trainer", "asctime": "2026-04-29 11:54:50,803", "type": "train", "epoch": 0, "batch": 4039, "n_batches": 7774, "time": 0.759, "data_time": 0.0, "lr": 0.0001, "loss": -7.213, "recon_loss": -7.672, "kld_loss": 4.594, "kld_weight": 0.1}
{"message": "", "levelname": "INFO", "name": "Trainer", "asctime": "2026-04-29 11:54:57,992", "type": "train", "epoch": 0, "batch": 4079, "n_batches": 7774, "time": 0.682, "data_time": 0.0, "lr": 0.0001, "loss": -7.433, "recon_loss": -7.926, "kld_loss": 4.931, "kld_weight": 0.1}
{"message": "", "levelname": "INFO", "name": "Trainer", "asctime": "2026-04-29 11:55:06,029", "type": "train", "epoch": 0, "batch": 4119, "n_batches": 7774, "time": 0.549, "data_time": 0.0, "lr": 0.0001, "loss": -5.235, "recon_loss": -5.795, "kld_loss": 5.598, "kld_weight": 0.1}
{"message": "", "levelname": "INFO", "name": "Trainer", "asctime": "2026-04-29 11:55:13,492", "type": "train", "epoch": 0, "batch": 4159, "n_batches": 7774, "time": 0.76, "data_time": 0.0, "lr": 0.0001, "loss": -6.073, "recon_loss": -6.43, "kld_loss": 3.567, "kld_weight": 0.1}
{"message": "", "levelname": "INFO", "name": "Trainer", "asctime": "2026-04-29 11:55:21,304", "type": "train", "epoch": 0, "batch": 4199, "n_batches": 7774, "time": 0.82, "data_time": 0.0, "lr": 0.0001, "loss": -8.518, "recon_loss": -8.865, "kld_loss": 3.472, "kld_weight": 0.1}
{"message": "", "levelname": "INFO", "name": "Trainer", "asctime": "2026-04-29 11:55:28,075", "type": "train", "epoch": 0, "batch": 4239, "n_batches": 7774, "time": 0.734, "data_time": 0.0, "lr": 0.0001, "loss": -7.473, "recon_loss": -7.751, "kld_loss": 2.785, "kld_weight": 0.1}
{"message": "", "levelname": "INFO", "name": "Trainer", "asctime": "2026-04-29 11:55:37,544", "type": "train", "epoch": 0, "batch": 4279, "n_batches": 7774, "time": 0.608, "data_time": 0.0, "lr": 0.0001, "loss": -6.182, "recon_loss": -6.745, "kld_loss": 5.635, "kld_weight": 0.1}
{"message": "", "levelname": "INFO", "name": "Trainer", "asctime": "2026-04-29 11:55:44,723", "type": "train", "epoch": 0, "batch": 4319, "n_batches": 7774, "time": 0.885, "data_time": 0.0, "lr": 0.0001, "loss": -6.418, "recon_loss": -6.826, "kld_loss": 4.087, "kld_weight": 0.1}
{"message": "", "levelname": "INFO", "name": "Trainer", "asctime": "2026-04-29 11:55:51,934", "type": "train", "epoch": 0, "batch": 4359, "n_batches": 7774, "time": 0.834, "data_time": 0.0, "lr": 0.0001, "loss": -5.991, "recon_loss": -6.288, "kld_loss": 2.97, "kld_weight": 0.1}
{"message": "", "levelname": "INFO", "name": "Trainer", "asctime": "2026-04-29 11:55:59,741", "type": "train", "epoch": 0, "batch": 4399, "n_batches": 7774, "time": 0.775, "data_time": 0.0, "lr": 0.0001, "loss": -8.136, "recon_loss": -8.438, "kld_loss": 3.021, "kld_weight": 0.1}
{"message": "", "levelname": "INFO", "name": "Trainer", "asctime": "2026-04-29 11:56:07,967", "type": "train", "epoch": 0, "batch": 4439, "n_batches": 7774, "time": 0.915, "data_time": 0.0, "lr": 0.0001, "loss": -8.508, "recon_loss": -8.976, "kld_loss": 4.681, "kld_weight": 0.1}
{"message": "", "levelname": "INFO", "name": "Trainer", "asctime": "2026-04-29 11:56:16,210", "type": "train", "epoch": 0, "batch": 4479, "n_batches": 7774, "time": 0.667, "data_time": 0.0, "lr": 0.0001, "loss": -6.214, "recon_loss": -6.582, "kld_loss": 3.688, "kld_weight": 0.1}
{"message": "", "levelname": "INFO", "name": "Trainer", "asctime": "2026-04-29 11:56:23,285", "type": "train", "epoch": 0, "batch": 4519, "n_batches": 7774, "time": 0.788, "data_time": 0.0, "lr": 0.0001, "loss": -5.035, "recon_loss": -5.314, "kld_loss": 2.798, "kld_weight": 0.1}
{"message": "", "levelname": "INFO", "name": "Trainer", "asctime": "2026-04-29 11:56:30,771", "type": "train", "epoch": 0, "batch": 4559, "n_batches": 7774, "time": 0.727, "data_time": 0.0, "lr": 0.0001, "loss": -3.221, "recon_loss": -3.655, "kld_loss": 4.341, "kld_weight": 0.1}
{"message": "", "levelname": "INFO", "name": "Trainer", "asctime": "2026-04-29 11:56:38,771", "type": "train", "epoch": 0, "batch": 4599, "n_batches": 7774, "time": 0.848, "data_time": 0.0, "lr": 0.0001, "loss": -8.589, "recon_loss": -9.018, "kld_loss": 4.294, "kld_weight": 0.1}
{"message": "", "levelname": "INFO", "name": "Trainer", "asctime": "2026-04-29 11:56:46,725", "type": "train", "epoch": 0, "batch": 4639, "n_batches": 7774, "time": 0.652, "data_time": 0.0, "lr": 0.0001, "loss": -7.943, "recon_loss": -8.329, "kld_loss": 3.861, "kld_weight": 0.1}
{"message": "", "levelname": "INFO", "name": "Trainer", "asctime": "2026-04-29 11:56:56,745", "type": "train", "epoch": 0, "batch": 4679, "n_batches": 7774, "time": 0.835, "data_time": 0.0, "lr": 0.0001, "loss": -7.784, "recon_loss": -8.227, "kld_loss": 4.424, "kld_weight": 0.1}
{"message": "", "levelname": "INFO", "name": "Trainer", "asctime": "2026-04-29 11:57:05,967", "type": "train", "epoch": 0, "batch": 4719, "n_batches": 7774, "time": 0.761, "data_time": 0.0, "lr": 0.0001, "loss": -8.703, "recon_loss": -9.021, "kld_loss": 3.18, "kld_weight": 0.1}
{"message": "", "levelname": "INFO", "name": "Trainer", "asctime": "2026-04-29 11:57:15,315", "type": "train", "epoch": 0, "batch": 4759, "n_batches": 7774, "time": 0.906, "data_time": 0.0, "lr": 0.0001, "loss": -9.781, "recon_loss": -10.231, "kld_loss": 4.495, "kld_weight": 0.1}
{"message": "", "levelname": "INFO", "name": "Trainer", "asctime": "2026-04-29 11:57:23,688", "type": "train", "epoch": 0, "batch": 4799, "n_batches": 7774, "time": 1.475, "data_time": 0.0, "lr": 0.0001, "loss": -3.7, "recon_loss": -4.492, "kld_loss": 7.918, "kld_weight": 0.1}
{"message": "", "levelname": "INFO", "name": "Trainer", "asctime": "2026-04-29 11:57:31,548", "type": "train", "epoch": 0, "batch": 4839, "n_batches": 7774, "time": 0.743, "data_time": 0.0, "lr": 0.0001, "loss": -2.798, "recon_loss": -3.659, "kld_loss": 8.61, "kld_weight": 0.1}
{"message": "", "levelname": "INFO", "name": "Trainer", "asctime": "2026-04-29 11:57:41,374", "type": "train", "epoch": 0, "batch": 4879, "n_batches": 7774, "time": 0.71, "data_time": 0.0, "lr": 0.0001, "loss": -9.328, "recon_loss": -9.766, "kld_loss": 4.379, "kld_weight": 0.1}
{"message": "", "levelname": "INFO", "name": "Trainer", "asctime": "2026-04-29 11:57:48,283", "type": "train", "epoch": 0, "batch": 4919, "n_batches": 7774, "time": 0.409, "data_time": 0.0, "lr": 0.0001, "loss": -1.536, "recon_loss": -2.062, "kld_loss": 5.264, "kld_weight": 0.1}
{"message": "", "levelname": "INFO", "name": "Trainer", "asctime": "2026-04-29 11:57:56,772", "type": "train", "epoch": 0, "batch": 4959, "n_batches": 7774, "time": 0.719, "data_time": 0.0, "lr": 0.0001, "loss": -6.834, "recon_loss": -7.31, "kld_loss": 4.761, "kld_weight": 0.1}
{"message": "", "levelname": "INFO", "name": "Trainer", "asctime": "2026-04-29 11:58:06,080", "type": "train", "epoch": 0, "batch": 4999, "n_batches": 7774, "time": 0.78, "data_time": 0.0, "lr": 0.0001, "loss": -8.44, "recon_loss": -8.858, "kld_loss": 4.173, "kld_weight": 0.1}
{"message": "", "levelname": "INFO", "name": "Trainer", "asctime": "2026-04-29 11:58:15,013", "type": "train", "epoch": 0, "batch": 5039, "n_batches": 7774, "time": 0.848, "data_time": 0.0, "lr": 0.0001, "loss": -4.355, "recon_loss": -4.767, "kld_loss": 4.116, "kld_weight": 0.1}
{"message": "", "levelname": "INFO", "name": "Trainer", "asctime": "2026-04-29 11:58:25,339", "type": "train", "epoch": 0, "batch": 5079, "n_batches": 7774, "time": 1.599, "data_time": 0.0, "lr": 0.0001, "loss": -1.118, "recon_loss": -1.565, "kld_loss": 4.475, "kld_weight": 0.1}
{"message": "", "levelname": "INFO", "name": "Trainer", "asctime": "2026-04-29 11:58:35,225", "type": "train", "epoch": 0, "batch": 5119, "n_batches": 7774, "time": 0.763, "data_time": 0.0, "lr": 0.0001, "loss": -8.116, "recon_loss": -8.409, "kld_loss": 2.927, "kld_weight": 0.1}
{"message": "", "levelname": "INFO", "name": "Trainer", "asctime": "2026-04-29 11:58:44,734", "type": "train", "epoch": 0, "batch": 5159, "n_batches": 7774, "time": 0.695, "data_time": 0.0, "lr": 0.0001, "loss": -4.867, "recon_loss": -5.405, "kld_loss": 5.382, "kld_weight": 0.1}
{"message": "", "levelname": "INFO", "name": "Trainer", "asctime": "2026-04-29 11:58:52,893", "type": "train", "epoch": 0, "batch": 5199, "n_batches": 7774, "time": 0.685, "data_time": 0.001, "lr": 0.0001, "loss": -7.55, "recon_loss": -8.022, "kld_loss": 4.724, "kld_weight": 0.1}
{"message": "", "levelname": "INFO", "name": "Trainer", "asctime": "2026-04-29 11:59:03,193", "type": "train", "epoch": 0, "batch": 5239, "n_batches": 7774, "time": 1.492, "data_time": 0.0, "lr": 0.0001, "loss": -9.029, "recon_loss": -9.317, "kld_loss": 2.879, "kld_weight": 0.1}
{"message": "", "levelname": "INFO", "name": "Trainer", "asctime": "2026-04-29 11:59:11,230", "type": "train", "epoch": 0, "batch": 5279, "n_batches": 7774, "time": 0.865, "data_time": 0.0, "lr": 0.0001, "loss": -9.635, "recon_loss": -9.986, "kld_loss": 3.505, "kld_weight": 0.1}
{"message": "", "levelname": "INFO", "name": "Trainer", "asctime": "2026-04-29 11:59:21,085", "type": "train", "epoch": 0, "batch": 5319, "n_batches": 7774, "time": 0.594, "data_time": 0.0, "lr": 0.0001, "loss": -7.885, "recon_loss": -8.255, "kld_loss": 3.7, "kld_weight": 0.1}
{"message": "", "levelname": "INFO", "name": "Trainer", "asctime": "2026-04-29 11:59:29,313", "type": "train", "epoch": 0, "batch": 5359, "n_batches": 7774, "time": 0.726, "data_time": 0.0, "lr": 0.0001, "loss": -6.806, "recon_loss": -7.144, "kld_loss": 3.378, "kld_weight": 0.1}
{"message": "", "levelname": "INFO", "name": "Trainer", "asctime": "2026-04-29 11:59:39,393", "type": "train", "epoch": 0, "batch": 5399, "n_batches": 7774, "time": 0.829, "data_time": 0.0, "lr": 0.0001, "loss": -6.4, "recon_loss": -6.739, "kld_loss": 3.383, "kld_weight": 0.1}
{"message": "", "levelname": "INFO", "name": "Trainer", "asctime": "2026-04-29 11:59:48,190", "type": "train", "epoch": 0, "batch": 5439, "n_batches": 7774, "time": 0.797, "data_time": 0.0, "lr": 0.0001, "loss": -6.064, "recon_loss": -6.532, "kld_loss": 4.682, "kld_weight": 0.1}
{"message": "", "levelname": "INFO", "name": "Trainer", "asctime": "2026-04-29 11:59:56,356", "type": "train", "epoch": 0, "batch": 5479, "n_batches": 7774, "time": 0.834, "data_time": 0.0, "lr": 0.0001, "loss": -8.282, "recon_loss": -8.725, "kld_loss": 4.436, "kld_weight": 0.1}
{"message": "", "levelname": "INFO", "name": "Trainer", "asctime": "2026-04-29 12:00:06,622", "type": "train", "epoch": 0, "batch": 5519, "n_batches": 7774, "time": 0.67, "data_time": 0.0, "lr": 0.0001, "loss": -9.386, "recon_loss": -9.747, "kld_loss": 3.611, "kld_weight": 0.1}
{"message": "", "levelname": "INFO", "name": "Trainer", "asctime": "2026-04-29 12:00:15,327", "type": "train", "epoch": 0, "batch": 5559, "n_batches": 7774, "time": 0.81, "data_time": 0.0, "lr": 0.0001, "loss": -7.933, "recon_loss": -8.296, "kld_loss": 3.626, "kld_weight": 0.1}
{"message": "", "levelname": "INFO", "name": "Trainer", "asctime": "2026-04-29 12:00:25,577", "type": "train", "epoch": 0, "batch": 5599, "n_batches": 7774, "time": 0.851, "data_time": 0.0, "lr": 0.0001, "loss": -7.96, "recon_loss": -8.266, "kld_loss": 3.054, "kld_weight": 0.1}
{"message": "", "levelname": "INFO", "name": "Trainer", "asctime": "2026-04-29 12:00:32,770", "type": "train", "epoch": 0, "batch": 5639, "n_batches": 7774, "time": 0.681, "data_time": 0.0, "lr": 0.0001, "loss": -7.413, "recon_loss": -7.755, "kld_loss": 3.425, "kld_weight": 0.1}
{"message": "", "levelname": "INFO", "name": "Trainer", "asctime": "2026-04-29 12:00:41,473", "type": "train", "epoch": 0, "batch": 5679, "n_batches": 7774, "time": 1.241, "data_time": 0.0, "lr": 0.0001, "loss": -7.708, "recon_loss": -8.276, "kld_loss": 5.682, "kld_weight": 0.1}
{"message": "", "levelname": "INFO", "name": "Trainer", "asctime": "2026-04-29 12:00:50,620", "type": "train", "epoch": 0, "batch": 5719, "n_batches": 7774, "time": 1.466, "data_time": 0.0, "lr": 0.0001, "loss": -6.099, "recon_loss": -6.579, "kld_loss": 4.801, "kld_weight": 0.1}
{"message": "", "levelname": "INFO", "name": "Trainer", "asctime": "2026-04-29 12:00:59,105", "type": "train", "epoch": 0, "batch": 5759, "n_batches": 7774, "time": 0.854, "data_time": 0.0, "lr": 0.0001, "loss": -6.656, "recon_loss": -7.283, "kld_loss": 6.277, "kld_weight": 0.1}
{"message": "", "levelname": "INFO", "name": "Trainer", "asctime": "2026-04-29 12:01:07,917", "type": "train", "epoch": 0, "batch": 5799, "n_batches": 7774, "time": 0.674, "data_time": 0.0, "lr": 0.0001, "loss": -3.974, "recon_loss": -4.64, "kld_loss": 6.657, "kld_weight": 0.1}
{"message": "", "levelname": "INFO", "name": "Trainer", "asctime": "2026-04-29 12:01:15,576", "type": "train", "epoch": 0, "batch": 5839, "n_batches": 7774, "time": 0.588, "data_time": 0.0, "lr": 0.0001, "loss": -9.063, "recon_loss": -9.664, "kld_loss": 6.008, "kld_weight": 0.1}
{"message": "", "levelname": "INFO", "name": "Trainer", "asctime": "2026-04-29 12:01:24,147", "type": "train", "epoch": 0, "batch": 5879, "n_batches": 7774, "time": 1.505, "data_time": 0.0, "lr": 0.0001, "loss": -2.682, "recon_loss": -3.286, "kld_loss": 6.036, "kld_weight": 0.1}
{"message": "", "levelname": "INFO", "name": "Trainer", "asctime": "2026-04-29 12:01:32,205", "type": "train", "epoch": 0, "batch": 5919, "n_batches": 7774, "time": 0.994, "data_time": 0.0, "lr": 0.0001, "loss": -10.085, "recon_loss": -10.447, "kld_loss": 3.618, "kld_weight": 0.1}
{"message": "", "levelname": "INFO", "name": "Trainer", "asctime": "2026-04-29 12:01:41,241", "type": "train", "epoch": 0, "batch": 5959, "n_batches": 7774, "time": 0.625, "data_time": 0.0, "lr": 0.0001, "loss": -9.891, "recon_loss": -10.228, "kld_loss": 3.367, "kld_weight": 0.1}
{"message": "", "levelname": "INFO", "name": "Trainer", "asctime": "2026-04-29 12:01:50,080", "type": "train", "epoch": 0, "batch": 5999, "n_batches": 7774, "time": 0.7, "data_time": 0.0, "lr": 0.0001, "loss": -7.722, "recon_loss": -8.163, "kld_loss": 4.411, "kld_weight": 0.1}
{"message": "", "levelname": "INFO", "name": "Trainer", "asctime": "2026-04-29 12:01:59,209", "type": "train", "epoch": 0, "batch": 6039, "n_batches": 7774, "time": 1.518, "data_time": 0.0, "lr": 0.0001, "loss": -2.218, "recon_loss": -3.296, "kld_loss": 10.771, "kld_weight": 0.1}
{"message": "", "levelname": "INFO", "name": "Trainer", "asctime": "2026-04-29 12:02:08,095", "type": "train", "epoch": 0, "batch": 6079, "n_batches": 7774, "time": 0.791, "data_time": 0.0, "lr": 0.0001, "loss": -6.595, "recon_loss": -7.023, "kld_loss": 4.275, "kld_weight": 0.1}
{"message": "", "levelname": "INFO", "name": "Trainer", "asctime": "2026-04-29 12:02:16,996", "type": "train", "epoch": 0, "batch": 6119, "n_batches": 7774, "time": 0.804, "data_time": 0.0, "lr": 0.0001, "loss": -7.404, "recon_loss": -7.913, "kld_loss": 5.087, "kld_weight": 0.1}
{"message": "", "levelname": "INFO", "name": "Trainer", "asctime": "2026-04-29 12:02:25,221", "type": "train", "epoch": 0, "batch": 6159, "n_batches": 7774, "time": 0.716, "data_time": 0.0, "lr": 0.0001, "loss": -7.775, "recon_loss": -8.259, "kld_loss": 4.838, "kld_weight": 0.1}
{"message": "", "levelname": "INFO", "name": "Trainer", "asctime": "2026-04-29 12:02:31,825", "type": "train", "epoch": 0, "batch": 6199, "n_batches": 7774, "time": 0.623, "data_time": 0.0, "lr": 0.0001, "loss": -1.104, "recon_loss": -1.539, "kld_loss": 4.356, "kld_weight": 0.1}
{"message": "", "levelname": "INFO", "name": "Trainer", "asctime": "2026-04-29 12:02:39,906", "type": "train", "epoch": 0, "batch": 6239, "n_batches": 7774, "time": 1.073, "data_time": 0.0, "lr": 0.0001, "loss": -7.042, "recon_loss": -7.575, "kld_loss": 5.327, "kld_weight": 0.1}
{"message": "", "levelname": "INFO", "name": "Trainer", "asctime": "2026-04-29 12:02:48,600", "type": "train", "epoch": 0, "batch": 6279, "n_batches": 7774, "time": 0.996, "data_time": 0.0, "lr": 0.0001, "loss": -7.729, "recon_loss": -8.406, "kld_loss": 6.777, "kld_weight": 0.1}
{"message": "", "levelname": "INFO", "name": "Trainer", "asctime": "2026-04-29 12:02:56,495", "type": "train", "epoch": 0, "batch": 6319, "n_batches": 7774, "time": 0.787, "data_time": 0.0, "lr": 0.0001, "loss": -6.165, "recon_loss": -7.266, "kld_loss": 11.016, "kld_weight": 0.1}
{"message": "", "levelname": "INFO", "name": "Trainer", "asctime": "2026-04-29 12:03:04,882", "type": "train", "epoch": 0, "batch": 6359, "n_batches": 7774, "time": 0.666, "data_time": 0.0, "lr": 0.0001, "loss": -7.756, "recon_loss": -8.158, "kld_loss": 4.014, "kld_weight": 0.1}
{"message": "", "levelname": "INFO", "name": "Trainer", "asctime": "2026-04-29 12:03:13,687", "type": "train", "epoch": 0, "batch": 6399, "n_batches": 7774, "time": 0.745, "data_time": 0.0, "lr": 0.0001, "loss": -10.228, "recon_loss": -10.681, "kld_loss": 4.532, "kld_weight": 0.1}
{"message": "", "levelname": "INFO", "name": "Trainer", "asctime": "2026-04-29 12:03:22,779", "type": "train", "epoch": 0, "batch": 6439, "n_batches": 7774, "time": 0.662, "data_time": 0.0, "lr": 0.0001, "loss": -8.426, "recon_loss": -9.019, "kld_loss": 5.928, "kld_weight": 0.1}
{"message": "", "levelname": "INFO", "name": "Trainer", "asctime": "2026-04-29 12:03:30,899", "type": "train", "epoch": 0, "batch": 6479, "n_batches": 7774, "time": 0.884, "data_time": 0.0, "lr": 0.0001, "loss": -9.278, "recon_loss": -9.749, "kld_loss": 4.716, "kld_weight": 0.1}
{"message": "", "levelname": "INFO", "name": "Trainer", "asctime": "2026-04-29 12:03:38,860", "type": "train", "epoch": 0, "batch": 6519, "n_batches": 7774, "time": 0.654, "data_time": 0.0, "lr": 0.0001, "loss": -9.063, "recon_loss": -9.625, "kld_loss": 5.619, "kld_weight": 0.1}
{"message": "", "levelname": "INFO", "name": "Trainer", "asctime": "2026-04-29 12:03:46,012", "type": "train", "epoch": 0, "batch": 6559, "n_batches": 7774, "time": 0.626, "data_time": 0.0, "lr": 0.0001, "loss": -8.296, "recon_loss": -9.111, "kld_loss": 8.154, "kld_weight": 0.1}
{"message": "", "levelname": "INFO", "name": "Trainer", "asctime": "2026-04-29 12:03:54,836", "type": "train", "epoch": 0, "batch": 6599, "n_batches": 7774, "time": 0.754, "data_time": 0.0, "lr": 0.0001, "loss": -9.714, "recon_loss": -10.193, "kld_loss": 4.792, "kld_weight": 0.1}
{"message": "", "levelname": "INFO", "name": "Trainer", "asctime": "2026-04-29 12:04:05,529", "type": "train", "epoch": 0, "batch": 6639, "n_batches": 7774, "time": 0.737, "data_time": 0.0, "lr": 0.0001, "loss": -9.689, "recon_loss": -10.102, "kld_loss": 4.129, "kld_weight": 0.1}
{"message": "", "levelname": "INFO", "name": "Trainer", "asctime": "2026-04-29 12:04:15,792", "type": "train", "epoch": 0, "batch": 6679, "n_batches": 7774, "time": 0.604, "data_time": 0.0, "lr": 0.0001, "loss": -9.307, "recon_loss": -9.711, "kld_loss": 4.039, "kld_weight": 0.1}
{"message": "", "levelname": "INFO", "name": "Trainer", "asctime": "2026-04-29 12:04:23,267", "type": "train", "epoch": 0, "batch": 6719, "n_batches": 7774, "time": 0.71, "data_time": 0.0, "lr": 0.0001, "loss": -9.59, "recon_loss": -10.263, "kld_loss": 6.727, "kld_weight": 0.1}
{"message": "", "levelname": "INFO", "name": "Trainer", "asctime": "2026-04-29 12:04:32,401", "type": "train", "epoch": 0, "batch": 6759, "n_batches": 7774, "time": 0.752, "data_time": 0.0, "lr": 0.0001, "loss": -8.497, "recon_loss": -9.091, "kld_loss": 5.945, "kld_weight": 0.1}
{"message": "", "levelname": "INFO", "name": "Trainer", "asctime": "2026-04-29 12:04:41,276", "type": "train", "epoch": 0, "batch": 6799, "n_batches": 7774, "time": 0.782, "data_time": 0.0, "lr": 0.0001, "loss": -8.347, "recon_loss": -8.933, "kld_loss": 5.864, "kld_weight": 0.1}
{"message": "", "levelname": "INFO", "name": "Trainer", "asctime": "2026-04-29 12:04:49,986", "type": "train", "epoch": 0, "batch": 6839, "n_batches": 7774, "time": 0.546, "data_time": 0.0, "lr": 0.0001, "loss": -9.648, "recon_loss": -10.032, "kld_loss": 3.839, "kld_weight": 0.1}
{"message": "", "levelname": "INFO", "name": "Trainer", "asctime": "2026-04-29 12:04:58,580", "type": "train", "epoch": 0, "batch": 6879, "n_batches": 7774, "time": 1.027, "data_time": 0.0, "lr": 0.0001, "loss": -7.522, "recon_loss": -8.199, "kld_loss": 6.767, "kld_weight": 0.1}
{"message": "", "levelname": "INFO", "name": "Trainer", "asctime": "2026-04-29 12:05:07,825", "type": "train", "epoch": 0, "batch": 6919, "n_batches": 7774, "time": 0.547, "data_time": 0.0, "lr": 0.0001, "loss": -4.487, "recon_loss": -5.209, "kld_loss": 7.221, "kld_weight": 0.1}
{"message": "", "levelname": "INFO", "name": "Trainer", "asctime": "2026-04-29 12:05:15,983", "type": "train", "epoch": 0, "batch": 6959, "n_batches": 7774, "time": 0.548, "data_time": 0.0, "lr": 0.0001, "loss": -6.518, "recon_loss": -7.037, "kld_loss": 5.183, "kld_weight": 0.1}
{"message": "", "levelname": "INFO", "name": "Trainer", "asctime": "2026-04-29 12:05:23,951", "type": "train", "epoch": 0, "batch": 6999, "n_batches": 7774, "time": 0.625, "data_time": 0.0, "lr": 0.0001, "loss": -6.383, "recon_loss": -7.081, "kld_loss": 6.977, "kld_weight": 0.1}
{"message": "", "levelname": "INFO", "name": "Trainer", "asctime": "2026-04-29 12:05:31,842", "type": "train", "epoch": 0, "batch": 7039, "n_batches": 7774, "time": 0.887, "data_time": 0.0, "lr": 0.0001, "loss": -8.505, "recon_loss": -9.258, "kld_loss": 7.535, "kld_weight": 0.1}
{"message": "", "levelname": "INFO", "name": "Trainer", "asctime": "2026-04-29 12:05:39,868", "type": "train", "epoch": 0, "batch": 7079, "n_batches": 7774, "time": 0.7, "data_time": 0.0, "lr": 0.0001, "loss": -6.538, "recon_loss": -7.404, "kld_loss": 8.664, "kld_weight": 0.1}
{"message": "", "levelname": "INFO", "name": "Trainer", "asctime": "2026-04-29 12:05:47,877", "type": "train", "epoch": 0, "batch": 7119, "n_batches": 7774, "time": 0.594, "data_time": 0.0, "lr": 0.0001, "loss": -6.763, "recon_loss": -7.504, "kld_loss": 7.407, "kld_weight": 0.1}
{"message": "", "levelname": "INFO", "name": "Trainer", "asctime": "2026-04-29 12:05:55,891", "type": "train", "epoch": 0, "batch": 7159, "n_batches": 7774, "time": 0.618, "data_time": 0.0, "lr": 0.0001, "loss": -10.124, "recon_loss": -10.631, "kld_loss": 5.062, "kld_weight": 0.1}
{"message": "", "levelname": "INFO", "name": "Trainer", "asctime": "2026-04-29 12:06:03,115", "type": "train", "epoch": 0, "batch": 7199, "n_batches": 7774, "time": 0.758, "data_time": 0.0, "lr": 0.0001, "loss": -4.589, "recon_loss": -5.209, "kld_loss": 6.202, "kld_weight": 0.1}
{"message": "", "levelname": "INFO", "name": "Trainer", "asctime": "2026-04-29 12:06:12,234", "type": "train", "epoch": 0, "batch": 7239, "n_batches": 7774, "time": 1.474, "data_time": 0.0, "lr": 0.0001, "loss": -7.936, "recon_loss": -8.352, "kld_loss": 4.163, "kld_weight": 0.1}
{"message": "", "levelname": "INFO", "name": "Trainer", "asctime": "2026-04-29 12:06:20,484", "type": "train", "epoch": 0, "batch": 7279, "n_batches": 7774, "time": 0.732, "data_time": 0.0, "lr": 0.0001, "loss": -10.446, "recon_loss": -10.973, "kld_loss": 5.266, "kld_weight": 0.1}
{"message": "", "levelname": "INFO", "name": "Trainer", "asctime": "2026-04-29 12:06:27,005", "type": "train", "epoch": 0, "batch": 7319, "n_batches": 7774, "time": 0.655, "data_time": 0.0, "lr": 0.0001, "loss": -4.565, "recon_loss": -5.074, "kld_loss": 5.088, "kld_weight": 0.1}
{"message": "", "levelname": "INFO", "name": "Trainer", "asctime": "2026-04-29 12:06:37,098", "type": "train", "epoch": 0, "batch": 7359, "n_batches": 7774, "time": 0.812, "data_time": 0.0, "lr": 0.0001, "loss": -10.003, "recon_loss": -10.482, "kld_loss": 4.789, "kld_weight": 0.1}
{"message": "", "levelname": "INFO", "name": "Trainer", "asctime": "2026-04-29 12:06:44,925", "type": "train", "epoch": 0, "batch": 7399, "n_batches": 7774, "time": 0.706, "data_time": 0.0, "lr": 0.0001, "loss": -8.978, "recon_loss": -9.866, "kld_loss": 8.875, "kld_weight": 0.1}
{"message": "", "levelname": "INFO", "name": "Trainer", "asctime": "2026-04-29 12:06:52,613", "type": "train", "epoch": 0, "batch": 7439, "n_batches": 7774, "time": 0.671, "data_time": 0.0, "lr": 0.0001, "loss": -6.626, "recon_loss": -7.299, "kld_loss": 6.734, "kld_weight": 0.1}
{"message": "", "levelname": "INFO", "name": "Trainer", "asctime": "2026-04-29 12:06:59,948", "type": "train", "epoch": 0, "batch": 7479, "n_batches": 7774, "time": 0.709, "data_time": 0.0, "lr": 0.0001, "loss": -10.608, "recon_loss": -11.029, "kld_loss": 4.208, "kld_weight": 0.1}
{"message": "", "levelname": "INFO", "name": "Trainer", "asctime": "2026-04-29 12:07:09,744", "type": "train", "epoch": 0, "batch": 7519, "n_batches": 7774, "time": 0.753, "data_time": 0.0, "lr": 0.0001, "loss": -8.387, "recon_loss": -9.076, "kld_loss": 6.886, "kld_weight": 0.1}
{"message": "", "levelname": "INFO", "name": "Trainer", "asctime": "2026-04-29 12:07:19,088", "type": "train", "epoch": 0, "batch": 7559, "n_batches": 7774, "time": 0.448, "data_time": 0.0, "lr": 0.0001, "loss": -9.443, "recon_loss": -9.929, "kld_loss": 4.856, "kld_weight": 0.1}
{"message": "", "levelname": "INFO", "name": "Trainer", "asctime": "2026-04-29 12:07:28,558", "type": "train", "epoch": 0, "batch": 7599, "n_batches": 7774, "time": 1.169, "data_time": 0.0, "lr": 0.0001, "loss": -9.55, "recon_loss": -10.059, "kld_loss": 5.087, "kld_weight": 0.1}
{"message": "", "levelname": "INFO", "name": "Trainer", "asctime": "2026-04-29 12:07:38,525", "type": "train", "epoch": 0, "batch": 7639, "n_batches": 7774, "time": 1.39, "data_time": 0.0, "lr": 0.0001, "loss": -10.641, "recon_loss": -11.068, "kld_loss": 4.274, "kld_weight": 0.1}
{"message": "", "levelname": "INFO", "name": "Trainer", "asctime": "2026-04-29 12:07:47,367", "type": "train", "epoch": 0, "batch": 7679, "n_batches": 7774, "time": 0.626, "data_time": 0.0, "lr": 0.0001, "loss": -6.621, "recon_loss": -7.721, "kld_loss": 11.004, "kld_weight": 0.1}
{"message": "", "levelname": "INFO", "name": "Trainer", "asctime": "2026-04-29 12:07:55,239", "type": "train", "epoch": 0, "batch": 7719, "n_batches": 7774, "time": 0.735, "data_time": 0.0, "lr": 0.0001, "loss": -4.628, "recon_loss": -5.58, "kld_loss": 9.522, "kld_weight": 0.1}
{"message": "", "levelname": "INFO", "name": "Trainer", "asctime": "2026-04-29 12:08:02,064", "type": "train", "epoch": 0, "batch": 7759, "n_batches": 7774, "time": 0.646, "data_time": 0.0, "lr": 0.0001, "loss": -9.244, "recon_loss": -9.826, "kld_loss": 5.816, "kld_weight": 0.1}
{"message": "", "levelname": "INFO", "name": "Trainer", "asctime": "2026-04-29 12:08:05,713", "type": "train-epoch", "epoch": 1, "loss": -1.50764, "recon_loss": -1.59816, "kld_loss": 0.90515, "kld_weight": 0.1, "time": 1627.0}
{"message": "", "levelname": "INFO", "name": "Trainer", "asctime": "2026-04-29 12:11:17,574", "type": "val-epoch", "epoch": 1, "loss": -2.088, "test_loss": -0.729, "recon_loss": -2.257, "kld_loss": 1.694, "kld_weight": 0.1, "note": "loss is teacher-forced CVAE objective; test_loss is prior-only reconstruction", "time": 191.9}
{"message": "", "levelname": "INFO", "name": "Trainer", "asctime": "2026-04-29 12:11:26,975", "type": "train", "epoch": 1, "batch": 39, "n_batches": 7774, "time": 0.733, "data_time": 0.0, "lr": 0.0001, "loss": -2.745, "recon_loss": -4.641, "kld_loss": 9.479, "kld_weight": 0.2}
{"message": "", "levelname": "INFO", "name": "Trainer", "asctime": "2026-04-29 12:11:35,291", "type": "train", "epoch": 1, "batch": 79, "n_batches": 7774, "time": 1.213, "data_time": 0.0, "lr": 0.0001, "loss": -5.256, "recon_loss": -6.689, "kld_loss": 7.163, "kld_weight": 0.2}
{"message": "", "levelname": "INFO", "name": "Trainer", "asctime": "2026-04-29 12:11:43,065", "type": "train", "epoch": 1, "batch": 119, "n_batches": 7774, "time": 0.715, "data_time": 0.0, "lr": 0.0001, "loss": -8.094, "recon_loss": -9.176, "kld_loss": 5.409, "kld_weight": 0.2}
{"message": "", "levelname": "INFO", "name": "Trainer", "asctime": "2026-04-29 12:11:52,444", "type": "train", "epoch": 1, "batch": 159, "n_batches": 7774, "time": 1.877, "data_time": 0.0, "lr": 0.0001, "loss": -8.478, "recon_loss": -9.242, "kld_loss": 3.823, "kld_weight": 0.2}
{"message": "", "levelname": "INFO", "name": "Trainer", "asctime": "2026-04-29 12:12:01,080", "type": "train", "epoch": 1, "batch": 199, "n_batches": 7774, "time": 0.901, "data_time": 0.0, "lr": 0.0001, "loss": -5.288, "recon_loss": -5.91, "kld_loss": 3.111, "kld_weight": 0.2}
{"message": "", "levelname": "INFO", "name": "Trainer", "asctime": "2026-04-29 12:12:08,484", "type": "train", "epoch": 1, "batch": 239, "n_batches": 7774, "time": 0.596, "data_time": 0.0, "lr": 0.0001, "loss": -8.618, "recon_loss": -9.373, "kld_loss": 3.777, "kld_weight": 0.2}
{"message": "", "levelname": "INFO", "name": "Trainer", "asctime": "2026-04-29 12:12:16,050", "type": "train", "epoch": 1, "batch": 279, "n_batches": 7774, "time": 0.736, "data_time": 0.0, "lr": 0.0001, "loss": -7.042, "recon_loss": -8.127, "kld_loss": 5.427, "kld_weight": 0.2}
{"message": "", "levelname": "INFO", "name": "Trainer", "asctime": "2026-04-29 12:12:23,396", "type": "train", "epoch": 1, "batch": 319, "n_batches": 7774, "time": 0.29, "data_time": 0.0, "lr": 0.0001, "loss": -8.94, "recon_loss": -9.736, "kld_loss": 3.977, "kld_weight": 0.2}
{"message": "", "levelname": "INFO", "name": "Trainer", "asctime": "2026-04-29 12:12:31,843", "type": "train", "epoch": 1, "batch": 359, "n_batches": 7774, "time": 0.764, "data_time": 0.0, "lr": 0.0001, "loss": -8.962, "recon_loss": -9.626, "kld_loss": 3.316, "kld_weight": 0.2}
{"message": "", "levelname": "INFO", "name": "Trainer", "asctime": "2026-04-29 12:12:39,645", "type": "train", "epoch": 1, "batch": 399, "n_batches": 7774, "time": 0.725, "data_time": 0.0, "lr": 0.0001, "loss": -4.503, "recon_loss": -5.934, "kld_loss": 7.157, "kld_weight": 0.2}
{"message": "", "levelname": "INFO", "name": "Trainer", "asctime": "2026-04-29 12:12:46,955", "type": "train", "epoch": 1, "batch": 439, "n_batches": 7774, "time": 0.901, "data_time": 0.0, "lr": 0.0001, "loss": -2.632, "recon_loss": -3.952, "kld_loss": 6.601, "kld_weight": 0.2}
{"message": "", "levelname": "INFO", "name": "Trainer", "asctime": "2026-04-29 12:12:55,088", "type": "train", "epoch": 1, "batch": 479, "n_batches": 7774, "time": 0.875, "data_time": 0.0, "lr": 0.0001, "loss": -7.385, "recon_loss": -8.239, "kld_loss": 4.269, "kld_weight": 0.2}
{"message": "", "levelname": "INFO", "name": "Trainer", "asctime": "2026-04-29 12:13:01,570", "type": "train", "epoch": 1, "batch": 519, "n_batches": 7774, "time": 0.739, "data_time": 0.0, "lr": 0.0001, "loss": -8.517, "recon_loss": -9.184, "kld_loss": 3.337, "kld_weight": 0.2}
{"message": "", "levelname": "INFO", "name": "Trainer", "asctime": "2026-04-29 12:13:09,657", "type": "train", "epoch": 1, "batch": 559, "n_batches": 7774, "time": 0.848, "data_time": 0.0, "lr": 0.0001, "loss": -8.156, "recon_loss": -8.907, "kld_loss": 3.756, "kld_weight": 0.2}
{"message": "", "levelname": "INFO", "name": "Trainer", "asctime": "2026-04-29 12:13:18,314", "type": "train", "epoch": 1, "batch": 599, "n_batches": 7774, "time": 0.638, "data_time": 0.0, "lr": 0.0001, "loss": -2.55, "recon_loss": -4.286, "kld_loss": 8.679, "kld_weight": 0.2}
{"message": "", "levelname": "INFO", "name": "Trainer", "asctime": "2026-04-29 12:13:25,503", "type": "train", "epoch": 1, "batch": 639, "n_batches": 7774, "time": 0.578, "data_time": 0.0, "lr": 0.0001, "loss": -9.492, "recon_loss": -10.215, "kld_loss": 3.616, "kld_weight": 0.2}
{"message": "", "levelname": "INFO", "name": "Trainer", "asctime": "2026-04-29 12:13:33,628", "type": "train", "epoch": 1, "batch": 679, "n_batches": 7774, "time": 1.274, "data_time": 0.0, "lr": 0.0001, "loss": 0.89, "recon_loss": -1.571, "kld_loss": 12.303, "kld_weight": 0.2}
{"message": "", "levelname": "INFO", "name": "Trainer", "asctime": "2026-04-29 12:13:41,599", "type": "train", "epoch": 1, "batch": 719, "n_batches": 7774, "time": 0.724, "data_time": 0.0, "lr": 0.0001, "loss": -7.809, "recon_loss": -8.904, "kld_loss": 5.477, "kld_weight": 0.2}
{"message": "", "levelname": "INFO", "name": "Trainer", "asctime": "2026-04-29 12:13:49,396", "type": "train", "epoch": 1, "batch": 759, "n_batches": 7774, "time": 0.808, "data_time": 0.0, "lr": 0.0001, "loss": -2.695, "recon_loss": -5.476, "kld_loss": 13.904, "kld_weight": 0.2}
{"message": "", "levelname": "INFO", "name": "Trainer", "asctime": "2026-04-29 12:13:59,610", "type": "train", "epoch": 1, "batch": 799, "n_batches": 7774, "time": 0.637, "data_time": 0.0, "lr": 0.0001, "loss": -9.125, "recon_loss": -9.858, "kld_loss": 3.664, "kld_weight": 0.2}
{"message": "", "levelname": "INFO", "name": "Trainer", "asctime": "2026-04-29 12:14:06,768", "type": "train", "epoch": 1, "batch": 839, "n_batches": 7774, "time": 0.867, "data_time": 0.0, "lr": 0.0001, "loss": -7.975, "recon_loss": -8.96, "kld_loss": 4.927, "kld_weight": 0.2}
{"message": "", "levelname": "INFO", "name": "Trainer", "asctime": "2026-04-29 12:14:15,688", "type": "train", "epoch": 1, "batch": 879, "n_batches": 7774, "time": 0.869, "data_time": 0.0, "lr": 0.0001, "loss": -7.356, "recon_loss": -8.142, "kld_loss": 3.934, "kld_weight": 0.2}
{"message": "", "levelname": "INFO", "name": "Trainer", "asctime": "2026-04-29 12:14:23,182", "type": "train", "epoch": 1, "batch": 919, "n_batches": 7774, "time": 1.427, "data_time": 0.0, "lr": 0.0001, "loss": -7.565, "recon_loss": -8.322, "kld_loss": 3.785, "kld_weight": 0.2}
{"message": "", "levelname": "INFO", "name": "Trainer", "asctime": "2026-04-29 12:14:32,797", "type": "train", "epoch": 1, "batch": 959, "n_batches": 7774, "time": 0.77, "data_time": 0.0, "lr": 0.0001, "loss": -6.782, "recon_loss": -7.475, "kld_loss": 3.464, "kld_weight": 0.2}
{"message": "", "levelname": "INFO", "name": "Trainer", "asctime": "2026-04-29 12:14:42,213", "type": "train", "epoch": 1, "batch": 999, "n_batches": 7774, "time": 0.88, "data_time": 0.0, "lr": 0.0001, "loss": -5.966, "recon_loss": -6.749, "kld_loss": 3.915, "kld_weight": 0.2}
{"message": "", "levelname": "INFO", "name": "Trainer", "asctime": "2026-04-29 12:14:52,490", "type": "train", "epoch": 1, "batch": 1039, "n_batches": 7774, "time": 1.43, "data_time": 0.0, "lr": 0.0001, "loss": -7.859, "recon_loss": -8.837, "kld_loss": 4.893, "kld_weight": 0.2}
{"message": "", "levelname": "INFO", "name": "Trainer", "asctime": "2026-04-29 12:15:01,812", "type": "train", "epoch": 1, "batch": 1079, "n_batches": 7774, "time": 0.992, "data_time": 0.0, "lr": 0.0001, "loss": -7.257, "recon_loss": -8.621, "kld_loss": 6.817, "kld_weight": 0.2}
{"message": "", "levelname": "INFO", "name": "Trainer", "asctime": "2026-04-29 12:15:13,016", "type": "train", "epoch": 1, "batch": 1119, "n_batches": 7774, "time": 0.927, "data_time": 0.0, "lr": 0.0001, "loss": -8.3, "recon_loss": -9.191, "kld_loss": 4.453, "kld_weight": 0.2}
{"message": "", "levelname": "INFO", "name": "Trainer", "asctime": "2026-04-29 12:15:22,106", "type": "train", "epoch": 1, "batch": 1159, "n_batches": 7774, "time": 0.831, "data_time": 0.0, "lr": 0.0001, "loss": -8.898, "recon_loss": -9.843, "kld_loss": 4.725, "kld_weight": 0.2}
{"message": "", "levelname": "INFO", "name": "Trainer", "asctime": "2026-04-29 12:15:29,837", "type": "train", "epoch": 1, "batch": 1199, "n_batches": 7774, "time": 0.816, "data_time": 0.001, "lr": 0.0001, "loss": -8.616, "recon_loss": -9.265, "kld_loss": 3.242, "kld_weight": 0.2}
{"message": "", "levelname": "INFO", "name": "Trainer", "asctime": "2026-04-29 12:15:38,754", "type": "train", "epoch": 1, "batch": 1239, "n_batches": 7774, "time": 0.714, "data_time": 0.0, "lr": 0.0001, "loss": -6.38, "recon_loss": -7.905, "kld_loss": 7.625, "kld_weight": 0.2}
{"message": "", "levelname": "INFO", "name": "Trainer", "asctime": "2026-04-29 12:15:46,816", "type": "train", "epoch": 1, "batch": 1279, "n_batches": 7774, "time": 0.742, "data_time": 0.0, "lr": 0.0001, "loss": -5.807, "recon_loss": -6.77, "kld_loss": 4.812, "kld_weight": 0.2}
{"message": "", "levelname": "INFO", "name": "Trainer", "asctime": "2026-04-29 12:15:54,198", "type": "train", "epoch": 1, "batch": 1319, "n_batches": 7774, "time": 0.735, "data_time": 0.0, "lr": 0.0001, "loss": -7.133, "recon_loss": -8.057, "kld_loss": 4.62, "kld_weight": 0.2}
{"message": "", "levelname": "INFO", "name": "Trainer", "asctime": "2026-04-29 12:16:04,317", "type": "train", "epoch": 1, "batch": 1359, "n_batches": 7774, "time": 0.556, "data_time": 0.0, "lr": 0.0001, "loss": -9.086, "recon_loss": -9.82, "kld_loss": 3.67, "kld_weight": 0.2}
{"message": "", "levelname": "INFO", "name": "Trainer", "asctime": "2026-04-29 12:16:13,641", "type": "train", "epoch": 1, "batch": 1399, "n_batches": 7774, "time": 1.828, "data_time": 0.0, "lr": 0.0001, "loss": -8.263, "recon_loss": -8.944, "kld_loss": 3.408, "kld_weight": 0.2}
{"message": "", "levelname": "INFO", "name": "Trainer", "asctime": "2026-04-29 12:16:23,367", "type": "train", "epoch": 1, "batch": 1439, "n_batches": 7774, "time": 1.251, "data_time": 0.0, "lr": 0.0001, "loss": -7.809, "recon_loss": -8.48, "kld_loss": 3.357, "kld_weight": 0.2}
{"message": "", "levelname": "INFO", "name": "Trainer", "asctime": "2026-04-29 12:16:32,751", "type": "train", "epoch": 1, "batch": 1479, "n_batches": 7774, "time": 1.512, "data_time": 0.0, "lr": 0.0001, "loss": -8.075, "recon_loss": -8.689, "kld_loss": 3.071, "kld_weight": 0.2}
{"message": "", "levelname": "INFO", "name": "Trainer", "asctime": "2026-04-29 12:16:41,490", "type": "train", "epoch": 1, "batch": 1519, "n_batches": 7774, "time": 1.656, "data_time": 0.0, "lr": 0.0001, "loss": -7.704, "recon_loss": -8.929, "kld_loss": 6.127, "kld_weight": 0.2}
{"message": "", "levelname": "INFO", "name": "Trainer", "asctime": "2026-04-29 12:16:49,516", "type": "train", "epoch": 1, "batch": 1559, "n_batches": 7774, "time": 0.476, "data_time": 0.0, "lr": 0.0001, "loss": -8.467, "recon_loss": -9.396, "kld_loss": 4.64, "kld_weight": 0.2}
{"message": "", "levelname": "INFO", "name": "Trainer", "asctime": "2026-04-29 12:16:59,177", "type": "train", "epoch": 1, "batch": 1599, "n_batches": 7774, "time": 1.06, "data_time": 0.0, "lr": 0.0001, "loss": -8.842, "recon_loss": -9.515, "kld_loss": 3.361, "kld_weight": 0.2}
{"message": "", "levelname": "INFO", "name": "Trainer", "asctime": "2026-04-29 12:17:06,858", "type": "train", "epoch": 1, "batch": 1639, "n_batches": 7774, "time": 0.926, "data_time": 0.0, "lr": 0.0001, "loss": -6.209, "recon_loss": -6.956, "kld_loss": 3.737, "kld_weight": 0.2}
{"message": "", "levelname": "INFO", "name": "Trainer", "asctime": "2026-04-29 12:17:14,966", "type": "train", "epoch": 1, "batch": 1679, "n_batches": 7774, "time": 0.718, "data_time": 0.0, "lr": 0.0001, "loss": -6.769, "recon_loss": -7.688, "kld_loss": 4.597, "kld_weight": 0.2}
{"message": "", "levelname": "INFO", "name": "Trainer", "asctime": "2026-04-29 12:17:23,619", "type": "train", "epoch": 1, "batch": 1719, "n_batches": 7774, "time": 1.037, "data_time": 0.0, "lr": 0.0001, "loss": -4.462, "recon_loss": -5.765, "kld_loss": 6.51, "kld_weight": 0.2}
{"message": "", "levelname": "INFO", "name": "Trainer", "asctime": "2026-04-29 12:17:32,059", "type": "train", "epoch": 1, "batch": 1759, "n_batches": 7774, "time": 0.759, "data_time": 0.0, "lr": 0.0001, "loss": -7.69, "recon_loss": -8.376, "kld_loss": 3.429, "kld_weight": 0.2}
{"message": "", "levelname": "INFO", "name": "Trainer", "asctime": "2026-04-29 12:17:38,872", "type": "train", "epoch": 1, "batch": 1799, "n_batches": 7774, "time": 0.628, "data_time": 0.0, "lr": 0.0001, "loss": -6.959, "recon_loss": -8.125, "kld_loss": 5.831, "kld_weight": 0.2}
{"message": "", "levelname": "INFO", "name": "Trainer", "asctime": "2026-04-29 12:17:46,820", "type": "train", "epoch": 1, "batch": 1839, "n_batches": 7774, "time": 0.818, "data_time": 0.0, "lr": 0.0001, "loss": -8.58, "recon_loss": -9.367, "kld_loss": 3.937, "kld_weight": 0.2}
{"message": "", "levelname": "INFO", "name": "Trainer", "asctime": "2026-04-29 12:17:55,530", "type": "train", "epoch": 1, "batch": 1879, "n_batches": 7774, "time": 0.887, "data_time": 0.0, "lr": 0.0001, "loss": -7.1, "recon_loss": -7.774, "kld_loss": 3.371, "kld_weight": 0.2}
{"message": "", "levelname": "INFO", "name": "Trainer", "asctime": "2026-04-29 12:18:04,246", "type": "train", "epoch": 1, "batch": 1919, "n_batches": 7774, "time": 0.772, "data_time": 0.0, "lr": 0.0001, "loss": -6.852, "recon_loss": -7.494, "kld_loss": 3.21, "kld_weight": 0.2}
{"message": "", "levelname": "INFO", "name": "Trainer", "asctime": "2026-04-29 12:18:12,873", "type": "train", "epoch": 1, "batch": 1959, "n_batches": 7774, "time": 0.769, "data_time": 0.0, "lr": 0.0001, "loss": 1.508, "recon_loss": -0.438, "kld_loss": 9.731, "kld_weight": 0.2}
{"message": "", "levelname": "INFO", "name": "Trainer", "asctime": "2026-04-29 12:18:21,497", "type": "train", "epoch": 1, "batch": 1999, "n_batches": 7774, "time": 0.857, "data_time": 0.0, "lr": 0.0001, "loss": -8.931, "recon_loss": -9.552, "kld_loss": 3.103, "kld_weight": 0.2}
{"message": "", "levelname": "INFO", "name": "Trainer", "asctime": "2026-04-29 12:18:29,256", "type": "train", "epoch": 1, "batch": 2039, "n_batches": 7774, "time": 0.474, "data_time": 0.0, "lr": 0.0001, "loss": -6.847, "recon_loss": -7.965, "kld_loss": 5.593, "kld_weight": 0.2}
{"message": "", "levelname": "INFO", "name": "Trainer", "asctime": "2026-04-29 12:18:37,190", "type": "train", "epoch": 1, "batch": 2079, "n_batches": 7774, "time": 1.282, "data_time": 0.0, "lr": 0.0001, "loss": -8.551, "recon_loss": -9.539, "kld_loss": 4.939, "kld_weight": 0.2}
{"message": "", "levelname": "INFO", "name": "Trainer", "asctime": "2026-04-29 12:18:44,666", "type": "train", "epoch": 1, "batch": 2119, "n_batches": 7774, "time": 0.713, "data_time": 0.0, "lr": 0.0001, "loss": -5.635, "recon_loss": -6.406, "kld_loss": 3.855, "kld_weight": 0.2}
{"message": "", "levelname": "INFO", "name": "Trainer", "asctime": "2026-04-29 12:18:52,152", "type": "train", "epoch": 1, "batch": 2159, "n_batches": 7774, "time": 0.622, "data_time": 0.0, "lr": 0.0001, "loss": -9.905, "recon_loss": -10.559, "kld_loss": 3.267, "kld_weight": 0.2}
{"message": "", "levelname": "INFO", "name": "Trainer", "asctime": "2026-04-29 12:18:59,762", "type": "train", "epoch": 1, "batch": 2199, "n_batches": 7774, "time": 0.78, "data_time": 0.0, "lr": 0.0001, "loss": -5.674, "recon_loss": -6.809, "kld_loss": 5.676, "kld_weight": 0.2}
{"message": "", "levelname": "INFO", "name": "Trainer", "asctime": "2026-04-29 12:19:08,634", "type": "train", "epoch": 1, "batch": 2239, "n_batches": 7774, "time": 0.93, "data_time": 0.0, "lr": 0.0001, "loss": -9.687, "recon_loss": -10.55, "kld_loss": 4.315, "kld_weight": 0.2}
{"message": "", "levelname": "INFO", "name": "Trainer", "asctime": "2026-04-29 12:19:16,192", "type": "train", "epoch": 1, "batch": 2279, "n_batches": 7774, "time": 0.553, "data_time": 0.0, "lr": 0.0001, "loss": -8.073, "recon_loss": -8.88, "kld_loss": 4.036, "kld_weight": 0.2}
{"message": "", "levelname": "INFO", "name": "Trainer", "asctime": "2026-04-29 12:19:24,133", "type": "train", "epoch": 1, "batch": 2319, "n_batches": 7774, "time": 0.505, "data_time": 0.0, "lr": 0.0001, "loss": -5.548, "recon_loss": -6.261, "kld_loss": 3.568, "kld_weight": 0.2}
{"message": "", "levelname": "INFO", "name": "Trainer", "asctime": "2026-04-29 12:19:33,044", "type": "train", "epoch": 1, "batch": 2359, "n_batches": 7774, "time": 0.689, "data_time": 0.0, "lr": 0.0001, "loss": -2.325, "recon_loss": -3.924, "kld_loss": 7.992, "kld_weight": 0.2}
{"message": "", "levelname": "INFO", "name": "Trainer", "asctime": "2026-04-29 12:19:41,783", "type": "train", "epoch": 1, "batch": 2399, "n_batches": 7774, "time": 0.942, "data_time": 0.0, "lr": 0.0001, "loss": -10.067, "recon_loss": -10.665, "kld_loss": 2.992, "kld_weight": 0.2}
{"message": "", "levelname": "INFO", "name": "Trainer", "asctime": "2026-04-29 12:19:50,262", "type": "train", "epoch": 1, "batch": 2439, "n_batches": 7774, "time": 0.89, "data_time": 0.0, "lr": 0.0001, "loss": -6.855, "recon_loss": -7.644, "kld_loss": 3.942, "kld_weight": 0.2}
{"message": "", "levelname": "INFO", "name": "Trainer", "asctime": "2026-04-29 12:19:59,124", "type": "train", "epoch": 1, "batch": 2479, "n_batches": 7774, "time": 0.824, "data_time": 0.0, "lr": 0.0001, "loss": -7.66, "recon_loss": -8.216, "kld_loss": 2.78, "kld_weight": 0.2}
{"message": "", "levelname": "INFO", "name": "Trainer", "asctime": "2026-04-29 12:20:07,177", "type": "train", "epoch": 1, "batch": 2519, "n_batches": 7774, "time": 0.676, "data_time": 0.0, "lr": 0.0001, "loss": -7.644, "recon_loss": -9.172, "kld_loss": 7.64, "kld_weight": 0.2}
{"message": "", "levelname": "INFO", "name": "Trainer", "asctime": "2026-04-29 12:20:16,031", "type": "train", "epoch": 1, "batch": 2559, "n_batches": 7774, "time": 0.719, "data_time": 0.0, "lr": 0.0001, "loss": -8.61, "recon_loss": -9.345, "kld_loss": 3.675, "kld_weight": 0.2}
{"message": "", "levelname": "INFO", "name": "Trainer", "asctime": "2026-04-29 12:20:25,974", "type": "train", "epoch": 1, "batch": 2599, "n_batches": 7774, "time": 1.264, "data_time": 0.0, "lr": 0.0001, "loss": -8.405, "recon_loss": -9.208, "kld_loss": 4.017, "kld_weight": 0.2}
{"message": "", "levelname": "INFO", "name": "Trainer", "asctime": "2026-04-29 12:20:33,725", "type": "train", "epoch": 1, "batch": 2639, "n_batches": 7774, "time": 0.698, "data_time": 0.0, "lr": 0.0001, "loss": -7.8, "recon_loss": -8.829, "kld_loss": 5.146, "kld_weight": 0.2}
{"message": "", "levelname": "INFO", "name": "Trainer", "asctime": "2026-04-29 12:20:41,609", "type": "train", "epoch": 1, "batch": 2679, "n_batches": 7774, "time": 0.511, "data_time": 0.0, "lr": 0.0001, "loss": -9.475, "recon_loss": -10.072, "kld_loss": 2.981, "kld_weight": 0.2}
{"message": "", "levelname": "INFO", "name": "Trainer", "asctime": "2026-04-29 12:20:50,238", "type": "train", "epoch": 1, "batch": 2719, "n_batches": 7774, "time": 0.834, "data_time": 0.0, "lr": 0.0001, "loss": -8.945, "recon_loss": -9.638, "kld_loss": 3.465, "kld_weight": 0.2}
{"message": "", "levelname": "INFO", "name": "Trainer", "asctime": "2026-04-29 12:20:58,065", "type": "train", "epoch": 1, "batch": 2759, "n_batches": 7774, "time": 0.716, "data_time": 0.0, "lr": 0.0001, "loss": -9.057, "recon_loss": -9.713, "kld_loss": 3.278, "kld_weight": 0.2}
{"message": "", "levelname": "INFO", "name": "Trainer", "asctime": "2026-04-29 12:21:05,976", "type": "train", "epoch": 1, "batch": 2799, "n_batches": 7774, "time": 0.543, "data_time": 0.0, "lr": 0.0001, "loss": -4.803, "recon_loss": -6.111, "kld_loss": 6.541, "kld_weight": 0.2}
{"message": "", "levelname": "INFO", "name": "Trainer", "asctime": "2026-04-29 12:21:14,271", "type": "train", "epoch": 1, "batch": 2839, "n_batches": 7774, "time": 0.39, "data_time": 0.0, "lr": 0.0001, "loss": -7.804, "recon_loss": -8.687, "kld_loss": 4.417, "kld_weight": 0.2}
{"message": "", "levelname": "INFO", "name": "Trainer", "asctime": "2026-04-29 12:21:22,539", "type": "train", "epoch": 1, "batch": 2879, "n_batches": 7774, "time": 0.438, "data_time": 0.0, "lr": 0.0001, "loss": -9.715, "recon_loss": -10.333, "kld_loss": 3.094, "kld_weight": 0.2}
{"message": "", "levelname": "INFO", "name": "Trainer", "asctime": "2026-04-29 12:21:30,616", "type": "train", "epoch": 1, "batch": 2919, "n_batches": 7774, "time": 0.713, "data_time": 0.0, "lr": 0.0001, "loss": -9.154, "recon_loss": -9.818, "kld_loss": 3.319, "kld_weight": 0.2}
{"message": "", "levelname": "INFO", "name": "Trainer", "asctime": "2026-04-29 12:21:37,995", "type": "train", "epoch": 1, "batch": 2959, "n_batches": 7774, "time": 0.481, "data_time": 0.0, "lr": 0.0001, "loss": -6.043, "recon_loss": -7.155, "kld_loss": 5.559, "kld_weight": 0.2}
{"message": "", "levelname": "INFO", "name": "Trainer", "asctime": "2026-04-29 12:21:45,818", "type": "train", "epoch": 1, "batch": 2999, "n_batches": 7774, "time": 0.832, "data_time": 0.0, "lr": 0.0001, "loss": -9.934, "recon_loss": -10.468, "kld_loss": 2.673, "kld_weight": 0.2}
{"message": "", "levelname": "INFO", "name": "Trainer", "asctime": "2026-04-29 12:21:53,488", "type": "train", "epoch": 1, "batch": 3039, "n_batches": 7774, "time": 1.043, "data_time": 0.0, "lr": 0.0001, "loss": -7.783, "recon_loss": -8.544, "kld_loss": 3.807, "kld_weight": 0.2}
{"message": "", "levelname": "INFO", "name": "Trainer", "asctime": "2026-04-29 12:22:03,953", "type": "train", "epoch": 1, "batch": 3079, "n_batches": 7774, "time": 0.977, "data_time": 0.0, "lr": 0.0001, "loss": -10.196, "recon_loss": -10.859, "kld_loss": 3.314, "kld_weight": 0.2}
{"message": "", "levelname": "INFO", "name": "Trainer", "asctime": "2026-04-29 12:22:12,348", "type": "train", "epoch": 1, "batch": 3119, "n_batches": 7774, "time": 0.55, "data_time": 0.0, "lr": 0.0001, "loss": -9.225, "recon_loss": -9.962, "kld_loss": 3.684, "kld_weight": 0.2}
{"message": "", "levelname": "INFO", "name": "Trainer", "asctime": "2026-04-29 12:22:21,617", "type": "train", "epoch": 1, "batch": 3159, "n_batches": 7774, "time": 1.213, "data_time": 0.0, "lr": 0.0001, "loss": -9.133, "recon_loss": -9.862, "kld_loss": 3.646, "kld_weight": 0.2}
{"message": "", "levelname": "INFO", "name": "Trainer", "asctime": "2026-04-29 12:22:32,230", "type": "train", "epoch": 1, "batch": 3199, "n_batches": 7774, "time": 0.66, "data_time": 0.0, "lr": 0.0001, "loss": -7.697, "recon_loss": -8.737, "kld_loss": 5.198, "kld_weight": 0.2}
{"message": "", "levelname": "INFO", "name": "Trainer", "asctime": "2026-04-29 12:22:39,941", "type": "train", "epoch": 1, "batch": 3239, "n_batches": 7774, "time": 0.716, "data_time": 0.0, "lr": 0.0001, "loss": -8.045, "recon_loss": -8.695, "kld_loss": 3.252, "kld_weight": 0.2}
{"message": "", "levelname": "INFO", "name": "Trainer", "asctime": "2026-04-29 12:22:48,355", "type": "train", "epoch": 1, "batch": 3279, "n_batches": 7774, "time": 0.563, "data_time": 0.0, "lr": 0.0001, "loss": -9.219, "recon_loss": -9.905, "kld_loss": 3.431, "kld_weight": 0.2}
{"message": "", "levelname": "INFO", "name": "Trainer", "asctime": "2026-04-29 12:22:56,464", "type": "train", "epoch": 1, "batch": 3319, "n_batches": 7774, "time": 0.821, "data_time": 0.0, "lr": 0.0001, "loss": -5.643, "recon_loss": -6.854, "kld_loss": 6.055, "kld_weight": 0.2}
{"message": "", "levelname": "INFO", "name": "Trainer", "asctime": "2026-04-29 12:23:03,438", "type": "train", "epoch": 1, "batch": 3359, "n_batches": 7774, "time": 0.839, "data_time": 0.0, "lr": 0.0001, "loss": -5.353, "recon_loss": -6.361, "kld_loss": 5.04, "kld_weight": 0.2}
{"message": "", "levelname": "INFO", "name": "Trainer", "asctime": "2026-04-29 12:23:11,260", "type": "train", "epoch": 1, "batch": 3399, "n_batches": 7774, "time": 0.785, "data_time": 0.0, "lr": 0.0001, "loss": -8.562, "recon_loss": -9.188, "kld_loss": 3.133, "kld_weight": 0.2}
{"message": "", "levelname": "INFO", "name": "Trainer", "asctime": "2026-04-29 12:23:20,618", "type": "train", "epoch": 1, "batch": 3439, "n_batches": 7774, "time": 0.806, "data_time": 0.0, "lr": 0.0001, "loss": -9.712, "recon_loss": -10.305, "kld_loss": 2.963, "kld_weight": 0.2}
{"message": "", "levelname": "INFO", "name": "Trainer", "asctime": "2026-04-29 12:23:28,839", "type": "train", "epoch": 1, "batch": 3479, "n_batches": 7774, "time": 0.785, "data_time": 0.0, "lr": 0.0001, "loss": -8.036, "recon_loss": -8.801, "kld_loss": 3.823, "kld_weight": 0.2}
{"message": "", "levelname": "INFO", "name": "Trainer", "asctime": "2026-04-29 12:23:36,697", "type": "train", "epoch": 1, "batch": 3519, "n_batches": 7774, "time": 0.656, "data_time": 0.0, "lr": 0.0001, "loss": -10.318, "recon_loss": -10.83, "kld_loss": 2.558, "kld_weight": 0.2}
{"message": "", "levelname": "INFO", "name": "Trainer", "asctime": "2026-04-29 12:23:44,516", "type": "train", "epoch": 1, "batch": 3559, "n_batches": 7774, "time": 0.744, "data_time": 0.0, "lr": 0.0001, "loss": -6.005, "recon_loss": -7.125, "kld_loss": 5.599, "kld_weight": 0.2}
{"message": "", "levelname": "INFO", "name": "Trainer", "asctime": "2026-04-29 12:23:53,540", "type": "train", "epoch": 1, "batch": 3599, "n_batches": 7774, "time": 1.863, "data_time": 0.0, "lr": 0.0001, "loss": -2.197, "recon_loss": -3.31, "kld_loss": 5.562, "kld_weight": 0.2}
{"message": "", "levelname": "INFO", "name": "Trainer", "asctime": "2026-04-29 12:24:01,057", "type": "train", "epoch": 1, "batch": 3639, "n_batches": 7774, "time": 0.673, "data_time": 0.0, "lr": 0.0001, "loss": -7.077, "recon_loss": -8.516, "kld_loss": 7.199, "kld_weight": 0.2}
{"message": "", "levelname": "INFO", "name": "Trainer", "asctime": "2026-04-29 12:24:09,058", "type": "train", "epoch": 1, "batch": 3679, "n_batches": 7774, "time": 0.878, "data_time": 0.0, "lr": 0.0001, "loss": -10.241, "recon_loss": -10.928, "kld_loss": 3.436, "kld_weight": 0.2}
{"message": "", "levelname": "INFO", "name": "Trainer", "asctime": "2026-04-29 12:24:16,968", "type": "train", "epoch": 1, "batch": 3719, "n_batches": 7774, "time": 0.638, "data_time": 0.0, "lr": 0.0001, "loss": -6.875, "recon_loss": -7.858, "kld_loss": 4.913, "kld_weight": 0.2}
{"message": "", "levelname": "INFO", "name": "Trainer", "asctime": "2026-04-29 12:24:25,667", "type": "train", "epoch": 1, "batch": 3759, "n_batches": 7774, "time": 0.83, "data_time": 0.0, "lr": 0.0001, "loss": -5.192, "recon_loss": -6.531, "kld_loss": 6.697, "kld_weight": 0.2}
{"message": "", "levelname": "INFO", "name": "Trainer", "asctime": "2026-04-29 12:24:33,112", "type": "train", "epoch": 1, "batch": 3799, "n_batches": 7774, "time": 0.406, "data_time": 0.0, "lr": 0.0001, "loss": -5.412, "recon_loss": -6.807, "kld_loss": 6.975, "kld_weight": 0.2}
{"message": "", "levelname": "INFO", "name": "Trainer", "asctime": "2026-04-29 12:24:40,927", "type": "train", "epoch": 1, "batch": 3839, "n_batches": 7774, "time": 0.6, "data_time": 0.0, "lr": 0.0001, "loss": -4.557, "recon_loss": -5.217, "kld_loss": 3.302, "kld_weight": 0.2}
{"message": "", "levelname": "INFO", "name": "Trainer", "asctime": "2026-04-29 12:24:49,523", "type": "train", "epoch": 1, "batch": 3879, "n_batches": 7774, "time": 1.435, "data_time": 0.0, "lr": 0.0001, "loss": -7.705, "recon_loss": -8.367, "kld_loss": 3.309, "kld_weight": 0.2}
{"message": "", "levelname": "INFO", "name": "Trainer", "asctime": "2026-04-29 12:24:56,411", "type": "train", "epoch": 1, "batch": 3919, "n_batches": 7774, "time": 0.46, "data_time": 0.0, "lr": 0.0001, "loss": -9.788, "recon_loss": -10.349, "kld_loss": 2.807, "kld_weight": 0.2}
{"message": "", "levelname": "INFO", "name": "Trainer", "asctime": "2026-04-29 12:25:05,613", "type": "train", "epoch": 1, "batch": 3959, "n_batches": 7774, "time": 0.637, "data_time": 0.0, "lr": 0.0001, "loss": -2.832, "recon_loss": -3.796, "kld_loss": 4.822, "kld_weight": 0.2}
{"message": "", "levelname": "INFO", "name": "Trainer", "asctime": "2026-04-29 12:25:13,235", "type": "train", "epoch": 1, "batch": 3999, "n_batches": 7774, "time": 0.923, "data_time": 0.0, "lr": 0.0001, "loss": -4.429, "recon_loss": -5.741, "kld_loss": 6.56, "kld_weight": 0.2}
{"message": "", "levelname": "INFO", "name": "Trainer", "asctime": "2026-04-29 12:25:22,239", "type": "train", "epoch": 1, "batch": 4039, "n_batches": 7774, "time": 0.691, "data_time": 0.0, "lr": 0.0001, "loss": -9.106, "recon_loss": -9.763, "kld_loss": 3.286, "kld_weight": 0.2}
{"message": "", "levelname": "INFO", "name": "Trainer", "asctime": "2026-04-29 12:25:29,071", "type": "train", "epoch": 1, "batch": 4079, "n_batches": 7774, "time": 0.673, "data_time": 0.0, "lr": 0.0001, "loss": -6.152, "recon_loss": -7.057, "kld_loss": 4.522, "kld_weight": 0.2}
{"message": "", "levelname": "INFO", "name": "Trainer", "asctime": "2026-04-29 12:25:37,063", "type": "train", "epoch": 1, "batch": 4119, "n_batches": 7774, "time": 0.699, "data_time": 0.0, "lr": 0.0001, "loss": -7.206, "recon_loss": -9.423, "kld_loss": 11.085, "kld_weight": 0.2}
{"message": "", "levelname": "INFO", "name": "Trainer", "asctime": "2026-04-29 12:25:45,525", "type": "train", "epoch": 1, "batch": 4159, "n_batches": 7774, "time": 0.821, "data_time": 0.0, "lr": 0.0001, "loss": -9.312, "recon_loss": -10.044, "kld_loss": 3.659, "kld_weight": 0.2}
{"message": "", "levelname": "INFO", "name": "Trainer", "asctime": "2026-04-29 12:25:53,142", "type": "train", "epoch": 1, "batch": 4199, "n_batches": 7774, "time": 0.674, "data_time": 0.0, "lr": 0.0001, "loss": -6.978, "recon_loss": -7.677, "kld_loss": 3.496, "kld_weight": 0.2}
{"message": "", "levelname": "INFO", "name": "Trainer", "asctime": "2026-04-29 12:26:01,534", "type": "train", "epoch": 1, "batch": 4239, "n_batches": 7774, "time": 1.396, "data_time": 0.0, "lr": 0.0001, "loss": -7.31, "recon_loss": -8.214, "kld_loss": 4.52, "kld_weight": 0.2}
{"message": "", "levelname": "INFO", "name": "Trainer", "asctime": "2026-04-29 12:26:08,985", "type": "train", "epoch": 1, "batch": 4279, "n_batches": 7774, "time": 0.779, "data_time": 0.0, "lr": 0.0001, "loss": -1.067, "recon_loss": -4.766, "kld_loss": 18.494, "kld_weight": 0.2}
{"message": "", "levelname": "INFO", "name": "Trainer", "asctime": "2026-04-29 12:26:17,163", "type": "train", "epoch": 1, "batch": 4319, "n_batches": 7774, "time": 1.298, "data_time": 0.0, "lr": 0.0001, "loss": -10.484, "recon_loss": -11.192, "kld_loss": 3.537, "kld_weight": 0.2}
{"message": "", "levelname": "INFO", "name": "Trainer", "asctime": "2026-04-29 12:26:24,091", "type": "train", "epoch": 1, "batch": 4359, "n_batches": 7774, "time": 0.797, "data_time": 0.0, "lr": 0.0001, "loss": -8.58, "recon_loss": -9.326, "kld_loss": 3.73, "kld_weight": 0.2}
{"message": "", "levelname": "INFO", "name": "Trainer", "asctime": "2026-04-29 12:26:33,811", "type": "train", "epoch": 1, "batch": 4399, "n_batches": 7774, "time": 0.738, "data_time": 0.0, "lr": 0.0001, "loss": -6.609, "recon_loss": -7.5, "kld_loss": 4.451, "kld_weight": 0.2}
{"message": "", "levelname": "INFO", "name": "Trainer", "asctime": "2026-04-29 12:26:41,371", "type": "train", "epoch": 1, "batch": 4439, "n_batches": 7774, "time": 0.53, "data_time": 0.0, "lr": 0.0001, "loss": -10.142, "recon_loss": -10.643, "kld_loss": 2.507, "kld_weight": 0.2}
{"message": "", "levelname": "INFO", "name": "Trainer", "asctime": "2026-04-29 12:26:50,066", "type": "train", "epoch": 1, "batch": 4479, "n_batches": 7774, "time": 0.737, "data_time": 0.0, "lr": 0.0001, "loss": -6.962, "recon_loss": -7.936, "kld_loss": 4.872, "kld_weight": 0.2}
{"message": "", "levelname": "INFO", "name": "Trainer", "asctime": "2026-04-29 12:26:57,368", "type": "train", "epoch": 1, "batch": 4519, "n_batches": 7774, "time": 0.795, "data_time": 0.0, "lr": 0.0001, "loss": -6.08, "recon_loss": -7.277, "kld_loss": 5.985, "kld_weight": 0.2}
{"message": "", "levelname": "INFO", "name": "Trainer", "asctime": "2026-04-29 12:27:05,526", "type": "train", "epoch": 1, "batch": 4559, "n_batches": 7774, "time": 0.864, "data_time": 0.0, "lr": 0.0001, "loss": -7.746, "recon_loss": -8.394, "kld_loss": 3.239, "kld_weight": 0.2}
{"message": "", "levelname": "INFO", "name": "Trainer", "asctime": "2026-04-29 12:27:12,831", "type": "train", "epoch": 1, "batch": 4599, "n_batches": 7774, "time": 0.82, "data_time": 0.0, "lr": 0.0001, "loss": -5.493, "recon_loss": -7.053, "kld_loss": 7.799, "kld_weight": 0.2}
{"message": "", "levelname": "INFO", "name": "Trainer", "asctime": "2026-04-29 12:27:21,376", "type": "train", "epoch": 1, "batch": 4639, "n_batches": 7774, "time": 0.408, "data_time": 0.0, "lr": 0.0001, "loss": -7.508, "recon_loss": -8.157, "kld_loss": 3.247, "kld_weight": 0.2}
{"message": "", "levelname": "INFO", "name": "Trainer", "asctime": "2026-04-29 12:27:30,761", "type": "train", "epoch": 1, "batch": 4679, "n_batches": 7774, "time": 1.566, "data_time": 0.0, "lr": 0.0001, "loss": -9.52, "recon_loss": -10.544, "kld_loss": 5.119, "kld_weight": 0.2}
{"message": "", "levelname": "INFO", "name": "Trainer", "asctime": "2026-04-29 12:27:40,784", "type": "train", "epoch": 1, "batch": 4719, "n_batches": 7774, "time": 0.847, "data_time": 0.0, "lr": 0.0001, "loss": -9.752, "recon_loss": -10.584, "kld_loss": 4.162, "kld_weight": 0.2}
{"message": "", "levelname": "INFO", "name": "Trainer", "asctime": "2026-04-29 12:27:49,052", "type": "train", "epoch": 1, "batch": 4759, "n_batches": 7774, "time": 0.734, "data_time": 0.0, "lr": 0.0001, "loss": -6.102, "recon_loss": -7.072, "kld_loss": 4.852, "kld_weight": 0.2}
{"message": "", "levelname": "INFO", "name": "Trainer", "asctime": "2026-04-29 12:27:56,920", "type": "train", "epoch": 1, "batch": 4799, "n_batches": 7774, "time": 0.438, "data_time": 0.0, "lr": 0.0001, "loss": -6.515, "recon_loss": -7.52, "kld_loss": 5.025, "kld_weight": 0.2}
{"message": "", "levelname": "INFO", "name": "Trainer", "asctime": "2026-04-29 12:28:06,151", "type": "train", "epoch": 1, "batch": 4839, "n_batches": 7774, "time": 0.557, "data_time": 0.0, "lr": 0.0001, "loss": -8.454, "recon_loss": -10.018, "kld_loss": 7.822, "kld_weight": 0.2}
{"message": "", "levelname": "INFO", "name": "Trainer", "asctime": "2026-04-29 12:28:13,853", "type": "train", "epoch": 1, "batch": 4879, "n_batches": 7774, "time": 0.768, "data_time": 0.0, "lr": 0.0001, "loss": -7.445, "recon_loss": -8.518, "kld_loss": 5.364, "kld_weight": 0.2}
{"message": "", "levelname": "INFO", "name": "Trainer", "asctime": "2026-04-29 12:28:21,476", "type": "train", "epoch": 1, "batch": 4919, "n_batches": 7774, "time": 0.709, "data_time": 0.0, "lr": 0.0001, "loss": -9.409, "recon_loss": -10.264, "kld_loss": 4.276, "kld_weight": 0.2}
{"message": "", "levelname": "INFO", "name": "Trainer", "asctime": "2026-04-29 12:28:31,199", "type": "train", "epoch": 1, "batch": 4959, "n_batches": 7774, "time": 0.804, "data_time": 0.0, "lr": 0.0001, "loss": -9.601, "recon_loss": -10.203, "kld_loss": 3.009, "kld_weight": 0.2}
{"message": "", "levelname": "INFO", "name": "Trainer", "asctime": "2026-04-29 12:28:39,901", "type": "train", "epoch": 1, "batch": 4999, "n_batches": 7774, "time": 0.737, "data_time": 0.0, "lr": 0.0001, "loss": -7.58, "recon_loss": -8.674, "kld_loss": 5.472, "kld_weight": 0.2}
{"message": "", "levelname": "INFO", "name": "Trainer", "asctime": "2026-04-29 12:28:49,023", "type": "train", "epoch": 1, "batch": 5039, "n_batches": 7774, "time": 0.723, "data_time": 0.0, "lr": 0.0001, "loss": -6.456, "recon_loss": -7.305, "kld_loss": 4.243, "kld_weight": 0.2}
{"message": "", "levelname": "INFO", "name": "Trainer", "asctime": "2026-04-29 12:28:58,543", "type": "train", "epoch": 1, "batch": 5079, "n_batches": 7774, "time": 0.764, "data_time": 0.0, "lr": 0.0001, "loss": -8.296, "recon_loss": -9.017, "kld_loss": 3.604, "kld_weight": 0.2}
{"message": "", "levelname": "INFO", "name": "Trainer", "asctime": "2026-04-29 12:29:08,092", "type": "train", "epoch": 1, "batch": 5119, "n_batches": 7774, "time": 0.563, "data_time": 0.0, "lr": 0.0001, "loss": -8.98, "recon_loss": -9.823, "kld_loss": 4.218, "kld_weight": 0.2}
{"message": "", "levelname": "INFO", "name": "Trainer", "asctime": "2026-04-29 12:29:17,263", "type": "train", "epoch": 1, "batch": 5159, "n_batches": 7774, "time": 0.872, "data_time": 0.001, "lr": 0.0001, "loss": -7.246, "recon_loss": -7.91, "kld_loss": 3.317, "kld_weight": 0.2}
{"message": "", "levelname": "INFO", "name": "Trainer", "asctime": "2026-04-29 12:29:27,555", "type": "train", "epoch": 1, "batch": 5199, "n_batches": 7774, "time": 1.704, "data_time": 0.0, "lr": 0.0001, "loss": -5.503, "recon_loss": -6.39, "kld_loss": 4.434, "kld_weight": 0.2}
{"message": "", "levelname": "INFO", "name": "Trainer", "asctime": "2026-04-29 12:29:36,127", "type": "train", "epoch": 1, "batch": 5239, "n_batches": 7774, "time": 0.78, "data_time": 0.0, "lr": 0.0001, "loss": -7.95, "recon_loss": -8.647, "kld_loss": 3.487, "kld_weight": 0.2}
{"message": "", "levelname": "INFO", "name": "Trainer", "asctime": "2026-04-29 12:29:43,279", "type": "train", "epoch": 1, "batch": 5279, "n_batches": 7774, "time": 0.913, "data_time": 0.0, "lr": 0.0001, "loss": -10.159, "recon_loss": -10.711, "kld_loss": 2.762, "kld_weight": 0.2}
{"message": "", "levelname": "INFO", "name": "Trainer", "asctime": "2026-04-29 12:29:51,740", "type": "train", "epoch": 1, "batch": 5319, "n_batches": 7774, "time": 1.096, "data_time": 0.0, "lr": 0.0001, "loss": -9.062, "recon_loss": -10.056, "kld_loss": 4.968, "kld_weight": 0.2}
{"message": "", "levelname": "INFO", "name": "Trainer", "asctime": "2026-04-29 12:30:00,276", "type": "train", "epoch": 1, "batch": 5359, "n_batches": 7774, "time": 0.799, "data_time": 0.0, "lr": 0.0001, "loss": -7.119, "recon_loss": -7.831, "kld_loss": 3.563, "kld_weight": 0.2}
{"message": "", "levelname": "INFO", "name": "Trainer", "asctime": "2026-04-29 12:30:07,762", "type": "train", "epoch": 1, "batch": 5399, "n_batches": 7774, "time": 0.585, "data_time": 0.0, "lr": 0.0001, "loss": -7.376, "recon_loss": -8.658, "kld_loss": 6.412, "kld_weight": 0.2}
{"message": "", "levelname": "INFO", "name": "Trainer", "asctime": "2026-04-29 12:30:15,397", "type": "train", "epoch": 1, "batch": 5439, "n_batches": 7774, "time": 1.365, "data_time": 0.0, "lr": 0.0001, "loss": -7.941, "recon_loss": -9.075, "kld_loss": 5.673, "kld_weight": 0.2}
{"message": "", "levelname": "INFO", "name": "Trainer", "asctime": "2026-04-29 12:30:24,831", "type": "train", "epoch": 1, "batch": 5479, "n_batches": 7774, "time": 0.979, "data_time": 0.0, "lr": 0.0001, "loss": -10.651, "recon_loss": -11.257, "kld_loss": 3.027, "kld_weight": 0.2}
{"message": "", "levelname": "INFO", "name": "Trainer", "asctime": "2026-04-29 12:30:31,556", "type": "train", "epoch": 1, "batch": 5519, "n_batches": 7774, "time": 0.741, "data_time": 0.0, "lr": 0.0001, "loss": -8.81, "recon_loss": -9.8, "kld_loss": 4.951, "kld_weight": 0.2}
{"message": "", "levelname": "INFO", "name": "Trainer", "asctime": "2026-04-29 12:30:39,635", "type": "train", "epoch": 1, "batch": 5559, "n_batches": 7774, "time": 0.899, "data_time": 0.0, "lr": 0.0001, "loss": -2.202, "recon_loss": -3.583, "kld_loss": 6.909, "kld_weight": 0.2}
{"message": "", "levelname": "INFO", "name": "Trainer", "asctime": "2026-04-29 12:30:48,004", "type": "train", "epoch": 1, "batch": 5599, "n_batches": 7774, "time": 0.71, "data_time": 0.0, "lr": 0.0001, "loss": -7.022, "recon_loss": -7.948, "kld_loss": 4.628, "kld_weight": 0.2}
{"message": "", "levelname": "INFO", "name": "Trainer", "asctime": "2026-04-29 12:30:58,976", "type": "train", "epoch": 1, "batch": 5639, "n_batches": 7774, "time": 1.731, "data_time": 0.0, "lr": 0.0001, "loss": -7.256, "recon_loss": -7.955, "kld_loss": 3.495, "kld_weight": 0.2}
{"message": "", "levelname": "INFO", "name": "Trainer", "asctime": "2026-04-29 12:31:09,758", "type": "train", "epoch": 1, "batch": 5679, "n_batches": 7774, "time": 0.678, "data_time": 0.0, "lr": 0.0001, "loss": -7.297, "recon_loss": -8.386, "kld_loss": 5.449, "kld_weight": 0.2}
{"message": "", "levelname": "INFO", "name": "Trainer", "asctime": "2026-04-29 12:31:18,832", "type": "train", "epoch": 1, "batch": 5719, "n_batches": 7774, "time": 1.022, "data_time": 0.0, "lr": 0.0001, "loss": -7.803, "recon_loss": -8.843, "kld_loss": 5.198, "kld_weight": 0.2}
{"message": "", "levelname": "INFO", "name": "Trainer", "asctime": "2026-04-29 12:31:30,242", "type": "train", "epoch": 1, "batch": 5759, "n_batches": 7774, "time": 0.724, "data_time": 0.0, "lr": 0.0001, "loss": -5.884, "recon_loss": -7.744, "kld_loss": 9.3, "kld_weight": 0.2}
{"message": "", "levelname": "INFO", "name": "Trainer", "asctime": "2026-04-29 12:31:38,472", "type": "train", "epoch": 1, "batch": 5799, "n_batches": 7774, "time": 0.732, "data_time": 0.0, "lr": 0.0001, "loss": -9.558, "recon_loss": -10.541, "kld_loss": 4.912, "kld_weight": 0.2}
{"message": "", "levelname": "INFO", "name": "Trainer", "asctime": "2026-04-29 12:31:52,017", "type": "train", "epoch": 1, "batch": 5839, "n_batches": 7774, "time": 0.846, "data_time": 0.0, "lr": 0.0001, "loss": -7.486, "recon_loss": -8.66, "kld_loss": 5.87, "kld_weight": 0.2}
{"message": "", "levelname": "INFO", "name": "Trainer", "asctime": "2026-04-29 12:32:01,088", "type": "train", "epoch": 1, "batch": 5879, "n_batches": 7774, "time": 1.493, "data_time": 0.0, "lr": 0.0001, "loss": -9.201, "recon_loss": -10.059, "kld_loss": 4.289, "kld_weight": 0.2}
{"message": "", "levelname": "INFO", "name": "Trainer", "asctime": "2026-04-29 12:32:09,304", "type": "train", "epoch": 1, "batch": 5919, "n_batches": 7774, "time": 0.892, "data_time": 0.0, "lr": 0.0001, "loss": -9.386, "recon_loss": -10.479, "kld_loss": 5.462, "kld_weight": 0.2}
{"message": "", "levelname": "INFO", "name": "Trainer", "asctime": "2026-04-29 12:32:17,999", "type": "train", "epoch": 1, "batch": 5959, "n_batches": 7774, "time": 1.266, "data_time": 0.0, "lr": 0.0001, "loss": -6.632, "recon_loss": -7.352, "kld_loss": 3.599, "kld_weight": 0.2}
{"message": "", "levelname": "INFO", "name": "Trainer", "asctime": "2026-04-29 12:32:28,839", "type": "train", "epoch": 1, "batch": 5999, "n_batches": 7774, "time": 0.71, "data_time": 0.0, "lr": 0.0001, "loss": -10.094, "recon_loss": -10.78, "kld_loss": 3.428, "kld_weight": 0.2}
{"message": "", "levelname": "INFO", "name": "Trainer", "asctime": "2026-04-29 12:32:37,420", "type": "train", "epoch": 1, "batch": 6039, "n_batches": 7774, "time": 0.85, "data_time": 0.0, "lr": 0.0001, "loss": -9.039, "recon_loss": -9.731, "kld_loss": 3.459, "kld_weight": 0.2}
{"message": "", "levelname": "INFO", "name": "Trainer", "asctime": "2026-04-29 12:32:46,738", "type": "train", "epoch": 1, "batch": 6079, "n_batches": 7774, "time": 0.888, "data_time": 0.0, "lr": 0.0001, "loss": -6.386, "recon_loss": -8.607, "kld_loss": 11.104, "kld_weight": 0.2}
{"message": "", "levelname": "INFO", "name": "Trainer", "asctime": "2026-04-29 12:32:54,897", "type": "train", "epoch": 1, "batch": 6119, "n_batches": 7774, "time": 1.53, "data_time": 0.0, "lr": 0.0001, "loss": -8.71, "recon_loss": -9.446, "kld_loss": 3.684, "kld_weight": 0.2}
{"message": "", "levelname": "INFO", "name": "Trainer", "asctime": "2026-04-29 12:33:02,672", "type": "train", "epoch": 1, "batch": 6159, "n_batches": 7774, "time": 0.777, "data_time": 0.0, "lr": 0.0001, "loss": -9.826, "recon_loss": -10.822, "kld_loss": 4.978, "kld_weight": 0.2}
{"message": "", "levelname": "INFO", "name": "Trainer", "asctime": "2026-04-29 12:33:10,855", "type": "train", "epoch": 1, "batch": 6199, "n_batches": 7774, "time": 0.662, "data_time": 0.0, "lr": 0.0001, "loss": -10.206, "recon_loss": -11.018, "kld_loss": 4.057, "kld_weight": 0.2}
{"message": "", "levelname": "INFO", "name": "Trainer", "asctime": "2026-04-29 12:33:19,160", "type": "train", "epoch": 1, "batch": 6239, "n_batches": 7774, "time": 0.698, "data_time": 0.0, "lr": 0.0001, "loss": -8.916, "recon_loss": -9.698, "kld_loss": 3.913, "kld_weight": 0.2}
{"message": "", "levelname": "INFO", "name": "Trainer", "asctime": "2026-04-29 12:33:28,663", "type": "train", "epoch": 1, "batch": 6279, "n_batches": 7774, "time": 0.596, "data_time": 0.0, "lr": 0.0001, "loss": -5.371, "recon_loss": -7.757, "kld_loss": 11.93, "kld_weight": 0.2}
{"message": "", "levelname": "INFO", "name": "Trainer", "asctime": "2026-04-29 12:33:38,126", "type": "train", "epoch": 1, "batch": 6319, "n_batches": 7774, "time": 1.409, "data_time": 0.0, "lr": 0.0001, "loss": -7.956, "recon_loss": -8.81, "kld_loss": 4.268, "kld_weight": 0.2}
{"message": "", "levelname": "INFO", "name": "Trainer", "asctime": "2026-04-29 12:33:45,018", "type": "train", "epoch": 1, "batch": 6359, "n_batches": 7774, "time": 0.666, "data_time": 0.0, "lr": 0.0001, "loss": -9.055, "recon_loss": -9.748, "kld_loss": 3.466, "kld_weight": 0.2}
{"message": "", "levelname": "INFO", "name": "Trainer", "asctime": "2026-04-29 12:33:54,943", "type": "train", "epoch": 1, "batch": 6399, "n_batches": 7774, "time": 0.817, "data_time": 0.0, "lr": 0.0001, "loss": -8.51, "recon_loss": -9.08, "kld_loss": 2.849, "kld_weight": 0.2}
{"message": "", "levelname": "INFO", "name": "Trainer", "asctime": "2026-04-29 12:34:02,976", "type": "train", "epoch": 1, "batch": 6439, "n_batches": 7774, "time": 0.74, "data_time": 0.0, "lr": 0.0001, "loss": -4.338, "recon_loss": -5.346, "kld_loss": 5.04, "kld_weight": 0.2}
{"message": "", "levelname": "INFO", "name": "Trainer", "asctime": "2026-04-29 12:34:10,555", "type": "train", "epoch": 1, "batch": 6479, "n_batches": 7774, "time": 0.817, "data_time": 0.0, "lr": 0.0001, "loss": -7.442, "recon_loss": -8.419, "kld_loss": 4.887, "kld_weight": 0.2}
{"message": "", "levelname": "INFO", "name": "Trainer", "asctime": "2026-04-29 12:34:18,241", "type": "train", "epoch": 1, "batch": 6519, "n_batches": 7774, "time": 0.72, "data_time": 0.0, "lr": 0.0001, "loss": -7.581, "recon_loss": -9.019, "kld_loss": 7.187, "kld_weight": 0.2}
{"message": "", "levelname": "INFO", "name": "Trainer", "asctime": "2026-04-29 12:34:27,959", "type": "train", "epoch": 1, "batch": 6559, "n_batches": 7774, "time": 0.577, "data_time": 0.0, "lr": 0.0001, "loss": -9.133, "recon_loss": -10.067, "kld_loss": 4.672, "kld_weight": 0.2}
{"message": "", "levelname": "INFO", "name": "Trainer", "asctime": "2026-04-29 12:34:36,861", "type": "train", "epoch": 1, "batch": 6599, "n_batches": 7774, "time": 0.994, "data_time": 0.0, "lr": 0.0001, "loss": -8.077, "recon_loss": -9.122, "kld_loss": 5.223, "kld_weight": 0.2}
{"message": "", "levelname": "INFO", "name": "Trainer", "asctime": "2026-04-29 12:34:44,782", "type": "train", "epoch": 1, "batch": 6639, "n_batches": 7774, "time": 0.544, "data_time": 0.0, "lr": 0.0001, "loss": -10.326, "recon_loss": -11.001, "kld_loss": 3.379, "kld_weight": 0.2}
{"message": "", "levelname": "INFO", "name": "Trainer", "asctime": "2026-04-29 12:34:53,185", "type": "train", "epoch": 1, "batch": 6679, "n_batches": 7774, "time": 0.825, "data_time": 0.0, "lr": 0.0001, "loss": -10.139, "recon_loss": -10.709, "kld_loss": 2.847, "kld_weight": 0.2}
{"message": "", "levelname": "INFO", "name": "Trainer", "asctime": "2026-04-29 12:35:00,461", "type": "train", "epoch": 1, "batch": 6719, "n_batches": 7774, "time": 0.67, "data_time": 0.0, "lr": 0.0001, "loss": -7.673, "recon_loss": -8.893, "kld_loss": 6.103, "kld_weight": 0.2}
{"message": "", "levelname": "INFO", "name": "Trainer", "asctime": "2026-04-29 12:35:07,276", "type": "train", "epoch": 1, "batch": 6759, "n_batches": 7774, "time": 0.568, "data_time": 0.0, "lr": 0.0001, "loss": -8.727, "recon_loss": -9.384, "kld_loss": 3.286, "kld_weight": 0.2}
{"message": "", "levelname": "INFO", "name": "Trainer", "asctime": "2026-04-29 12:35:17,491", "type": "train", "epoch": 1, "batch": 6799, "n_batches": 7774, "time": 0.852, "data_time": 0.0, "lr": 0.0001, "loss": -5.451, "recon_loss": -6.267, "kld_loss": 4.078, "kld_weight": 0.2}
{"message": "", "levelname": "INFO", "name": "Trainer", "asctime": "2026-04-29 12:35:26,518", "type": "train", "epoch": 1, "batch": 6839, "n_batches": 7774, "time": 0.767, "data_time": 0.0, "lr": 0.0001, "loss": -6.301, "recon_loss": -7.414, "kld_loss": 5.568, "kld_weight": 0.2}
{"message": "", "levelname": "INFO", "name": "Trainer", "asctime": "2026-04-29 12:35:34,673", "type": "train", "epoch": 1, "batch": 6879, "n_batches": 7774, "time": 0.642, "data_time": 0.0, "lr": 0.0001, "loss": -9.023, "recon_loss": -10.08, "kld_loss": 5.285, "kld_weight": 0.2}
{"message": "", "levelname": "INFO", "name": "Trainer", "asctime": "2026-04-29 12:35:43,327", "type": "train", "epoch": 1, "batch": 6919, "n_batches": 7774, "time": 0.698, "data_time": 0.0, "lr": 0.0001, "loss": -4.313, "recon_loss": -5.786, "kld_loss": 7.369, "kld_weight": 0.2}
{"message": "", "levelname": "INFO", "name": "Trainer", "asctime": "2026-04-29 12:35:52,034", "type": "train", "epoch": 1, "batch": 6959, "n_batches": 7774, "time": 1.127, "data_time": 0.0, "lr": 0.0001, "loss": -4.73, "recon_loss": -6.007, "kld_loss": 6.384, "kld_weight": 0.2}
{"message": "", "levelname": "INFO", "name": "Trainer", "asctime": "2026-04-29 12:36:00,734", "type": "train", "epoch": 1, "batch": 6999, "n_batches": 7774, "time": 0.92, "data_time": 0.0, "lr": 0.0001, "loss": -6.847, "recon_loss": -8.579, "kld_loss": 8.661, "kld_weight": 0.2}
{"message": "", "levelname": "INFO", "name": "Trainer", "asctime": "2026-04-29 12:36:09,976", "type": "train", "epoch": 1, "batch": 7039, "n_batches": 7774, "time": 0.834, "data_time": 0.0, "lr": 0.0001, "loss": -8.944, "recon_loss": -9.617, "kld_loss": 3.367, "kld_weight": 0.2}
{"message": "", "levelname": "INFO", "name": "Trainer", "asctime": "2026-04-29 12:36:21,194", "type": "train", "epoch": 1, "batch": 7079, "n_batches": 7774, "time": 0.79, "data_time": 0.0, "lr": 0.0001, "loss": -7.891, "recon_loss": -8.947, "kld_loss": 5.279, "kld_weight": 0.2}
{"message": "", "levelname": "INFO", "name": "Trainer", "asctime": "2026-04-29 12:36:30,700", "type": "train", "epoch": 1, "batch": 7119, "n_batches": 7774, "time": 0.767, "data_time": 0.0, "lr": 0.0001, "loss": -4.552, "recon_loss": -6.054, "kld_loss": 7.51, "kld_weight": 0.2}
{"message": "", "levelname": "INFO", "name": "Trainer", "asctime": "2026-04-29 12:36:39,025", "type": "train", "epoch": 1, "batch": 7159, "n_batches": 7774, "time": 0.455, "data_time": 0.0, "lr": 0.0001, "loss": -7.94, "recon_loss": -8.845, "kld_loss": 4.524, "kld_weight": 0.2}
{"message": "", "levelname": "INFO", "name": "Trainer", "asctime": "2026-04-29 12:36:49,218", "type": "train", "epoch": 1, "batch": 7199, "n_batches": 7774, "time": 1.069, "data_time": 0.001, "lr": 0.0001, "loss": -8.179, "recon_loss": -8.849, "kld_loss": 3.35, "kld_weight": 0.2}
{"message": "", "levelname": "INFO", "name": "Trainer", "asctime": "2026-04-29 12:37:00,191", "type": "train", "epoch": 1, "batch": 7239, "n_batches": 7774, "time": 0.925, "data_time": 0.0, "lr": 0.0001, "loss": -5.737, "recon_loss": -6.81, "kld_loss": 5.364, "kld_weight": 0.2}
{"message": "", "levelname": "INFO", "name": "Trainer", "asctime": "2026-04-29 12:37:08,544", "type": "train", "epoch": 1, "batch": 7279, "n_batches": 7774, "time": 1.592, "data_time": 0.0, "lr": 0.0001, "loss": -8.425, "recon_loss": -9.452, "kld_loss": 5.135, "kld_weight": 0.2}
{"message": "", "levelname": "INFO", "name": "Trainer", "asctime": "2026-04-29 12:37:18,094", "type": "train", "epoch": 1, "batch": 7319, "n_batches": 7774, "time": 0.839, "data_time": 0.0, "lr": 0.0001, "loss": -9.738, "recon_loss": -10.388, "kld_loss": 3.253, "kld_weight": 0.2}
{"message": "", "levelname": "INFO", "name": "Trainer", "asctime": "2026-04-29 12:37:27,226", "type": "train", "epoch": 1, "batch": 7359, "n_batches": 7774, "time": 0.943, "data_time": 0.0, "lr": 0.0001, "loss": -7.41, "recon_loss": -8.561, "kld_loss": 5.754, "kld_weight": 0.2}
{"message": "", "levelname": "INFO", "name": "Trainer", "asctime": "2026-04-29 12:37:37,366", "type": "train", "epoch": 1, "batch": 7399, "n_batches": 7774, "time": 0.791, "data_time": 0.0, "lr": 0.0001, "loss": -8.763, "recon_loss": -9.49, "kld_loss": 3.638, "kld_weight": 0.2}
{"message": "", "levelname": "INFO", "name": "Trainer", "asctime": "2026-04-29 12:37:47,741", "type": "train", "epoch": 1, "batch": 7439, "n_batches": 7774, "time": 1.518, "data_time": 0.0, "lr": 0.0001, "loss": -8.804, "recon_loss": -9.956, "kld_loss": 5.76, "kld_weight": 0.2}
{"message": "", "levelname": "INFO", "name": "Trainer", "asctime": "2026-04-29 12:37:59,351", "type": "train", "epoch": 1, "batch": 7479, "n_batches": 7774, "time": 1.498, "data_time": 0.0, "lr": 0.0001, "loss": -6.499, "recon_loss": -7.669, "kld_loss": 5.847, "kld_weight": 0.2}
{"message": "", "levelname": "INFO", "name": "Trainer", "asctime": "2026-04-29 12:38:06,419", "type": "train", "epoch": 1, "batch": 7519, "n_batches": 7774, "time": 0.864, "data_time": 0.0, "lr": 0.0001, "loss": -9.761, "recon_loss": -10.676, "kld_loss": 4.574, "kld_weight": 0.2}
{"message": "", "levelname": "INFO", "name": "Trainer", "asctime": "2026-04-29 12:38:15,829", "type": "train", "epoch": 1, "batch": 7559, "n_batches": 7774, "time": 1.009, "data_time": 0.0, "lr": 0.0001, "loss": -10.033, "recon_loss": -10.68, "kld_loss": 3.235, "kld_weight": 0.2}
{"message": "", "levelname": "INFO", "name": "Trainer", "asctime": "2026-04-29 12:38:24,820", "type": "train", "epoch": 1, "batch": 7599, "n_batches": 7774, "time": 1.078, "data_time": 0.001, "lr": 0.0001, "loss": -6.833, "recon_loss": -7.597, "kld_loss": 3.817, "kld_weight": 0.2}
{"message": "", "levelname": "INFO", "name": "Trainer", "asctime": "2026-04-29 12:38:31,888", "type": "train", "epoch": 1, "batch": 7639, "n_batches": 7774, "time": 0.793, "data_time": 0.0, "lr": 0.0001, "loss": -10.527, "recon_loss": -11.111, "kld_loss": 2.92, "kld_weight": 0.2}
{"message": "", "levelname": "INFO", "name": "Trainer", "asctime": "2026-04-29 12:38:41,713", "type": "train", "epoch": 1, "batch": 7679, "n_batches": 7774, "time": 1.531, "data_time": 0.0, "lr": 0.0001, "loss": -5.712, "recon_loss": -7.327, "kld_loss": 8.076, "kld_weight": 0.2}
{"message": "", "levelname": "INFO", "name": "Trainer", "asctime": "2026-04-29 12:38:50,404", "type": "train", "epoch": 1, "batch": 7719, "n_batches": 7774, "time": 0.659, "data_time": 0.0, "lr": 0.0001, "loss": -9.64, "recon_loss": -10.243, "kld_loss": 3.018, "kld_weight": 0.2}
{"message": "", "levelname": "INFO", "name": "Trainer", "asctime": "2026-04-29 12:38:58,139", "type": "train", "epoch": 1, "batch": 7759, "n_batches": 7774, "time": 1.031, "data_time": 0.0, "lr": 0.0001, "loss": -3.237, "recon_loss": -4.598, "kld_loss": 6.805, "kld_weight": 0.2}
{"message": "", "levelname": "INFO", "name": "Trainer", "asctime": "2026-04-29 12:39:01,247", "type": "train-epoch", "epoch": 2, "loss": -1.8815, "recon_loss": -2.12374, "kld_loss": 1.21119, "kld_weight": 0.2, "time": 1663.7}
{"message": "", "levelname": "INFO", "name": "Trainer", "asctime": "2026-04-29 12:42:17,401", "type": "val-epoch", "epoch": 2, "loss": -2.108, "test_loss": -0.999, "recon_loss": -2.348, "kld_loss": 1.202, "kld_weight": 0.2, "note": "loss is teacher-forced CVAE objective; test_loss is prior-only reconstruction", "time": 196.2}
{"message": "", "levelname": "INFO", "name": "Trainer", "asctime": "2026-04-29 12:42:26,925", "type": "train", "epoch": 2, "batch": 39, "n_batches": 7774, "time": 0.87, "data_time": 0.0, "lr": 0.0001, "loss": -6.823, "recon_loss": -8.604, "kld_loss": 5.937, "kld_weight": 0.3}
{"message": "", "levelname": "INFO", "name": "Trainer", "asctime": "2026-04-29 12:42:35,080", "type": "train", "epoch": 2, "batch": 79, "n_batches": 7774, "time": 0.921, "data_time": 0.0, "lr": 0.0001, "loss": -7.749, "recon_loss": -9.342, "kld_loss": 5.312, "kld_weight": 0.3}
{"message": "", "levelname": "INFO", "name": "Trainer", "asctime": "2026-04-29 12:42:44,520", "type": "train", "epoch": 2, "batch": 119, "n_batches": 7774, "time": 0.876, "data_time": 0.0, "lr": 0.0001, "loss": -3.306, "recon_loss": -5.929, "kld_loss": 8.744, "kld_weight": 0.3}
{"message": "", "levelname": "INFO", "name": "Trainer", "asctime": "2026-04-29 12:42:53,413", "type": "train", "epoch": 2, "batch": 159, "n_batches": 7774, "time": 0.784, "data_time": 0.0, "lr": 0.0001, "loss": -8.85, "recon_loss": -10.001, "kld_loss": 3.836, "kld_weight": 0.3}
{"message": "", "levelname": "INFO", "name": "Trainer", "asctime": "2026-04-29 12:43:01,181", "type": "train", "epoch": 2, "batch": 199, "n_batches": 7774, "time": 0.774, "data_time": 0.0, "lr": 0.0001, "loss": -7.305, "recon_loss": -8.126, "kld_loss": 2.736, "kld_weight": 0.3}
{"message": "", "levelname": "INFO", "name": "Trainer", "asctime": "2026-04-29 12:43:08,803", "type": "train", "epoch": 2, "batch": 239, "n_batches": 7774, "time": 0.829, "data_time": 0.0, "lr": 0.0001, "loss": -5.264, "recon_loss": -6.088, "kld_loss": 2.747, "kld_weight": 0.3}
{"message": "", "levelname": "INFO", "name": "Trainer", "asctime": "2026-04-29 12:43:16,747", "type": "train", "epoch": 2, "batch": 279, "n_batches": 7774, "time": 0.584, "data_time": 0.0, "lr": 0.0001, "loss": -7.253, "recon_loss": -8.53, "kld_loss": 4.255, "kld_weight": 0.3}
{"message": "", "levelname": "INFO", "name": "Trainer", "asctime": "2026-04-29 12:43:24,252", "type": "train", "epoch": 2, "batch": 319, "n_batches": 7774, "time": 0.881, "data_time": 0.0, "lr": 0.0001, "loss": -8.271, "recon_loss": -8.883, "kld_loss": 2.038, "kld_weight": 0.3}
{"message": "", "levelname": "INFO", "name": "Trainer", "asctime": "2026-04-29 12:43:33,677", "type": "train", "epoch": 2, "batch": 359, "n_batches": 7774, "time": 1.372, "data_time": 0.0, "lr": 0.0001, "loss": -10.064, "recon_loss": -11.036, "kld_loss": 3.24, "kld_weight": 0.3}
{"message": "", "levelname": "INFO", "name": "Trainer", "asctime": "2026-04-29 12:43:42,571", "type": "train", "epoch": 2, "batch": 399, "n_batches": 7774, "time": 0.619, "data_time": 0.0, "lr": 0.0001, "loss": -7.36, "recon_loss": -8.714, "kld_loss": 4.516, "kld_weight": 0.3}
{"message": "", "levelname": "INFO", "name": "Trainer", "asctime": "2026-04-29 12:43:51,840", "type": "train", "epoch": 2, "batch": 439, "n_batches": 7774, "time": 0.769, "data_time": 0.0, "lr": 0.0001, "loss": -9.322, "recon_loss": -10.039, "kld_loss": 2.391, "kld_weight": 0.3}
{"message": "", "levelname": "INFO", "name": "Trainer", "asctime": "2026-04-29 12:44:02,124", "type": "train", "epoch": 2, "batch": 479, "n_batches": 7774, "time": 0.979, "data_time": 0.0, "lr": 0.0001, "loss": -6.497, "recon_loss": -7.834, "kld_loss": 4.456, "kld_weight": 0.3}
{"message": "", "levelname": "INFO", "name": "Trainer", "asctime": "2026-04-29 12:44:10,429", "type": "train", "epoch": 2, "batch": 519, "n_batches": 7774, "time": 0.88, "data_time": 0.0, "lr": 0.0001, "loss": -9.621, "recon_loss": -10.253, "kld_loss": 2.109, "kld_weight": 0.3}
{"message": "", "levelname": "INFO", "name": "Trainer", "asctime": "2026-04-29 12:44:20,199", "type": "train", "epoch": 2, "batch": 559, "n_batches": 7774, "time": 1.043, "data_time": 0.0, "lr": 0.0001, "loss": -8.435, "recon_loss": -9.317, "kld_loss": 2.941, "kld_weight": 0.3}
{"message": "", "levelname": "INFO", "name": "Trainer", "asctime": "2026-04-29 12:44:30,776", "type": "train", "epoch": 2, "batch": 599, "n_batches": 7774, "time": 0.654, "data_time": 0.0, "lr": 0.0001, "loss": -6.902, "recon_loss": -7.653, "kld_loss": 2.504, "kld_weight": 0.3}
{"message": "", "levelname": "INFO", "name": "Trainer", "asctime": "2026-04-29 12:44:38,913", "type": "train", "epoch": 2, "batch": 639, "n_batches": 7774, "time": 0.854, "data_time": 0.0, "lr": 0.0001, "loss": -6.955, "recon_loss": -7.855, "kld_loss": 3.0, "kld_weight": 0.3}
{"message": "", "levelname": "INFO", "name": "Trainer", "asctime": "2026-04-29 12:44:47,950", "type": "train", "epoch": 2, "batch": 679, "n_batches": 7774, "time": 0.86, "data_time": 0.0, "lr": 0.0001, "loss": -8.436, "recon_loss": -9.167, "kld_loss": 2.437, "kld_weight": 0.3}
{"message": "", "levelname": "INFO", "name": "Trainer", "asctime": "2026-04-29 12:44:58,584", "type": "train", "epoch": 2, "batch": 719, "n_batches": 7774, "time": 0.851, "data_time": 0.0, "lr": 0.0001, "loss": -7.153, "recon_loss": -7.961, "kld_loss": 2.691, "kld_weight": 0.3}
{"message": "", "levelname": "INFO", "name": "Trainer", "asctime": "2026-04-29 12:45:08,421", "type": "train", "epoch": 2, "batch": 759, "n_batches": 7774, "time": 1.853, "data_time": 0.0, "lr": 0.0001, "loss": -8.033, "recon_loss": -8.642, "kld_loss": 2.03, "kld_weight": 0.3}
{"message": "", "levelname": "INFO", "name": "Trainer", "asctime": "2026-04-29 12:45:17,121", "type": "train", "epoch": 2, "batch": 799, "n_batches": 7774, "time": 0.847, "data_time": 0.0, "lr": 0.0001, "loss": -9.02, "recon_loss": -9.635, "kld_loss": 2.047, "kld_weight": 0.3}
{"message": "", "levelname": "INFO", "name": "Trainer", "asctime": "2026-04-29 12:45:25,240", "type": "train", "epoch": 2, "batch": 839, "n_batches": 7774, "time": 0.626, "data_time": 0.0, "lr": 0.0001, "loss": -7.419, "recon_loss": -8.67, "kld_loss": 4.168, "kld_weight": 0.3}
{"message": "", "levelname": "INFO", "name": "Trainer", "asctime": "2026-04-29 12:45:32,850", "type": "train", "epoch": 2, "batch": 879, "n_batches": 7774, "time": 0.87, "data_time": 0.0, "lr": 0.0001, "loss": -7.612, "recon_loss": -8.324, "kld_loss": 2.375, "kld_weight": 0.3}
{"message": "", "levelname": "INFO", "name": "Trainer", "asctime": "2026-04-29 12:45:40,608", "type": "train", "epoch": 2, "batch": 919, "n_batches": 7774, "time": 0.613, "data_time": 0.0, "lr": 0.0001, "loss": -5.293, "recon_loss": -8.312, "kld_loss": 10.063, "kld_weight": 0.3}
{"message": "", "levelname": "INFO", "name": "Trainer", "asctime": "2026-04-29 12:45:47,970", "type": "train", "epoch": 2, "batch": 959, "n_batches": 7774, "time": 0.672, "data_time": 0.0, "lr": 0.0001, "loss": -6.203, "recon_loss": -7.585, "kld_loss": 4.608, "kld_weight": 0.3}
{"message": "", "levelname": "INFO", "name": "Trainer", "asctime": "2026-04-29 12:45:55,451", "type": "train", "epoch": 2, "batch": 999, "n_batches": 7774, "time": 0.825, "data_time": 0.0, "lr": 0.0001, "loss": -7.764, "recon_loss": -8.469, "kld_loss": 2.349, "kld_weight": 0.3}
{"message": "", "levelname": "INFO", "name": "Trainer", "asctime": "2026-04-29 12:46:03,242", "type": "train", "epoch": 2, "batch": 1039, "n_batches": 7774, "time": 1.128, "data_time": 0.0, "lr": 0.0001, "loss": -9.55, "recon_loss": -10.092, "kld_loss": 1.806, "kld_weight": 0.3}
{"message": "", "levelname": "INFO", "name": "Trainer", "asctime": "2026-04-29 12:46:11,672", "type": "train", "epoch": 2, "batch": 1079, "n_batches": 7774, "time": 0.784, "data_time": 0.0, "lr": 0.0001, "loss": -7.925, "recon_loss": -9.105, "kld_loss": 3.934, "kld_weight": 0.3}
{"message": "", "levelname": "INFO", "name": "Trainer", "asctime": "2026-04-29 12:46:19,223", "type": "train", "epoch": 2, "batch": 1119, "n_batches": 7774, "time": 0.69, "data_time": 0.0, "lr": 0.0001, "loss": -6.497, "recon_loss": -7.513, "kld_loss": 3.387, "kld_weight": 0.3}
{"message": "", "levelname": "INFO", "name": "Trainer", "asctime": "2026-04-29 12:46:27,631", "type": "train", "epoch": 2, "batch": 1159, "n_batches": 7774, "time": 0.996, "data_time": 0.0, "lr": 0.0001, "loss": -6.969, "recon_loss": -7.709, "kld_loss": 2.469, "kld_weight": 0.3}
{"message": "", "levelname": "INFO", "name": "Trainer", "asctime": "2026-04-29 12:46:35,734", "type": "train", "epoch": 2, "batch": 1199, "n_batches": 7774, "time": 0.697, "data_time": 0.0, "lr": 0.0001, "loss": -3.981, "recon_loss": -6.9, "kld_loss": 9.73, "kld_weight": 0.3}
{"message": "", "levelname": "INFO", "name": "Trainer", "asctime": "2026-04-29 12:46:44,013", "type": "train", "epoch": 2, "batch": 1239, "n_batches": 7774, "time": 1.473, "data_time": 0.0, "lr": 0.0001, "loss": -7.443, "recon_loss": -8.557, "kld_loss": 3.714, "kld_weight": 0.3}
{"message": "", "levelname": "INFO", "name": "Trainer", "asctime": "2026-04-29 12:46:53,757", "type": "train", "epoch": 2, "batch": 1279, "n_batches": 7774, "time": 0.774, "data_time": 0.0, "lr": 0.0001, "loss": -4.53, "recon_loss": -5.819, "kld_loss": 4.295, "kld_weight": 0.3}
{"message": "", "levelname": "INFO", "name": "Trainer", "asctime": "2026-04-29 12:47:02,668", "type": "train", "epoch": 2, "batch": 1319, "n_batches": 7774, "time": 0.926, "data_time": 0.0, "lr": 0.0001, "loss": -1.502, "recon_loss": -3.985, "kld_loss": 8.278, "kld_weight": 0.3}
{"message": "", "levelname": "INFO", "name": "Trainer", "asctime": "2026-04-29 12:47:12,019", "type": "train", "epoch": 2, "batch": 1359, "n_batches": 7774, "time": 1.156, "data_time": 0.0, "lr": 0.0001, "loss": -8.67, "recon_loss": -9.575, "kld_loss": 3.014, "kld_weight": 0.3}
{"message": "", "levelname": "INFO", "name": "Trainer", "asctime": "2026-04-29 12:47:21,739", "type": "train", "epoch": 2, "batch": 1399, "n_batches": 7774, "time": 1.684, "data_time": 0.0, "lr": 0.0001, "loss": -5.787, "recon_loss": -6.599, "kld_loss": 2.705, "kld_weight": 0.3}
{"message": "", "levelname": "INFO", "name": "Trainer", "asctime": "2026-04-29 12:47:30,330", "type": "train", "epoch": 2, "batch": 1439, "n_batches": 7774, "time": 0.778, "data_time": 0.0, "lr": 0.0001, "loss": -9.44, "recon_loss": -10.296, "kld_loss": 2.853, "kld_weight": 0.3}
{"message": "", "levelname": "INFO", "name": "Trainer", "asctime": "2026-04-29 12:47:39,789", "type": "train", "epoch": 2, "batch": 1479, "n_batches": 7774, "time": 0.733, "data_time": 0.0, "lr": 0.0001, "loss": -8.851, "recon_loss": -9.651, "kld_loss": 2.665, "kld_weight": 0.3}
{"message": "", "levelname": "INFO", "name": "Trainer", "asctime": "2026-04-29 12:47:46,946", "type": "train", "epoch": 2, "batch": 1519, "n_batches": 7774, "time": 0.786, "data_time": 0.0, "lr": 0.0001, "loss": -8.299, "recon_loss": -9.212, "kld_loss": 3.043, "kld_weight": 0.3}
{"message": "", "levelname": "INFO", "name": "Trainer", "asctime": "2026-04-29 12:47:53,782", "type": "train", "epoch": 2, "batch": 1559, "n_batches": 7774, "time": 0.587, "data_time": 0.0, "lr": 0.0001, "loss": -9.04, "recon_loss": -9.949, "kld_loss": 3.027, "kld_weight": 0.3}
{"message": "", "levelname": "INFO", "name": "Trainer", "asctime": "2026-04-29 12:48:02,212", "type": "train", "epoch": 2, "batch": 1599, "n_batches": 7774, "time": 0.774, "data_time": 0.0, "lr": 0.0001, "loss": -8.83, "recon_loss": -9.326, "kld_loss": 1.654, "kld_weight": 0.3}
{"message": "", "levelname": "INFO", "name": "Trainer", "asctime": "2026-04-29 12:48:09,218", "type": "train", "epoch": 2, "batch": 1639, "n_batches": 7774, "time": 0.7, "data_time": 0.0, "lr": 0.0001, "loss": -7.536, "recon_loss": -9.12, "kld_loss": 5.278, "kld_weight": 0.3}
{"message": "", "levelname": "INFO", "name": "Trainer", "asctime": "2026-04-29 12:48:17,609", "type": "train", "epoch": 2, "batch": 1679, "n_batches": 7774, "time": 0.723, "data_time": 0.0, "lr": 0.0001, "loss": -1.202, "recon_loss": -3.125, "kld_loss": 6.411, "kld_weight": 0.3}
{"message": "", "levelname": "INFO", "name": "Trainer", "asctime": "2026-04-29 12:48:26,415", "type": "train", "epoch": 2, "batch": 1719, "n_batches": 7774, "time": 0.772, "data_time": 0.0, "lr": 0.0001, "loss": -5.458, "recon_loss": -6.272, "kld_loss": 2.714, "kld_weight": 0.3}
{"message": "", "levelname": "INFO", "name": "Trainer", "asctime": "2026-04-29 12:48:34,319", "type": "train", "epoch": 2, "batch": 1759, "n_batches": 7774, "time": 1.339, "data_time": 0.0, "lr": 0.0001, "loss": -7.12, "recon_loss": -8.331, "kld_loss": 4.035, "kld_weight": 0.3}
{"message": "", "levelname": "INFO", "name": "Trainer", "asctime": "2026-04-29 12:48:42,996", "type": "train", "epoch": 2, "batch": 1799, "n_batches": 7774, "time": 0.748, "data_time": 0.0, "lr": 0.0001, "loss": -5.571, "recon_loss": -6.454, "kld_loss": 2.941, "kld_weight": 0.3}
{"message": "", "levelname": "INFO", "name": "Trainer", "asctime": "2026-04-29 12:48:51,753", "type": "train", "epoch": 2, "batch": 1839, "n_batches": 7774, "time": 0.704, "data_time": 0.0, "lr": 0.0001, "loss": -4.58, "recon_loss": -6.452, "kld_loss": 6.239, "kld_weight": 0.3}
{"message": "", "levelname": "INFO", "name": "Trainer", "asctime": "2026-04-29 12:49:00,012", "type": "train", "epoch": 2, "batch": 1879, "n_batches": 7774, "time": 0.844, "data_time": 0.0, "lr": 0.0001, "loss": -7.444, "recon_loss": -8.266, "kld_loss": 2.741, "kld_weight": 0.3}
{"message": "", "levelname": "INFO", "name": "Trainer", "asctime": "2026-04-29 12:49:07,437", "type": "train", "epoch": 2, "batch": 1919, "n_batches": 7774, "time": 0.708, "data_time": 0.0, "lr": 0.0001, "loss": -8.031, "recon_loss": -8.718, "kld_loss": 2.291, "kld_weight": 0.3}
{"message": "", "levelname": "INFO", "name": "Trainer", "asctime": "2026-04-29 12:49:14,895", "type": "train", "epoch": 2, "batch": 1959, "n_batches": 7774, "time": 0.639, "data_time": 0.0, "lr": 0.0001, "loss": -7.503, "recon_loss": -8.227, "kld_loss": 2.412, "kld_weight": 0.3}
{"message": "", "levelname": "INFO", "name": "Trainer", "asctime": "2026-04-29 12:49:22,790", "type": "train", "epoch": 2, "batch": 1999, "n_batches": 7774, "time": 0.811, "data_time": 0.0, "lr": 0.0001, "loss": -6.373, "recon_loss": -7.538, "kld_loss": 3.884, "kld_weight": 0.3}
{"message": "", "levelname": "INFO", "name": "Trainer", "asctime": "2026-04-29 12:49:32,831", "type": "train", "epoch": 2, "batch": 2039, "n_batches": 7774, "time": 0.955, "data_time": 0.0, "lr": 0.0001, "loss": -8.308, "recon_loss": -9.412, "kld_loss": 3.681, "kld_weight": 0.3}
{"message": "", "levelname": "INFO", "name": "Trainer", "asctime": "2026-04-29 12:49:42,099", "type": "train", "epoch": 2, "batch": 2079, "n_batches": 7774, "time": 0.779, "data_time": 0.0, "lr": 0.0001, "loss": -7.942, "recon_loss": -8.64, "kld_loss": 2.326, "kld_weight": 0.3}
{"message": "", "levelname": "INFO", "name": "Trainer", "asctime": "2026-04-29 12:49:50,868", "type": "train", "epoch": 2, "batch": 2119, "n_batches": 7774, "time": 0.847, "data_time": 0.0, "lr": 0.0001, "loss": -3.648, "recon_loss": -4.648, "kld_loss": 3.331, "kld_weight": 0.3}
{"message": "", "levelname": "INFO", "name": "Trainer", "asctime": "2026-04-29 12:49:58,262", "type": "train", "epoch": 2, "batch": 2159, "n_batches": 7774, "time": 0.65, "data_time": 0.0, "lr": 0.0001, "loss": -6.464, "recon_loss": -7.415, "kld_loss": 3.171, "kld_weight": 0.3}
{"message": "", "levelname": "INFO", "name": "Trainer", "asctime": "2026-04-29 12:50:08,713", "type": "train", "epoch": 2, "batch": 2199, "n_batches": 7774, "time": 0.807, "data_time": 0.0, "lr": 0.0001, "loss": -6.448, "recon_loss": -7.231, "kld_loss": 2.612, "kld_weight": 0.3}
{"message": "", "levelname": "INFO", "name": "Trainer", "asctime": "2026-04-29 12:50:19,002", "type": "train", "epoch": 2, "batch": 2239, "n_batches": 7774, "time": 0.626, "data_time": 0.0, "lr": 0.0001, "loss": -8.095, "recon_loss": -8.843, "kld_loss": 2.495, "kld_weight": 0.3}
{"message": "", "levelname": "INFO", "name": "Trainer", "asctime": "2026-04-29 12:50:27,243", "type": "train", "epoch": 2, "batch": 2279, "n_batches": 7774, "time": 0.493, "data_time": 0.0, "lr": 0.0001, "loss": -9.009, "recon_loss": -9.574, "kld_loss": 1.884, "kld_weight": 0.3}
{"message": "", "levelname": "INFO", "name": "Trainer", "asctime": "2026-04-29 12:50:37,982", "type": "train", "epoch": 2, "batch": 2319, "n_batches": 7774, "time": 1.586, "data_time": 0.001, "lr": 0.0001, "loss": -4.242, "recon_loss": -5.818, "kld_loss": 5.255, "kld_weight": 0.3}
{"message": "", "levelname": "INFO", "name": "Trainer", "asctime": "2026-04-29 12:50:45,958", "type": "train", "epoch": 2, "batch": 2359, "n_batches": 7774, "time": 0.966, "data_time": 0.0, "lr": 0.0001, "loss": -8.3, "recon_loss": -9.773, "kld_loss": 4.91, "kld_weight": 0.3}
{"message": "", "levelname": "INFO", "name": "Trainer", "asctime": "2026-04-29 12:50:54,463", "type": "train", "epoch": 2, "batch": 2399, "n_batches": 7774, "time": 1.28, "data_time": 0.0, "lr": 0.0001, "loss": -8.537, "recon_loss": -9.27, "kld_loss": 2.446, "kld_weight": 0.3}
{"message": "", "levelname": "INFO", "name": "Trainer", "asctime": "2026-04-29 12:51:03,274", "type": "train", "epoch": 2, "batch": 2439, "n_batches": 7774, "time": 1.507, "data_time": 0.0, "lr": 0.0001, "loss": -6.876, "recon_loss": -7.466, "kld_loss": 1.966, "kld_weight": 0.3}
{"message": "", "levelname": "INFO", "name": "Trainer", "asctime": "2026-04-29 12:51:12,237", "type": "train", "epoch": 2, "batch": 2479, "n_batches": 7774, "time": 0.769, "data_time": 0.0, "lr": 0.0001, "loss": -8.686, "recon_loss": -9.613, "kld_loss": 3.09, "kld_weight": 0.3}
{"message": "", "levelname": "INFO", "name": "Trainer", "asctime": "2026-04-29 12:51:19,351", "type": "train", "epoch": 2, "batch": 2519, "n_batches": 7774, "time": 0.767, "data_time": 0.0, "lr": 0.0001, "loss": -8.548, "recon_loss": -9.147, "kld_loss": 1.997, "kld_weight": 0.3}
{"message": "", "levelname": "INFO", "name": "Trainer", "asctime": "2026-04-29 12:51:28,138", "type": "train", "epoch": 2, "batch": 2559, "n_batches": 7774, "time": 0.676, "data_time": 0.0, "lr": 0.0001, "loss": 0.568, "recon_loss": -2.751, "kld_loss": 11.064, "kld_weight": 0.3}
{"message": "", "levelname": "INFO", "name": "Trainer", "asctime": "2026-04-29 12:51:37,465", "type": "train", "epoch": 2, "batch": 2599, "n_batches": 7774, "time": 1.524, "data_time": 0.0, "lr": 0.0001, "loss": -9.05, "recon_loss": -9.731, "kld_loss": 2.272, "kld_weight": 0.3}
{"message": "", "levelname": "INFO", "name": "Trainer", "asctime": "2026-04-29 12:51:44,444", "type": "train", "epoch": 2, "batch": 2639, "n_batches": 7774, "time": 0.653, "data_time": 0.0, "lr": 0.0001, "loss": -7.294, "recon_loss": -7.903, "kld_loss": 2.031, "kld_weight": 0.3}
{"message": "", "levelname": "INFO", "name": "Trainer", "asctime": "2026-04-29 12:51:51,195", "type": "train", "epoch": 2, "batch": 2679, "n_batches": 7774, "time": 0.386, "data_time": 0.0, "lr": 0.0001, "loss": -9.747, "recon_loss": -10.313, "kld_loss": 1.885, "kld_weight": 0.3}
{"message": "", "levelname": "INFO", "name": "Trainer", "asctime": "2026-04-29 12:51:59,355", "type": "train", "epoch": 2, "batch": 2719, "n_batches": 7774, "time": 0.714, "data_time": 0.0, "lr": 0.0001, "loss": -9.835, "recon_loss": -10.32, "kld_loss": 1.618, "kld_weight": 0.3}
{"message": "", "levelname": "INFO", "name": "Trainer", "asctime": "2026-04-29 12:52:08,224", "type": "train", "epoch": 2, "batch": 2759, "n_batches": 7774, "time": 1.538, "data_time": 0.0, "lr": 0.0001, "loss": -3.995, "recon_loss": -4.859, "kld_loss": 2.878, "kld_weight": 0.3}
{"message": "", "levelname": "INFO", "name": "Trainer", "asctime": "2026-04-29 12:52:15,943", "type": "train", "epoch": 2, "batch": 2799, "n_batches": 7774, "time": 0.784, "data_time": 0.0, "lr": 0.0001, "loss": -9.673, "recon_loss": -10.239, "kld_loss": 1.887, "kld_weight": 0.3}
{"message": "", "levelname": "INFO", "name": "Trainer", "asctime": "2026-04-29 12:52:25,123", "type": "train", "epoch": 2, "batch": 2839, "n_batches": 7774, "time": 0.647, "data_time": 0.0, "lr": 0.0001, "loss": -7.352, "recon_loss": -8.413, "kld_loss": 3.536, "kld_weight": 0.3}
{"message": "", "levelname": "INFO", "name": "Trainer", "asctime": "2026-04-29 12:52:35,169", "type": "train", "epoch": 2, "batch": 2879, "n_batches": 7774, "time": 0.833, "data_time": 0.0, "lr": 0.0001, "loss": -8.168, "recon_loss": -8.872, "kld_loss": 2.347, "kld_weight": 0.3}
{"message": "", "levelname": "INFO", "name": "Trainer", "asctime": "2026-04-29 12:52:43,466", "type": "train", "epoch": 2, "batch": 2919, "n_batches": 7774, "time": 0.586, "data_time": 0.0, "lr": 0.0001, "loss": -6.994, "recon_loss": -7.896, "kld_loss": 3.006, "kld_weight": 0.3}
{"message": "", "levelname": "INFO", "name": "Trainer", "asctime": "2026-04-29 12:52:52,613", "type": "train", "epoch": 2, "batch": 2959, "n_batches": 7774, "time": 1.016, "data_time": 0.0, "lr": 0.0001, "loss": -8.865, "recon_loss": -9.721, "kld_loss": 2.853, "kld_weight": 0.3}
{"message": "", "levelname": "INFO", "name": "Trainer", "asctime": "2026-04-29 12:53:02,294", "type": "train", "epoch": 2, "batch": 2999, "n_batches": 7774, "time": 0.782, "data_time": 0.0, "lr": 0.0001, "loss": -6.776, "recon_loss": -7.578, "kld_loss": 2.671, "kld_weight": 0.3}
{"message": "", "levelname": "INFO", "name": "Trainer", "asctime": "2026-04-29 12:53:10,539", "type": "train", "epoch": 2, "batch": 3039, "n_batches": 7774, "time": 1.639, "data_time": 0.0, "lr": 0.0001, "loss": -6.88, "recon_loss": -7.749, "kld_loss": 2.895, "kld_weight": 0.3}
{"message": "", "levelname": "INFO", "name": "Trainer", "asctime": "2026-04-29 12:53:18,015", "type": "train", "epoch": 2, "batch": 3079, "n_batches": 7774, "time": 0.707, "data_time": 0.0, "lr": 0.0001, "loss": -6.056, "recon_loss": -6.892, "kld_loss": 2.788, "kld_weight": 0.3}
{"message": "", "levelname": "INFO", "name": "Trainer", "asctime": "2026-04-29 12:53:25,145", "type": "train", "epoch": 2, "batch": 3119, "n_batches": 7774, "time": 0.564, "data_time": 0.0, "lr": 0.0001, "loss": -2.675, "recon_loss": -5.167, "kld_loss": 8.306, "kld_weight": 0.3}
{"message": "", "levelname": "INFO", "name": "Trainer", "asctime": "2026-04-29 12:53:33,914", "type": "train", "epoch": 2, "batch": 3159, "n_batches": 7774, "time": 1.019, "data_time": 0.0, "lr": 0.0001, "loss": -5.444, "recon_loss": -6.336, "kld_loss": 2.971, "kld_weight": 0.3}
{"message": "", "levelname": "INFO", "name": "Trainer", "asctime": "2026-04-29 12:53:41,964", "type": "train", "epoch": 2, "batch": 3199, "n_batches": 7774, "time": 0.821, "data_time": 0.0, "lr": 0.0001, "loss": -7.676, "recon_loss": -8.309, "kld_loss": 2.11, "kld_weight": 0.3}
{"message": "", "levelname": "INFO", "name": "Trainer", "asctime": "2026-04-29 12:53:49,841", "type": "train", "epoch": 2, "batch": 3239, "n_batches": 7774, "time": 0.817, "data_time": 0.0, "lr": 0.0001, "loss": -8.187, "recon_loss": -8.792, "kld_loss": 2.016, "kld_weight": 0.3}
{"message": "", "levelname": "INFO", "name": "Trainer", "asctime": "2026-04-29 12:53:57,860", "type": "train", "epoch": 2, "batch": 3279, "n_batches": 7774, "time": 0.879, "data_time": 0.0, "lr": 0.0001, "loss": -8.679, "recon_loss": -9.216, "kld_loss": 1.789, "kld_weight": 0.3}
{"message": "", "levelname": "INFO", "name": "Trainer", "asctime": "2026-04-29 12:54:06,267", "type": "train", "epoch": 2, "batch": 3319, "n_batches": 7774, "time": 1.704, "data_time": 0.0, "lr": 0.0001, "loss": -8.519, "recon_loss": -9.128, "kld_loss": 2.03, "kld_weight": 0.3}
{"message": "", "levelname": "INFO", "name": "Trainer", "asctime": "2026-04-29 12:54:13,757", "type": "train", "epoch": 2, "batch": 3359, "n_batches": 7774, "time": 0.576, "data_time": 0.0, "lr": 0.0001, "loss": -6.823, "recon_loss": -8.607, "kld_loss": 5.947, "kld_weight": 0.3}
{"message": "", "levelname": "INFO", "name": "Trainer", "asctime": "2026-04-29 12:54:22,276", "type": "train", "epoch": 2, "batch": 3399, "n_batches": 7774, "time": 0.697, "data_time": 0.0, "lr": 0.0001, "loss": -8.335, "recon_loss": -9.15, "kld_loss": 2.718, "kld_weight": 0.3}
{"message": "", "levelname": "INFO", "name": "Trainer", "asctime": "2026-04-29 12:54:30,378", "type": "train", "epoch": 2, "batch": 3439, "n_batches": 7774, "time": 0.879, "data_time": 0.0, "lr": 0.0001, "loss": -3.747, "recon_loss": -5.337, "kld_loss": 5.301, "kld_weight": 0.3}
{"message": "", "levelname": "INFO", "name": "Trainer", "asctime": "2026-04-29 12:54:38,738", "type": "train", "epoch": 2, "batch": 3479, "n_batches": 7774, "time": 0.559, "data_time": 0.0, "lr": 0.0001, "loss": -8.497, "recon_loss": -9.284, "kld_loss": 2.625, "kld_weight": 0.3}
{"message": "", "levelname": "INFO", "name": "Trainer", "asctime": "2026-04-29 12:54:46,671", "type": "train", "epoch": 2, "batch": 3519, "n_batches": 7774, "time": 0.607, "data_time": 0.0, "lr": 0.0001, "loss": -7.171, "recon_loss": -7.793, "kld_loss": 2.075, "kld_weight": 0.3}
{"message": "", "levelname": "INFO", "name": "Trainer", "asctime": "2026-04-29 12:54:55,065", "type": "train", "epoch": 2, "batch": 3559, "n_batches": 7774, "time": 0.859, "data_time": 0.0, "lr": 0.0001, "loss": -3.631, "recon_loss": -4.773, "kld_loss": 3.807, "kld_weight": 0.3}
{"message": "", "levelname": "INFO", "name": "Trainer", "asctime": "2026-04-29 12:55:03,444", "type": "train", "epoch": 2, "batch": 3599, "n_batches": 7774, "time": 0.925, "data_time": 0.0, "lr": 0.0001, "loss": -6.866, "recon_loss": -7.312, "kld_loss": 1.486, "kld_weight": 0.3}
{"message": "", "levelname": "INFO", "name": "Trainer", "asctime": "2026-04-29 12:55:10,963", "type": "train", "epoch": 2, "batch": 3639, "n_batches": 7774, "time": 0.691, "data_time": 0.0, "lr": 0.0001, "loss": -10.455, "recon_loss": -10.944, "kld_loss": 1.631, "kld_weight": 0.3}
{"message": "", "levelname": "INFO", "name": "Trainer", "asctime": "2026-04-29 12:55:19,373", "type": "train", "epoch": 2, "batch": 3679, "n_batches": 7774, "time": 0.696, "data_time": 0.0, "lr": 0.0001, "loss": -6.894, "recon_loss": -7.98, "kld_loss": 3.618, "kld_weight": 0.3}
{"message": "", "levelname": "INFO", "name": "Trainer", "asctime": "2026-04-29 12:55:27,146", "type": "train", "epoch": 2, "batch": 3719, "n_batches": 7774, "time": 0.615, "data_time": 0.0, "lr": 0.0001, "loss": -7.468, "recon_loss": -7.987, "kld_loss": 1.731, "kld_weight": 0.3}
{"message": "", "levelname": "INFO", "name": "Trainer", "asctime": "2026-04-29 12:55:35,018", "type": "train", "epoch": 2, "batch": 3759, "n_batches": 7774, "time": 0.868, "data_time": 0.0, "lr": 0.0001, "loss": -9.044, "recon_loss": -9.614, "kld_loss": 1.9, "kld_weight": 0.3}
{"message": "", "levelname": "INFO", "name": "Trainer", "asctime": "2026-04-29 12:55:42,691", "type": "train", "epoch": 2, "batch": 3799, "n_batches": 7774, "time": 0.711, "data_time": 0.0, "lr": 0.0001, "loss": -9.35, "recon_loss": -9.922, "kld_loss": 1.905, "kld_weight": 0.3}
{"message": "", "levelname": "INFO", "name": "Trainer", "asctime": "2026-04-29 12:55:50,733", "type": "train", "epoch": 2, "batch": 3839, "n_batches": 7774, "time": 0.595, "data_time": 0.0, "lr": 0.0001, "loss": -6.942, "recon_loss": -8.673, "kld_loss": 5.772, "kld_weight": 0.3}
{"message": "", "levelname": "INFO", "name": "Trainer", "asctime": "2026-04-29 12:55:58,258", "type": "train", "epoch": 2, "batch": 3879, "n_batches": 7774, "time": 0.651, "data_time": 0.0, "lr": 0.0001, "loss": -5.939, "recon_loss": -6.675, "kld_loss": 2.452, "kld_weight": 0.3}
{"message": "", "levelname": "INFO", "name": "Trainer", "asctime": "2026-04-29 12:56:05,802", "type": "train", "epoch": 2, "batch": 3919, "n_batches": 7774, "time": 0.801, "data_time": 0.0, "lr": 0.0001, "loss": -9.488, "recon_loss": -9.95, "kld_loss": 1.539, "kld_weight": 0.3}
{"message": "", "levelname": "INFO", "name": "Trainer", "asctime": "2026-04-29 12:56:13,960", "type": "train", "epoch": 2, "batch": 3959, "n_batches": 7774, "time": 0.77, "data_time": 0.0, "lr": 0.0001, "loss": -5.02, "recon_loss": -6.514, "kld_loss": 4.98, "kld_weight": 0.3}
{"message": "", "levelname": "INFO", "name": "Trainer", "asctime": "2026-04-29 12:56:21,220", "type": "train", "epoch": 2, "batch": 3999, "n_batches": 7774, "time": 0.708, "data_time": 0.0, "lr": 0.0001, "loss": -4.66, "recon_loss": -5.369, "kld_loss": 2.365, "kld_weight": 0.3}
{"message": "", "levelname": "INFO", "name": "Trainer", "asctime": "2026-04-29 12:56:29,178", "type": "train", "epoch": 2, "batch": 4039, "n_batches": 7774, "time": 0.615, "data_time": 0.0, "lr": 0.0001, "loss": -8.728, "recon_loss": -9.371, "kld_loss": 2.142, "kld_weight": 0.3}
{"message": "", "levelname": "INFO", "name": "Trainer", "asctime": "2026-04-29 12:56:38,356", "type": "train", "epoch": 2, "batch": 4079, "n_batches": 7774, "time": 0.662, "data_time": 0.0, "lr": 0.0001, "loss": -7.525, "recon_loss": -8.283, "kld_loss": 2.524, "kld_weight": 0.3}
{"message": "", "levelname": "INFO", "name": "Trainer", "asctime": "2026-04-29 12:56:46,718", "type": "train", "epoch": 2, "batch": 4119, "n_batches": 7774, "time": 0.773, "data_time": 0.0, "lr": 0.0001, "loss": -6.617, "recon_loss": -7.186, "kld_loss": 1.897, "kld_weight": 0.3}
{"message": "", "levelname": "INFO", "name": "Trainer", "asctime": "2026-04-29 12:56:55,150", "type": "train", "epoch": 2, "batch": 4159, "n_batches": 7774, "time": 1.39, "data_time": 0.0, "lr": 0.0001, "loss": -3.392, "recon_loss": -4.397, "kld_loss": 3.348, "kld_weight": 0.3}
{"message": "", "levelname": "INFO", "name": "Trainer", "asctime": "2026-04-29 12:57:03,446", "type": "train", "epoch": 2, "batch": 4199, "n_batches": 7774, "time": 0.556, "data_time": 0.0, "lr": 0.0001, "loss": -4.901, "recon_loss": -5.635, "kld_loss": 2.446, "kld_weight": 0.3}
{"message": "", "levelname": "INFO", "name": "Trainer", "asctime": "2026-04-29 12:57:10,962", "type": "train", "epoch": 2, "batch": 4239, "n_batches": 7774, "time": 0.602, "data_time": 0.0, "lr": 0.0001, "loss": -3.38, "recon_loss": -4.581, "kld_loss": 4.005, "kld_weight": 0.3}
{"message": "", "levelname": "INFO", "name": "Trainer", "asctime": "2026-04-29 12:57:19,617", "type": "train", "epoch": 2, "batch": 4279, "n_batches": 7774, "time": 0.945, "data_time": 0.0, "lr": 0.0001, "loss": -7.332, "recon_loss": -7.971, "kld_loss": 2.131, "kld_weight": 0.3}
{"message": "", "levelname": "INFO", "name": "Trainer", "asctime": "2026-04-29 12:57:26,458", "type": "train", "epoch": 2, "batch": 4319, "n_batches": 7774, "time": 0.53, "data_time": 0.0, "lr": 0.0001, "loss": -4.293, "recon_loss": -5.386, "kld_loss": 3.643, "kld_weight": 0.3}
{"message": "", "levelname": "INFO", "name": "Trainer", "asctime": "2026-04-29 12:57:33,764", "type": "train", "epoch": 2, "batch": 4359, "n_batches": 7774, "time": 0.712, "data_time": 0.0, "lr": 0.0001, "loss": -3.942, "recon_loss": -4.509, "kld_loss": 1.888, "kld_weight": 0.3}
{"message": "", "levelname": "INFO", "name": "Trainer", "asctime": "2026-04-29 12:57:42,664", "type": "train", "epoch": 2, "batch": 4399, "n_batches": 7774, "time": 0.643, "data_time": 0.0, "lr": 0.0001, "loss": -6.993, "recon_loss": -7.629, "kld_loss": 2.121, "kld_weight": 0.3}
{"message": "", "levelname": "INFO", "name": "Trainer", "asctime": "2026-04-29 12:57:49,726", "type": "train", "epoch": 2, "batch": 4439, "n_batches": 7774, "time": 0.89, "data_time": 0.0, "lr": 0.0001, "loss": -5.93, "recon_loss": -6.785, "kld_loss": 2.85, "kld_weight": 0.3}
{"message": "", "levelname": "INFO", "name": "Trainer", "asctime": "2026-04-29 12:57:59,255", "type": "train", "epoch": 2, "batch": 4479, "n_batches": 7774, "time": 1.263, "data_time": 0.0, "lr": 0.0001, "loss": -8.917, "recon_loss": -9.406, "kld_loss": 1.629, "kld_weight": 0.3}
{"message": "", "levelname": "INFO", "name": "Trainer", "asctime": "2026-04-29 12:58:06,988", "type": "train", "epoch": 2, "batch": 4519, "n_batches": 7774, "time": 0.738, "data_time": 0.0, "lr": 0.0001, "loss": -3.469, "recon_loss": -4.551, "kld_loss": 3.606, "kld_weight": 0.3}
{"message": "", "levelname": "INFO", "name": "Trainer", "asctime": "2026-04-29 12:58:14,670", "type": "train", "epoch": 2, "batch": 4559, "n_batches": 7774, "time": 0.75, "data_time": 0.0, "lr": 0.0001, "loss": -10.328, "recon_loss": -10.971, "kld_loss": 2.143, "kld_weight": 0.3}
{"message": "", "levelname": "INFO", "name": "Trainer", "asctime": "2026-04-29 12:58:22,723", "type": "train", "epoch": 2, "batch": 4599, "n_batches": 7774, "time": 0.796, "data_time": 0.0, "lr": 0.0001, "loss": -7.816, "recon_loss": -8.431, "kld_loss": 2.051, "kld_weight": 0.3}
{"message": "", "levelname": "INFO", "name": "Trainer", "asctime": "2026-04-29 12:58:29,796", "type": "train", "epoch": 2, "batch": 4639, "n_batches": 7774, "time": 0.823, "data_time": 0.0, "lr": 0.0001, "loss": -7.553, "recon_loss": -8.655, "kld_loss": 3.674, "kld_weight": 0.3}
{"message": "", "levelname": "INFO", "name": "Trainer", "asctime": "2026-04-29 12:58:38,507", "type": "train", "epoch": 2, "batch": 4679, "n_batches": 7774, "time": 0.795, "data_time": 0.0, "lr": 0.0001, "loss": -8.588, "recon_loss": -9.468, "kld_loss": 2.932, "kld_weight": 0.3}
{"message": "", "levelname": "INFO", "name": "Trainer", "asctime": "2026-04-29 12:58:45,720", "type": "train", "epoch": 2, "batch": 4719, "n_batches": 7774, "time": 0.657, "data_time": 0.0, "lr": 0.0001, "loss": -9.327, "recon_loss": -9.842, "kld_loss": 1.72, "kld_weight": 0.3}
{"message": "", "levelname": "INFO", "name": "Trainer", "asctime": "2026-04-29 12:58:55,647", "type": "train", "epoch": 2, "batch": 4759, "n_batches": 7774, "time": 0.909, "data_time": 0.0, "lr": 0.0001, "loss": -5.324, "recon_loss": -6.001, "kld_loss": 2.256, "kld_weight": 0.3}
{"message": "", "levelname": "INFO", "name": "Trainer", "asctime": "2026-04-29 12:59:04,822", "type": "train", "epoch": 2, "batch": 4799, "n_batches": 7774, "time": 0.794, "data_time": 0.0, "lr": 0.0001, "loss": -7.121, "recon_loss": -7.898, "kld_loss": 2.59, "kld_weight": 0.3}
{"message": "", "levelname": "INFO", "name": "Trainer", "asctime": "2026-04-29 12:59:11,779", "type": "train", "epoch": 2, "batch": 4839, "n_batches": 7774, "time": 0.663, "data_time": 0.0, "lr": 0.0001, "loss": -8.394, "recon_loss": -8.952, "kld_loss": 1.862, "kld_weight": 0.3}
{"message": "", "levelname": "INFO", "name": "Trainer", "asctime": "2026-04-29 12:59:19,112", "type": "train", "epoch": 2, "batch": 4879, "n_batches": 7774, "time": 0.594, "data_time": 0.0, "lr": 0.0001, "loss": -9.535, "recon_loss": -9.917, "kld_loss": 1.273, "kld_weight": 0.3}
{"message": "", "levelname": "INFO", "name": "Trainer", "asctime": "2026-04-29 12:59:27,775", "type": "train", "epoch": 2, "batch": 4919, "n_batches": 7774, "time": 0.975, "data_time": 0.0, "lr": 0.0001, "loss": -8.633, "recon_loss": -9.206, "kld_loss": 1.912, "kld_weight": 0.3}
{"message": "", "levelname": "INFO", "name": "Trainer", "asctime": "2026-04-29 12:59:38,665", "type": "train", "epoch": 2, "batch": 4959, "n_batches": 7774, "time": 1.605, "data_time": 0.0, "lr": 0.0001, "loss": -10.954, "recon_loss": -11.358, "kld_loss": 1.345, "kld_weight": 0.3}
{"message": "", "levelname": "INFO", "name": "Trainer", "asctime": "2026-04-29 12:59:48,043", "type": "train", "epoch": 2, "batch": 4999, "n_batches": 7774, "time": 0.857, "data_time": 0.0, "lr": 0.0001, "loss": -8.502, "recon_loss": -9.124, "kld_loss": 2.072, "kld_weight": 0.3}
{"message": "", "levelname": "INFO", "name": "Trainer", "asctime": "2026-04-29 12:59:56,873", "type": "train", "epoch": 2, "batch": 5039, "n_batches": 7774, "time": 0.69, "data_time": 0.0, "lr": 0.0001, "loss": -8.525, "recon_loss": -9.484, "kld_loss": 3.196, "kld_weight": 0.3}
{"message": "", "levelname": "INFO", "name": "Trainer", "asctime": "2026-04-29 13:00:06,797", "type": "train", "epoch": 2, "batch": 5079, "n_batches": 7774, "time": 0.698, "data_time": 0.0, "lr": 0.0001, "loss": -6.85, "recon_loss": -8.191, "kld_loss": 4.47, "kld_weight": 0.3}
{"message": "", "levelname": "INFO", "name": "Trainer", "asctime": "2026-04-29 13:00:16,698", "type": "train", "epoch": 2, "batch": 5119, "n_batches": 7774, "time": 0.853, "data_time": 0.0, "lr": 0.0001, "loss": -9.692, "recon_loss": -10.132, "kld_loss": 1.467, "kld_weight": 0.3}
{"message": "", "levelname": "INFO", "name": "Trainer", "asctime": "2026-04-29 13:00:25,238", "type": "train", "epoch": 2, "batch": 5159, "n_batches": 7774, "time": 0.7, "data_time": 0.0, "lr": 0.0001, "loss": -8.831, "recon_loss": -9.215, "kld_loss": 1.28, "kld_weight": 0.3}
{"message": "", "levelname": "INFO", "name": "Trainer", "asctime": "2026-04-29 13:00:32,511", "type": "train", "epoch": 2, "batch": 5199, "n_batches": 7774, "time": 0.658, "data_time": 0.0, "lr": 0.0001, "loss": -7.91, "recon_loss": -8.73, "kld_loss": 2.733, "kld_weight": 0.3}
{"message": "", "levelname": "INFO", "name": "Trainer", "asctime": "2026-04-29 13:00:40,525", "type": "train", "epoch": 2, "batch": 5239, "n_batches": 7774, "time": 0.529, "data_time": 0.0, "lr": 0.0001, "loss": -8.218, "recon_loss": -8.568, "kld_loss": 1.168, "kld_weight": 0.3}
{"message": "", "levelname": "INFO", "name": "Trainer", "asctime": "2026-04-29 13:00:47,405", "type": "train", "epoch": 2, "batch": 5279, "n_batches": 7774, "time": 0.755, "data_time": 0.0, "lr": 0.0001, "loss": -8.514, "recon_loss": -8.912, "kld_loss": 1.328, "kld_weight": 0.3}
{"message": "", "levelname": "INFO", "name": "Trainer", "asctime": "2026-04-29 13:00:55,036", "type": "train", "epoch": 2, "batch": 5319, "n_batches": 7774, "time": 0.732, "data_time": 0.0, "lr": 0.0001, "loss": -9.667, "recon_loss": -10.027, "kld_loss": 1.199, "kld_weight": 0.3}
{"message": "", "levelname": "INFO", "name": "Trainer", "asctime": "2026-04-29 13:01:03,016", "type": "train", "epoch": 2, "batch": 5359, "n_batches": 7774, "time": 0.665, "data_time": 0.0, "lr": 0.0001, "loss": -9.801, "recon_loss": -10.185, "kld_loss": 1.281, "kld_weight": 0.3}
{"message": "", "levelname": "INFO", "name": "Trainer", "asctime": "2026-04-29 13:01:11,152", "type": "train", "epoch": 2, "batch": 5399, "n_batches": 7774, "time": 0.653, "data_time": 0.0, "lr": 0.0001, "loss": -7.04, "recon_loss": -7.367, "kld_loss": 1.089, "kld_weight": 0.3}
{"message": "", "levelname": "INFO", "name": "Trainer", "asctime": "2026-04-29 13:01:19,277", "type": "train", "epoch": 2, "batch": 5439, "n_batches": 7774, "time": 0.738, "data_time": 0.0, "lr": 0.0001, "loss": -2.301, "recon_loss": -3.443, "kld_loss": 3.808, "kld_weight": 0.3}
{"message": "", "levelname": "INFO", "name": "Trainer", "asctime": "2026-04-29 13:01:27,589", "type": "train", "epoch": 2, "batch": 5479, "n_batches": 7774, "time": 0.608, "data_time": 0.0, "lr": 0.0001, "loss": -4.998, "recon_loss": -5.813, "kld_loss": 2.715, "kld_weight": 0.3}
{"message": "", "levelname": "INFO", "name": "Trainer", "asctime": "2026-04-29 13:01:36,062", "type": "train", "epoch": 2, "batch": 5519, "n_batches": 7774, "time": 0.847, "data_time": 0.0, "lr": 0.0001, "loss": -11.214, "recon_loss": -11.559, "kld_loss": 1.149, "kld_weight": 0.3}
{"message": "", "levelname": "INFO", "name": "Trainer", "asctime": "2026-04-29 13:01:43,810", "type": "train", "epoch": 2, "batch": 5559, "n_batches": 7774, "time": 0.566, "data_time": 0.0, "lr": 0.0001, "loss": -9.64, "recon_loss": -10.202, "kld_loss": 1.87, "kld_weight": 0.3}
{"message": "", "levelname": "INFO", "name": "Trainer", "asctime": "2026-04-29 13:01:50,387", "type": "train", "epoch": 2, "batch": 5599, "n_batches": 7774, "time": 0.772, "data_time": 0.0, "lr": 0.0001, "loss": -7.391, "recon_loss": -7.974, "kld_loss": 1.944, "kld_weight": 0.3}
{"message": "", "levelname": "INFO", "name": "Trainer", "asctime": "2026-04-29 13:01:58,277", "type": "train", "epoch": 2, "batch": 5639, "n_batches": 7774, "time": 0.785, "data_time": 0.0, "lr": 0.0001, "loss": -9.038, "recon_loss": -9.544, "kld_loss": 1.689, "kld_weight": 0.3}
{"message": "", "levelname": "INFO", "name": "Trainer", "asctime": "2026-04-29 13:02:05,466", "type": "train", "epoch": 2, "batch": 5679, "n_batches": 7774, "time": 0.464, "data_time": 0.0, "lr": 0.0001, "loss": -7.694, "recon_loss": -8.752, "kld_loss": 3.528, "kld_weight": 0.3}
{"message": "", "levelname": "INFO", "name": "Trainer", "asctime": "2026-04-29 13:02:12,051", "type": "train", "epoch": 2, "batch": 5719, "n_batches": 7774, "time": 0.719, "data_time": 0.0, "lr": 0.0001, "loss": -10.283, "recon_loss": -10.691, "kld_loss": 1.362, "kld_weight": 0.3}
{"message": "", "levelname": "INFO", "name": "Trainer", "asctime": "2026-04-29 13:02:19,304", "type": "train", "epoch": 2, "batch": 5759, "n_batches": 7774, "time": 1.634, "data_time": 0.0, "lr": 0.0001, "loss": -9.14, "recon_loss": -9.477, "kld_loss": 1.123, "kld_weight": 0.3}
{"message": "", "levelname": "INFO", "name": "Trainer", "asctime": "2026-04-29 13:02:27,007", "type": "train", "epoch": 2, "batch": 5799, "n_batches": 7774, "time": 0.795, "data_time": 0.0, "lr": 0.0001, "loss": -2.704, "recon_loss": -3.373, "kld_loss": 2.231, "kld_weight": 0.3}
{"message": "", "levelname": "INFO", "name": "Trainer", "asctime": "2026-04-29 13:02:33,865", "type": "train", "epoch": 2, "batch": 5839, "n_batches": 7774, "time": 0.663, "data_time": 0.0, "lr": 0.0001, "loss": -7.832, "recon_loss": -8.401, "kld_loss": 1.897, "kld_weight": 0.3}
{"message": "", "levelname": "INFO", "name": "Trainer", "asctime": "2026-04-29 13:02:42,836", "type": "train", "epoch": 2, "batch": 5879, "n_batches": 7774, "time": 0.325, "data_time": 0.0, "lr": 0.0001, "loss": -7.905, "recon_loss": -8.454, "kld_loss": 1.832, "kld_weight": 0.3}
{"message": "", "levelname": "INFO", "name": "Trainer", "asctime": "2026-04-29 13:02:51,491", "type": "train", "epoch": 2, "batch": 5919, "n_batches": 7774, "time": 0.598, "data_time": 0.0, "lr": 0.0001, "loss": -7.53, "recon_loss": -8.03, "kld_loss": 1.666, "kld_weight": 0.3}
{"message": "", "levelname": "INFO", "name": "Trainer", "asctime": "2026-04-29 13:03:00,685", "type": "train", "epoch": 2, "batch": 5959, "n_batches": 7774, "time": 1.024, "data_time": 0.0, "lr": 0.0001, "loss": -6.466, "recon_loss": -6.901, "kld_loss": 1.447, "kld_weight": 0.3}
{"message": "", "levelname": "INFO", "name": "Trainer", "asctime": "2026-04-29 13:03:09,984", "type": "train", "epoch": 2, "batch": 5999, "n_batches": 7774, "time": 0.79, "data_time": 0.0, "lr": 0.0001, "loss": -8.707, "recon_loss": -9.77, "kld_loss": 3.543, "kld_weight": 0.3}
{"message": "", "levelname": "INFO", "name": "Trainer", "asctime": "2026-04-29 13:03:18,230", "type": "train", "epoch": 2, "batch": 6039, "n_batches": 7774, "time": 0.783, "data_time": 0.0, "lr": 0.0001, "loss": -8.044, "recon_loss": -8.519, "kld_loss": 1.585, "kld_weight": 0.3}
{"message": "", "levelname": "INFO", "name": "Trainer", "asctime": "2026-04-29 13:03:27,228", "type": "train", "epoch": 2, "batch": 6079, "n_batches": 7774, "time": 0.771, "data_time": 0.0, "lr": 0.0001, "loss": -9.864, "recon_loss": -10.249, "kld_loss": 1.282, "kld_weight": 0.3}
{"message": "", "levelname": "INFO", "name": "Trainer", "asctime": "2026-04-29 13:03:36,098", "type": "train", "epoch": 2, "batch": 6119, "n_batches": 7774, "time": 0.912, "data_time": 0.0, "lr": 0.0001, "loss": -8.874, "recon_loss": -9.538, "kld_loss": 2.211, "kld_weight": 0.3}
{"message": "", "levelname": "INFO", "name": "Trainer", "asctime": "2026-04-29 13:03:46,137", "type": "train", "epoch": 2, "batch": 6159, "n_batches": 7774, "time": 0.632, "data_time": 0.0, "lr": 0.0001, "loss": -6.378, "recon_loss": -6.951, "kld_loss": 1.908, "kld_weight": 0.3}
{"message": "", "levelname": "INFO", "name": "Trainer", "asctime": "2026-04-29 13:03:53,449", "type": "train", "epoch": 2, "batch": 6199, "n_batches": 7774, "time": 0.735, "data_time": 0.0, "lr": 0.0001, "loss": -7.046, "recon_loss": -7.56, "kld_loss": 1.713, "kld_weight": 0.3}
{"message": "", "levelname": "INFO", "name": "Trainer", "asctime": "2026-04-29 13:04:01,177", "type": "train", "epoch": 2, "batch": 6239, "n_batches": 7774, "time": 0.577, "data_time": 0.0, "lr": 0.0001, "loss": -9.346, "recon_loss": -9.824, "kld_loss": 1.592, "kld_weight": 0.3}
{"message": "", "levelname": "INFO", "name": "Trainer", "asctime": "2026-04-29 13:04:08,579", "type": "train", "epoch": 2, "batch": 6279, "n_batches": 7774, "time": 0.896, "data_time": 0.0, "lr": 0.0001, "loss": -7.172, "recon_loss": -7.72, "kld_loss": 1.829, "kld_weight": 0.3}
{"message": "", "levelname": "INFO", "name": "Trainer", "asctime": "2026-04-29 13:04:16,772", "type": "train", "epoch": 2, "batch": 6319, "n_batches": 7774, "time": 0.793, "data_time": 0.0, "lr": 0.0001, "loss": -5.212, "recon_loss": -6.08, "kld_loss": 2.895, "kld_weight": 0.3}
{"message": "", "levelname": "INFO", "name": "Trainer", "asctime": "2026-04-29 13:04:24,866", "type": "train", "epoch": 2, "batch": 6359, "n_batches": 7774, "time": 1.166, "data_time": 0.0, "lr": 0.0001, "loss": -6.846, "recon_loss": -7.59, "kld_loss": 2.48, "kld_weight": 0.3}
{"message": "", "levelname": "INFO", "name": "Trainer", "asctime": "2026-04-29 13:04:33,260", "type": "train", "epoch": 2, "batch": 6399, "n_batches": 7774, "time": 0.641, "data_time": 0.0, "lr": 0.0001, "loss": -7.793, "recon_loss": -8.382, "kld_loss": 1.961, "kld_weight": 0.3}
{"message": "", "levelname": "INFO", "name": "Trainer", "asctime": "2026-04-29 13:04:40,488", "type": "train", "epoch": 2, "batch": 6439, "n_batches": 7774, "time": 0.709, "data_time": 0.0, "lr": 0.0001, "loss": -8.268, "recon_loss": -9.081, "kld_loss": 2.712, "kld_weight": 0.3}
{"message": "", "levelname": "INFO", "name": "Trainer", "asctime": "2026-04-29 13:04:48,330", "type": "train", "epoch": 2, "batch": 6479, "n_batches": 7774, "time": 0.783, "data_time": 0.0, "lr": 0.0001, "loss": -9.369, "recon_loss": -10.207, "kld_loss": 2.794, "kld_weight": 0.3}
{"message": "", "levelname": "INFO", "name": "Trainer", "asctime": "2026-04-29 13:04:56,702", "type": "train", "epoch": 2, "batch": 6519, "n_batches": 7774, "time": 1.584, "data_time": 0.0, "lr": 0.0001, "loss": -7.794, "recon_loss": -8.498, "kld_loss": 2.345, "kld_weight": 0.3}
{"message": "", "levelname": "INFO", "name": "Trainer", "asctime": "2026-04-29 13:05:03,984", "type": "train", "epoch": 2, "batch": 6559, "n_batches": 7774, "time": 0.369, "data_time": 0.0, "lr": 0.0001, "loss": -8.521, "recon_loss": -9.116, "kld_loss": 1.983, "kld_weight": 0.3}
{"message": "", "levelname": "INFO", "name": "Trainer", "asctime": "2026-04-29 13:05:12,530", "type": "train", "epoch": 2, "batch": 6599, "n_batches": 7774, "time": 1.416, "data_time": 0.0, "lr": 0.0001, "loss": -6.081, "recon_loss": -6.767, "kld_loss": 2.286, "kld_weight": 0.3}
{"message": "", "levelname": "INFO", "name": "Trainer", "asctime": "2026-04-29 13:05:19,959", "type": "train", "epoch": 2, "batch": 6639, "n_batches": 7774, "time": 0.652, "data_time": 0.0, "lr": 0.0001, "loss": -9.411, "recon_loss": -9.976, "kld_loss": 1.883, "kld_weight": 0.3}
{"message": "", "levelname": "INFO", "name": "Trainer", "asctime": "2026-04-29 13:05:27,001", "type": "train", "epoch": 2, "batch": 6679, "n_batches": 7774, "time": 0.751, "data_time": 0.0, "lr": 0.0001, "loss": -9.27, "recon_loss": -10.039, "kld_loss": 2.561, "kld_weight": 0.3}
{"message": "", "levelname": "INFO", "name": "Trainer", "asctime": "2026-04-29 13:05:34,124", "type": "train", "epoch": 2, "batch": 6719, "n_batches": 7774, "time": 0.75, "data_time": 0.0, "lr": 0.0001, "loss": -7.647, "recon_loss": -8.163, "kld_loss": 1.721, "kld_weight": 0.3}
{"message": "", "levelname": "INFO", "name": "Trainer", "asctime": "2026-04-29 13:05:41,479", "type": "train", "epoch": 2, "batch": 6759, "n_batches": 7774, "time": 0.546, "data_time": 0.0, "lr": 0.0001, "loss": -3.26, "recon_loss": -5.663, "kld_loss": 8.012, "kld_weight": 0.3}
{"message": "", "levelname": "INFO", "name": "Trainer", "asctime": "2026-04-29 13:05:50,346", "type": "train", "epoch": 2, "batch": 6799, "n_batches": 7774, "time": 0.739, "data_time": 0.0, "lr": 0.0001, "loss": -8.308, "recon_loss": -8.739, "kld_loss": 1.437, "kld_weight": 0.3}
{"message": "", "levelname": "INFO", "name": "Trainer", "asctime": "2026-04-29 13:05:58,665", "type": "train", "epoch": 2, "batch": 6839, "n_batches": 7774, "time": 0.871, "data_time": 0.0, "lr": 0.0001, "loss": -6.725, "recon_loss": -7.583, "kld_loss": 2.859, "kld_weight": 0.3}
{"message": "", "levelname": "INFO", "name": "Trainer", "asctime": "2026-04-29 13:06:06,570", "type": "train", "epoch": 2, "batch": 6879, "n_batches": 7774, "time": 1.244, "data_time": 0.0, "lr": 0.0001, "loss": -8.023, "recon_loss": -8.55, "kld_loss": 1.756, "kld_weight": 0.3}
{"message": "", "levelname": "INFO", "name": "Trainer", "asctime": "2026-04-29 13:06:14,776", "type": "train", "epoch": 2, "batch": 6919, "n_batches": 7774, "time": 0.915, "data_time": 0.0, "lr": 0.0001, "loss": -8.327, "recon_loss": -8.989, "kld_loss": 2.208, "kld_weight": 0.3}
{"message": "", "levelname": "INFO", "name": "Trainer", "asctime": "2026-04-29 13:06:21,882", "type": "train", "epoch": 2, "batch": 6959, "n_batches": 7774, "time": 0.833, "data_time": 0.0, "lr": 0.0001, "loss": -8.333, "recon_loss": -9.534, "kld_loss": 4.003, "kld_weight": 0.3}
{"message": "", "levelname": "INFO", "name": "Trainer", "asctime": "2026-04-29 13:06:31,392", "type": "train", "epoch": 2, "batch": 6999, "n_batches": 7774, "time": 0.789, "data_time": 0.0, "lr": 0.0001, "loss": -10.154, "recon_loss": -10.521, "kld_loss": 1.221, "kld_weight": 0.3}
{"message": "", "levelname": "INFO", "name": "Trainer", "asctime": "2026-04-29 13:06:38,898", "type": "train", "epoch": 2, "batch": 7039, "n_batches": 7774, "time": 0.694, "data_time": 0.0, "lr": 0.0001, "loss": -7.771, "recon_loss": -8.393, "kld_loss": 2.075, "kld_weight": 0.3}
{"message": "", "levelname": "INFO", "name": "Trainer", "asctime": "2026-04-29 13:06:46,177", "type": "train", "epoch": 2, "batch": 7079, "n_batches": 7774, "time": 0.819, "data_time": 0.0, "lr": 0.0001, "loss": -7.491, "recon_loss": -7.999, "kld_loss": 1.692, "kld_weight": 0.3}
{"message": "", "levelname": "INFO", "name": "Trainer", "asctime": "2026-04-29 13:06:54,798", "type": "train", "epoch": 2, "batch": 7119, "n_batches": 7774, "time": 0.761, "data_time": 0.0, "lr": 0.0001, "loss": -7.079, "recon_loss": -7.73, "kld_loss": 2.169, "kld_weight": 0.3}
{"message": "", "levelname": "INFO", "name": "Trainer", "asctime": "2026-04-29 13:07:02,271", "type": "train", "epoch": 2, "batch": 7159, "n_batches": 7774, "time": 1.176, "data_time": 0.0, "lr": 0.0001, "loss": -9.106, "recon_loss": -9.527, "kld_loss": 1.403, "kld_weight": 0.3}
{"message": "", "levelname": "INFO", "name": "Trainer", "asctime": "2026-04-29 13:07:09,991", "type": "train", "epoch": 2, "batch": 7199, "n_batches": 7774, "time": 1.202, "data_time": 0.0, "lr": 0.0001, "loss": -7.117, "recon_loss": -7.678, "kld_loss": 1.87, "kld_weight": 0.3}
{"message": "", "levelname": "INFO", "name": "Trainer", "asctime": "2026-04-29 13:07:17,424", "type": "train", "epoch": 2, "batch": 7239, "n_batches": 7774, "time": 0.669, "data_time": 0.0, "lr": 0.0001, "loss": -10.322, "recon_loss": -10.681, "kld_loss": 1.198, "kld_weight": 0.3}
{"message": "", "levelname": "INFO", "name": "Trainer", "asctime": "2026-04-29 13:07:24,934", "type": "train", "epoch": 2, "batch": 7279, "n_batches": 7774, "time": 0.618, "data_time": 0.0, "lr": 0.0001, "loss": -6.196, "recon_loss": -7.226, "kld_loss": 3.432, "kld_weight": 0.3}
{"message": "", "levelname": "INFO", "name": "Trainer", "asctime": "2026-04-29 13:07:32,647", "type": "train", "epoch": 2, "batch": 7319, "n_batches": 7774, "time": 0.771, "data_time": 0.0, "lr": 0.0001, "loss": -4.967, "recon_loss": -5.577, "kld_loss": 2.033, "kld_weight": 0.3}
{"message": "", "levelname": "INFO", "name": "Trainer", "asctime": "2026-04-29 13:07:40,367", "type": "train", "epoch": 2, "batch": 7359, "n_batches": 7774, "time": 1.215, "data_time": 0.0, "lr": 0.0001, "loss": -7.144, "recon_loss": -7.822, "kld_loss": 2.261, "kld_weight": 0.3}
{"message": "", "levelname": "INFO", "name": "Trainer", "asctime": "2026-04-29 13:07:49,150", "type": "train", "epoch": 2, "batch": 7399, "n_batches": 7774, "time": 0.623, "data_time": 0.0, "lr": 0.0001, "loss": -8.985, "recon_loss": -9.929, "kld_loss": 3.146, "kld_weight": 0.3}
{"message": "", "levelname": "INFO", "name": "Trainer", "asctime": "2026-04-29 13:07:56,408", "type": "train", "epoch": 2, "batch": 7439, "n_batches": 7774, "time": 0.786, "data_time": 0.0, "lr": 0.0001, "loss": -8.581, "recon_loss": -9.312, "kld_loss": 2.437, "kld_weight": 0.3}
{"message": "", "levelname": "INFO", "name": "Trainer", "asctime": "2026-04-29 13:08:05,273", "type": "train", "epoch": 2, "batch": 7479, "n_batches": 7774, "time": 0.707, "data_time": 0.0, "lr": 0.0001, "loss": -8.991, "recon_loss": -9.607, "kld_loss": 2.053, "kld_weight": 0.3}
{"message": "", "levelname": "INFO", "name": "Trainer", "asctime": "2026-04-29 13:08:13,056", "type": "train", "epoch": 2, "batch": 7519, "n_batches": 7774, "time": 0.777, "data_time": 0.0, "lr": 0.0001, "loss": -3.282, "recon_loss": -4.013, "kld_loss": 2.437, "kld_weight": 0.3}
{"message": "", "levelname": "INFO", "name": "Trainer", "asctime": "2026-04-29 13:08:21,790", "type": "train", "epoch": 2, "batch": 7559, "n_batches": 7774, "time": 1.025, "data_time": 0.0, "lr": 0.0001, "loss": -1.646, "recon_loss": -2.784, "kld_loss": 3.793, "kld_weight": 0.3}
{"message": "", "levelname": "INFO", "name": "Trainer", "asctime": "2026-04-29 13:08:29,764", "type": "train", "epoch": 2, "batch": 7599, "n_batches": 7774, "time": 0.859, "data_time": 0.0, "lr": 0.0001, "loss": -8.1, "recon_loss": -8.787, "kld_loss": 2.288, "kld_weight": 0.3}
{"message": "", "levelname": "INFO", "name": "Trainer", "asctime": "2026-04-29 13:08:37,815", "type": "train", "epoch": 2, "batch": 7639, "n_batches": 7774, "time": 1.056, "data_time": 0.0, "lr": 0.0001, "loss": -7.473, "recon_loss": -7.952, "kld_loss": 1.596, "kld_weight": 0.3}
{"message": "", "levelname": "INFO", "name": "Trainer", "asctime": "2026-04-29 13:08:46,222", "type": "train", "epoch": 2, "batch": 7679, "n_batches": 7774, "time": 0.659, "data_time": 0.0, "lr": 0.0001, "loss": -8.277, "recon_loss": -9.047, "kld_loss": 2.567, "kld_weight": 0.3}
{"message": "", "levelname": "INFO", "name": "Trainer", "asctime": "2026-04-29 13:08:54,076", "type": "train", "epoch": 2, "batch": 7719, "n_batches": 7774, "time": 0.656, "data_time": 0.0, "lr": 0.0001, "loss": -8.33, "recon_loss": -8.792, "kld_loss": 1.538, "kld_weight": 0.3}
{"message": "", "levelname": "INFO", "name": "Trainer", "asctime": "2026-04-29 13:09:02,458", "type": "train", "epoch": 2, "batch": 7759, "n_batches": 7774, "time": 0.96, "data_time": 0.0, "lr": 0.0001, "loss": -7.983, "recon_loss": -8.969, "kld_loss": 3.286, "kld_weight": 0.3}
{"message": "", "levelname": "INFO", "name": "Trainer", "asctime": "2026-04-29 13:09:05,088", "type": "train-epoch", "epoch": 3, "loss": -1.79626, "recon_loss": -2.01998, "kld_loss": 0.74574, "kld_weight": 0.3, "time": 1607.7}
{"message": "", "levelname": "INFO", "name": "Trainer", "asctime": "2026-04-29 13:12:03,372", "type": "val-epoch", "epoch": 3, "loss": -1.895, "test_loss": -1.285, "recon_loss": -2.06, "kld_loss": 0.549, "kld_weight": 0.3, "note": "loss is teacher-forced CVAE objective; test_loss is prior-only reconstruction", "time": 178.3}
{"message": "", "levelname": "INFO", "name": "Trainer", "asctime": "2026-04-29 13:12:12,426", "type": "train", "epoch": 3, "batch": 39, "n_batches": 7774, "time": 0.631, "data_time": 0.0, "lr": 0.0001, "loss": -7.587, "recon_loss": -8.295, "kld_loss": 1.768, "kld_weight": 0.4}
{"message": "", "levelname": "INFO", "name": "Trainer", "asctime": "2026-04-29 13:12:21,145", "type": "train", "epoch": 3, "batch": 79, "n_batches": 7774, "time": 0.924, "data_time": 0.0, "lr": 0.0001, "loss": -9.899, "recon_loss": -10.433, "kld_loss": 1.335, "kld_weight": 0.4}
{"message": "", "levelname": "INFO", "name": "Trainer", "asctime": "2026-04-29 13:12:29,304", "type": "train", "epoch": 3, "batch": 119, "n_batches": 7774, "time": 0.663, "data_time": 0.0, "lr": 0.0001, "loss": -6.684, "recon_loss": -7.155, "kld_loss": 1.177, "kld_weight": 0.4}
{"message": "", "levelname": "INFO", "name": "Trainer", "asctime": "2026-04-29 13:12:36,448", "type": "train", "epoch": 3, "batch": 159, "n_batches": 7774, "time": 0.82, "data_time": 0.0, "lr": 0.0001, "loss": -5.177, "recon_loss": -7.209, "kld_loss": 5.08, "kld_weight": 0.4}
{"message": "", "levelname": "INFO", "name": "Trainer", "asctime": "2026-04-29 13:12:44,724", "type": "train", "epoch": 3, "batch": 199, "n_batches": 7774, "time": 0.568, "data_time": 0.0, "lr": 0.0001, "loss": -0.259, "recon_loss": -0.684, "kld_loss": 1.063, "kld_weight": 0.4}
{"message": "", "levelname": "INFO", "name": "Trainer", "asctime": "2026-04-29 13:12:53,234", "type": "train", "epoch": 3, "batch": 239, "n_batches": 7774, "time": 0.827, "data_time": 0.0, "lr": 0.0001, "loss": -0.978, "recon_loss": -2.484, "kld_loss": 3.764, "kld_weight": 0.4}
{"message": "", "levelname": "INFO", "name": "Trainer", "asctime": "2026-04-29 13:13:00,034", "type": "train", "epoch": 3, "batch": 279, "n_batches": 7774, "time": 0.43, "data_time": 0.0, "lr": 0.0001, "loss": -3.985, "recon_loss": -4.505, "kld_loss": 1.298, "kld_weight": 0.4}
{"message": "", "levelname": "INFO", "name": "Trainer", "asctime": "2026-04-29 13:13:08,221", "type": "train", "epoch": 3, "batch": 319, "n_batches": 7774, "time": 0.547, "data_time": 0.0, "lr": 0.0001, "loss": -10.005, "recon_loss": -10.377, "kld_loss": 0.93, "kld_weight": 0.4}
{"message": "", "levelname": "INFO", "name": "Trainer", "asctime": "2026-04-29 13:13:16,821", "type": "train", "epoch": 3, "batch": 359, "n_batches": 7774, "time": 0.548, "data_time": 0.0, "lr": 0.0001, "loss": -7.343, "recon_loss": -8.337, "kld_loss": 2.484, "kld_weight": 0.4}
{"message": "", "levelname": "INFO", "name": "Trainer", "asctime": "2026-04-29 13:13:23,950", "type": "train", "epoch": 3, "batch": 399, "n_batches": 7774, "time": 0.701, "data_time": 0.0, "lr": 0.0001, "loss": -6.412, "recon_loss": -7.681, "kld_loss": 3.172, "kld_weight": 0.4}
{"message": "", "levelname": "INFO", "name": "Trainer", "asctime": "2026-04-29 13:13:32,031", "type": "train", "epoch": 3, "batch": 439, "n_batches": 7774, "time": 0.757, "data_time": 0.0, "lr": 0.0001, "loss": -10.544, "recon_loss": -11.114, "kld_loss": 1.425, "kld_weight": 0.4}
{"message": "", "levelname": "INFO", "name": "Trainer", "asctime": "2026-04-29 13:13:41,419", "type": "train", "epoch": 3, "batch": 479, "n_batches": 7774, "time": 1.341, "data_time": 0.0, "lr": 0.0001, "loss": -7.58, "recon_loss": -8.342, "kld_loss": 1.905, "kld_weight": 0.4}
{"message": "", "levelname": "INFO", "name": "Trainer", "asctime": "2026-04-29 13:13:51,015", "type": "train", "epoch": 3, "batch": 519, "n_batches": 7774, "time": 0.74, "data_time": 0.0, "lr": 0.0001, "loss": -6.262, "recon_loss": -6.867, "kld_loss": 1.512, "kld_weight": 0.4}
{"message": "", "levelname": "INFO", "name": "Trainer", "asctime": "2026-04-29 13:14:00,347", "type": "train", "epoch": 3, "batch": 559, "n_batches": 7774, "time": 0.928, "data_time": 0.0, "lr": 0.0001, "loss": -8.873, "recon_loss": -9.279, "kld_loss": 1.014, "kld_weight": 0.4}
{"message": "", "levelname": "INFO", "name": "Trainer", "asctime": "2026-04-29 13:14:08,313", "type": "train", "epoch": 3, "batch": 599, "n_batches": 7774, "time": 0.65, "data_time": 0.0, "lr": 0.0001, "loss": -5.869, "recon_loss": -6.87, "kld_loss": 2.503, "kld_weight": 0.4}
{"message": "", "levelname": "INFO", "name": "Trainer", "asctime": "2026-04-29 13:14:16,439", "type": "train", "epoch": 3, "batch": 639, "n_batches": 7774, "time": 0.703, "data_time": 0.0, "lr": 0.0001, "loss": -9.218, "recon_loss": -9.691, "kld_loss": 1.183, "kld_weight": 0.4}
{"message": "", "levelname": "INFO", "name": "Trainer", "asctime": "2026-04-29 13:14:25,417", "type": "train", "epoch": 3, "batch": 679, "n_batches": 7774, "time": 1.33, "data_time": 0.0, "lr": 0.0001, "loss": -9.768, "recon_loss": -10.161, "kld_loss": 0.983, "kld_weight": 0.4}
{"message": "", "levelname": "INFO", "name": "Trainer", "asctime": "2026-04-29 13:14:34,123", "type": "train", "epoch": 3, "batch": 719, "n_batches": 7774, "time": 0.586, "data_time": 0.0, "lr": 0.0001, "loss": -8.783, "recon_loss": -9.712, "kld_loss": 2.323, "kld_weight": 0.4}
{"message": "", "levelname": "INFO", "name": "Trainer", "asctime": "2026-04-29 13:14:41,099", "type": "train", "epoch": 3, "batch": 759, "n_batches": 7774, "time": 0.443, "data_time": 0.0, "lr": 0.0001, "loss": -4.249, "recon_loss": -5.017, "kld_loss": 1.922, "kld_weight": 0.4}
{"message": "", "levelname": "INFO", "name": "Trainer", "asctime": "2026-04-29 13:14:52,076", "type": "train", "epoch": 3, "batch": 799, "n_batches": 7774, "time": 1.48, "data_time": 0.0, "lr": 0.0001, "loss": -8.28, "recon_loss": -8.768, "kld_loss": 1.219, "kld_weight": 0.4}
{"message": "", "levelname": "INFO", "name": "Trainer", "asctime": "2026-04-29 13:15:02,119", "type": "train", "epoch": 3, "batch": 839, "n_batches": 7774, "time": 1.026, "data_time": 0.0, "lr": 0.0001, "loss": -5.03, "recon_loss": -6.09, "kld_loss": 2.652, "kld_weight": 0.4}
{"message": "", "levelname": "INFO", "name": "Trainer", "asctime": "2026-04-29 13:15:10,699", "type": "train", "epoch": 3, "batch": 879, "n_batches": 7774, "time": 1.074, "data_time": 0.0, "lr": 0.0001, "loss": -5.212, "recon_loss": -7.136, "kld_loss": 4.809, "kld_weight": 0.4}
{"message": "", "levelname": "INFO", "name": "Trainer", "asctime": "2026-04-29 13:15:18,271", "type": "train", "epoch": 3, "batch": 919, "n_batches": 7774, "time": 0.636, "data_time": 0.0, "lr": 0.0001, "loss": -6.337, "recon_loss": -6.909, "kld_loss": 1.43, "kld_weight": 0.4}
{"message": "", "levelname": "INFO", "name": "Trainer", "asctime": "2026-04-29 13:15:26,312", "type": "train", "epoch": 3, "batch": 959, "n_batches": 7774, "time": 0.888, "data_time": 0.0, "lr": 0.0001, "loss": -8.144, "recon_loss": -8.729, "kld_loss": 1.461, "kld_weight": 0.4}
{"message": "", "levelname": "INFO", "name": "Trainer", "asctime": "2026-04-29 13:15:34,961", "type": "train", "epoch": 3, "batch": 999, "n_batches": 7774, "time": 0.893, "data_time": 0.0, "lr": 0.0001, "loss": -8.807, "recon_loss": -9.166, "kld_loss": 0.897, "kld_weight": 0.4}
{"message": "", "levelname": "INFO", "name": "Trainer", "asctime": "2026-04-29 13:15:42,795", "type": "train", "epoch": 3, "batch": 1039, "n_batches": 7774, "time": 0.781, "data_time": 0.0, "lr": 0.0001, "loss": -7.092, "recon_loss": -7.688, "kld_loss": 1.488, "kld_weight": 0.4}
{"message": "", "levelname": "INFO", "name": "Trainer", "asctime": "2026-04-29 13:15:50,943", "type": "train", "epoch": 3, "batch": 1079, "n_batches": 7774, "time": 0.47, "data_time": 0.0, "lr": 0.0001, "loss": -6.196, "recon_loss": -7.404, "kld_loss": 3.021, "kld_weight": 0.4}
{"message": "", "levelname": "INFO", "name": "Trainer", "asctime": "2026-04-29 13:15:59,896", "type": "train", "epoch": 3, "batch": 1119, "n_batches": 7774, "time": 0.649, "data_time": 0.0, "lr": 0.0001, "loss": -2.732, "recon_loss": -3.985, "kld_loss": 3.132, "kld_weight": 0.4}
{"message": "", "levelname": "INFO", "name": "Trainer", "asctime": "2026-04-29 13:16:07,429", "type": "train", "epoch": 3, "batch": 1159, "n_batches": 7774, "time": 1.043, "data_time": 0.0, "lr": 0.0001, "loss": -7.199, "recon_loss": -7.788, "kld_loss": 1.472, "kld_weight": 0.4}
{"message": "", "levelname": "INFO", "name": "Trainer", "asctime": "2026-04-29 13:16:14,284", "type": "train", "epoch": 3, "batch": 1199, "n_batches": 7774, "time": 0.536, "data_time": 0.0, "lr": 0.0001, "loss": -7.461, "recon_loss": -8.151, "kld_loss": 1.723, "kld_weight": 0.4}
{"message": "", "levelname": "INFO", "name": "Trainer", "asctime": "2026-04-29 13:16:21,868", "type": "train", "epoch": 3, "batch": 1239, "n_batches": 7774, "time": 0.744, "data_time": 0.0, "lr": 0.0001, "loss": -7.067, "recon_loss": -7.672, "kld_loss": 1.512, "kld_weight": 0.4}
{"message": "", "levelname": "INFO", "name": "Trainer", "asctime": "2026-04-29 13:16:29,723", "type": "train", "epoch": 3, "batch": 1279, "n_batches": 7774, "time": 0.691, "data_time": 0.0, "lr": 0.0001, "loss": -8.581, "recon_loss": -9.201, "kld_loss": 1.55, "kld_weight": 0.4}
{"message": "", "levelname": "INFO", "name": "Trainer", "asctime": "2026-04-29 13:16:38,528", "type": "train", "epoch": 3, "batch": 1319, "n_batches": 7774, "time": 0.786, "data_time": 0.0, "lr": 0.0001, "loss": -5.942, "recon_loss": -6.955, "kld_loss": 2.534, "kld_weight": 0.4}
{"message": "", "levelname": "INFO", "name": "Trainer", "asctime": "2026-04-29 13:16:47,682", "type": "train", "epoch": 3, "batch": 1359, "n_batches": 7774, "time": 0.813, "data_time": 0.0, "lr": 0.0001, "loss": -4.801, "recon_loss": -5.282, "kld_loss": 1.202, "kld_weight": 0.4}
{"message": "", "levelname": "INFO", "name": "Trainer", "asctime": "2026-04-29 13:16:55,888", "type": "train", "epoch": 3, "batch": 1399, "n_batches": 7774, "time": 0.734, "data_time": 0.0, "lr": 0.0001, "loss": -6.729, "recon_loss": -7.262, "kld_loss": 1.334, "kld_weight": 0.4}
{"message": "", "levelname": "INFO", "name": "Trainer", "asctime": "2026-04-29 13:17:03,202", "type": "train", "epoch": 3, "batch": 1439, "n_batches": 7774, "time": 0.814, "data_time": 0.0, "lr": 0.0001, "loss": -1.153, "recon_loss": -2.549, "kld_loss": 3.489, "kld_weight": 0.4}
{"message": "", "levelname": "INFO", "name": "Trainer", "asctime": "2026-04-29 13:17:12,696", "type": "train", "epoch": 3, "batch": 1479, "n_batches": 7774, "time": 1.657, "data_time": 0.0, "lr": 0.0001, "loss": -7.325, "recon_loss": -8.07, "kld_loss": 1.863, "kld_weight": 0.4}
{"message": "", "levelname": "INFO", "name": "Trainer", "asctime": "2026-04-29 13:17:21,508", "type": "train", "epoch": 3, "batch": 1519, "n_batches": 7774, "time": 0.598, "data_time": 0.0, "lr": 0.0001, "loss": -1.594, "recon_loss": -2.53, "kld_loss": 2.341, "kld_weight": 0.4}
{"message": "", "levelname": "INFO", "name": "Trainer", "asctime": "2026-04-29 13:17:28,474", "type": "train", "epoch": 3, "batch": 1559, "n_batches": 7774, "time": 1.001, "data_time": 0.0, "lr": 0.0001, "loss": -7.876, "recon_loss": -8.5, "kld_loss": 1.561, "kld_weight": 0.4}
{"message": "", "levelname": "INFO", "name": "Trainer", "asctime": "2026-04-29 13:17:36,312", "type": "train", "epoch": 3, "batch": 1599, "n_batches": 7774, "time": 0.909, "data_time": 0.0, "lr": 0.0001, "loss": -10.429, "recon_loss": -10.699, "kld_loss": 0.675, "kld_weight": 0.4}
{"message": "", "levelname": "INFO", "name": "Trainer", "asctime": "2026-04-29 13:17:43,918", "type": "train", "epoch": 3, "batch": 1639, "n_batches": 7774, "time": 0.639, "data_time": 0.0, "lr": 0.0001, "loss": -7.776, "recon_loss": -8.405, "kld_loss": 1.573, "kld_weight": 0.4}
{"message": "", "levelname": "INFO", "name": "Trainer", "asctime": "2026-04-29 13:17:51,664", "type": "train", "epoch": 3, "batch": 1679, "n_batches": 7774, "time": 0.787, "data_time": 0.0, "lr": 0.0001, "loss": -3.341, "recon_loss": -3.771, "kld_loss": 1.075, "kld_weight": 0.4}
{"message": "", "levelname": "INFO", "name": "Trainer", "asctime": "2026-04-29 13:18:01,405", "type": "train", "epoch": 3, "batch": 1719, "n_batches": 7774, "time": 0.696, "data_time": 0.0, "lr": 0.0001, "loss": -2.519, "recon_loss": -3.87, "kld_loss": 3.377, "kld_weight": 0.4}
{"message": "", "levelname": "INFO", "name": "Trainer", "asctime": "2026-04-29 13:18:10,931", "type": "train", "epoch": 3, "batch": 1759, "n_batches": 7774, "time": 0.216, "data_time": 0.0, "lr": 0.0001, "loss": -7.86, "recon_loss": -8.121, "kld_loss": 0.652, "kld_weight": 0.4}
{"message": "", "levelname": "INFO", "name": "Trainer", "asctime": "2026-04-29 13:18:18,817", "type": "train", "epoch": 3, "batch": 1799, "n_batches": 7774, "time": 1.574, "data_time": 0.0, "lr": 0.0001, "loss": -5.824, "recon_loss": -6.52, "kld_loss": 1.739, "kld_weight": 0.4}
{"message": "", "levelname": "INFO", "name": "Trainer", "asctime": "2026-04-29 13:18:26,801", "type": "train", "epoch": 3, "batch": 1839, "n_batches": 7774, "time": 0.692, "data_time": 0.0, "lr": 0.0001, "loss": -9.546, "recon_loss": -9.78, "kld_loss": 0.585, "kld_weight": 0.4}
{"message": "", "levelname": "INFO", "name": "Trainer", "asctime": "2026-04-29 13:18:35,254", "type": "train", "epoch": 3, "batch": 1879, "n_batches": 7774, "time": 1.363, "data_time": 0.0, "lr": 0.0001, "loss": -9.809, "recon_loss": -10.186, "kld_loss": 0.943, "kld_weight": 0.4}
{"message": "", "levelname": "INFO", "name": "Trainer", "asctime": "2026-04-29 13:18:43,047", "type": "train", "epoch": 3, "batch": 1919, "n_batches": 7774, "time": 0.755, "data_time": 0.0, "lr": 0.0001, "loss": -2.751, "recon_loss": -3.406, "kld_loss": 1.638, "kld_weight": 0.4}
{"message": "", "levelname": "INFO", "name": "Trainer", "asctime": "2026-04-29 13:18:51,587", "type": "train", "epoch": 3, "batch": 1959, "n_batches": 7774, "time": 0.822, "data_time": 0.0, "lr": 0.0001, "loss": -8.391, "recon_loss": -9.266, "kld_loss": 2.188, "kld_weight": 0.4}
{"message": "", "levelname": "INFO", "name": "Trainer", "asctime": "2026-04-29 13:18:59,209", "type": "train", "epoch": 3, "batch": 1999, "n_batches": 7774, "time": 0.537, "data_time": 0.0, "lr": 0.0001, "loss": -9.519, "recon_loss": -9.972, "kld_loss": 1.132, "kld_weight": 0.4}
{"message": "", "levelname": "INFO", "name": "Trainer", "asctime": "2026-04-29 13:19:08,063", "type": "train", "epoch": 3, "batch": 2039, "n_batches": 7774, "time": 0.874, "data_time": 0.0, "lr": 0.0001, "loss": -7.399, "recon_loss": -8.058, "kld_loss": 1.647, "kld_weight": 0.4}
{"message": "", "levelname": "INFO", "name": "Trainer", "asctime": "2026-04-29 13:19:16,158", "type": "train", "epoch": 3, "batch": 2079, "n_batches": 7774, "time": 0.911, "data_time": 0.0, "lr": 0.0001, "loss": -9.556, "recon_loss": -9.862, "kld_loss": 0.766, "kld_weight": 0.4}
{"message": "", "levelname": "INFO", "name": "Trainer", "asctime": "2026-04-29 13:19:24,088", "type": "train", "epoch": 3, "batch": 2119, "n_batches": 7774, "time": 0.846, "data_time": 0.0, "lr": 0.0001, "loss": -7.416, "recon_loss": -7.816, "kld_loss": 1.0, "kld_weight": 0.4}
{"message": "", "levelname": "INFO", "name": "Trainer", "asctime": "2026-04-29 13:19:32,491", "type": "train", "epoch": 3, "batch": 2159, "n_batches": 7774, "time": 0.69, "data_time": 0.0, "lr": 0.0001, "loss": -8.044, "recon_loss": -8.209, "kld_loss": 0.414, "kld_weight": 0.4}
{"message": "", "levelname": "INFO", "name": "Trainer", "asctime": "2026-04-29 13:19:39,643", "type": "train", "epoch": 3, "batch": 2199, "n_batches": 7774, "time": 0.765, "data_time": 0.0, "lr": 0.0001, "loss": -8.925, "recon_loss": -9.277, "kld_loss": 0.88, "kld_weight": 0.4}
{"message": "", "levelname": "INFO", "name": "Trainer", "asctime": "2026-04-29 13:19:47,532", "type": "train", "epoch": 3, "batch": 2239, "n_batches": 7774, "time": 0.848, "data_time": 0.0, "lr": 0.0001, "loss": -9.517, "recon_loss": -9.762, "kld_loss": 0.612, "kld_weight": 0.4}
{"message": "", "levelname": "INFO", "name": "Trainer", "asctime": "2026-04-29 13:19:56,077", "type": "train", "epoch": 3, "batch": 2279, "n_batches": 7774, "time": 0.909, "data_time": 0.0, "lr": 0.0001, "loss": -6.333, "recon_loss": -6.747, "kld_loss": 1.036, "kld_weight": 0.4}
{"message": "", "levelname": "INFO", "name": "Trainer", "asctime": "2026-04-29 13:20:04,617", "type": "train", "epoch": 3, "batch": 2319, "n_batches": 7774, "time": 1.601, "data_time": 0.0, "lr": 0.0001, "loss": -9.433, "recon_loss": -9.83, "kld_loss": 0.992, "kld_weight": 0.4}
{"message": "", "levelname": "INFO", "name": "Trainer", "asctime": "2026-04-29 13:20:12,175", "type": "train", "epoch": 3, "batch": 2359, "n_batches": 7774, "time": 0.624, "data_time": 0.0, "lr": 0.0001, "loss": -6.531, "recon_loss": -6.839, "kld_loss": 0.77, "kld_weight": 0.4}
{"message": "", "levelname": "INFO", "name": "Trainer", "asctime": "2026-04-29 13:20:19,343", "type": "train", "epoch": 3, "batch": 2399, "n_batches": 7774, "time": 0.855, "data_time": 0.0, "lr": 0.0001, "loss": -7.05, "recon_loss": -7.653, "kld_loss": 1.507, "kld_weight": 0.4}
{"message": "", "levelname": "INFO", "name": "Trainer", "asctime": "2026-04-29 13:20:27,201", "type": "train", "epoch": 3, "batch": 2439, "n_batches": 7774, "time": 0.729, "data_time": 0.0, "lr": 0.0001, "loss": -6.849, "recon_loss": -7.035, "kld_loss": 0.465, "kld_weight": 0.4}
{"message": "", "levelname": "INFO", "name": "Trainer", "asctime": "2026-04-29 13:20:35,827", "type": "train", "epoch": 3, "batch": 2479, "n_batches": 7774, "time": 0.613, "data_time": 0.0, "lr": 0.0001, "loss": -4.178, "recon_loss": -4.584, "kld_loss": 1.013, "kld_weight": 0.4}
{"message": "", "levelname": "INFO", "name": "Trainer", "asctime": "2026-04-29 13:20:45,033", "type": "train", "epoch": 3, "batch": 2519, "n_batches": 7774, "time": 0.543, "data_time": 0.0, "lr": 0.0001, "loss": -7.333, "recon_loss": -7.931, "kld_loss": 1.495, "kld_weight": 0.4}
{"message": "", "levelname": "INFO", "name": "Trainer", "asctime": "2026-04-29 13:20:53,074", "type": "train", "epoch": 3, "batch": 2559, "n_batches": 7774, "time": 0.607, "data_time": 0.0, "lr": 0.0001, "loss": -8.155, "recon_loss": -8.502, "kld_loss": 0.868, "kld_weight": 0.4}
{"message": "", "levelname": "INFO", "name": "Trainer", "asctime": "2026-04-29 13:21:01,350", "type": "train", "epoch": 3, "batch": 2599, "n_batches": 7774, "time": 0.842, "data_time": 0.0, "lr": 0.0001, "loss": -7.26, "recon_loss": -7.861, "kld_loss": 1.502, "kld_weight": 0.4}
{"message": "", "levelname": "INFO", "name": "Trainer", "asctime": "2026-04-29 13:21:09,510", "type": "train", "epoch": 3, "batch": 2639, "n_batches": 7774, "time": 0.779, "data_time": 0.0, "lr": 0.0001, "loss": -8.241, "recon_loss": -8.521, "kld_loss": 0.698, "kld_weight": 0.4}
{"message": "", "levelname": "INFO", "name": "Trainer", "asctime": "2026-04-29 13:21:16,995", "type": "train", "epoch": 3, "batch": 2679, "n_batches": 7774, "time": 0.667, "data_time": 0.0, "lr": 0.0001, "loss": -9.881, "recon_loss": -10.082, "kld_loss": 0.501, "kld_weight": 0.4}
{"message": "", "levelname": "INFO", "name": "Trainer", "asctime": "2026-04-29 13:21:24,007", "type": "train", "epoch": 3, "batch": 2719, "n_batches": 7774, "time": 0.588, "data_time": 0.0, "lr": 0.0001, "loss": -5.474, "recon_loss": -6.22, "kld_loss": 1.865, "kld_weight": 0.4}
{"message": "", "levelname": "INFO", "name": "Trainer", "asctime": "2026-04-29 13:21:32,513", "type": "train", "epoch": 3, "batch": 2759, "n_batches": 7774, "time": 0.583, "data_time": 0.0, "lr": 0.0001, "loss": -8.842, "recon_loss": -9.423, "kld_loss": 1.453, "kld_weight": 0.4}
{"message": "", "levelname": "INFO", "name": "Trainer", "asctime": "2026-04-29 13:21:40,429", "type": "train", "epoch": 3, "batch": 2799, "n_batches": 7774, "time": 0.924, "data_time": 0.0, "lr": 0.0001, "loss": -5.48, "recon_loss": -5.824, "kld_loss": 0.859, "kld_weight": 0.4}
{"message": "", "levelname": "INFO", "name": "Trainer", "asctime": "2026-04-29 13:21:48,405", "type": "train", "epoch": 3, "batch": 2839, "n_batches": 7774, "time": 0.91, "data_time": 0.0, "lr": 0.0001, "loss": -10.256, "recon_loss": -10.597, "kld_loss": 0.852, "kld_weight": 0.4}
{"message": "", "levelname": "INFO", "name": "Trainer", "asctime": "2026-04-29 13:21:56,724", "type": "train", "epoch": 3, "batch": 2879, "n_batches": 7774, "time": 0.643, "data_time": 0.0, "lr": 0.0001, "loss": -10.141, "recon_loss": -10.635, "kld_loss": 1.234, "kld_weight": 0.4}
{"message": "", "levelname": "INFO", "name": "Trainer", "asctime": "2026-04-29 13:22:04,789", "type": "train", "epoch": 3, "batch": 2919, "n_batches": 7774, "time": 0.784, "data_time": 0.0, "lr": 0.0001, "loss": -5.215, "recon_loss": -6.071, "kld_loss": 2.138, "kld_weight": 0.4}
{"message": "", "levelname": "INFO", "name": "Trainer", "asctime": "2026-04-29 13:22:13,202", "type": "train", "epoch": 3, "batch": 2959, "n_batches": 7774, "time": 0.632, "data_time": 0.0, "lr": 0.0001, "loss": -2.443, "recon_loss": -3.121, "kld_loss": 1.694, "kld_weight": 0.4}
{"message": "", "levelname": "INFO", "name": "Trainer", "asctime": "2026-04-29 13:22:22,264", "type": "train", "epoch": 3, "batch": 2999, "n_batches": 7774, "time": 1.702, "data_time": 0.0, "lr": 0.0001, "loss": -6.815, "recon_loss": -7.037, "kld_loss": 0.553, "kld_weight": 0.4}
{"message": "", "levelname": "INFO", "name": "Trainer", "asctime": "2026-04-29 13:22:30,169", "type": "train", "epoch": 3, "batch": 3039, "n_batches": 7774, "time": 0.783, "data_time": 0.0, "lr": 0.0001, "loss": -8.496, "recon_loss": -8.939, "kld_loss": 1.108, "kld_weight": 0.4}
{"message": "", "levelname": "INFO", "name": "Trainer", "asctime": "2026-04-29 13:22:39,063", "type": "train", "epoch": 3, "batch": 3079, "n_batches": 7774, "time": 0.746, "data_time": 0.0, "lr": 0.0001, "loss": -8.092, "recon_loss": -8.565, "kld_loss": 1.182, "kld_weight": 0.4}
{"message": "", "levelname": "INFO", "name": "Trainer", "asctime": "2026-04-29 13:22:48,098", "type": "train", "epoch": 3, "batch": 3119, "n_batches": 7774, "time": 0.731, "data_time": 0.0, "lr": 0.0001, "loss": -10.453, "recon_loss": -10.722, "kld_loss": 0.673, "kld_weight": 0.4}
{"message": "", "levelname": "INFO", "name": "Trainer", "asctime": "2026-04-29 13:22:56,306", "type": "train", "epoch": 3, "batch": 3159, "n_batches": 7774, "time": 0.853, "data_time": 0.0, "lr": 0.0001, "loss": -3.814, "recon_loss": -4.737, "kld_loss": 2.308, "kld_weight": 0.4}
{"message": "", "levelname": "INFO", "name": "Trainer", "asctime": "2026-04-29 13:23:03,442", "type": "train", "epoch": 3, "batch": 3199, "n_batches": 7774, "time": 0.729, "data_time": 0.0, "lr": 0.0001, "loss": -7.46, "recon_loss": -8.475, "kld_loss": 2.538, "kld_weight": 0.4}
{"message": "", "levelname": "INFO", "name": "Trainer", "asctime": "2026-04-29 13:23:11,827", "type": "train", "epoch": 3, "batch": 3239, "n_batches": 7774, "time": 0.723, "data_time": 0.0, "lr": 0.0001, "loss": -8.188, "recon_loss": -8.577, "kld_loss": 0.974, "kld_weight": 0.4}
{"message": "", "levelname": "INFO", "name": "Trainer", "asctime": "2026-04-29 13:23:19,455", "type": "train", "epoch": 3, "batch": 3279, "n_batches": 7774, "time": 0.71, "data_time": 0.0, "lr": 0.0001, "loss": -4.323, "recon_loss": -4.998, "kld_loss": 1.686, "kld_weight": 0.4}
{"message": "", "levelname": "INFO", "name": "Trainer", "asctime": "2026-04-29 13:23:28,357", "type": "train", "epoch": 3, "batch": 3319, "n_batches": 7774, "time": 1.633, "data_time": 0.0, "lr": 0.0001, "loss": -8.632, "recon_loss": -9.264, "kld_loss": 1.578, "kld_weight": 0.4}
{"message": "", "levelname": "INFO", "name": "Trainer", "asctime": "2026-04-29 13:23:36,292", "type": "train", "epoch": 3, "batch": 3359, "n_batches": 7774, "time": 0.865, "data_time": 0.0, "lr": 0.0001, "loss": -10.141, "recon_loss": -10.388, "kld_loss": 0.618, "kld_weight": 0.4}
{"message": "", "levelname": "INFO", "name": "Trainer", "asctime": "2026-04-29 13:23:44,821", "type": "train", "epoch": 3, "batch": 3399, "n_batches": 7774, "time": 0.565, "data_time": 0.0, "lr": 0.0001, "loss": -8.137, "recon_loss": -8.4, "kld_loss": 0.657, "kld_weight": 0.4}
{"message": "", "levelname": "INFO", "name": "Trainer", "asctime": "2026-04-29 13:23:56,633", "type": "train", "epoch": 3, "batch": 3439, "n_batches": 7774, "time": 1.348, "data_time": 0.001, "lr": 0.0001, "loss": -4.79, "recon_loss": -5.687, "kld_loss": 2.242, "kld_weight": 0.4}
{"message": "", "levelname": "INFO", "name": "Trainer", "asctime": "2026-04-29 13:24:05,412", "type": "train", "epoch": 3, "batch": 3479, "n_batches": 7774, "time": 0.743, "data_time": 0.0, "lr": 0.0001, "loss": -8.354, "recon_loss": -8.908, "kld_loss": 1.386, "kld_weight": 0.4}
{"message": "", "levelname": "INFO", "name": "Trainer", "asctime": "2026-04-29 13:24:13,596", "type": "train", "epoch": 3, "batch": 3519, "n_batches": 7774, "time": 0.728, "data_time": 0.0, "lr": 0.0001, "loss": -4.799, "recon_loss": -5.868, "kld_loss": 2.672, "kld_weight": 0.4}
{"message": "", "levelname": "INFO", "name": "Trainer", "asctime": "2026-04-29 13:24:22,942", "type": "train", "epoch": 3, "batch": 3559, "n_batches": 7774, "time": 0.732, "data_time": 0.0, "lr": 0.0001, "loss": -10.197, "recon_loss": -10.443, "kld_loss": 0.616, "kld_weight": 0.4}
{"message": "", "levelname": "INFO", "name": "Trainer", "asctime": "2026-04-29 13:24:32,595", "type": "train", "epoch": 3, "batch": 3599, "n_batches": 7774, "time": 0.796, "data_time": 0.0, "lr": 0.0001, "loss": -0.002, "recon_loss": -0.432, "kld_loss": 1.076, "kld_weight": 0.4}
{"message": "", "levelname": "INFO", "name": "Trainer", "asctime": "2026-04-29 13:24:42,616", "type": "train", "epoch": 3, "batch": 3639, "n_batches": 7774, "time": 0.819, "data_time": 0.0, "lr": 0.0001, "loss": -10.214, "recon_loss": -10.443, "kld_loss": 0.571, "kld_weight": 0.4}
{"message": "", "levelname": "INFO", "name": "Trainer", "asctime": "2026-04-29 13:24:51,469", "type": "train", "epoch": 3, "batch": 3679, "n_batches": 7774, "time": 0.843, "data_time": 0.0, "lr": 0.0001, "loss": -8.694, "recon_loss": -8.92, "kld_loss": 0.566, "kld_weight": 0.4}
{"message": "", "levelname": "INFO", "name": "Trainer", "asctime": "2026-04-29 13:24:59,335", "type": "train", "epoch": 3, "batch": 3719, "n_batches": 7774, "time": 0.947, "data_time": 0.0, "lr": 0.0001, "loss": -7.386, "recon_loss": -7.758, "kld_loss": 0.929, "kld_weight": 0.4}
{"message": "", "levelname": "INFO", "name": "Trainer", "asctime": "2026-04-29 13:25:09,345", "type": "train", "epoch": 3, "batch": 3759, "n_batches": 7774, "time": 1.027, "data_time": 0.0, "lr": 0.0001, "loss": -5.892, "recon_loss": -6.649, "kld_loss": 1.892, "kld_weight": 0.4}
{"message": "", "levelname": "INFO", "name": "Trainer", "asctime": "2026-04-29 13:25:17,624", "type": "train", "epoch": 3, "batch": 3799, "n_batches": 7774, "time": 1.776, "data_time": 0.0, "lr": 0.0001, "loss": -4.647, "recon_loss": -5.106, "kld_loss": 1.149, "kld_weight": 0.4}
{"message": "", "levelname": "INFO", "name": "Trainer", "asctime": "2026-04-29 13:25:25,663", "type": "train", "epoch": 3, "batch": 3839, "n_batches": 7774, "time": 0.763, "data_time": 0.0, "lr": 0.0001, "loss": -9.099, "recon_loss": -9.295, "kld_loss": 0.49, "kld_weight": 0.4}
{"message": "", "levelname": "INFO", "name": "Trainer", "asctime": "2026-04-29 13:25:33,781", "type": "train", "epoch": 3, "batch": 3879, "n_batches": 7774, "time": 0.894, "data_time": 0.0, "lr": 0.0001, "loss": -8.643, "recon_loss": -8.96, "kld_loss": 0.793, "kld_weight": 0.4}
{"message": "", "levelname": "INFO", "name": "Trainer", "asctime": "2026-04-29 13:25:42,516", "type": "train", "epoch": 3, "batch": 3919, "n_batches": 7774, "time": 0.614, "data_time": 0.0, "lr": 0.0001, "loss": -8.339, "recon_loss": -8.652, "kld_loss": 0.781, "kld_weight": 0.4}
{"message": "", "levelname": "INFO", "name": "Trainer", "asctime": "2026-04-29 13:25:50,312", "type": "train", "epoch": 3, "batch": 3959, "n_batches": 7774, "time": 0.82, "data_time": 0.0, "lr": 0.0001, "loss": -6.683, "recon_loss": -7.36, "kld_loss": 1.691, "kld_weight": 0.4}
{"message": "", "levelname": "INFO", "name": "Trainer", "asctime": "2026-04-29 13:25:57,458", "type": "train", "epoch": 3, "batch": 3999, "n_batches": 7774, "time": 0.651, "data_time": 0.0, "lr": 0.0001, "loss": -3.65, "recon_loss": -3.871, "kld_loss": 0.552, "kld_weight": 0.4}
{"message": "", "levelname": "INFO", "name": "Trainer", "asctime": "2026-04-29 13:26:07,821", "type": "train", "epoch": 3, "batch": 4039, "n_batches": 7774, "time": 0.944, "data_time": 0.0, "lr": 0.0001, "loss": -6.344, "recon_loss": -6.619, "kld_loss": 0.688, "kld_weight": 0.4}
{"message": "", "levelname": "INFO", "name": "Trainer", "asctime": "2026-04-29 13:26:15,945", "type": "train", "epoch": 3, "batch": 4079, "n_batches": 7774, "time": 1.016, "data_time": 0.0, "lr": 0.0001, "loss": 2.135, "recon_loss": 1.082, "kld_loss": 2.633, "kld_weight": 0.4}
{"message": "", "levelname": "INFO", "name": "Trainer", "asctime": "2026-04-29 13:26:25,743", "type": "train", "epoch": 3, "batch": 4119, "n_batches": 7774, "time": 0.811, "data_time": 0.0, "lr": 0.0001, "loss": -7.312, "recon_loss": -7.676, "kld_loss": 0.909, "kld_weight": 0.4}
{"message": "", "levelname": "INFO", "name": "Trainer", "asctime": "2026-04-29 13:26:33,393", "type": "train", "epoch": 3, "batch": 4159, "n_batches": 7774, "time": 0.792, "data_time": 0.0, "lr": 0.0001, "loss": -4.542, "recon_loss": -4.819, "kld_loss": 0.694, "kld_weight": 0.4}
{"message": "", "levelname": "INFO", "name": "Trainer", "asctime": "2026-04-29 13:26:43,024", "type": "train", "epoch": 3, "batch": 4199, "n_batches": 7774, "time": 0.759, "data_time": 0.0, "lr": 0.0001, "loss": -5.374, "recon_loss": -5.622, "kld_loss": 0.621, "kld_weight": 0.4}
{"message": "", "levelname": "INFO", "name": "Trainer", "asctime": "2026-04-29 13:26:49,405", "type": "train", "epoch": 3, "batch": 4239, "n_batches": 7774, "time": 0.793, "data_time": 0.0, "lr": 0.0001, "loss": -5.295, "recon_loss": -5.868, "kld_loss": 1.433, "kld_weight": 0.4}
{"message": "", "levelname": "INFO", "name": "Trainer", "asctime": "2026-04-29 13:26:57,219", "type": "train", "epoch": 3, "batch": 4279, "n_batches": 7774, "time": 0.647, "data_time": 0.0, "lr": 0.0001, "loss": -8.614, "recon_loss": -8.998, "kld_loss": 0.961, "kld_weight": 0.4}
{"message": "", "levelname": "INFO", "name": "Trainer", "asctime": "2026-04-29 13:27:05,856", "type": "train", "epoch": 3, "batch": 4319, "n_batches": 7774, "time": 0.79, "data_time": 0.0, "lr": 0.0001, "loss": -8.914, "recon_loss": -9.17, "kld_loss": 0.638, "kld_weight": 0.4}
{"message": "", "levelname": "INFO", "name": "Trainer", "asctime": "2026-04-29 13:27:13,535", "type": "train", "epoch": 3, "batch": 4359, "n_batches": 7774, "time": 0.904, "data_time": 0.0, "lr": 0.0001, "loss": -6.901, "recon_loss": -7.629, "kld_loss": 1.82, "kld_weight": 0.4}
{"message": "", "levelname": "INFO", "name": "Trainer", "asctime": "2026-04-29 13:27:21,196", "type": "train", "epoch": 3, "batch": 4399, "n_batches": 7774, "time": 0.763, "data_time": 0.0, "lr": 0.0001, "loss": -5.742, "recon_loss": -6.648, "kld_loss": 2.263, "kld_weight": 0.4}
{"message": "", "levelname": "INFO", "name": "Trainer", "asctime": "2026-04-29 13:27:29,546", "type": "train", "epoch": 3, "batch": 4439, "n_batches": 7774, "time": 0.805, "data_time": 0.0, "lr": 0.0001, "loss": -10.289, "recon_loss": -10.58, "kld_loss": 0.728, "kld_weight": 0.4}
{"message": "", "levelname": "INFO", "name": "Trainer", "asctime": "2026-04-29 13:27:37,047", "type": "train", "epoch": 3, "batch": 4479, "n_batches": 7774, "time": 0.568, "data_time": 0.0, "lr": 0.0001, "loss": -3.458, "recon_loss": -4.977, "kld_loss": 3.797, "kld_weight": 0.4}
{"message": "", "levelname": "INFO", "name": "Trainer", "asctime": "2026-04-29 13:27:45,792", "type": "train", "epoch": 3, "batch": 4519, "n_batches": 7774, "time": 0.941, "data_time": 0.0, "lr": 0.0001, "loss": -10.171, "recon_loss": -10.32, "kld_loss": 0.372, "kld_weight": 0.4}
{"message": "", "levelname": "INFO", "name": "Trainer", "asctime": "2026-04-29 13:27:54,015", "type": "train", "epoch": 3, "batch": 4559, "n_batches": 7774, "time": 1.495, "data_time": 0.0, "lr": 0.0001, "loss": -7.53, "recon_loss": -8.297, "kld_loss": 1.916, "kld_weight": 0.4}
{"message": "", "levelname": "INFO", "name": "Trainer", "asctime": "2026-04-29 13:28:02,227", "type": "train", "epoch": 3, "batch": 4599, "n_batches": 7774, "time": 0.74, "data_time": 0.0, "lr": 0.0001, "loss": -6.057, "recon_loss": -6.326, "kld_loss": 0.673, "kld_weight": 0.4}
{"message": "", "levelname": "INFO", "name": "Trainer", "asctime": "2026-04-29 13:28:10,545", "type": "train", "epoch": 3, "batch": 4639, "n_batches": 7774, "time": 0.733, "data_time": 0.0, "lr": 0.0001, "loss": -8.1, "recon_loss": -8.365, "kld_loss": 0.662, "kld_weight": 0.4}
{"message": "", "levelname": "INFO", "name": "Trainer", "asctime": "2026-04-29 13:28:18,343", "type": "train", "epoch": 3, "batch": 4679, "n_batches": 7774, "time": 0.702, "data_time": 0.0, "lr": 0.0001, "loss": -8.031, "recon_loss": -8.377, "kld_loss": 0.863, "kld_weight": 0.4}
{"message": "", "levelname": "INFO", "name": "Trainer", "asctime": "2026-04-29 13:28:26,721", "type": "train", "epoch": 3, "batch": 4719, "n_batches": 7774, "time": 0.8, "data_time": 0.0, "lr": 0.0001, "loss": -7.192, "recon_loss": -7.47, "kld_loss": 0.695, "kld_weight": 0.4}
{"message": "", "levelname": "INFO", "name": "Trainer", "asctime": "2026-04-29 13:28:35,111", "type": "train", "epoch": 3, "batch": 4759, "n_batches": 7774, "time": 0.938, "data_time": 0.0, "lr": 0.0001, "loss": -9.545, "recon_loss": -9.826, "kld_loss": 0.705, "kld_weight": 0.4}
{"message": "", "levelname": "INFO", "name": "Trainer", "asctime": "2026-04-29 13:28:42,875", "type": "train", "epoch": 3, "batch": 4799, "n_batches": 7774, "time": 0.79, "data_time": 0.0, "lr": 0.0001, "loss": -6.435, "recon_loss": -7.159, "kld_loss": 1.81, "kld_weight": 0.4}
{"message": "", "levelname": "INFO", "name": "Trainer", "asctime": "2026-04-29 13:28:52,039", "type": "train", "epoch": 3, "batch": 4839, "n_batches": 7774, "time": 1.566, "data_time": 0.0, "lr": 0.0001, "loss": -8.832, "recon_loss": -9.165, "kld_loss": 0.833, "kld_weight": 0.4}
{"message": "", "levelname": "INFO", "name": "Trainer", "asctime": "2026-04-29 13:29:00,607", "type": "train", "epoch": 3, "batch": 4879, "n_batches": 7774, "time": 1.091, "data_time": 0.0, "lr": 0.0001, "loss": -7.596, "recon_loss": -8.029, "kld_loss": 1.084, "kld_weight": 0.4}
{"message": "", "levelname": "INFO", "name": "Trainer", "asctime": "2026-04-29 13:29:08,572", "type": "train", "epoch": 3, "batch": 4919, "n_batches": 7774, "time": 0.637, "data_time": 0.0, "lr": 0.0001, "loss": -1.854, "recon_loss": -2.227, "kld_loss": 0.933, "kld_weight": 0.4}
{"message": "", "levelname": "INFO", "name": "Trainer", "asctime": "2026-04-29 13:29:16,232", "type": "train", "epoch": 3, "batch": 4959, "n_batches": 7774, "time": 0.912, "data_time": 0.0, "lr": 0.0001, "loss": -9.152, "recon_loss": -9.489, "kld_loss": 0.841, "kld_weight": 0.4}
{"message": "", "levelname": "INFO", "name": "Trainer", "asctime": "2026-04-29 13:29:25,257", "type": "train", "epoch": 3, "batch": 4999, "n_batches": 7774, "time": 0.7, "data_time": 0.0, "lr": 0.0001, "loss": -9.099, "recon_loss": -9.598, "kld_loss": 1.248, "kld_weight": 0.4}
{"message": "", "levelname": "INFO", "name": "Trainer", "asctime": "2026-04-29 13:29:33,675", "type": "train", "epoch": 3, "batch": 5039, "n_batches": 7774, "time": 0.685, "data_time": 0.0, "lr": 0.0001, "loss": -5.553, "recon_loss": -6.281, "kld_loss": 1.819, "kld_weight": 0.4}
{"message": "", "levelname": "INFO", "name": "Trainer", "asctime": "2026-04-29 13:29:42,180", "type": "train", "epoch": 3, "batch": 5079, "n_batches": 7774, "time": 0.63, "data_time": 0.0, "lr": 0.0001, "loss": -5.762, "recon_loss": -6.668, "kld_loss": 2.265, "kld_weight": 0.4}
{"message": "", "levelname": "INFO", "name": "Trainer", "asctime": "2026-04-29 13:29:50,596", "type": "train", "epoch": 3, "batch": 5119, "n_batches": 7774, "time": 1.492, "data_time": 0.0, "lr": 0.0001, "loss": -8.297, "recon_loss": -8.463, "kld_loss": 0.417, "kld_weight": 0.4}
{"message": "", "levelname": "INFO", "name": "Trainer", "asctime": "2026-04-29 13:29:58,505", "type": "train", "epoch": 3, "batch": 5159, "n_batches": 7774, "time": 0.488, "data_time": 0.0, "lr": 0.0001, "loss": -4.311, "recon_loss": -5.571, "kld_loss": 3.15, "kld_weight": 0.4}
{"message": "", "levelname": "INFO", "name": "Trainer", "asctime": "2026-04-29 13:30:06,285", "type": "train", "epoch": 3, "batch": 5199, "n_batches": 7774, "time": 0.641, "data_time": 0.0, "lr": 0.0001, "loss": -6.043, "recon_loss": -6.523, "kld_loss": 1.2, "kld_weight": 0.4}
{"message": "", "levelname": "INFO", "name": "Trainer", "asctime": "2026-04-29 13:30:15,587", "type": "train", "epoch": 3, "batch": 5239, "n_batches": 7774, "time": 0.775, "data_time": 0.0, "lr": 0.0001, "loss": -5.549, "recon_loss": -5.846, "kld_loss": 0.744, "kld_weight": 0.4}
{"message": "", "levelname": "INFO", "name": "Trainer", "asctime": "2026-04-29 13:30:22,416", "type": "train", "epoch": 3, "batch": 5279, "n_batches": 7774, "time": 0.741, "data_time": 0.0, "lr": 0.0001, "loss": -7.608, "recon_loss": -7.817, "kld_loss": 0.523, "kld_weight": 0.4}
{"message": "", "levelname": "INFO", "name": "Trainer", "asctime": "2026-04-29 13:30:29,705", "type": "train", "epoch": 3, "batch": 5319, "n_batches": 7774, "time": 0.647, "data_time": 0.0, "lr": 0.0001, "loss": -9.388, "recon_loss": -9.614, "kld_loss": 0.565, "kld_weight": 0.4}
{"message": "", "levelname": "INFO", "name": "Trainer", "asctime": "2026-04-29 13:30:36,712", "type": "train", "epoch": 3, "batch": 5359, "n_batches": 7774, "time": 0.644, "data_time": 0.0, "lr": 0.0001, "loss": -9.049, "recon_loss": -9.231, "kld_loss": 0.456, "kld_weight": 0.4}
{"message": "", "levelname": "INFO", "name": "Trainer", "asctime": "2026-04-29 13:30:47,247", "type": "train", "epoch": 3, "batch": 5399, "n_batches": 7774, "time": 0.711, "data_time": 0.0, "lr": 0.0001, "loss": -8.897, "recon_loss": -9.181, "kld_loss": 0.709, "kld_weight": 0.4}
{"message": "", "levelname": "INFO", "name": "Trainer", "asctime": "2026-04-29 13:30:55,207", "type": "train", "epoch": 3, "batch": 5439, "n_batches": 7774, "time": 0.767, "data_time": 0.0, "lr": 0.0001, "loss": -1.431, "recon_loss": -2.995, "kld_loss": 3.909, "kld_weight": 0.4}
{"message": "", "levelname": "INFO", "name": "Trainer", "asctime": "2026-04-29 13:31:03,416", "type": "train", "epoch": 3, "batch": 5479, "n_batches": 7774, "time": 0.76, "data_time": 0.0, "lr": 0.0001, "loss": -6.124, "recon_loss": -6.895, "kld_loss": 1.927, "kld_weight": 0.4}
{"message": "", "levelname": "INFO", "name": "Trainer", "asctime": "2026-04-29 13:31:11,032", "type": "train", "epoch": 3, "batch": 5519, "n_batches": 7774, "time": 0.679, "data_time": 0.0, "lr": 0.0001, "loss": -6.585, "recon_loss": -7.364, "kld_loss": 1.948, "kld_weight": 0.4}
{"message": "", "levelname": "INFO", "name": "Trainer", "asctime": "2026-04-29 13:31:20,121", "type": "train", "epoch": 3, "batch": 5559, "n_batches": 7774, "time": 1.556, "data_time": 0.0, "lr": 0.0001, "loss": -5.992, "recon_loss": -6.624, "kld_loss": 1.581, "kld_weight": 0.4}
{"message": "", "levelname": "INFO", "name": "Trainer", "asctime": "2026-04-29 13:31:28,730", "type": "train", "epoch": 3, "batch": 5599, "n_batches": 7774, "time": 0.73, "data_time": 0.0, "lr": 0.0001, "loss": -2.928, "recon_loss": -3.799, "kld_loss": 2.177, "kld_weight": 0.4}
{"message": "", "levelname": "INFO", "name": "Trainer", "asctime": "2026-04-29 13:31:37,573", "type": "train", "epoch": 3, "batch": 5639, "n_batches": 7774, "time": 0.615, "data_time": 0.0, "lr": 0.0001, "loss": -3.948, "recon_loss": -4.49, "kld_loss": 1.355, "kld_weight": 0.4}
{"message": "", "levelname": "INFO", "name": "Trainer", "asctime": "2026-04-29 13:31:45,548", "type": "train", "epoch": 3, "batch": 5679, "n_batches": 7774, "time": 0.585, "data_time": 0.001, "lr": 0.0001, "loss": -7.846, "recon_loss": -8.105, "kld_loss": 0.647, "kld_weight": 0.4}
{"message": "", "levelname": "INFO", "name": "Trainer", "asctime": "2026-04-29 13:31:54,208", "type": "train", "epoch": 3, "batch": 5719, "n_batches": 7774, "time": 0.909, "data_time": 0.0, "lr": 0.0001, "loss": -3.822, "recon_loss": -4.05, "kld_loss": 0.57, "kld_weight": 0.4}
{"message": "", "levelname": "INFO", "name": "Trainer", "asctime": "2026-04-29 13:32:03,704", "type": "train", "epoch": 3, "batch": 5759, "n_batches": 7774, "time": 0.741, "data_time": 0.0, "lr": 0.0001, "loss": -7.175, "recon_loss": -7.541, "kld_loss": 0.914, "kld_weight": 0.4}
{"message": "", "levelname": "INFO", "name": "Trainer", "asctime": "2026-04-29 13:32:11,111", "type": "train", "epoch": 3, "batch": 5799, "n_batches": 7774, "time": 0.573, "data_time": 0.0, "lr": 0.0001, "loss": -3.783, "recon_loss": -4.033, "kld_loss": 0.626, "kld_weight": 0.4}
{"message": "", "levelname": "INFO", "name": "Trainer", "asctime": "2026-04-29 13:32:19,032", "type": "train", "epoch": 3, "batch": 5839, "n_batches": 7774, "time": 0.693, "data_time": 0.0, "lr": 0.0001, "loss": -5.915, "recon_loss": -6.274, "kld_loss": 0.898, "kld_weight": 0.4}
{"message": "", "levelname": "INFO", "name": "Trainer", "asctime": "2026-04-29 13:32:26,924", "type": "train", "epoch": 3, "batch": 5879, "n_batches": 7774, "time": 0.65, "data_time": 0.0, "lr": 0.0001, "loss": -6.178, "recon_loss": -6.659, "kld_loss": 1.203, "kld_weight": 0.4}
{"message": "", "levelname": "INFO", "name": "Trainer", "asctime": "2026-04-29 13:32:35,758", "type": "train", "epoch": 3, "batch": 5919, "n_batches": 7774, "time": 1.657, "data_time": 0.0, "lr": 0.0001, "loss": -6.629, "recon_loss": -7.052, "kld_loss": 1.057, "kld_weight": 0.4}
{"message": "", "levelname": "INFO", "name": "Trainer", "asctime": "2026-04-29 13:32:44,471", "type": "train", "epoch": 3, "batch": 5959, "n_batches": 7774, "time": 0.925, "data_time": 0.0, "lr": 0.0001, "loss": -9.948, "recon_loss": -10.186, "kld_loss": 0.596, "kld_weight": 0.4}
{"message": "", "levelname": "INFO", "name": "Trainer", "asctime": "2026-04-29 13:32:52,893", "type": "train", "epoch": 3, "batch": 5999, "n_batches": 7774, "time": 0.766, "data_time": 0.0, "lr": 0.0001, "loss": -8.016, "recon_loss": -8.192, "kld_loss": 0.44, "kld_weight": 0.4}
{"message": "", "levelname": "INFO", "name": "Trainer", "asctime": "2026-04-29 13:33:00,344", "type": "train", "epoch": 3, "batch": 6039, "n_batches": 7774, "time": 0.635, "data_time": 0.0, "lr": 0.0001, "loss": -5.46, "recon_loss": -5.643, "kld_loss": 0.457, "kld_weight": 0.4}
{"message": "", "levelname": "INFO", "name": "Trainer", "asctime": "2026-04-29 13:33:09,112", "type": "train", "epoch": 3, "batch": 6079, "n_batches": 7774, "time": 0.692, "data_time": 0.0, "lr": 0.0001, "loss": -6.658, "recon_loss": -7.49, "kld_loss": 2.08, "kld_weight": 0.4}
{"message": "", "levelname": "INFO", "name": "Trainer", "asctime": "2026-04-29 13:33:16,536", "type": "train", "epoch": 3, "batch": 6119, "n_batches": 7774, "time": 0.685, "data_time": 0.0, "lr": 0.0001, "loss": -9.102, "recon_loss": -9.292, "kld_loss": 0.475, "kld_weight": 0.4}
{"message": "", "levelname": "INFO", "name": "Trainer", "asctime": "2026-04-29 13:33:25,157", "type": "train", "epoch": 3, "batch": 6159, "n_batches": 7774, "time": 0.737, "data_time": 0.0, "lr": 0.0001, "loss": -4.867, "recon_loss": -5.82, "kld_loss": 2.383, "kld_weight": 0.4}
{"message": "", "levelname": "INFO", "name": "Trainer", "asctime": "2026-04-29 13:33:33,260", "type": "train", "epoch": 3, "batch": 6199, "n_batches": 7774, "time": 1.542, "data_time": 0.0, "lr": 0.0001, "loss": -7.447, "recon_loss": -7.807, "kld_loss": 0.898, "kld_weight": 0.4}
{"message": "", "levelname": "INFO", "name": "Trainer", "asctime": "2026-04-29 13:33:41,091", "type": "train", "epoch": 3, "batch": 6239, "n_batches": 7774, "time": 0.618, "data_time": 0.0, "lr": 0.0001, "loss": -4.684, "recon_loss": -5.038, "kld_loss": 0.886, "kld_weight": 0.4}
{"message": "", "levelname": "INFO", "name": "Trainer", "asctime": "2026-04-29 13:33:48,689", "type": "train", "epoch": 3, "batch": 6279, "n_batches": 7774, "time": 0.743, "data_time": 0.0, "lr": 0.0001, "loss": -3.335, "recon_loss": -3.959, "kld_loss": 1.558, "kld_weight": 0.4}
{"message": "", "levelname": "INFO", "name": "Trainer", "asctime": "2026-04-29 13:33:56,723", "type": "train", "epoch": 3, "batch": 6319, "n_batches": 7774, "time": 0.601, "data_time": 0.0, "lr": 0.0001, "loss": -6.52, "recon_loss": -6.831, "kld_loss": 0.776, "kld_weight": 0.4}
{"message": "", "levelname": "INFO", "name": "Trainer", "asctime": "2026-04-29 13:34:03,688", "type": "train", "epoch": 3, "batch": 6359, "n_batches": 7774, "time": 1.327, "data_time": 0.0, "lr": 0.0001, "loss": -6.388, "recon_loss": -7.2, "kld_loss": 2.028, "kld_weight": 0.4}
{"message": "", "levelname": "INFO", "name": "Trainer", "asctime": "2026-04-29 13:34:12,474", "type": "train", "epoch": 3, "batch": 6399, "n_batches": 7774, "time": 0.71, "data_time": 0.0, "lr": 0.0001, "loss": -6.711, "recon_loss": -7.432, "kld_loss": 1.803, "kld_weight": 0.4}
{"message": "", "levelname": "INFO", "name": "Trainer", "asctime": "2026-04-29 13:34:19,289", "type": "train", "epoch": 3, "batch": 6439, "n_batches": 7774, "time": 0.675, "data_time": 0.0, "lr": 0.0001, "loss": -6.129, "recon_loss": -6.612, "kld_loss": 1.208, "kld_weight": 0.4}
{"message": "", "levelname": "INFO", "name": "Trainer", "asctime": "2026-04-29 13:34:28,419", "type": "train", "epoch": 3, "batch": 6479, "n_batches": 7774, "time": 0.648, "data_time": 0.0, "lr": 0.0001, "loss": -10.411, "recon_loss": -10.578, "kld_loss": 0.417, "kld_weight": 0.4}
{"message": "", "levelname": "INFO", "name": "Trainer", "asctime": "2026-04-29 13:34:36,860", "type": "train", "epoch": 3, "batch": 6519, "n_batches": 7774, "time": 1.237, "data_time": 0.0, "lr": 0.0001, "loss": -7.159, "recon_loss": -7.477, "kld_loss": 0.795, "kld_weight": 0.4}
{"message": "", "levelname": "INFO", "name": "Trainer", "asctime": "2026-04-29 13:34:44,670", "type": "train", "epoch": 3, "batch": 6559, "n_batches": 7774, "time": 0.705, "data_time": 0.0, "lr": 0.0001, "loss": -10.048, "recon_loss": -10.314, "kld_loss": 0.666, "kld_weight": 0.4}
{"message": "", "levelname": "INFO", "name": "Trainer", "asctime": "2026-04-29 13:34:53,930", "type": "train", "epoch": 3, "batch": 6599, "n_batches": 7774, "time": 0.891, "data_time": 0.0, "lr": 0.0001, "loss": -5.761, "recon_loss": -6.348, "kld_loss": 1.467, "kld_weight": 0.4}
{"message": "", "levelname": "INFO", "name": "Trainer", "asctime": "2026-04-29 13:35:02,832", "type": "train", "epoch": 3, "batch": 6639, "n_batches": 7774, "time": 1.235, "data_time": 0.0, "lr": 0.0001, "loss": -6.433, "recon_loss": -6.864, "kld_loss": 1.077, "kld_weight": 0.4}
{"message": "", "levelname": "INFO", "name": "Trainer", "asctime": "2026-04-29 13:35:11,488", "type": "train", "epoch": 3, "batch": 6679, "n_batches": 7774, "time": 0.795, "data_time": 0.0, "lr": 0.0001, "loss": -5.337, "recon_loss": -5.591, "kld_loss": 0.635, "kld_weight": 0.4}
{"message": "", "levelname": "INFO", "name": "Trainer", "asctime": "2026-04-29 13:35:19,527", "type": "train", "epoch": 3, "batch": 6719, "n_batches": 7774, "time": 0.667, "data_time": 0.0, "lr": 0.0001, "loss": -6.622, "recon_loss": -6.9, "kld_loss": 0.696, "kld_weight": 0.4}
{"message": "", "levelname": "INFO", "name": "Trainer", "asctime": "2026-04-29 13:35:28,430", "type": "train", "epoch": 3, "batch": 6759, "n_batches": 7774, "time": 0.616, "data_time": 0.0, "lr": 0.0001, "loss": -5.963, "recon_loss": -6.226, "kld_loss": 0.656, "kld_weight": 0.4}
{"message": "", "levelname": "INFO", "name": "Trainer", "asctime": "2026-04-29 13:35:36,842", "type": "train", "epoch": 3, "batch": 6799, "n_batches": 7774, "time": 0.758, "data_time": 0.0, "lr": 0.0001, "loss": -8.24, "recon_loss": -8.371, "kld_loss": 0.326, "kld_weight": 0.4}
{"message": "", "levelname": "INFO", "name": "Trainer", "asctime": "2026-04-29 13:35:44,510", "type": "train", "epoch": 3, "batch": 6839, "n_batches": 7774, "time": 0.738, "data_time": 0.0, "lr": 0.0001, "loss": -6.763, "recon_loss": -6.906, "kld_loss": 0.358, "kld_weight": 0.4}
{"message": "", "levelname": "INFO", "name": "Trainer", "asctime": "2026-04-29 13:35:52,698", "type": "train", "epoch": 3, "batch": 6879, "n_batches": 7774, "time": 0.514, "data_time": 0.0, "lr": 0.0001, "loss": -8.813, "recon_loss": -9.02, "kld_loss": 0.517, "kld_weight": 0.4}
{"message": "", "levelname": "INFO", "name": "Trainer", "asctime": "2026-04-29 13:36:01,461", "type": "train", "epoch": 3, "batch": 6919, "n_batches": 7774, "time": 0.762, "data_time": 0.0, "lr": 0.0001, "loss": -6.897, "recon_loss": -7.219, "kld_loss": 0.806, "kld_weight": 0.4}
{"message": "", "levelname": "INFO", "name": "Trainer", "asctime": "2026-04-29 13:36:08,668", "type": "train", "epoch": 3, "batch": 6959, "n_batches": 7774, "time": 0.718, "data_time": 0.0, "lr": 0.0001, "loss": -9.92, "recon_loss": -10.189, "kld_loss": 0.673, "kld_weight": 0.4}
{"message": "", "levelname": "INFO", "name": "Trainer", "asctime": "2026-04-29 13:36:18,903", "type": "train", "epoch": 3, "batch": 6999, "n_batches": 7774, "time": 0.682, "data_time": 0.0, "lr": 0.0001, "loss": -7.156, "recon_loss": -7.453, "kld_loss": 0.741, "kld_weight": 0.4}
{"message": "", "levelname": "INFO", "name": "Trainer", "asctime": "2026-04-29 13:36:27,672", "type": "train", "epoch": 3, "batch": 7039, "n_batches": 7774, "time": 0.804, "data_time": 0.0, "lr": 0.0001, "loss": -2.82, "recon_loss": -3.237, "kld_loss": 1.045, "kld_weight": 0.4}
{"message": "", "levelname": "INFO", "name": "Trainer", "asctime": "2026-04-29 13:36:37,335", "type": "train", "epoch": 3, "batch": 7079, "n_batches": 7774, "time": 1.391, "data_time": 0.0, "lr": 0.0001, "loss": -7.952, "recon_loss": -8.213, "kld_loss": 0.653, "kld_weight": 0.4}
{"message": "", "levelname": "INFO", "name": "Trainer", "asctime": "2026-04-29 13:36:46,540", "type": "train", "epoch": 3, "batch": 7119, "n_batches": 7774, "time": 0.823, "data_time": 0.0, "lr": 0.0001, "loss": -6.693, "recon_loss": -6.977, "kld_loss": 0.709, "kld_weight": 0.4}
{"message": "", "levelname": "INFO", "name": "Trainer", "asctime": "2026-04-29 13:36:55,023", "type": "train", "epoch": 3, "batch": 7159, "n_batches": 7774, "time": 1.243, "data_time": 0.0, "lr": 0.0001, "loss": -6.823, "recon_loss": -7.02, "kld_loss": 0.495, "kld_weight": 0.4}
{"message": "", "levelname": "INFO", "name": "Trainer", "asctime": "2026-04-29 13:37:02,938", "type": "train", "epoch": 3, "batch": 7199, "n_batches": 7774, "time": 0.937, "data_time": 0.0, "lr": 0.0001, "loss": -8.609, "recon_loss": -8.922, "kld_loss": 0.783, "kld_weight": 0.4}
{"message": "", "levelname": "INFO", "name": "Trainer", "asctime": "2026-04-29 13:37:12,074", "type": "train", "epoch": 3, "batch": 7239, "n_batches": 7774, "time": 0.767, "data_time": 0.0, "lr": 0.0001, "loss": -8.055, "recon_loss": -8.389, "kld_loss": 0.835, "kld_weight": 0.4}
{"message": "", "levelname": "INFO", "name": "Trainer", "asctime": "2026-04-29 13:37:20,189", "type": "train", "epoch": 3, "batch": 7279, "n_batches": 7774, "time": 0.917, "data_time": 0.0, "lr": 0.0001, "loss": -10.392, "recon_loss": -10.6, "kld_loss": 0.52, "kld_weight": 0.4}
{"message": "", "levelname": "INFO", "name": "Trainer", "asctime": "2026-04-29 13:37:29,583", "type": "train", "epoch": 3, "batch": 7319, "n_batches": 7774, "time": 1.445, "data_time": 0.0, "lr": 0.0001, "loss": -3.956, "recon_loss": -4.607, "kld_loss": 1.628, "kld_weight": 0.4}
{"message": "", "levelname": "INFO", "name": "Trainer", "asctime": "2026-04-29 13:37:37,410", "type": "train", "epoch": 3, "batch": 7359, "n_batches": 7774, "time": 0.645, "data_time": 0.0, "lr": 0.0001, "loss": -7.837, "recon_loss": -8.186, "kld_loss": 0.871, "kld_weight": 0.4}
{"message": "", "levelname": "INFO", "name": "Trainer", "asctime": "2026-04-29 13:37:46,073", "type": "train", "epoch": 3, "batch": 7399, "n_batches": 7774, "time": 0.989, "data_time": 0.0, "lr": 0.0001, "loss": -6.64, "recon_loss": -7.394, "kld_loss": 1.886, "kld_weight": 0.4}
{"message": "", "levelname": "INFO", "name": "Trainer", "asctime": "2026-04-29 13:37:54,266", "type": "train", "epoch": 3, "batch": 7439, "n_batches": 7774, "time": 0.794, "data_time": 0.0, "lr": 0.0001, "loss": -6.079, "recon_loss": -6.868, "kld_loss": 1.971, "kld_weight": 0.4}
{"message": "", "levelname": "INFO", "name": "Trainer", "asctime": "2026-04-29 13:38:02,018", "type": "train", "epoch": 3, "batch": 7479, "n_batches": 7774, "time": 0.714, "data_time": 0.0, "lr": 0.0001, "loss": -8.803, "recon_loss": -9.071, "kld_loss": 0.67, "kld_weight": 0.4}
{"message": "", "levelname": "INFO", "name": "Trainer", "asctime": "2026-04-29 13:38:10,580", "type": "train", "epoch": 3, "batch": 7519, "n_batches": 7774, "time": 0.77, "data_time": 0.0, "lr": 0.0001, "loss": -6.698, "recon_loss": -7.251, "kld_loss": 1.38, "kld_weight": 0.4}
{"message": "", "levelname": "INFO", "name": "Trainer", "asctime": "2026-04-29 13:38:19,253", "type": "train", "epoch": 3, "batch": 7559, "n_batches": 7774, "time": 0.704, "data_time": 0.0, "lr": 0.0001, "loss": -2.703, "recon_loss": -3.167, "kld_loss": 1.159, "kld_weight": 0.4}
{"message": "", "levelname": "INFO", "name": "Trainer", "asctime": "2026-04-29 13:38:27,461", "type": "train", "epoch": 3, "batch": 7599, "n_batches": 7774, "time": 0.746, "data_time": 0.0, "lr": 0.0001, "loss": -4.826, "recon_loss": -4.935, "kld_loss": 0.273, "kld_weight": 0.4}
{"message": "", "levelname": "INFO", "name": "Trainer", "asctime": "2026-04-29 13:38:36,782", "type": "train", "epoch": 3, "batch": 7639, "n_batches": 7774, "time": 0.74, "data_time": 0.0, "lr": 0.0001, "loss": -6.974, "recon_loss": -7.233, "kld_loss": 0.647, "kld_weight": 0.4}
{"message": "", "levelname": "INFO", "name": "Trainer", "asctime": "2026-04-29 13:38:46,218", "type": "train", "epoch": 3, "batch": 7679, "n_batches": 7774, "time": 0.598, "data_time": 0.0, "lr": 0.0001, "loss": -7.863, "recon_loss": -8.057, "kld_loss": 0.483, "kld_weight": 0.4}
{"message": "", "levelname": "INFO", "name": "Trainer", "asctime": "2026-04-29 13:38:53,190", "type": "train", "epoch": 3, "batch": 7719, "n_batches": 7774, "time": 0.802, "data_time": 0.0, "lr": 0.0001, "loss": -7.427, "recon_loss": -7.802, "kld_loss": 0.937, "kld_weight": 0.4}
{"message": "", "levelname": "INFO", "name": "Trainer", "asctime": "2026-04-29 13:39:02,281", "type": "train", "epoch": 3, "batch": 7759, "n_batches": 7774, "time": 0.764, "data_time": 0.0, "lr": 0.0001, "loss": -10.575, "recon_loss": -10.742, "kld_loss": 0.417, "kld_weight": 0.4}
{"message": "", "levelname": "INFO", "name": "Trainer", "asctime": "2026-04-29 13:39:05,510", "type": "train-epoch", "epoch": 4, "loss": -1.72632, "recon_loss": -1.86602, "kld_loss": 0.34925, "kld_weight": 0.4, "time": 1622.1}
{"message": "", "levelname": "INFO", "name": "Trainer", "asctime": "2026-04-29 13:42:00,572", "type": "val-epoch", "epoch": 4, "loss": -1.828, "test_loss": -1.606, "recon_loss": -1.906, "kld_loss": 0.195, "kld_weight": 0.4, "note": "loss is teacher-forced CVAE objective; test_loss is prior-only reconstruction", "time": 175.1}
{"message": "", "levelname": "INFO", "name": "Trainer", "asctime": "2026-04-29 13:42:07,948", "type": "train", "epoch": 4, "batch": 39, "n_batches": 7774, "time": 0.779, "data_time": 0.0, "lr": 0.0001, "loss": -10.412, "recon_loss": -10.515, "kld_loss": 0.205, "kld_weight": 0.5}
{"message": "", "levelname": "INFO", "name": "Trainer", "asctime": "2026-04-29 13:42:16,286", "type": "train", "epoch": 4, "batch": 79, "n_batches": 7774, "time": 0.621, "data_time": 0.0, "lr": 0.0001, "loss": -8.619, "recon_loss": -8.837, "kld_loss": 0.436, "kld_weight": 0.5}
{"message": "", "levelname": "INFO", "name": "Trainer", "asctime": "2026-04-29 13:42:26,607", "type": "train", "epoch": 4, "batch": 119, "n_batches": 7774, "time": 0.71, "data_time": 0.0, "lr": 0.0001, "loss": -5.636, "recon_loss": -5.788, "kld_loss": 0.304, "kld_weight": 0.5}
{"message": "", "levelname": "INFO", "name": "Trainer", "asctime": "2026-04-29 13:42:33,219", "type": "train", "epoch": 4, "batch": 159, "n_batches": 7774, "time": 0.697, "data_time": 0.0, "lr": 0.0001, "loss": -6.029, "recon_loss": -6.3, "kld_loss": 0.541, "kld_weight": 0.5}
{"message": "", "levelname": "INFO", "name": "Trainer", "asctime": "2026-04-29 13:42:40,419", "type": "train", "epoch": 4, "batch": 199, "n_batches": 7774, "time": 0.725, "data_time": 0.0, "lr": 0.0001, "loss": -6.584, "recon_loss": -6.747, "kld_loss": 0.327, "kld_weight": 0.5}
{"message": "", "levelname": "INFO", "name": "Trainer", "asctime": "2026-04-29 13:42:47,194", "type": "train", "epoch": 4, "batch": 239, "n_batches": 7774, "time": 0.842, "data_time": 0.0, "lr": 0.0001, "loss": -6.491, "recon_loss": -6.649, "kld_loss": 0.315, "kld_weight": 0.5}
{"message": "", "levelname": "INFO", "name": "Trainer", "asctime": "2026-04-29 13:42:55,186", "type": "train", "epoch": 4, "batch": 279, "n_batches": 7774, "time": 0.706, "data_time": 0.0, "lr": 0.0001, "loss": -6.858, "recon_loss": -7.201, "kld_loss": 0.685, "kld_weight": 0.5}
{"message": "", "levelname": "INFO", "name": "Trainer", "asctime": "2026-04-29 13:43:03,309", "type": "train", "epoch": 4, "batch": 319, "n_batches": 7774, "time": 0.605, "data_time": 0.0, "lr": 0.0001, "loss": -9.441, "recon_loss": -9.623, "kld_loss": 0.365, "kld_weight": 0.5}
{"message": "", "levelname": "INFO", "name": "Trainer", "asctime": "2026-04-29 13:43:12,914", "type": "train", "epoch": 4, "batch": 359, "n_batches": 7774, "time": 0.68, "data_time": 0.0, "lr": 0.0001, "loss": -7.209, "recon_loss": -7.833, "kld_loss": 1.249, "kld_weight": 0.5}
{"message": "", "levelname": "INFO", "name": "Trainer", "asctime": "2026-04-29 13:43:21,959", "type": "train", "epoch": 4, "batch": 399, "n_batches": 7774, "time": 0.754, "data_time": 0.0, "lr": 0.0001, "loss": -5.554, "recon_loss": -5.663, "kld_loss": 0.218, "kld_weight": 0.5}
{"message": "", "levelname": "INFO", "name": "Trainer", "asctime": "2026-04-29 13:43:29,872", "type": "train", "epoch": 4, "batch": 439, "n_batches": 7774, "time": 1.346, "data_time": 0.0, "lr": 0.0001, "loss": -7.645, "recon_loss": -7.959, "kld_loss": 0.628, "kld_weight": 0.5}
{"message": "", "levelname": "INFO", "name": "Trainer", "asctime": "2026-04-29 13:43:37,650", "type": "train", "epoch": 4, "batch": 479, "n_batches": 7774, "time": 0.626, "data_time": 0.0, "lr": 0.0001, "loss": -9.294, "recon_loss": -9.568, "kld_loss": 0.549, "kld_weight": 0.5}
{"message": "", "levelname": "INFO", "name": "Trainer", "asctime": "2026-04-29 13:43:45,436", "type": "train", "epoch": 4, "batch": 519, "n_batches": 7774, "time": 1.441, "data_time": 0.0, "lr": 0.0001, "loss": -9.464, "recon_loss": -9.551, "kld_loss": 0.173, "kld_weight": 0.5}
{"message": "", "levelname": "INFO", "name": "Trainer", "asctime": "2026-04-29 13:43:53,539", "type": "train", "epoch": 4, "batch": 559, "n_batches": 7774, "time": 0.804, "data_time": 0.0, "lr": 0.0001, "loss": -8.56, "recon_loss": -8.812, "kld_loss": 0.504, "kld_weight": 0.5}
{"message": "", "levelname": "INFO", "name": "Trainer", "asctime": "2026-04-29 13:44:00,837", "type": "train", "epoch": 4, "batch": 599, "n_batches": 7774, "time": 0.654, "data_time": 0.0, "lr": 0.0001, "loss": -7.139, "recon_loss": -7.466, "kld_loss": 0.654, "kld_weight": 0.5}
{"message": "", "levelname": "INFO", "name": "Trainer", "asctime": "2026-04-29 13:44:08,090", "type": "train", "epoch": 4, "batch": 639, "n_batches": 7774, "time": 0.736, "data_time": 0.0, "lr": 0.0001, "loss": -4.579, "recon_loss": -5.034, "kld_loss": 0.911, "kld_weight": 0.5}
{"message": "", "levelname": "INFO", "name": "Trainer", "asctime": "2026-04-29 13:44:16,027", "type": "train", "epoch": 4, "batch": 679, "n_batches": 7774, "time": 0.63, "data_time": 0.0, "lr": 0.0001, "loss": -5.897, "recon_loss": -6.404, "kld_loss": 1.015, "kld_weight": 0.5}
{"message": "", "levelname": "INFO", "name": "Trainer", "asctime": "2026-04-29 13:44:23,914", "type": "train", "epoch": 4, "batch": 719, "n_batches": 7774, "time": 0.649, "data_time": 0.0, "lr": 0.0001, "loss": -3.435, "recon_loss": -3.546, "kld_loss": 0.222, "kld_weight": 0.5}
{"message": "", "levelname": "INFO", "name": "Trainer", "asctime": "2026-04-29 13:44:31,779", "type": "train", "epoch": 4, "batch": 759, "n_batches": 7774, "time": 0.912, "data_time": 0.0, "lr": 0.0001, "loss": -4.494, "recon_loss": -5.306, "kld_loss": 1.623, "kld_weight": 0.5}
{"message": "", "levelname": "INFO", "name": "Trainer", "asctime": "2026-04-29 13:44:38,895", "type": "train", "epoch": 4, "batch": 799, "n_batches": 7774, "time": 0.804, "data_time": 0.0, "lr": 0.0001, "loss": -6.361, "recon_loss": -6.831, "kld_loss": 0.94, "kld_weight": 0.5}
{"message": "", "levelname": "INFO", "name": "Trainer", "asctime": "2026-04-29 13:44:47,234", "type": "train", "epoch": 4, "batch": 839, "n_batches": 7774, "time": 0.678, "data_time": 0.0, "lr": 0.0001, "loss": -4.68, "recon_loss": -4.849, "kld_loss": 0.338, "kld_weight": 0.5}
{"message": "", "levelname": "INFO", "name": "Trainer", "asctime": "2026-04-29 13:44:53,881", "type": "train", "epoch": 4, "batch": 879, "n_batches": 7774, "time": 0.592, "data_time": 0.0, "lr": 0.0001, "loss": -5.827, "recon_loss": -6.624, "kld_loss": 1.593, "kld_weight": 0.5}
{"message": "", "levelname": "INFO", "name": "Trainer", "asctime": "2026-04-29 13:45:00,909", "type": "train", "epoch": 4, "batch": 919, "n_batches": 7774, "time": 0.782, "data_time": 0.0, "lr": 0.0001, "loss": -8.711, "recon_loss": -9.048, "kld_loss": 0.675, "kld_weight": 0.5}
{"message": "", "levelname": "INFO", "name": "Trainer", "asctime": "2026-04-29 13:45:08,422", "type": "train", "epoch": 4, "batch": 959, "n_batches": 7774, "time": 0.742, "data_time": 0.0, "lr": 0.0001, "loss": -6.639, "recon_loss": -6.807, "kld_loss": 0.335, "kld_weight": 0.5}
{"message": "", "levelname": "INFO", "name": "Trainer", "asctime": "2026-04-29 13:45:17,023", "type": "train", "epoch": 4, "batch": 999, "n_batches": 7774, "time": 0.688, "data_time": 0.0, "lr": 0.0001, "loss": -8.105, "recon_loss": -8.302, "kld_loss": 0.392, "kld_weight": 0.5}
{"message": "", "levelname": "INFO", "name": "Trainer", "asctime": "2026-04-29 13:45:24,054", "type": "train", "epoch": 4, "batch": 1039, "n_batches": 7774, "time": 0.811, "data_time": 0.0, "lr": 0.0001, "loss": -6.474, "recon_loss": -6.946, "kld_loss": 0.945, "kld_weight": 0.5}
{"message": "", "levelname": "INFO", "name": "Trainer", "asctime": "2026-04-29 13:45:32,690", "type": "train", "epoch": 4, "batch": 1079, "n_batches": 7774, "time": 0.909, "data_time": 0.0, "lr": 0.0001, "loss": -7.315, "recon_loss": -7.561, "kld_loss": 0.491, "kld_weight": 0.5}
{"message": "", "levelname": "INFO", "name": "Trainer", "asctime": "2026-04-29 13:45:40,103", "type": "train", "epoch": 4, "batch": 1119, "n_batches": 7774, "time": 0.603, "data_time": 0.0, "lr": 0.0001, "loss": -7.862, "recon_loss": -8.137, "kld_loss": 0.551, "kld_weight": 0.5}
{"message": "", "levelname": "INFO", "name": "Trainer", "asctime": "2026-04-29 13:45:47,387", "type": "train", "epoch": 4, "batch": 1159, "n_batches": 7774, "time": 0.617, "data_time": 0.0, "lr": 0.0001, "loss": -4.241, "recon_loss": -4.556, "kld_loss": 0.63, "kld_weight": 0.5}
{"message": "", "levelname": "INFO", "name": "Trainer", "asctime": "2026-04-29 13:45:55,729", "type": "train", "epoch": 4, "batch": 1199, "n_batches": 7774, "time": 0.575, "data_time": 0.0, "lr": 0.0001, "loss": -9.365, "recon_loss": -9.524, "kld_loss": 0.317, "kld_weight": 0.5}
{"message": "", "levelname": "INFO", "name": "Trainer", "asctime": "2026-04-29 13:46:02,968", "type": "train", "epoch": 4, "batch": 1239, "n_batches": 7774, "time": 0.816, "data_time": 0.0, "lr": 0.0001, "loss": -7.598, "recon_loss": -7.735, "kld_loss": 0.274, "kld_weight": 0.5}
{"message": "", "levelname": "INFO", "name": "Trainer", "asctime": "2026-04-29 13:46:11,974", "type": "train", "epoch": 4, "batch": 1279, "n_batches": 7774, "time": 0.552, "data_time": 0.0, "lr": 0.0001, "loss": -4.089, "recon_loss": -4.709, "kld_loss": 1.24, "kld_weight": 0.5}
{"message": "", "levelname": "INFO", "name": "Trainer", "asctime": "2026-04-29 13:46:19,503", "type": "train", "epoch": 4, "batch": 1319, "n_batches": 7774, "time": 0.941, "data_time": 0.0, "lr": 0.0001, "loss": -8.16, "recon_loss": -8.504, "kld_loss": 0.687, "kld_weight": 0.5}
{"message": "", "levelname": "INFO", "name": "Trainer", "asctime": "2026-04-29 13:46:26,843", "type": "train", "epoch": 4, "batch": 1359, "n_batches": 7774, "time": 0.708, "data_time": 0.0, "lr": 0.0001, "loss": -6.086, "recon_loss": -6.477, "kld_loss": 0.78, "kld_weight": 0.5}
{"message": "", "levelname": "INFO", "name": "Trainer", "asctime": "2026-04-29 13:46:33,488", "type": "train", "epoch": 4, "batch": 1399, "n_batches": 7774, "time": 0.646, "data_time": 0.0, "lr": 0.0001, "loss": -5.634, "recon_loss": -5.937, "kld_loss": 0.605, "kld_weight": 0.5}
{"message": "", "levelname": "INFO", "name": "Trainer", "asctime": "2026-04-29 13:46:41,097", "type": "train", "epoch": 4, "batch": 1439, "n_batches": 7774, "time": 1.33, "data_time": 0.0, "lr": 0.0001, "loss": -8.026, "recon_loss": -8.137, "kld_loss": 0.222, "kld_weight": 0.5}
{"message": "", "levelname": "INFO", "name": "Trainer", "asctime": "2026-04-29 13:46:48,466", "type": "train", "epoch": 4, "batch": 1479, "n_batches": 7774, "time": 0.735, "data_time": 0.0, "lr": 0.0001, "loss": -6.198, "recon_loss": -6.429, "kld_loss": 0.462, "kld_weight": 0.5}
{"message": "", "levelname": "INFO", "name": "Trainer", "asctime": "2026-04-29 13:46:56,861", "type": "train", "epoch": 4, "batch": 1519, "n_batches": 7774, "time": 0.784, "data_time": 0.0, "lr": 0.0001, "loss": -9.584, "recon_loss": -9.714, "kld_loss": 0.261, "kld_weight": 0.5}
{"message": "", "levelname": "INFO", "name": "Trainer", "asctime": "2026-04-29 13:47:03,494", "type": "train", "epoch": 4, "batch": 1559, "n_batches": 7774, "time": 0.548, "data_time": 0.0, "lr": 0.0001, "loss": -7.11, "recon_loss": -7.319, "kld_loss": 0.419, "kld_weight": 0.5}
{"message": "", "levelname": "INFO", "name": "Trainer", "asctime": "2026-04-29 13:47:11,570", "type": "train", "epoch": 4, "batch": 1599, "n_batches": 7774, "time": 0.771, "data_time": 0.0, "lr": 0.0001, "loss": -9.184, "recon_loss": -9.255, "kld_loss": 0.143, "kld_weight": 0.5}
{"message": "", "levelname": "INFO", "name": "Trainer", "asctime": "2026-04-29 13:47:20,403", "type": "train", "epoch": 4, "batch": 1639, "n_batches": 7774, "time": 0.881, "data_time": 0.0, "lr": 0.0001, "loss": 1.074, "recon_loss": 0.52, "kld_loss": 1.108, "kld_weight": 0.5}
{"message": "", "levelname": "INFO", "name": "Trainer", "asctime": "2026-04-29 13:47:29,232", "type": "train", "epoch": 4, "batch": 1679, "n_batches": 7774, "time": 0.58, "data_time": 0.0, "lr": 0.0001, "loss": -0.541, "recon_loss": -1.48, "kld_loss": 1.878, "kld_weight": 0.5}
{"message": "", "levelname": "INFO", "name": "Trainer", "asctime": "2026-04-29 13:47:35,992", "type": "train", "epoch": 4, "batch": 1719, "n_batches": 7774, "time": 0.736, "data_time": 0.0, "lr": 0.0001, "loss": -8.409, "recon_loss": -8.579, "kld_loss": 0.341, "kld_weight": 0.5}
{"message": "", "levelname": "INFO", "name": "Trainer", "asctime": "2026-04-29 13:47:45,800", "type": "train", "epoch": 4, "batch": 1759, "n_batches": 7774, "time": 0.864, "data_time": 0.0, "lr": 0.0001, "loss": -4.509, "recon_loss": -5.027, "kld_loss": 1.037, "kld_weight": 0.5}
{"message": "", "levelname": "INFO", "name": "Trainer", "asctime": "2026-04-29 13:47:54,404", "type": "train", "epoch": 4, "batch": 1799, "n_batches": 7774, "time": 0.716, "data_time": 0.0, "lr": 0.0001, "loss": -7.501, "recon_loss": -7.632, "kld_loss": 0.262, "kld_weight": 0.5}
{"message": "", "levelname": "INFO", "name": "Trainer", "asctime": "2026-04-29 13:48:02,230", "type": "train", "epoch": 4, "batch": 1839, "n_batches": 7774, "time": 0.715, "data_time": 0.0, "lr": 0.0001, "loss": -9.259, "recon_loss": -9.377, "kld_loss": 0.235, "kld_weight": 0.5}
{"message": "", "levelname": "INFO", "name": "Trainer", "asctime": "2026-04-29 13:48:13,024", "type": "train", "epoch": 4, "batch": 1879, "n_batches": 7774, "time": 0.722, "data_time": 0.0, "lr": 0.0001, "loss": -5.028, "recon_loss": -5.099, "kld_loss": 0.142, "kld_weight": 0.5}
{"message": "", "levelname": "INFO", "name": "Trainer", "asctime": "2026-04-29 13:48:20,471", "type": "train", "epoch": 4, "batch": 1919, "n_batches": 7774, "time": 0.605, "data_time": 0.0, "lr": 0.0001, "loss": -5.144, "recon_loss": -5.855, "kld_loss": 1.422, "kld_weight": 0.5}
{"message": "", "levelname": "INFO", "name": "Trainer", "asctime": "2026-04-29 13:48:27,111", "type": "train", "epoch": 4, "batch": 1959, "n_batches": 7774, "time": 0.778, "data_time": 0.0, "lr": 0.0001, "loss": -7.079, "recon_loss": -7.3, "kld_loss": 0.441, "kld_weight": 0.5}
{"message": "", "levelname": "INFO", "name": "Trainer", "asctime": "2026-04-29 13:48:35,283", "type": "train", "epoch": 4, "batch": 1999, "n_batches": 7774, "time": 0.656, "data_time": 0.0, "lr": 0.0001, "loss": -8.923, "recon_loss": -9.039, "kld_loss": 0.231, "kld_weight": 0.5}
{"message": "", "levelname": "INFO", "name": "Trainer", "asctime": "2026-04-29 13:48:42,838", "type": "train", "epoch": 4, "batch": 2039, "n_batches": 7774, "time": 0.759, "data_time": 0.0, "lr": 0.0001, "loss": -9.093, "recon_loss": -9.184, "kld_loss": 0.182, "kld_weight": 0.5}
{"message": "", "levelname": "INFO", "name": "Trainer", "asctime": "2026-04-29 13:48:50,765", "type": "train", "epoch": 4, "batch": 2079, "n_batches": 7774, "time": 0.611, "data_time": 0.0, "lr": 0.0001, "loss": -6.047, "recon_loss": -6.459, "kld_loss": 0.824, "kld_weight": 0.5}
{"message": "", "levelname": "INFO", "name": "Trainer", "asctime": "2026-04-29 13:48:59,156", "type": "train", "epoch": 4, "batch": 2119, "n_batches": 7774, "time": 0.822, "data_time": 0.0, "lr": 0.0001, "loss": -7.928, "recon_loss": -8.051, "kld_loss": 0.246, "kld_weight": 0.5}
{"message": "", "levelname": "INFO", "name": "Trainer", "asctime": "2026-04-29 13:49:07,909", "type": "train", "epoch": 4, "batch": 2159, "n_batches": 7774, "time": 1.201, "data_time": 0.0, "lr": 0.0001, "loss": -5.576, "recon_loss": -6.058, "kld_loss": 0.966, "kld_weight": 0.5}
{"message": "", "levelname": "INFO", "name": "Trainer", "asctime": "2026-04-29 13:49:15,970", "type": "train", "epoch": 4, "batch": 2199, "n_batches": 7774, "time": 0.785, "data_time": 0.0, "lr": 0.0001, "loss": -9.46, "recon_loss": -9.532, "kld_loss": 0.144, "kld_weight": 0.5}
{"message": "", "levelname": "INFO", "name": "Trainer", "asctime": "2026-04-29 13:49:24,235", "type": "train", "epoch": 4, "batch": 2239, "n_batches": 7774, "time": 0.706, "data_time": 0.0, "lr": 0.0001, "loss": -6.44, "recon_loss": -6.527, "kld_loss": 0.174, "kld_weight": 0.5}
{"message": "", "levelname": "INFO", "name": "Trainer", "asctime": "2026-04-29 13:49:31,129", "type": "train", "epoch": 4, "batch": 2279, "n_batches": 7774, "time": 0.849, "data_time": 0.0, "lr": 0.0001, "loss": -8.518, "recon_loss": -8.579, "kld_loss": 0.121, "kld_weight": 0.5}
{"message": "", "levelname": "INFO", "name": "Trainer", "asctime": "2026-04-29 13:49:39,397", "type": "train", "epoch": 4, "batch": 2319, "n_batches": 7774, "time": 1.18, "data_time": 0.0, "lr": 0.0001, "loss": -9.465, "recon_loss": -9.541, "kld_loss": 0.151, "kld_weight": 0.5}
{"message": "", "levelname": "INFO", "name": "Trainer", "asctime": "2026-04-29 13:49:47,159", "type": "train", "epoch": 4, "batch": 2359, "n_batches": 7774, "time": 0.838, "data_time": 0.0, "lr": 0.0001, "loss": -8.307, "recon_loss": -8.458, "kld_loss": 0.302, "kld_weight": 0.5}
{"message": "", "levelname": "INFO", "name": "Trainer", "asctime": "2026-04-29 13:49:56,068", "type": "train", "epoch": 4, "batch": 2399, "n_batches": 7774, "time": 0.6, "data_time": 0.0, "lr": 0.0001, "loss": -7.161, "recon_loss": -7.326, "kld_loss": 0.329, "kld_weight": 0.5}
{"message": "", "levelname": "INFO", "name": "Trainer", "asctime": "2026-04-29 13:50:03,091", "type": "train", "epoch": 4, "batch": 2439, "n_batches": 7774, "time": 0.389, "data_time": 0.0, "lr": 0.0001, "loss": -6.843, "recon_loss": -6.918, "kld_loss": 0.15, "kld_weight": 0.5}
{"message": "", "levelname": "INFO", "name": "Trainer", "asctime": "2026-04-29 13:50:10,536", "type": "train", "epoch": 4, "batch": 2479, "n_batches": 7774, "time": 0.674, "data_time": 0.0, "lr": 0.0001, "loss": -8.52, "recon_loss": -8.699, "kld_loss": 0.359, "kld_weight": 0.5}
{"message": "", "levelname": "INFO", "name": "Trainer", "asctime": "2026-04-29 13:50:18,884", "type": "train", "epoch": 4, "batch": 2519, "n_batches": 7774, "time": 0.443, "data_time": 0.0, "lr": 0.0001, "loss": -7.393, "recon_loss": -7.525, "kld_loss": 0.263, "kld_weight": 0.5}
{"message": "", "levelname": "INFO", "name": "Trainer", "asctime": "2026-04-29 13:50:26,451", "type": "train", "epoch": 4, "batch": 2559, "n_batches": 7774, "time": 0.75, "data_time": 0.0, "lr": 0.0001, "loss": -5.465, "recon_loss": -5.849, "kld_loss": 0.77, "kld_weight": 0.5}
{"message": "", "levelname": "INFO", "name": "Trainer", "asctime": "2026-04-29 13:50:33,291", "type": "train", "epoch": 4, "batch": 2599, "n_batches": 7774, "time": 0.64, "data_time": 0.0, "lr": 0.0001, "loss": -8.095, "recon_loss": -8.221, "kld_loss": 0.253, "kld_weight": 0.5}
{"message": "", "levelname": "INFO", "name": "Trainer", "asctime": "2026-04-29 13:50:41,238", "type": "train", "epoch": 4, "batch": 2639, "n_batches": 7774, "time": 0.903, "data_time": 0.0, "lr": 0.0001, "loss": 0.868, "recon_loss": 0.674, "kld_loss": 0.387, "kld_weight": 0.5}
{"message": "", "levelname": "INFO", "name": "Trainer", "asctime": "2026-04-29 13:50:49,035", "type": "train", "epoch": 4, "batch": 2679, "n_batches": 7774, "time": 0.787, "data_time": 0.0, "lr": 0.0001, "loss": -7.286, "recon_loss": -7.396, "kld_loss": 0.22, "kld_weight": 0.5}
{"message": "", "levelname": "INFO", "name": "Trainer", "asctime": "2026-04-29 13:50:56,084", "type": "train", "epoch": 4, "batch": 2719, "n_batches": 7774, "time": 0.706, "data_time": 0.0, "lr": 0.0001, "loss": -10.296, "recon_loss": -10.458, "kld_loss": 0.323, "kld_weight": 0.5}
{"message": "", "levelname": "INFO", "name": "Trainer", "asctime": "2026-04-29 13:51:03,772", "type": "train", "epoch": 4, "batch": 2759, "n_batches": 7774, "time": 0.374, "data_time": 0.0, "lr": 0.0001, "loss": -7.044, "recon_loss": -7.28, "kld_loss": 0.471, "kld_weight": 0.5}
{"message": "", "levelname": "INFO", "name": "Trainer", "asctime": "2026-04-29 13:51:11,436", "type": "train", "epoch": 4, "batch": 2799, "n_batches": 7774, "time": 0.48, "data_time": 0.0, "lr": 0.0001, "loss": -9.247, "recon_loss": -9.305, "kld_loss": 0.117, "kld_weight": 0.5}
{"message": "", "levelname": "INFO", "name": "Trainer", "asctime": "2026-04-29 13:51:19,486", "type": "train", "epoch": 4, "batch": 2839, "n_batches": 7774, "time": 0.84, "data_time": 0.0, "lr": 0.0001, "loss": -9.282, "recon_loss": -9.393, "kld_loss": 0.223, "kld_weight": 0.5}
{"message": "", "levelname": "INFO", "name": "Trainer", "asctime": "2026-04-29 13:51:26,790", "type": "train", "epoch": 4, "batch": 2879, "n_batches": 7774, "time": 0.629, "data_time": 0.0, "lr": 0.0001, "loss": -9.527, "recon_loss": -9.658, "kld_loss": 0.262, "kld_weight": 0.5}
{"message": "", "levelname": "INFO", "name": "Trainer", "asctime": "2026-04-29 13:51:33,494", "type": "train", "epoch": 4, "batch": 2919, "n_batches": 7774, "time": 0.841, "data_time": 0.0, "lr": 0.0001, "loss": -7.22, "recon_loss": -7.706, "kld_loss": 0.974, "kld_weight": 0.5}
{"message": "", "levelname": "INFO", "name": "Trainer", "asctime": "2026-04-29 13:51:41,189", "type": "train", "epoch": 4, "batch": 2959, "n_batches": 7774, "time": 0.85, "data_time": 0.001, "lr": 0.0001, "loss": -4.027, "recon_loss": -4.556, "kld_loss": 1.058, "kld_weight": 0.5}
{"message": "", "levelname": "INFO", "name": "Trainer", "asctime": "2026-04-29 13:51:47,889", "type": "train", "epoch": 4, "batch": 2999, "n_batches": 7774, "time": 0.734, "data_time": 0.0, "lr": 0.0001, "loss": -9.196, "recon_loss": -9.342, "kld_loss": 0.292, "kld_weight": 0.5}
{"message": "", "levelname": "INFO", "name": "Trainer", "asctime": "2026-04-29 13:51:56,745", "type": "train", "epoch": 4, "batch": 3039, "n_batches": 7774, "time": 0.826, "data_time": 0.0, "lr": 0.0001, "loss": -4.081, "recon_loss": -4.491, "kld_loss": 0.821, "kld_weight": 0.5}
{"message": "", "levelname": "INFO", "name": "Trainer", "asctime": "2026-04-29 13:52:04,559", "type": "train", "epoch": 4, "batch": 3079, "n_batches": 7774, "time": 0.744, "data_time": 0.0, "lr": 0.0001, "loss": -7.146, "recon_loss": -7.308, "kld_loss": 0.324, "kld_weight": 0.5}
{"message": "", "levelname": "INFO", "name": "Trainer", "asctime": "2026-04-29 13:52:12,984", "type": "train", "epoch": 4, "batch": 3119, "n_batches": 7774, "time": 0.743, "data_time": 0.0, "lr": 0.0001, "loss": -4.738, "recon_loss": -5.086, "kld_loss": 0.696, "kld_weight": 0.5}
{"message": "", "levelname": "INFO", "name": "Trainer", "asctime": "2026-04-29 13:52:20,716", "type": "train", "epoch": 4, "batch": 3159, "n_batches": 7774, "time": 0.622, "data_time": 0.0, "lr": 0.0001, "loss": -9.662, "recon_loss": -9.707, "kld_loss": 0.09, "kld_weight": 0.5}
{"message": "", "levelname": "INFO", "name": "Trainer", "asctime": "2026-04-29 13:52:27,547", "type": "train", "epoch": 4, "batch": 3199, "n_batches": 7774, "time": 0.696, "data_time": 0.0, "lr": 0.0001, "loss": -9.643, "recon_loss": -9.722, "kld_loss": 0.156, "kld_weight": 0.5}
{"message": "", "levelname": "INFO", "name": "Trainer", "asctime": "2026-04-29 13:52:34,784", "type": "train", "epoch": 4, "batch": 3239, "n_batches": 7774, "time": 0.529, "data_time": 0.0, "lr": 0.0001, "loss": -3.584, "recon_loss": -3.686, "kld_loss": 0.203, "kld_weight": 0.5}
{"message": "", "levelname": "INFO", "name": "Trainer", "asctime": "2026-04-29 13:52:43,291", "type": "train", "epoch": 4, "batch": 3279, "n_batches": 7774, "time": 0.648, "data_time": 0.0, "lr": 0.0001, "loss": -6.757, "recon_loss": -6.84, "kld_loss": 0.166, "kld_weight": 0.5}
{"message": "", "levelname": "INFO", "name": "Trainer", "asctime": "2026-04-29 13:52:51,448", "type": "train", "epoch": 4, "batch": 3319, "n_batches": 7774, "time": 0.521, "data_time": 0.0, "lr": 0.0001, "loss": -5.52, "recon_loss": -5.717, "kld_loss": 0.393, "kld_weight": 0.5}
{"message": "", "levelname": "INFO", "name": "Trainer", "asctime": "2026-04-29 13:52:59,609", "type": "train", "epoch": 4, "batch": 3359, "n_batches": 7774, "time": 0.844, "data_time": 0.0, "lr": 0.0001, "loss": -7.131, "recon_loss": -7.263, "kld_loss": 0.263, "kld_weight": 0.5}
{"message": "", "levelname": "INFO", "name": "Trainer", "asctime": "2026-04-29 13:53:07,576", "type": "train", "epoch": 4, "batch": 3399, "n_batches": 7774, "time": 0.869, "data_time": 0.0, "lr": 0.0001, "loss": -7.306, "recon_loss": -7.501, "kld_loss": 0.39, "kld_weight": 0.5}
{"message": "", "levelname": "INFO", "name": "Trainer", "asctime": "2026-04-29 13:53:15,442", "type": "train", "epoch": 4, "batch": 3439, "n_batches": 7774, "time": 0.522, "data_time": 0.0, "lr": 0.0001, "loss": -9.723, "recon_loss": -9.757, "kld_loss": 0.068, "kld_weight": 0.5}
{"message": "", "levelname": "INFO", "name": "Trainer", "asctime": "2026-04-29 13:53:24,058", "type": "train", "epoch": 4, "batch": 3479, "n_batches": 7774, "time": 0.96, "data_time": 0.0, "lr": 0.0001, "loss": -6.454, "recon_loss": -6.625, "kld_loss": 0.341, "kld_weight": 0.5}
{"message": "", "levelname": "INFO", "name": "Trainer", "asctime": "2026-04-29 13:53:30,924", "type": "train", "epoch": 4, "batch": 3519, "n_batches": 7774, "time": 0.721, "data_time": 0.0, "lr": 0.0001, "loss": -6.517, "recon_loss": -6.641, "kld_loss": 0.247, "kld_weight": 0.5}
{"message": "", "levelname": "INFO", "name": "Trainer", "asctime": "2026-04-29 13:53:38,664", "type": "train", "epoch": 4, "batch": 3559, "n_batches": 7774, "time": 0.573, "data_time": 0.0, "lr": 0.0001, "loss": -6.784, "recon_loss": -6.849, "kld_loss": 0.131, "kld_weight": 0.5}
{"message": "", "levelname": "INFO", "name": "Trainer", "asctime": "2026-04-29 13:53:48,141", "type": "train", "epoch": 4, "batch": 3599, "n_batches": 7774, "time": 0.66, "data_time": 0.0, "lr": 0.0001, "loss": -8.683, "recon_loss": -8.845, "kld_loss": 0.324, "kld_weight": 0.5}
{"message": "", "levelname": "INFO", "name": "Trainer", "asctime": "2026-04-29 13:53:56,840", "type": "train", "epoch": 4, "batch": 3639, "n_batches": 7774, "time": 0.889, "data_time": 0.0, "lr": 0.0001, "loss": -7.636, "recon_loss": -7.761, "kld_loss": 0.251, "kld_weight": 0.5}
{"message": "", "levelname": "INFO", "name": "Trainer", "asctime": "2026-04-29 13:54:04,530", "type": "train", "epoch": 4, "batch": 3679, "n_batches": 7774, "time": 0.575, "data_time": 0.0, "lr": 0.0001, "loss": -9.813, "recon_loss": -9.889, "kld_loss": 0.152, "kld_weight": 0.5}
{"message": "", "levelname": "INFO", "name": "Trainer", "asctime": "2026-04-29 13:54:11,391", "type": "train", "epoch": 4, "batch": 3719, "n_batches": 7774, "time": 0.515, "data_time": 0.0, "lr": 0.0001, "loss": -8.184, "recon_loss": -8.291, "kld_loss": 0.213, "kld_weight": 0.5}
{"message": "", "levelname": "INFO", "name": "Trainer", "asctime": "2026-04-29 13:54:18,284", "type": "train", "epoch": 4, "batch": 3759, "n_batches": 7774, "time": 0.782, "data_time": 0.0, "lr": 0.0001, "loss": -6.136, "recon_loss": -6.212, "kld_loss": 0.15, "kld_weight": 0.5}
{"message": "", "levelname": "INFO", "name": "Trainer", "asctime": "2026-04-29 13:54:25,664", "type": "train", "epoch": 4, "batch": 3799, "n_batches": 7774, "time": 0.673, "data_time": 0.0, "lr": 0.0001, "loss": -11.045, "recon_loss": -11.094, "kld_loss": 0.099, "kld_weight": 0.5}
{"message": "", "levelname": "INFO", "name": "Trainer", "asctime": "2026-04-29 13:54:33,976", "type": "train", "epoch": 4, "batch": 3839, "n_batches": 7774, "time": 0.616, "data_time": 0.0, "lr": 0.0001, "loss": -2.614, "recon_loss": -2.983, "kld_loss": 0.739, "kld_weight": 0.5}
{"message": "", "levelname": "INFO", "name": "Trainer", "asctime": "2026-04-29 13:54:41,740", "type": "train", "epoch": 4, "batch": 3879, "n_batches": 7774, "time": 1.01, "data_time": 0.0, "lr": 0.0001, "loss": -7.473, "recon_loss": -7.564, "kld_loss": 0.182, "kld_weight": 0.5}
{"message": "", "levelname": "INFO", "name": "Trainer", "asctime": "2026-04-29 13:54:51,753", "type": "train", "epoch": 4, "batch": 3919, "n_batches": 7774, "time": 0.757, "data_time": 0.0, "lr": 0.0001, "loss": -4.691, "recon_loss": -4.778, "kld_loss": 0.175, "kld_weight": 0.5}
{"message": "", "levelname": "INFO", "name": "Trainer", "asctime": "2026-04-29 13:55:00,875", "type": "train", "epoch": 4, "batch": 3959, "n_batches": 7774, "time": 1.526, "data_time": 0.0, "lr": 0.0001, "loss": -8.121, "recon_loss": -8.182, "kld_loss": 0.123, "kld_weight": 0.5}
{"message": "", "levelname": "INFO", "name": "Trainer", "asctime": "2026-04-29 13:55:07,925", "type": "train", "epoch": 4, "batch": 3999, "n_batches": 7774, "time": 0.691, "data_time": 0.0, "lr": 0.0001, "loss": -5.004, "recon_loss": -5.063, "kld_loss": 0.118, "kld_weight": 0.5}
{"message": "", "levelname": "INFO", "name": "Trainer", "asctime": "2026-04-29 13:55:15,610", "type": "train", "epoch": 4, "batch": 4039, "n_batches": 7774, "time": 0.736, "data_time": 0.0, "lr": 0.0001, "loss": -5.836, "recon_loss": -6.066, "kld_loss": 0.459, "kld_weight": 0.5}
{"message": "", "levelname": "INFO", "name": "Trainer", "asctime": "2026-04-29 13:55:22,645", "type": "train", "epoch": 4, "batch": 4079, "n_batches": 7774, "time": 0.717, "data_time": 0.0, "lr": 0.0001, "loss": -7.866, "recon_loss": -7.95, "kld_loss": 0.169, "kld_weight": 0.5}
{"message": "", "levelname": "INFO", "name": "Trainer", "asctime": "2026-04-29 13:55:29,638", "type": "train", "epoch": 4, "batch": 4119, "n_batches": 7774, "time": 0.657, "data_time": 0.0, "lr": 0.0001, "loss": -6.878, "recon_loss": -7.109, "kld_loss": 0.464, "kld_weight": 0.5}
{"message": "", "levelname": "INFO", "name": "Trainer", "asctime": "2026-04-29 13:55:36,198", "type": "train", "epoch": 4, "batch": 4159, "n_batches": 7774, "time": 0.794, "data_time": 0.0, "lr": 0.0001, "loss": -7.96, "recon_loss": -8.172, "kld_loss": 0.424, "kld_weight": 0.5}
{"message": "", "levelname": "INFO", "name": "Trainer", "asctime": "2026-04-29 13:55:44,536", "type": "train", "epoch": 4, "batch": 4199, "n_batches": 7774, "time": 0.39, "data_time": 0.0, "lr": 0.0001, "loss": -8.798, "recon_loss": -8.906, "kld_loss": 0.215, "kld_weight": 0.5}
{"message": "", "levelname": "INFO", "name": "Trainer", "asctime": "2026-04-29 13:55:54,618", "type": "train", "epoch": 4, "batch": 4239, "n_batches": 7774, "time": 2.008, "data_time": 0.0, "lr": 0.0001, "loss": -3.435, "recon_loss": -3.56, "kld_loss": 0.25, "kld_weight": 0.5}
{"message": "", "levelname": "INFO", "name": "Trainer", "asctime": "2026-04-29 13:56:03,345", "type": "train", "epoch": 4, "batch": 4279, "n_batches": 7774, "time": 0.815, "data_time": 0.0, "lr": 0.0001, "loss": -6.738, "recon_loss": -6.942, "kld_loss": 0.408, "kld_weight": 0.5}
{"message": "", "levelname": "INFO", "name": "Trainer", "asctime": "2026-04-29 13:56:12,037", "type": "train", "epoch": 4, "batch": 4319, "n_batches": 7774, "time": 0.754, "data_time": 0.0, "lr": 0.0001, "loss": -6.604, "recon_loss": -6.823, "kld_loss": 0.437, "kld_weight": 0.5}
{"message": "", "levelname": "INFO", "name": "Trainer", "asctime": "2026-04-29 13:56:20,132", "type": "train", "epoch": 4, "batch": 4359, "n_batches": 7774, "time": 1.352, "data_time": 0.0, "lr": 0.0001, "loss": -5.578, "recon_loss": -5.915, "kld_loss": 0.673, "kld_weight": 0.5}
{"message": "", "levelname": "INFO", "name": "Trainer", "asctime": "2026-04-29 13:56:28,433", "type": "train", "epoch": 4, "batch": 4399, "n_batches": 7774, "time": 0.8, "data_time": 0.0, "lr": 0.0001, "loss": -6.275, "recon_loss": -6.343, "kld_loss": 0.138, "kld_weight": 0.5}
{"message": "", "levelname": "INFO", "name": "Trainer", "asctime": "2026-04-29 13:56:35,024", "type": "train", "epoch": 4, "batch": 4439, "n_batches": 7774, "time": 0.678, "data_time": 0.0, "lr": 0.0001, "loss": -2.362, "recon_loss": -2.656, "kld_loss": 0.588, "kld_weight": 0.5}
{"message": "", "levelname": "INFO", "name": "Trainer", "asctime": "2026-04-29 13:56:42,845", "type": "train", "epoch": 4, "batch": 4479, "n_batches": 7774, "time": 0.817, "data_time": 0.0, "lr": 0.0001, "loss": -6.302, "recon_loss": -6.43, "kld_loss": 0.257, "kld_weight": 0.5}
{"message": "", "levelname": "INFO", "name": "Trainer", "asctime": "2026-04-29 13:56:50,577", "type": "train", "epoch": 4, "batch": 4519, "n_batches": 7774, "time": 0.612, "data_time": 0.0, "lr": 0.0001, "loss": -8.019, "recon_loss": -8.184, "kld_loss": 0.329, "kld_weight": 0.5}
{"message": "", "levelname": "INFO", "name": "Trainer", "asctime": "2026-04-29 13:56:58,556", "type": "train", "epoch": 4, "batch": 4559, "n_batches": 7774, "time": 0.814, "data_time": 0.0, "lr": 0.0001, "loss": -7.44, "recon_loss": -7.585, "kld_loss": 0.289, "kld_weight": 0.5}
{"message": "", "levelname": "INFO", "name": "Trainer", "asctime": "2026-04-29 13:57:06,525", "type": "train", "epoch": 4, "batch": 4599, "n_batches": 7774, "time": 0.893, "data_time": 0.0, "lr": 0.0001, "loss": -7.856, "recon_loss": -7.94, "kld_loss": 0.168, "kld_weight": 0.5}
{"message": "", "levelname": "INFO", "name": "Trainer", "asctime": "2026-04-29 13:57:16,139", "type": "train", "epoch": 4, "batch": 4639, "n_batches": 7774, "time": 0.723, "data_time": 0.0, "lr": 0.0001, "loss": -3.299, "recon_loss": -3.405, "kld_loss": 0.211, "kld_weight": 0.5}
{"message": "", "levelname": "INFO", "name": "Trainer", "asctime": "2026-04-29 13:57:23,487", "type": "train", "epoch": 4, "batch": 4679, "n_batches": 7774, "time": 0.529, "data_time": 0.0, "lr": 0.0001, "loss": -9.663, "recon_loss": -9.74, "kld_loss": 0.155, "kld_weight": 0.5}
{"message": "", "levelname": "INFO", "name": "Trainer", "asctime": "2026-04-29 13:57:31,605", "type": "train", "epoch": 4, "batch": 4719, "n_batches": 7774, "time": 0.827, "data_time": 0.0, "lr": 0.0001, "loss": -5.027, "recon_loss": -5.129, "kld_loss": 0.204, "kld_weight": 0.5}
{"message": "", "levelname": "INFO", "name": "Trainer", "asctime": "2026-04-29 13:57:39,453", "type": "train", "epoch": 4, "batch": 4759, "n_batches": 7774, "time": 0.882, "data_time": 0.0, "lr": 0.0001, "loss": -9.266, "recon_loss": -9.325, "kld_loss": 0.118, "kld_weight": 0.5}
{"message": "", "levelname": "INFO", "name": "Trainer", "asctime": "2026-04-29 13:57:47,188", "type": "train", "epoch": 4, "batch": 4799, "n_batches": 7774, "time": 0.683, "data_time": 0.0, "lr": 0.0001, "loss": -8.303, "recon_loss": -8.333, "kld_loss": 0.061, "kld_weight": 0.5}
{"message": "", "levelname": "INFO", "name": "Trainer", "asctime": "2026-04-29 13:57:56,344", "type": "train", "epoch": 4, "batch": 4839, "n_batches": 7774, "time": 0.802, "data_time": 0.0, "lr": 0.0001, "loss": -8.716, "recon_loss": -8.752, "kld_loss": 0.073, "kld_weight": 0.5}
{"message": "", "levelname": "INFO", "name": "Trainer", "asctime": "2026-04-29 13:58:03,610", "type": "train", "epoch": 4, "batch": 4879, "n_batches": 7774, "time": 0.713, "data_time": 0.0, "lr": 0.0001, "loss": -5.997, "recon_loss": -6.081, "kld_loss": 0.169, "kld_weight": 0.5}
{"message": "", "levelname": "INFO", "name": "Trainer", "asctime": "2026-04-29 13:58:12,205", "type": "train", "epoch": 4, "batch": 4919, "n_batches": 7774, "time": 1.524, "data_time": 0.0, "lr": 0.0001, "loss": -3.595, "recon_loss": -3.739, "kld_loss": 0.289, "kld_weight": 0.5}
{"message": "", "levelname": "INFO", "name": "Trainer", "asctime": "2026-04-29 13:58:20,503", "type": "train", "epoch": 4, "batch": 4959, "n_batches": 7774, "time": 1.33, "data_time": 0.0, "lr": 0.0001, "loss": -2.819, "recon_loss": -2.938, "kld_loss": 0.238, "kld_weight": 0.5}
{"message": "", "levelname": "INFO", "name": "Trainer", "asctime": "2026-04-29 13:58:29,353", "type": "train", "epoch": 4, "batch": 4999, "n_batches": 7774, "time": 1.466, "data_time": 0.0, "lr": 0.0001, "loss": -5.609, "recon_loss": -5.742, "kld_loss": 0.264, "kld_weight": 0.5}
{"message": "", "levelname": "INFO", "name": "Trainer", "asctime": "2026-04-29 13:58:36,771", "type": "train", "epoch": 4, "batch": 5039, "n_batches": 7774, "time": 0.871, "data_time": 0.0, "lr": 0.0001, "loss": -8.146, "recon_loss": -8.202, "kld_loss": 0.112, "kld_weight": 0.5}
{"message": "", "levelname": "INFO", "name": "Trainer", "asctime": "2026-04-29 13:58:45,282", "type": "train", "epoch": 4, "batch": 5079, "n_batches": 7774, "time": 1.508, "data_time": 0.0, "lr": 0.0001, "loss": -9.794, "recon_loss": -9.835, "kld_loss": 0.083, "kld_weight": 0.5}
{"message": "", "levelname": "INFO", "name": "Trainer", "asctime": "2026-04-29 13:58:52,649", "type": "train", "epoch": 4, "batch": 5119, "n_batches": 7774, "time": 0.846, "data_time": 0.0, "lr": 0.0001, "loss": -5.609, "recon_loss": -5.703, "kld_loss": 0.188, "kld_weight": 0.5}
{"message": "", "levelname": "INFO", "name": "Trainer", "asctime": "2026-04-29 13:58:59,423", "type": "train", "epoch": 4, "batch": 5159, "n_batches": 7774, "time": 0.686, "data_time": 0.0, "lr": 0.0001, "loss": -9.013, "recon_loss": -9.091, "kld_loss": 0.155, "kld_weight": 0.5}
{"message": "", "levelname": "INFO", "name": "Trainer", "asctime": "2026-04-29 13:59:07,209", "type": "train", "epoch": 4, "batch": 5199, "n_batches": 7774, "time": 0.695, "data_time": 0.0, "lr": 0.0001, "loss": -7.417, "recon_loss": -7.49, "kld_loss": 0.145, "kld_weight": 0.5}
{"message": "", "levelname": "INFO", "name": "Trainer", "asctime": "2026-04-29 13:59:14,911", "type": "train", "epoch": 4, "batch": 5239, "n_batches": 7774, "time": 0.643, "data_time": 0.0, "lr": 0.0001, "loss": -7.236, "recon_loss": -7.257, "kld_loss": 0.043, "kld_weight": 0.5}
{"message": "", "levelname": "INFO", "name": "Trainer", "asctime": "2026-04-29 13:59:22,538", "type": "train", "epoch": 4, "batch": 5279, "n_batches": 7774, "time": 0.888, "data_time": 0.0, "lr": 0.0001, "loss": -8.794, "recon_loss": -8.866, "kld_loss": 0.143, "kld_weight": 0.5}
{"message": "", "levelname": "INFO", "name": "Trainer", "asctime": "2026-04-29 13:59:30,924", "type": "train", "epoch": 4, "batch": 5319, "n_batches": 7774, "time": 0.651, "data_time": 0.0, "lr": 0.0001, "loss": -8.775, "recon_loss": -8.796, "kld_loss": 0.042, "kld_weight": 0.5}
{"message": "", "levelname": "INFO", "name": "Trainer", "asctime": "2026-04-29 13:59:40,125", "type": "train", "epoch": 4, "batch": 5359, "n_batches": 7774, "time": 0.734, "data_time": 0.0, "lr": 0.0001, "loss": -8.074, "recon_loss": -8.095, "kld_loss": 0.042, "kld_weight": 0.5}
{"message": "", "levelname": "INFO", "name": "Trainer", "asctime": "2026-04-29 13:59:47,305", "type": "train", "epoch": 4, "batch": 5399, "n_batches": 7774, "time": 0.539, "data_time": 0.0, "lr": 0.0001, "loss": -7.943, "recon_loss": -8.107, "kld_loss": 0.329, "kld_weight": 0.5}
{"message": "", "levelname": "INFO", "name": "Trainer", "asctime": "2026-04-29 13:59:57,461", "type": "train", "epoch": 4, "batch": 5439, "n_batches": 7774, "time": 0.693, "data_time": 0.0, "lr": 0.0001, "loss": -6.447, "recon_loss": -6.605, "kld_loss": 0.317, "kld_weight": 0.5}
{"message": "", "levelname": "INFO", "name": "Trainer", "asctime": "2026-04-29 14:00:05,032", "type": "train", "epoch": 4, "batch": 5479, "n_batches": 7774, "time": 0.749, "data_time": 0.0, "lr": 0.0001, "loss": -3.402, "recon_loss": -3.447, "kld_loss": 0.091, "kld_weight": 0.5}
{"message": "", "levelname": "INFO", "name": "Trainer", "asctime": "2026-04-29 14:00:13,012", "type": "train", "epoch": 4, "batch": 5519, "n_batches": 7774, "time": 0.942, "data_time": 0.0, "lr": 0.0001, "loss": -9.079, "recon_loss": -9.204, "kld_loss": 0.251, "kld_weight": 0.5}
{"message": "", "levelname": "INFO", "name": "Trainer", "asctime": "2026-04-29 14:00:19,985", "type": "train", "epoch": 4, "batch": 5559, "n_batches": 7774, "time": 0.571, "data_time": 0.0, "lr": 0.0001, "loss": -9.825, "recon_loss": -9.864, "kld_loss": 0.079, "kld_weight": 0.5}
{"message": "", "levelname": "INFO", "name": "Trainer", "asctime": "2026-04-29 14:00:27,576", "type": "train", "epoch": 4, "batch": 5599, "n_batches": 7774, "time": 0.67, "data_time": 0.0, "lr": 0.0001, "loss": -4.488, "recon_loss": -4.6, "kld_loss": 0.223, "kld_weight": 0.5}
{"message": "", "levelname": "INFO", "name": "Trainer", "asctime": "2026-04-29 14:00:35,554", "type": "train", "epoch": 4, "batch": 5639, "n_batches": 7774, "time": 0.711, "data_time": 0.0, "lr": 0.0001, "loss": -7.253, "recon_loss": -7.367, "kld_loss": 0.229, "kld_weight": 0.5}
{"message": "", "levelname": "INFO", "name": "Trainer", "asctime": "2026-04-29 14:00:44,348", "type": "train", "epoch": 4, "batch": 5679, "n_batches": 7774, "time": 0.708, "data_time": 0.0, "lr": 0.0001, "loss": -9.202, "recon_loss": -9.238, "kld_loss": 0.073, "kld_weight": 0.5}
{"message": "", "levelname": "INFO", "name": "Trainer", "asctime": "2026-04-29 14:00:52,967", "type": "train", "epoch": 4, "batch": 5719, "n_batches": 7774, "time": 0.796, "data_time": 0.0, "lr": 0.0001, "loss": -7.861, "recon_loss": -7.925, "kld_loss": 0.127, "kld_weight": 0.5}
{"message": "", "levelname": "INFO", "name": "Trainer", "asctime": "2026-04-29 14:01:00,411", "type": "train", "epoch": 4, "batch": 5759, "n_batches": 7774, "time": 0.766, "data_time": 0.0, "lr": 0.0001, "loss": -7.243, "recon_loss": -7.291, "kld_loss": 0.096, "kld_weight": 0.5}
{"message": "", "levelname": "INFO", "name": "Trainer", "asctime": "2026-04-29 14:01:09,130", "type": "train", "epoch": 4, "batch": 5799, "n_batches": 7774, "time": 0.811, "data_time": 0.0, "lr": 0.0001, "loss": -2.375, "recon_loss": -2.498, "kld_loss": 0.245, "kld_weight": 0.5}
{"message": "", "levelname": "INFO", "name": "Trainer", "asctime": "2026-04-29 14:01:17,283", "type": "train", "epoch": 4, "batch": 5839, "n_batches": 7774, "time": 0.622, "data_time": 0.0, "lr": 0.0001, "loss": -7.119, "recon_loss": -7.166, "kld_loss": 0.095, "kld_weight": 0.5}
{"message": "", "levelname": "INFO", "name": "Trainer", "asctime": "2026-04-29 14:01:25,950", "type": "train", "epoch": 4, "batch": 5879, "n_batches": 7774, "time": 0.955, "data_time": 0.0, "lr": 0.0001, "loss": -5.938, "recon_loss": -6.026, "kld_loss": 0.175, "kld_weight": 0.5}
{"message": "", "levelname": "INFO", "name": "Trainer", "asctime": "2026-04-29 14:01:33,155", "type": "train", "epoch": 4, "batch": 5919, "n_batches": 7774, "time": 0.441, "data_time": 0.0, "lr": 0.0001, "loss": -9.669, "recon_loss": -9.712, "kld_loss": 0.086, "kld_weight": 0.5}
{"message": "", "levelname": "INFO", "name": "Trainer", "asctime": "2026-04-29 14:01:41,561", "type": "train", "epoch": 4, "batch": 5959, "n_batches": 7774, "time": 0.785, "data_time": 0.0, "lr": 0.0001, "loss": -8.662, "recon_loss": -8.732, "kld_loss": 0.14, "kld_weight": 0.5}
{"message": "", "levelname": "INFO", "name": "Trainer", "asctime": "2026-04-29 14:01:50,393", "type": "train", "epoch": 4, "batch": 5999, "n_batches": 7774, "time": 0.799, "data_time": 0.0, "lr": 0.0001, "loss": -9.391, "recon_loss": -9.405, "kld_loss": 0.026, "kld_weight": 0.5}
{"message": "", "levelname": "INFO", "name": "Trainer", "asctime": "2026-04-29 14:01:57,165", "type": "train", "epoch": 4, "batch": 6039, "n_batches": 7774, "time": 0.583, "data_time": 0.0, "lr": 0.0001, "loss": -6.792, "recon_loss": -6.862, "kld_loss": 0.139, "kld_weight": 0.5}
{"message": "", "levelname": "INFO", "name": "Trainer", "asctime": "2026-04-29 14:02:06,456", "type": "train", "epoch": 4, "batch": 6079, "n_batches": 7774, "time": 0.773, "data_time": 0.0, "lr": 0.0001, "loss": -9.791, "recon_loss": -9.857, "kld_loss": 0.134, "kld_weight": 0.5}
{"message": "", "levelname": "INFO", "name": "Trainer", "asctime": "2026-04-29 14:02:15,279", "type": "train", "epoch": 4, "batch": 6119, "n_batches": 7774, "time": 1.398, "data_time": 0.0, "lr": 0.0001, "loss": -7.989, "recon_loss": -8.066, "kld_loss": 0.154, "kld_weight": 0.5}
{"message": "", "levelname": "INFO", "name": "Trainer", "asctime": "2026-04-29 14:02:23,423", "type": "train", "epoch": 4, "batch": 6159, "n_batches": 7774, "time": 1.509, "data_time": 0.0, "lr": 0.0001, "loss": -7.928, "recon_loss": -7.991, "kld_loss": 0.125, "kld_weight": 0.5}
{"message": "", "levelname": "INFO", "name": "Trainer", "asctime": "2026-04-29 14:02:32,370", "type": "train", "epoch": 4, "batch": 6199, "n_batches": 7774, "time": 1.349, "data_time": 0.0, "lr": 0.0001, "loss": -5.142, "recon_loss": -5.184, "kld_loss": 0.084, "kld_weight": 0.5}
{"message": "", "levelname": "INFO", "name": "Trainer", "asctime": "2026-04-29 14:02:39,945", "type": "train", "epoch": 4, "batch": 6239, "n_batches": 7774, "time": 0.636, "data_time": 0.0, "lr": 0.0001, "loss": -6.636, "recon_loss": -6.726, "kld_loss": 0.181, "kld_weight": 0.5}
{"message": "", "levelname": "INFO", "name": "Trainer", "asctime": "2026-04-29 14:02:47,900", "type": "train", "epoch": 4, "batch": 6279, "n_batches": 7774, "time": 0.759, "data_time": 0.0, "lr": 0.0001, "loss": -7.883, "recon_loss": -7.934, "kld_loss": 0.102, "kld_weight": 0.5}
{"message": "", "levelname": "INFO", "name": "Trainer", "asctime": "2026-04-29 14:02:55,604", "type": "train", "epoch": 4, "batch": 6319, "n_batches": 7774, "time": 0.762, "data_time": 0.0, "lr": 0.0001, "loss": -9.384, "recon_loss": -9.399, "kld_loss": 0.031, "kld_weight": 0.5}
{"message": "", "levelname": "INFO", "name": "Trainer", "asctime": "2026-04-29 14:03:04,409", "type": "train", "epoch": 4, "batch": 6359, "n_batches": 7774, "time": 0.816, "data_time": 0.0, "lr": 0.0001, "loss": -3.135, "recon_loss": -3.219, "kld_loss": 0.168, "kld_weight": 0.5}
{"message": "", "levelname": "INFO", "name": "Trainer", "asctime": "2026-04-29 14:03:10,950", "type": "train", "epoch": 4, "batch": 6399, "n_batches": 7774, "time": 0.746, "data_time": 0.0, "lr": 0.0001, "loss": -1.976, "recon_loss": -2.022, "kld_loss": 0.092, "kld_weight": 0.5}
{"message": "", "levelname": "INFO", "name": "Trainer", "asctime": "2026-04-29 14:03:18,180", "type": "train", "epoch": 4, "batch": 6439, "n_batches": 7774, "time": 0.744, "data_time": 0.0, "lr": 0.0001, "loss": -4.366, "recon_loss": -4.611, "kld_loss": 0.489, "kld_weight": 0.5}
{"message": "", "levelname": "INFO", "name": "Trainer", "asctime": "2026-04-29 14:03:27,556", "type": "train", "epoch": 4, "batch": 6479, "n_batches": 7774, "time": 0.705, "data_time": 0.0, "lr": 0.0001, "loss": -1.317, "recon_loss": -1.567, "kld_loss": 0.499, "kld_weight": 0.5}
{"message": "", "levelname": "INFO", "name": "Trainer", "asctime": "2026-04-29 14:03:36,822", "type": "train", "epoch": 4, "batch": 6519, "n_batches": 7774, "time": 0.859, "data_time": 0.0, "lr": 0.0001, "loss": -7.034, "recon_loss": -7.162, "kld_loss": 0.255, "kld_weight": 0.5}
{"message": "", "levelname": "INFO", "name": "Trainer", "asctime": "2026-04-29 14:03:44,423", "type": "train", "epoch": 4, "batch": 6559, "n_batches": 7774, "time": 0.819, "data_time": 0.0, "lr": 0.0001, "loss": -8.406, "recon_loss": -8.46, "kld_loss": 0.11, "kld_weight": 0.5}
{"message": "", "levelname": "INFO", "name": "Trainer", "asctime": "2026-04-29 14:03:53,889", "type": "train", "epoch": 4, "batch": 6599, "n_batches": 7774, "time": 0.861, "data_time": 0.0, "lr": 0.0001, "loss": -10.263, "recon_loss": -10.312, "kld_loss": 0.1, "kld_weight": 0.5}
{"message": "", "levelname": "INFO", "name": "Trainer", "asctime": "2026-04-29 14:04:05,201", "type": "train", "epoch": 4, "batch": 6639, "n_batches": 7774, "time": 0.826, "data_time": 0.0, "lr": 0.0001, "loss": -2.073, "recon_loss": -2.292, "kld_loss": 0.438, "kld_weight": 0.5}
{"message": "", "levelname": "INFO", "name": "Trainer", "asctime": "2026-04-29 14:04:14,608", "type": "train", "epoch": 4, "batch": 6679, "n_batches": 7774, "time": 0.866, "data_time": 0.0, "lr": 0.0001, "loss": -9.284, "recon_loss": -9.305, "kld_loss": 0.042, "kld_weight": 0.5}
{"message": "", "levelname": "INFO", "name": "Trainer", "asctime": "2026-04-29 14:04:23,748", "type": "train", "epoch": 4, "batch": 6719, "n_batches": 7774, "time": 0.74, "data_time": 0.0, "lr": 0.0001, "loss": -8.426, "recon_loss": -8.463, "kld_loss": 0.073, "kld_weight": 0.5}
{"message": "", "levelname": "INFO", "name": "Trainer", "asctime": "2026-04-29 14:04:32,334", "type": "train", "epoch": 4, "batch": 6759, "n_batches": 7774, "time": 0.606, "data_time": 0.0, "lr": 0.0001, "loss": -7.382, "recon_loss": -7.424, "kld_loss": 0.084, "kld_weight": 0.5}
{"message": "", "levelname": "INFO", "name": "Trainer", "asctime": "2026-04-29 14:04:41,287", "type": "train", "epoch": 4, "batch": 6799, "n_batches": 7774, "time": 0.787, "data_time": 0.0, "lr": 0.0001, "loss": -8.635, "recon_loss": -8.655, "kld_loss": 0.04, "kld_weight": 0.5}
{"message": "", "levelname": "INFO", "name": "Trainer", "asctime": "2026-04-29 14:04:51,995", "type": "train", "epoch": 4, "batch": 6839, "n_batches": 7774, "time": 0.751, "data_time": 0.0, "lr": 0.0001, "loss": -8.721, "recon_loss": -8.755, "kld_loss": 0.067, "kld_weight": 0.5}
{"message": "", "levelname": "INFO", "name": "Trainer", "asctime": "2026-04-29 14:04:59,694", "type": "train", "epoch": 4, "batch": 6879, "n_batches": 7774, "time": 0.748, "data_time": 0.0, "lr": 0.0001, "loss": -5.73, "recon_loss": -5.747, "kld_loss": 0.035, "kld_weight": 0.5}
{"message": "", "levelname": "INFO", "name": "Trainer", "asctime": "2026-04-29 14:05:07,772", "type": "train", "epoch": 4, "batch": 6919, "n_batches": 7774, "time": 0.683, "data_time": 0.0, "lr": 0.0001, "loss": -6.406, "recon_loss": -6.468, "kld_loss": 0.124, "kld_weight": 0.5}
{"message": "", "levelname": "INFO", "name": "Trainer", "asctime": "2026-04-29 14:05:15,463", "type": "train", "epoch": 4, "batch": 6959, "n_batches": 7774, "time": 0.804, "data_time": 0.0, "lr": 0.0001, "loss": -3.557, "recon_loss": -3.606, "kld_loss": 0.097, "kld_weight": 0.5}
{"message": "", "levelname": "INFO", "name": "Trainer", "asctime": "2026-04-29 14:05:23,760", "type": "train", "epoch": 4, "batch": 6999, "n_batches": 7774, "time": 0.602, "data_time": 0.0, "lr": 0.0001, "loss": -4.467, "recon_loss": -4.546, "kld_loss": 0.158, "kld_weight": 0.5}
{"message": "", "levelname": "INFO", "name": "Trainer", "asctime": "2026-04-29 14:05:30,513", "type": "train", "epoch": 4, "batch": 7039, "n_batches": 7774, "time": 0.734, "data_time": 0.0, "lr": 0.0001, "loss": -4.662, "recon_loss": -4.674, "kld_loss": 0.024, "kld_weight": 0.5}
{"message": "", "levelname": "INFO", "name": "Trainer", "asctime": "2026-04-29 14:05:38,897", "type": "train", "epoch": 4, "batch": 7079, "n_batches": 7774, "time": 0.794, "data_time": 0.0, "lr": 0.0001, "loss": -7.229, "recon_loss": -7.29, "kld_loss": 0.122, "kld_weight": 0.5}
{"message": "", "levelname": "INFO", "name": "Trainer", "asctime": "2026-04-29 14:05:45,961", "type": "train", "epoch": 4, "batch": 7119, "n_batches": 7774, "time": 0.63, "data_time": 0.0, "lr": 0.0001, "loss": -8.141, "recon_loss": -8.158, "kld_loss": 0.033, "kld_weight": 0.5}
{"message": "", "levelname": "INFO", "name": "Trainer", "asctime": "2026-04-29 14:05:53,841", "type": "train", "epoch": 4, "batch": 7159, "n_batches": 7774, "time": 0.576, "data_time": 0.0, "lr": 0.0001, "loss": -1.772, "recon_loss": -1.876, "kld_loss": 0.207, "kld_weight": 0.5}
{"message": "", "levelname": "INFO", "name": "Trainer", "asctime": "2026-04-29 14:06:01,733", "type": "train", "epoch": 4, "batch": 7199, "n_batches": 7774, "time": 0.639, "data_time": 0.0, "lr": 0.0001, "loss": -5.749, "recon_loss": -5.823, "kld_loss": 0.148, "kld_weight": 0.5}
{"message": "", "levelname": "INFO", "name": "Trainer", "asctime": "2026-04-29 14:06:09,939", "type": "train", "epoch": 4, "batch": 7239, "n_batches": 7774, "time": 0.497, "data_time": 0.0, "lr": 0.0001, "loss": -5.986, "recon_loss": -6.102, "kld_loss": 0.233, "kld_weight": 0.5}
{"message": "", "levelname": "INFO", "name": "Trainer", "asctime": "2026-04-29 14:06:18,308", "type": "train", "epoch": 4, "batch": 7279, "n_batches": 7774, "time": 0.717, "data_time": 0.0, "lr": 0.0001, "loss": -5.009, "recon_loss": -5.028, "kld_loss": 0.037, "kld_weight": 0.5}
{"message": "", "levelname": "INFO", "name": "Trainer", "asctime": "2026-04-29 14:06:27,226", "type": "train", "epoch": 4, "batch": 7319, "n_batches": 7774, "time": 0.857, "data_time": 0.0, "lr": 0.0001, "loss": -8.595, "recon_loss": -8.607, "kld_loss": 0.025, "kld_weight": 0.5}
{"message": "", "levelname": "INFO", "name": "Trainer", "asctime": "2026-04-29 14:06:36,717", "type": "train", "epoch": 4, "batch": 7359, "n_batches": 7774, "time": 0.919, "data_time": 0.0, "lr": 0.0001, "loss": -6.104, "recon_loss": -6.159, "kld_loss": 0.11, "kld_weight": 0.5}
{"message": "", "levelname": "INFO", "name": "Trainer", "asctime": "2026-04-29 14:06:45,943", "type": "train", "epoch": 4, "batch": 7399, "n_batches": 7774, "time": 0.805, "data_time": 0.0, "lr": 0.0001, "loss": -7.705, "recon_loss": -7.754, "kld_loss": 0.099, "kld_weight": 0.5}
{"message": "", "levelname": "INFO", "name": "Trainer", "asctime": "2026-04-29 14:06:54,091", "type": "train", "epoch": 4, "batch": 7439, "n_batches": 7774, "time": 0.635, "data_time": 0.0, "lr": 0.0001, "loss": -7.074, "recon_loss": -7.123, "kld_loss": 0.097, "kld_weight": 0.5}
{"message": "", "levelname": "INFO", "name": "Trainer", "asctime": "2026-04-29 14:07:02,325", "type": "train", "epoch": 4, "batch": 7479, "n_batches": 7774, "time": 0.797, "data_time": 0.0, "lr": 0.0001, "loss": -5.565, "recon_loss": -5.604, "kld_loss": 0.078, "kld_weight": 0.5}
{"message": "", "levelname": "INFO", "name": "Trainer", "asctime": "2026-04-29 14:07:09,205", "type": "train", "epoch": 4, "batch": 7519, "n_batches": 7774, "time": 0.601, "data_time": 0.0, "lr": 0.0001, "loss": -5.12, "recon_loss": -5.236, "kld_loss": 0.233, "kld_weight": 0.5}
{"message": "", "levelname": "INFO", "name": "Trainer", "asctime": "2026-04-29 14:07:18,633", "type": "train", "epoch": 4, "batch": 7559, "n_batches": 7774, "time": 0.783, "data_time": 0.0, "lr": 0.0001, "loss": -3.487, "recon_loss": -3.597, "kld_loss": 0.22, "kld_weight": 0.5}
{"message": "", "levelname": "INFO", "name": "Trainer", "asctime": "2026-04-29 14:07:27,833", "type": "train", "epoch": 4, "batch": 7599, "n_batches": 7774, "time": 0.926, "data_time": 0.0, "lr": 0.0001, "loss": -9.84, "recon_loss": -9.856, "kld_loss": 0.033, "kld_weight": 0.5}
{"message": "", "levelname": "INFO", "name": "Trainer", "asctime": "2026-04-29 14:07:36,421", "type": "train", "epoch": 4, "batch": 7639, "n_batches": 7774, "time": 0.957, "data_time": 0.0, "lr": 0.0001, "loss": -8.411, "recon_loss": -8.435, "kld_loss": 0.046, "kld_weight": 0.5}
{"message": "", "levelname": "INFO", "name": "Trainer", "asctime": "2026-04-29 14:07:43,831", "type": "train", "epoch": 4, "batch": 7679, "n_batches": 7774, "time": 0.678, "data_time": 0.0, "lr": 0.0001, "loss": -7.068, "recon_loss": -7.104, "kld_loss": 0.074, "kld_weight": 0.5}
{"message": "", "levelname": "INFO", "name": "Trainer", "asctime": "2026-04-29 14:07:51,614", "type": "train", "epoch": 4, "batch": 7719, "n_batches": 7774, "time": 1.126, "data_time": 0.0, "lr": 0.0001, "loss": -7.199, "recon_loss": -7.282, "kld_loss": 0.165, "kld_weight": 0.5}
{"message": "", "levelname": "INFO", "name": "Trainer", "asctime": "2026-04-29 14:07:59,649", "type": "train", "epoch": 4, "batch": 7759, "n_batches": 7774, "time": 0.811, "data_time": 0.0, "lr": 0.0001, "loss": -9.966, "recon_loss": -9.984, "kld_loss": 0.037, "kld_weight": 0.5}
{"message": "", "levelname": "INFO", "name": "Trainer", "asctime": "2026-04-29 14:08:02,121", "type": "train-epoch", "epoch": 5, "loss": -1.70021, "recon_loss": -1.74415, "kld_loss": 0.08788, "kld_weight": 0.5, "time": 1561.5}
{"message": "", "levelname": "INFO", "name": "Trainer", "asctime": "2026-04-29 14:11:07,184", "type": "val-epoch", "epoch": 5, "loss": -1.758, "test_loss": -1.693, "recon_loss": -1.768, "kld_loss": 0.021, "kld_weight": 0.5, "note": "loss is teacher-forced CVAE objective; test_loss is prior-only reconstruction", "time": 185.1}
{"message": "", "levelname": "INFO", "name": "Trainer", "asctime": "2026-04-29 14:11:15,020", "type": "train", "epoch": 5, "batch": 39, "n_batches": 7774, "time": 0.76, "data_time": 0.0, "lr": 0.0001, "loss": -8.08, "recon_loss": -8.091, "kld_loss": 0.021, "kld_weight": 0.5}
{"message": "", "levelname": "INFO", "name": "Trainer", "asctime": "2026-04-29 14:11:22,642", "type": "train", "epoch": 5, "batch": 79, "n_batches": 7774, "time": 0.799, "data_time": 0.0, "lr": 0.0001, "loss": -9.889, "recon_loss": -9.916, "kld_loss": 0.054, "kld_weight": 0.5}
{"message": "", "levelname": "INFO", "name": "Trainer", "asctime": "2026-04-29 14:11:31,784", "type": "train", "epoch": 5, "batch": 119, "n_batches": 7774, "time": 1.319, "data_time": 0.0, "lr": 0.0001, "loss": -8.147, "recon_loss": -8.16, "kld_loss": 0.027, "kld_weight": 0.5}
{"message": "", "levelname": "INFO", "name": "Trainer", "asctime": "2026-04-29 14:11:39,616", "type": "train", "epoch": 5, "batch": 159, "n_batches": 7774, "time": 0.699, "data_time": 0.0, "lr": 0.0001, "loss": -8.797, "recon_loss": -8.848, "kld_loss": 0.102, "kld_weight": 0.5}
{"message": "", "levelname": "INFO", "name": "Trainer", "asctime": "2026-04-29 14:11:48,675", "type": "train", "epoch": 5, "batch": 199, "n_batches": 7774, "time": 0.869, "data_time": 0.0, "lr": 0.0001, "loss": -8.196, "recon_loss": -8.229, "kld_loss": 0.066, "kld_weight": 0.5}
{"message": "", "levelname": "INFO", "name": "Trainer", "asctime": "2026-04-29 14:11:56,859", "type": "train", "epoch": 5, "batch": 239, "n_batches": 7774, "time": 0.982, "data_time": 0.0, "lr": 0.0001, "loss": -2.588, "recon_loss": -2.763, "kld_loss": 0.351, "kld_weight": 0.5}
{"message": "", "levelname": "INFO", "name": "Trainer", "asctime": "2026-04-29 14:12:07,668", "type": "train", "epoch": 5, "batch": 279, "n_batches": 7774, "time": 0.704, "data_time": 0.0, "lr": 0.0001, "loss": 1.308, "recon_loss": 1.148, "kld_loss": 0.321, "kld_weight": 0.5}
{"message": "", "levelname": "INFO", "name": "Trainer", "asctime": "2026-04-29 14:12:17,279", "type": "train", "epoch": 5, "batch": 319, "n_batches": 7774, "time": 0.741, "data_time": 0.0, "lr": 0.0001, "loss": -9.254, "recon_loss": -9.269, "kld_loss": 0.03, "kld_weight": 0.5}
{"message": "", "levelname": "INFO", "name": "Trainer", "asctime": "2026-04-29 14:12:25,198", "type": "train", "epoch": 5, "batch": 359, "n_batches": 7774, "time": 1.696, "data_time": 0.0, "lr": 0.0001, "loss": -4.118, "recon_loss": -4.2, "kld_loss": 0.164, "kld_weight": 0.5}
{"message": "", "levelname": "INFO", "name": "Trainer", "asctime": "2026-04-29 14:12:34,781", "type": "train", "epoch": 5, "batch": 399, "n_batches": 7774, "time": 1.675, "data_time": 0.0, "lr": 0.0001, "loss": -0.697, "recon_loss": -0.816, "kld_loss": 0.237, "kld_weight": 0.5}
{"message": "", "levelname": "INFO", "name": "Trainer", "asctime": "2026-04-29 14:12:42,975", "type": "train", "epoch": 5, "batch": 439, "n_batches": 7774, "time": 0.964, "data_time": 0.0, "lr": 0.0001, "loss": -8.552, "recon_loss": -8.566, "kld_loss": 0.028, "kld_weight": 0.5}
{"message": "", "levelname": "INFO", "name": "Trainer", "asctime": "2026-04-29 14:12:49,931", "type": "train", "epoch": 5, "batch": 479, "n_batches": 7774, "time": 0.584, "data_time": 0.0, "lr": 0.0001, "loss": -9.232, "recon_loss": -9.251, "kld_loss": 0.038, "kld_weight": 0.5}
{"message": "", "levelname": "INFO", "name": "Trainer", "asctime": "2026-04-29 14:12:57,053", "type": "train", "epoch": 5, "batch": 519, "n_batches": 7774, "time": 0.764, "data_time": 0.0, "lr": 0.0001, "loss": -2.085, "recon_loss": -2.289, "kld_loss": 0.408, "kld_weight": 0.5}
{"message": "", "levelname": "INFO", "name": "Trainer", "asctime": "2026-04-29 14:13:05,360", "type": "train", "epoch": 5, "batch": 559, "n_batches": 7774, "time": 1.262, "data_time": 0.0, "lr": 0.0001, "loss": -8.512, "recon_loss": -8.545, "kld_loss": 0.064, "kld_weight": 0.5}
{"message": "", "levelname": "INFO", "name": "Trainer", "asctime": "2026-04-29 14:13:12,638", "type": "train", "epoch": 5, "batch": 599, "n_batches": 7774, "time": 0.649, "data_time": 0.0, "lr": 0.0001, "loss": -3.929, "recon_loss": -4.051, "kld_loss": 0.243, "kld_weight": 0.5}
{"message": "", "levelname": "INFO", "name": "Trainer", "asctime": "2026-04-29 14:13:22,682", "type": "train", "epoch": 5, "batch": 639, "n_batches": 7774, "time": 0.86, "data_time": 0.0, "lr": 0.0001, "loss": -9.668, "recon_loss": -9.675, "kld_loss": 0.015, "kld_weight": 0.5}
{"message": "", "levelname": "INFO", "name": "Trainer", "asctime": "2026-04-29 14:13:32,086", "type": "train", "epoch": 5, "batch": 679, "n_batches": 7774, "time": 0.927, "data_time": 0.0, "lr": 0.0001, "loss": -8.631, "recon_loss": -8.65, "kld_loss": 0.037, "kld_weight": 0.5}
{"message": "", "levelname": "INFO", "name": "Trainer", "asctime": "2026-04-29 14:13:42,024", "type": "train", "epoch": 5, "batch": 719, "n_batches": 7774, "time": 0.924, "data_time": 0.0, "lr": 0.0001, "loss": -3.246, "recon_loss": -3.325, "kld_loss": 0.158, "kld_weight": 0.5}
{"message": "", "levelname": "INFO", "name": "Trainer", "asctime": "2026-04-29 14:13:50,716", "type": "train", "epoch": 5, "batch": 759, "n_batches": 7774, "time": 0.815, "data_time": 0.0, "lr": 0.0001, "loss": -3.964, "recon_loss": -4.019, "kld_loss": 0.111, "kld_weight": 0.5}
{"message": "", "levelname": "INFO", "name": "Trainer", "asctime": "2026-04-29 14:13:58,849", "type": "train", "epoch": 5, "batch": 799, "n_batches": 7774, "time": 0.647, "data_time": 0.0, "lr": 0.0001, "loss": -8.883, "recon_loss": -8.905, "kld_loss": 0.044, "kld_weight": 0.5}
{"message": "", "levelname": "INFO", "name": "Trainer", "asctime": "2026-04-29 14:14:06,206", "type": "train", "epoch": 5, "batch": 839, "n_batches": 7774, "time": 0.721, "data_time": 0.0, "lr": 0.0001, "loss": -8.585, "recon_loss": -8.619, "kld_loss": 0.068, "kld_weight": 0.5}
{"message": "", "levelname": "INFO", "name": "Trainer", "asctime": "2026-04-29 14:14:16,506", "type": "train", "epoch": 5, "batch": 879, "n_batches": 7774, "time": 0.808, "data_time": 0.0, "lr": 0.0001, "loss": -6.829, "recon_loss": -6.853, "kld_loss": 0.048, "kld_weight": 0.5}
{"message": "", "levelname": "INFO", "name": "Trainer", "asctime": "2026-04-29 14:14:23,633", "type": "train", "epoch": 5, "batch": 919, "n_batches": 7774, "time": 1.319, "data_time": 0.0, "lr": 0.0001, "loss": -8.464, "recon_loss": -8.481, "kld_loss": 0.035, "kld_weight": 0.5}
{"message": "", "levelname": "INFO", "name": "Trainer", "asctime": "2026-04-29 14:14:32,748", "type": "train", "epoch": 5, "batch": 959, "n_batches": 7774, "time": 0.72, "data_time": 0.0, "lr": 0.0001, "loss": -7.064, "recon_loss": -7.074, "kld_loss": 0.02, "kld_weight": 0.5}
{"message": "", "levelname": "INFO", "name": "Trainer", "asctime": "2026-04-29 14:14:39,401", "type": "train", "epoch": 5, "batch": 999, "n_batches": 7774, "time": 0.758, "data_time": 0.0, "lr": 0.0001, "loss": -6.179, "recon_loss": -6.212, "kld_loss": 0.067, "kld_weight": 0.5}
{"message": "", "levelname": "INFO", "name": "Trainer", "asctime": "2026-04-29 14:14:47,379", "type": "train", "epoch": 5, "batch": 1039, "n_batches": 7774, "time": 0.596, "data_time": 0.0, "lr": 0.0001, "loss": -8.234, "recon_loss": -8.259, "kld_loss": 0.051, "kld_weight": 0.5}
{"message": "", "levelname": "INFO", "name": "Trainer", "asctime": "2026-04-29 14:14:54,534", "type": "train", "epoch": 5, "batch": 1079, "n_batches": 7774, "time": 0.717, "data_time": 0.0, "lr": 0.0001, "loss": -8.835, "recon_loss": -8.856, "kld_loss": 0.043, "kld_weight": 0.5}
{"message": "", "levelname": "INFO", "name": "Trainer", "asctime": "2026-04-29 14:15:03,436", "type": "train", "epoch": 5, "batch": 1119, "n_batches": 7774, "time": 0.925, "data_time": 0.0, "lr": 0.0001, "loss": -8.399, "recon_loss": -8.435, "kld_loss": 0.071, "kld_weight": 0.5}
{"message": "", "levelname": "INFO", "name": "Trainer", "asctime": "2026-04-29 14:15:11,283", "type": "train", "epoch": 5, "batch": 1159, "n_batches": 7774, "time": 0.659, "data_time": 0.0, "lr": 0.0001, "loss": -8.007, "recon_loss": -8.047, "kld_loss": 0.081, "kld_weight": 0.5}
{"message": "", "levelname": "INFO", "name": "Trainer", "asctime": "2026-04-29 14:15:18,709", "type": "train", "epoch": 5, "batch": 1199, "n_batches": 7774, "time": 0.876, "data_time": 0.0, "lr": 0.0001, "loss": -7.078, "recon_loss": -7.112, "kld_loss": 0.067, "kld_weight": 0.5}
{"message": "", "levelname": "INFO", "name": "Trainer", "asctime": "2026-04-29 14:15:28,168", "type": "train", "epoch": 5, "batch": 1239, "n_batches": 7774, "time": 0.742, "data_time": 0.0, "lr": 0.0001, "loss": -8.699, "recon_loss": -8.706, "kld_loss": 0.014, "kld_weight": 0.5}
{"message": "", "levelname": "INFO", "name": "Trainer", "asctime": "2026-04-29 14:15:37,186", "type": "train", "epoch": 5, "batch": 1279, "n_batches": 7774, "time": 1.506, "data_time": 0.0, "lr": 0.0001, "loss": -11.019, "recon_loss": -11.025, "kld_loss": 0.012, "kld_weight": 0.5}
{"message": "", "levelname": "INFO", "name": "Trainer", "asctime": "2026-04-29 14:15:44,152", "type": "train", "epoch": 5, "batch": 1319, "n_batches": 7774, "time": 0.761, "data_time": 0.0, "lr": 0.0001, "loss": -7.742, "recon_loss": -7.767, "kld_loss": 0.049, "kld_weight": 0.5}
{"message": "", "levelname": "INFO", "name": "Trainer", "asctime": "2026-04-29 14:15:51,256", "type": "train", "epoch": 5, "batch": 1359, "n_batches": 7774, "time": 1.017, "data_time": 0.0, "lr": 0.0001, "loss": -6.444, "recon_loss": -6.471, "kld_loss": 0.055, "kld_weight": 0.5}
{"message": "", "levelname": "INFO", "name": "Trainer", "asctime": "2026-04-29 14:15:58,875", "type": "train", "epoch": 5, "batch": 1399, "n_batches": 7774, "time": 0.606, "data_time": 0.0, "lr": 0.0001, "loss": -9.958, "recon_loss": -9.998, "kld_loss": 0.082, "kld_weight": 0.5}
{"message": "", "levelname": "INFO", "name": "Trainer", "asctime": "2026-04-29 14:16:06,889", "type": "train", "epoch": 5, "batch": 1439, "n_batches": 7774, "time": 0.746, "data_time": 0.0, "lr": 0.0001, "loss": -5.585, "recon_loss": -5.632, "kld_loss": 0.094, "kld_weight": 0.5}
{"message": "", "levelname": "INFO", "name": "Trainer", "asctime": "2026-04-29 14:16:16,263", "type": "train", "epoch": 5, "batch": 1479, "n_batches": 7774, "time": 0.801, "data_time": 0.0, "lr": 0.0001, "loss": -6.666, "recon_loss": -6.684, "kld_loss": 0.036, "kld_weight": 0.5}
{"message": "", "levelname": "INFO", "name": "Trainer", "asctime": "2026-04-29 14:16:24,066", "type": "train", "epoch": 5, "batch": 1519, "n_batches": 7774, "time": 0.847, "data_time": 0.0, "lr": 0.0001, "loss": -5.533, "recon_loss": -5.545, "kld_loss": 0.026, "kld_weight": 0.5}
{"message": "", "levelname": "INFO", "name": "Trainer", "asctime": "2026-04-29 14:16:31,168", "type": "train", "epoch": 5, "batch": 1559, "n_batches": 7774, "time": 0.726, "data_time": 0.0, "lr": 0.0001, "loss": -10.14, "recon_loss": -10.145, "kld_loss": 0.011, "kld_weight": 0.5}
{"message": "", "levelname": "INFO", "name": "Trainer", "asctime": "2026-04-29 14:16:38,756", "type": "train", "epoch": 5, "batch": 1599, "n_batches": 7774, "time": 0.807, "data_time": 0.0, "lr": 0.0001, "loss": -5.251, "recon_loss": -5.285, "kld_loss": 0.066, "kld_weight": 0.5}
{"message": "", "levelname": "INFO", "name": "Trainer", "asctime": "2026-04-29 14:16:46,947", "type": "train", "epoch": 5, "batch": 1639, "n_batches": 7774, "time": 0.672, "data_time": 0.0, "lr": 0.0001, "loss": -2.508, "recon_loss": -2.524, "kld_loss": 0.032, "kld_weight": 0.5}
{"message": "", "levelname": "INFO", "name": "Trainer", "asctime": "2026-04-29 14:16:55,344", "type": "train", "epoch": 5, "batch": 1679, "n_batches": 7774, "time": 0.626, "data_time": 0.0, "lr": 0.0001, "loss": -9.484, "recon_loss": -9.499, "kld_loss": 0.03, "kld_weight": 0.5}
{"message": "", "levelname": "INFO", "name": "Trainer", "asctime": "2026-04-29 14:17:02,310", "type": "train", "epoch": 5, "batch": 1719, "n_batches": 7774, "time": 1.436, "data_time": 0.0, "lr": 0.0001, "loss": -7.66, "recon_loss": -7.669, "kld_loss": 0.017, "kld_weight": 0.5}
{"message": "", "levelname": "INFO", "name": "Trainer", "asctime": "2026-04-29 14:17:10,570", "type": "train", "epoch": 5, "batch": 1759, "n_batches": 7774, "time": 1.582, "data_time": 0.0, "lr": 0.0001, "loss": -4.294, "recon_loss": -4.334, "kld_loss": 0.08, "kld_weight": 0.5}
{"message": "", "levelname": "INFO", "name": "Trainer", "asctime": "2026-04-29 14:17:17,416", "type": "train", "epoch": 5, "batch": 1799, "n_batches": 7774, "time": 0.739, "data_time": 0.0, "lr": 0.0001, "loss": -10.371, "recon_loss": -10.381, "kld_loss": 0.022, "kld_weight": 0.5}
{"message": "", "levelname": "INFO", "name": "Trainer", "asctime": "2026-04-29 14:17:25,450", "type": "train", "epoch": 5, "batch": 1839, "n_batches": 7774, "time": 0.563, "data_time": 0.0, "lr": 0.0001, "loss": -4.46, "recon_loss": -4.56, "kld_loss": 0.199, "kld_weight": 0.5}
{"message": "", "levelname": "INFO", "name": "Trainer", "asctime": "2026-04-29 14:17:33,695", "type": "train", "epoch": 5, "batch": 1879, "n_batches": 7774, "time": 0.6, "data_time": 0.0, "lr": 0.0001, "loss": -3.679, "recon_loss": -3.748, "kld_loss": 0.138, "kld_weight": 0.5}
{"message": "", "levelname": "INFO", "name": "Trainer", "asctime": "2026-04-29 14:17:41,950", "type": "train", "epoch": 5, "batch": 1919, "n_batches": 7774, "time": 0.782, "data_time": 0.0, "lr": 0.0001, "loss": -5.08, "recon_loss": -5.117, "kld_loss": 0.074, "kld_weight": 0.5}
{"message": "", "levelname": "INFO", "name": "Trainer", "asctime": "2026-04-29 14:17:50,802", "type": "train", "epoch": 5, "batch": 1959, "n_batches": 7774, "time": 1.323, "data_time": 0.0, "lr": 0.0001, "loss": -7.959, "recon_loss": -7.988, "kld_loss": 0.057, "kld_weight": 0.5}
{"message": "", "levelname": "INFO", "name": "Trainer", "asctime": "2026-04-29 14:17:58,115", "type": "train", "epoch": 5, "batch": 1999, "n_batches": 7774, "time": 0.724, "data_time": 0.0, "lr": 0.0001, "loss": -10.113, "recon_loss": -10.121, "kld_loss": 0.015, "kld_weight": 0.5}
{"message": "", "levelname": "INFO", "name": "Trainer", "asctime": "2026-04-29 14:18:06,534", "type": "train", "epoch": 5, "batch": 2039, "n_batches": 7774, "time": 0.847, "data_time": 0.0, "lr": 0.0001, "loss": -9.743, "recon_loss": -9.755, "kld_loss": 0.024, "kld_weight": 0.5}
{"message": "", "levelname": "INFO", "name": "Trainer", "asctime": "2026-04-29 14:18:14,336", "type": "train", "epoch": 5, "batch": 2079, "n_batches": 7774, "time": 0.665, "data_time": 0.0, "lr": 0.0001, "loss": -8.949, "recon_loss": -8.97, "kld_loss": 0.042, "kld_weight": 0.5}
{"message": "", "levelname": "INFO", "name": "Trainer", "asctime": "2026-04-29 14:18:21,785", "type": "train", "epoch": 5, "batch": 2119, "n_batches": 7774, "time": 0.732, "data_time": 0.0, "lr": 0.0001, "loss": -9.097, "recon_loss": -9.11, "kld_loss": 0.027, "kld_weight": 0.5}
{"message": "", "levelname": "INFO", "name": "Trainer", "asctime": "2026-04-29 14:18:28,997", "type": "train", "epoch": 5, "batch": 2159, "n_batches": 7774, "time": 0.764, "data_time": 0.0, "lr": 0.0001, "loss": -8.802, "recon_loss": -8.815, "kld_loss": 0.027, "kld_weight": 0.5}
{"message": "", "levelname": "INFO", "name": "Trainer", "asctime": "2026-04-29 14:18:36,493", "type": "train", "epoch": 5, "batch": 2199, "n_batches": 7774, "time": 0.691, "data_time": 0.0, "lr": 0.0001, "loss": -10.368, "recon_loss": -10.382, "kld_loss": 0.027, "kld_weight": 0.5}
{"message": "", "levelname": "INFO", "name": "Trainer", "asctime": "2026-04-29 14:18:43,330", "type": "train", "epoch": 5, "batch": 2239, "n_batches": 7774, "time": 0.534, "data_time": 0.0, "lr": 0.0001, "loss": -10.07, "recon_loss": -10.077, "kld_loss": 0.013, "kld_weight": 0.5}
{"message": "", "levelname": "INFO", "name": "Trainer", "asctime": "2026-04-29 14:18:51,119", "type": "train", "epoch": 5, "batch": 2279, "n_batches": 7774, "time": 0.771, "data_time": 0.0, "lr": 0.0001, "loss": -9.041, "recon_loss": -9.063, "kld_loss": 0.043, "kld_weight": 0.5}
{"message": "", "levelname": "INFO", "name": "Trainer", "asctime": "2026-04-29 14:19:00,019", "type": "train", "epoch": 5, "batch": 2319, "n_batches": 7774, "time": 1.451, "data_time": 0.0, "lr": 0.0001, "loss": -6.359, "recon_loss": -6.384, "kld_loss": 0.049, "kld_weight": 0.5}
{"message": "", "levelname": "INFO", "name": "Trainer", "asctime": "2026-04-29 14:19:07,356", "type": "train", "epoch": 5, "batch": 2359, "n_batches": 7774, "time": 0.552, "data_time": 0.0, "lr": 0.0001, "loss": -6.521, "recon_loss": -6.525, "kld_loss": 0.008, "kld_weight": 0.5}
{"message": "", "levelname": "INFO", "name": "Trainer", "asctime": "2026-04-29 14:19:15,991", "type": "train", "epoch": 5, "batch": 2399, "n_batches": 7774, "time": 0.709, "data_time": 0.0, "lr": 0.0001, "loss": -5.966, "recon_loss": -6.006, "kld_loss": 0.079, "kld_weight": 0.5}
{"message": "", "levelname": "INFO", "name": "Trainer", "asctime": "2026-04-29 14:19:23,632", "type": "train", "epoch": 5, "batch": 2439, "n_batches": 7774, "time": 0.877, "data_time": 0.0, "lr": 0.0001, "loss": -9.009, "recon_loss": -9.019, "kld_loss": 0.02, "kld_weight": 0.5}
{"message": "", "levelname": "INFO", "name": "Trainer", "asctime": "2026-04-29 14:19:33,324", "type": "train", "epoch": 5, "batch": 2479, "n_batches": 7774, "time": 0.62, "data_time": 0.0, "lr": 0.0001, "loss": -7.278, "recon_loss": -7.291, "kld_loss": 0.026, "kld_weight": 0.5}
{"message": "", "levelname": "INFO", "name": "Trainer", "asctime": "2026-04-29 14:19:41,485", "type": "train", "epoch": 5, "batch": 2519, "n_batches": 7774, "time": 0.661, "data_time": 0.0, "lr": 0.0001, "loss": -9.729, "recon_loss": -9.747, "kld_loss": 0.036, "kld_weight": 0.5}
{"message": "", "levelname": "INFO", "name": "Trainer", "asctime": "2026-04-29 14:19:50,348", "type": "train", "epoch": 5, "batch": 2559, "n_batches": 7774, "time": 0.804, "data_time": 0.0, "lr": 0.0001, "loss": -3.949, "recon_loss": -3.986, "kld_loss": 0.074, "kld_weight": 0.5}
{"message": "", "levelname": "INFO", "name": "Trainer", "asctime": "2026-04-29 14:19:59,564", "type": "train", "epoch": 5, "batch": 2599, "n_batches": 7774, "time": 0.591, "data_time": 0.0, "lr": 0.0001, "loss": -5.806, "recon_loss": -5.867, "kld_loss": 0.121, "kld_weight": 0.5}
{"message": "", "levelname": "INFO", "name": "Trainer", "asctime": "2026-04-29 14:20:07,600", "type": "train", "epoch": 5, "batch": 2639, "n_batches": 7774, "time": 0.824, "data_time": 0.0, "lr": 0.0001, "loss": -6.519, "recon_loss": -6.545, "kld_loss": 0.053, "kld_weight": 0.5}
{"message": "", "levelname": "INFO", "name": "Trainer", "asctime": "2026-04-29 14:20:16,761", "type": "train", "epoch": 5, "batch": 2679, "n_batches": 7774, "time": 0.764, "data_time": 0.0, "lr": 0.0001, "loss": -8.837, "recon_loss": -8.843, "kld_loss": 0.012, "kld_weight": 0.5}
{"message": "", "levelname": "INFO", "name": "Trainer", "asctime": "2026-04-29 14:20:25,263", "type": "train", "epoch": 5, "batch": 2719, "n_batches": 7774, "time": 0.644, "data_time": 0.0, "lr": 0.0001, "loss": -9.017, "recon_loss": -9.032, "kld_loss": 0.031, "kld_weight": 0.5}
{"message": "", "levelname": "INFO", "name": "Trainer", "asctime": "2026-04-29 14:20:34,575", "type": "train", "epoch": 5, "batch": 2759, "n_batches": 7774, "time": 0.743, "data_time": 0.0, "lr": 0.0001, "loss": -5.014, "recon_loss": -5.04, "kld_loss": 0.051, "kld_weight": 0.5}
{"message": "", "levelname": "INFO", "name": "Trainer", "asctime": "2026-04-29 14:20:42,112", "type": "train", "epoch": 5, "batch": 2799, "n_batches": 7774, "time": 0.583, "data_time": 0.0, "lr": 0.0001, "loss": -9.632, "recon_loss": -9.637, "kld_loss": 0.011, "kld_weight": 0.5}
{"message": "", "levelname": "INFO", "name": "Trainer", "asctime": "2026-04-29 14:20:50,677", "type": "train", "epoch": 5, "batch": 2839, "n_batches": 7774, "time": 0.776, "data_time": 0.0, "lr": 0.0001, "loss": -8.27, "recon_loss": -8.306, "kld_loss": 0.072, "kld_weight": 0.5}
{"message": "", "levelname": "INFO", "name": "Trainer", "asctime": "2026-04-29 14:20:58,982", "type": "train", "epoch": 5, "batch": 2879, "n_batches": 7774, "time": 0.62, "data_time": 0.0, "lr": 0.0001, "loss": -7.233, "recon_loss": -7.25, "kld_loss": 0.035, "kld_weight": 0.5}
{"message": "", "levelname": "INFO", "name": "Trainer", "asctime": "2026-04-29 14:21:06,948", "type": "train", "epoch": 5, "batch": 2919, "n_batches": 7774, "time": 0.808, "data_time": 0.0, "lr": 0.0001, "loss": -7.372, "recon_loss": -7.384, "kld_loss": 0.023, "kld_weight": 0.5}
{"message": "", "levelname": "INFO", "name": "Trainer", "asctime": "2026-04-29 14:21:15,084", "type": "train", "epoch": 5, "batch": 2959, "n_batches": 7774, "time": 0.584, "data_time": 0.0, "lr": 0.0001, "loss": -9.601, "recon_loss": -9.613, "kld_loss": 0.024, "kld_weight": 0.5}
{"message": "", "levelname": "INFO", "name": "Trainer", "asctime": "2026-04-29 14:21:22,056", "type": "train", "epoch": 5, "batch": 2999, "n_batches": 7774, "time": 0.932, "data_time": 0.0, "lr": 0.0001, "loss": -9.755, "recon_loss": -9.76, "kld_loss": 0.009, "kld_weight": 0.5}
{"message": "", "levelname": "INFO", "name": "Trainer", "asctime": "2026-04-29 14:21:30,688", "type": "train", "epoch": 5, "batch": 3039, "n_batches": 7774, "time": 0.852, "data_time": 0.0, "lr": 0.0001, "loss": -7.861, "recon_loss": -7.879, "kld_loss": 0.036, "kld_weight": 0.5}
{"message": "", "levelname": "INFO", "name": "Trainer", "asctime": "2026-04-29 14:21:39,429", "type": "train", "epoch": 5, "batch": 3079, "n_batches": 7774, "time": 0.572, "data_time": 0.0, "lr": 0.0001, "loss": -8.726, "recon_loss": -8.757, "kld_loss": 0.062, "kld_weight": 0.5}
{"message": "", "levelname": "INFO", "name": "Trainer", "asctime": "2026-04-29 14:21:47,887", "type": "train", "epoch": 5, "batch": 3119, "n_batches": 7774, "time": 0.747, "data_time": 0.0, "lr": 0.0001, "loss": -5.608, "recon_loss": -5.634, "kld_loss": 0.052, "kld_weight": 0.5}
{"message": "", "levelname": "INFO", "name": "Trainer", "asctime": "2026-04-29 14:21:55,331", "type": "train", "epoch": 5, "batch": 3159, "n_batches": 7774, "time": 0.771, "data_time": 0.0, "lr": 0.0001, "loss": -6.045, "recon_loss": -6.07, "kld_loss": 0.051, "kld_weight": 0.5}
{"message": "", "levelname": "INFO", "name": "Trainer", "asctime": "2026-04-29 14:22:03,541", "type": "train", "epoch": 5, "batch": 3199, "n_batches": 7774, "time": 0.632, "data_time": 0.0, "lr": 0.0001, "loss": -3.552, "recon_loss": -3.591, "kld_loss": 0.077, "kld_weight": 0.5}
{"message": "", "levelname": "INFO", "name": "Trainer", "asctime": "2026-04-29 14:22:11,666", "type": "train", "epoch": 5, "batch": 3239, "n_batches": 7774, "time": 1.373, "data_time": 0.0, "lr": 0.0001, "loss": -8.331, "recon_loss": -8.36, "kld_loss": 0.057, "kld_weight": 0.5}
{"message": "", "levelname": "INFO", "name": "Trainer", "asctime": "2026-04-29 14:22:17,679", "type": "train", "epoch": 5, "batch": 3279, "n_batches": 7774, "time": 0.579, "data_time": 0.0, "lr": 0.0001, "loss": -4.297, "recon_loss": -4.317, "kld_loss": 0.041, "kld_weight": 0.5}
{"message": "", "levelname": "INFO", "name": "Trainer", "asctime": "2026-04-29 14:22:25,346", "type": "train", "epoch": 5, "batch": 3319, "n_batches": 7774, "time": 0.83, "data_time": 0.0, "lr": 0.0001, "loss": -8.758, "recon_loss": -8.765, "kld_loss": 0.014, "kld_weight": 0.5}
{"message": "", "levelname": "INFO", "name": "Trainer", "asctime": "2026-04-29 14:22:33,027", "type": "train", "epoch": 5, "batch": 3359, "n_batches": 7774, "time": 0.707, "data_time": 0.0, "lr": 0.0001, "loss": -9.759, "recon_loss": -9.803, "kld_loss": 0.086, "kld_weight": 0.5}
{"message": "", "levelname": "INFO", "name": "Trainer", "asctime": "2026-04-29 14:22:41,052", "type": "train", "epoch": 5, "batch": 3399, "n_batches": 7774, "time": 0.668, "data_time": 0.0, "lr": 0.0001, "loss": -3.403, "recon_loss": -3.523, "kld_loss": 0.24, "kld_weight": 0.5}
{"message": "", "levelname": "INFO", "name": "Trainer", "asctime": "2026-04-29 14:22:48,418", "type": "train", "epoch": 5, "batch": 3439, "n_batches": 7774, "time": 1.398, "data_time": 0.0, "lr": 0.0001, "loss": -2.957, "recon_loss": -2.988, "kld_loss": 0.062, "kld_weight": 0.5}
{"message": "", "levelname": "INFO", "name": "Trainer", "asctime": "2026-04-29 14:22:55,439", "type": "train", "epoch": 5, "batch": 3479, "n_batches": 7774, "time": 0.623, "data_time": 0.0, "lr": 0.0001, "loss": -4.236, "recon_loss": -4.246, "kld_loss": 0.02, "kld_weight": 0.5}
{"message": "", "levelname": "INFO", "name": "Trainer", "asctime": "2026-04-29 14:23:03,446", "type": "train", "epoch": 5, "batch": 3519, "n_batches": 7774, "time": 1.612, "data_time": 0.0, "lr": 0.0001, "loss": -4.152, "recon_loss": -4.193, "kld_loss": 0.083, "kld_weight": 0.5}
{"message": "", "levelname": "INFO", "name": "Trainer", "asctime": "2026-04-29 14:23:10,966", "type": "train", "epoch": 5, "batch": 3559, "n_batches": 7774, "time": 0.934, "data_time": 0.0, "lr": 0.0001, "loss": -7.505, "recon_loss": -7.54, "kld_loss": 0.071, "kld_weight": 0.5}
{"message": "", "levelname": "INFO", "name": "Trainer", "asctime": "2026-04-29 14:23:17,909", "type": "train", "epoch": 5, "batch": 3599, "n_batches": 7774, "time": 0.515, "data_time": 0.0, "lr": 0.0001, "loss": -9.733, "recon_loss": -9.746, "kld_loss": 0.025, "kld_weight": 0.5}
{"message": "", "levelname": "INFO", "name": "Trainer", "asctime": "2026-04-29 14:23:26,899", "type": "train", "epoch": 5, "batch": 3639, "n_batches": 7774, "time": 0.743, "data_time": 0.0, "lr": 0.0001, "loss": -5.763, "recon_loss": -5.77, "kld_loss": 0.015, "kld_weight": 0.5}
{"message": "", "levelname": "INFO", "name": "Trainer", "asctime": "2026-04-29 14:23:34,001", "type": "train", "epoch": 5, "batch": 3679, "n_batches": 7774, "time": 0.853, "data_time": 0.0, "lr": 0.0001, "loss": -8.198, "recon_loss": -8.224, "kld_loss": 0.053, "kld_weight": 0.5}
{"message": "", "levelname": "INFO", "name": "Trainer", "asctime": "2026-04-29 14:23:40,534", "type": "train", "epoch": 5, "batch": 3719, "n_batches": 7774, "time": 0.669, "data_time": 0.0, "lr": 0.0001, "loss": -7.06, "recon_loss": -7.097, "kld_loss": 0.074, "kld_weight": 0.5}
{"message": "", "levelname": "INFO", "name": "Trainer", "asctime": "2026-04-29 14:23:48,792", "type": "train", "epoch": 5, "batch": 3759, "n_batches": 7774, "time": 0.785, "data_time": 0.0, "lr": 0.0001, "loss": -5.711, "recon_loss": -5.755, "kld_loss": 0.089, "kld_weight": 0.5}
{"message": "", "levelname": "INFO", "name": "Trainer", "asctime": "2026-04-29 14:23:56,314", "type": "train", "epoch": 5, "batch": 3799, "n_batches": 7774, "time": 0.612, "data_time": 0.0, "lr": 0.0001, "loss": -5.088, "recon_loss": -5.133, "kld_loss": 0.089, "kld_weight": 0.5}
{"message": "", "levelname": "INFO", "name": "Trainer", "asctime": "2026-04-29 14:24:04,516", "type": "train", "epoch": 5, "batch": 3839, "n_batches": 7774, "time": 0.728, "data_time": 0.0, "lr": 0.0001, "loss": -6.521, "recon_loss": -6.551, "kld_loss": 0.059, "kld_weight": 0.5}
{"message": "", "levelname": "INFO", "name": "Trainer", "asctime": "2026-04-29 14:24:11,208", "type": "train", "epoch": 5, "batch": 3879, "n_batches": 7774, "time": 0.65, "data_time": 0.0, "lr": 0.0001, "loss": -9.361, "recon_loss": -9.37, "kld_loss": 0.017, "kld_weight": 0.5}
{"message": "", "levelname": "INFO", "name": "Trainer", "asctime": "2026-04-29 14:24:20,775", "type": "train", "epoch": 5, "batch": 3919, "n_batches": 7774, "time": 1.355, "data_time": 0.0, "lr": 0.0001, "loss": -8.586, "recon_loss": -8.601, "kld_loss": 0.03, "kld_weight": 0.5}
{"message": "", "levelname": "INFO", "name": "Trainer", "asctime": "2026-04-29 14:24:28,551", "type": "train", "epoch": 5, "batch": 3959, "n_batches": 7774, "time": 0.967, "data_time": 0.0, "lr": 0.0001, "loss": -3.483, "recon_loss": -3.505, "kld_loss": 0.043, "kld_weight": 0.5}
{"message": "", "levelname": "INFO", "name": "Trainer", "asctime": "2026-04-29 14:24:35,472", "type": "train", "epoch": 5, "batch": 3999, "n_batches": 7774, "time": 0.715, "data_time": 0.0, "lr": 0.0001, "loss": -4.73, "recon_loss": -4.796, "kld_loss": 0.13, "kld_weight": 0.5}
{"message": "", "levelname": "INFO", "name": "Trainer", "asctime": "2026-04-29 14:24:42,505", "type": "train", "epoch": 5, "batch": 4039, "n_batches": 7774, "time": 0.548, "data_time": 0.0, "lr": 0.0001, "loss": -10.33, "recon_loss": -10.334, "kld_loss": 0.007, "kld_weight": 0.5}
{"message": "", "levelname": "INFO", "name": "Trainer", "asctime": "2026-04-29 14:24:49,199", "type": "train", "epoch": 5, "batch": 4079, "n_batches": 7774, "time": 0.848, "data_time": 0.0, "lr": 0.0001, "loss": -6.716, "recon_loss": -6.748, "kld_loss": 0.064, "kld_weight": 0.5}
{"message": "", "levelname": "INFO", "name": "Trainer", "asctime": "2026-04-29 14:24:56,463", "type": "train", "epoch": 5, "batch": 4119, "n_batches": 7774, "time": 0.715, "data_time": 0.0, "lr": 0.0001, "loss": -4.451, "recon_loss": -4.461, "kld_loss": 0.018, "kld_weight": 0.5}
{"message": "", "levelname": "INFO", "name": "Trainer", "asctime": "2026-04-29 14:25:05,370", "type": "train", "epoch": 5, "batch": 4159, "n_batches": 7774, "time": 0.709, "data_time": 0.0, "lr": 0.0001, "loss": -3.55, "recon_loss": -3.593, "kld_loss": 0.086, "kld_weight": 0.5}
{"message": "", "levelname": "INFO", "name": "Trainer", "asctime": "2026-04-29 14:25:12,896", "type": "train", "epoch": 5, "batch": 4199, "n_batches": 7774, "time": 0.538, "data_time": 0.0, "lr": 0.0001, "loss": 0.642, "recon_loss": 0.567, "kld_loss": 0.149, "kld_weight": 0.5}
{"message": "", "levelname": "INFO", "name": "Trainer", "asctime": "2026-04-29 14:25:20,497", "type": "train", "epoch": 5, "batch": 4239, "n_batches": 7774, "time": 0.598, "data_time": 0.0, "lr": 0.0001, "loss": -7.284, "recon_loss": -7.303, "kld_loss": 0.038, "kld_weight": 0.5}
{"message": "", "levelname": "INFO", "name": "Trainer", "asctime": "2026-04-29 14:25:27,445", "type": "train", "epoch": 5, "batch": 4279, "n_batches": 7774, "time": 0.792, "data_time": 0.0, "lr": 0.0001, "loss": -4.345, "recon_loss": -4.369, "kld_loss": 0.049, "kld_weight": 0.5}
{"message": "", "levelname": "INFO", "name": "Trainer", "asctime": "2026-04-29 14:25:35,636", "type": "train", "epoch": 5, "batch": 4319, "n_batches": 7774, "time": 0.806, "data_time": 0.0, "lr": 0.0001, "loss": -9.242, "recon_loss": -9.249, "kld_loss": 0.015, "kld_weight": 0.5}
{"message": "", "levelname": "INFO", "name": "Trainer", "asctime": "2026-04-29 14:25:44,589", "type": "train", "epoch": 5, "batch": 4359, "n_batches": 7774, "time": 0.526, "data_time": 0.0, "lr": 0.0001, "loss": -8.831, "recon_loss": -8.844, "kld_loss": 0.027, "kld_weight": 0.5}
{"message": "", "levelname": "INFO", "name": "Trainer", "asctime": "2026-04-29 14:25:53,892", "type": "train", "epoch": 5, "batch": 4399, "n_batches": 7774, "time": 1.538, "data_time": 0.0, "lr": 0.0001, "loss": -8.343, "recon_loss": -8.357, "kld_loss": 0.029, "kld_weight": 0.5}
{"message": "", "levelname": "INFO", "name": "Trainer", "asctime": "2026-04-29 14:26:03,367", "type": "train", "epoch": 5, "batch": 4439, "n_batches": 7774, "time": 0.85, "data_time": 0.0, "lr": 0.0001, "loss": -10.5, "recon_loss": -10.507, "kld_loss": 0.014, "kld_weight": 0.5}
{"message": "", "levelname": "INFO", "name": "Trainer", "asctime": "2026-04-29 14:26:11,593", "type": "train", "epoch": 5, "batch": 4479, "n_batches": 7774, "time": 1.441, "data_time": 0.0, "lr": 0.0001, "loss": -6.912, "recon_loss": -6.94, "kld_loss": 0.054, "kld_weight": 0.5}
{"message": "", "levelname": "INFO", "name": "Trainer", "asctime": "2026-04-29 14:26:18,872", "type": "train", "epoch": 5, "batch": 4519, "n_batches": 7774, "time": 0.458, "data_time": 0.0, "lr": 0.0001, "loss": -8.628, "recon_loss": -8.638, "kld_loss": 0.02, "kld_weight": 0.5}
{"message": "", "levelname": "INFO", "name": "Trainer", "asctime": "2026-04-29 14:26:26,442", "type": "train", "epoch": 5, "batch": 4559, "n_batches": 7774, "time": 0.748, "data_time": 0.0, "lr": 0.0001, "loss": -6.401, "recon_loss": -6.429, "kld_loss": 0.056, "kld_weight": 0.5}
{"message": "", "levelname": "INFO", "name": "Trainer", "asctime": "2026-04-29 14:26:33,395", "type": "train", "epoch": 5, "batch": 4599, "n_batches": 7774, "time": 0.755, "data_time": 0.0, "lr": 0.0001, "loss": -8.504, "recon_loss": -8.517, "kld_loss": 0.024, "kld_weight": 0.5}
{"message": "", "levelname": "INFO", "name": "Trainer", "asctime": "2026-04-29 14:26:42,105", "type": "train", "epoch": 5, "batch": 4639, "n_batches": 7774, "time": 0.468, "data_time": 0.0, "lr": 0.0001, "loss": -9.131, "recon_loss": -9.163, "kld_loss": 0.063, "kld_weight": 0.5}
{"message": "", "levelname": "INFO", "name": "Trainer", "asctime": "2026-04-29 14:26:49,019", "type": "train", "epoch": 5, "batch": 4679, "n_batches": 7774, "time": 0.536, "data_time": 0.0, "lr": 0.0001, "loss": -8.302, "recon_loss": -8.319, "kld_loss": 0.033, "kld_weight": 0.5}
{"message": "", "levelname": "INFO", "name": "Trainer", "asctime": "2026-04-29 14:26:55,915", "type": "train", "epoch": 5, "batch": 4719, "n_batches": 7774, "time": 0.632, "data_time": 0.0, "lr": 0.0001, "loss": -8.915, "recon_loss": -8.942, "kld_loss": 0.054, "kld_weight": 0.5}
{"message": "", "levelname": "INFO", "name": "Trainer", "asctime": "2026-04-29 14:27:03,572", "type": "train", "epoch": 5, "batch": 4759, "n_batches": 7774, "time": 0.773, "data_time": 0.0, "lr": 0.0001, "loss": -5.629, "recon_loss": -5.661, "kld_loss": 0.064, "kld_weight": 0.5}
{"message": "", "levelname": "INFO", "name": "Trainer", "asctime": "2026-04-29 14:27:10,714", "type": "train", "epoch": 5, "batch": 4799, "n_batches": 7774, "time": 0.73, "data_time": 0.0, "lr": 0.0001, "loss": -4.847, "recon_loss": -4.864, "kld_loss": 0.033, "kld_weight": 0.5}
{"message": "", "levelname": "INFO", "name": "Trainer", "asctime": "2026-04-29 14:27:17,349", "type": "train", "epoch": 5, "batch": 4839, "n_batches": 7774, "time": 0.904, "data_time": 0.0, "lr": 0.0001, "loss": -5.912, "recon_loss": -5.944, "kld_loss": 0.065, "kld_weight": 0.5}
{"message": "", "levelname": "INFO", "name": "Trainer", "asctime": "2026-04-29 14:27:23,607", "type": "train", "epoch": 5, "batch": 4879, "n_batches": 7774, "time": 0.768, "data_time": 0.0, "lr": 0.0001, "loss": -6.317, "recon_loss": -6.339, "kld_loss": 0.043, "kld_weight": 0.5}
{"message": "", "levelname": "INFO", "name": "Trainer", "asctime": "2026-04-29 14:27:31,555", "type": "train", "epoch": 5, "batch": 4919, "n_batches": 7774, "time": 0.743, "data_time": 0.0, "lr": 0.0001, "loss": -8.424, "recon_loss": -8.427, "kld_loss": 0.006, "kld_weight": 0.5}
{"message": "", "levelname": "INFO", "name": "Trainer", "asctime": "2026-04-29 14:27:39,984", "type": "train", "epoch": 5, "batch": 4959, "n_batches": 7774, "time": 0.598, "data_time": 0.0, "lr": 0.0001, "loss": -7.303, "recon_loss": -7.314, "kld_loss": 0.022, "kld_weight": 0.5}
{"message": "", "levelname": "INFO", "name": "Trainer", "asctime": "2026-04-29 14:27:46,823", "type": "train", "epoch": 5, "batch": 4999, "n_batches": 7774, "time": 0.669, "data_time": 0.0, "lr": 0.0001, "loss": -1.158, "recon_loss": -1.244, "kld_loss": 0.172, "kld_weight": 0.5}
{"message": "", "levelname": "INFO", "name": "Trainer", "asctime": "2026-04-29 14:27:55,467", "type": "train", "epoch": 5, "batch": 5039, "n_batches": 7774, "time": 0.67, "data_time": 0.0, "lr": 0.0001, "loss": -0.873, "recon_loss": -0.915, "kld_loss": 0.085, "kld_weight": 0.5}
{"message": "", "levelname": "INFO", "name": "Trainer", "asctime": "2026-04-29 14:28:02,415", "type": "train", "epoch": 5, "batch": 5079, "n_batches": 7774, "time": 0.822, "data_time": 0.0, "lr": 0.0001, "loss": -6.581, "recon_loss": -6.612, "kld_loss": 0.061, "kld_weight": 0.5}
{"message": "", "levelname": "INFO", "name": "Trainer", "asctime": "2026-04-29 14:28:10,156", "type": "train", "epoch": 5, "batch": 5119, "n_batches": 7774, "time": 0.704, "data_time": 0.0, "lr": 0.0001, "loss": -7.521, "recon_loss": -7.537, "kld_loss": 0.033, "kld_weight": 0.5}
{"message": "", "levelname": "INFO", "name": "Trainer", "asctime": "2026-04-29 14:28:17,864", "type": "train", "epoch": 5, "batch": 5159, "n_batches": 7774, "time": 1.264, "data_time": 0.0, "lr": 0.0001, "loss": -9.625, "recon_loss": -9.631, "kld_loss": 0.012, "kld_weight": 0.5}
{"message": "", "levelname": "INFO", "name": "Trainer", "asctime": "2026-04-29 14:28:25,609", "type": "train", "epoch": 5, "batch": 5199, "n_batches": 7774, "time": 0.691, "data_time": 0.0, "lr": 0.0001, "loss": -2.711, "recon_loss": -2.755, "kld_loss": 0.089, "kld_weight": 0.5}
{"message": "", "levelname": "INFO", "name": "Trainer", "asctime": "2026-04-29 14:28:32,916", "type": "train", "epoch": 5, "batch": 5239, "n_batches": 7774, "time": 1.307, "data_time": 0.0, "lr": 0.0001, "loss": -8.298, "recon_loss": -8.328, "kld_loss": 0.06, "kld_weight": 0.5}
{"message": "", "levelname": "INFO", "name": "Trainer", "asctime": "2026-04-29 14:28:40,813", "type": "train", "epoch": 5, "batch": 5279, "n_batches": 7774, "time": 0.727, "data_time": 0.0, "lr": 0.0001, "loss": -8.219, "recon_loss": -8.25, "kld_loss": 0.062, "kld_weight": 0.5}
{"message": "", "levelname": "INFO", "name": "Trainer", "asctime": "2026-04-29 14:28:48,574", "type": "train", "epoch": 5, "batch": 5319, "n_batches": 7774, "time": 0.579, "data_time": 0.0, "lr": 0.0001, "loss": -6.724, "recon_loss": -6.739, "kld_loss": 0.028, "kld_weight": 0.5}
{"message": "", "levelname": "INFO", "name": "Trainer", "asctime": "2026-04-29 14:28:55,604", "type": "train", "epoch": 5, "batch": 5359, "n_batches": 7774, "time": 0.561, "data_time": 0.0, "lr": 0.0001, "loss": -4.717, "recon_loss": -4.724, "kld_loss": 0.013, "kld_weight": 0.5}
{"message": "", "levelname": "INFO", "name": "Trainer", "asctime": "2026-04-29 14:29:04,341", "type": "train", "epoch": 5, "batch": 5399, "n_batches": 7774, "time": 1.501, "data_time": 0.0, "lr": 0.0001, "loss": -10.656, "recon_loss": -10.674, "kld_loss": 0.036, "kld_weight": 0.5}
{"message": "", "levelname": "INFO", "name": "Trainer", "asctime": "2026-04-29 14:29:13,454", "type": "train", "epoch": 5, "batch": 5439, "n_batches": 7774, "time": 1.416, "data_time": 0.0, "lr": 0.0001, "loss": -9.088, "recon_loss": -9.107, "kld_loss": 0.039, "kld_weight": 0.5}
{"message": "", "levelname": "INFO", "name": "Trainer", "asctime": "2026-04-29 14:29:22,465", "type": "train", "epoch": 5, "batch": 5479, "n_batches": 7774, "time": 1.042, "data_time": 0.0, "lr": 0.0001, "loss": -3.236, "recon_loss": -3.295, "kld_loss": 0.119, "kld_weight": 0.5}
{"message": "", "levelname": "INFO", "name": "Trainer", "asctime": "2026-04-29 14:29:31,624", "type": "train", "epoch": 5, "batch": 5519, "n_batches": 7774, "time": 1.741, "data_time": 0.0, "lr": 0.0001, "loss": -6.076, "recon_loss": -6.106, "kld_loss": 0.062, "kld_weight": 0.5}
{"message": "", "levelname": "INFO", "name": "Trainer", "asctime": "2026-04-29 14:29:40,685", "type": "train", "epoch": 5, "batch": 5559, "n_batches": 7774, "time": 0.803, "data_time": 0.0, "lr": 0.0001, "loss": -6.687, "recon_loss": -6.7, "kld_loss": 0.026, "kld_weight": 0.5}
{"message": "", "levelname": "INFO", "name": "Trainer", "asctime": "2026-04-29 14:29:48,429", "type": "train", "epoch": 5, "batch": 5599, "n_batches": 7774, "time": 0.77, "data_time": 0.0, "lr": 0.0001, "loss": -10.064, "recon_loss": -10.068, "kld_loss": 0.008, "kld_weight": 0.5}
{"message": "", "levelname": "INFO", "name": "Trainer", "asctime": "2026-04-29 14:29:57,375", "type": "train", "epoch": 5, "batch": 5639, "n_batches": 7774, "time": 0.799, "data_time": 0.0, "lr": 0.0001, "loss": -9.913, "recon_loss": -9.916, "kld_loss": 0.007, "kld_weight": 0.5}
{"message": "", "levelname": "INFO", "name": "Trainer", "asctime": "2026-04-29 14:30:04,468", "type": "train", "epoch": 5, "batch": 5679, "n_batches": 7774, "time": 0.594, "data_time": 0.0, "lr": 0.0001, "loss": -8.437, "recon_loss": -8.447, "kld_loss": 0.02, "kld_weight": 0.5}
{"message": "", "levelname": "INFO", "name": "Trainer", "asctime": "2026-04-29 14:30:11,642", "type": "train", "epoch": 5, "batch": 5719, "n_batches": 7774, "time": 0.935, "data_time": 0.0, "lr": 0.0001, "loss": -9.769, "recon_loss": -9.781, "kld_loss": 0.023, "kld_weight": 0.5}
{"message": "", "levelname": "INFO", "name": "Trainer", "asctime": "2026-04-29 14:30:19,114", "type": "train", "epoch": 5, "batch": 5759, "n_batches": 7774, "time": 0.519, "data_time": 0.0, "lr": 0.0001, "loss": -5.022, "recon_loss": -5.052, "kld_loss": 0.062, "kld_weight": 0.5}
{"message": "", "levelname": "INFO", "name": "Trainer", "asctime": "2026-04-29 14:30:27,872", "type": "train", "epoch": 5, "batch": 5799, "n_batches": 7774, "time": 0.773, "data_time": 0.0, "lr": 0.0001, "loss": -9.119, "recon_loss": -9.125, "kld_loss": 0.013, "kld_weight": 0.5}
{"message": "", "levelname": "INFO", "name": "Trainer", "asctime": "2026-04-29 14:30:36,586", "type": "train", "epoch": 5, "batch": 5839, "n_batches": 7774, "time": 0.953, "data_time": 0.0, "lr": 0.0001, "loss": -7.486, "recon_loss": -7.518, "kld_loss": 0.063, "kld_weight": 0.5}
{"message": "", "levelname": "INFO", "name": "Trainer", "asctime": "2026-04-29 14:30:46,088", "type": "train", "epoch": 5, "batch": 5879, "n_batches": 7774, "time": 1.425, "data_time": 0.0, "lr": 0.0001, "loss": -2.172, "recon_loss": -2.215, "kld_loss": 0.086, "kld_weight": 0.5}
{"message": "", "levelname": "INFO", "name": "Trainer", "asctime": "2026-04-29 14:30:57,160", "type": "train", "epoch": 5, "batch": 5919, "n_batches": 7774, "time": 1.568, "data_time": 0.0, "lr": 0.0001, "loss": -3.969, "recon_loss": -3.984, "kld_loss": 0.029, "kld_weight": 0.5}
{"message": "", "levelname": "INFO", "name": "Trainer", "asctime": "2026-04-29 14:31:07,378", "type": "train", "epoch": 5, "batch": 5959, "n_batches": 7774, "time": 0.817, "data_time": 0.0, "lr": 0.0001, "loss": -9.758, "recon_loss": -9.762, "kld_loss": 0.009, "kld_weight": 0.5}
{"message": "", "levelname": "INFO", "name": "Trainer", "asctime": "2026-04-29 14:31:16,294", "type": "train", "epoch": 5, "batch": 5999, "n_batches": 7774, "time": 0.712, "data_time": 0.0, "lr": 0.0001, "loss": -8.818, "recon_loss": -8.827, "kld_loss": 0.017, "kld_weight": 0.5}
{"message": "", "levelname": "INFO", "name": "Trainer", "asctime": "2026-04-29 14:31:22,880", "type": "train", "epoch": 5, "batch": 6039, "n_batches": 7774, "time": 0.52, "data_time": 0.0, "lr": 0.0001, "loss": -7.412, "recon_loss": -7.415, "kld_loss": 0.006, "kld_weight": 0.5}
{"message": "", "levelname": "INFO", "name": "Trainer", "asctime": "2026-04-29 14:31:32,619", "type": "train", "epoch": 5, "batch": 6079, "n_batches": 7774, "time": 0.539, "data_time": 0.0, "lr": 0.0001, "loss": -5.948, "recon_loss": -5.954, "kld_loss": 0.012, "kld_weight": 0.5}
{"message": "", "levelname": "INFO", "name": "Trainer", "asctime": "2026-04-29 14:31:39,549", "type": "train", "epoch": 5, "batch": 6119, "n_batches": 7774, "time": 0.83, "data_time": 0.0, "lr": 0.0001, "loss": -6.902, "recon_loss": -6.925, "kld_loss": 0.045, "kld_weight": 0.5}
{"message": "", "levelname": "INFO", "name": "Trainer", "asctime": "2026-04-29 14:31:47,967", "type": "train", "epoch": 5, "batch": 6159, "n_batches": 7774, "time": 0.849, "data_time": 0.0, "lr": 0.0001, "loss": -7.081, "recon_loss": -7.086, "kld_loss": 0.012, "kld_weight": 0.5}
{"message": "", "levelname": "INFO", "name": "Trainer", "asctime": "2026-04-29 14:31:57,513", "type": "train", "epoch": 5, "batch": 6199, "n_batches": 7774, "time": 0.839, "data_time": 0.0, "lr": 0.0001, "loss": -8.284, "recon_loss": -8.292, "kld_loss": 0.016, "kld_weight": 0.5}
{"message": "", "levelname": "INFO", "name": "Trainer", "asctime": "2026-04-29 14:32:05,824", "type": "train", "epoch": 5, "batch": 6239, "n_batches": 7774, "time": 1.317, "data_time": 0.0, "lr": 0.0001, "loss": -5.535, "recon_loss": -5.558, "kld_loss": 0.046, "kld_weight": 0.5}
{"message": "", "levelname": "INFO", "name": "Trainer", "asctime": "2026-04-29 14:32:13,163", "type": "train", "epoch": 5, "batch": 6279, "n_batches": 7774, "time": 0.716, "data_time": 0.0, "lr": 0.0001, "loss": -6.458, "recon_loss": -6.475, "kld_loss": 0.034, "kld_weight": 0.5}
{"message": "", "levelname": "INFO", "name": "Trainer", "asctime": "2026-04-29 14:32:20,611", "type": "train", "epoch": 5, "batch": 6319, "n_batches": 7774, "time": 1.434, "data_time": 0.0, "lr": 0.0001, "loss": -8.868, "recon_loss": -8.877, "kld_loss": 0.017, "kld_weight": 0.5}
{"message": "", "levelname": "INFO", "name": "Trainer", "asctime": "2026-04-29 14:32:27,654", "type": "train", "epoch": 5, "batch": 6359, "n_batches": 7774, "time": 0.74, "data_time": 0.0, "lr": 0.0001, "loss": -9.659, "recon_loss": -9.671, "kld_loss": 0.025, "kld_weight": 0.5}
{"message": "", "levelname": "INFO", "name": "Trainer", "asctime": "2026-04-29 14:32:34,512", "type": "train", "epoch": 5, "batch": 6399, "n_batches": 7774, "time": 0.577, "data_time": 0.0, "lr": 0.0001, "loss": -8.698, "recon_loss": -8.72, "kld_loss": 0.044, "kld_weight": 0.5}
{"message": "", "levelname": "INFO", "name": "Trainer", "asctime": "2026-04-29 14:32:42,832", "type": "train", "epoch": 5, "batch": 6439, "n_batches": 7774, "time": 0.807, "data_time": 0.0, "lr": 0.0001, "loss": -7.042, "recon_loss": -7.053, "kld_loss": 0.023, "kld_weight": 0.5}
{"message": "", "levelname": "INFO", "name": "Trainer", "asctime": "2026-04-29 14:32:51,320", "type": "train", "epoch": 5, "batch": 6479, "n_batches": 7774, "time": 1.473, "data_time": 0.0, "lr": 0.0001, "loss": -11.152, "recon_loss": -11.153, "kld_loss": 0.003, "kld_weight": 0.5}
{"message": "", "levelname": "INFO", "name": "Trainer", "asctime": "2026-04-29 14:32:58,211", "type": "train", "epoch": 5, "batch": 6519, "n_batches": 7774, "time": 0.632, "data_time": 0.0, "lr": 0.0001, "loss": -6.039, "recon_loss": -6.047, "kld_loss": 0.016, "kld_weight": 0.5}
{"message": "", "levelname": "INFO", "name": "Trainer", "asctime": "2026-04-29 14:33:06,581", "type": "train", "epoch": 5, "batch": 6559, "n_batches": 7774, "time": 0.816, "data_time": 0.0, "lr": 0.0001, "loss": -5.653, "recon_loss": -5.666, "kld_loss": 0.025, "kld_weight": 0.5}
{"message": "", "levelname": "INFO", "name": "Trainer", "asctime": "2026-04-29 14:33:14,881", "type": "train", "epoch": 5, "batch": 6599, "n_batches": 7774, "time": 1.029, "data_time": 0.0, "lr": 0.0001, "loss": -2.684, "recon_loss": -2.721, "kld_loss": 0.074, "kld_weight": 0.5}
{"message": "", "levelname": "INFO", "name": "Trainer", "asctime": "2026-04-29 14:33:25,560", "type": "train", "epoch": 5, "batch": 6639, "n_batches": 7774, "time": 0.678, "data_time": 0.0, "lr": 0.0001, "loss": -9.941, "recon_loss": -9.948, "kld_loss": 0.015, "kld_weight": 0.5}
{"message": "", "levelname": "INFO", "name": "Trainer", "asctime": "2026-04-29 14:33:34,928", "type": "train", "epoch": 5, "batch": 6679, "n_batches": 7774, "time": 0.764, "data_time": 0.0, "lr": 0.0001, "loss": -5.202, "recon_loss": -5.222, "kld_loss": 0.04, "kld_weight": 0.5}
{"message": "", "levelname": "INFO", "name": "Trainer", "asctime": "2026-04-29 14:33:42,798", "type": "train", "epoch": 5, "batch": 6719, "n_batches": 7774, "time": 0.754, "data_time": 0.0, "lr": 0.0001, "loss": -10.122, "recon_loss": -10.129, "kld_loss": 0.015, "kld_weight": 0.5}
{"message": "", "levelname": "INFO", "name": "Trainer", "asctime": "2026-04-29 14:33:50,859", "type": "train", "epoch": 5, "batch": 6759, "n_batches": 7774, "time": 0.821, "data_time": 0.0, "lr": 0.0001, "loss": -8.393, "recon_loss": -8.402, "kld_loss": 0.019, "kld_weight": 0.5}
{"message": "", "levelname": "INFO", "name": "Trainer", "asctime": "2026-04-29 14:33:57,878", "type": "train", "epoch": 5, "batch": 6799, "n_batches": 7774, "time": 0.773, "data_time": 0.0, "lr": 0.0001, "loss": -0.574, "recon_loss": -0.686, "kld_loss": 0.224, "kld_weight": 0.5}
{"message": "", "levelname": "INFO", "name": "Trainer", "asctime": "2026-04-29 14:34:06,766", "type": "train", "epoch": 5, "batch": 6839, "n_batches": 7774, "time": 1.091, "data_time": 0.0, "lr": 0.0001, "loss": -8.175, "recon_loss": -8.189, "kld_loss": 0.028, "kld_weight": 0.5}
{"message": "", "levelname": "INFO", "name": "Trainer", "asctime": "2026-04-29 14:34:14,622", "type": "train", "epoch": 5, "batch": 6879, "n_batches": 7774, "time": 0.558, "data_time": 0.0, "lr": 0.0001, "loss": -9.726, "recon_loss": -9.73, "kld_loss": 0.01, "kld_weight": 0.5}
{"message": "", "levelname": "INFO", "name": "Trainer", "asctime": "2026-04-29 14:34:24,268", "type": "train", "epoch": 5, "batch": 6919, "n_batches": 7774, "time": 1.006, "data_time": 0.0, "lr": 0.0001, "loss": -6.411, "recon_loss": -6.438, "kld_loss": 0.054, "kld_weight": 0.5}
{"message": "", "levelname": "INFO", "name": "Trainer", "asctime": "2026-04-29 14:34:34,371", "type": "train", "epoch": 5, "batch": 6959, "n_batches": 7774, "time": 0.787, "data_time": 0.0, "lr": 0.0001, "loss": -10.354, "recon_loss": -10.361, "kld_loss": 0.014, "kld_weight": 0.5}
{"message": "", "levelname": "INFO", "name": "Trainer", "asctime": "2026-04-29 14:34:43,255", "type": "train", "epoch": 5, "batch": 6999, "n_batches": 7774, "time": 0.789, "data_time": 0.0, "lr": 0.0001, "loss": -4.896, "recon_loss": -4.91, "kld_loss": 0.028, "kld_weight": 0.5}
{"message": "", "levelname": "INFO", "name": "Trainer", "asctime": "2026-04-29 14:34:51,314", "type": "train", "epoch": 5, "batch": 7039, "n_batches": 7774, "time": 0.833, "data_time": 0.0, "lr": 0.0001, "loss": -4.673, "recon_loss": -4.723, "kld_loss": 0.101, "kld_weight": 0.5}
{"message": "", "levelname": "INFO", "name": "Trainer", "asctime": "2026-04-29 14:34:59,562", "type": "train", "epoch": 5, "batch": 7079, "n_batches": 7774, "time": 0.84, "data_time": 0.0, "lr": 0.0001, "loss": -8.187, "recon_loss": -8.197, "kld_loss": 0.019, "kld_weight": 0.5}
{"message": "", "levelname": "INFO", "name": "Trainer", "asctime": "2026-04-29 14:35:09,032", "type": "train", "epoch": 5, "batch": 7119, "n_batches": 7774, "time": 0.742, "data_time": 0.0, "lr": 0.0001, "loss": -7.653, "recon_loss": -7.674, "kld_loss": 0.042, "kld_weight": 0.5}
{"message": "", "levelname": "INFO", "name": "Trainer", "asctime": "2026-04-29 14:35:17,763", "type": "train", "epoch": 5, "batch": 7159, "n_batches": 7774, "time": 0.749, "data_time": 0.0, "lr": 0.0001, "loss": -5.667, "recon_loss": -5.68, "kld_loss": 0.027, "kld_weight": 0.5}
{"message": "", "levelname": "INFO", "name": "Trainer", "asctime": "2026-04-29 14:35:28,415", "type": "train", "epoch": 5, "batch": 7199, "n_batches": 7774, "time": 1.126, "data_time": 0.0, "lr": 0.0001, "loss": -4.927, "recon_loss": -4.941, "kld_loss": 0.027, "kld_weight": 0.5}
{"message": "", "levelname": "INFO", "name": "Trainer", "asctime": "2026-04-29 14:35:35,923", "type": "train", "epoch": 5, "batch": 7239, "n_batches": 7774, "time": 0.666, "data_time": 0.0, "lr": 0.0001, "loss": -8.036, "recon_loss": -8.054, "kld_loss": 0.036, "kld_weight": 0.5}
{"message": "", "levelname": "INFO", "name": "Trainer", "asctime": "2026-04-29 14:35:43,151", "type": "train", "epoch": 5, "batch": 7279, "n_batches": 7774, "time": 0.828, "data_time": 0.0, "lr": 0.0001, "loss": -7.866, "recon_loss": -7.869, "kld_loss": 0.006, "kld_weight": 0.5}
{"message": "", "levelname": "INFO", "name": "Trainer", "asctime": "2026-04-29 14:35:51,272", "type": "train", "epoch": 5, "batch": 7319, "n_batches": 7774, "time": 0.618, "data_time": 0.0, "lr": 0.0001, "loss": -5.326, "recon_loss": -5.354, "kld_loss": 0.056, "kld_weight": 0.5}
{"message": "", "levelname": "INFO", "name": "Trainer", "asctime": "2026-04-29 14:35:58,903", "type": "train", "epoch": 5, "batch": 7359, "n_batches": 7774, "time": 1.349, "data_time": 0.0, "lr": 0.0001, "loss": -7.591, "recon_loss": -7.602, "kld_loss": 0.022, "kld_weight": 0.5}
{"message": "", "levelname": "INFO", "name": "Trainer", "asctime": "2026-04-29 14:36:07,869", "type": "train", "epoch": 5, "batch": 7399, "n_batches": 7774, "time": 0.599, "data_time": 0.0, "lr": 0.0001, "loss": -6.975, "recon_loss": -6.998, "kld_loss": 0.046, "kld_weight": 0.5}
{"message": "", "levelname": "INFO", "name": "Trainer", "asctime": "2026-04-29 14:36:15,565", "type": "train", "epoch": 5, "batch": 7439, "n_batches": 7774, "time": 0.804, "data_time": 0.0, "lr": 0.0001, "loss": -2.085, "recon_loss": -2.101, "kld_loss": 0.033, "kld_weight": 0.5}
{"message": "", "levelname": "INFO", "name": "Trainer", "asctime": "2026-04-29 14:36:22,882", "type": "train", "epoch": 5, "batch": 7479, "n_batches": 7774, "time": 0.678, "data_time": 0.0, "lr": 0.0001, "loss": -8.601, "recon_loss": -8.61, "kld_loss": 0.019, "kld_weight": 0.5}
{"message": "", "levelname": "INFO", "name": "Trainer", "asctime": "2026-04-29 14:36:30,458", "type": "train", "epoch": 5, "batch": 7519, "n_batches": 7774, "time": 0.774, "data_time": 0.0, "lr": 0.0001, "loss": -10.103, "recon_loss": -10.106, "kld_loss": 0.006, "kld_weight": 0.5}
{"message": "", "levelname": "INFO", "name": "Trainer", "asctime": "2026-04-29 14:36:38,410", "type": "train", "epoch": 5, "batch": 7559, "n_batches": 7774, "time": 0.704, "data_time": 0.0, "lr": 0.0001, "loss": -8.383, "recon_loss": -8.393, "kld_loss": 0.02, "kld_weight": 0.5}
{"message": "", "levelname": "INFO", "name": "Trainer", "asctime": "2026-04-29 14:36:45,233", "type": "train", "epoch": 5, "batch": 7599, "n_batches": 7774, "time": 0.682, "data_time": 0.0, "lr": 0.0001, "loss": -8.969, "recon_loss": -8.984, "kld_loss": 0.03, "kld_weight": 0.5}
{"message": "", "levelname": "INFO", "name": "Trainer", "asctime": "2026-04-29 14:36:51,587", "type": "train", "epoch": 5, "batch": 7639, "n_batches": 7774, "time": 0.614, "data_time": 0.0, "lr": 0.0001, "loss": -9.12, "recon_loss": -9.125, "kld_loss": 0.011, "kld_weight": 0.5}
{"message": "", "levelname": "INFO", "name": "Trainer", "asctime": "2026-04-29 14:37:00,576", "type": "train", "epoch": 5, "batch": 7679, "n_batches": 7774, "time": 1.03, "data_time": 0.0, "lr": 0.0001, "loss": -7.803, "recon_loss": -7.816, "kld_loss": 0.026, "kld_weight": 0.5}
{"message": "", "levelname": "INFO", "name": "Trainer", "asctime": "2026-04-29 14:37:10,375", "type": "train", "epoch": 5, "batch": 7719, "n_batches": 7774, "time": 0.608, "data_time": 0.0, "lr": 0.0001, "loss": -6.725, "recon_loss": -6.765, "kld_loss": 0.08, "kld_weight": 0.5}
{"message": "", "levelname": "INFO", "name": "Trainer", "asctime": "2026-04-29 14:37:17,497", "type": "train", "epoch": 5, "batch": 7759, "n_batches": 7774, "time": 1.264, "data_time": 0.0, "lr": 0.0001, "loss": -9.808, "recon_loss": -9.823, "kld_loss": 0.031, "kld_weight": 0.5}
{"message": "", "levelname": "INFO", "name": "Trainer", "asctime": "2026-04-29 14:37:20,770", "type": "train-epoch", "epoch": 6, "loss": -1.71856, "recon_loss": -1.72543, "kld_loss": 0.01374, "kld_weight": 0.5, "time": 1573.6}
{"message": "", "levelname": "INFO", "name": "Trainer", "asctime": "2026-04-29 14:40:09,991", "type": "val-epoch", "epoch": 6, "loss": -1.824, "test_loss": -1.772, "recon_loss": -1.829, "kld_loss": 0.01, "kld_weight": 0.5, "note": "loss is teacher-forced CVAE objective; test_loss is prior-only reconstruction", "time": 169.2}
{"message": "", "levelname": "INFO", "name": "Trainer", "asctime": "2026-04-29 14:40:17,741", "type": "train", "epoch": 6, "batch": 39, "n_batches": 7774, "time": 0.703, "data_time": 0.0, "lr": 0.0001, "loss": -10.996, "recon_loss": -11.006, "kld_loss": 0.02, "kld_weight": 0.5}
{"message": "", "levelname": "INFO", "name": "Trainer", "asctime": "2026-04-29 14:40:25,404", "type": "train", "epoch": 6, "batch": 79, "n_batches": 7774, "time": 1.294, "data_time": 0.0, "lr": 0.0001, "loss": -6.942, "recon_loss": -6.952, "kld_loss": 0.021, "kld_weight": 0.5}
{"message": "", "levelname": "INFO", "name": "Trainer", "asctime": "2026-04-29 14:40:34,346", "type": "train", "epoch": 6, "batch": 119, "n_batches": 7774, "time": 0.859, "data_time": 0.0, "lr": 0.0001, "loss": -5.689, "recon_loss": -5.724, "kld_loss": 0.068, "kld_weight": 0.5}
{"message": "", "levelname": "INFO", "name": "Trainer", "asctime": "2026-04-29 14:40:43,045", "type": "train", "epoch": 6, "batch": 159, "n_batches": 7774, "time": 0.574, "data_time": 0.0, "lr": 0.0001, "loss": -1.008, "recon_loss": -1.066, "kld_loss": 0.115, "kld_weight": 0.5}
{"message": "", "levelname": "INFO", "name": "Trainer", "asctime": "2026-04-29 14:40:50,182", "type": "train", "epoch": 6, "batch": 199, "n_batches": 7774, "time": 0.569, "data_time": 0.0, "lr": 0.0001, "loss": -9.323, "recon_loss": -9.345, "kld_loss": 0.045, "kld_weight": 0.5}
{"message": "", "levelname": "INFO", "name": "Trainer", "asctime": "2026-04-29 14:40:56,140", "type": "train", "epoch": 6, "batch": 239, "n_batches": 7774, "time": 0.708, "data_time": 0.0, "lr": 0.0001, "loss": -2.25, "recon_loss": -2.296, "kld_loss": 0.092, "kld_weight": 0.5}
{"message": "", "levelname": "INFO", "name": "Trainer", "asctime": "2026-04-29 14:41:04,180", "type": "train", "epoch": 6, "batch": 279, "n_batches": 7774, "time": 0.698, "data_time": 0.0, "lr": 0.0001, "loss": -9.248, "recon_loss": -9.261, "kld_loss": 0.027, "kld_weight": 0.5}
{"message": "", "levelname": "INFO", "name": "Trainer", "asctime": "2026-04-29 14:41:12,396", "type": "train", "epoch": 6, "batch": 319, "n_batches": 7774, "time": 0.935, "data_time": 0.0, "lr": 0.0001, "loss": -1.804, "recon_loss": -1.834, "kld_loss": 0.06, "kld_weight": 0.5}
{"message": "", "levelname": "INFO", "name": "Trainer", "asctime": "2026-04-29 14:41:21,198", "type": "train", "epoch": 6, "batch": 359, "n_batches": 7774, "time": 0.686, "data_time": 0.0, "lr": 0.0001, "loss": -7.592, "recon_loss": -7.602, "kld_loss": 0.02, "kld_weight": 0.5}
{"message": "", "levelname": "INFO", "name": "Trainer", "asctime": "2026-04-29 14:41:28,340", "type": "train", "epoch": 6, "batch": 399, "n_batches": 7774, "time": 0.755, "data_time": 0.0, "lr": 0.0001, "loss": -6.309, "recon_loss": -6.32, "kld_loss": 0.021, "kld_weight": 0.5}
{"message": "", "levelname": "INFO", "name": "Trainer", "asctime": "2026-04-29 14:41:36,325", "type": "train", "epoch": 6, "batch": 439, "n_batches": 7774, "time": 0.694, "data_time": 0.0, "lr": 0.0001, "loss": -1.162, "recon_loss": -1.262, "kld_loss": 0.2, "kld_weight": 0.5}
{"message": "", "levelname": "INFO", "name": "Trainer", "asctime": "2026-04-29 14:41:43,040", "type": "train", "epoch": 6, "batch": 479, "n_batches": 7774, "time": 0.531, "data_time": 0.0, "lr": 0.0001, "loss": -9.224, "recon_loss": -9.231, "kld_loss": 0.013, "kld_weight": 0.5}
{"message": "", "levelname": "INFO", "name": "Trainer", "asctime": "2026-04-29 14:41:51,119", "type": "train", "epoch": 6, "batch": 519, "n_batches": 7774, "time": 0.635, "data_time": 0.0, "lr": 0.0001, "loss": -9.09, "recon_loss": -9.093, "kld_loss": 0.005, "kld_weight": 0.5}
{"message": "", "levelname": "INFO", "name": "Trainer", "asctime": "2026-04-29 14:41:58,006", "type": "train", "epoch": 6, "batch": 559, "n_batches": 7774, "time": 0.707, "data_time": 0.0, "lr": 0.0001, "loss": -10.835, "recon_loss": -10.843, "kld_loss": 0.016, "kld_weight": 0.5}
{"message": "", "levelname": "INFO", "name": "Trainer", "asctime": "2026-04-29 14:42:06,390", "type": "train", "epoch": 6, "batch": 599, "n_batches": 7774, "time": 0.769, "data_time": 0.0, "lr": 0.0001, "loss": -10.051, "recon_loss": -10.059, "kld_loss": 0.015, "kld_weight": 0.5}
{"message": "", "levelname": "INFO", "name": "Trainer", "asctime": "2026-04-29 14:42:14,020", "type": "train", "epoch": 6, "batch": 639, "n_batches": 7774, "time": 0.677, "data_time": 0.0, "lr": 0.0001, "loss": -8.969, "recon_loss": -8.978, "kld_loss": 0.019, "kld_weight": 0.5}
{"message": "", "levelname": "INFO", "name": "Trainer", "asctime": "2026-04-29 14:42:23,057", "type": "train", "epoch": 6, "batch": 679, "n_batches": 7774, "time": 1.616, "data_time": 0.0, "lr": 0.0001, "loss": -8.704, "recon_loss": -8.71, "kld_loss": 0.013, "kld_weight": 0.5}
{"message": "", "levelname": "INFO", "name": "Trainer", "asctime": "2026-04-29 14:42:30,673", "type": "train", "epoch": 6, "batch": 719, "n_batches": 7774, "time": 0.715, "data_time": 0.0, "lr": 0.0001, "loss": -7.65, "recon_loss": -7.655, "kld_loss": 0.01, "kld_weight": 0.5}
{"message": "", "levelname": "INFO", "name": "Trainer", "asctime": "2026-04-29 14:42:38,039", "type": "train", "epoch": 6, "batch": 759, "n_batches": 7774, "time": 0.709, "data_time": 0.0, "lr": 0.0001, "loss": -7.599, "recon_loss": -7.627, "kld_loss": 0.057, "kld_weight": 0.5}
{"message": "", "levelname": "INFO", "name": "Trainer", "asctime": "2026-04-29 14:42:45,523", "type": "train", "epoch": 6, "batch": 799, "n_batches": 7774, "time": 0.867, "data_time": 0.0, "lr": 0.0001, "loss": -7.501, "recon_loss": -7.519, "kld_loss": 0.036, "kld_weight": 0.5}
{"message": "", "levelname": "INFO", "name": "Trainer", "asctime": "2026-04-29 14:42:53,354", "type": "train", "epoch": 6, "batch": 839, "n_batches": 7774, "time": 0.577, "data_time": 0.0, "lr": 0.0001, "loss": -8.29, "recon_loss": -8.302, "kld_loss": 0.023, "kld_weight": 0.5}
{"message": "", "levelname": "INFO", "name": "Trainer", "asctime": "2026-04-29 14:43:03,453", "type": "train", "epoch": 6, "batch": 879, "n_batches": 7774, "time": 0.806, "data_time": 0.0, "lr": 0.0001, "loss": -9.651, "recon_loss": -9.655, "kld_loss": 0.008, "kld_weight": 0.5}
{"message": "", "levelname": "INFO", "name": "Trainer", "asctime": "2026-04-29 14:43:11,163", "type": "train", "epoch": 6, "batch": 919, "n_batches": 7774, "time": 0.696, "data_time": 0.0, "lr": 0.0001, "loss": -6.643, "recon_loss": -6.689, "kld_loss": 0.091, "kld_weight": 0.5}
{"message": "", "levelname": "INFO", "name": "Trainer", "asctime": "2026-04-29 14:43:17,859", "type": "train", "epoch": 6, "batch": 959, "n_batches": 7774, "time": 0.863, "data_time": 0.0, "lr": 0.0001, "loss": -7.952, "recon_loss": -7.967, "kld_loss": 0.03, "kld_weight": 0.5}
{"message": "", "levelname": "INFO", "name": "Trainer", "asctime": "2026-04-29 14:43:26,453", "type": "train", "epoch": 6, "batch": 999, "n_batches": 7774, "time": 0.592, "data_time": 0.0, "lr": 0.0001, "loss": -6.534, "recon_loss": -6.543, "kld_loss": 0.019, "kld_weight": 0.5}
{"message": "", "levelname": "INFO", "name": "Trainer", "asctime": "2026-04-29 14:43:32,732", "type": "train", "epoch": 6, "batch": 1039, "n_batches": 7774, "time": 0.512, "data_time": 0.0, "lr": 0.0001, "loss": -7.157, "recon_loss": -7.189, "kld_loss": 0.064, "kld_weight": 0.5}
{"message": "", "levelname": "INFO", "name": "Trainer", "asctime": "2026-04-29 14:43:41,866", "type": "train", "epoch": 6, "batch": 1079, "n_batches": 7774, "time": 1.001, "data_time": 0.0, "lr": 0.0001, "loss": -9.544, "recon_loss": -9.553, "kld_loss": 0.018, "kld_weight": 0.5}
{"message": "", "levelname": "INFO", "name": "Trainer", "asctime": "2026-04-29 14:43:48,797", "type": "train", "epoch": 6, "batch": 1119, "n_batches": 7774, "time": 0.596, "data_time": 0.0, "lr": 0.0001, "loss": -6.312, "recon_loss": -6.333, "kld_loss": 0.042, "kld_weight": 0.5}
{"message": "", "levelname": "INFO", "name": "Trainer", "asctime": "2026-04-29 14:43:56,290", "type": "train", "epoch": 6, "batch": 1159, "n_batches": 7774, "time": 0.864, "data_time": 0.0, "lr": 0.0001, "loss": -8.669, "recon_loss": -8.679, "kld_loss": 0.019, "kld_weight": 0.5}
{"message": "", "levelname": "INFO", "name": "Trainer", "asctime": "2026-04-29 14:44:03,782", "type": "train", "epoch": 6, "batch": 1199, "n_batches": 7774, "time": 0.801, "data_time": 0.0, "lr": 0.0001, "loss": -9.233, "recon_loss": -9.242, "kld_loss": 0.018, "kld_weight": 0.5}
{"message": "", "levelname": "INFO", "name": "Trainer", "asctime": "2026-04-29 14:44:10,709", "type": "train", "epoch": 6, "batch": 1239, "n_batches": 7774, "time": 0.613, "data_time": 0.0, "lr": 0.0001, "loss": -9.469, "recon_loss": -9.485, "kld_loss": 0.031, "kld_weight": 0.5}
{"message": "", "levelname": "INFO", "name": "Trainer", "asctime": "2026-04-29 14:44:18,756", "type": "train", "epoch": 6, "batch": 1279, "n_batches": 7774, "time": 0.581, "data_time": 0.0, "lr": 0.0001, "loss": -0.422, "recon_loss": -0.465, "kld_loss": 0.086, "kld_weight": 0.5}
{"message": "", "levelname": "INFO", "name": "Trainer", "asctime": "2026-04-29 14:44:26,980", "type": "train", "epoch": 6, "batch": 1319, "n_batches": 7774, "time": 0.837, "data_time": 0.0, "lr": 0.0001, "loss": -6.954, "recon_loss": -6.958, "kld_loss": 0.008, "kld_weight": 0.5}
{"message": "", "levelname": "INFO", "name": "Trainer", "asctime": "2026-04-29 14:44:35,678", "type": "train", "epoch": 6, "batch": 1359, "n_batches": 7774, "time": 1.6, "data_time": 0.0, "lr": 0.0001, "loss": -3.732, "recon_loss": -3.859, "kld_loss": 0.255, "kld_weight": 0.5}
{"message": "", "levelname": "INFO", "name": "Trainer", "asctime": "2026-04-29 14:44:42,061", "type": "train", "epoch": 6, "batch": 1399, "n_batches": 7774, "time": 0.71, "data_time": 0.0, "lr": 0.0001, "loss": -9.603, "recon_loss": -9.615, "kld_loss": 0.023, "kld_weight": 0.5}
{"message": "", "levelname": "INFO", "name": "Trainer", "asctime": "2026-04-29 14:44:50,004", "type": "train", "epoch": 6, "batch": 1439, "n_batches": 7774, "time": 1.437, "data_time": 0.0, "lr": 0.0001, "loss": -7.065, "recon_loss": -7.074, "kld_loss": 0.017, "kld_weight": 0.5}
{"message": "", "levelname": "INFO", "name": "Trainer", "asctime": "2026-04-29 14:44:56,436", "type": "train", "epoch": 6, "batch": 1479, "n_batches": 7774, "time": 0.637, "data_time": 0.0, "lr": 0.0001, "loss": -7.596, "recon_loss": -7.608, "kld_loss": 0.024, "kld_weight": 0.5}
{"message": "", "levelname": "INFO", "name": "Trainer", "asctime": "2026-04-29 14:45:04,707", "type": "train", "epoch": 6, "batch": 1519, "n_batches": 7774, "time": 0.687, "data_time": 0.0, "lr": 0.0001, "loss": -9.014, "recon_loss": -9.018, "kld_loss": 0.007, "kld_weight": 0.5}
{"message": "", "levelname": "INFO", "name": "Trainer", "asctime": "2026-04-29 14:45:11,651", "type": "train", "epoch": 6, "batch": 1559, "n_batches": 7774, "time": 0.564, "data_time": 0.0, "lr": 0.0001, "loss": -5.605, "recon_loss": -5.638, "kld_loss": 0.065, "kld_weight": 0.5}
{"message": "", "levelname": "INFO", "name": "Trainer", "asctime": "2026-04-29 14:45:18,692", "type": "train", "epoch": 6, "batch": 1599, "n_batches": 7774, "time": 0.636, "data_time": 0.0, "lr": 0.0001, "loss": -4.306, "recon_loss": -4.323, "kld_loss": 0.035, "kld_weight": 0.5}
{"message": "", "levelname": "INFO", "name": "Trainer", "asctime": "2026-04-29 14:45:26,502", "type": "train", "epoch": 6, "batch": 1639, "n_batches": 7774, "time": 0.656, "data_time": 0.0, "lr": 0.0001, "loss": -8.159, "recon_loss": -8.186, "kld_loss": 0.054, "kld_weight": 0.5}
{"message": "", "levelname": "INFO", "name": "Trainer", "asctime": "2026-04-29 14:45:33,662", "type": "train", "epoch": 6, "batch": 1679, "n_batches": 7774, "time": 0.6, "data_time": 0.0, "lr": 0.0001, "loss": -8.759, "recon_loss": -8.775, "kld_loss": 0.031, "kld_weight": 0.5}
{"message": "", "levelname": "INFO", "name": "Trainer", "asctime": "2026-04-29 14:45:41,774", "type": "train", "epoch": 6, "batch": 1719, "n_batches": 7774, "time": 0.779, "data_time": 0.0, "lr": 0.0001, "loss": -5.479, "recon_loss": -5.501, "kld_loss": 0.045, "kld_weight": 0.5}
{"message": "", "levelname": "INFO", "name": "Trainer", "asctime": "2026-04-29 14:45:50,442", "type": "train", "epoch": 6, "batch": 1759, "n_batches": 7774, "time": 0.831, "data_time": 0.0, "lr": 0.0001, "loss": -7.323, "recon_loss": -7.328, "kld_loss": 0.011, "kld_weight": 0.5}
{"message": "", "levelname": "INFO", "name": "Trainer", "asctime": "2026-04-29 14:46:00,077", "type": "train", "epoch": 6, "batch": 1799, "n_batches": 7774, "time": 0.941, "data_time": 0.0, "lr": 0.0001, "loss": -9.8, "recon_loss": -9.807, "kld_loss": 0.014, "kld_weight": 0.5}
{"message": "", "levelname": "INFO", "name": "Trainer", "asctime": "2026-04-29 14:46:07,853", "type": "train", "epoch": 6, "batch": 1839, "n_batches": 7774, "time": 0.61, "data_time": 0.0, "lr": 0.0001, "loss": -4.555, "recon_loss": -4.567, "kld_loss": 0.025, "kld_weight": 0.5}
{"message": "", "levelname": "INFO", "name": "Trainer", "asctime": "2026-04-29 14:46:15,342", "type": "train", "epoch": 6, "batch": 1879, "n_batches": 7774, "time": 0.613, "data_time": 0.0, "lr": 0.0001, "loss": -8.715, "recon_loss": -8.729, "kld_loss": 0.027, "kld_weight": 0.5}
{"message": "", "levelname": "INFO", "name": "Trainer", "asctime": "2026-04-29 14:46:23,165", "type": "train", "epoch": 6, "batch": 1919, "n_batches": 7774, "time": 0.715, "data_time": 0.0, "lr": 0.0001, "loss": -9.465, "recon_loss": -9.47, "kld_loss": 0.011, "kld_weight": 0.5}
{"message": "", "levelname": "INFO", "name": "Trainer", "asctime": "2026-04-29 14:46:30,856", "type": "train", "epoch": 6, "batch": 1959, "n_batches": 7774, "time": 0.779, "data_time": 0.0, "lr": 0.0001, "loss": -7.702, "recon_loss": -7.708, "kld_loss": 0.012, "kld_weight": 0.5}
{"message": "", "levelname": "INFO", "name": "Trainer", "asctime": "2026-04-29 14:46:39,394", "type": "train", "epoch": 6, "batch": 1999, "n_batches": 7774, "time": 0.652, "data_time": 0.0, "lr": 0.0001, "loss": -7.382, "recon_loss": -7.396, "kld_loss": 0.029, "kld_weight": 0.5}
{"message": "", "levelname": "INFO", "name": "Trainer", "asctime": "2026-04-29 14:46:47,046", "type": "train", "epoch": 6, "batch": 2039, "n_batches": 7774, "time": 0.528, "data_time": 0.0, "lr": 0.0001, "loss": -8.954, "recon_loss": -8.961, "kld_loss": 0.014, "kld_weight": 0.5}
{"message": "", "levelname": "INFO", "name": "Trainer", "asctime": "2026-04-29 14:46:55,656", "type": "train", "epoch": 6, "batch": 2079, "n_batches": 7774, "time": 0.905, "data_time": 0.0, "lr": 0.0001, "loss": -6.946, "recon_loss": -6.954, "kld_loss": 0.015, "kld_weight": 0.5}
{"message": "", "levelname": "INFO", "name": "Trainer", "asctime": "2026-04-29 14:47:04,410", "type": "train", "epoch": 6, "batch": 2119, "n_batches": 7774, "time": 0.819, "data_time": 0.0, "lr": 0.0001, "loss": -5.171, "recon_loss": -5.187, "kld_loss": 0.032, "kld_weight": 0.5}
{"message": "", "levelname": "INFO", "name": "Trainer", "asctime": "2026-04-29 14:47:12,616", "type": "train", "epoch": 6, "batch": 2159, "n_batches": 7774, "time": 0.739, "data_time": 0.0, "lr": 0.0001, "loss": -9.244, "recon_loss": -9.252, "kld_loss": 0.016, "kld_weight": 0.5}
{"message": "", "levelname": "INFO", "name": "Trainer", "asctime": "2026-04-29 14:47:20,011", "type": "train", "epoch": 6, "batch": 2199, "n_batches": 7774, "time": 0.737, "data_time": 0.0, "lr": 0.0001, "loss": -9.248, "recon_loss": -9.253, "kld_loss": 0.01, "kld_weight": 0.5}
{"message": "", "levelname": "INFO", "name": "Trainer", "asctime": "2026-04-29 14:47:29,830", "type": "train", "epoch": 6, "batch": 2239, "n_batches": 7774, "time": 0.831, "data_time": 0.0, "lr": 0.0001, "loss": -10.594, "recon_loss": -10.599, "kld_loss": 0.009, "kld_weight": 0.5}
{"message": "", "levelname": "INFO", "name": "Trainer", "asctime": "2026-04-29 14:47:38,148", "type": "train", "epoch": 6, "batch": 2279, "n_batches": 7774, "time": 0.819, "data_time": 0.0, "lr": 0.0001, "loss": -11.184, "recon_loss": -11.186, "kld_loss": 0.005, "kld_weight": 0.5}
{"message": "", "levelname": "INFO", "name": "Trainer", "asctime": "2026-04-29 14:47:45,812", "type": "train", "epoch": 6, "batch": 2319, "n_batches": 7774, "time": 0.599, "data_time": 0.0, "lr": 0.0001, "loss": -4.834, "recon_loss": -4.844, "kld_loss": 0.021, "kld_weight": 0.5}
{"message": "", "levelname": "INFO", "name": "Trainer", "asctime": "2026-04-29 14:47:52,799", "type": "train", "epoch": 6, "batch": 2359, "n_batches": 7774, "time": 0.384, "data_time": 0.0, "lr": 0.0001, "loss": -4.245, "recon_loss": -4.287, "kld_loss": 0.085, "kld_weight": 0.5}
{"message": "", "levelname": "INFO", "name": "Trainer", "asctime": "2026-04-29 14:48:01,621", "type": "train", "epoch": 6, "batch": 2399, "n_batches": 7774, "time": 1.708, "data_time": 0.0, "lr": 0.0001, "loss": -9.637, "recon_loss": -9.64, "kld_loss": 0.007, "kld_weight": 0.5}
{"message": "", "levelname": "INFO", "name": "Trainer", "asctime": "2026-04-29 14:48:11,639", "type": "train", "epoch": 6, "batch": 2439, "n_batches": 7774, "time": 1.335, "data_time": 0.0, "lr": 0.0001, "loss": -10.818, "recon_loss": -10.82, "kld_loss": 0.004, "kld_weight": 0.5}
{"message": "", "levelname": "INFO", "name": "Trainer", "asctime": "2026-04-29 14:48:19,416", "type": "train", "epoch": 6, "batch": 2479, "n_batches": 7774, "time": 0.69, "data_time": 0.0, "lr": 0.0001, "loss": -7.749, "recon_loss": -7.757, "kld_loss": 0.016, "kld_weight": 0.5}
{"message": "", "levelname": "INFO", "name": "Trainer", "asctime": "2026-04-29 14:48:28,142", "type": "train", "epoch": 6, "batch": 2519, "n_batches": 7774, "time": 0.728, "data_time": 0.0, "lr": 0.0001, "loss": -3.535, "recon_loss": -3.548, "kld_loss": 0.026, "kld_weight": 0.5}
{"message": "", "levelname": "INFO", "name": "Trainer", "asctime": "2026-04-29 14:48:37,547", "type": "train", "epoch": 6, "batch": 2559, "n_batches": 7774, "time": 0.977, "data_time": 0.0, "lr": 0.0001, "loss": -6.952, "recon_loss": -6.957, "kld_loss": 0.01, "kld_weight": 0.5}
{"message": "", "levelname": "INFO", "name": "Trainer", "asctime": "2026-04-29 14:48:46,410", "type": "train", "epoch": 6, "batch": 2599, "n_batches": 7774, "time": 0.858, "data_time": 0.0, "lr": 0.0001, "loss": -7.041, "recon_loss": -7.044, "kld_loss": 0.005, "kld_weight": 0.5}
{"message": "", "levelname": "INFO", "name": "Trainer", "asctime": "2026-04-29 14:48:54,460", "type": "train", "epoch": 6, "batch": 2639, "n_batches": 7774, "time": 0.705, "data_time": 0.0, "lr": 0.0001, "loss": -3.59, "recon_loss": -3.629, "kld_loss": 0.077, "kld_weight": 0.5}
{"message": "", "levelname": "INFO", "name": "Trainer", "asctime": "2026-04-29 14:49:03,562", "type": "train", "epoch": 6, "batch": 2679, "n_batches": 7774, "time": 1.438, "data_time": 0.0, "lr": 0.0001, "loss": -5.922, "recon_loss": -5.936, "kld_loss": 0.028, "kld_weight": 0.5}
{"message": "", "levelname": "INFO", "name": "Trainer", "asctime": "2026-04-29 14:49:13,453", "type": "train", "epoch": 6, "batch": 2719, "n_batches": 7774, "time": 1.487, "data_time": 0.0, "lr": 0.0001, "loss": -8.825, "recon_loss": -8.848, "kld_loss": 0.045, "kld_weight": 0.5}
{"message": "", "levelname": "INFO", "name": "Trainer", "asctime": "2026-04-29 14:49:21,971", "type": "train", "epoch": 6, "batch": 2759, "n_batches": 7774, "time": 0.99, "data_time": 0.001, "lr": 0.0001, "loss": -7.64, "recon_loss": -7.655, "kld_loss": 0.03, "kld_weight": 0.5}
{"message": "", "levelname": "INFO", "name": "Trainer", "asctime": "2026-04-29 14:49:32,147", "type": "train", "epoch": 6, "batch": 2799, "n_batches": 7774, "time": 0.77, "data_time": 0.0, "lr": 0.0001, "loss": -8.565, "recon_loss": -8.583, "kld_loss": 0.036, "kld_weight": 0.5}
{"message": "", "levelname": "INFO", "name": "Trainer", "asctime": "2026-04-29 14:49:41,166", "type": "train", "epoch": 6, "batch": 2839, "n_batches": 7774, "time": 0.859, "data_time": 0.0, "lr": 0.0001, "loss": -4.3, "recon_loss": -4.309, "kld_loss": 0.018, "kld_weight": 0.5}
{"message": "", "levelname": "INFO", "name": "Trainer", "asctime": "2026-04-29 14:49:50,359", "type": "train", "epoch": 6, "batch": 2879, "n_batches": 7774, "time": 0.944, "data_time": 0.001, "lr": 0.0001, "loss": -8.382, "recon_loss": -8.388, "kld_loss": 0.013, "kld_weight": 0.5}
{"message": "", "levelname": "INFO", "name": "Trainer", "asctime": "2026-04-29 14:49:58,767", "type": "train", "epoch": 6, "batch": 2919, "n_batches": 7774, "time": 0.716, "data_time": 0.0, "lr": 0.0001, "loss": -7.003, "recon_loss": -7.02, "kld_loss": 0.035, "kld_weight": 0.5}
{"message": "", "levelname": "INFO", "name": "Trainer", "asctime": "2026-04-29 14:50:06,586", "type": "train", "epoch": 6, "batch": 2959, "n_batches": 7774, "time": 0.507, "data_time": 0.0, "lr": 0.0001, "loss": -7.491, "recon_loss": -7.5, "kld_loss": 0.018, "kld_weight": 0.5}
{"message": "", "levelname": "INFO", "name": "Trainer", "asctime": "2026-04-29 14:50:15,213", "type": "train", "epoch": 6, "batch": 2999, "n_batches": 7774, "time": 1.086, "data_time": 0.0, "lr": 0.0001, "loss": -8.716, "recon_loss": -8.725, "kld_loss": 0.019, "kld_weight": 0.5}
{"message": "", "levelname": "INFO", "name": "Trainer", "asctime": "2026-04-29 14:50:23,074", "type": "train", "epoch": 6, "batch": 3039, "n_batches": 7774, "time": 0.731, "data_time": 0.0, "lr": 0.0001, "loss": -6.859, "recon_loss": -6.881, "kld_loss": 0.043, "kld_weight": 0.5}
{"message": "", "levelname": "INFO", "name": "Trainer", "asctime": "2026-04-29 14:50:32,658", "type": "train", "epoch": 6, "batch": 3079, "n_batches": 7774, "time": 0.45, "data_time": 0.0, "lr": 0.0001, "loss": -0.988, "recon_loss": -1.043, "kld_loss": 0.11, "kld_weight": 0.5}
{"message": "", "levelname": "INFO", "name": "Trainer", "asctime": "2026-04-29 14:50:40,596", "type": "train", "epoch": 6, "batch": 3119, "n_batches": 7774, "time": 0.605, "data_time": 0.0, "lr": 0.0001, "loss": -5.149, "recon_loss": -5.166, "kld_loss": 0.033, "kld_weight": 0.5}
{"message": "", "levelname": "INFO", "name": "Trainer", "asctime": "2026-04-29 14:50:48,473", "type": "train", "epoch": 6, "batch": 3159, "n_batches": 7774, "time": 0.761, "data_time": 0.0, "lr": 0.0001, "loss": -4.282, "recon_loss": -4.302, "kld_loss": 0.04, "kld_weight": 0.5}
{"message": "", "levelname": "INFO", "name": "Trainer", "asctime": "2026-04-29 14:50:58,056", "type": "train", "epoch": 6, "batch": 3199, "n_batches": 7774, "time": 1.61, "data_time": 0.0, "lr": 0.0001, "loss": -8.932, "recon_loss": -8.941, "kld_loss": 0.018, "kld_weight": 0.5}
{"message": "", "levelname": "INFO", "name": "Trainer", "asctime": "2026-04-29 14:51:06,126", "type": "train", "epoch": 6, "batch": 3239, "n_batches": 7774, "time": 0.914, "data_time": 0.0, "lr": 0.0001, "loss": -7.907, "recon_loss": -7.921, "kld_loss": 0.028, "kld_weight": 0.5}
{"message": "", "levelname": "INFO", "name": "Trainer", "asctime": "2026-04-29 14:51:14,094", "type": "train", "epoch": 6, "batch": 3279, "n_batches": 7774, "time": 0.532, "data_time": 0.0, "lr": 0.0001, "loss": -9.607, "recon_loss": -9.61, "kld_loss": 0.007, "kld_weight": 0.5}
{"message": "", "levelname": "INFO", "name": "Trainer", "asctime": "2026-04-29 14:51:20,811", "type": "train", "epoch": 6, "batch": 3319, "n_batches": 7774, "time": 0.651, "data_time": 0.0, "lr": 0.0001, "loss": -8.971, "recon_loss": -9.0, "kld_loss": 0.058, "kld_weight": 0.5}
{"message": "", "levelname": "INFO", "name": "Trainer", "asctime": "2026-04-29 14:51:29,253", "type": "train", "epoch": 6, "batch": 3359, "n_batches": 7774, "time": 0.676, "data_time": 0.0, "lr": 0.0001, "loss": -6.151, "recon_loss": -6.167, "kld_loss": 0.032, "kld_weight": 0.5}
{"message": "", "levelname": "INFO", "name": "Trainer", "asctime": "2026-04-29 14:51:36,825", "type": "train", "epoch": 6, "batch": 3399, "n_batches": 7774, "time": 0.867, "data_time": 0.0, "lr": 0.0001, "loss": -9.024, "recon_loss": -9.039, "kld_loss": 0.031, "kld_weight": 0.5}
{"message": "", "levelname": "INFO", "name": "Trainer", "asctime": "2026-04-29 14:51:45,624", "type": "train", "epoch": 6, "batch": 3439, "n_batches": 7774, "time": 1.03, "data_time": 0.0, "lr": 0.0001, "loss": -4.849, "recon_loss": -4.869, "kld_loss": 0.039, "kld_weight": 0.5}
{"message": "", "levelname": "INFO", "name": "Trainer", "asctime": "2026-04-29 14:51:56,697", "type": "train", "epoch": 6, "batch": 3479, "n_batches": 7774, "time": 1.93, "data_time": 0.0, "lr": 0.0001, "loss": -3.797, "recon_loss": -3.815, "kld_loss": 0.037, "kld_weight": 0.5}
{"message": "", "levelname": "INFO", "name": "Trainer", "asctime": "2026-04-29 14:52:06,062", "type": "train", "epoch": 6, "batch": 3519, "n_batches": 7774, "time": 0.795, "data_time": 0.0, "lr": 0.0001, "loss": -7.446, "recon_loss": -7.459, "kld_loss": 0.026, "kld_weight": 0.5}
{"message": "", "levelname": "INFO", "name": "Trainer", "asctime": "2026-04-29 14:52:15,831", "type": "train", "epoch": 6, "batch": 3559, "n_batches": 7774, "time": 1.401, "data_time": 0.0, "lr": 0.0001, "loss": -4.25, "recon_loss": -4.265, "kld_loss": 0.031, "kld_weight": 0.5}
{"message": "", "levelname": "INFO", "name": "Trainer", "asctime": "2026-04-29 14:52:24,421", "type": "train", "epoch": 6, "batch": 3599, "n_batches": 7774, "time": 0.806, "data_time": 0.0, "lr": 0.0001, "loss": -7.033, "recon_loss": -7.06, "kld_loss": 0.055, "kld_weight": 0.5}
{"message": "", "levelname": "INFO", "name": "Trainer", "asctime": "2026-04-29 14:52:35,203", "type": "train", "epoch": 6, "batch": 3639, "n_batches": 7774, "time": 1.632, "data_time": 0.0, "lr": 0.0001, "loss": -1.584, "recon_loss": -1.673, "kld_loss": 0.179, "kld_weight": 0.5}
{"message": "", "levelname": "INFO", "name": "Trainer", "asctime": "2026-04-29 14:52:44,120", "type": "train", "epoch": 6, "batch": 3679, "n_batches": 7774, "time": 0.761, "data_time": 0.0, "lr": 0.0001, "loss": -5.583, "recon_loss": -5.601, "kld_loss": 0.036, "kld_weight": 0.5}
{"message": "", "levelname": "INFO", "name": "Trainer", "asctime": "2026-04-29 14:52:52,133", "type": "train", "epoch": 6, "batch": 3719, "n_batches": 7774, "time": 0.916, "data_time": 0.0, "lr": 0.0001, "loss": -8.922, "recon_loss": -8.931, "kld_loss": 0.019, "kld_weight": 0.5}
{"message": "", "levelname": "INFO", "name": "Trainer", "asctime": "2026-04-29 14:52:59,704", "type": "train", "epoch": 6, "batch": 3759, "n_batches": 7774, "time": 0.902, "data_time": 0.0, "lr": 0.0001, "loss": -6.603, "recon_loss": -6.612, "kld_loss": 0.018, "kld_weight": 0.5}
{"message": "", "levelname": "INFO", "name": "Trainer", "asctime": "2026-04-29 14:53:09,721", "type": "train", "epoch": 6, "batch": 3799, "n_batches": 7774, "time": 1.45, "data_time": 0.0, "lr": 0.0001, "loss": -6.969, "recon_loss": -6.979, "kld_loss": 0.019, "kld_weight": 0.5}
{"message": "", "levelname": "INFO", "name": "Trainer", "asctime": "2026-04-29 14:53:17,524", "type": "train", "epoch": 6, "batch": 3839, "n_batches": 7774, "time": 0.591, "data_time": 0.0, "lr": 0.0001, "loss": -3.399, "recon_loss": -3.423, "kld_loss": 0.047, "kld_weight": 0.5}
{"message": "", "levelname": "INFO", "name": "Trainer", "asctime": "2026-04-29 14:53:26,227", "type": "train", "epoch": 6, "batch": 3879, "n_batches": 7774, "time": 1.826, "data_time": 0.0, "lr": 0.0001, "loss": -10.311, "recon_loss": -10.316, "kld_loss": 0.012, "kld_weight": 0.5}
{"message": "", "levelname": "INFO", "name": "Trainer", "asctime": "2026-04-29 14:53:34,831", "type": "train", "epoch": 6, "batch": 3919, "n_batches": 7774, "time": 0.83, "data_time": 0.0, "lr": 0.0001, "loss": -7.593, "recon_loss": -7.613, "kld_loss": 0.039, "kld_weight": 0.5}
{"message": "", "levelname": "INFO", "name": "Trainer", "asctime": "2026-04-29 14:53:43,961", "type": "train", "epoch": 6, "batch": 3959, "n_batches": 7774, "time": 0.673, "data_time": 0.0, "lr": 0.0001, "loss": -6.75, "recon_loss": -6.767, "kld_loss": 0.035, "kld_weight": 0.5}
{"message": "", "levelname": "INFO", "name": "Trainer", "asctime": "2026-04-29 14:53:55,129", "type": "train", "epoch": 6, "batch": 3999, "n_batches": 7774, "time": 0.661, "data_time": 0.0, "lr": 0.0001, "loss": -5.126, "recon_loss": -5.132, "kld_loss": 0.011, "kld_weight": 0.5}
{"message": "", "levelname": "INFO", "name": "Trainer", "asctime": "2026-04-29 14:54:05,198", "type": "train", "epoch": 6, "batch": 4039, "n_batches": 7774, "time": 1.249, "data_time": 0.0, "lr": 0.0001, "loss": -6.69, "recon_loss": -6.705, "kld_loss": 0.03, "kld_weight": 0.5}
{"message": "", "levelname": "INFO", "name": "Trainer", "asctime": "2026-04-29 14:54:13,397", "type": "train", "epoch": 6, "batch": 4079, "n_batches": 7774, "time": 0.885, "data_time": 0.0, "lr": 0.0001, "loss": -3.795, "recon_loss": -3.837, "kld_loss": 0.083, "kld_weight": 0.5}
{"message": "", "levelname": "INFO", "name": "Trainer", "asctime": "2026-04-29 14:54:23,174", "type": "train", "epoch": 6, "batch": 4119, "n_batches": 7774, "time": 1.077, "data_time": 0.0, "lr": 0.0001, "loss": -3.592, "recon_loss": -3.619, "kld_loss": 0.054, "kld_weight": 0.5}
{"message": "", "levelname": "INFO", "name": "Trainer", "asctime": "2026-04-29 14:54:32,727", "type": "train", "epoch": 6, "batch": 4159, "n_batches": 7774, "time": 0.867, "data_time": 0.0, "lr": 0.0001, "loss": -7.87, "recon_loss": -7.883, "kld_loss": 0.028, "kld_weight": 0.5}
{"message": "", "levelname": "INFO", "name": "Trainer", "asctime": "2026-04-29 14:54:40,443", "type": "train", "epoch": 6, "batch": 4199, "n_batches": 7774, "time": 0.801, "data_time": 0.0, "lr": 0.0001, "loss": -3.873, "recon_loss": -3.888, "kld_loss": 0.029, "kld_weight": 0.5}
{"message": "", "levelname": "INFO", "name": "Trainer", "asctime": "2026-04-29 14:54:47,517", "type": "train", "epoch": 6, "batch": 4239, "n_batches": 7774, "time": 0.601, "data_time": 0.0, "lr": 0.0001, "loss": -3.711, "recon_loss": -3.744, "kld_loss": 0.067, "kld_weight": 0.5}
{"message": "", "levelname": "INFO", "name": "Trainer", "asctime": "2026-04-29 14:54:55,771", "type": "train", "epoch": 6, "batch": 4279, "n_batches": 7774, "time": 0.652, "data_time": 0.0, "lr": 0.0001, "loss": -7.696, "recon_loss": -7.701, "kld_loss": 0.012, "kld_weight": 0.5}
{"message": "", "levelname": "INFO", "name": "Trainer", "asctime": "2026-04-29 14:55:04,958", "type": "train", "epoch": 6, "batch": 4319, "n_batches": 7774, "time": 0.566, "data_time": 0.0, "lr": 0.0001, "loss": -4.34, "recon_loss": -4.365, "kld_loss": 0.05, "kld_weight": 0.5}
{"message": "", "levelname": "INFO", "name": "Trainer", "asctime": "2026-04-29 14:55:14,120", "type": "train", "epoch": 6, "batch": 4359, "n_batches": 7774, "time": 0.584, "data_time": 0.0, "lr": 0.0001, "loss": -5.316, "recon_loss": -5.346, "kld_loss": 0.06, "kld_weight": 0.5}
{"message": "", "levelname": "INFO", "name": "Trainer", "asctime": "2026-04-29 14:55:22,573", "type": "train", "epoch": 6, "batch": 4399, "n_batches": 7774, "time": 1.533, "data_time": 0.0, "lr": 0.0001, "loss": -6.308, "recon_loss": -6.324, "kld_loss": 0.032, "kld_weight": 0.5}
{"message": "", "levelname": "INFO", "name": "Trainer", "asctime": "2026-04-29 14:55:32,384", "type": "train", "epoch": 6, "batch": 4439, "n_batches": 7774, "time": 1.155, "data_time": 0.0, "lr": 0.0001, "loss": -7.299, "recon_loss": -7.313, "kld_loss": 0.027, "kld_weight": 0.5}
{"message": "", "levelname": "INFO", "name": "Trainer", "asctime": "2026-04-29 14:55:40,599", "type": "train", "epoch": 6, "batch": 4479, "n_batches": 7774, "time": 1.705, "data_time": 0.001, "lr": 0.0001, "loss": -9.128, "recon_loss": -9.149, "kld_loss": 0.041, "kld_weight": 0.5}
{"message": "", "levelname": "INFO", "name": "Trainer", "asctime": "2026-04-29 14:55:47,761", "type": "train", "epoch": 6, "batch": 4519, "n_batches": 7774, "time": 0.809, "data_time": 0.0, "lr": 0.0001, "loss": -4.134, "recon_loss": -4.172, "kld_loss": 0.077, "kld_weight": 0.5}
{"message": "", "levelname": "INFO", "name": "Trainer", "asctime": "2026-04-29 14:55:57,047", "type": "train", "epoch": 6, "batch": 4559, "n_batches": 7774, "time": 0.88, "data_time": 0.0, "lr": 0.0001, "loss": -5.653, "recon_loss": -5.667, "kld_loss": 0.027, "kld_weight": 0.5}
{"message": "", "levelname": "INFO", "name": "Trainer", "asctime": "2026-04-29 14:56:05,361", "type": "train", "epoch": 6, "batch": 4599, "n_batches": 7774, "time": 0.637, "data_time": 0.0, "lr": 0.0001, "loss": -7.389, "recon_loss": -7.41, "kld_loss": 0.042, "kld_weight": 0.5}
{"message": "", "levelname": "INFO", "name": "Trainer", "asctime": "2026-04-29 14:56:13,309", "type": "train", "epoch": 6, "batch": 4639, "n_batches": 7774, "time": 0.57, "data_time": 0.0, "lr": 0.0001, "loss": -8.063, "recon_loss": -8.074, "kld_loss": 0.021, "kld_weight": 0.5}
{"message": "", "levelname": "INFO", "name": "Trainer", "asctime": "2026-04-29 14:56:22,320", "type": "train", "epoch": 6, "batch": 4679, "n_batches": 7774, "time": 0.652, "data_time": 0.0, "lr": 0.0001, "loss": -7.359, "recon_loss": -7.369, "kld_loss": 0.02, "kld_weight": 0.5}
{"message": "", "levelname": "INFO", "name": "Trainer", "asctime": "2026-04-29 14:56:30,562", "type": "train", "epoch": 6, "batch": 4719, "n_batches": 7774, "time": 0.844, "data_time": 0.0, "lr": 0.0001, "loss": -7.65, "recon_loss": -7.653, "kld_loss": 0.006, "kld_weight": 0.5}
{"message": "", "levelname": "INFO", "name": "Trainer", "asctime": "2026-04-29 14:56:37,797", "type": "train", "epoch": 6, "batch": 4759, "n_batches": 7774, "time": 0.701, "data_time": 0.0, "lr": 0.0001, "loss": -10.597, "recon_loss": -10.601, "kld_loss": 0.008, "kld_weight": 0.5}
{"message": "", "levelname": "INFO", "name": "Trainer", "asctime": "2026-04-29 14:56:46,492", "type": "train", "epoch": 6, "batch": 4799, "n_batches": 7774, "time": 0.725, "data_time": 0.0, "lr": 0.0001, "loss": -7.897, "recon_loss": -7.902, "kld_loss": 0.01, "kld_weight": 0.5}
{"message": "", "levelname": "INFO", "name": "Trainer", "asctime": "2026-04-29 14:56:53,279", "type": "train", "epoch": 6, "batch": 4839, "n_batches": 7774, "time": 0.508, "data_time": 0.0, "lr": 0.0001, "loss": -6.657, "recon_loss": -6.663, "kld_loss": 0.01, "kld_weight": 0.5}
{"message": "", "levelname": "INFO", "name": "Trainer", "asctime": "2026-04-29 14:57:02,142", "type": "train", "epoch": 6, "batch": 4879, "n_batches": 7774, "time": 0.94, "data_time": 0.0, "lr": 0.0001, "loss": -4.176, "recon_loss": -4.185, "kld_loss": 0.019, "kld_weight": 0.5}
{"message": "", "levelname": "INFO", "name": "Trainer", "asctime": "2026-04-29 14:57:09,386", "type": "train", "epoch": 6, "batch": 4919, "n_batches": 7774, "time": 0.611, "data_time": 0.0, "lr": 0.0001, "loss": -9.919, "recon_loss": -9.92, "kld_loss": 0.003, "kld_weight": 0.5}
{"message": "", "levelname": "INFO", "name": "Trainer", "asctime": "2026-04-29 14:57:16,668", "type": "train", "epoch": 6, "batch": 4959, "n_batches": 7774, "time": 0.676, "data_time": 0.0, "lr": 0.0001, "loss": -4.755, "recon_loss": -4.78, "kld_loss": 0.049, "kld_weight": 0.5}
{"message": "", "levelname": "INFO", "name": "Trainer", "asctime": "2026-04-29 14:57:25,524", "type": "train", "epoch": 6, "batch": 4999, "n_batches": 7774, "time": 0.447, "data_time": 0.0, "lr": 0.0001, "loss": -8.538, "recon_loss": -8.545, "kld_loss": 0.014, "kld_weight": 0.5}
{"message": "", "levelname": "INFO", "name": "Trainer", "asctime": "2026-04-29 14:57:34,249", "type": "train", "epoch": 6, "batch": 5039, "n_batches": 7774, "time": 0.884, "data_time": 0.001, "lr": 0.0001, "loss": -8.949, "recon_loss": -8.953, "kld_loss": 0.009, "kld_weight": 0.5}
{"message": "", "levelname": "INFO", "name": "Trainer", "asctime": "2026-04-29 14:57:42,495", "type": "train", "epoch": 6, "batch": 5079, "n_batches": 7774, "time": 0.803, "data_time": 0.0, "lr": 0.0001, "loss": -8.593, "recon_loss": -8.606, "kld_loss": 0.026, "kld_weight": 0.5}
{"message": "", "levelname": "INFO", "name": "Trainer", "asctime": "2026-04-29 14:57:50,133", "type": "train", "epoch": 6, "batch": 5119, "n_batches": 7774, "time": 1.306, "data_time": 0.0, "lr": 0.0001, "loss": -9.59, "recon_loss": -9.593, "kld_loss": 0.006, "kld_weight": 0.5}
{"message": "", "levelname": "INFO", "name": "Trainer", "asctime": "2026-04-29 14:57:59,676", "type": "train", "epoch": 6, "batch": 5159, "n_batches": 7774, "time": 0.955, "data_time": 0.0, "lr": 0.0001, "loss": -2.816, "recon_loss": -2.839, "kld_loss": 0.046, "kld_weight": 0.5}
{"message": "", "levelname": "INFO", "name": "Trainer", "asctime": "2026-04-29 14:58:07,868", "type": "train", "epoch": 6, "batch": 5199, "n_batches": 7774, "time": 0.766, "data_time": 0.0, "lr": 0.0001, "loss": -2.411, "recon_loss": -2.425, "kld_loss": 0.028, "kld_weight": 0.5}
{"message": "", "levelname": "INFO", "name": "Trainer", "asctime": "2026-04-29 14:58:14,721", "type": "train", "epoch": 6, "batch": 5239, "n_batches": 7774, "time": 0.478, "data_time": 0.0, "lr": 0.0001, "loss": -0.769, "recon_loss": -0.799, "kld_loss": 0.059, "kld_weight": 0.5}
{"message": "", "levelname": "INFO", "name": "Trainer", "asctime": "2026-04-29 14:58:20,637", "type": "train", "epoch": 6, "batch": 5279, "n_batches": 7774, "time": 0.229, "data_time": 0.0, "lr": 0.0001, "loss": -6.311, "recon_loss": -6.34, "kld_loss": 0.058, "kld_weight": 0.5}
{"message": "", "levelname": "INFO", "name": "Trainer", "asctime": "2026-04-29 14:58:29,172", "type": "train", "epoch": 6, "batch": 5319, "n_batches": 7774, "time": 0.615, "data_time": 0.0, "lr": 0.0001, "loss": -4.313, "recon_loss": -4.334, "kld_loss": 0.043, "kld_weight": 0.5}
{"message": "", "levelname": "INFO", "name": "Trainer", "asctime": "2026-04-29 14:58:38,342", "type": "train", "epoch": 6, "batch": 5359, "n_batches": 7774, "time": 0.647, "data_time": 0.0, "lr": 0.0001, "loss": -10.349, "recon_loss": -10.352, "kld_loss": 0.006, "kld_weight": 0.5}
{"message": "", "levelname": "INFO", "name": "Trainer", "asctime": "2026-04-29 14:58:45,028", "type": "train", "epoch": 6, "batch": 5399, "n_batches": 7774, "time": 0.734, "data_time": 0.0, "lr": 0.0001, "loss": -9.681, "recon_loss": -9.699, "kld_loss": 0.036, "kld_weight": 0.5}
{"message": "", "levelname": "INFO", "name": "Trainer", "asctime": "2026-04-29 14:58:52,645", "type": "train", "epoch": 6, "batch": 5439, "n_batches": 7774, "time": 0.574, "data_time": 0.0, "lr": 0.0001, "loss": -7.865, "recon_loss": -7.869, "kld_loss": 0.009, "kld_weight": 0.5}
{"message": "", "levelname": "INFO", "name": "Trainer", "asctime": "2026-04-29 14:59:00,193", "type": "train", "epoch": 6, "batch": 5479, "n_batches": 7774, "time": 0.731, "data_time": 0.0, "lr": 0.0001, "loss": -2.257, "recon_loss": -2.295, "kld_loss": 0.075, "kld_weight": 0.5}
{"message": "", "levelname": "INFO", "name": "Trainer", "asctime": "2026-04-29 14:59:08,080", "type": "train", "epoch": 6, "batch": 5519, "n_batches": 7774, "time": 0.778, "data_time": 0.0, "lr": 0.0001, "loss": -8.186, "recon_loss": -8.199, "kld_loss": 0.024, "kld_weight": 0.5}
{"message": "", "levelname": "INFO", "name": "Trainer", "asctime": "2026-04-29 14:59:15,574", "type": "train", "epoch": 6, "batch": 5559, "n_batches": 7774, "time": 0.688, "data_time": 0.0, "lr": 0.0001, "loss": -8.688, "recon_loss": -8.693, "kld_loss": 0.011, "kld_weight": 0.5}
{"message": "", "levelname": "INFO", "name": "Trainer", "asctime": "2026-04-29 14:59:23,321", "type": "train", "epoch": 6, "batch": 5599, "n_batches": 7774, "time": 0.551, "data_time": 0.0, "lr": 0.0001, "loss": -4.491, "recon_loss": -4.529, "kld_loss": 0.076, "kld_weight": 0.5}
{"message": "", "levelname": "INFO", "name": "Trainer", "asctime": "2026-04-29 14:59:30,559", "type": "train", "epoch": 6, "batch": 5639, "n_batches": 7774, "time": 0.659, "data_time": 0.0, "lr": 0.0001, "loss": -7.746, "recon_loss": -7.753, "kld_loss": 0.014, "kld_weight": 0.5}
{"message": "", "levelname": "INFO", "name": "Trainer", "asctime": "2026-04-29 14:59:39,014", "type": "train", "epoch": 6, "batch": 5679, "n_batches": 7774, "time": 0.786, "data_time": 0.0, "lr": 0.0001, "loss": -6.956, "recon_loss": -6.963, "kld_loss": 0.015, "kld_weight": 0.5}
{"message": "", "levelname": "INFO", "name": "Trainer", "asctime": "2026-04-29 14:59:46,754", "type": "train", "epoch": 6, "batch": 5719, "n_batches": 7774, "time": 0.668, "data_time": 0.0, "lr": 0.0001, "loss": -4.447, "recon_loss": -4.465, "kld_loss": 0.036, "kld_weight": 0.5}
{"message": "", "levelname": "INFO", "name": "Trainer", "asctime": "2026-04-29 14:59:55,050", "type": "train", "epoch": 6, "batch": 5759, "n_batches": 7774, "time": 0.562, "data_time": 0.0, "lr": 0.0001, "loss": -9.967, "recon_loss": -9.983, "kld_loss": 0.033, "kld_weight": 0.5}
{"message": "", "levelname": "INFO", "name": "Trainer", "asctime": "2026-04-29 15:00:04,599", "type": "train", "epoch": 6, "batch": 5799, "n_batches": 7774, "time": 0.783, "data_time": 0.0, "lr": 0.0001, "loss": -7.791, "recon_loss": -7.801, "kld_loss": 0.021, "kld_weight": 0.5}
{"message": "", "levelname": "INFO", "name": "Trainer", "asctime": "2026-04-29 15:00:11,421", "type": "train", "epoch": 6, "batch": 5839, "n_batches": 7774, "time": 0.812, "data_time": 0.0, "lr": 0.0001, "loss": -7.597, "recon_loss": -7.607, "kld_loss": 0.019, "kld_weight": 0.5}
{"message": "", "levelname": "INFO", "name": "Trainer", "asctime": "2026-04-29 15:00:19,797", "type": "train", "epoch": 6, "batch": 5879, "n_batches": 7774, "time": 0.72, "data_time": 0.0, "lr": 0.0001, "loss": -4.986, "recon_loss": -5.001, "kld_loss": 0.032, "kld_weight": 0.5}
{"message": "", "levelname": "INFO", "name": "Trainer", "asctime": "2026-04-29 15:00:26,712", "type": "train", "epoch": 6, "batch": 5919, "n_batches": 7774, "time": 0.615, "data_time": 0.0, "lr": 0.0001, "loss": -6.734, "recon_loss": -6.739, "kld_loss": 0.01, "kld_weight": 0.5}
{"message": "", "levelname": "INFO", "name": "Trainer", "asctime": "2026-04-29 15:00:34,623", "type": "train", "epoch": 6, "batch": 5959, "n_batches": 7774, "time": 0.662, "data_time": 0.0, "lr": 0.0001, "loss": -8.267, "recon_loss": -8.28, "kld_loss": 0.027, "kld_weight": 0.5}
{"message": "", "levelname": "INFO", "name": "Trainer", "asctime": "2026-04-29 15:00:41,379", "type": "train", "epoch": 6, "batch": 5999, "n_batches": 7774, "time": 0.622, "data_time": 0.0, "lr": 0.0001, "loss": -6.864, "recon_loss": -6.87, "kld_loss": 0.011, "kld_weight": 0.5}
{"message": "", "levelname": "INFO", "name": "Trainer", "asctime": "2026-04-29 15:00:49,303", "type": "train", "epoch": 6, "batch": 6039, "n_batches": 7774, "time": 0.841, "data_time": 0.0, "lr": 0.0001, "loss": -5.744, "recon_loss": -5.754, "kld_loss": 0.019, "kld_weight": 0.5}
{"message": "", "levelname": "INFO", "name": "Trainer", "asctime": "2026-04-29 15:00:56,268", "type": "train", "epoch": 6, "batch": 6079, "n_batches": 7774, "time": 0.542, "data_time": 0.0, "lr": 0.0001, "loss": -6.308, "recon_loss": -6.328, "kld_loss": 0.039, "kld_weight": 0.5}
{"message": "", "levelname": "INFO", "name": "Trainer", "asctime": "2026-04-29 15:01:03,701", "type": "train", "epoch": 6, "batch": 6119, "n_batches": 7774, "time": 0.677, "data_time": 0.0, "lr": 0.0001, "loss": -4.329, "recon_loss": -4.337, "kld_loss": 0.016, "kld_weight": 0.5}
{"message": "", "levelname": "INFO", "name": "Trainer", "asctime": "2026-04-29 15:01:11,104", "type": "train", "epoch": 6, "batch": 6159, "n_batches": 7774, "time": 0.726, "data_time": 0.0, "lr": 0.0001, "loss": -8.88, "recon_loss": -8.886, "kld_loss": 0.013, "kld_weight": 0.5}
{"message": "", "levelname": "INFO", "name": "Trainer", "asctime": "2026-04-29 15:01:19,086", "type": "train", "epoch": 6, "batch": 6199, "n_batches": 7774, "time": 0.659, "data_time": 0.0, "lr": 0.0001, "loss": -9.259, "recon_loss": -9.267, "kld_loss": 0.017, "kld_weight": 0.5}
{"message": "", "levelname": "INFO", "name": "Trainer", "asctime": "2026-04-29 15:01:25,969", "type": "train", "epoch": 6, "batch": 6239, "n_batches": 7774, "time": 0.662, "data_time": 0.0, "lr": 0.0001, "loss": -7.769, "recon_loss": -7.773, "kld_loss": 0.008, "kld_weight": 0.5}
{"message": "", "levelname": "INFO", "name": "Trainer", "asctime": "2026-04-29 15:01:34,620", "type": "train", "epoch": 6, "batch": 6279, "n_batches": 7774, "time": 0.697, "data_time": 0.0, "lr": 0.0001, "loss": -9.304, "recon_loss": -9.315, "kld_loss": 0.021, "kld_weight": 0.5}
{"message": "", "levelname": "INFO", "name": "Trainer", "asctime": "2026-04-29 15:01:43,049", "type": "train", "epoch": 6, "batch": 6319, "n_batches": 7774, "time": 0.819, "data_time": 0.0, "lr": 0.0001, "loss": -7.771, "recon_loss": -7.783, "kld_loss": 0.023, "kld_weight": 0.5}
{"message": "", "levelname": "INFO", "name": "Trainer", "asctime": "2026-04-29 15:01:49,748", "type": "train", "epoch": 6, "batch": 6359, "n_batches": 7774, "time": 0.604, "data_time": 0.0, "lr": 0.0001, "loss": -6.444, "recon_loss": -6.45, "kld_loss": 0.012, "kld_weight": 0.5}
{"message": "", "levelname": "INFO", "name": "Trainer", "asctime": "2026-04-29 15:01:56,749", "type": "train", "epoch": 6, "batch": 6399, "n_batches": 7774, "time": 0.692, "data_time": 0.0, "lr": 0.0001, "loss": -5.721, "recon_loss": -5.725, "kld_loss": 0.009, "kld_weight": 0.5}
{"message": "", "levelname": "INFO", "name": "Trainer", "asctime": "2026-04-29 15:02:04,993", "type": "train", "epoch": 6, "batch": 6439, "n_batches": 7774, "time": 0.669, "data_time": 0.0, "lr": 0.0001, "loss": -8.023, "recon_loss": -8.03, "kld_loss": 0.015, "kld_weight": 0.5}
{"message": "", "levelname": "INFO", "name": "Trainer", "asctime": "2026-04-29 15:02:13,286", "type": "train", "epoch": 6, "batch": 6479, "n_batches": 7774, "time": 0.923, "data_time": 0.0, "lr": 0.0001, "loss": -2.281, "recon_loss": -2.287, "kld_loss": 0.012, "kld_weight": 0.5}
{"message": "", "levelname": "INFO", "name": "Trainer", "asctime": "2026-04-29 15:02:20,529", "type": "train", "epoch": 6, "batch": 6519, "n_batches": 7774, "time": 0.547, "data_time": 0.0, "lr": 0.0001, "loss": -9.929, "recon_loss": -9.935, "kld_loss": 0.012, "kld_weight": 0.5}
{"message": "", "levelname": "INFO", "name": "Trainer", "asctime": "2026-04-29 15:02:29,512", "type": "train", "epoch": 6, "batch": 6559, "n_batches": 7774, "time": 0.698, "data_time": 0.0, "lr": 0.0001, "loss": -8.607, "recon_loss": -8.614, "kld_loss": 0.014, "kld_weight": 0.5}
{"message": "", "levelname": "INFO", "name": "Trainer", "asctime": "2026-04-29 15:02:37,750", "type": "train", "epoch": 6, "batch": 6599, "n_batches": 7774, "time": 1.304, "data_time": 0.0, "lr": 0.0001, "loss": -10.272, "recon_loss": -10.276, "kld_loss": 0.009, "kld_weight": 0.5}
{"message": "", "levelname": "INFO", "name": "Trainer", "asctime": "2026-04-29 15:02:44,484", "type": "train", "epoch": 6, "batch": 6639, "n_batches": 7774, "time": 0.614, "data_time": 0.0, "lr": 0.0001, "loss": -7.072, "recon_loss": -7.094, "kld_loss": 0.044, "kld_weight": 0.5}
{"message": "", "levelname": "INFO", "name": "Trainer", "asctime": "2026-04-29 15:02:52,399", "type": "train", "epoch": 6, "batch": 6679, "n_batches": 7774, "time": 0.794, "data_time": 0.0, "lr": 0.0001, "loss": -6.115, "recon_loss": -6.134, "kld_loss": 0.037, "kld_weight": 0.5}
{"message": "", "levelname": "INFO", "name": "Trainer", "asctime": "2026-04-29 15:02:59,833", "type": "train", "epoch": 6, "batch": 6719, "n_batches": 7774, "time": 0.561, "data_time": 0.0, "lr": 0.0001, "loss": -10.109, "recon_loss": -10.124, "kld_loss": 0.029, "kld_weight": 0.5}
{"message": "", "levelname": "INFO", "name": "Trainer", "asctime": "2026-04-29 15:03:08,916", "type": "train", "epoch": 6, "batch": 6759, "n_batches": 7774, "time": 0.892, "data_time": 0.0, "lr": 0.0001, "loss": -9.622, "recon_loss": -9.629, "kld_loss": 0.014, "kld_weight": 0.5}
{"message": "", "levelname": "INFO", "name": "Trainer", "asctime": "2026-04-29 15:03:14,929", "type": "train", "epoch": 6, "batch": 6799, "n_batches": 7774, "time": 0.76, "data_time": 0.0, "lr": 0.0001, "loss": -4.618, "recon_loss": -4.623, "kld_loss": 0.011, "kld_weight": 0.5}
{"message": "", "levelname": "INFO", "name": "Trainer", "asctime": "2026-04-29 15:03:21,898", "type": "train", "epoch": 6, "batch": 6839, "n_batches": 7774, "time": 0.668, "data_time": 0.0, "lr": 0.0001, "loss": -6.434, "recon_loss": -6.447, "kld_loss": 0.026, "kld_weight": 0.5}
{"message": "", "levelname": "INFO", "name": "Trainer", "asctime": "2026-04-29 15:03:29,051", "type": "train", "epoch": 6, "batch": 6879, "n_batches": 7774, "time": 1.054, "data_time": 0.0, "lr": 0.0001, "loss": -4.224, "recon_loss": -4.251, "kld_loss": 0.053, "kld_weight": 0.5}
{"message": "", "levelname": "INFO", "name": "Trainer", "asctime": "2026-04-29 15:03:38,040", "type": "train", "epoch": 6, "batch": 6919, "n_batches": 7774, "time": 0.564, "data_time": 0.0, "lr": 0.0001, "loss": -9.083, "recon_loss": -9.087, "kld_loss": 0.008, "kld_weight": 0.5}
{"message": "", "levelname": "INFO", "name": "Trainer", "asctime": "2026-04-29 15:03:46,248", "type": "train", "epoch": 6, "batch": 6959, "n_batches": 7774, "time": 1.272, "data_time": 0.0, "lr": 0.0001, "loss": -3.456, "recon_loss": -3.464, "kld_loss": 0.016, "kld_weight": 0.5}
{"message": "", "levelname": "INFO", "name": "Trainer", "asctime": "2026-04-29 15:03:54,896", "type": "train", "epoch": 6, "batch": 6999, "n_batches": 7774, "time": 0.657, "data_time": 0.0, "lr": 0.0001, "loss": -7.404, "recon_loss": -7.41, "kld_loss": 0.012, "kld_weight": 0.5}
{"message": "", "levelname": "INFO", "name": "Trainer", "asctime": "2026-04-29 15:04:02,199", "type": "train", "epoch": 6, "batch": 7039, "n_batches": 7774, "time": 0.66, "data_time": 0.0, "lr": 0.0001, "loss": -4.21, "recon_loss": -4.22, "kld_loss": 0.022, "kld_weight": 0.5}
{"message": "", "levelname": "INFO", "name": "Trainer", "asctime": "2026-04-29 15:04:11,640", "type": "train", "epoch": 6, "batch": 7079, "n_batches": 7774, "time": 1.578, "data_time": 0.0, "lr": 0.0001, "loss": -5.37, "recon_loss": -5.394, "kld_loss": 0.049, "kld_weight": 0.5}
{"message": "", "levelname": "INFO", "name": "Trainer", "asctime": "2026-04-29 15:04:18,877", "type": "train", "epoch": 6, "batch": 7119, "n_batches": 7774, "time": 0.647, "data_time": 0.0, "lr": 0.0001, "loss": -4.572, "recon_loss": -4.585, "kld_loss": 0.027, "kld_weight": 0.5}
{"message": "", "levelname": "INFO", "name": "Trainer", "asctime": "2026-04-29 15:04:27,621", "type": "train", "epoch": 6, "batch": 7159, "n_batches": 7774, "time": 1.277, "data_time": 0.0, "lr": 0.0001, "loss": -7.03, "recon_loss": -7.039, "kld_loss": 0.02, "kld_weight": 0.5}
{"message": "", "levelname": "INFO", "name": "Trainer", "asctime": "2026-04-29 15:04:34,371", "type": "train", "epoch": 6, "batch": 7199, "n_batches": 7774, "time": 0.722, "data_time": 0.0, "lr": 0.0001, "loss": -4.127, "recon_loss": -4.136, "kld_loss": 0.018, "kld_weight": 0.5}
{"message": "", "levelname": "INFO", "name": "Trainer", "asctime": "2026-04-29 15:04:42,121", "type": "train", "epoch": 6, "batch": 7239, "n_batches": 7774, "time": 0.362, "data_time": 0.0, "lr": 0.0001, "loss": -9.251, "recon_loss": -9.258, "kld_loss": 0.015, "kld_weight": 0.5}
{"message": "", "levelname": "INFO", "name": "Trainer", "asctime": "2026-04-29 15:04:49,886", "type": "train", "epoch": 6, "batch": 7279, "n_batches": 7774, "time": 1.168, "data_time": 0.0, "lr": 0.0001, "loss": -8.49, "recon_loss": -8.511, "kld_loss": 0.042, "kld_weight": 0.5}
{"message": "", "levelname": "INFO", "name": "Trainer", "asctime": "2026-04-29 15:04:59,415", "type": "train", "epoch": 6, "batch": 7319, "n_batches": 7774, "time": 1.432, "data_time": 0.0, "lr": 0.0001, "loss": -9.055, "recon_loss": -9.07, "kld_loss": 0.03, "kld_weight": 0.5}
{"message": "", "levelname": "INFO", "name": "Trainer", "asctime": "2026-04-29 15:05:06,341", "type": "train", "epoch": 6, "batch": 7359, "n_batches": 7774, "time": 0.663, "data_time": 0.0, "lr": 0.0001, "loss": -8.883, "recon_loss": -8.892, "kld_loss": 0.019, "kld_weight": 0.5}
{"message": "", "levelname": "INFO", "name": "Trainer", "asctime": "2026-04-29 15:05:13,936", "type": "train", "epoch": 6, "batch": 7399, "n_batches": 7774, "time": 0.61, "data_time": 0.0, "lr": 0.0001, "loss": -9.147, "recon_loss": -9.151, "kld_loss": 0.009, "kld_weight": 0.5}
{"message": "", "levelname": "INFO", "name": "Trainer", "asctime": "2026-04-29 15:05:20,553", "type": "train", "epoch": 6, "batch": 7439, "n_batches": 7774, "time": 0.556, "data_time": 0.0, "lr": 0.0001, "loss": -8.162, "recon_loss": -8.166, "kld_loss": 0.009, "kld_weight": 0.5}
{"message": "", "levelname": "INFO", "name": "Trainer", "asctime": "2026-04-29 15:05:28,985", "type": "train", "epoch": 6, "batch": 7479, "n_batches": 7774, "time": 0.871, "data_time": 0.0, "lr": 0.0001, "loss": -9.494, "recon_loss": -9.502, "kld_loss": 0.015, "kld_weight": 0.5}
{"message": "", "levelname": "INFO", "name": "Trainer", "asctime": "2026-04-29 15:05:37,346", "type": "train", "epoch": 6, "batch": 7519, "n_batches": 7774, "time": 0.591, "data_time": 0.0, "lr": 0.0001, "loss": -6.93, "recon_loss": -6.936, "kld_loss": 0.011, "kld_weight": 0.5}
{"message": "", "levelname": "INFO", "name": "Trainer", "asctime": "2026-04-29 15:05:44,418", "type": "train", "epoch": 6, "batch": 7559, "n_batches": 7774, "time": 0.527, "data_time": 0.0, "lr": 0.0001, "loss": -9.069, "recon_loss": -9.073, "kld_loss": 0.009, "kld_weight": 0.5}
{"message": "", "levelname": "INFO", "name": "Trainer", "asctime": "2026-04-29 15:05:52,784", "type": "train", "epoch": 6, "batch": 7599, "n_batches": 7774, "time": 1.387, "data_time": 0.0, "lr": 0.0001, "loss": -5.197, "recon_loss": -5.21, "kld_loss": 0.027, "kld_weight": 0.5}
{"message": "", "levelname": "INFO", "name": "Trainer", "asctime": "2026-04-29 15:06:00,398", "type": "train", "epoch": 6, "batch": 7639, "n_batches": 7774, "time": 0.787, "data_time": 0.0, "lr": 0.0001, "loss": -8.773, "recon_loss": -8.78, "kld_loss": 0.015, "kld_weight": 0.5}
{"message": "", "levelname": "INFO", "name": "Trainer", "asctime": "2026-04-29 15:06:09,202", "type": "train", "epoch": 6, "batch": 7679, "n_batches": 7774, "time": 0.697, "data_time": 0.0, "lr": 0.0001, "loss": -5.27, "recon_loss": -5.285, "kld_loss": 0.03, "kld_weight": 0.5}
{"message": "", "levelname": "INFO", "name": "Trainer", "asctime": "2026-04-29 15:06:16,493", "type": "train", "epoch": 6, "batch": 7719, "n_batches": 7774, "time": 0.613, "data_time": 0.0, "lr": 0.0001, "loss": -7.914, "recon_loss": -7.924, "kld_loss": 0.021, "kld_weight": 0.5}
{"message": "", "levelname": "INFO", "name": "Trainer", "asctime": "2026-04-29 15:06:23,402", "type": "train", "epoch": 6, "batch": 7759, "n_batches": 7774, "time": 0.512, "data_time": 0.0, "lr": 0.0001, "loss": -7.224, "recon_loss": -7.231, "kld_loss": 0.013, "kld_weight": 0.5}
{"message": "", "levelname": "INFO", "name": "Trainer", "asctime": "2026-04-29 15:06:26,198", "type": "train-epoch", "epoch": 7, "loss": -1.73932, "recon_loss": -1.74325, "kld_loss": 0.00785, "kld_weight": 0.5, "time": 1576.2}
{"message": "", "levelname": "INFO", "name": "Trainer", "asctime": "2026-04-29 15:09:30,632", "type": "val-epoch", "epoch": 7, "loss": -1.853, "test_loss": -1.788, "recon_loss": -1.854, "kld_loss": 0.003, "kld_weight": 0.5, "note": "loss is teacher-forced CVAE objective; test_loss is prior-only reconstruction", "time": 184.4}
{"message": "", "levelname": "INFO", "name": "Trainer", "asctime": "2026-04-29 15:09:40,831", "type": "train", "epoch": 7, "batch": 39, "n_batches": 7774, "time": 1.188, "data_time": 0.0, "lr": 0.0001, "loss": -9.043, "recon_loss": -9.049, "kld_loss": 0.012, "kld_weight": 0.5}
{"message": "", "levelname": "INFO", "name": "Trainer", "asctime": "2026-04-29 15:09:50,842", "type": "train", "epoch": 7, "batch": 79, "n_batches": 7774, "time": 0.703, "data_time": 0.0, "lr": 0.0001, "loss": -7.213, "recon_loss": -7.219, "kld_loss": 0.012, "kld_weight": 0.5}
{"message": "", "levelname": "INFO", "name": "Trainer", "asctime": "2026-04-29 15:09:58,481", "type": "train", "epoch": 7, "batch": 119, "n_batches": 7774, "time": 0.921, "data_time": 0.0, "lr": 0.0001, "loss": -8.507, "recon_loss": -8.511, "kld_loss": 0.007, "kld_weight": 0.5}
{"message": "", "levelname": "INFO", "name": "Trainer", "asctime": "2026-04-29 15:10:07,285", "type": "train", "epoch": 7, "batch": 159, "n_batches": 7774, "time": 1.48, "data_time": 0.0, "lr": 0.0001, "loss": -6.318, "recon_loss": -6.339, "kld_loss": 0.043, "kld_weight": 0.5}
{"message": "", "levelname": "INFO", "name": "Trainer", "asctime": "2026-04-29 15:10:14,810", "type": "train", "epoch": 7, "batch": 199, "n_batches": 7774, "time": 0.748, "data_time": 0.0, "lr": 0.0001, "loss": -10.462, "recon_loss": -10.467, "kld_loss": 0.01, "kld_weight": 0.5}
{"message": "", "levelname": "INFO", "name": "Trainer", "asctime": "2026-04-29 15:10:23,886", "type": "train", "epoch": 7, "batch": 239, "n_batches": 7774, "time": 0.753, "data_time": 0.001, "lr": 0.0001, "loss": -6.663, "recon_loss": -6.677, "kld_loss": 0.028, "kld_weight": 0.5}
{"message": "", "levelname": "INFO", "name": "Trainer", "asctime": "2026-04-29 15:10:32,293", "type": "train", "epoch": 7, "batch": 279, "n_batches": 7774, "time": 1.227, "data_time": 0.0, "lr": 0.0001, "loss": -6.717, "recon_loss": -6.728, "kld_loss": 0.022, "kld_weight": 0.5}
{"message": "", "levelname": "INFO", "name": "Trainer", "asctime": "2026-04-29 15:10:39,933", "type": "train", "epoch": 7, "batch": 319, "n_batches": 7774, "time": 0.798, "data_time": 0.0, "lr": 0.0001, "loss": -6.036, "recon_loss": -6.044, "kld_loss": 0.016, "kld_weight": 0.5}
{"message": "", "levelname": "INFO", "name": "Trainer", "asctime": "2026-04-29 15:10:47,356", "type": "train", "epoch": 7, "batch": 359, "n_batches": 7774, "time": 0.532, "data_time": 0.0, "lr": 0.0001, "loss": -4.775, "recon_loss": -4.78, "kld_loss": 0.011, "kld_weight": 0.5}
{"message": "", "levelname": "INFO", "name": "Trainer", "asctime": "2026-04-29 15:10:55,150", "type": "train", "epoch": 7, "batch": 399, "n_batches": 7774, "time": 0.687, "data_time": 0.0, "lr": 0.0001, "loss": -7.661, "recon_loss": -7.665, "kld_loss": 0.008, "kld_weight": 0.5}
{"message": "", "levelname": "INFO", "name": "Trainer", "asctime": "2026-04-29 15:11:04,345", "type": "train", "epoch": 7, "batch": 439, "n_batches": 7774, "time": 0.797, "data_time": 0.0, "lr": 0.0001, "loss": -8.646, "recon_loss": -8.655, "kld_loss": 0.018, "kld_weight": 0.5}
{"message": "", "levelname": "INFO", "name": "Trainer", "asctime": "2026-04-29 15:11:12,481", "type": "train", "epoch": 7, "batch": 479, "n_batches": 7774, "time": 0.761, "data_time": 0.0, "lr": 0.0001, "loss": -7.317, "recon_loss": -7.32, "kld_loss": 0.006, "kld_weight": 0.5}
{"message": "", "levelname": "INFO", "name": "Trainer", "asctime": "2026-04-29 15:11:20,709", "type": "train", "epoch": 7, "batch": 519, "n_batches": 7774, "time": 1.018, "data_time": 0.0, "lr": 0.0001, "loss": -4.043, "recon_loss": -4.065, "kld_loss": 0.045, "kld_weight": 0.5}
{"message": "", "levelname": "INFO", "name": "Trainer", "asctime": "2026-04-29 15:11:28,788", "type": "train", "epoch": 7, "batch": 559, "n_batches": 7774, "time": 1.034, "data_time": 0.0, "lr": 0.0001, "loss": -8.104, "recon_loss": -8.109, "kld_loss": 0.01, "kld_weight": 0.5}
{"message": "", "levelname": "INFO", "name": "Trainer", "asctime": "2026-04-29 15:11:39,686", "type": "train", "epoch": 7, "batch": 599, "n_batches": 7774, "time": 0.743, "data_time": 0.0, "lr": 0.0001, "loss": -6.718, "recon_loss": -6.726, "kld_loss": 0.016, "kld_weight": 0.5}
{"message": "", "levelname": "INFO", "name": "Trainer", "asctime": "2026-04-29 15:11:49,083", "type": "train", "epoch": 7, "batch": 639, "n_batches": 7774, "time": 0.859, "data_time": 0.0, "lr": 0.0001, "loss": -7.027, "recon_loss": -7.031, "kld_loss": 0.009, "kld_weight": 0.5}
{"message": "", "levelname": "INFO", "name": "Trainer", "asctime": "2026-04-29 15:11:56,853", "type": "train", "epoch": 7, "batch": 679, "n_batches": 7774, "time": 0.742, "data_time": 0.0, "lr": 0.0001, "loss": -8.963, "recon_loss": -8.97, "kld_loss": 0.015, "kld_weight": 0.5}
{"message": "", "levelname": "INFO", "name": "Trainer", "asctime": "2026-04-29 15:12:06,045", "type": "train", "epoch": 7, "batch": 719, "n_batches": 7774, "time": 1.336, "data_time": 0.0, "lr": 0.0001, "loss": -6.705, "recon_loss": -6.716, "kld_loss": 0.022, "kld_weight": 0.5}
{"message": "", "levelname": "INFO", "name": "Trainer", "asctime": "2026-04-29 15:12:15,321", "type": "train", "epoch": 7, "batch": 759, "n_batches": 7774, "time": 0.681, "data_time": 0.0, "lr": 0.0001, "loss": -0.378, "recon_loss": -0.394, "kld_loss": 0.031, "kld_weight": 0.5}
{"message": "", "levelname": "INFO", "name": "Trainer", "asctime": "2026-04-29 15:12:23,406", "type": "train", "epoch": 7, "batch": 799, "n_batches": 7774, "time": 0.676, "data_time": 0.0, "lr": 0.0001, "loss": -8.67, "recon_loss": -8.674, "kld_loss": 0.008, "kld_weight": 0.5}
{"message": "", "levelname": "INFO", "name": "Trainer", "asctime": "2026-04-29 15:12:30,049", "type": "train", "epoch": 7, "batch": 839, "n_batches": 7774, "time": 0.84, "data_time": 0.0, "lr": 0.0001, "loss": -5.127, "recon_loss": -5.132, "kld_loss": 0.009, "kld_weight": 0.5}
{"message": "", "levelname": "INFO", "name": "Trainer", "asctime": "2026-04-29 15:12:37,877", "type": "train", "epoch": 7, "batch": 879, "n_batches": 7774, "time": 0.525, "data_time": 0.0, "lr": 0.0001, "loss": -9.108, "recon_loss": -9.11, "kld_loss": 0.004, "kld_weight": 0.5}
{"message": "", "levelname": "INFO", "name": "Trainer", "asctime": "2026-04-29 15:12:47,322", "type": "train", "epoch": 7, "batch": 919, "n_batches": 7774, "time": 0.833, "data_time": 0.0, "lr": 0.0001, "loss": -8.929, "recon_loss": -8.933, "kld_loss": 0.008, "kld_weight": 0.5}
{"message": "", "levelname": "INFO", "name": "Trainer", "asctime": "2026-04-29 15:12:55,307", "type": "train", "epoch": 7, "batch": 959, "n_batches": 7774, "time": 0.699, "data_time": 0.0, "lr": 0.0001, "loss": -7.423, "recon_loss": -7.433, "kld_loss": 0.019, "kld_weight": 0.5}
{"message": "", "levelname": "INFO", "name": "Trainer", "asctime": "2026-04-29 15:13:03,332", "type": "train", "epoch": 7, "batch": 999, "n_batches": 7774, "time": 1.298, "data_time": 0.0, "lr": 0.0001, "loss": -7.428, "recon_loss": -7.433, "kld_loss": 0.011, "kld_weight": 0.5}
{"message": "", "levelname": "INFO", "name": "Trainer", "asctime": "2026-04-29 15:13:11,345", "type": "train", "epoch": 7, "batch": 1039, "n_batches": 7774, "time": 0.711, "data_time": 0.0, "lr": 0.0001, "loss": -6.092, "recon_loss": -6.112, "kld_loss": 0.038, "kld_weight": 0.5}
{"message": "", "levelname": "INFO", "name": "Trainer", "asctime": "2026-04-29 15:13:20,626", "type": "train", "epoch": 7, "batch": 1079, "n_batches": 7774, "time": 0.901, "data_time": 0.0, "lr": 0.0001, "loss": -8.673, "recon_loss": -8.681, "kld_loss": 0.016, "kld_weight": 0.5}
{"message": "", "levelname": "INFO", "name": "Trainer", "asctime": "2026-04-29 15:13:28,222", "type": "train", "epoch": 7, "batch": 1119, "n_batches": 7774, "time": 0.633, "data_time": 0.0, "lr": 0.0001, "loss": -7.486, "recon_loss": -7.494, "kld_loss": 0.015, "kld_weight": 0.5}
{"message": "", "levelname": "INFO", "name": "Trainer", "asctime": "2026-04-29 15:13:35,815", "type": "train", "epoch": 7, "batch": 1159, "n_batches": 7774, "time": 0.708, "data_time": 0.0, "lr": 0.0001, "loss": -9.539, "recon_loss": -9.544, "kld_loss": 0.011, "kld_weight": 0.5}
{"message": "", "levelname": "INFO", "name": "Trainer", "asctime": "2026-04-29 15:13:46,135", "type": "train", "epoch": 7, "batch": 1199, "n_batches": 7774, "time": 0.715, "data_time": 0.0, "lr": 0.0001, "loss": -8.341, "recon_loss": -8.346, "kld_loss": 0.01, "kld_weight": 0.5}
{"message": "", "levelname": "INFO", "name": "Trainer", "asctime": "2026-04-29 15:13:54,020", "type": "train", "epoch": 7, "batch": 1239, "n_batches": 7774, "time": 0.522, "data_time": 0.0, "lr": 0.0001, "loss": -9.044, "recon_loss": -9.049, "kld_loss": 0.01, "kld_weight": 0.5}
{"message": "", "levelname": "INFO", "name": "Trainer", "asctime": "2026-04-29 15:14:02,262", "type": "train", "epoch": 7, "batch": 1279, "n_batches": 7774, "time": 0.785, "data_time": 0.0, "lr": 0.0001, "loss": -8.262, "recon_loss": -8.264, "kld_loss": 0.006, "kld_weight": 0.5}
{"message": "", "levelname": "INFO", "name": "Trainer", "asctime": "2026-04-29 15:14:09,670", "type": "train", "epoch": 7, "batch": 1319, "n_batches": 7774, "time": 1.106, "data_time": 0.0, "lr": 0.0001, "loss": -9.366, "recon_loss": -9.37, "kld_loss": 0.008, "kld_weight": 0.5}
{"message": "", "levelname": "INFO", "name": "Trainer", "asctime": "2026-04-29 15:14:18,188", "type": "train", "epoch": 7, "batch": 1359, "n_batches": 7774, "time": 0.789, "data_time": 0.0, "lr": 0.0001, "loss": -8.36, "recon_loss": -8.365, "kld_loss": 0.011, "kld_weight": 0.5}
{"message": "", "levelname": "INFO", "name": "Trainer", "asctime": "2026-04-29 15:14:25,269", "type": "train", "epoch": 7, "batch": 1399, "n_batches": 7774, "time": 0.79, "data_time": 0.0, "lr": 0.0001, "loss": -8.096, "recon_loss": -8.1, "kld_loss": 0.009, "kld_weight": 0.5}
{"message": "", "levelname": "INFO", "name": "Trainer", "asctime": "2026-04-29 15:14:33,116", "type": "train", "epoch": 7, "batch": 1439, "n_batches": 7774, "time": 0.782, "data_time": 0.0, "lr": 0.0001, "loss": -5.731, "recon_loss": -5.736, "kld_loss": 0.011, "kld_weight": 0.5}
{"message": "", "levelname": "INFO", "name": "Trainer", "asctime": "2026-04-29 15:14:41,237", "type": "train", "epoch": 7, "batch": 1479, "n_batches": 7774, "time": 0.786, "data_time": 0.0, "lr": 0.0001, "loss": -5.194, "recon_loss": -5.204, "kld_loss": 0.02, "kld_weight": 0.5}
{"message": "", "levelname": "INFO", "name": "Trainer", "asctime": "2026-04-29 15:14:48,381", "type": "train", "epoch": 7, "batch": 1519, "n_batches": 7774, "time": 0.807, "data_time": 0.0, "lr": 0.0001, "loss": -3.457, "recon_loss": -3.487, "kld_loss": 0.06, "kld_weight": 0.5}
{"message": "", "levelname": "INFO", "name": "Trainer", "asctime": "2026-04-29 15:14:55,033", "type": "train", "epoch": 7, "batch": 1559, "n_batches": 7774, "time": 0.68, "data_time": 0.0, "lr": 0.0001, "loss": -8.246, "recon_loss": -8.256, "kld_loss": 0.02, "kld_weight": 0.5}
{"message": "", "levelname": "INFO", "name": "Trainer", "asctime": "2026-04-29 15:15:02,501", "type": "train", "epoch": 7, "batch": 1599, "n_batches": 7774, "time": 0.893, "data_time": 0.0, "lr": 0.0001, "loss": -9.507, "recon_loss": -9.512, "kld_loss": 0.01, "kld_weight": 0.5}
{"message": "", "levelname": "INFO", "name": "Trainer", "asctime": "2026-04-29 15:15:09,983", "type": "train", "epoch": 7, "batch": 1639, "n_batches": 7774, "time": 0.748, "data_time": 0.0, "lr": 0.0001, "loss": -9.745, "recon_loss": -9.753, "kld_loss": 0.017, "kld_weight": 0.5}
{"message": "", "levelname": "INFO", "name": "Trainer", "asctime": "2026-04-29 15:15:17,149", "type": "train", "epoch": 7, "batch": 1679, "n_batches": 7774, "time": 0.693, "data_time": 0.0, "lr": 0.0001, "loss": -6.573, "recon_loss": -6.59, "kld_loss": 0.036, "kld_weight": 0.5}
{"message": "", "levelname": "INFO", "name": "Trainer", "asctime": "2026-04-29 15:15:24,454", "type": "train", "epoch": 7, "batch": 1719, "n_batches": 7774, "time": 0.767, "data_time": 0.0, "lr": 0.0001, "loss": -9.137, "recon_loss": -9.147, "kld_loss": 0.02, "kld_weight": 0.5}
{"message": "", "levelname": "INFO", "name": "Trainer", "asctime": "2026-04-29 15:15:31,332", "type": "train", "epoch": 7, "batch": 1759, "n_batches": 7774, "time": 1.277, "data_time": 0.0, "lr": 0.0001, "loss": -5.784, "recon_loss": -5.793, "kld_loss": 0.018, "kld_weight": 0.5}
{"message": "", "levelname": "INFO", "name": "Trainer", "asctime": "2026-04-29 15:15:39,621", "type": "train", "epoch": 7, "batch": 1799, "n_batches": 7774, "time": 0.676, "data_time": 0.0, "lr": 0.0001, "loss": -9.162, "recon_loss": -9.168, "kld_loss": 0.011, "kld_weight": 0.5}
{"message": "", "levelname": "INFO", "name": "Trainer", "asctime": "2026-04-29 15:15:46,685", "type": "train", "epoch": 7, "batch": 1839, "n_batches": 7774, "time": 0.542, "data_time": 0.0, "lr": 0.0001, "loss": -7.131, "recon_loss": -7.138, "kld_loss": 0.014, "kld_weight": 0.5}
{"message": "", "levelname": "INFO", "name": "Trainer", "asctime": "2026-04-29 15:15:54,456", "type": "train", "epoch": 7, "batch": 1879, "n_batches": 7774, "time": 0.597, "data_time": 0.0, "lr": 0.0001, "loss": -7.958, "recon_loss": -7.965, "kld_loss": 0.015, "kld_weight": 0.5}
{"message": "", "levelname": "INFO", "name": "Trainer", "asctime": "2026-04-29 15:16:01,788", "type": "train", "epoch": 7, "batch": 1919, "n_batches": 7774, "time": 0.654, "data_time": 0.0, "lr": 0.0001, "loss": 0.275, "recon_loss": 0.235, "kld_loss": 0.079, "kld_weight": 0.5}
{"message": "", "levelname": "INFO", "name": "Trainer", "asctime": "2026-04-29 15:16:11,188", "type": "train", "epoch": 7, "batch": 1959, "n_batches": 7774, "time": 0.801, "data_time": 0.0, "lr": 0.0001, "loss": -7.267, "recon_loss": -7.282, "kld_loss": 0.03, "kld_weight": 0.5}
{"message": "", "levelname": "INFO", "name": "Trainer", "asctime": "2026-04-29 15:16:18,776", "type": "train", "epoch": 7, "batch": 1999, "n_batches": 7774, "time": 0.596, "data_time": 0.0, "lr": 0.0001, "loss": -5.079, "recon_loss": -5.084, "kld_loss": 0.01, "kld_weight": 0.5}
{"message": "", "levelname": "INFO", "name": "Trainer", "asctime": "2026-04-29 15:16:25,746", "type": "train", "epoch": 7, "batch": 2039, "n_batches": 7774, "time": 0.693, "data_time": 0.0, "lr": 0.0001, "loss": -9.448, "recon_loss": -9.451, "kld_loss": 0.005, "kld_weight": 0.5}
{"message": "", "levelname": "INFO", "name": "Trainer", "asctime": "2026-04-29 15:16:33,021", "type": "train", "epoch": 7, "batch": 2079, "n_batches": 7774, "time": 0.848, "data_time": 0.0, "lr": 0.0001, "loss": -5.549, "recon_loss": -5.555, "kld_loss": 0.014, "kld_weight": 0.5}
{"message": "", "levelname": "INFO", "name": "Trainer", "asctime": "2026-04-29 15:16:40,475", "type": "train", "epoch": 7, "batch": 2119, "n_batches": 7774, "time": 0.795, "data_time": 0.0, "lr": 0.0001, "loss": -5.914, "recon_loss": -5.925, "kld_loss": 0.022, "kld_weight": 0.5}
{"message": "", "levelname": "INFO", "name": "Trainer", "asctime": "2026-04-29 15:16:49,827", "type": "train", "epoch": 7, "batch": 2159, "n_batches": 7774, "time": 0.617, "data_time": 0.0, "lr": 0.0001, "loss": -9.776, "recon_loss": -9.783, "kld_loss": 0.015, "kld_weight": 0.5}
{"message": "", "levelname": "INFO", "name": "Trainer", "asctime": "2026-04-29 15:16:56,868", "type": "train", "epoch": 7, "batch": 2199, "n_batches": 7774, "time": 0.678, "data_time": 0.0, "lr": 0.0001, "loss": -8.012, "recon_loss": -8.015, "kld_loss": 0.006, "kld_weight": 0.5}
{"message": "", "levelname": "INFO", "name": "Trainer", "asctime": "2026-04-29 15:17:06,778", "type": "train", "epoch": 7, "batch": 2239, "n_batches": 7774, "time": 1.347, "data_time": 0.0, "lr": 0.0001, "loss": -7.19, "recon_loss": -7.198, "kld_loss": 0.015, "kld_weight": 0.5}
{"message": "", "levelname": "INFO", "name": "Trainer", "asctime": "2026-04-29 15:17:15,618", "type": "train", "epoch": 7, "batch": 2279, "n_batches": 7774, "time": 0.971, "data_time": 0.0, "lr": 0.0001, "loss": -8.47, "recon_loss": -8.473, "kld_loss": 0.005, "kld_weight": 0.5}
{"message": "", "levelname": "INFO", "name": "Trainer", "asctime": "2026-04-29 15:17:24,721", "type": "train", "epoch": 7, "batch": 2319, "n_batches": 7774, "time": 0.646, "data_time": 0.0, "lr": 0.0001, "loss": -7.201, "recon_loss": -7.213, "kld_loss": 0.025, "kld_weight": 0.5}
{"message": "", "levelname": "INFO", "name": "Trainer", "asctime": "2026-04-29 15:17:32,121", "type": "train", "epoch": 7, "batch": 2359, "n_batches": 7774, "time": 0.747, "data_time": 0.0, "lr": 0.0001, "loss": -7.783, "recon_loss": -7.785, "kld_loss": 0.005, "kld_weight": 0.5}
{"message": "", "levelname": "INFO", "name": "Trainer", "asctime": "2026-04-29 15:17:39,165", "type": "train", "epoch": 7, "batch": 2399, "n_batches": 7774, "time": 0.846, "data_time": 0.0, "lr": 0.0001, "loss": -7.198, "recon_loss": -7.201, "kld_loss": 0.006, "kld_weight": 0.5}
{"message": "", "levelname": "INFO", "name": "Trainer", "asctime": "2026-04-29 15:17:49,484", "type": "train", "epoch": 7, "batch": 2439, "n_batches": 7774, "time": 2.176, "data_time": 0.0, "lr": 0.0001, "loss": -8.23, "recon_loss": -8.234, "kld_loss": 0.006, "kld_weight": 0.5}
{"message": "", "levelname": "INFO", "name": "Trainer", "asctime": "2026-04-29 15:17:57,953", "type": "train", "epoch": 7, "batch": 2479, "n_batches": 7774, "time": 0.676, "data_time": 0.0, "lr": 0.0001, "loss": -2.156, "recon_loss": -2.181, "kld_loss": 0.05, "kld_weight": 0.5}
{"message": "", "levelname": "INFO", "name": "Trainer", "asctime": "2026-04-29 15:18:06,192", "type": "train", "epoch": 7, "batch": 2519, "n_batches": 7774, "time": 0.773, "data_time": 0.0, "lr": 0.0001, "loss": -10.263, "recon_loss": -10.266, "kld_loss": 0.005, "kld_weight": 0.5}
{"message": "", "levelname": "INFO", "name": "Trainer", "asctime": "2026-04-29 15:18:16,004", "type": "train", "epoch": 7, "batch": 2559, "n_batches": 7774, "time": 0.707, "data_time": 0.0, "lr": 0.0001, "loss": -2.43, "recon_loss": -2.473, "kld_loss": 0.087, "kld_weight": 0.5}
{"message": "", "levelname": "INFO", "name": "Trainer", "asctime": "2026-04-29 15:18:26,330", "type": "train", "epoch": 7, "batch": 2599, "n_batches": 7774, "time": 0.69, "data_time": 0.0, "lr": 0.0001, "loss": -7.295, "recon_loss": -7.3, "kld_loss": 0.011, "kld_weight": 0.5}
{"message": "", "levelname": "INFO", "name": "Trainer", "asctime": "2026-04-29 15:18:35,546", "type": "train", "epoch": 7, "batch": 2639, "n_batches": 7774, "time": 0.646, "data_time": 0.0, "lr": 0.0001, "loss": -7.235, "recon_loss": -7.239, "kld_loss": 0.008, "kld_weight": 0.5}
{"message": "", "levelname": "INFO", "name": "Trainer", "asctime": "2026-04-29 15:18:44,767", "type": "train", "epoch": 7, "batch": 2679, "n_batches": 7774, "time": 0.688, "data_time": 0.0, "lr": 0.0001, "loss": -8.196, "recon_loss": -8.205, "kld_loss": 0.019, "kld_weight": 0.5}
{"message": "", "levelname": "INFO", "name": "Trainer", "asctime": "2026-04-29 15:18:56,130", "type": "train", "epoch": 7, "batch": 2719, "n_batches": 7774, "time": 0.819, "data_time": 0.0, "lr": 0.0001, "loss": -8.79, "recon_loss": -8.794, "kld_loss": 0.007, "kld_weight": 0.5}
{"message": "", "levelname": "INFO", "name": "Trainer", "asctime": "2026-04-29 15:19:04,316", "type": "train", "epoch": 7, "batch": 2759, "n_batches": 7774, "time": 0.738, "data_time": 0.0, "lr": 0.0001, "loss": -8.192, "recon_loss": -8.2, "kld_loss": 0.015, "kld_weight": 0.5}
{"message": "", "levelname": "INFO", "name": "Trainer", "asctime": "2026-04-29 15:19:14,709", "type": "train", "epoch": 7, "batch": 2799, "n_batches": 7774, "time": 0.755, "data_time": 0.0, "lr": 0.0001, "loss": -4.872, "recon_loss": -4.886, "kld_loss": 0.027, "kld_weight": 0.5}
{"message": "", "levelname": "INFO", "name": "Trainer", "asctime": "2026-04-29 15:19:22,644", "type": "train", "epoch": 7, "batch": 2839, "n_batches": 7774, "time": 0.831, "data_time": 0.0, "lr": 0.0001, "loss": -6.171, "recon_loss": -6.178, "kld_loss": 0.015, "kld_weight": 0.5}
{"message": "", "levelname": "INFO", "name": "Trainer", "asctime": "2026-04-29 15:19:31,372", "type": "train", "epoch": 7, "batch": 2879, "n_batches": 7774, "time": 0.709, "data_time": 0.0, "lr": 0.0001, "loss": -6.253, "recon_loss": -6.259, "kld_loss": 0.014, "kld_weight": 0.5}
{"message": "", "levelname": "INFO", "name": "Trainer", "asctime": "2026-04-29 15:19:39,303", "type": "train", "epoch": 7, "batch": 2919, "n_batches": 7774, "time": 0.785, "data_time": 0.0, "lr": 0.0001, "loss": -10.219, "recon_loss": -10.225, "kld_loss": 0.013, "kld_weight": 0.5}
{"message": "", "levelname": "INFO", "name": "Trainer", "asctime": "2026-04-29 15:19:47,573", "type": "train", "epoch": 7, "batch": 2959, "n_batches": 7774, "time": 0.58, "data_time": 0.0, "lr": 0.0001, "loss": -7.011, "recon_loss": -7.015, "kld_loss": 0.007, "kld_weight": 0.5}
{"message": "", "levelname": "INFO", "name": "Trainer", "asctime": "2026-04-29 15:19:55,796", "type": "train", "epoch": 7, "batch": 2999, "n_batches": 7774, "time": 0.663, "data_time": 0.0, "lr": 0.0001, "loss": -3.88, "recon_loss": -3.891, "kld_loss": 0.022, "kld_weight": 0.5}
{"message": "", "levelname": "INFO", "name": "Trainer", "asctime": "2026-04-29 15:20:02,766", "type": "train", "epoch": 7, "batch": 3039, "n_batches": 7774, "time": 0.791, "data_time": 0.0, "lr": 0.0001, "loss": -8.561, "recon_loss": -8.565, "kld_loss": 0.008, "kld_weight": 0.5}
{"message": "", "levelname": "INFO", "name": "Trainer", "asctime": "2026-04-29 15:20:11,150", "type": "train", "epoch": 7, "batch": 3079, "n_batches": 7774, "time": 0.877, "data_time": 0.0, "lr": 0.0001, "loss": -6.441, "recon_loss": -6.455, "kld_loss": 0.028, "kld_weight": 0.5}
{"message": "", "levelname": "INFO", "name": "Trainer", "asctime": "2026-04-29 15:20:19,570", "type": "train", "epoch": 7, "batch": 3119, "n_batches": 7774, "time": 0.842, "data_time": 0.0, "lr": 0.0001, "loss": -7.08, "recon_loss": -7.087, "kld_loss": 0.013, "kld_weight": 0.5}
{"message": "", "levelname": "INFO", "name": "Trainer", "asctime": "2026-04-29 15:20:29,788", "type": "train", "epoch": 7, "batch": 3159, "n_batches": 7774, "time": 0.908, "data_time": 0.0, "lr": 0.0001, "loss": -6.724, "recon_loss": -6.727, "kld_loss": 0.007, "kld_weight": 0.5}
{"message": "", "levelname": "INFO", "name": "Trainer", "asctime": "2026-04-29 15:20:38,170", "type": "train", "epoch": 7, "batch": 3199, "n_batches": 7774, "time": 0.758, "data_time": 0.0, "lr": 0.0001, "loss": -6.192, "recon_loss": -6.198, "kld_loss": 0.013, "kld_weight": 0.5}
{"message": "", "levelname": "INFO", "name": "Trainer", "asctime": "2026-04-29 15:20:46,556", "type": "train", "epoch": 7, "batch": 3239, "n_batches": 7774, "time": 0.838, "data_time": 0.0, "lr": 0.0001, "loss": -10.231, "recon_loss": -10.235, "kld_loss": 0.008, "kld_weight": 0.5}
{"message": "", "levelname": "INFO", "name": "Trainer", "asctime": "2026-04-29 15:20:55,072", "type": "train", "epoch": 7, "batch": 3279, "n_batches": 7774, "time": 0.686, "data_time": 0.0, "lr": 0.0001, "loss": -9.993, "recon_loss": -9.995, "kld_loss": 0.005, "kld_weight": 0.5}
{"message": "", "levelname": "INFO", "name": "Trainer", "asctime": "2026-04-29 15:21:03,050", "type": "train", "epoch": 7, "batch": 3319, "n_batches": 7774, "time": 0.695, "data_time": 0.0, "lr": 0.0001, "loss": -7.19, "recon_loss": -7.196, "kld_loss": 0.012, "kld_weight": 0.5}
{"message": "", "levelname": "INFO", "name": "Trainer", "asctime": "2026-04-29 15:21:11,624", "type": "train", "epoch": 7, "batch": 3359, "n_batches": 7774, "time": 0.915, "data_time": 0.0, "lr": 0.0001, "loss": -5.022, "recon_loss": -5.027, "kld_loss": 0.01, "kld_weight": 0.5}
{"message": "", "levelname": "INFO", "name": "Trainer", "asctime": "2026-04-29 15:21:20,192", "type": "train", "epoch": 7, "batch": 3399, "n_batches": 7774, "time": 0.576, "data_time": 0.0, "lr": 0.0001, "loss": -5.336, "recon_loss": -5.353, "kld_loss": 0.033, "kld_weight": 0.5}
{"message": "", "levelname": "INFO", "name": "Trainer", "asctime": "2026-04-29 15:21:27,511", "type": "train", "epoch": 7, "batch": 3439, "n_batches": 7774, "time": 0.637, "data_time": 0.0, "lr": 0.0001, "loss": -3.769, "recon_loss": -3.777, "kld_loss": 0.015, "kld_weight": 0.5}
{"message": "", "levelname": "INFO", "name": "Trainer", "asctime": "2026-04-29 15:21:36,147", "type": "train", "epoch": 7, "batch": 3479, "n_batches": 7774, "time": 0.744, "data_time": 0.0, "lr": 0.0001, "loss": -7.007, "recon_loss": -7.012, "kld_loss": 0.01, "kld_weight": 0.5}
{"message": "", "levelname": "INFO", "name": "Trainer", "asctime": "2026-04-29 15:21:42,868", "type": "train", "epoch": 7, "batch": 3519, "n_batches": 7774, "time": 0.673, "data_time": 0.0, "lr": 0.0001, "loss": 1.672, "recon_loss": 1.626, "kld_loss": 0.092, "kld_weight": 0.5}
{"message": "", "levelname": "INFO", "name": "Trainer", "asctime": "2026-04-29 15:21:52,434", "type": "train", "epoch": 7, "batch": 3559, "n_batches": 7774, "time": 0.874, "data_time": 0.0, "lr": 0.0001, "loss": -7.58, "recon_loss": -7.593, "kld_loss": 0.026, "kld_weight": 0.5}
{"message": "", "levelname": "INFO", "name": "Trainer", "asctime": "2026-04-29 15:22:01,366", "type": "train", "epoch": 7, "batch": 3599, "n_batches": 7774, "time": 0.889, "data_time": 0.0, "lr": 0.0001, "loss": -10.201, "recon_loss": -10.205, "kld_loss": 0.007, "kld_weight": 0.5}
{"message": "", "levelname": "INFO", "name": "Trainer", "asctime": "2026-04-29 15:22:10,385", "type": "train", "epoch": 7, "batch": 3639, "n_batches": 7774, "time": 1.481, "data_time": 0.0, "lr": 0.0001, "loss": -8.136, "recon_loss": -8.143, "kld_loss": 0.016, "kld_weight": 0.5}
{"message": "", "levelname": "INFO", "name": "Trainer", "asctime": "2026-04-29 15:22:18,106", "type": "train", "epoch": 7, "batch": 3679, "n_batches": 7774, "time": 0.643, "data_time": 0.0, "lr": 0.0001, "loss": -8.191, "recon_loss": -8.195, "kld_loss": 0.008, "kld_weight": 0.5}
{"message": "", "levelname": "INFO", "name": "Trainer", "asctime": "2026-04-29 15:22:25,730", "type": "train", "epoch": 7, "batch": 3719, "n_batches": 7774, "time": 0.683, "data_time": 0.0, "lr": 0.0001, "loss": -9.702, "recon_loss": -9.706, "kld_loss": 0.009, "kld_weight": 0.5}
{"message": "", "levelname": "INFO", "name": "Trainer", "asctime": "2026-04-29 15:22:33,893", "type": "train", "epoch": 7, "batch": 3759, "n_batches": 7774, "time": 0.84, "data_time": 0.0, "lr": 0.0001, "loss": -9.813, "recon_loss": -9.818, "kld_loss": 0.009, "kld_weight": 0.5}
{"message": "", "levelname": "INFO", "name": "Trainer", "asctime": "2026-04-29 15:22:44,211", "type": "train", "epoch": 7, "batch": 3799, "n_batches": 7774, "time": 1.134, "data_time": 0.0, "lr": 0.0001, "loss": -8.56, "recon_loss": -8.566, "kld_loss": 0.012, "kld_weight": 0.5}
{"message": "", "levelname": "INFO", "name": "Trainer", "asctime": "2026-04-29 15:22:53,226", "type": "train", "epoch": 7, "batch": 3839, "n_batches": 7774, "time": 0.711, "data_time": 0.0, "lr": 0.0001, "loss": -7.082, "recon_loss": -7.089, "kld_loss": 0.014, "kld_weight": 0.5}
{"message": "", "levelname": "INFO", "name": "Trainer", "asctime": "2026-04-29 15:23:01,274", "type": "train", "epoch": 7, "batch": 3879, "n_batches": 7774, "time": 0.691, "data_time": 0.0, "lr": 0.0001, "loss": -3.831, "recon_loss": -3.853, "kld_loss": 0.043, "kld_weight": 0.5}
{"message": "", "levelname": "INFO", "name": "Trainer", "asctime": "2026-04-29 15:23:09,788", "type": "train", "epoch": 7, "batch": 3919, "n_batches": 7774, "time": 0.795, "data_time": 0.0, "lr": 0.0001, "loss": -7.496, "recon_loss": -7.502, "kld_loss": 0.012, "kld_weight": 0.5}
{"message": "", "levelname": "INFO", "name": "Trainer", "asctime": "2026-04-29 15:23:18,724", "type": "train", "epoch": 7, "batch": 3959, "n_batches": 7774, "time": 0.772, "data_time": 0.0, "lr": 0.0001, "loss": -8.679, "recon_loss": -8.683, "kld_loss": 0.007, "kld_weight": 0.5}
{"message": "", "levelname": "INFO", "name": "Trainer", "asctime": "2026-04-29 15:23:28,280", "type": "train", "epoch": 7, "batch": 3999, "n_batches": 7774, "time": 1.224, "data_time": 0.0, "lr": 0.0001, "loss": -7.727, "recon_loss": -7.73, "kld_loss": 0.006, "kld_weight": 0.5}
{"message": "", "levelname": "INFO", "name": "Trainer", "asctime": "2026-04-29 15:23:37,387", "type": "train", "epoch": 7, "batch": 4039, "n_batches": 7774, "time": 0.458, "data_time": 0.0, "lr": 0.0001, "loss": -7.84, "recon_loss": -7.848, "kld_loss": 0.015, "kld_weight": 0.5}
{"message": "", "levelname": "INFO", "name": "Trainer", "asctime": "2026-04-29 15:23:44,808", "type": "train", "epoch": 7, "batch": 4079, "n_batches": 7774, "time": 0.656, "data_time": 0.0, "lr": 0.0001, "loss": -6.734, "recon_loss": -6.743, "kld_loss": 0.019, "kld_weight": 0.5}
{"message": "", "levelname": "INFO", "name": "Trainer", "asctime": "2026-04-29 15:23:53,187", "type": "train", "epoch": 7, "batch": 4119, "n_batches": 7774, "time": 0.581, "data_time": 0.0, "lr": 0.0001, "loss": -6.328, "recon_loss": -6.334, "kld_loss": 0.011, "kld_weight": 0.5}
{"message": "", "levelname": "INFO", "name": "Trainer", "asctime": "2026-04-29 15:24:01,076", "type": "train", "epoch": 7, "batch": 4159, "n_batches": 7774, "time": 0.611, "data_time": 0.0, "lr": 0.0001, "loss": -4.91, "recon_loss": -4.918, "kld_loss": 0.017, "kld_weight": 0.5}
{"message": "", "levelname": "INFO", "name": "Trainer", "asctime": "2026-04-29 15:24:08,955", "type": "train", "epoch": 7, "batch": 4199, "n_batches": 7774, "time": 0.699, "data_time": 0.0, "lr": 0.0001, "loss": -5.097, "recon_loss": -5.116, "kld_loss": 0.038, "kld_weight": 0.5}
{"message": "", "levelname": "INFO", "name": "Trainer", "asctime": "2026-04-29 15:24:17,109", "type": "train", "epoch": 7, "batch": 4239, "n_batches": 7774, "time": 0.931, "data_time": 0.0, "lr": 0.0001, "loss": -6.748, "recon_loss": -6.752, "kld_loss": 0.008, "kld_weight": 0.5}
{"message": "", "levelname": "INFO", "name": "Trainer", "asctime": "2026-04-29 15:24:24,335", "type": "train", "epoch": 7, "batch": 4279, "n_batches": 7774, "time": 0.775, "data_time": 0.0, "lr": 0.0001, "loss": -6.183, "recon_loss": -6.19, "kld_loss": 0.013, "kld_weight": 0.5}
{"message": "", "levelname": "INFO", "name": "Trainer", "asctime": "2026-04-29 15:24:33,096", "type": "train", "epoch": 7, "batch": 4319, "n_batches": 7774, "time": 0.989, "data_time": 0.0, "lr": 0.0001, "loss": -9.34, "recon_loss": -9.344, "kld_loss": 0.007, "kld_weight": 0.5}
{"message": "", "levelname": "INFO", "name": "Trainer", "asctime": "2026-04-29 15:24:42,480", "type": "train", "epoch": 7, "batch": 4359, "n_batches": 7774, "time": 0.902, "data_time": 0.0, "lr": 0.0001, "loss": -7.128, "recon_loss": -7.134, "kld_loss": 0.011, "kld_weight": 0.5}
{"message": "", "levelname": "INFO", "name": "Trainer", "asctime": "2026-04-29 15:24:50,863", "type": "train", "epoch": 7, "batch": 4399, "n_batches": 7774, "time": 0.758, "data_time": 0.0, "lr": 0.0001, "loss": -6.485, "recon_loss": -6.51, "kld_loss": 0.05, "kld_weight": 0.5}
{"message": "", "levelname": "INFO", "name": "Trainer", "asctime": "2026-04-29 15:24:59,170", "type": "train", "epoch": 7, "batch": 4439, "n_batches": 7774, "time": 0.791, "data_time": 0.0, "lr": 0.0001, "loss": -5.878, "recon_loss": -5.89, "kld_loss": 0.025, "kld_weight": 0.5}
{"message": "", "levelname": "INFO", "name": "Trainer", "asctime": "2026-04-29 15:25:07,743", "type": "train", "epoch": 7, "batch": 4479, "n_batches": 7774, "time": 0.654, "data_time": 0.0, "lr": 0.0001, "loss": -6.015, "recon_loss": -6.028, "kld_loss": 0.026, "kld_weight": 0.5}
{"message": "", "levelname": "INFO", "name": "Trainer", "asctime": "2026-04-29 15:25:16,538", "type": "train", "epoch": 7, "batch": 4519, "n_batches": 7774, "time": 0.791, "data_time": 0.0, "lr": 0.0001, "loss": -5.35, "recon_loss": -5.357, "kld_loss": 0.014, "kld_weight": 0.5}
{"message": "", "levelname": "INFO", "name": "Trainer", "asctime": "2026-04-29 15:25:24,986", "type": "train", "epoch": 7, "batch": 4559, "n_batches": 7774, "time": 0.661, "data_time": 0.0, "lr": 0.0001, "loss": -5.183, "recon_loss": -5.206, "kld_loss": 0.047, "kld_weight": 0.5}
{"message": "", "levelname": "INFO", "name": "Trainer", "asctime": "2026-04-29 15:25:32,822", "type": "train", "epoch": 7, "batch": 4599, "n_batches": 7774, "time": 0.878, "data_time": 0.0, "lr": 0.0001, "loss": -5.6, "recon_loss": -5.611, "kld_loss": 0.022, "kld_weight": 0.5}
{"message": "", "levelname": "INFO", "name": "Trainer", "asctime": "2026-04-29 15:25:40,937", "type": "train", "epoch": 7, "batch": 4639, "n_batches": 7774, "time": 0.714, "data_time": 0.0, "lr": 0.0001, "loss": -9.694, "recon_loss": -9.697, "kld_loss": 0.008, "kld_weight": 0.5}
{"message": "", "levelname": "INFO", "name": "Trainer", "asctime": "2026-04-29 15:25:48,956", "type": "train", "epoch": 7, "batch": 4679, "n_batches": 7774, "time": 0.767, "data_time": 0.0, "lr": 0.0001, "loss": -5.256, "recon_loss": -5.265, "kld_loss": 0.018, "kld_weight": 0.5}
{"message": "", "levelname": "INFO", "name": "Trainer", "asctime": "2026-04-29 15:25:56,670", "type": "train", "epoch": 7, "batch": 4719, "n_batches": 7774, "time": 0.759, "data_time": 0.0, "lr": 0.0001, "loss": -2.478, "recon_loss": -2.511, "kld_loss": 0.067, "kld_weight": 0.5}
{"message": "", "levelname": "INFO", "name": "Trainer", "asctime": "2026-04-29 15:26:05,821", "type": "train", "epoch": 7, "batch": 4759, "n_batches": 7774, "time": 0.64, "data_time": 0.0, "lr": 0.0001, "loss": -6.772, "recon_loss": -6.781, "kld_loss": 0.018, "kld_weight": 0.5}
{"message": "", "levelname": "INFO", "name": "Trainer", "asctime": "2026-04-29 15:26:13,419", "type": "train", "epoch": 7, "batch": 4799, "n_batches": 7774, "time": 0.753, "data_time": 0.0, "lr": 0.0001, "loss": -3.656, "recon_loss": -3.667, "kld_loss": 0.022, "kld_weight": 0.5}
{"message": "", "levelname": "INFO", "name": "Trainer", "asctime": "2026-04-29 15:26:23,032", "type": "train", "epoch": 7, "batch": 4839, "n_batches": 7774, "time": 1.49, "data_time": 0.0, "lr": 0.0001, "loss": -9.416, "recon_loss": -9.423, "kld_loss": 0.015, "kld_weight": 0.5}
{"message": "", "levelname": "INFO", "name": "Trainer", "asctime": "2026-04-29 15:26:32,043", "type": "train", "epoch": 7, "batch": 4879, "n_batches": 7774, "time": 0.844, "data_time": 0.0, "lr": 0.0001, "loss": -8.214, "recon_loss": -8.216, "kld_loss": 0.004, "kld_weight": 0.5}
{"message": "", "levelname": "INFO", "name": "Trainer", "asctime": "2026-04-29 15:26:38,394", "type": "train", "epoch": 7, "batch": 4919, "n_batches": 7774, "time": 0.624, "data_time": 0.0, "lr": 0.0001, "loss": -7.696, "recon_loss": -7.706, "kld_loss": 0.02, "kld_weight": 0.5}
{"message": "", "levelname": "INFO", "name": "Trainer", "asctime": "2026-04-29 15:26:45,881", "type": "train", "epoch": 7, "batch": 4959, "n_batches": 7774, "time": 0.785, "data_time": 0.0, "lr": 0.0001, "loss": -7.6, "recon_loss": -7.606, "kld_loss": 0.011, "kld_weight": 0.5}
{"message": "", "levelname": "INFO", "name": "Trainer", "asctime": "2026-04-29 15:26:55,208", "type": "train", "epoch": 7, "batch": 4999, "n_batches": 7774, "time": 0.701, "data_time": 0.0, "lr": 0.0001, "loss": -9.852, "recon_loss": -9.854, "kld_loss": 0.003, "kld_weight": 0.5}
{"message": "", "levelname": "INFO", "name": "Trainer", "asctime": "2026-04-29 15:27:04,129", "type": "train", "epoch": 7, "batch": 5039, "n_batches": 7774, "time": 0.784, "data_time": 0.0, "lr": 0.0001, "loss": -6.037, "recon_loss": -6.039, "kld_loss": 0.003, "kld_weight": 0.5}
{"message": "", "levelname": "INFO", "name": "Trainer", "asctime": "2026-04-29 15:27:12,737", "type": "train", "epoch": 7, "batch": 5079, "n_batches": 7774, "time": 0.88, "data_time": 0.0, "lr": 0.0001, "loss": -5.849, "recon_loss": -5.855, "kld_loss": 0.012, "kld_weight": 0.5}
{"message": "", "levelname": "INFO", "name": "Trainer", "asctime": "2026-04-29 15:27:21,147", "type": "train", "epoch": 7, "batch": 5119, "n_batches": 7774, "time": 0.591, "data_time": 0.0, "lr": 0.0001, "loss": -9.143, "recon_loss": -9.144, "kld_loss": 0.002, "kld_weight": 0.5}
{"message": "", "levelname": "INFO", "name": "Trainer", "asctime": "2026-04-29 15:27:27,867", "type": "train", "epoch": 7, "batch": 5159, "n_batches": 7774, "time": 0.366, "data_time": 0.0, "lr": 0.0001, "loss": -8.547, "recon_loss": -8.551, "kld_loss": 0.007, "kld_weight": 0.5}
{"message": "", "levelname": "INFO", "name": "Trainer", "asctime": "2026-04-29 15:27:36,128", "type": "train", "epoch": 7, "batch": 5199, "n_batches": 7774, "time": 1.316, "data_time": 0.0, "lr": 0.0001, "loss": -7.951, "recon_loss": -7.956, "kld_loss": 0.011, "kld_weight": 0.5}
{"message": "", "levelname": "INFO", "name": "Trainer", "asctime": "2026-04-29 15:27:44,843", "type": "train", "epoch": 7, "batch": 5239, "n_batches": 7774, "time": 0.605, "data_time": 0.0, "lr": 0.0001, "loss": -8.319, "recon_loss": -8.323, "kld_loss": 0.008, "kld_weight": 0.5}
{"message": "", "levelname": "INFO", "name": "Trainer", "asctime": "2026-04-29 15:27:52,717", "type": "train", "epoch": 7, "batch": 5279, "n_batches": 7774, "time": 0.853, "data_time": 0.0, "lr": 0.0001, "loss": -8.16, "recon_loss": -8.164, "kld_loss": 0.007, "kld_weight": 0.5}
{"message": "", "levelname": "INFO", "name": "Trainer", "asctime": "2026-04-29 15:28:00,228", "type": "train", "epoch": 7, "batch": 5319, "n_batches": 7774, "time": 0.714, "data_time": 0.0, "lr": 0.0001, "loss": -6.257, "recon_loss": -6.267, "kld_loss": 0.02, "kld_weight": 0.5}
{"message": "", "levelname": "INFO", "name": "Trainer", "asctime": "2026-04-29 15:28:08,154", "type": "train", "epoch": 7, "batch": 5359, "n_batches": 7774, "time": 0.73, "data_time": 0.0, "lr": 0.0001, "loss": -7.017, "recon_loss": -7.022, "kld_loss": 0.009, "kld_weight": 0.5}
{"message": "", "levelname": "INFO", "name": "Trainer", "asctime": "2026-04-29 15:28:15,972", "type": "train", "epoch": 7, "batch": 5399, "n_batches": 7774, "time": 0.736, "data_time": 0.0, "lr": 0.0001, "loss": -5.61, "recon_loss": -5.621, "kld_loss": 0.022, "kld_weight": 0.5}
{"message": "", "levelname": "INFO", "name": "Trainer", "asctime": "2026-04-29 15:28:24,261", "type": "train", "epoch": 7, "batch": 5439, "n_batches": 7774, "time": 0.824, "data_time": 0.0, "lr": 0.0001, "loss": -8.22, "recon_loss": -8.224, "kld_loss": 0.009, "kld_weight": 0.5}
{"message": "", "levelname": "INFO", "name": "Trainer", "asctime": "2026-04-29 15:28:31,106", "type": "train", "epoch": 7, "batch": 5479, "n_batches": 7774, "time": 0.748, "data_time": 0.0, "lr": 0.0001, "loss": -5.781, "recon_loss": -5.787, "kld_loss": 0.012, "kld_weight": 0.5}
{"message": "", "levelname": "INFO", "name": "Trainer", "asctime": "2026-04-29 15:28:39,839", "type": "train", "epoch": 7, "batch": 5519, "n_batches": 7774, "time": 0.649, "data_time": 0.0, "lr": 0.0001, "loss": -10.679, "recon_loss": -10.681, "kld_loss": 0.003, "kld_weight": 0.5}
{"message": "", "levelname": "INFO", "name": "Trainer", "asctime": "2026-04-29 15:28:46,859", "type": "train", "epoch": 7, "batch": 5559, "n_batches": 7774, "time": 0.789, "data_time": 0.0, "lr": 0.0001, "loss": -8.376, "recon_loss": -8.378, "kld_loss": 0.003, "kld_weight": 0.5}
{"message": "", "levelname": "INFO", "name": "Trainer", "asctime": "2026-04-29 15:28:55,556", "type": "train", "epoch": 7, "batch": 5599, "n_batches": 7774, "time": 0.854, "data_time": 0.0, "lr": 0.0001, "loss": -8.342, "recon_loss": -8.345, "kld_loss": 0.005, "kld_weight": 0.5}
{"message": "", "levelname": "INFO", "name": "Trainer", "asctime": "2026-04-29 15:29:04,556", "type": "train", "epoch": 7, "batch": 5639, "n_batches": 7774, "time": 0.66, "data_time": 0.0, "lr": 0.0001, "loss": -6.436, "recon_loss": -6.441, "kld_loss": 0.011, "kld_weight": 0.5}
{"message": "", "levelname": "INFO", "name": "Trainer", "asctime": "2026-04-29 15:29:14,172", "type": "train", "epoch": 7, "batch": 5679, "n_batches": 7774, "time": 0.827, "data_time": 0.0, "lr": 0.0001, "loss": -9.338, "recon_loss": -9.341, "kld_loss": 0.005, "kld_weight": 0.5}
{"message": "", "levelname": "INFO", "name": "Trainer", "asctime": "2026-04-29 15:29:22,353", "type": "train", "epoch": 7, "batch": 5719, "n_batches": 7774, "time": 1.259, "data_time": 0.0, "lr": 0.0001, "loss": -9.824, "recon_loss": -9.831, "kld_loss": 0.016, "kld_weight": 0.5}
{"message": "", "levelname": "INFO", "name": "Trainer", "asctime": "2026-04-29 15:29:31,493", "type": "train", "epoch": 7, "batch": 5759, "n_batches": 7774, "time": 0.761, "data_time": 0.0, "lr": 0.0001, "loss": -9.186, "recon_loss": -9.194, "kld_loss": 0.016, "kld_weight": 0.5}
{"message": "", "levelname": "INFO", "name": "Trainer", "asctime": "2026-04-29 15:29:39,235", "type": "train", "epoch": 7, "batch": 5799, "n_batches": 7774, "time": 0.81, "data_time": 0.0, "lr": 0.0001, "loss": -6.276, "recon_loss": -6.285, "kld_loss": 0.018, "kld_weight": 0.5}
{"message": "", "levelname": "INFO", "name": "Trainer", "asctime": "2026-04-29 15:29:47,330", "type": "train", "epoch": 7, "batch": 5839, "n_batches": 7774, "time": 0.803, "data_time": 0.0, "lr": 0.0001, "loss": -7.679, "recon_loss": -7.689, "kld_loss": 0.021, "kld_weight": 0.5}
{"message": "", "levelname": "INFO", "name": "Trainer", "asctime": "2026-04-29 15:29:54,690", "type": "train", "epoch": 7, "batch": 5879, "n_batches": 7774, "time": 0.661, "data_time": 0.0, "lr": 0.0001, "loss": -8.127, "recon_loss": -8.131, "kld_loss": 0.008, "kld_weight": 0.5}
{"message": "", "levelname": "INFO", "name": "Trainer", "asctime": "2026-04-29 15:30:02,764", "type": "train", "epoch": 7, "batch": 5919, "n_batches": 7774, "time": 1.453, "data_time": 0.0, "lr": 0.0001, "loss": -8.296, "recon_loss": -8.302, "kld_loss": 0.011, "kld_weight": 0.5}
{"message": "", "levelname": "INFO", "name": "Trainer", "asctime": "2026-04-29 15:30:11,005", "type": "train", "epoch": 7, "batch": 5959, "n_batches": 7774, "time": 0.724, "data_time": 0.0, "lr": 0.0001, "loss": -3.091, "recon_loss": -3.098, "kld_loss": 0.014, "kld_weight": 0.5}
{"message": "", "levelname": "INFO", "name": "Trainer", "asctime": "2026-04-29 15:30:18,732", "type": "train", "epoch": 7, "batch": 5999, "n_batches": 7774, "time": 0.724, "data_time": 0.0, "lr": 0.0001, "loss": -6.205, "recon_loss": -6.21, "kld_loss": 0.009, "kld_weight": 0.5}
{"message": "", "levelname": "INFO", "name": "Trainer", "asctime": "2026-04-29 15:30:27,269", "type": "train", "epoch": 7, "batch": 6039, "n_batches": 7774, "time": 0.886, "data_time": 0.0, "lr": 0.0001, "loss": -9.62, "recon_loss": -9.625, "kld_loss": 0.008, "kld_weight": 0.5}
{"message": "", "levelname": "INFO", "name": "Trainer", "asctime": "2026-04-29 15:30:35,103", "type": "train", "epoch": 7, "batch": 6079, "n_batches": 7774, "time": 0.827, "data_time": 0.0, "lr": 0.0001, "loss": -6.862, "recon_loss": -6.863, "kld_loss": 0.003, "kld_weight": 0.5}
{"message": "", "levelname": "INFO", "name": "Trainer", "asctime": "2026-04-29 15:30:43,554", "type": "train", "epoch": 7, "batch": 6119, "n_batches": 7774, "time": 0.674, "data_time": 0.0, "lr": 0.0001, "loss": -8.919, "recon_loss": -8.922, "kld_loss": 0.006, "kld_weight": 0.5}
{"message": "", "levelname": "INFO", "name": "Trainer", "asctime": "2026-04-29 15:30:51,395", "type": "train", "epoch": 7, "batch": 6159, "n_batches": 7774, "time": 0.711, "data_time": 0.0, "lr": 0.0001, "loss": -9.199, "recon_loss": -9.203, "kld_loss": 0.007, "kld_weight": 0.5}
{"message": "", "levelname": "INFO", "name": "Trainer", "asctime": "2026-04-29 15:30:59,520", "type": "train", "epoch": 7, "batch": 6199, "n_batches": 7774, "time": 0.819, "data_time": 0.0, "lr": 0.0001, "loss": -5.602, "recon_loss": -5.611, "kld_loss": 0.019, "kld_weight": 0.5}
{"message": "", "levelname": "INFO", "name": "Trainer", "asctime": "2026-04-29 15:31:07,275", "type": "train", "epoch": 7, "batch": 6239, "n_batches": 7774, "time": 0.805, "data_time": 0.0, "lr": 0.0001, "loss": -6.859, "recon_loss": -6.863, "kld_loss": 0.008, "kld_weight": 0.5}
{"message": "", "levelname": "INFO", "name": "Trainer", "asctime": "2026-04-29 15:31:14,889", "type": "train", "epoch": 7, "batch": 6279, "n_batches": 7774, "time": 0.705, "data_time": 0.0, "lr": 0.0001, "loss": -4.447, "recon_loss": -4.461, "kld_loss": 0.028, "kld_weight": 0.5}
{"message": "", "levelname": "INFO", "name": "Trainer", "asctime": "2026-04-29 15:31:23,791", "type": "train", "epoch": 7, "batch": 6319, "n_batches": 7774, "time": 0.635, "data_time": 0.0, "lr": 0.0001, "loss": -7.583, "recon_loss": -7.586, "kld_loss": 0.006, "kld_weight": 0.5}
{"message": "", "levelname": "INFO", "name": "Trainer", "asctime": "2026-04-29 15:31:32,913", "type": "train", "epoch": 7, "batch": 6359, "n_batches": 7774, "time": 0.763, "data_time": 0.0, "lr": 0.0001, "loss": -3.297, "recon_loss": -3.306, "kld_loss": 0.018, "kld_weight": 0.5}
{"message": "", "levelname": "INFO", "name": "Trainer", "asctime": "2026-04-29 15:31:42,118", "type": "train", "epoch": 7, "batch": 6399, "n_batches": 7774, "time": 0.787, "data_time": 0.0, "lr": 0.0001, "loss": -6.327, "recon_loss": -6.339, "kld_loss": 0.026, "kld_weight": 0.5}
{"message": "", "levelname": "INFO", "name": "Trainer", "asctime": "2026-04-29 15:31:49,395", "type": "train", "epoch": 7, "batch": 6439, "n_batches": 7774, "time": 0.81, "data_time": 0.0, "lr": 0.0001, "loss": -4.9, "recon_loss": -4.905, "kld_loss": 0.009, "kld_weight": 0.5}
{"message": "", "levelname": "INFO", "name": "Trainer", "asctime": "2026-04-29 15:31:58,571", "type": "train", "epoch": 7, "batch": 6479, "n_batches": 7774, "time": 0.665, "data_time": 0.0, "lr": 0.0001, "loss": -8.578, "recon_loss": -8.581, "kld_loss": 0.005, "kld_weight": 0.5}
{"message": "", "levelname": "INFO", "name": "Trainer", "asctime": "2026-04-29 15:32:09,547", "type": "train", "epoch": 7, "batch": 6519, "n_batches": 7774, "time": 1.788, "data_time": 0.0, "lr": 0.0001, "loss": -4.983, "recon_loss": -4.991, "kld_loss": 0.016, "kld_weight": 0.5}
{"message": "", "levelname": "INFO", "name": "Trainer", "asctime": "2026-04-29 15:32:19,917", "type": "train", "epoch": 7, "batch": 6559, "n_batches": 7774, "time": 0.966, "data_time": 0.0, "lr": 0.0001, "loss": -8.237, "recon_loss": -8.244, "kld_loss": 0.013, "kld_weight": 0.5}
{"message": "", "levelname": "INFO", "name": "Trainer", "asctime": "2026-04-29 15:32:28,920", "type": "train", "epoch": 7, "batch": 6599, "n_batches": 7774, "time": 0.905, "data_time": 0.0, "lr": 0.0001, "loss": -7.934, "recon_loss": -7.937, "kld_loss": 0.008, "kld_weight": 0.5}
{"message": "", "levelname": "INFO", "name": "Trainer", "asctime": "2026-04-29 15:32:40,175", "type": "train", "epoch": 7, "batch": 6639, "n_batches": 7774, "time": 0.894, "data_time": 0.0, "lr": 0.0001, "loss": -10.181, "recon_loss": -10.183, "kld_loss": 0.004, "kld_weight": 0.5}
{"message": "", "levelname": "INFO", "name": "Trainer", "asctime": "2026-04-29 15:32:48,783", "type": "train", "epoch": 7, "batch": 6679, "n_batches": 7774, "time": 0.835, "data_time": 0.0, "lr": 0.0001, "loss": -5.879, "recon_loss": -5.886, "kld_loss": 0.014, "kld_weight": 0.5}
{"message": "", "levelname": "INFO", "name": "Trainer", "asctime": "2026-04-29 15:32:58,318", "type": "train", "epoch": 7, "batch": 6719, "n_batches": 7774, "time": 0.708, "data_time": 0.0, "lr": 0.0001, "loss": -7.532, "recon_loss": -7.536, "kld_loss": 0.009, "kld_weight": 0.5}
{"message": "", "levelname": "INFO", "name": "Trainer", "asctime": "2026-04-29 15:33:08,138", "type": "train", "epoch": 7, "batch": 6759, "n_batches": 7774, "time": 1.97, "data_time": 0.0, "lr": 0.0001, "loss": -9.727, "recon_loss": -9.729, "kld_loss": 0.003, "kld_weight": 0.5}
{"message": "", "levelname": "INFO", "name": "Trainer", "asctime": "2026-04-29 15:33:15,631", "type": "train", "epoch": 7, "batch": 6799, "n_batches": 7774, "time": 0.739, "data_time": 0.0, "lr": 0.0001, "loss": -7.094, "recon_loss": -7.1, "kld_loss": 0.012, "kld_weight": 0.5}
{"message": "", "levelname": "INFO", "name": "Trainer", "asctime": "2026-04-29 15:33:23,018", "type": "train", "epoch": 7, "batch": 6839, "n_batches": 7774, "time": 0.942, "data_time": 0.0, "lr": 0.0001, "loss": -8.441, "recon_loss": -8.444, "kld_loss": 0.005, "kld_weight": 0.5}
{"message": "", "levelname": "INFO", "name": "Trainer", "asctime": "2026-04-29 15:33:32,750", "type": "train", "epoch": 7, "batch": 6879, "n_batches": 7774, "time": 1.583, "data_time": 0.0, "lr": 0.0001, "loss": -2.878, "recon_loss": -2.882, "kld_loss": 0.008, "kld_weight": 0.5}
{"message": "", "levelname": "INFO", "name": "Trainer", "asctime": "2026-04-29 15:33:39,807", "type": "train", "epoch": 7, "batch": 6919, "n_batches": 7774, "time": 0.732, "data_time": 0.0, "lr": 0.0001, "loss": -8.772, "recon_loss": -8.777, "kld_loss": 0.01, "kld_weight": 0.5}
{"message": "", "levelname": "INFO", "name": "Trainer", "asctime": "2026-04-29 15:33:48,319", "type": "train", "epoch": 7, "batch": 6959, "n_batches": 7774, "time": 0.726, "data_time": 0.0, "lr": 0.0001, "loss": -8.976, "recon_loss": -8.979, "kld_loss": 0.007, "kld_weight": 0.5}
{"message": "", "levelname": "INFO", "name": "Trainer", "asctime": "2026-04-29 15:33:56,025", "type": "train", "epoch": 7, "batch": 6999, "n_batches": 7774, "time": 0.5, "data_time": 0.0, "lr": 0.0001, "loss": -3.884, "recon_loss": -3.895, "kld_loss": 0.023, "kld_weight": 0.5}
{"message": "", "levelname": "INFO", "name": "Trainer", "asctime": "2026-04-29 15:34:04,297", "type": "train", "epoch": 7, "batch": 7039, "n_batches": 7774, "time": 0.81, "data_time": 0.0, "lr": 0.0001, "loss": 0.393, "recon_loss": 0.386, "kld_loss": 0.015, "kld_weight": 0.5}
{"message": "", "levelname": "INFO", "name": "Trainer", "asctime": "2026-04-29 15:34:11,080", "type": "train", "epoch": 7, "batch": 7079, "n_batches": 7774, "time": 0.565, "data_time": 0.0, "lr": 0.0001, "loss": -9.284, "recon_loss": -9.287, "kld_loss": 0.006, "kld_weight": 0.5}
{"message": "", "levelname": "INFO", "name": "Trainer", "asctime": "2026-04-29 15:34:19,510", "type": "train", "epoch": 7, "batch": 7119, "n_batches": 7774, "time": 1.356, "data_time": 0.0, "lr": 0.0001, "loss": -7.528, "recon_loss": -7.53, "kld_loss": 0.005, "kld_weight": 0.5}
{"message": "", "levelname": "INFO", "name": "Trainer", "asctime": "2026-04-29 15:34:28,867", "type": "train", "epoch": 7, "batch": 7159, "n_batches": 7774, "time": 0.778, "data_time": 0.0, "lr": 0.0001, "loss": -10.524, "recon_loss": -10.527, "kld_loss": 0.007, "kld_weight": 0.5}
{"message": "", "levelname": "INFO", "name": "Trainer", "asctime": "2026-04-29 15:34:37,393", "type": "train", "epoch": 7, "batch": 7199, "n_batches": 7774, "time": 0.682, "data_time": 0.0, "lr": 0.0001, "loss": -6.263, "recon_loss": -6.267, "kld_loss": 0.007, "kld_weight": 0.5}
{"message": "", "levelname": "INFO", "name": "Trainer", "asctime": "2026-04-29 15:34:45,998", "type": "train", "epoch": 7, "batch": 7239, "n_batches": 7774, "time": 1.392, "data_time": 0.0, "lr": 0.0001, "loss": -3.197, "recon_loss": -3.208, "kld_loss": 0.022, "kld_weight": 0.5}
{"message": "", "levelname": "INFO", "name": "Trainer", "asctime": "2026-04-29 15:34:54,243", "type": "train", "epoch": 7, "batch": 7279, "n_batches": 7774, "time": 0.727, "data_time": 0.0, "lr": 0.0001, "loss": -6.921, "recon_loss": -6.925, "kld_loss": 0.007, "kld_weight": 0.5}
{"message": "", "levelname": "INFO", "name": "Trainer", "asctime": "2026-04-29 15:35:01,831", "type": "train", "epoch": 7, "batch": 7319, "n_batches": 7774, "time": 0.787, "data_time": 0.0, "lr": 0.0001, "loss": -5.347, "recon_loss": -5.357, "kld_loss": 0.021, "kld_weight": 0.5}
{"message": "", "levelname": "INFO", "name": "Trainer", "asctime": "2026-04-29 15:35:08,274", "type": "train", "epoch": 7, "batch": 7359, "n_batches": 7774, "time": 0.714, "data_time": 0.0, "lr": 0.0001, "loss": -8.123, "recon_loss": -8.127, "kld_loss": 0.007, "kld_weight": 0.5}
{"message": "", "levelname": "INFO", "name": "Trainer", "asctime": "2026-04-29 15:35:15,354", "type": "train", "epoch": 7, "batch": 7399, "n_batches": 7774, "time": 0.808, "data_time": 0.0, "lr": 0.0001, "loss": -8.686, "recon_loss": -8.691, "kld_loss": 0.009, "kld_weight": 0.5}
{"message": "", "levelname": "INFO", "name": "Trainer", "asctime": "2026-04-29 15:35:23,992", "type": "train", "epoch": 7, "batch": 7439, "n_batches": 7774, "time": 0.774, "data_time": 0.0, "lr": 0.0001, "loss": -7.792, "recon_loss": -7.795, "kld_loss": 0.006, "kld_weight": 0.5}
{"message": "", "levelname": "INFO", "name": "Trainer", "asctime": "2026-04-29 15:35:32,126", "type": "train", "epoch": 7, "batch": 7479, "n_batches": 7774, "time": 0.5, "data_time": 0.0, "lr": 0.0001, "loss": -9.651, "recon_loss": -9.655, "kld_loss": 0.008, "kld_weight": 0.5}
{"message": "", "levelname": "INFO", "name": "Trainer", "asctime": "2026-04-29 15:35:40,078", "type": "train", "epoch": 7, "batch": 7519, "n_batches": 7774, "time": 0.809, "data_time": 0.0, "lr": 0.0001, "loss": -8.239, "recon_loss": -8.243, "kld_loss": 0.007, "kld_weight": 0.5}
{"message": "", "levelname": "INFO", "name": "Trainer", "asctime": "2026-04-29 15:35:49,133", "type": "train", "epoch": 7, "batch": 7559, "n_batches": 7774, "time": 0.638, "data_time": 0.0, "lr": 0.0001, "loss": -6.694, "recon_loss": -6.699, "kld_loss": 0.01, "kld_weight": 0.5}
{"message": "", "levelname": "INFO", "name": "Trainer", "asctime": "2026-04-29 15:35:57,904", "type": "train", "epoch": 7, "batch": 7599, "n_batches": 7774, "time": 1.724, "data_time": 0.0, "lr": 0.0001, "loss": -9.522, "recon_loss": -9.528, "kld_loss": 0.011, "kld_weight": 0.5}
{"message": "", "levelname": "INFO", "name": "Trainer", "asctime": "2026-04-29 15:36:06,932", "type": "train", "epoch": 7, "batch": 7639, "n_batches": 7774, "time": 1.268, "data_time": 0.0, "lr": 0.0001, "loss": -6.877, "recon_loss": -6.882, "kld_loss": 0.01, "kld_weight": 0.5}
{"message": "", "levelname": "INFO", "name": "Trainer", "asctime": "2026-04-29 15:36:13,982", "type": "train", "epoch": 7, "batch": 7679, "n_batches": 7774, "time": 0.762, "data_time": 0.0, "lr": 0.0001, "loss": -4.55, "recon_loss": -4.558, "kld_loss": 0.016, "kld_weight": 0.5}
{"message": "", "levelname": "INFO", "name": "Trainer", "asctime": "2026-04-29 15:36:22,447", "type": "train", "epoch": 7, "batch": 7719, "n_batches": 7774, "time": 0.859, "data_time": 0.0, "lr": 0.0001, "loss": -0.337, "recon_loss": -0.377, "kld_loss": 0.079, "kld_weight": 0.5}
{"message": "", "levelname": "INFO", "name": "Trainer", "asctime": "2026-04-29 15:36:30,718", "type": "train", "epoch": 7, "batch": 7759, "n_batches": 7774, "time": 0.595, "data_time": 0.0, "lr": 0.0001, "loss": -5.888, "recon_loss": -5.892, "kld_loss": 0.01, "kld_weight": 0.5}
{"message": "", "levelname": "INFO", "name": "Trainer", "asctime": "2026-04-29 15:36:33,312", "type": "train-epoch", "epoch": 8, "loss": -1.75858, "recon_loss": -1.76055, "kld_loss": 0.00395, "kld_weight": 0.5, "time": 1622.7}
{"message": "", "levelname": "INFO", "name": "Trainer", "asctime": "2026-04-29 15:39:33,189", "type": "val-epoch", "epoch": 8, "loss": -1.827, "test_loss": -1.754, "recon_loss": -1.829, "kld_loss": 0.005, "kld_weight": 0.5, "note": "loss is teacher-forced CVAE objective; test_loss is prior-only reconstruction", "time": 179.9}
{"message": "", "levelname": "INFO", "name": "Trainer", "asctime": "2026-04-29 15:39:41,478", "type": "train", "epoch": 8, "batch": 39, "n_batches": 7774, "time": 0.853, "data_time": 0.0, "lr": 0.0001, "loss": -10.034, "recon_loss": -10.045, "kld_loss": 0.02, "kld_weight": 0.5}
{"message": "", "levelname": "INFO", "name": "Trainer", "asctime": "2026-04-29 15:39:49,296", "type": "train", "epoch": 8, "batch": 79, "n_batches": 7774, "time": 0.729, "data_time": 0.0, "lr": 0.0001, "loss": -6.72, "recon_loss": -6.728, "kld_loss": 0.017, "kld_weight": 0.5}
{"message": "", "levelname": "INFO", "name": "Trainer", "asctime": "2026-04-29 15:39:58,332", "type": "train", "epoch": 8, "batch": 119, "n_batches": 7774, "time": 1.016, "data_time": 0.0, "lr": 0.0001, "loss": -10.488, "recon_loss": -10.496, "kld_loss": 0.017, "kld_weight": 0.5}
{"message": "", "levelname": "INFO", "name": "Trainer", "asctime": "2026-04-29 15:40:07,227", "type": "train", "epoch": 8, "batch": 159, "n_batches": 7774, "time": 0.708, "data_time": 0.0, "lr": 0.0001, "loss": -8.286, "recon_loss": -8.294, "kld_loss": 0.017, "kld_weight": 0.5}
{"message": "", "levelname": "INFO", "name": "Trainer", "asctime": "2026-04-29 15:40:17,065", "type": "train", "epoch": 8, "batch": 199, "n_batches": 7774, "time": 0.901, "data_time": 0.001, "lr": 0.0001, "loss": -9.458, "recon_loss": -9.461, "kld_loss": 0.007, "kld_weight": 0.5}
{"message": "", "levelname": "INFO", "name": "Trainer", "asctime": "2026-04-29 15:40:26,881", "type": "train", "epoch": 8, "batch": 239, "n_batches": 7774, "time": 0.569, "data_time": 0.0, "lr": 0.0001, "loss": -6.22, "recon_loss": -6.226, "kld_loss": 0.011, "kld_weight": 0.5}
{"message": "", "levelname": "INFO", "name": "Trainer", "asctime": "2026-04-29 15:40:38,666", "type": "train", "epoch": 8, "batch": 279, "n_batches": 7774, "time": 0.861, "data_time": 0.0, "lr": 0.0001, "loss": -3.878, "recon_loss": -3.886, "kld_loss": 0.016, "kld_weight": 0.5}
{"message": "", "levelname": "INFO", "name": "Trainer", "asctime": "2026-04-29 15:40:48,312", "type": "train", "epoch": 8, "batch": 319, "n_batches": 7774, "time": 0.633, "data_time": 0.0, "lr": 0.0001, "loss": -5.838, "recon_loss": -5.842, "kld_loss": 0.01, "kld_weight": 0.5}
{"message": "", "levelname": "INFO", "name": "Trainer", "asctime": "2026-04-29 15:40:55,742", "type": "train", "epoch": 8, "batch": 359, "n_batches": 7774, "time": 0.803, "data_time": 0.0, "lr": 0.0001, "loss": -6.925, "recon_loss": -6.937, "kld_loss": 0.024, "kld_weight": 0.5}
{"message": "", "levelname": "INFO", "name": "Trainer", "asctime": "2026-04-29 15:41:03,684", "type": "train", "epoch": 8, "batch": 399, "n_batches": 7774, "time": 0.956, "data_time": 0.0, "lr": 0.0001, "loss": -10.086, "recon_loss": -10.091, "kld_loss": 0.009, "kld_weight": 0.5}
{"message": "", "levelname": "INFO", "name": "Trainer", "asctime": "2026-04-29 15:41:13,814", "type": "train", "epoch": 8, "batch": 439, "n_batches": 7774, "time": 0.863, "data_time": 0.0, "lr": 0.0001, "loss": -7.061, "recon_loss": -7.066, "kld_loss": 0.012, "kld_weight": 0.5}
{"message": "", "levelname": "INFO", "name": "Trainer", "asctime": "2026-04-29 15:41:22,804", "type": "train", "epoch": 8, "batch": 479, "n_batches": 7774, "time": 0.52, "data_time": 0.0, "lr": 0.0001, "loss": -7.415, "recon_loss": -7.42, "kld_loss": 0.01, "kld_weight": 0.5}
{"message": "", "levelname": "INFO", "name": "Trainer", "asctime": "2026-04-29 15:41:33,770", "type": "train", "epoch": 8, "batch": 519, "n_batches": 7774, "time": 0.974, "data_time": 0.0, "lr": 0.0001, "loss": -5.472, "recon_loss": -5.476, "kld_loss": 0.008, "kld_weight": 0.5}
{"message": "", "levelname": "INFO", "name": "Trainer", "asctime": "2026-04-29 15:41:41,811", "type": "train", "epoch": 8, "batch": 559, "n_batches": 7774, "time": 0.737, "data_time": 0.0, "lr": 0.0001, "loss": -6.673, "recon_loss": -6.675, "kld_loss": 0.005, "kld_weight": 0.5}
{"message": "", "levelname": "INFO", "name": "Trainer", "asctime": "2026-04-29 15:41:49,527", "type": "train", "epoch": 8, "batch": 599, "n_batches": 7774, "time": 0.692, "data_time": 0.0, "lr": 0.0001, "loss": -5.539, "recon_loss": -5.542, "kld_loss": 0.008, "kld_weight": 0.5}
{"message": "", "levelname": "INFO", "name": "Trainer", "asctime": "2026-04-29 15:41:58,097", "type": "train", "epoch": 8, "batch": 639, "n_batches": 7774, "time": 1.576, "data_time": 0.0, "lr": 0.0001, "loss": -7.314, "recon_loss": -7.32, "kld_loss": 0.01, "kld_weight": 0.5}
{"message": "", "levelname": "INFO", "name": "Trainer", "asctime": "2026-04-29 15:42:05,292", "type": "train", "epoch": 8, "batch": 679, "n_batches": 7774, "time": 0.618, "data_time": 0.0, "lr": 0.0001, "loss": -6.982, "recon_loss": -6.988, "kld_loss": 0.012, "kld_weight": 0.5}
{"message": "", "levelname": "INFO", "name": "Trainer", "asctime": "2026-04-29 15:42:14,452", "type": "train", "epoch": 8, "batch": 719, "n_batches": 7774, "time": 0.624, "data_time": 0.0, "lr": 0.0001, "loss": -6.571, "recon_loss": -6.588, "kld_loss": 0.034, "kld_weight": 0.5}
{"message": "", "levelname": "INFO", "name": "Trainer", "asctime": "2026-04-29 15:42:22,844", "type": "train", "epoch": 8, "batch": 759, "n_batches": 7774, "time": 0.586, "data_time": 0.0, "lr": 0.0001, "loss": -4.715, "recon_loss": -4.724, "kld_loss": 0.018, "kld_weight": 0.5}
{"message": "", "levelname": "INFO", "name": "Trainer", "asctime": "2026-04-29 15:42:32,576", "type": "train", "epoch": 8, "batch": 799, "n_batches": 7774, "time": 1.139, "data_time": 0.0, "lr": 0.0001, "loss": -1.888, "recon_loss": -1.905, "kld_loss": 0.034, "kld_weight": 0.5}
{"message": "", "levelname": "INFO", "name": "Trainer", "asctime": "2026-04-29 15:42:41,320", "type": "train", "epoch": 8, "batch": 839, "n_batches": 7774, "time": 0.763, "data_time": 0.0, "lr": 0.0001, "loss": -4.97, "recon_loss": -4.994, "kld_loss": 0.049, "kld_weight": 0.5}
{"message": "", "levelname": "INFO", "name": "Trainer", "asctime": "2026-04-29 15:42:49,920", "type": "train", "epoch": 8, "batch": 879, "n_batches": 7774, "time": 0.727, "data_time": 0.0, "lr": 0.0001, "loss": -7.384, "recon_loss": -7.388, "kld_loss": 0.008, "kld_weight": 0.5}
{"message": "", "levelname": "INFO", "name": "Trainer", "asctime": "2026-04-29 15:43:17,824", "type": "train", "epoch": 8, "batch": 919, "n_batches": 7774, "time": 3.111, "data_time": 0.001, "lr": 0.0001, "loss": -7.089, "recon_loss": -7.094, "kld_loss": 0.01, "kld_weight": 0.5}
{"message": "", "levelname": "INFO", "name": "Trainer", "asctime": "2026-04-29 15:43:28,524", "type": "train", "epoch": 8, "batch": 959, "n_batches": 7774, "time": 0.638, "data_time": 0.0, "lr": 0.0001, "loss": -9.591, "recon_loss": -9.593, "kld_loss": 0.003, "kld_weight": 0.5}
{"message": "", "levelname": "INFO", "name": "Trainer", "asctime": "2026-04-29 15:43:36,820", "type": "train", "epoch": 8, "batch": 999, "n_batches": 7774, "time": 0.759, "data_time": 0.0, "lr": 0.0001, "loss": -10.3, "recon_loss": -10.305, "kld_loss": 0.011, "kld_weight": 0.5}
{"message": "", "levelname": "INFO", "name": "Trainer", "asctime": "2026-04-29 15:43:44,808", "type": "train", "epoch": 8, "batch": 1039, "n_batches": 7774, "time": 0.912, "data_time": 0.0, "lr": 0.0001, "loss": -9.954, "recon_loss": -9.956, "kld_loss": 0.005, "kld_weight": 0.5}
{"message": "", "levelname": "INFO", "name": "Trainer", "asctime": "2026-04-29 15:43:53,391", "type": "train", "epoch": 8, "batch": 1079, "n_batches": 7774, "time": 0.784, "data_time": 0.0, "lr": 0.0001, "loss": -8.957, "recon_loss": -8.961, "kld_loss": 0.007, "kld_weight": 0.5}
{"message": "", "levelname": "INFO", "name": "Trainer", "asctime": "2026-04-29 15:44:02,072", "type": "train", "epoch": 8, "batch": 1119, "n_batches": 7774, "time": 0.697, "data_time": 0.0, "lr": 0.0001, "loss": -3.317, "recon_loss": -3.333, "kld_loss": 0.032, "kld_weight": 0.5}
{"message": "", "levelname": "INFO", "name": "Trainer", "asctime": "2026-04-29 15:44:09,851", "type": "train", "epoch": 8, "batch": 1159, "n_batches": 7774, "time": 0.69, "data_time": 0.0, "lr": 0.0001, "loss": -1.374, "recon_loss": -1.388, "kld_loss": 0.028, "kld_weight": 0.5}
{"message": "", "levelname": "INFO", "name": "Trainer", "asctime": "2026-04-29 15:44:17,893", "type": "train", "epoch": 8, "batch": 1199, "n_batches": 7774, "time": 0.625, "data_time": 0.0, "lr": 0.0001, "loss": -2.773, "recon_loss": -2.777, "kld_loss": 0.008, "kld_weight": 0.5}
{"message": "", "levelname": "INFO", "name": "Trainer", "asctime": "2026-04-29 15:44:26,517", "type": "train", "epoch": 8, "batch": 1239, "n_batches": 7774, "time": 0.786, "data_time": 0.0, "lr": 0.0001, "loss": -7.858, "recon_loss": -7.863, "kld_loss": 0.009, "kld_weight": 0.5}
{"message": "", "levelname": "INFO", "name": "Trainer", "asctime": "2026-04-29 15:44:34,535", "type": "train", "epoch": 8, "batch": 1279, "n_batches": 7774, "time": 0.755, "data_time": 0.0, "lr": 0.0001, "loss": -4.596, "recon_loss": -4.61, "kld_loss": 0.029, "kld_weight": 0.5}
{"message": "", "levelname": "INFO", "name": "Trainer", "asctime": "2026-04-29 15:44:43,395", "type": "train", "epoch": 8, "batch": 1319, "n_batches": 7774, "time": 0.661, "data_time": 0.0, "lr": 0.0001, "loss": -9.437, "recon_loss": -9.454, "kld_loss": 0.033, "kld_weight": 0.5}
{"message": "", "levelname": "INFO", "name": "Trainer", "asctime": "2026-04-29 15:44:53,348", "type": "train", "epoch": 8, "batch": 1359, "n_batches": 7774, "time": 1.7, "data_time": 0.0, "lr": 0.0001, "loss": -8.713, "recon_loss": -8.725, "kld_loss": 0.022, "kld_weight": 0.5}
{"message": "", "levelname": "INFO", "name": "Trainer", "asctime": "2026-04-29 15:45:02,920", "type": "train", "epoch": 8, "batch": 1399, "n_batches": 7774, "time": 0.823, "data_time": 0.0, "lr": 0.0001, "loss": -6.669, "recon_loss": -6.673, "kld_loss": 0.009, "kld_weight": 0.5}
{"message": "", "levelname": "INFO", "name": "Trainer", "asctime": "2026-04-29 15:45:10,236", "type": "train", "epoch": 8, "batch": 1439, "n_batches": 7774, "time": 0.892, "data_time": 0.0, "lr": 0.0001, "loss": -8.326, "recon_loss": -8.331, "kld_loss": 0.01, "kld_weight": 0.5}
{"message": "", "levelname": "INFO", "name": "Trainer", "asctime": "2026-04-29 15:45:17,566", "type": "train", "epoch": 8, "batch": 1479, "n_batches": 7774, "time": 0.373, "data_time": 0.0, "lr": 0.0001, "loss": -5.576, "recon_loss": -5.581, "kld_loss": 0.009, "kld_weight": 0.5}
{"message": "", "levelname": "INFO", "name": "Trainer", "asctime": "2026-04-29 15:45:24,229", "type": "train", "epoch": 8, "batch": 1519, "n_batches": 7774, "time": 0.538, "data_time": 0.0, "lr": 0.0001, "loss": -0.981, "recon_loss": -1.008, "kld_loss": 0.052, "kld_weight": 0.5}
{"message": "", "levelname": "INFO", "name": "Trainer", "asctime": "2026-04-29 15:45:32,354", "type": "train", "epoch": 8, "batch": 1559, "n_batches": 7774, "time": 0.929, "data_time": 0.0, "lr": 0.0001, "loss": -4.576, "recon_loss": -4.59, "kld_loss": 0.029, "kld_weight": 0.5}
{"message": "", "levelname": "INFO", "name": "Trainer", "asctime": "2026-04-29 15:45:40,514", "type": "train", "epoch": 8, "batch": 1599, "n_batches": 7774, "time": 0.892, "data_time": 0.0, "lr": 0.0001, "loss": 0.119, "recon_loss": 0.101, "kld_loss": 0.036, "kld_weight": 0.5}
{"message": "", "levelname": "INFO", "name": "Trainer", "asctime": "2026-04-29 15:45:48,659", "type": "train", "epoch": 8, "batch": 1639, "n_batches": 7774, "time": 0.819, "data_time": 0.0, "lr": 0.0001, "loss": -7.611, "recon_loss": -7.622, "kld_loss": 0.022, "kld_weight": 0.5}
{"message": "", "levelname": "INFO", "name": "Trainer", "asctime": "2026-04-29 15:45:56,444", "type": "train", "epoch": 8, "batch": 1679, "n_batches": 7774, "time": 0.902, "data_time": 0.0, "lr": 0.0001, "loss": -5.1, "recon_loss": -5.103, "kld_loss": 0.007, "kld_weight": 0.5}
{"message": "", "levelname": "INFO", "name": "Trainer", "asctime": "2026-04-29 15:46:03,793", "type": "train", "epoch": 8, "batch": 1719, "n_batches": 7774, "time": 0.666, "data_time": 0.0, "lr": 0.0001, "loss": -5.054, "recon_loss": -5.061, "kld_loss": 0.013, "kld_weight": 0.5}
{"message": "", "levelname": "INFO", "name": "Trainer", "asctime": "2026-04-29 15:46:11,134", "type": "train", "epoch": 8, "batch": 1759, "n_batches": 7774, "time": 0.86, "data_time": 0.0, "lr": 0.0001, "loss": -4.586, "recon_loss": -4.613, "kld_loss": 0.054, "kld_weight": 0.5}
{"message": "", "levelname": "INFO", "name": "Trainer", "asctime": "2026-04-29 15:46:22,252", "type": "train", "epoch": 8, "batch": 1799, "n_batches": 7774, "time": 1.164, "data_time": 0.0, "lr": 0.0001, "loss": -9.642, "recon_loss": -9.648, "kld_loss": 0.011, "kld_weight": 0.5}
{"message": "", "levelname": "INFO", "name": "Trainer", "asctime": "2026-04-29 15:46:28,840", "type": "train", "epoch": 8, "batch": 1839, "n_batches": 7774, "time": 0.689, "data_time": 0.0, "lr": 0.0001, "loss": -7.814, "recon_loss": -7.82, "kld_loss": 0.012, "kld_weight": 0.5}
{"message": "", "levelname": "INFO", "name": "Trainer", "asctime": "2026-04-29 15:46:36,608", "type": "train", "epoch": 8, "batch": 1879, "n_batches": 7774, "time": 0.586, "data_time": 0.0, "lr": 0.0001, "loss": -8.004, "recon_loss": -8.006, "kld_loss": 0.004, "kld_weight": 0.5}
{"message": "", "levelname": "INFO", "name": "Trainer", "asctime": "2026-04-29 15:46:44,798", "type": "train", "epoch": 8, "batch": 1919, "n_batches": 7774, "time": 0.956, "data_time": 0.0, "lr": 0.0001, "loss": -9.633, "recon_loss": -9.64, "kld_loss": 0.014, "kld_weight": 0.5}
{"message": "", "levelname": "INFO", "name": "Trainer", "asctime": "2026-04-29 15:46:52,646", "type": "train", "epoch": 8, "batch": 1959, "n_batches": 7774, "time": 1.238, "data_time": 0.0, "lr": 0.0001, "loss": -7.334, "recon_loss": -7.338, "kld_loss": 0.009, "kld_weight": 0.5}
{"message": "", "levelname": "INFO", "name": "Trainer", "asctime": "2026-04-29 15:47:03,259", "type": "train", "epoch": 8, "batch": 1999, "n_batches": 7774, "time": 1.136, "data_time": 0.0, "lr": 0.0001, "loss": -3.177, "recon_loss": -3.199, "kld_loss": 0.044, "kld_weight": 0.5}
{"message": "", "levelname": "INFO", "name": "Trainer", "asctime": "2026-04-29 15:47:12,556", "type": "train", "epoch": 8, "batch": 2039, "n_batches": 7774, "time": 0.868, "data_time": 0.0, "lr": 0.0001, "loss": -10.11, "recon_loss": -10.114, "kld_loss": 0.007, "kld_weight": 0.5}
{"message": "", "levelname": "INFO", "name": "Trainer", "asctime": "2026-04-29 15:47:20,131", "type": "train", "epoch": 8, "batch": 2079, "n_batches": 7774, "time": 0.636, "data_time": 0.0, "lr": 0.0001, "loss": -8.652, "recon_loss": -8.657, "kld_loss": 0.01, "kld_weight": 0.5}
{"message": "", "levelname": "INFO", "name": "Trainer", "asctime": "2026-04-29 15:47:27,663", "type": "train", "epoch": 8, "batch": 2119, "n_batches": 7774, "time": 1.005, "data_time": 0.0, "lr": 0.0001, "loss": -5.422, "recon_loss": -5.439, "kld_loss": 0.033, "kld_weight": 0.5}
{"message": "", "levelname": "INFO", "name": "Trainer", "asctime": "2026-04-29 15:47:35,572", "type": "train", "epoch": 8, "batch": 2159, "n_batches": 7774, "time": 0.747, "data_time": 0.0, "lr": 0.0001, "loss": -6.828, "recon_loss": -6.839, "kld_loss": 0.023, "kld_weight": 0.5}
{"message": "", "levelname": "INFO", "name": "Trainer", "asctime": "2026-04-29 15:47:44,282", "type": "train", "epoch": 8, "batch": 2199, "n_batches": 7774, "time": 0.946, "data_time": 0.0, "lr": 0.0001, "loss": -7.248, "recon_loss": -7.25, "kld_loss": 0.005, "kld_weight": 0.5}
{"message": "", "levelname": "INFO", "name": "Trainer", "asctime": "2026-04-29 15:47:53,581", "type": "train", "epoch": 8, "batch": 2239, "n_batches": 7774, "time": 1.44, "data_time": 0.0, "lr": 0.0001, "loss": -10.562, "recon_loss": -10.565, "kld_loss": 0.007, "kld_weight": 0.5}
{"message": "", "levelname": "INFO", "name": "Trainer", "asctime": "2026-04-29 15:48:02,324", "type": "train", "epoch": 8, "batch": 2279, "n_batches": 7774, "time": 0.573, "data_time": 0.0, "lr": 0.0001, "loss": -10.171, "recon_loss": -10.177, "kld_loss": 0.012, "kld_weight": 0.5}
{"message": "", "levelname": "INFO", "name": "Trainer", "asctime": "2026-04-29 15:48:11,892", "type": "train", "epoch": 8, "batch": 2319, "n_batches": 7774, "time": 1.399, "data_time": 0.0, "lr": 0.0001, "loss": -9.984, "recon_loss": -9.994, "kld_loss": 0.019, "kld_weight": 0.5}
{"message": "", "levelname": "INFO", "name": "Trainer", "asctime": "2026-04-29 15:48:20,653", "type": "train", "epoch": 8, "batch": 2359, "n_batches": 7774, "time": 1.781, "data_time": 0.0, "lr": 0.0001, "loss": -4.198, "recon_loss": -4.206, "kld_loss": 0.016, "kld_weight": 0.5}
{"message": "", "levelname": "INFO", "name": "Trainer", "asctime": "2026-04-29 15:48:28,163", "type": "train", "epoch": 8, "batch": 2399, "n_batches": 7774, "time": 0.786, "data_time": 0.0, "lr": 0.0001, "loss": -8.83, "recon_loss": -8.831, "kld_loss": 0.004, "kld_weight": 0.5}
{"message": "", "levelname": "INFO", "name": "Trainer", "asctime": "2026-04-29 15:48:35,538", "type": "train", "epoch": 8, "batch": 2439, "n_batches": 7774, "time": 0.918, "data_time": 0.0, "lr": 0.0001, "loss": -4.837, "recon_loss": -4.843, "kld_loss": 0.013, "kld_weight": 0.5}
{"message": "", "levelname": "INFO", "name": "Trainer", "asctime": "2026-04-29 15:48:47,177", "type": "train", "epoch": 8, "batch": 2479, "n_batches": 7774, "time": 1.681, "data_time": 0.0, "lr": 0.0001, "loss": -7.642, "recon_loss": -7.65, "kld_loss": 0.015, "kld_weight": 0.5}
{"message": "", "levelname": "INFO", "name": "Trainer", "asctime": "2026-04-29 15:48:58,490", "type": "train", "epoch": 8, "batch": 2519, "n_batches": 7774, "time": 0.919, "data_time": 0.0, "lr": 0.0001, "loss": -7.365, "recon_loss": -7.372, "kld_loss": 0.014, "kld_weight": 0.5}
{"message": "", "levelname": "INFO", "name": "Trainer", "asctime": "2026-04-29 15:49:07,978", "type": "train", "epoch": 8, "batch": 2559, "n_batches": 7774, "time": 0.758, "data_time": 0.0, "lr": 0.0001, "loss": -8.206, "recon_loss": -8.209, "kld_loss": 0.005, "kld_weight": 0.5}
{"message": "", "levelname": "INFO", "name": "Trainer", "asctime": "2026-04-29 15:49:18,837", "type": "train", "epoch": 8, "batch": 2599, "n_batches": 7774, "time": 0.889, "data_time": 0.0, "lr": 0.0001, "loss": -10.024, "recon_loss": -10.029, "kld_loss": 0.01, "kld_weight": 0.5}
{"message": "", "levelname": "INFO", "name": "Trainer", "asctime": "2026-04-29 15:49:26,384", "type": "train", "epoch": 8, "batch": 2639, "n_batches": 7774, "time": 0.316, "data_time": 0.0, "lr": 0.0001, "loss": -5.419, "recon_loss": -5.436, "kld_loss": 0.034, "kld_weight": 0.5}
{"message": "", "levelname": "INFO", "name": "Trainer", "asctime": "2026-04-29 15:49:36,454", "type": "train", "epoch": 8, "batch": 2679, "n_batches": 7774, "time": 0.868, "data_time": 0.0, "lr": 0.0001, "loss": -11.036, "recon_loss": -11.039, "kld_loss": 0.005, "kld_weight": 0.5}
{"message": "", "levelname": "INFO", "name": "Trainer", "asctime": "2026-04-29 15:49:45,247", "type": "train", "epoch": 8, "batch": 2719, "n_batches": 7774, "time": 0.596, "data_time": 0.0, "lr": 0.0001, "loss": -8.428, "recon_loss": -8.442, "kld_loss": 0.029, "kld_weight": 0.5}
{"message": "", "levelname": "INFO", "name": "Trainer", "asctime": "2026-04-29 15:49:55,411", "type": "train", "epoch": 8, "batch": 2759, "n_batches": 7774, "time": 0.766, "data_time": 0.0, "lr": 0.0001, "loss": -4.618, "recon_loss": -4.633, "kld_loss": 0.032, "kld_weight": 0.5}
{"message": "", "levelname": "INFO", "name": "Trainer", "asctime": "2026-04-29 15:50:04,221", "type": "train", "epoch": 8, "batch": 2799, "n_batches": 7774, "time": 0.654, "data_time": 0.0, "lr": 0.0001, "loss": 0.735, "recon_loss": 0.714, "kld_loss": 0.04, "kld_weight": 0.5}
{"message": "", "levelname": "INFO", "name": "Trainer", "asctime": "2026-04-29 15:50:14,027", "type": "train", "epoch": 8, "batch": 2839, "n_batches": 7774, "time": 0.737, "data_time": 0.0, "lr": 0.0001, "loss": -8.005, "recon_loss": -8.016, "kld_loss": 0.023, "kld_weight": 0.5}
{"message": "", "levelname": "INFO", "name": "Trainer", "asctime": "2026-04-29 15:50:22,486", "type": "train", "epoch": 8, "batch": 2879, "n_batches": 7774, "time": 0.714, "data_time": 0.0, "lr": 0.0001, "loss": -7.6, "recon_loss": -7.607, "kld_loss": 0.015, "kld_weight": 0.5}
{"message": "", "levelname": "INFO", "name": "Trainer", "asctime": "2026-04-29 15:50:31,133", "type": "train", "epoch": 8, "batch": 2919, "n_batches": 7774, "time": 0.961, "data_time": 0.0, "lr": 0.0001, "loss": -10.26, "recon_loss": -10.264, "kld_loss": 0.008, "kld_weight": 0.5}
{"message": "", "levelname": "INFO", "name": "Trainer", "asctime": "2026-04-29 15:50:38,755", "type": "train", "epoch": 8, "batch": 2959, "n_batches": 7774, "time": 0.819, "data_time": 0.0, "lr": 0.0001, "loss": -8.993, "recon_loss": -8.996, "kld_loss": 0.007, "kld_weight": 0.5}
{"message": "", "levelname": "INFO", "name": "Trainer", "asctime": "2026-04-29 15:50:47,183", "type": "train", "epoch": 8, "batch": 2999, "n_batches": 7774, "time": 0.877, "data_time": 0.0, "lr": 0.0001, "loss": 1.057, "recon_loss": 1.05, "kld_loss": 0.014, "kld_weight": 0.5}
{"message": "", "levelname": "INFO", "name": "Trainer", "asctime": "2026-04-29 15:50:55,808", "type": "train", "epoch": 8, "batch": 3039, "n_batches": 7774, "time": 0.74, "data_time": 0.0, "lr": 0.0001, "loss": -10.325, "recon_loss": -10.328, "kld_loss": 0.007, "kld_weight": 0.5}
{"message": "", "levelname": "INFO", "name": "Trainer", "asctime": "2026-04-29 15:51:05,167", "type": "train", "epoch": 8, "batch": 3079, "n_batches": 7774, "time": 1.188, "data_time": 0.0, "lr": 0.0001, "loss": -9.519, "recon_loss": -9.524, "kld_loss": 0.009, "kld_weight": 0.5}
{"message": "", "levelname": "INFO", "name": "Trainer", "asctime": "2026-04-29 15:51:13,470", "type": "train", "epoch": 8, "batch": 3119, "n_batches": 7774, "time": 0.845, "data_time": 0.0, "lr": 0.0001, "loss": -3.388, "recon_loss": -3.394, "kld_loss": 0.012, "kld_weight": 0.5}
{"message": "", "levelname": "INFO", "name": "Trainer", "asctime": "2026-04-29 15:51:23,036", "type": "train", "epoch": 8, "batch": 3159, "n_batches": 7774, "time": 0.69, "data_time": 0.0, "lr": 0.0001, "loss": 0.46, "recon_loss": 0.45, "kld_loss": 0.02, "kld_weight": 0.5}
{"message": "", "levelname": "INFO", "name": "Trainer", "asctime": "2026-04-29 15:51:30,511", "type": "train", "epoch": 8, "batch": 3199, "n_batches": 7774, "time": 0.937, "data_time": 0.0, "lr": 0.0001, "loss": -9.153, "recon_loss": -9.155, "kld_loss": 0.006, "kld_weight": 0.5}
{"message": "", "levelname": "INFO", "name": "Trainer", "asctime": "2026-04-29 15:51:37,713", "type": "train", "epoch": 8, "batch": 3239, "n_batches": 7774, "time": 0.857, "data_time": 0.0, "lr": 0.0001, "loss": -9.041, "recon_loss": -9.044, "kld_loss": 0.005, "kld_weight": 0.5}
{"message": "", "levelname": "INFO", "name": "Trainer", "asctime": "2026-04-29 15:51:45,136", "type": "train", "epoch": 8, "batch": 3279, "n_batches": 7774, "time": 0.717, "data_time": 0.0, "lr": 0.0001, "loss": -9.67, "recon_loss": -9.677, "kld_loss": 0.014, "kld_weight": 0.5}
{"message": "", "levelname": "INFO", "name": "Trainer", "asctime": "2026-04-29 15:51:52,852", "type": "train", "epoch": 8, "batch": 3319, "n_batches": 7774, "time": 0.774, "data_time": 0.0, "lr": 0.0001, "loss": -6.272, "recon_loss": -6.277, "kld_loss": 0.009, "kld_weight": 0.5}
{"message": "", "levelname": "INFO", "name": "Trainer", "asctime": "2026-04-29 15:52:00,519", "type": "train", "epoch": 8, "batch": 3359, "n_batches": 7774, "time": 0.668, "data_time": 0.0, "lr": 0.0001, "loss": -7.76, "recon_loss": -7.765, "kld_loss": 0.01, "kld_weight": 0.5}
{"message": "", "levelname": "INFO", "name": "Trainer", "asctime": "2026-04-29 15:52:07,917", "type": "train", "epoch": 8, "batch": 3399, "n_batches": 7774, "time": 0.61, "data_time": 0.0, "lr": 0.0001, "loss": -8.005, "recon_loss": -8.008, "kld_loss": 0.006, "kld_weight": 0.5}
{"message": "", "levelname": "INFO", "name": "Trainer", "asctime": "2026-04-29 15:52:16,368", "type": "train", "epoch": 8, "batch": 3439, "n_batches": 7774, "time": 0.751, "data_time": 0.0, "lr": 0.0001, "loss": -9.448, "recon_loss": -9.451, "kld_loss": 0.007, "kld_weight": 0.5}
{"message": "", "levelname": "INFO", "name": "Trainer", "asctime": "2026-04-29 15:52:24,805", "type": "train", "epoch": 8, "batch": 3479, "n_batches": 7774, "time": 1.552, "data_time": 0.0, "lr": 0.0001, "loss": -3.555, "recon_loss": -3.578, "kld_loss": 0.047, "kld_weight": 0.5}
{"message": "", "levelname": "INFO", "name": "Trainer", "asctime": "2026-04-29 15:52:33,625", "type": "train", "epoch": 8, "batch": 3519, "n_batches": 7774, "time": 0.709, "data_time": 0.0, "lr": 0.0001, "loss": -8.434, "recon_loss": -8.439, "kld_loss": 0.009, "kld_weight": 0.5}
{"message": "", "levelname": "INFO", "name": "Trainer", "asctime": "2026-04-29 15:52:42,842", "type": "train", "epoch": 8, "batch": 3559, "n_batches": 7774, "time": 0.944, "data_time": 0.0, "lr": 0.0001, "loss": -9.441, "recon_loss": -9.456, "kld_loss": 0.029, "kld_weight": 0.5}
{"message": "", "levelname": "INFO", "name": "Trainer", "asctime": "2026-04-29 15:52:52,301", "type": "train", "epoch": 8, "batch": 3599, "n_batches": 7774, "time": 0.797, "data_time": 0.0, "lr": 0.0001, "loss": -9.243, "recon_loss": -9.25, "kld_loss": 0.015, "kld_weight": 0.5}
{"message": "", "levelname": "INFO", "name": "Trainer", "asctime": "2026-04-29 15:53:01,668", "type": "train", "epoch": 8, "batch": 3639, "n_batches": 7774, "time": 0.794, "data_time": 0.0, "lr": 0.0001, "loss": -9.613, "recon_loss": -9.619, "kld_loss": 0.012, "kld_weight": 0.5}
{"message": "", "levelname": "INFO", "name": "Trainer", "asctime": "2026-04-29 15:53:10,675", "type": "train", "epoch": 8, "batch": 3679, "n_batches": 7774, "time": 0.689, "data_time": 0.0, "lr": 0.0001, "loss": -9.142, "recon_loss": -9.147, "kld_loss": 0.011, "kld_weight": 0.5}
{"message": "", "levelname": "INFO", "name": "Trainer", "asctime": "2026-04-29 15:53:19,270", "type": "train", "epoch": 8, "batch": 3719, "n_batches": 7774, "time": 0.745, "data_time": 0.0, "lr": 0.0001, "loss": -7.191, "recon_loss": -7.202, "kld_loss": 0.022, "kld_weight": 0.5}
{"message": "", "levelname": "INFO", "name": "Trainer", "asctime": "2026-04-29 15:53:27,354", "type": "train", "epoch": 8, "batch": 3759, "n_batches": 7774, "time": 1.746, "data_time": 0.0, "lr": 0.0001, "loss": -8.91, "recon_loss": -8.914, "kld_loss": 0.007, "kld_weight": 0.5}
{"message": "", "levelname": "INFO", "name": "Trainer", "asctime": "2026-04-29 15:53:36,388", "type": "train", "epoch": 8, "batch": 3799, "n_batches": 7774, "time": 0.89, "data_time": 0.0, "lr": 0.0001, "loss": -0.117, "recon_loss": -0.153, "kld_loss": 0.072, "kld_weight": 0.5}
{"message": "", "levelname": "INFO", "name": "Trainer", "asctime": "2026-04-29 15:53:43,890", "type": "train", "epoch": 8, "batch": 3839, "n_batches": 7774, "time": 0.888, "data_time": 0.0, "lr": 0.0001, "loss": -6.464, "recon_loss": -6.474, "kld_loss": 0.019, "kld_weight": 0.5}
{"message": "", "levelname": "INFO", "name": "Trainer", "asctime": "2026-04-29 15:53:51,712", "type": "train", "epoch": 8, "batch": 3879, "n_batches": 7774, "time": 0.795, "data_time": 0.0, "lr": 0.0001, "loss": -9.02, "recon_loss": -9.024, "kld_loss": 0.008, "kld_weight": 0.5}
{"message": "", "levelname": "INFO", "name": "Trainer", "asctime": "2026-04-29 15:54:00,853", "type": "train", "epoch": 8, "batch": 3919, "n_batches": 7774, "time": 0.808, "data_time": 0.0, "lr": 0.0001, "loss": -8.603, "recon_loss": -8.607, "kld_loss": 0.007, "kld_weight": 0.5}
{"message": "", "levelname": "INFO", "name": "Trainer", "asctime": "2026-04-29 15:54:09,128", "type": "train", "epoch": 8, "batch": 3959, "n_batches": 7774, "time": 0.684, "data_time": 0.0, "lr": 0.0001, "loss": -7.665, "recon_loss": -7.677, "kld_loss": 0.024, "kld_weight": 0.5}
{"message": "", "levelname": "INFO", "name": "Trainer", "asctime": "2026-04-29 15:54:18,007", "type": "train", "epoch": 8, "batch": 3999, "n_batches": 7774, "time": 0.612, "data_time": 0.0, "lr": 0.0001, "loss": -9.033, "recon_loss": -9.036, "kld_loss": 0.006, "kld_weight": 0.5}
{"message": "", "levelname": "INFO", "name": "Trainer", "asctime": "2026-04-29 15:54:25,649", "type": "train", "epoch": 8, "batch": 4039, "n_batches": 7774, "time": 0.99, "data_time": 0.0, "lr": 0.0001, "loss": -7.584, "recon_loss": -7.59, "kld_loss": 0.012, "kld_weight": 0.5}
{"message": "", "levelname": "INFO", "name": "Trainer", "asctime": "2026-04-29 15:54:34,659", "type": "train", "epoch": 8, "batch": 4079, "n_batches": 7774, "time": 0.823, "data_time": 0.0, "lr": 0.0001, "loss": -9.659, "recon_loss": -9.668, "kld_loss": 0.02, "kld_weight": 0.5}
{"message": "", "levelname": "INFO", "name": "Trainer", "asctime": "2026-04-29 15:54:42,149", "type": "train", "epoch": 8, "batch": 4119, "n_batches": 7774, "time": 0.74, "data_time": 0.0, "lr": 0.0001, "loss": -6.593, "recon_loss": -6.598, "kld_loss": 0.009, "kld_weight": 0.5}
{"message": "", "levelname": "INFO", "name": "Trainer", "asctime": "2026-04-29 15:54:50,133", "type": "train", "epoch": 8, "batch": 4159, "n_batches": 7774, "time": 0.608, "data_time": 0.0, "lr": 0.0001, "loss": -7.757, "recon_loss": -7.762, "kld_loss": 0.01, "kld_weight": 0.5}
{"message": "", "levelname": "INFO", "name": "Trainer", "asctime": "2026-04-29 15:54:59,327", "type": "train", "epoch": 8, "batch": 4199, "n_batches": 7774, "time": 0.623, "data_time": 0.0, "lr": 0.0001, "loss": -9.021, "recon_loss": -9.03, "kld_loss": 0.019, "kld_weight": 0.5}
{"message": "", "levelname": "INFO", "name": "Trainer", "asctime": "2026-04-29 15:55:07,529", "type": "train", "epoch": 8, "batch": 4239, "n_batches": 7774, "time": 0.803, "data_time": 0.0, "lr": 0.0001, "loss": -4.115, "recon_loss": -4.118, "kld_loss": 0.005, "kld_weight": 0.5}
{"message": "", "levelname": "INFO", "name": "Trainer", "asctime": "2026-04-29 15:55:15,702", "type": "train", "epoch": 8, "batch": 4279, "n_batches": 7774, "time": 0.683, "data_time": 0.0, "lr": 0.0001, "loss": -6.82, "recon_loss": -6.83, "kld_loss": 0.019, "kld_weight": 0.5}
{"message": "", "levelname": "INFO", "name": "Trainer", "asctime": "2026-04-29 15:55:24,491", "type": "train", "epoch": 8, "batch": 4319, "n_batches": 7774, "time": 0.677, "data_time": 0.0, "lr": 0.0001, "loss": -6.384, "recon_loss": -6.39, "kld_loss": 0.013, "kld_weight": 0.5}
{"message": "", "levelname": "INFO", "name": "Trainer", "asctime": "2026-04-29 15:55:32,957", "type": "train", "epoch": 8, "batch": 4359, "n_batches": 7774, "time": 0.848, "data_time": 0.0, "lr": 0.0001, "loss": -10.296, "recon_loss": -10.3, "kld_loss": 0.007, "kld_weight": 0.5}
{"message": "", "levelname": "INFO", "name": "Trainer", "asctime": "2026-04-29 15:55:41,634", "type": "train", "epoch": 8, "batch": 4399, "n_batches": 7774, "time": 0.79, "data_time": 0.0, "lr": 0.0001, "loss": -2.335, "recon_loss": -2.344, "kld_loss": 0.017, "kld_weight": 0.5}
{"message": "", "levelname": "INFO", "name": "Trainer", "asctime": "2026-04-29 15:55:49,998", "type": "train", "epoch": 8, "batch": 4439, "n_batches": 7774, "time": 1.698, "data_time": 0.0, "lr": 0.0001, "loss": -7.853, "recon_loss": -7.876, "kld_loss": 0.046, "kld_weight": 0.5}
{"message": "", "levelname": "INFO", "name": "Trainer", "asctime": "2026-04-29 15:55:57,833", "type": "train", "epoch": 8, "batch": 4479, "n_batches": 7774, "time": 0.723, "data_time": 0.0, "lr": 0.0001, "loss": -8.751, "recon_loss": -8.754, "kld_loss": 0.005, "kld_weight": 0.5}
{"message": "", "levelname": "INFO", "name": "Trainer", "asctime": "2026-04-29 15:56:06,977", "type": "train", "epoch": 8, "batch": 4519, "n_batches": 7774, "time": 0.928, "data_time": 0.0, "lr": 0.0001, "loss": -6.819, "recon_loss": -6.822, "kld_loss": 0.006, "kld_weight": 0.5}
{"message": "", "levelname": "INFO", "name": "Trainer", "asctime": "2026-04-29 15:56:15,930", "type": "train", "epoch": 8, "batch": 4559, "n_batches": 7774, "time": 1.585, "data_time": 0.0, "lr": 0.0001, "loss": -8.204, "recon_loss": -8.207, "kld_loss": 0.005, "kld_weight": 0.5}
{"message": "", "levelname": "INFO", "name": "Trainer", "asctime": "2026-04-29 15:56:25,742", "type": "train", "epoch": 8, "batch": 4599, "n_batches": 7774, "time": 0.748, "data_time": 0.0, "lr": 0.0001, "loss": -3.061, "recon_loss": -3.068, "kld_loss": 0.015, "kld_weight": 0.5}
{"message": "", "levelname": "INFO", "name": "Trainer", "asctime": "2026-04-29 15:56:35,162", "type": "train", "epoch": 8, "batch": 4639, "n_batches": 7774, "time": 0.713, "data_time": 0.0, "lr": 0.0001, "loss": -9.929, "recon_loss": -9.933, "kld_loss": 0.007, "kld_weight": 0.5}
{"message": "", "levelname": "INFO", "name": "Trainer", "asctime": "2026-04-29 15:56:42,900", "type": "train", "epoch": 8, "batch": 4679, "n_batches": 7774, "time": 0.615, "data_time": 0.0, "lr": 0.0001, "loss": -6.542, "recon_loss": -6.549, "kld_loss": 0.014, "kld_weight": 0.5}
{"message": "", "levelname": "INFO", "name": "Trainer", "asctime": "2026-04-29 15:56:51,044", "type": "train", "epoch": 8, "batch": 4719, "n_batches": 7774, "time": 0.563, "data_time": 0.0, "lr": 0.0001, "loss": -7.609, "recon_loss": -7.616, "kld_loss": 0.014, "kld_weight": 0.5}
{"message": "", "levelname": "INFO", "name": "Trainer", "asctime": "2026-04-29 15:56:59,677", "type": "train", "epoch": 8, "batch": 4759, "n_batches": 7774, "time": 0.983, "data_time": 0.0, "lr": 0.0001, "loss": -8.494, "recon_loss": -8.497, "kld_loss": 0.004, "kld_weight": 0.5}
{"message": "", "levelname": "INFO", "name": "Trainer", "asctime": "2026-04-29 15:57:07,532", "type": "train", "epoch": 8, "batch": 4799, "n_batches": 7774, "time": 0.848, "data_time": 0.0, "lr": 0.0001, "loss": -3.451, "recon_loss": -3.465, "kld_loss": 0.028, "kld_weight": 0.5}
{"message": "", "levelname": "INFO", "name": "Trainer", "asctime": "2026-04-29 15:57:16,433", "type": "train", "epoch": 8, "batch": 4839, "n_batches": 7774, "time": 0.816, "data_time": 0.0, "lr": 0.0001, "loss": -8.192, "recon_loss": -8.197, "kld_loss": 0.01, "kld_weight": 0.5}
{"message": "", "levelname": "INFO", "name": "Trainer", "asctime": "2026-04-29 15:57:24,329", "type": "train", "epoch": 8, "batch": 4879, "n_batches": 7774, "time": 0.844, "data_time": 0.0, "lr": 0.0001, "loss": -7.288, "recon_loss": -7.301, "kld_loss": 0.025, "kld_weight": 0.5}
{"message": "", "levelname": "INFO", "name": "Trainer", "asctime": "2026-04-29 15:57:32,358", "type": "train", "epoch": 8, "batch": 4919, "n_batches": 7774, "time": 0.589, "data_time": 0.0, "lr": 0.0001, "loss": -1.291, "recon_loss": -1.309, "kld_loss": 0.036, "kld_weight": 0.5}
{"message": "", "levelname": "INFO", "name": "Trainer", "asctime": "2026-04-29 15:57:40,948", "type": "train", "epoch": 8, "batch": 4959, "n_batches": 7774, "time": 0.984, "data_time": 0.0, "lr": 0.0001, "loss": -5.927, "recon_loss": -5.932, "kld_loss": 0.01, "kld_weight": 0.5}
{"message": "", "levelname": "INFO", "name": "Trainer", "asctime": "2026-04-29 15:57:49,662", "type": "train", "epoch": 8, "batch": 4999, "n_batches": 7774, "time": 1.75, "data_time": 0.0, "lr": 0.0001, "loss": -6.108, "recon_loss": -6.117, "kld_loss": 0.016, "kld_weight": 0.5}
{"message": "", "levelname": "INFO", "name": "Trainer", "asctime": "2026-04-29 15:57:58,005", "type": "train", "epoch": 8, "batch": 5039, "n_batches": 7774, "time": 0.932, "data_time": 0.0, "lr": 0.0001, "loss": -4.305, "recon_loss": -4.312, "kld_loss": 0.015, "kld_weight": 0.5}
{"message": "", "levelname": "INFO", "name": "Trainer", "asctime": "2026-04-29 15:58:06,861", "type": "train", "epoch": 8, "batch": 5079, "n_batches": 7774, "time": 0.826, "data_time": 0.0, "lr": 0.0001, "loss": -7.908, "recon_loss": -7.913, "kld_loss": 0.01, "kld_weight": 0.5}
{"message": "", "levelname": "INFO", "name": "Trainer", "asctime": "2026-04-29 15:58:14,501", "type": "train", "epoch": 8, "batch": 5119, "n_batches": 7774, "time": 0.758, "data_time": 0.0, "lr": 0.0001, "loss": -5.492, "recon_loss": -5.496, "kld_loss": 0.007, "kld_weight": 0.5}
{"message": "", "levelname": "INFO", "name": "Trainer", "asctime": "2026-04-29 15:58:23,311", "type": "train", "epoch": 8, "batch": 5159, "n_batches": 7774, "time": 0.956, "data_time": 0.0, "lr": 0.0001, "loss": -6.192, "recon_loss": -6.196, "kld_loss": 0.007, "kld_weight": 0.5}
{"message": "", "levelname": "INFO", "name": "Trainer", "asctime": "2026-04-29 15:58:32,521", "type": "train", "epoch": 8, "batch": 5199, "n_batches": 7774, "time": 0.772, "data_time": 0.0, "lr": 0.0001, "loss": -11.377, "recon_loss": -11.382, "kld_loss": 0.009, "kld_weight": 0.5}
{"message": "", "levelname": "INFO", "name": "Trainer", "asctime": "2026-04-29 15:58:43,771", "type": "train", "epoch": 8, "batch": 5239, "n_batches": 7774, "time": 1.043, "data_time": 0.0, "lr": 0.0001, "loss": -7.355, "recon_loss": -7.367, "kld_loss": 0.025, "kld_weight": 0.5}
{"message": "", "levelname": "INFO", "name": "Trainer", "asctime": "2026-04-29 15:58:54,118", "type": "train", "epoch": 8, "batch": 5279, "n_batches": 7774, "time": 0.83, "data_time": 0.0, "lr": 0.0001, "loss": -8.935, "recon_loss": -8.94, "kld_loss": 0.012, "kld_weight": 0.5}
{"message": "", "levelname": "INFO", "name": "Trainer", "asctime": "2026-04-29 15:59:03,300", "type": "train", "epoch": 8, "batch": 5319, "n_batches": 7774, "time": 0.778, "data_time": 0.0, "lr": 0.0001, "loss": -7.869, "recon_loss": -7.872, "kld_loss": 0.004, "kld_weight": 0.5}
{"message": "", "levelname": "INFO", "name": "Trainer", "asctime": "2026-04-29 15:59:12,892", "type": "train", "epoch": 8, "batch": 5359, "n_batches": 7774, "time": 0.868, "data_time": 0.0, "lr": 0.0001, "loss": -7.589, "recon_loss": -7.596, "kld_loss": 0.014, "kld_weight": 0.5}
{"message": "", "levelname": "INFO", "name": "Trainer", "asctime": "2026-04-29 15:59:19,978", "type": "train", "epoch": 8, "batch": 5399, "n_batches": 7774, "time": 0.584, "data_time": 0.0, "lr": 0.0001, "loss": -6.7, "recon_loss": -6.707, "kld_loss": 0.014, "kld_weight": 0.5}
{"message": "", "levelname": "INFO", "name": "Trainer", "asctime": "2026-04-29 15:59:27,803", "type": "train", "epoch": 8, "batch": 5439, "n_batches": 7774, "time": 0.772, "data_time": 0.0, "lr": 0.0001, "loss": -7.177, "recon_loss": -7.182, "kld_loss": 0.01, "kld_weight": 0.5}
{"message": "", "levelname": "INFO", "name": "Trainer", "asctime": "2026-04-29 15:59:35,992", "type": "train", "epoch": 8, "batch": 5479, "n_batches": 7774, "time": 0.872, "data_time": 0.0, "lr": 0.0001, "loss": -7.712, "recon_loss": -7.719, "kld_loss": 0.015, "kld_weight": 0.5}
{"message": "", "levelname": "INFO", "name": "Trainer", "asctime": "2026-04-29 15:59:44,676", "type": "train", "epoch": 8, "batch": 5519, "n_batches": 7774, "time": 0.758, "data_time": 0.0, "lr": 0.0001, "loss": -8.736, "recon_loss": -8.74, "kld_loss": 0.009, "kld_weight": 0.5}
{"message": "", "levelname": "INFO", "name": "Trainer", "asctime": "2026-04-29 15:59:52,816", "type": "train", "epoch": 8, "batch": 5559, "n_batches": 7774, "time": 0.643, "data_time": 0.0, "lr": 0.0001, "loss": -8.42, "recon_loss": -8.425, "kld_loss": 0.01, "kld_weight": 0.5}
{"message": "", "levelname": "INFO", "name": "Trainer", "asctime": "2026-04-29 16:00:01,771", "type": "train", "epoch": 8, "batch": 5599, "n_batches": 7774, "time": 0.931, "data_time": 0.0, "lr": 0.0001, "loss": -9.382, "recon_loss": -9.391, "kld_loss": 0.017, "kld_weight": 0.5}
{"message": "", "levelname": "INFO", "name": "Trainer", "asctime": "2026-04-29 16:00:11,585", "type": "train", "epoch": 8, "batch": 5639, "n_batches": 7774, "time": 0.921, "data_time": 0.0, "lr": 0.0001, "loss": -1.682, "recon_loss": -1.69, "kld_loss": 0.017, "kld_weight": 0.5}
{"message": "", "levelname": "INFO", "name": "Trainer", "asctime": "2026-04-29 16:00:20,354", "type": "train", "epoch": 8, "batch": 5679, "n_batches": 7774, "time": 1.516, "data_time": 0.0, "lr": 0.0001, "loss": -7.498, "recon_loss": -7.501, "kld_loss": 0.005, "kld_weight": 0.5}
{"message": "", "levelname": "INFO", "name": "Trainer", "asctime": "2026-04-29 16:00:28,391", "type": "train", "epoch": 8, "batch": 5719, "n_batches": 7774, "time": 0.687, "data_time": 0.0, "lr": 0.0001, "loss": -7.58, "recon_loss": -7.583, "kld_loss": 0.007, "kld_weight": 0.5}
{"message": "", "levelname": "INFO", "name": "Trainer", "asctime": "2026-04-29 16:00:36,902", "type": "train", "epoch": 8, "batch": 5759, "n_batches": 7774, "time": 0.724, "data_time": 0.0, "lr": 0.0001, "loss": -5.908, "recon_loss": -5.913, "kld_loss": 0.009, "kld_weight": 0.5}
{"message": "", "levelname": "INFO", "name": "Trainer", "asctime": "2026-04-29 16:00:47,138", "type": "train", "epoch": 8, "batch": 5799, "n_batches": 7774, "time": 0.777, "data_time": 0.0, "lr": 0.0001, "loss": -7.801, "recon_loss": -7.802, "kld_loss": 0.002, "kld_weight": 0.5}
{"message": "", "levelname": "INFO", "name": "Trainer", "asctime": "2026-04-29 16:00:55,952", "type": "train", "epoch": 8, "batch": 5839, "n_batches": 7774, "time": 0.638, "data_time": 0.0, "lr": 0.0001, "loss": -9.657, "recon_loss": -9.661, "kld_loss": 0.006, "kld_weight": 0.5}
{"message": "", "levelname": "INFO", "name": "Trainer", "asctime": "2026-04-29 16:01:05,503", "type": "train", "epoch": 8, "batch": 5879, "n_batches": 7774, "time": 0.892, "data_time": 0.0, "lr": 0.0001, "loss": -8.625, "recon_loss": -8.628, "kld_loss": 0.006, "kld_weight": 0.5}
{"message": "", "levelname": "INFO", "name": "Trainer", "asctime": "2026-04-29 16:01:13,210", "type": "train", "epoch": 8, "batch": 5919, "n_batches": 7774, "time": 0.748, "data_time": 0.0, "lr": 0.0001, "loss": -9.861, "recon_loss": -9.863, "kld_loss": 0.005, "kld_weight": 0.5}
{"message": "", "levelname": "INFO", "name": "Trainer", "asctime": "2026-04-29 16:01:22,172", "type": "train", "epoch": 8, "batch": 5959, "n_batches": 7774, "time": 0.71, "data_time": 0.0, "lr": 0.0001, "loss": -4.418, "recon_loss": -4.423, "kld_loss": 0.009, "kld_weight": 0.5}
{"message": "", "levelname": "INFO", "name": "Trainer", "asctime": "2026-04-29 16:01:31,328", "type": "train", "epoch": 8, "batch": 5999, "n_batches": 7774, "time": 0.719, "data_time": 0.0, "lr": 0.0001, "loss": -5.989, "recon_loss": -5.991, "kld_loss": 0.004, "kld_weight": 0.5}
{"message": "", "levelname": "INFO", "name": "Trainer", "asctime": "2026-04-29 16:01:38,915", "type": "train", "epoch": 8, "batch": 6039, "n_batches": 7774, "time": 0.9, "data_time": 0.0, "lr": 0.0001, "loss": -8.429, "recon_loss": -8.432, "kld_loss": 0.006, "kld_weight": 0.5}
{"message": "", "levelname": "INFO", "name": "Trainer", "asctime": "2026-04-29 16:01:47,885", "type": "train", "epoch": 8, "batch": 6079, "n_batches": 7774, "time": 0.786, "data_time": 0.0, "lr": 0.0001, "loss": -4.867, "recon_loss": -4.873, "kld_loss": 0.011, "kld_weight": 0.5}
{"message": "", "levelname": "INFO", "name": "Trainer", "asctime": "2026-04-29 16:01:57,284", "type": "train", "epoch": 8, "batch": 6119, "n_batches": 7774, "time": 0.681, "data_time": 0.0, "lr": 0.0001, "loss": -7.818, "recon_loss": -7.822, "kld_loss": 0.01, "kld_weight": 0.5}
{"message": "", "levelname": "INFO", "name": "Trainer", "asctime": "2026-04-29 16:02:05,819", "type": "train", "epoch": 8, "batch": 6159, "n_batches": 7774, "time": 0.695, "data_time": 0.0, "lr": 0.0001, "loss": -9.73, "recon_loss": -9.732, "kld_loss": 0.004, "kld_weight": 0.5}
{"message": "", "levelname": "INFO", "name": "Trainer", "asctime": "2026-04-29 16:02:13,747", "type": "train", "epoch": 8, "batch": 6199, "n_batches": 7774, "time": 0.64, "data_time": 0.0, "lr": 0.0001, "loss": -6.976, "recon_loss": -6.992, "kld_loss": 0.031, "kld_weight": 0.5}
{"message": "", "levelname": "INFO", "name": "Trainer", "asctime": "2026-04-29 16:02:21,109", "type": "train", "epoch": 8, "batch": 6239, "n_batches": 7774, "time": 0.857, "data_time": 0.0, "lr": 0.0001, "loss": -3.787, "recon_loss": -3.795, "kld_loss": 0.015, "kld_weight": 0.5}
{"message": "", "levelname": "INFO", "name": "Trainer", "asctime": "2026-04-29 16:02:29,006", "type": "train", "epoch": 8, "batch": 6279, "n_batches": 7774, "time": 0.954, "data_time": 0.0, "lr": 0.0001, "loss": -4.247, "recon_loss": -4.256, "kld_loss": 0.018, "kld_weight": 0.5}
{"message": "", "levelname": "INFO", "name": "Trainer", "asctime": "2026-04-29 16:02:37,897", "type": "train", "epoch": 8, "batch": 6319, "n_batches": 7774, "time": 1.929, "data_time": 0.0, "lr": 0.0001, "loss": -3.107, "recon_loss": -3.112, "kld_loss": 0.01, "kld_weight": 0.5}
{"message": "", "levelname": "INFO", "name": "Trainer", "asctime": "2026-04-29 16:02:46,830", "type": "train", "epoch": 8, "batch": 6359, "n_batches": 7774, "time": 0.902, "data_time": 0.0, "lr": 0.0001, "loss": -5.266, "recon_loss": -5.275, "kld_loss": 0.017, "kld_weight": 0.5}
{"message": "", "levelname": "INFO", "name": "Trainer", "asctime": "2026-04-29 16:02:55,054", "type": "train", "epoch": 8, "batch": 6399, "n_batches": 7774, "time": 0.675, "data_time": 0.0, "lr": 0.0001, "loss": -8.522, "recon_loss": -8.525, "kld_loss": 0.006, "kld_weight": 0.5}
{"message": "", "levelname": "INFO", "name": "Trainer", "asctime": "2026-04-29 16:03:03,438", "type": "train", "epoch": 8, "batch": 6439, "n_batches": 7774, "time": 0.606, "data_time": 0.0, "lr": 0.0001, "loss": -8.644, "recon_loss": -8.651, "kld_loss": 0.014, "kld_weight": 0.5}
{"message": "", "levelname": "INFO", "name": "Trainer", "asctime": "2026-04-29 16:03:12,769", "type": "train", "epoch": 8, "batch": 6479, "n_batches": 7774, "time": 1.7, "data_time": 0.0, "lr": 0.0001, "loss": -1.798, "recon_loss": -1.806, "kld_loss": 0.018, "kld_weight": 0.5}
{"message": "", "levelname": "INFO", "name": "Trainer", "asctime": "2026-04-29 16:03:20,653", "type": "train", "epoch": 8, "batch": 6519, "n_batches": 7774, "time": 0.684, "data_time": 0.0, "lr": 0.0001, "loss": -8.227, "recon_loss": -8.241, "kld_loss": 0.027, "kld_weight": 0.5}
{"message": "", "levelname": "INFO", "name": "Trainer", "asctime": "2026-04-29 16:03:29,453", "type": "train", "epoch": 8, "batch": 6559, "n_batches": 7774, "time": 0.926, "data_time": 0.0, "lr": 0.0001, "loss": -3.9, "recon_loss": -3.909, "kld_loss": 0.017, "kld_weight": 0.5}
{"message": "", "levelname": "INFO", "name": "Trainer", "asctime": "2026-04-29 16:03:38,664", "type": "train", "epoch": 8, "batch": 6599, "n_batches": 7774, "time": 0.876, "data_time": 0.0, "lr": 0.0001, "loss": -8.77, "recon_loss": -8.775, "kld_loss": 0.009, "kld_weight": 0.5}
{"message": "", "levelname": "INFO", "name": "Trainer", "asctime": "2026-04-29 16:03:47,491", "type": "train", "epoch": 8, "batch": 6639, "n_batches": 7774, "time": 0.792, "data_time": 0.0, "lr": 0.0001, "loss": -8.65, "recon_loss": -8.659, "kld_loss": 0.017, "kld_weight": 0.5}
{"message": "", "levelname": "INFO", "name": "Trainer", "asctime": "2026-04-29 16:03:57,103", "type": "train", "epoch": 8, "batch": 6679, "n_batches": 7774, "time": 0.909, "data_time": 0.0, "lr": 0.0001, "loss": -1.7, "recon_loss": -1.709, "kld_loss": 0.018, "kld_weight": 0.5}
{"message": "", "levelname": "INFO", "name": "Trainer", "asctime": "2026-04-29 16:04:05,873", "type": "train", "epoch": 8, "batch": 6719, "n_batches": 7774, "time": 0.715, "data_time": 0.0, "lr": 0.0001, "loss": -6.843, "recon_loss": -6.856, "kld_loss": 0.025, "kld_weight": 0.5}
{"message": "", "levelname": "INFO", "name": "Trainer", "asctime": "2026-04-29 16:04:15,042", "type": "train", "epoch": 8, "batch": 6759, "n_batches": 7774, "time": 0.853, "data_time": 0.0, "lr": 0.0001, "loss": -6.391, "recon_loss": -6.397, "kld_loss": 0.013, "kld_weight": 0.5}
{"message": "", "levelname": "INFO", "name": "Trainer", "asctime": "2026-04-29 16:04:24,997", "type": "train", "epoch": 8, "batch": 6799, "n_batches": 7774, "time": 0.95, "data_time": 0.0, "lr": 0.0001, "loss": -5.712, "recon_loss": -5.716, "kld_loss": 0.009, "kld_weight": 0.5}
{"message": "", "levelname": "INFO", "name": "Trainer", "asctime": "2026-04-29 16:04:35,423", "type": "train", "epoch": 8, "batch": 6839, "n_batches": 7774, "time": 0.831, "data_time": 0.0, "lr": 0.0001, "loss": -7.186, "recon_loss": -7.191, "kld_loss": 0.011, "kld_weight": 0.5}
{"message": "", "levelname": "INFO", "name": "Trainer", "asctime": "2026-04-29 16:04:43,901", "type": "train", "epoch": 8, "batch": 6879, "n_batches": 7774, "time": 0.905, "data_time": 0.0, "lr": 0.0001, "loss": -8.762, "recon_loss": -8.765, "kld_loss": 0.006, "kld_weight": 0.5}
{"message": "", "levelname": "INFO", "name": "Trainer", "asctime": "2026-04-29 16:04:51,718", "type": "train", "epoch": 8, "batch": 6919, "n_batches": 7774, "time": 0.844, "data_time": 0.0, "lr": 0.0001, "loss": -9.528, "recon_loss": -9.533, "kld_loss": 0.008, "kld_weight": 0.5}
{"message": "", "levelname": "INFO", "name": "Trainer", "asctime": "2026-04-29 16:05:00,744", "type": "train", "epoch": 8, "batch": 6959, "n_batches": 7774, "time": 1.535, "data_time": 0.0, "lr": 0.0001, "loss": -9.465, "recon_loss": -9.472, "kld_loss": 0.014, "kld_weight": 0.5}
{"message": "", "levelname": "INFO", "name": "Trainer", "asctime": "2026-04-29 16:05:09,999", "type": "train", "epoch": 8, "batch": 6999, "n_batches": 7774, "time": 1.502, "data_time": 0.0, "lr": 0.0001, "loss": -7.609, "recon_loss": -7.618, "kld_loss": 0.019, "kld_weight": 0.5}
{"message": "", "levelname": "INFO", "name": "Trainer", "asctime": "2026-04-29 16:05:17,698", "type": "train", "epoch": 8, "batch": 7039, "n_batches": 7774, "time": 0.806, "data_time": 0.0, "lr": 0.0001, "loss": -1.93, "recon_loss": -1.935, "kld_loss": 0.01, "kld_weight": 0.5}
{"message": "", "levelname": "INFO", "name": "Trainer", "asctime": "2026-04-29 16:05:26,469", "type": "train", "epoch": 8, "batch": 7079, "n_batches": 7774, "time": 0.685, "data_time": 0.0, "lr": 0.0001, "loss": -4.574, "recon_loss": -4.584, "kld_loss": 0.02, "kld_weight": 0.5}
{"message": "", "levelname": "INFO", "name": "Trainer", "asctime": "2026-04-29 16:05:36,897", "type": "train", "epoch": 8, "batch": 7119, "n_batches": 7774, "time": 0.76, "data_time": 0.0, "lr": 0.0001, "loss": -3.951, "recon_loss": -3.954, "kld_loss": 0.006, "kld_weight": 0.5}
{"message": "", "levelname": "INFO", "name": "Trainer", "asctime": "2026-04-29 16:05:46,244", "type": "train", "epoch": 8, "batch": 7159, "n_batches": 7774, "time": 0.768, "data_time": 0.0, "lr": 0.0001, "loss": -3.43, "recon_loss": -3.442, "kld_loss": 0.024, "kld_weight": 0.5}
{"message": "", "levelname": "INFO", "name": "Trainer", "asctime": "2026-04-29 16:05:55,158", "type": "train", "epoch": 8, "batch": 7199, "n_batches": 7774, "time": 0.889, "data_time": 0.0, "lr": 0.0001, "loss": -10.437, "recon_loss": -10.441, "kld_loss": 0.008, "kld_weight": 0.5}
{"message": "", "levelname": "INFO", "name": "Trainer", "asctime": "2026-04-29 16:06:04,380", "type": "train", "epoch": 8, "batch": 7239, "n_batches": 7774, "time": 0.673, "data_time": 0.0, "lr": 0.0001, "loss": -9.391, "recon_loss": -9.393, "kld_loss": 0.004, "kld_weight": 0.5}
{"message": "", "levelname": "INFO", "name": "Trainer", "asctime": "2026-04-29 16:06:12,493", "type": "train", "epoch": 8, "batch": 7279, "n_batches": 7774, "time": 0.829, "data_time": 0.0, "lr": 0.0001, "loss": -9.634, "recon_loss": -9.638, "kld_loss": 0.008, "kld_weight": 0.5}
{"message": "", "levelname": "INFO", "name": "Trainer", "asctime": "2026-04-29 16:06:22,110", "type": "train", "epoch": 8, "batch": 7319, "n_batches": 7774, "time": 0.765, "data_time": 0.0, "lr": 0.0001, "loss": -3.67, "recon_loss": -3.68, "kld_loss": 0.02, "kld_weight": 0.5}
{"message": "", "levelname": "INFO", "name": "Trainer", "asctime": "2026-04-29 16:06:30,942", "type": "train", "epoch": 8, "batch": 7359, "n_batches": 7774, "time": 0.847, "data_time": 0.0, "lr": 0.0001, "loss": -1.442, "recon_loss": -1.448, "kld_loss": 0.01, "kld_weight": 0.5}
{"message": "", "levelname": "INFO", "name": "Trainer", "asctime": "2026-04-29 16:06:38,648", "type": "train", "epoch": 8, "batch": 7399, "n_batches": 7774, "time": 0.71, "data_time": 0.0, "lr": 0.0001, "loss": -8.562, "recon_loss": -8.567, "kld_loss": 0.011, "kld_weight": 0.5}
{"message": "", "levelname": "INFO", "name": "Trainer", "asctime": "2026-04-29 16:06:48,686", "type": "train", "epoch": 8, "batch": 7439, "n_batches": 7774, "time": 1.334, "data_time": 0.0, "lr": 0.0001, "loss": -1.035, "recon_loss": -1.055, "kld_loss": 0.041, "kld_weight": 0.5}
{"message": "", "levelname": "INFO", "name": "Trainer", "asctime": "2026-04-29 16:06:58,384", "type": "train", "epoch": 8, "batch": 7479, "n_batches": 7774, "time": 1.65, "data_time": 0.0, "lr": 0.0001, "loss": -5.141, "recon_loss": -5.148, "kld_loss": 0.014, "kld_weight": 0.5}
{"message": "", "levelname": "INFO", "name": "Trainer", "asctime": "2026-04-29 16:07:07,061", "type": "train", "epoch": 8, "batch": 7519, "n_batches": 7774, "time": 0.673, "data_time": 0.0, "lr": 0.0001, "loss": -7.847, "recon_loss": -7.853, "kld_loss": 0.01, "kld_weight": 0.5}
{"message": "", "levelname": "INFO", "name": "Trainer", "asctime": "2026-04-29 16:07:15,236", "type": "train", "epoch": 8, "batch": 7559, "n_batches": 7774, "time": 0.924, "data_time": 0.0, "lr": 0.0001, "loss": -11.858, "recon_loss": -11.86, "kld_loss": 0.003, "kld_weight": 0.5}
{"message": "", "levelname": "INFO", "name": "Trainer", "asctime": "2026-04-29 16:07:25,180", "type": "train", "epoch": 8, "batch": 7599, "n_batches": 7774, "time": 0.809, "data_time": 0.0, "lr": 0.0001, "loss": -3.112, "recon_loss": -3.131, "kld_loss": 0.039, "kld_weight": 0.5}
{"message": "", "levelname": "INFO", "name": "Trainer", "asctime": "2026-04-29 16:07:32,413", "type": "train", "epoch": 8, "batch": 7639, "n_batches": 7774, "time": 0.692, "data_time": 0.0, "lr": 0.0001, "loss": -6.126, "recon_loss": -6.136, "kld_loss": 0.021, "kld_weight": 0.5}
{"message": "", "levelname": "INFO", "name": "Trainer", "asctime": "2026-04-29 16:07:41,582", "type": "train", "epoch": 8, "batch": 7679, "n_batches": 7774, "time": 0.799, "data_time": 0.0, "lr": 0.0001, "loss": -6.037, "recon_loss": -6.04, "kld_loss": 0.007, "kld_weight": 0.5}
{"message": "", "levelname": "INFO", "name": "Trainer", "asctime": "2026-04-29 16:07:49,559", "type": "train", "epoch": 8, "batch": 7719, "n_batches": 7774, "time": 1.616, "data_time": 0.0, "lr": 0.0001, "loss": -3.176, "recon_loss": -3.178, "kld_loss": 0.005, "kld_weight": 0.5}
{"message": "", "levelname": "INFO", "name": "Trainer", "asctime": "2026-04-29 16:07:58,093", "type": "train", "epoch": 8, "batch": 7759, "n_batches": 7774, "time": 1.442, "data_time": 0.0, "lr": 0.0001, "loss": -3.905, "recon_loss": -3.909, "kld_loss": 0.009, "kld_weight": 0.5}
{"message": "", "levelname": "INFO", "name": "Trainer", "asctime": "2026-04-29 16:08:00,331", "type": "train-epoch", "epoch": 9, "loss": -1.78428, "recon_loss": -1.78599, "kld_loss": 0.00342, "kld_weight": 0.5, "time": 1707.1}
{"message": "", "levelname": "INFO", "name": "Trainer", "asctime": "2026-04-29 16:11:16,003", "type": "val-epoch", "epoch": 9, "loss": -1.847, "test_loss": -1.761, "recon_loss": -1.849, "kld_loss": 0.003, "kld_weight": 0.5, "note": "loss is teacher-forced CVAE objective; test_loss is prior-only reconstruction", "time": 195.7}
{"message": "", "levelname": "INFO", "name": "Trainer", "asctime": "2026-04-29 16:11:24,590", "type": "train", "epoch": 9, "batch": 39, "n_batches": 7774, "time": 0.59, "data_time": 0.0, "lr": 0.0001, "loss": -11.046, "recon_loss": -11.048, "kld_loss": 0.005, "kld_weight": 0.5}
{"message": "", "levelname": "INFO", "name": "Trainer", "asctime": "2026-04-29 16:11:33,691", "type": "train", "epoch": 9, "batch": 79, "n_batches": 7774, "time": 0.655, "data_time": 0.0, "lr": 0.0001, "loss": -9.643, "recon_loss": -9.648, "kld_loss": 0.01, "kld_weight": 0.5}
{"message": "", "levelname": "INFO", "name": "Trainer", "asctime": "2026-04-29 16:11:42,169", "type": "train", "epoch": 9, "batch": 119, "n_batches": 7774, "time": 0.836, "data_time": 0.0, "lr": 0.0001, "loss": -10.639, "recon_loss": -10.641, "kld_loss": 0.004, "kld_weight": 0.5}
{"message": "", "levelname": "INFO", "name": "Trainer", "asctime": "2026-04-29 16:11:52,869", "type": "train", "epoch": 9, "batch": 159, "n_batches": 7774, "time": 0.844, "data_time": 0.001, "lr": 0.0001, "loss": -9.347, "recon_loss": -9.35, "kld_loss": 0.005, "kld_weight": 0.5}
{"message": "", "levelname": "INFO", "name": "Trainer", "asctime": "2026-04-29 16:12:00,596", "type": "train", "epoch": 9, "batch": 199, "n_batches": 7774, "time": 0.85, "data_time": 0.0, "lr": 0.0001, "loss": -6.835, "recon_loss": -6.845, "kld_loss": 0.02, "kld_weight": 0.5}
{"message": "", "levelname": "INFO", "name": "Trainer", "asctime": "2026-04-29 16:12:10,426", "type": "train", "epoch": 9, "batch": 239, "n_batches": 7774, "time": 0.713, "data_time": 0.0, "lr": 0.0001, "loss": -6.122, "recon_loss": -6.13, "kld_loss": 0.016, "kld_weight": 0.5}
{"message": "", "levelname": "INFO", "name": "Trainer", "asctime": "2026-04-29 16:12:19,200", "type": "train", "epoch": 9, "batch": 279, "n_batches": 7774, "time": 0.848, "data_time": 0.0, "lr": 0.0001, "loss": -7.718, "recon_loss": -7.725, "kld_loss": 0.013, "kld_weight": 0.5}
{"message": "", "levelname": "INFO", "name": "Trainer", "asctime": "2026-04-29 16:12:27,638", "type": "train", "epoch": 9, "batch": 319, "n_batches": 7774, "time": 0.836, "data_time": 0.0, "lr": 0.0001, "loss": -2.457, "recon_loss": -2.475, "kld_loss": 0.036, "kld_weight": 0.5}
{"message": "", "levelname": "INFO", "name": "Trainer", "asctime": "2026-04-29 16:12:36,110", "type": "train", "epoch": 9, "batch": 359, "n_batches": 7774, "time": 0.729, "data_time": 0.0, "lr": 0.0001, "loss": -9.339, "recon_loss": -9.346, "kld_loss": 0.014, "kld_weight": 0.5}
{"message": "", "levelname": "INFO", "name": "Trainer", "asctime": "2026-04-29 16:12:45,179", "type": "train", "epoch": 9, "batch": 399, "n_batches": 7774, "time": 1.501, "data_time": 0.0, "lr": 0.0001, "loss": -10.166, "recon_loss": -10.17, "kld_loss": 0.007, "kld_weight": 0.5}
{"message": "", "levelname": "INFO", "name": "Trainer", "asctime": "2026-04-29 16:12:53,583", "type": "train", "epoch": 9, "batch": 439, "n_batches": 7774, "time": 0.846, "data_time": 0.0, "lr": 0.0001, "loss": -7.018, "recon_loss": -7.024, "kld_loss": 0.011, "kld_weight": 0.5}
{"message": "", "levelname": "INFO", "name": "Trainer", "asctime": "2026-04-29 16:13:01,725", "type": "train", "epoch": 9, "batch": 479, "n_batches": 7774, "time": 0.791, "data_time": 0.0, "lr": 0.0001, "loss": -6.607, "recon_loss": -6.615, "kld_loss": 0.016, "kld_weight": 0.5}
{"message": "", "levelname": "INFO", "name": "Trainer", "asctime": "2026-04-29 16:13:09,661", "type": "train", "epoch": 9, "batch": 519, "n_batches": 7774, "time": 0.897, "data_time": 0.0, "lr": 0.0001, "loss": -7.435, "recon_loss": -7.439, "kld_loss": 0.007, "kld_weight": 0.5}
{"message": "", "levelname": "INFO", "name": "Trainer", "asctime": "2026-04-29 16:13:16,799", "type": "train", "epoch": 9, "batch": 559, "n_batches": 7774, "time": 0.761, "data_time": 0.0, "lr": 0.0001, "loss": -5.41, "recon_loss": -5.415, "kld_loss": 0.011, "kld_weight": 0.5}
{"message": "", "levelname": "INFO", "name": "Trainer", "asctime": "2026-04-29 16:13:24,263", "type": "train", "epoch": 9, "batch": 599, "n_batches": 7774, "time": 0.735, "data_time": 0.0, "lr": 0.0001, "loss": -5.189, "recon_loss": -5.206, "kld_loss": 0.033, "kld_weight": 0.5}
{"message": "", "levelname": "INFO", "name": "Trainer", "asctime": "2026-04-29 16:13:32,829", "type": "train", "epoch": 9, "batch": 639, "n_batches": 7774, "time": 0.731, "data_time": 0.0, "lr": 0.0001, "loss": -8.742, "recon_loss": -8.746, "kld_loss": 0.009, "kld_weight": 0.5}
{"message": "", "levelname": "INFO", "name": "Trainer", "asctime": "2026-04-29 16:13:43,467", "type": "train", "epoch": 9, "batch": 679, "n_batches": 7774, "time": 0.781, "data_time": 0.0, "lr": 0.0001, "loss": -2.445, "recon_loss": -2.455, "kld_loss": 0.019, "kld_weight": 0.5}
{"message": "", "levelname": "INFO", "name": "Trainer", "asctime": "2026-04-29 16:13:51,445", "type": "train", "epoch": 9, "batch": 719, "n_batches": 7774, "time": 0.777, "data_time": 0.0, "lr": 0.0001, "loss": -7.665, "recon_loss": -7.67, "kld_loss": 0.01, "kld_weight": 0.5}
{"message": "", "levelname": "INFO", "name": "Trainer", "asctime": "2026-04-29 16:13:58,973", "type": "train", "epoch": 9, "batch": 759, "n_batches": 7774, "time": 0.671, "data_time": 0.0, "lr": 0.0001, "loss": -3.946, "recon_loss": -3.962, "kld_loss": 0.031, "kld_weight": 0.5}
{"message": "", "levelname": "INFO", "name": "Trainer", "asctime": "2026-04-29 16:14:07,195", "type": "train", "epoch": 9, "batch": 799, "n_batches": 7774, "time": 0.766, "data_time": 0.0, "lr": 0.0001, "loss": -6.789, "recon_loss": -6.795, "kld_loss": 0.011, "kld_weight": 0.5}
{"message": "", "levelname": "INFO", "name": "Trainer", "asctime": "2026-04-29 16:14:15,625", "type": "train", "epoch": 9, "batch": 839, "n_batches": 7774, "time": 0.906, "data_time": 0.0, "lr": 0.0001, "loss": -6.422, "recon_loss": -6.427, "kld_loss": 0.01, "kld_weight": 0.5}
{"message": "", "levelname": "INFO", "name": "Trainer", "asctime": "2026-04-29 16:14:23,732", "type": "train", "epoch": 9, "batch": 879, "n_batches": 7774, "time": 0.815, "data_time": 0.0, "lr": 0.0001, "loss": -2.43, "recon_loss": -2.434, "kld_loss": 0.008, "kld_weight": 0.5}
{"message": "", "levelname": "INFO", "name": "Trainer", "asctime": "2026-04-29 16:14:32,906", "type": "train", "epoch": 9, "batch": 919, "n_batches": 7774, "time": 0.847, "data_time": 0.0, "lr": 0.0001, "loss": -8.999, "recon_loss": -9.002, "kld_loss": 0.007, "kld_weight": 0.5}
{"message": "", "levelname": "INFO", "name": "Trainer", "asctime": "2026-04-29 16:14:40,864", "type": "train", "epoch": 9, "batch": 959, "n_batches": 7774, "time": 0.725, "data_time": 0.0, "lr": 0.0001, "loss": -9.736, "recon_loss": -9.739, "kld_loss": 0.006, "kld_weight": 0.5}
{"message": "", "levelname": "INFO", "name": "Trainer", "asctime": "2026-04-29 16:14:48,550", "type": "train", "epoch": 9, "batch": 999, "n_batches": 7774, "time": 0.628, "data_time": 0.0, "lr": 0.0001, "loss": -7.589, "recon_loss": -7.594, "kld_loss": 0.01, "kld_weight": 0.5}
{"message": "", "levelname": "INFO", "name": "Trainer", "asctime": "2026-04-29 16:14:57,955", "type": "train", "epoch": 9, "batch": 1039, "n_batches": 7774, "time": 0.851, "data_time": 0.0, "lr": 0.0001, "loss": -9.258, "recon_loss": -9.262, "kld_loss": 0.009, "kld_weight": 0.5}
{"message": "", "levelname": "INFO", "name": "Trainer", "asctime": "2026-04-29 16:15:06,298", "type": "train", "epoch": 9, "batch": 1079, "n_batches": 7774, "time": 0.653, "data_time": 0.0, "lr": 0.0001, "loss": -8.459, "recon_loss": -8.461, "kld_loss": 0.005, "kld_weight": 0.5}
{"message": "", "levelname": "INFO", "name": "Trainer", "asctime": "2026-04-29 16:15:14,322", "type": "train", "epoch": 9, "batch": 1119, "n_batches": 7774, "time": 0.533, "data_time": 0.0, "lr": 0.0001, "loss": -9.804, "recon_loss": -9.812, "kld_loss": 0.014, "kld_weight": 0.5}
{"message": "", "levelname": "INFO", "name": "Trainer", "asctime": "2026-04-29 16:15:22,725", "type": "train", "epoch": 9, "batch": 1159, "n_batches": 7774, "time": 1.429, "data_time": 0.0, "lr": 0.0001, "loss": -9.807, "recon_loss": -9.81, "kld_loss": 0.005, "kld_weight": 0.5}
{"message": "", "levelname": "INFO", "name": "Trainer", "asctime": "2026-04-29 16:15:30,562", "type": "train", "epoch": 9, "batch": 1199, "n_batches": 7774, "time": 0.829, "data_time": 0.0, "lr": 0.0001, "loss": -7.549, "recon_loss": -7.552, "kld_loss": 0.004, "kld_weight": 0.5}
{"message": "", "levelname": "INFO", "name": "Trainer", "asctime": "2026-04-29 16:15:39,091", "type": "train", "epoch": 9, "batch": 1239, "n_batches": 7774, "time": 0.715, "data_time": 0.0, "lr": 0.0001, "loss": -8.496, "recon_loss": -8.506, "kld_loss": 0.019, "kld_weight": 0.5}
{"message": "", "levelname": "INFO", "name": "Trainer", "asctime": "2026-04-29 16:15:47,805", "type": "train", "epoch": 9, "batch": 1279, "n_batches": 7774, "time": 0.639, "data_time": 0.0, "lr": 0.0001, "loss": 4.187, "recon_loss": 4.182, "kld_loss": 0.01, "kld_weight": 0.5}
{"message": "", "levelname": "INFO", "name": "Trainer", "asctime": "2026-04-29 16:15:57,268", "type": "train", "epoch": 9, "batch": 1319, "n_batches": 7774, "time": 0.856, "data_time": 0.0, "lr": 0.0001, "loss": -5.118, "recon_loss": -5.14, "kld_loss": 0.043, "kld_weight": 0.5}
{"message": "", "levelname": "INFO", "name": "Trainer", "asctime": "2026-04-29 16:16:05,244", "type": "train", "epoch": 9, "batch": 1359, "n_batches": 7774, "time": 0.648, "data_time": 0.0, "lr": 0.0001, "loss": -9.069, "recon_loss": -9.075, "kld_loss": 0.011, "kld_weight": 0.5}
{"message": "", "levelname": "INFO", "name": "Trainer", "asctime": "2026-04-29 16:16:13,101", "type": "train", "epoch": 9, "batch": 1399, "n_batches": 7774, "time": 0.65, "data_time": 0.0, "lr": 0.0001, "loss": -6.366, "recon_loss": -6.37, "kld_loss": 0.008, "kld_weight": 0.5}
{"message": "", "levelname": "INFO", "name": "Trainer", "asctime": "2026-04-29 16:16:20,903", "type": "train", "epoch": 9, "batch": 1439, "n_batches": 7774, "time": 0.506, "data_time": 0.0, "lr": 0.0001, "loss": -7.772, "recon_loss": -7.777, "kld_loss": 0.009, "kld_weight": 0.5}
{"message": "", "levelname": "INFO", "name": "Trainer", "asctime": "2026-04-29 16:16:28,548", "type": "train", "epoch": 9, "batch": 1479, "n_batches": 7774, "time": 0.745, "data_time": 0.0, "lr": 0.0001, "loss": -9.539, "recon_loss": -9.547, "kld_loss": 0.018, "kld_weight": 0.5}
{"message": "", "levelname": "INFO", "name": "Trainer", "asctime": "2026-04-29 16:16:35,573", "type": "train", "epoch": 9, "batch": 1519, "n_batches": 7774, "time": 0.763, "data_time": 0.0, "lr": 0.0001, "loss": -8.889, "recon_loss": -8.895, "kld_loss": 0.013, "kld_weight": 0.5}
{"message": "", "levelname": "INFO", "name": "Trainer", "asctime": "2026-04-29 16:16:43,481", "type": "train", "epoch": 9, "batch": 1559, "n_batches": 7774, "time": 0.6, "data_time": 0.0, "lr": 0.0001, "loss": -4.93, "recon_loss": -4.934, "kld_loss": 0.008, "kld_weight": 0.5}
{"message": "", "levelname": "INFO", "name": "Trainer", "asctime": "2026-04-29 16:16:51,081", "type": "train", "epoch": 9, "batch": 1599, "n_batches": 7774, "time": 0.637, "data_time": 0.0, "lr": 0.0001, "loss": -10.046, "recon_loss": -10.049, "kld_loss": 0.007, "kld_weight": 0.5}
{"message": "", "levelname": "INFO", "name": "Trainer", "asctime": "2026-04-29 16:16:58,468", "type": "train", "epoch": 9, "batch": 1639, "n_batches": 7774, "time": 0.728, "data_time": 0.0, "lr": 0.0001, "loss": -7.015, "recon_loss": -7.019, "kld_loss": 0.009, "kld_weight": 0.5}
{"message": "", "levelname": "INFO", "name": "Trainer", "asctime": "2026-04-29 16:17:07,745", "type": "train", "epoch": 9, "batch": 1679, "n_batches": 7774, "time": 0.798, "data_time": 0.0, "lr": 0.0001, "loss": -3.445, "recon_loss": -3.472, "kld_loss": 0.053, "kld_weight": 0.5}
{"message": "", "levelname": "INFO", "name": "Trainer", "asctime": "2026-04-29 16:17:16,410", "type": "train", "epoch": 9, "batch": 1719, "n_batches": 7774, "time": 0.633, "data_time": 0.0, "lr": 0.0001, "loss": -6.603, "recon_loss": -6.607, "kld_loss": 0.006, "kld_weight": 0.5}
{"message": "", "levelname": "INFO", "name": "Trainer", "asctime": "2026-04-29 16:17:24,128", "type": "train", "epoch": 9, "batch": 1759, "n_batches": 7774, "time": 0.582, "data_time": 0.0, "lr": 0.0001, "loss": -1.256, "recon_loss": -1.285, "kld_loss": 0.057, "kld_weight": 0.5}
{"message": "", "levelname": "INFO", "name": "Trainer", "asctime": "2026-04-29 16:17:31,614", "type": "train", "epoch": 9, "batch": 1799, "n_batches": 7774, "time": 0.892, "data_time": 0.0, "lr": 0.0001, "loss": -7.618, "recon_loss": -7.624, "kld_loss": 0.012, "kld_weight": 0.5}
{"message": "", "levelname": "INFO", "name": "Trainer", "asctime": "2026-04-29 16:17:38,812", "type": "train", "epoch": 9, "batch": 1839, "n_batches": 7774, "time": 0.687, "data_time": 0.0, "lr": 0.0001, "loss": -9.491, "recon_loss": -9.495, "kld_loss": 0.007, "kld_weight": 0.5}
{"message": "", "levelname": "INFO", "name": "Trainer", "asctime": "2026-04-29 16:17:47,731", "type": "train", "epoch": 9, "batch": 1879, "n_batches": 7774, "time": 0.962, "data_time": 0.0, "lr": 0.0001, "loss": -5.999, "recon_loss": -6.008, "kld_loss": 0.019, "kld_weight": 0.5}
{"message": "", "levelname": "INFO", "name": "Trainer", "asctime": "2026-04-29 16:17:55,126", "type": "train", "epoch": 9, "batch": 1919, "n_batches": 7774, "time": 0.733, "data_time": 0.0, "lr": 0.0001, "loss": -5.579, "recon_loss": -5.591, "kld_loss": 0.025, "kld_weight": 0.5}
{"message": "", "levelname": "INFO", "name": "Trainer", "asctime": "2026-04-29 16:18:04,211", "type": "train", "epoch": 9, "batch": 1959, "n_batches": 7774, "time": 0.855, "data_time": 0.0, "lr": 0.0001, "loss": -8.781, "recon_loss": -8.786, "kld_loss": 0.01, "kld_weight": 0.5}
{"message": "", "levelname": "INFO", "name": "Trainer", "asctime": "2026-04-29 16:18:11,922", "type": "train", "epoch": 9, "batch": 1999, "n_batches": 7774, "time": 0.503, "data_time": 0.0, "lr": 0.0001, "loss": -1.911, "recon_loss": -1.921, "kld_loss": 0.021, "kld_weight": 0.5}
{"message": "", "levelname": "INFO", "name": "Trainer", "asctime": "2026-04-29 16:18:20,547", "type": "train", "epoch": 9, "batch": 2039, "n_batches": 7774, "time": 0.819, "data_time": 0.0, "lr": 0.0001, "loss": -9.52, "recon_loss": -9.523, "kld_loss": 0.004, "kld_weight": 0.5}
{"message": "", "levelname": "INFO", "name": "Trainer", "asctime": "2026-04-29 16:18:28,944", "type": "train", "epoch": 9, "batch": 2079, "n_batches": 7774, "time": 0.766, "data_time": 0.0, "lr": 0.0001, "loss": -8.58, "recon_loss": -8.583, "kld_loss": 0.006, "kld_weight": 0.5}
{"message": "", "levelname": "INFO", "name": "Trainer", "asctime": "2026-04-29 16:18:38,138", "type": "train", "epoch": 9, "batch": 2119, "n_batches": 7774, "time": 1.35, "data_time": 0.0, "lr": 0.0001, "loss": -10.792, "recon_loss": -10.798, "kld_loss": 0.013, "kld_weight": 0.5}
{"message": "", "levelname": "INFO", "name": "Trainer", "asctime": "2026-04-29 16:18:46,122", "type": "train", "epoch": 9, "batch": 2159, "n_batches": 7774, "time": 0.677, "data_time": 0.0, "lr": 0.0001, "loss": -0.77, "recon_loss": -0.816, "kld_loss": 0.091, "kld_weight": 0.5}
{"message": "", "levelname": "INFO", "name": "Trainer", "asctime": "2026-04-29 16:18:53,277", "type": "train", "epoch": 9, "batch": 2199, "n_batches": 7774, "time": 0.549, "data_time": 0.0, "lr": 0.0001, "loss": -9.996, "recon_loss": -10.013, "kld_loss": 0.034, "kld_weight": 0.5}
{"message": "", "levelname": "INFO", "name": "Trainer", "asctime": "2026-04-29 16:19:01,984", "type": "train", "epoch": 9, "batch": 2239, "n_batches": 7774, "time": 0.581, "data_time": 0.0, "lr": 0.0001, "loss": -7.565, "recon_loss": -7.57, "kld_loss": 0.009, "kld_weight": 0.5}
{"message": "", "levelname": "INFO", "name": "Trainer", "asctime": "2026-04-29 16:19:09,687", "type": "train", "epoch": 9, "batch": 2279, "n_batches": 7774, "time": 0.949, "data_time": 0.0, "lr": 0.0001, "loss": -10.594, "recon_loss": -10.598, "kld_loss": 0.009, "kld_weight": 0.5}
{"message": "", "levelname": "INFO", "name": "Trainer", "asctime": "2026-04-29 16:19:17,475", "type": "train", "epoch": 9, "batch": 2319, "n_batches": 7774, "time": 0.646, "data_time": 0.0, "lr": 0.0001, "loss": -9.315, "recon_loss": -9.322, "kld_loss": 0.013, "kld_weight": 0.5}
{"message": "", "levelname": "INFO", "name": "Trainer", "asctime": "2026-04-29 16:19:26,793", "type": "train", "epoch": 9, "batch": 2359, "n_batches": 7774, "time": 1.266, "data_time": 0.0, "lr": 0.0001, "loss": -8.942, "recon_loss": -8.946, "kld_loss": 0.007, "kld_weight": 0.5}
{"message": "", "levelname": "INFO", "name": "Trainer", "asctime": "2026-04-29 16:19:33,259", "type": "train", "epoch": 9, "batch": 2399, "n_batches": 7774, "time": 0.39, "data_time": 0.0, "lr": 0.0001, "loss": -1.488, "recon_loss": -1.5, "kld_loss": 0.024, "kld_weight": 0.5}
{"message": "", "levelname": "INFO", "name": "Trainer", "asctime": "2026-04-29 16:19:41,549", "type": "train", "epoch": 9, "batch": 2439, "n_batches": 7774, "time": 0.586, "data_time": 0.0, "lr": 0.0001, "loss": -10.634, "recon_loss": -10.636, "kld_loss": 0.004, "kld_weight": 0.5}
{"message": "", "levelname": "INFO", "name": "Trainer", "asctime": "2026-04-29 16:19:50,059", "type": "train", "epoch": 9, "batch": 2479, "n_batches": 7774, "time": 1.592, "data_time": 0.0, "lr": 0.0001, "loss": -8.224, "recon_loss": -8.229, "kld_loss": 0.011, "kld_weight": 0.5}
{"message": "", "levelname": "INFO", "name": "Trainer", "asctime": "2026-04-29 16:19:58,759", "type": "train", "epoch": 9, "batch": 2519, "n_batches": 7774, "time": 1.362, "data_time": 0.0, "lr": 0.0001, "loss": -5.825, "recon_loss": -5.837, "kld_loss": 0.025, "kld_weight": 0.5}
{"message": "", "levelname": "INFO", "name": "Trainer", "asctime": "2026-04-29 16:20:07,053", "type": "train", "epoch": 9, "batch": 2559, "n_batches": 7774, "time": 0.69, "data_time": 0.0, "lr": 0.0001, "loss": -6.25, "recon_loss": -6.258, "kld_loss": 0.016, "kld_weight": 0.5}
{"message": "", "levelname": "INFO", "name": "Trainer", "asctime": "2026-04-29 16:20:14,793", "type": "train", "epoch": 9, "batch": 2599, "n_batches": 7774, "time": 0.661, "data_time": 0.0, "lr": 0.0001, "loss": -10.913, "recon_loss": -10.916, "kld_loss": 0.005, "kld_weight": 0.5}
{"message": "", "levelname": "INFO", "name": "Trainer", "asctime": "2026-04-29 16:20:23,575", "type": "train", "epoch": 9, "batch": 2639, "n_batches": 7774, "time": 0.946, "data_time": 0.0, "lr": 0.0001, "loss": -7.656, "recon_loss": -7.659, "kld_loss": 0.007, "kld_weight": 0.5}
{"message": "", "levelname": "INFO", "name": "Trainer", "asctime": "2026-04-29 16:20:30,798", "type": "train", "epoch": 9, "batch": 2679, "n_batches": 7774, "time": 0.82, "data_time": 0.0, "lr": 0.0001, "loss": -5.372, "recon_loss": -5.381, "kld_loss": 0.017, "kld_weight": 0.5}
{"message": "", "levelname": "INFO", "name": "Trainer", "asctime": "2026-04-29 16:20:38,319", "type": "train", "epoch": 9, "batch": 2719, "n_batches": 7774, "time": 0.815, "data_time": 0.0, "lr": 0.0001, "loss": -10.633, "recon_loss": -10.634, "kld_loss": 0.002, "kld_weight": 0.5}
{"message": "", "levelname": "INFO", "name": "Trainer", "asctime": "2026-04-29 16:20:46,594", "type": "train", "epoch": 9, "batch": 2759, "n_batches": 7774, "time": 0.694, "data_time": 0.0, "lr": 0.0001, "loss": -6.37, "recon_loss": -6.374, "kld_loss": 0.009, "kld_weight": 0.5}
{"message": "", "levelname": "INFO", "name": "Trainer", "asctime": "2026-04-29 16:20:54,322", "type": "train", "epoch": 9, "batch": 2799, "n_batches": 7774, "time": 0.835, "data_time": 0.0, "lr": 0.0001, "loss": -8.177, "recon_loss": -8.183, "kld_loss": 0.011, "kld_weight": 0.5}
{"message": "", "levelname": "INFO", "name": "Trainer", "asctime": "2026-04-29 16:21:01,878", "type": "train", "epoch": 9, "batch": 2839, "n_batches": 7774, "time": 0.783, "data_time": 0.0, "lr": 0.0001, "loss": -8.96, "recon_loss": -8.964, "kld_loss": 0.008, "kld_weight": 0.5}
{"message": "", "levelname": "INFO", "name": "Trainer", "asctime": "2026-04-29 16:21:10,471", "type": "train", "epoch": 9, "batch": 2879, "n_batches": 7774, "time": 0.903, "data_time": 0.0, "lr": 0.0001, "loss": -7.853, "recon_loss": -7.856, "kld_loss": 0.006, "kld_weight": 0.5}
{"message": "", "levelname": "INFO", "name": "Trainer", "asctime": "2026-04-29 16:21:18,951", "type": "train", "epoch": 9, "batch": 2919, "n_batches": 7774, "time": 0.704, "data_time": 0.0, "lr": 0.0001, "loss": -10.644, "recon_loss": -10.65, "kld_loss": 0.012, "kld_weight": 0.5}
{"message": "", "levelname": "INFO", "name": "Trainer", "asctime": "2026-04-29 16:21:26,178", "type": "train", "epoch": 9, "batch": 2959, "n_batches": 7774, "time": 0.744, "data_time": 0.0, "lr": 0.0001, "loss": -6.804, "recon_loss": -6.809, "kld_loss": 0.01, "kld_weight": 0.5}
{"message": "", "levelname": "INFO", "name": "Trainer", "asctime": "2026-04-29 16:21:35,456", "type": "train", "epoch": 9, "batch": 2999, "n_batches": 7774, "time": 1.678, "data_time": 0.0, "lr": 0.0001, "loss": -7.008, "recon_loss": -7.017, "kld_loss": 0.019, "kld_weight": 0.5}
{"message": "", "levelname": "INFO", "name": "Trainer", "asctime": "2026-04-29 16:21:42,819", "type": "train", "epoch": 9, "batch": 3039, "n_batches": 7774, "time": 0.609, "data_time": 0.0, "lr": 0.0001, "loss": -8.083, "recon_loss": -8.085, "kld_loss": 0.003, "kld_weight": 0.5}
{"message": "", "levelname": "INFO", "name": "Trainer", "asctime": "2026-04-29 16:21:49,820", "type": "train", "epoch": 9, "batch": 3079, "n_batches": 7774, "time": 0.882, "data_time": 0.0, "lr": 0.0001, "loss": -8.613, "recon_loss": -8.615, "kld_loss": 0.005, "kld_weight": 0.5}
{"message": "", "levelname": "INFO", "name": "Trainer", "asctime": "2026-04-29 16:21:57,940", "type": "train", "epoch": 9, "batch": 3119, "n_batches": 7774, "time": 0.808, "data_time": 0.0, "lr": 0.0001, "loss": -8.687, "recon_loss": -8.692, "kld_loss": 0.01, "kld_weight": 0.5}
{"message": "", "levelname": "INFO", "name": "Trainer", "asctime": "2026-04-29 16:22:06,883", "type": "train", "epoch": 9, "batch": 3159, "n_batches": 7774, "time": 0.803, "data_time": 0.0, "lr": 0.0001, "loss": -9.224, "recon_loss": -9.23, "kld_loss": 0.012, "kld_weight": 0.5}
{"message": "", "levelname": "INFO", "name": "Trainer", "asctime": "2026-04-29 16:22:14,840", "type": "train", "epoch": 9, "batch": 3199, "n_batches": 7774, "time": 0.629, "data_time": 0.0, "lr": 0.0001, "loss": -5.988, "recon_loss": -6.003, "kld_loss": 0.029, "kld_weight": 0.5}
{"message": "", "levelname": "INFO", "name": "Trainer", "asctime": "2026-04-29 16:22:21,673", "type": "train", "epoch": 9, "batch": 3239, "n_batches": 7774, "time": 0.554, "data_time": 0.0, "lr": 0.0001, "loss": -6.175, "recon_loss": -6.183, "kld_loss": 0.017, "kld_weight": 0.5}
{"message": "", "levelname": "INFO", "name": "Trainer", "asctime": "2026-04-29 16:22:28,966", "type": "train", "epoch": 9, "batch": 3279, "n_batches": 7774, "time": 0.644, "data_time": 0.0, "lr": 0.0001, "loss": -9.193, "recon_loss": -9.194, "kld_loss": 0.003, "kld_weight": 0.5}
{"message": "", "levelname": "INFO", "name": "Trainer", "asctime": "2026-04-29 16:22:36,472", "type": "train", "epoch": 9, "batch": 3319, "n_batches": 7774, "time": 0.903, "data_time": 0.0, "lr": 0.0001, "loss": -10.79, "recon_loss": -10.791, "kld_loss": 0.003, "kld_weight": 0.5}
{"message": "", "levelname": "INFO", "name": "Trainer", "asctime": "2026-04-29 16:22:44,933", "type": "train", "epoch": 9, "batch": 3359, "n_batches": 7774, "time": 0.476, "data_time": 0.0, "lr": 0.0001, "loss": -9.317, "recon_loss": -9.323, "kld_loss": 0.012, "kld_weight": 0.5}
{"message": "", "levelname": "INFO", "name": "Trainer", "asctime": "2026-04-29 16:22:53,222", "type": "train", "epoch": 9, "batch": 3399, "n_batches": 7774, "time": 0.976, "data_time": 0.0, "lr": 0.0001, "loss": -7.028, "recon_loss": -7.032, "kld_loss": 0.007, "kld_weight": 0.5}
{"message": "", "levelname": "INFO", "name": "Trainer", "asctime": "2026-04-29 16:23:01,854", "type": "train", "epoch": 9, "batch": 3439, "n_batches": 7774, "time": 0.695, "data_time": 0.0, "lr": 0.0001, "loss": -4.238, "recon_loss": -4.243, "kld_loss": 0.01, "kld_weight": 0.5}
{"message": "", "levelname": "INFO", "name": "Trainer", "asctime": "2026-04-29 16:23:09,834", "type": "train", "epoch": 9, "batch": 3479, "n_batches": 7774, "time": 1.384, "data_time": 0.0, "lr": 0.0001, "loss": -4.565, "recon_loss": -4.57, "kld_loss": 0.011, "kld_weight": 0.5}
{"message": "", "levelname": "INFO", "name": "Trainer", "asctime": "2026-04-29 16:23:17,623", "type": "train", "epoch": 9, "batch": 3519, "n_batches": 7774, "time": 0.706, "data_time": 0.0, "lr": 0.0001, "loss": -8.628, "recon_loss": -8.632, "kld_loss": 0.009, "kld_weight": 0.5}
{"message": "", "levelname": "INFO", "name": "Trainer", "asctime": "2026-04-29 16:23:26,144", "type": "train", "epoch": 9, "batch": 3559, "n_batches": 7774, "time": 0.864, "data_time": 0.0, "lr": 0.0001, "loss": -9.587, "recon_loss": -9.589, "kld_loss": 0.003, "kld_weight": 0.5}
{"message": "", "levelname": "INFO", "name": "Trainer", "asctime": "2026-04-29 16:23:34,870", "type": "train", "epoch": 9, "batch": 3599, "n_batches": 7774, "time": 0.791, "data_time": 0.0, "lr": 0.0001, "loss": -7.377, "recon_loss": -7.383, "kld_loss": 0.011, "kld_weight": 0.5}
{"message": "", "levelname": "INFO", "name": "Trainer", "asctime": "2026-04-29 16:23:43,743", "type": "train", "epoch": 9, "batch": 3639, "n_batches": 7774, "time": 0.562, "data_time": 0.0, "lr": 0.0001, "loss": -10.058, "recon_loss": -10.063, "kld_loss": 0.011, "kld_weight": 0.5}
{"message": "", "levelname": "INFO", "name": "Trainer", "asctime": "2026-04-29 16:23:51,270", "type": "train", "epoch": 9, "batch": 3679, "n_batches": 7774, "time": 0.723, "data_time": 0.0, "lr": 0.0001, "loss": -3.04, "recon_loss": -3.077, "kld_loss": 0.075, "kld_weight": 0.5}
{"message": "", "levelname": "INFO", "name": "Trainer", "asctime": "2026-04-29 16:23:59,116", "type": "train", "epoch": 9, "batch": 3719, "n_batches": 7774, "time": 0.842, "data_time": 0.0, "lr": 0.0001, "loss": -3.529, "recon_loss": -3.545, "kld_loss": 0.032, "kld_weight": 0.5}
{"message": "", "levelname": "INFO", "name": "Trainer", "asctime": "2026-04-29 16:24:07,943", "type": "train", "epoch": 9, "batch": 3759, "n_batches": 7774, "time": 0.6, "data_time": 0.0, "lr": 0.0001, "loss": -8.21, "recon_loss": -8.217, "kld_loss": 0.015, "kld_weight": 0.5}
{"message": "", "levelname": "INFO", "name": "Trainer", "asctime": "2026-04-29 16:24:16,696", "type": "train", "epoch": 9, "batch": 3799, "n_batches": 7774, "time": 0.668, "data_time": 0.0, "lr": 0.0001, "loss": -8.739, "recon_loss": -8.745, "kld_loss": 0.011, "kld_weight": 0.5}
{"message": "", "levelname": "INFO", "name": "Trainer", "asctime": "2026-04-29 16:24:25,124", "type": "train", "epoch": 9, "batch": 3839, "n_batches": 7774, "time": 0.728, "data_time": 0.0, "lr": 0.0001, "loss": -7.906, "recon_loss": -7.909, "kld_loss": 0.007, "kld_weight": 0.5}
{"message": "", "levelname": "INFO", "name": "Trainer", "asctime": "2026-04-29 16:24:34,115", "type": "train", "epoch": 9, "batch": 3879, "n_batches": 7774, "time": 0.77, "data_time": 0.0, "lr": 0.0001, "loss": -7.56, "recon_loss": -7.563, "kld_loss": 0.005, "kld_weight": 0.5}
{"message": "", "levelname": "INFO", "name": "Trainer", "asctime": "2026-04-29 16:24:42,585", "type": "train", "epoch": 9, "batch": 3919, "n_batches": 7774, "time": 0.852, "data_time": 0.0, "lr": 0.0001, "loss": -5.253, "recon_loss": -5.26, "kld_loss": 0.015, "kld_weight": 0.5}
{"message": "", "levelname": "INFO", "name": "Trainer", "asctime": "2026-04-29 16:24:53,152", "type": "train", "epoch": 9, "batch": 3959, "n_batches": 7774, "time": 0.562, "data_time": 0.0, "lr": 0.0001, "loss": -7.633, "recon_loss": -7.643, "kld_loss": 0.021, "kld_weight": 0.5}
{"message": "", "levelname": "INFO", "name": "Trainer", "asctime": "2026-04-29 16:25:01,391", "type": "train", "epoch": 9, "batch": 3999, "n_batches": 7774, "time": 0.861, "data_time": 0.0, "lr": 0.0001, "loss": -8.864, "recon_loss": -8.868, "kld_loss": 0.01, "kld_weight": 0.5}
{"message": "", "levelname": "INFO", "name": "Trainer", "asctime": "2026-04-29 16:25:09,091", "type": "train", "epoch": 9, "batch": 4039, "n_batches": 7774, "time": 0.773, "data_time": 0.0, "lr": 0.0001, "loss": -7.207, "recon_loss": -7.211, "kld_loss": 0.008, "kld_weight": 0.5}
{"message": "", "levelname": "INFO", "name": "Trainer", "asctime": "2026-04-29 16:25:18,886", "type": "train", "epoch": 9, "batch": 4079, "n_batches": 7774, "time": 0.866, "data_time": 0.0, "lr": 0.0001, "loss": -9.637, "recon_loss": -9.639, "kld_loss": 0.004, "kld_weight": 0.5}
{"message": "", "levelname": "INFO", "name": "Trainer", "asctime": "2026-04-29 16:25:27,117", "type": "train", "epoch": 9, "batch": 4119, "n_batches": 7774, "time": 0.688, "data_time": 0.0, "lr": 0.0001, "loss": -8.472, "recon_loss": -8.474, "kld_loss": 0.005, "kld_weight": 0.5}
{"message": "", "levelname": "INFO", "name": "Trainer", "asctime": "2026-04-29 16:25:36,420", "type": "train", "epoch": 9, "batch": 4159, "n_batches": 7774, "time": 0.84, "data_time": 0.0, "lr": 0.0001, "loss": -10.174, "recon_loss": -10.176, "kld_loss": 0.004, "kld_weight": 0.5}
{"message": "", "levelname": "INFO", "name": "Trainer", "asctime": "2026-04-29 16:25:44,562", "type": "train", "epoch": 9, "batch": 4199, "n_batches": 7774, "time": 0.908, "data_time": 0.0, "lr": 0.0001, "loss": -10.963, "recon_loss": -10.966, "kld_loss": 0.006, "kld_weight": 0.5}
{"message": "", "levelname": "INFO", "name": "Trainer", "asctime": "2026-04-29 16:25:53,341", "type": "train", "epoch": 9, "batch": 4239, "n_batches": 7774, "time": 0.838, "data_time": 0.0, "lr": 0.0001, "loss": -7.236, "recon_loss": -7.241, "kld_loss": 0.01, "kld_weight": 0.5}
{"message": "", "levelname": "INFO", "name": "Trainer", "asctime": "2026-04-29 16:26:00,951", "type": "train", "epoch": 9, "batch": 4279, "n_batches": 7774, "time": 0.773, "data_time": 0.0, "lr": 0.0001, "loss": -6.422, "recon_loss": -6.425, "kld_loss": 0.005, "kld_weight": 0.5}
{"message": "", "levelname": "INFO", "name": "Trainer", "asctime": "2026-04-29 16:26:08,813", "type": "train", "epoch": 9, "batch": 4319, "n_batches": 7774, "time": 0.77, "data_time": 0.0, "lr": 0.0001, "loss": -4.389, "recon_loss": -4.393, "kld_loss": 0.009, "kld_weight": 0.5}
{"message": "", "levelname": "INFO", "name": "Trainer", "asctime": "2026-04-29 16:26:16,847", "type": "train", "epoch": 9, "batch": 4359, "n_batches": 7774, "time": 0.879, "data_time": 0.0, "lr": 0.0001, "loss": -6.573, "recon_loss": -6.579, "kld_loss": 0.012, "kld_weight": 0.5}
{"message": "", "levelname": "INFO", "name": "Trainer", "asctime": "2026-04-29 16:26:24,968", "type": "train", "epoch": 9, "batch": 4399, "n_batches": 7774, "time": 1.074, "data_time": 0.0, "lr": 0.0001, "loss": -9.349, "recon_loss": -9.351, "kld_loss": 0.004, "kld_weight": 0.5}
{"message": "", "levelname": "INFO", "name": "Trainer", "asctime": "2026-04-29 16:26:36,096", "type": "train", "epoch": 9, "batch": 4439, "n_batches": 7774, "time": 0.776, "data_time": 0.0, "lr": 0.0001, "loss": -6.252, "recon_loss": -6.253, "kld_loss": 0.003, "kld_weight": 0.5}
{"message": "", "levelname": "INFO", "name": "Trainer", "asctime": "2026-04-29 16:26:44,856", "type": "train", "epoch": 9, "batch": 4479, "n_batches": 7774, "time": 0.715, "data_time": 0.0, "lr": 0.0001, "loss": -5.623, "recon_loss": -5.629, "kld_loss": 0.012, "kld_weight": 0.5}
{"message": "", "levelname": "INFO", "name": "Trainer", "asctime": "2026-04-29 16:26:53,267", "type": "train", "epoch": 9, "batch": 4519, "n_batches": 7774, "time": 0.757, "data_time": 0.0, "lr": 0.0001, "loss": -8.452, "recon_loss": -8.456, "kld_loss": 0.008, "kld_weight": 0.5}
{"message": "", "levelname": "INFO", "name": "Trainer", "asctime": "2026-04-29 16:27:00,911", "type": "train", "epoch": 9, "batch": 4559, "n_batches": 7774, "time": 0.569, "data_time": 0.0, "lr": 0.0001, "loss": -6.856, "recon_loss": -6.858, "kld_loss": 0.003, "kld_weight": 0.5}
{"message": "", "levelname": "INFO", "name": "Trainer", "asctime": "2026-04-29 16:27:09,620", "type": "train", "epoch": 9, "batch": 4599, "n_batches": 7774, "time": 0.704, "data_time": 0.0, "lr": 0.0001, "loss": -6.181, "recon_loss": -6.193, "kld_loss": 0.023, "kld_weight": 0.5}
{"message": "", "levelname": "INFO", "name": "Trainer", "asctime": "2026-04-29 16:27:18,244", "type": "train", "epoch": 9, "batch": 4639, "n_batches": 7774, "time": 1.317, "data_time": 0.0, "lr": 0.0001, "loss": -11.085, "recon_loss": -11.087, "kld_loss": 0.004, "kld_weight": 0.5}
{"message": "", "levelname": "INFO", "name": "Trainer", "asctime": "2026-04-29 16:27:25,897", "type": "train", "epoch": 9, "batch": 4679, "n_batches": 7774, "time": 0.691, "data_time": 0.0, "lr": 0.0001, "loss": -7.755, "recon_loss": -7.763, "kld_loss": 0.017, "kld_weight": 0.5}
{"message": "", "levelname": "INFO", "name": "Trainer", "asctime": "2026-04-29 16:27:35,265", "type": "train", "epoch": 9, "batch": 4719, "n_batches": 7774, "time": 0.678, "data_time": 0.0, "lr": 0.0001, "loss": -6.465, "recon_loss": -6.472, "kld_loss": 0.013, "kld_weight": 0.5}
{"message": "", "levelname": "INFO", "name": "Trainer", "asctime": "2026-04-29 16:27:44,276", "type": "train", "epoch": 9, "batch": 4759, "n_batches": 7774, "time": 0.99, "data_time": 0.0, "lr": 0.0001, "loss": -8.688, "recon_loss": -8.694, "kld_loss": 0.011, "kld_weight": 0.5}
{"message": "", "levelname": "INFO", "name": "Trainer", "asctime": "2026-04-29 16:27:53,606", "type": "train", "epoch": 9, "batch": 4799, "n_batches": 7774, "time": 1.019, "data_time": 0.0, "lr": 0.0001, "loss": -8.885, "recon_loss": -8.887, "kld_loss": 0.004, "kld_weight": 0.5}
{"message": "", "levelname": "INFO", "name": "Trainer", "asctime": "2026-04-29 16:28:02,508", "type": "train", "epoch": 9, "batch": 4839, "n_batches": 7774, "time": 0.958, "data_time": 0.0, "lr": 0.0001, "loss": -5.297, "recon_loss": -5.302, "kld_loss": 0.011, "kld_weight": 0.5}
{"message": "", "levelname": "INFO", "name": "Trainer", "asctime": "2026-04-29 16:28:12,282", "type": "train", "epoch": 9, "batch": 4879, "n_batches": 7774, "time": 1.687, "data_time": 0.0, "lr": 0.0001, "loss": -7.417, "recon_loss": -7.428, "kld_loss": 0.022, "kld_weight": 0.5}
{"message": "", "levelname": "INFO", "name": "Trainer", "asctime": "2026-04-29 16:28:21,632", "type": "train", "epoch": 9, "batch": 4919, "n_batches": 7774, "time": 0.981, "data_time": 0.0, "lr": 0.0001, "loss": -7.424, "recon_loss": -7.426, "kld_loss": 0.004, "kld_weight": 0.5}
{"message": "", "levelname": "INFO", "name": "Trainer", "asctime": "2026-04-29 16:28:31,667", "type": "train", "epoch": 9, "batch": 4959, "n_batches": 7774, "time": 0.677, "data_time": 0.0, "lr": 0.0001, "loss": -6.542, "recon_loss": -6.548, "kld_loss": 0.012, "kld_weight": 0.5}
{"message": "", "levelname": "INFO", "name": "Trainer", "asctime": "2026-04-29 16:28:40,496", "type": "train", "epoch": 9, "batch": 4999, "n_batches": 7774, "time": 0.952, "data_time": 0.0, "lr": 0.0001, "loss": -7.851, "recon_loss": -7.852, "kld_loss": 0.003, "kld_weight": 0.5}
{"message": "", "levelname": "INFO", "name": "Trainer", "asctime": "2026-04-29 16:28:50,446", "type": "train", "epoch": 9, "batch": 5039, "n_batches": 7774, "time": 0.828, "data_time": 0.0, "lr": 0.0001, "loss": -4.568, "recon_loss": -4.576, "kld_loss": 0.016, "kld_weight": 0.5}
{"message": "", "levelname": "INFO", "name": "Trainer", "asctime": "2026-04-29 16:28:59,646", "type": "train", "epoch": 9, "batch": 5079, "n_batches": 7774, "time": 0.891, "data_time": 0.0, "lr": 0.0001, "loss": -9.101, "recon_loss": -9.104, "kld_loss": 0.007, "kld_weight": 0.5}
{"message": "", "levelname": "INFO", "name": "Trainer", "asctime": "2026-04-29 16:29:09,008", "type": "train", "epoch": 9, "batch": 5119, "n_batches": 7774, "time": 0.724, "data_time": 0.0, "lr": 0.0001, "loss": -10.349, "recon_loss": -10.351, "kld_loss": 0.004, "kld_weight": 0.5}
{"message": "", "levelname": "INFO", "name": "Trainer", "asctime": "2026-04-29 16:29:18,913", "type": "train", "epoch": 9, "batch": 5159, "n_batches": 7774, "time": 1.975, "data_time": 0.0, "lr": 0.0001, "loss": -8.811, "recon_loss": -8.814, "kld_loss": 0.004, "kld_weight": 0.5}
{"message": "", "levelname": "INFO", "name": "Trainer", "asctime": "2026-04-29 16:29:29,382", "type": "train", "epoch": 9, "batch": 5199, "n_batches": 7774, "time": 0.712, "data_time": 0.0, "lr": 0.0001, "loss": -4.923, "recon_loss": -4.927, "kld_loss": 0.008, "kld_weight": 0.5}
{"message": "", "levelname": "INFO", "name": "Trainer", "asctime": "2026-04-29 16:29:38,217", "type": "train", "epoch": 9, "batch": 5239, "n_batches": 7774, "time": 0.756, "data_time": 0.0, "lr": 0.0001, "loss": -6.32, "recon_loss": -6.326, "kld_loss": 0.012, "kld_weight": 0.5}
{"message": "", "levelname": "INFO", "name": "Trainer", "asctime": "2026-04-29 16:29:46,360", "type": "train", "epoch": 9, "batch": 5279, "n_batches": 7774, "time": 0.924, "data_time": 0.0, "lr": 0.0001, "loss": -5.835, "recon_loss": -5.839, "kld_loss": 0.008, "kld_weight": 0.5}
{"message": "", "levelname": "INFO", "name": "Trainer", "asctime": "2026-04-29 16:29:56,416", "type": "train", "epoch": 9, "batch": 5319, "n_batches": 7774, "time": 0.804, "data_time": 0.0, "lr": 0.0001, "loss": -7.044, "recon_loss": -7.049, "kld_loss": 0.01, "kld_weight": 0.5}
{"message": "", "levelname": "INFO", "name": "Trainer", "asctime": "2026-04-29 16:30:06,052", "type": "train", "epoch": 9, "batch": 5359, "n_batches": 7774, "time": 2.123, "data_time": 0.0, "lr": 0.0001, "loss": -7.659, "recon_loss": -7.666, "kld_loss": 0.013, "kld_weight": 0.5}
{"message": "", "levelname": "INFO", "name": "Trainer", "asctime": "2026-04-29 16:30:15,253", "type": "train", "epoch": 9, "batch": 5399, "n_batches": 7774, "time": 1.082, "data_time": 0.0, "lr": 0.0001, "loss": -3.302, "recon_loss": -3.31, "kld_loss": 0.014, "kld_weight": 0.5}
{"message": "", "levelname": "INFO", "name": "Trainer", "asctime": "2026-04-29 16:30:24,442", "type": "train", "epoch": 9, "batch": 5439, "n_batches": 7774, "time": 0.701, "data_time": 0.0, "lr": 0.0001, "loss": -6.858, "recon_loss": -6.861, "kld_loss": 0.006, "kld_weight": 0.5}
{"message": "", "levelname": "INFO", "name": "Trainer", "asctime": "2026-04-29 16:30:33,290", "type": "train", "epoch": 9, "batch": 5479, "n_batches": 7774, "time": 0.737, "data_time": 0.0, "lr": 0.0001, "loss": -10.057, "recon_loss": -10.059, "kld_loss": 0.005, "kld_weight": 0.5}
{"message": "", "levelname": "INFO", "name": "Trainer", "asctime": "2026-04-29 16:30:42,521", "type": "train", "epoch": 9, "batch": 5519, "n_batches": 7774, "time": 0.866, "data_time": 0.0, "lr": 0.0001, "loss": -8.055, "recon_loss": -8.057, "kld_loss": 0.005, "kld_weight": 0.5}
{"message": "", "levelname": "INFO", "name": "Trainer", "asctime": "2026-04-29 16:30:53,554", "type": "train", "epoch": 9, "batch": 5559, "n_batches": 7774, "time": 0.91, "data_time": 0.0, "lr": 0.0001, "loss": -7.869, "recon_loss": -7.872, "kld_loss": 0.005, "kld_weight": 0.5}
{"message": "", "levelname": "INFO", "name": "Trainer", "asctime": "2026-04-29 16:31:03,369", "type": "train", "epoch": 9, "batch": 5599, "n_batches": 7774, "time": 0.737, "data_time": 0.0, "lr": 0.0001, "loss": -10.131, "recon_loss": -10.132, "kld_loss": 0.003, "kld_weight": 0.5}
{"message": "", "levelname": "INFO", "name": "Trainer", "asctime": "2026-04-29 16:31:11,155", "type": "train", "epoch": 9, "batch": 5639, "n_batches": 7774, "time": 0.962, "data_time": 0.0, "lr": 0.0001, "loss": -9.186, "recon_loss": -9.188, "kld_loss": 0.004, "kld_weight": 0.5}
{"message": "", "levelname": "INFO", "name": "Trainer", "asctime": "2026-04-29 16:31:18,243", "type": "train", "epoch": 9, "batch": 5679, "n_batches": 7774, "time": 0.66, "data_time": 0.0, "lr": 0.0001, "loss": -8.412, "recon_loss": -8.414, "kld_loss": 0.004, "kld_weight": 0.5}
{"message": "", "levelname": "INFO", "name": "Trainer", "asctime": "2026-04-29 16:31:25,750", "type": "train", "epoch": 9, "batch": 5719, "n_batches": 7774, "time": 0.631, "data_time": 0.0, "lr": 0.0001, "loss": -8.536, "recon_loss": -8.539, "kld_loss": 0.005, "kld_weight": 0.5}
{"message": "", "levelname": "INFO", "name": "Trainer", "asctime": "2026-04-29 16:31:33,461", "type": "train", "epoch": 9, "batch": 5759, "n_batches": 7774, "time": 0.642, "data_time": 0.0, "lr": 0.0001, "loss": -1.831, "recon_loss": -1.848, "kld_loss": 0.035, "kld_weight": 0.5}
{"message": "", "levelname": "INFO", "name": "Trainer", "asctime": "2026-04-29 16:31:41,629", "type": "train", "epoch": 9, "batch": 5799, "n_batches": 7774, "time": 0.729, "data_time": 0.0, "lr": 0.0001, "loss": -7.386, "recon_loss": -7.393, "kld_loss": 0.013, "kld_weight": 0.5}
{"message": "", "levelname": "INFO", "name": "Trainer", "asctime": "2026-04-29 16:31:49,295", "type": "train", "epoch": 9, "batch": 5839, "n_batches": 7774, "time": 1.411, "data_time": 0.0, "lr": 0.0001, "loss": -10.928, "recon_loss": -10.93, "kld_loss": 0.005, "kld_weight": 0.5}
{"message": "", "levelname": "INFO", "name": "Trainer", "asctime": "2026-04-29 16:31:59,235", "type": "train", "epoch": 9, "batch": 5879, "n_batches": 7774, "time": 0.869, "data_time": 0.0, "lr": 0.0001, "loss": -8.96, "recon_loss": -8.961, "kld_loss": 0.004, "kld_weight": 0.5}
{"message": "", "levelname": "INFO", "name": "Trainer", "asctime": "2026-04-29 16:32:06,543", "type": "train", "epoch": 9, "batch": 5919, "n_batches": 7774, "time": 0.675, "data_time": 0.0, "lr": 0.0001, "loss": -6.498, "recon_loss": -6.503, "kld_loss": 0.009, "kld_weight": 0.5}
{"message": "", "levelname": "INFO", "name": "Trainer", "asctime": "2026-04-29 16:32:14,599", "type": "train", "epoch": 9, "batch": 5959, "n_batches": 7774, "time": 0.749, "data_time": 0.0, "lr": 0.0001, "loss": -2.513, "recon_loss": -2.522, "kld_loss": 0.019, "kld_weight": 0.5}
{"message": "", "levelname": "INFO", "name": "Trainer", "asctime": "2026-04-29 16:32:23,173", "type": "train", "epoch": 9, "batch": 5999, "n_batches": 7774, "time": 0.708, "data_time": 0.0, "lr": 0.0001, "loss": -10.193, "recon_loss": -10.206, "kld_loss": 0.026, "kld_weight": 0.5}
{"message": "", "levelname": "INFO", "name": "Trainer", "asctime": "2026-04-29 16:32:31,495", "type": "train", "epoch": 9, "batch": 6039, "n_batches": 7774, "time": 0.715, "data_time": 0.0, "lr": 0.0001, "loss": -8.05, "recon_loss": -8.066, "kld_loss": 0.033, "kld_weight": 0.5}
{"message": "", "levelname": "INFO", "name": "Trainer", "asctime": "2026-04-29 16:32:38,973", "type": "train", "epoch": 9, "batch": 6079, "n_batches": 7774, "time": 0.77, "data_time": 0.0, "lr": 0.0001, "loss": -3.541, "recon_loss": -3.545, "kld_loss": 0.008, "kld_weight": 0.5}
{"message": "", "levelname": "INFO", "name": "Trainer", "asctime": "2026-04-29 16:32:47,012", "type": "train", "epoch": 9, "batch": 6119, "n_batches": 7774, "time": 0.753, "data_time": 0.0, "lr": 0.0001, "loss": -8.36, "recon_loss": -8.363, "kld_loss": 0.005, "kld_weight": 0.5}
{"message": "", "levelname": "INFO", "name": "Trainer", "asctime": "2026-04-29 16:32:56,097", "type": "train", "epoch": 9, "batch": 6159, "n_batches": 7774, "time": 0.841, "data_time": 0.0, "lr": 0.0001, "loss": 0.335, "recon_loss": 0.326, "kld_loss": 0.018, "kld_weight": 0.5}
{"message": "", "levelname": "INFO", "name": "Trainer", "asctime": "2026-04-29 16:33:03,220", "type": "train", "epoch": 9, "batch": 6199, "n_batches": 7774, "time": 0.744, "data_time": 0.0, "lr": 0.0001, "loss": -3.545, "recon_loss": -3.55, "kld_loss": 0.01, "kld_weight": 0.5}
{"message": "", "levelname": "INFO", "name": "Trainer", "asctime": "2026-04-29 16:33:10,877", "type": "train", "epoch": 9, "batch": 6239, "n_batches": 7774, "time": 1.376, "data_time": 0.0, "lr": 0.0001, "loss": -6.72, "recon_loss": -6.726, "kld_loss": 0.013, "kld_weight": 0.5}
{"message": "", "levelname": "INFO", "name": "Trainer", "asctime": "2026-04-29 16:33:18,030", "type": "train", "epoch": 9, "batch": 6279, "n_batches": 7774, "time": 0.679, "data_time": 0.0, "lr": 0.0001, "loss": -4.02, "recon_loss": -4.026, "kld_loss": 0.013, "kld_weight": 0.5}
{"message": "", "levelname": "INFO", "name": "Trainer", "asctime": "2026-04-29 16:33:26,758", "type": "train", "epoch": 9, "batch": 6319, "n_batches": 7774, "time": 0.503, "data_time": 0.0, "lr": 0.0001, "loss": -6.786, "recon_loss": -6.791, "kld_loss": 0.01, "kld_weight": 0.5}
{"message": "", "levelname": "INFO", "name": "Trainer", "asctime": "2026-04-29 16:33:34,141", "type": "train", "epoch": 9, "batch": 6359, "n_batches": 7774, "time": 0.76, "data_time": 0.0, "lr": 0.0001, "loss": -7.025, "recon_loss": -7.028, "kld_loss": 0.007, "kld_weight": 0.5}
{"message": "", "levelname": "INFO", "name": "Trainer", "asctime": "2026-04-29 16:33:41,295", "type": "train", "epoch": 9, "batch": 6399, "n_batches": 7774, "time": 0.936, "data_time": 0.0, "lr": 0.0001, "loss": -9.661, "recon_loss": -9.666, "kld_loss": 0.009, "kld_weight": 0.5}
{"message": "", "levelname": "INFO", "name": "Trainer", "asctime": "2026-04-29 16:33:50,248", "type": "train", "epoch": 9, "batch": 6439, "n_batches": 7774, "time": 1.189, "data_time": 0.0, "lr": 0.0001, "loss": -9.51, "recon_loss": -9.515, "kld_loss": 0.01, "kld_weight": 0.5}
{"message": "", "levelname": "INFO", "name": "Trainer", "asctime": "2026-04-29 16:33:57,982", "type": "train", "epoch": 9, "batch": 6479, "n_batches": 7774, "time": 0.458, "data_time": 0.0, "lr": 0.0001, "loss": -8.967, "recon_loss": -8.969, "kld_loss": 0.005, "kld_weight": 0.5}
{"message": "", "levelname": "INFO", "name": "Trainer", "asctime": "2026-04-29 16:34:04,928", "type": "train", "epoch": 9, "batch": 6519, "n_batches": 7774, "time": 0.585, "data_time": 0.0, "lr": 0.0001, "loss": -7.561, "recon_loss": -7.567, "kld_loss": 0.01, "kld_weight": 0.5}
{"message": "", "levelname": "INFO", "name": "Trainer", "asctime": "2026-04-29 16:34:12,082", "type": "train", "epoch": 9, "batch": 6559, "n_batches": 7774, "time": 0.666, "data_time": 0.0, "lr": 0.0001, "loss": -0.547, "recon_loss": -0.569, "kld_loss": 0.044, "kld_weight": 0.5}
{"message": "", "levelname": "INFO", "name": "Trainer", "asctime": "2026-04-29 16:34:20,802", "type": "train", "epoch": 9, "batch": 6599, "n_batches": 7774, "time": 1.48, "data_time": 0.0, "lr": 0.0001, "loss": -7.996, "recon_loss": -7.999, "kld_loss": 0.006, "kld_weight": 0.5}
{"message": "", "levelname": "INFO", "name": "Trainer", "asctime": "2026-04-29 16:34:28,467", "type": "train", "epoch": 9, "batch": 6639, "n_batches": 7774, "time": 0.717, "data_time": 0.0, "lr": 0.0001, "loss": -6.733, "recon_loss": -6.736, "kld_loss": 0.006, "kld_weight": 0.5}
{"message": "", "levelname": "INFO", "name": "Trainer", "asctime": "2026-04-29 16:34:36,332", "type": "train", "epoch": 9, "batch": 6679, "n_batches": 7774, "time": 0.803, "data_time": 0.0, "lr": 0.0001, "loss": -7.812, "recon_loss": -7.818, "kld_loss": 0.013, "kld_weight": 0.5}
{"message": "", "levelname": "INFO", "name": "Trainer", "asctime": "2026-04-29 16:34:43,578", "type": "train", "epoch": 9, "batch": 6719, "n_batches": 7774, "time": 0.695, "data_time": 0.0, "lr": 0.0001, "loss": -7.124, "recon_loss": -7.128, "kld_loss": 0.007, "kld_weight": 0.5}
{"message": "", "levelname": "INFO", "name": "Trainer", "asctime": "2026-04-29 16:34:51,255", "type": "train", "epoch": 9, "batch": 6759, "n_batches": 7774, "time": 0.614, "data_time": 0.0, "lr": 0.0001, "loss": -8.791, "recon_loss": -8.795, "kld_loss": 0.009, "kld_weight": 0.5}
{"message": "", "levelname": "INFO", "name": "Trainer", "asctime": "2026-04-29 16:34:59,598", "type": "train", "epoch": 9, "batch": 6799, "n_batches": 7774, "time": 0.925, "data_time": 0.0, "lr": 0.0001, "loss": -5.03, "recon_loss": -5.035, "kld_loss": 0.011, "kld_weight": 0.5}
{"message": "", "levelname": "INFO", "name": "Trainer", "asctime": "2026-04-29 16:35:07,963", "type": "train", "epoch": 9, "batch": 6839, "n_batches": 7774, "time": 0.555, "data_time": 0.0, "lr": 0.0001, "loss": -6.941, "recon_loss": -6.951, "kld_loss": 0.019, "kld_weight": 0.5}
{"message": "", "levelname": "INFO", "name": "Trainer", "asctime": "2026-04-29 16:35:15,682", "type": "train", "epoch": 9, "batch": 6879, "n_batches": 7774, "time": 0.61, "data_time": 0.0, "lr": 0.0001, "loss": -6.932, "recon_loss": -6.942, "kld_loss": 0.021, "kld_weight": 0.5}
{"message": "", "levelname": "INFO", "name": "Trainer", "asctime": "2026-04-29 16:35:22,451", "type": "train", "epoch": 9, "batch": 6919, "n_batches": 7774, "time": 0.646, "data_time": 0.0, "lr": 0.0001, "loss": -8.102, "recon_loss": -8.106, "kld_loss": 0.008, "kld_weight": 0.5}
{"message": "", "levelname": "INFO", "name": "Trainer", "asctime": "2026-04-29 16:35:30,432", "type": "train", "epoch": 9, "batch": 6959, "n_batches": 7774, "time": 0.742, "data_time": 0.0, "lr": 0.0001, "loss": -10.097, "recon_loss": -10.101, "kld_loss": 0.008, "kld_weight": 0.5}
{"message": "", "levelname": "INFO", "name": "Trainer", "asctime": "2026-04-29 16:35:37,669", "type": "train", "epoch": 9, "batch": 6999, "n_batches": 7774, "time": 0.578, "data_time": 0.0, "lr": 0.0001, "loss": -9.48, "recon_loss": -9.483, "kld_loss": 0.004, "kld_weight": 0.5}
{"message": "", "levelname": "INFO", "name": "Trainer", "asctime": "2026-04-29 16:35:46,669", "type": "train", "epoch": 9, "batch": 7039, "n_batches": 7774, "time": 0.774, "data_time": 0.0, "lr": 0.0001, "loss": -8.832, "recon_loss": -8.839, "kld_loss": 0.015, "kld_weight": 0.5}
{"message": "", "levelname": "INFO", "name": "Trainer", "asctime": "2026-04-29 16:35:56,426", "type": "train", "epoch": 9, "batch": 7079, "n_batches": 7774, "time": 1.417, "data_time": 0.0, "lr": 0.0001, "loss": -7.868, "recon_loss": -7.874, "kld_loss": 0.012, "kld_weight": 0.5}
{"message": "", "levelname": "INFO", "name": "Trainer", "asctime": "2026-04-29 16:36:05,601", "type": "train", "epoch": 9, "batch": 7119, "n_batches": 7774, "time": 0.845, "data_time": 0.0, "lr": 0.0001, "loss": 1.646, "recon_loss": 1.638, "kld_loss": 0.015, "kld_weight": 0.5}
{"message": "", "levelname": "INFO", "name": "Trainer", "asctime": "2026-04-29 16:36:14,784", "type": "train", "epoch": 9, "batch": 7159, "n_batches": 7774, "time": 0.662, "data_time": 0.0, "lr": 0.0001, "loss": -3.192, "recon_loss": -3.199, "kld_loss": 0.014, "kld_weight": 0.5}
{"message": "", "levelname": "INFO", "name": "Trainer", "asctime": "2026-04-29 16:36:23,806", "type": "train", "epoch": 9, "batch": 7199, "n_batches": 7774, "time": 0.804, "data_time": 0.0, "lr": 0.0001, "loss": -8.404, "recon_loss": -8.407, "kld_loss": 0.006, "kld_weight": 0.5}
{"message": "", "levelname": "INFO", "name": "Trainer", "asctime": "2026-04-29 16:36:32,405", "type": "train", "epoch": 9, "batch": 7239, "n_batches": 7774, "time": 1.419, "data_time": 0.0, "lr": 0.0001, "loss": -9.693, "recon_loss": -9.696, "kld_loss": 0.007, "kld_weight": 0.5}
{"message": "", "levelname": "INFO", "name": "Trainer", "asctime": "2026-04-29 16:36:41,450", "type": "train", "epoch": 9, "batch": 7279, "n_batches": 7774, "time": 0.755, "data_time": 0.0, "lr": 0.0001, "loss": -7.392, "recon_loss": -7.401, "kld_loss": 0.016, "kld_weight": 0.5}
{"message": "", "levelname": "INFO", "name": "Trainer", "asctime": "2026-04-29 16:36:50,048", "type": "train", "epoch": 9, "batch": 7319, "n_batches": 7774, "time": 1.653, "data_time": 0.0, "lr": 0.0001, "loss": -4.015, "recon_loss": -4.025, "kld_loss": 0.02, "kld_weight": 0.5}
{"message": "", "levelname": "INFO", "name": "Trainer", "asctime": "2026-04-29 16:36:58,299", "type": "train", "epoch": 9, "batch": 7359, "n_batches": 7774, "time": 0.856, "data_time": 0.0, "lr": 0.0001, "loss": -5.977, "recon_loss": -5.981, "kld_loss": 0.007, "kld_weight": 0.5}
{"message": "", "levelname": "INFO", "name": "Trainer", "asctime": "2026-04-29 16:37:07,103", "type": "train", "epoch": 9, "batch": 7399, "n_batches": 7774, "time": 0.794, "data_time": 0.0, "lr": 0.0001, "loss": -3.635, "recon_loss": -3.642, "kld_loss": 0.015, "kld_weight": 0.5}
{"message": "", "levelname": "INFO", "name": "Trainer", "asctime": "2026-04-29 16:37:14,471", "type": "train", "epoch": 9, "batch": 7439, "n_batches": 7774, "time": 0.735, "data_time": 0.0, "lr": 0.0001, "loss": -9.801, "recon_loss": -9.805, "kld_loss": 0.008, "kld_weight": 0.5}
{"message": "", "levelname": "INFO", "name": "Trainer", "asctime": "2026-04-29 16:37:22,471", "type": "train", "epoch": 9, "batch": 7479, "n_batches": 7774, "time": 0.778, "data_time": 0.0, "lr": 0.0001, "loss": -8.801, "recon_loss": -8.804, "kld_loss": 0.007, "kld_weight": 0.5}
{"message": "", "levelname": "INFO", "name": "Trainer", "asctime": "2026-04-29 16:37:31,628", "type": "train", "epoch": 9, "batch": 7519, "n_batches": 7774, "time": 0.812, "data_time": 0.0, "lr": 0.0001, "loss": -9.92, "recon_loss": -9.923, "kld_loss": 0.005, "kld_weight": 0.5}
{"message": "", "levelname": "INFO", "name": "Trainer", "asctime": "2026-04-29 16:37:39,718", "type": "train", "epoch": 9, "batch": 7559, "n_batches": 7774, "time": 0.534, "data_time": 0.0, "lr": 0.0001, "loss": -6.225, "recon_loss": -6.232, "kld_loss": 0.016, "kld_weight": 0.5}
{"message": "", "levelname": "INFO", "name": "Trainer", "asctime": "2026-04-29 16:37:46,788", "type": "train", "epoch": 9, "batch": 7599, "n_batches": 7774, "time": 0.853, "data_time": 0.0, "lr": 0.0001, "loss": -7.347, "recon_loss": -7.356, "kld_loss": 0.017, "kld_weight": 0.5}
{"message": "", "levelname": "INFO", "name": "Trainer", "asctime": "2026-04-29 16:37:54,892", "type": "train", "epoch": 9, "batch": 7639, "n_batches": 7774, "time": 0.679, "data_time": 0.0, "lr": 0.0001, "loss": -6.441, "recon_loss": -6.449, "kld_loss": 0.016, "kld_weight": 0.5}
{"message": "", "levelname": "INFO", "name": "Trainer", "asctime": "2026-04-29 16:38:04,965", "type": "train", "epoch": 9, "batch": 7679, "n_batches": 7774, "time": 0.64, "data_time": 0.0, "lr": 0.0001, "loss": -7.198, "recon_loss": -7.203, "kld_loss": 0.009, "kld_weight": 0.5}
{"message": "", "levelname": "INFO", "name": "Trainer", "asctime": "2026-04-29 16:38:13,225", "type": "train", "epoch": 9, "batch": 7719, "n_batches": 7774, "time": 0.708, "data_time": 0.0, "lr": 0.0001, "loss": -4.097, "recon_loss": -4.103, "kld_loss": 0.013, "kld_weight": 0.5}
{"message": "", "levelname": "INFO", "name": "Trainer", "asctime": "2026-04-29 16:38:20,903", "type": "train", "epoch": 9, "batch": 7759, "n_batches": 7774, "time": 0.958, "data_time": 0.0, "lr": 0.0001, "loss": -4.519, "recon_loss": -4.522, "kld_loss": 0.005, "kld_weight": 0.5}
{"message": "", "levelname": "INFO", "name": "Trainer", "asctime": "2026-04-29 16:38:23,356", "type": "train-epoch", "epoch": 10, "loss": -1.79947, "recon_loss": -1.80106, "kld_loss": 0.00318, "kld_weight": 0.5, "time": 1627.4}
{"message": "", "levelname": "INFO", "name": "Trainer", "asctime": "2026-04-29 16:41:31,111", "type": "val-epoch", "epoch": 10, "loss": -1.88, "test_loss": -1.776, "recon_loss": -1.881, "kld_loss": 0.003, "kld_weight": 0.5, "note": "loss is teacher-forced CVAE objective; test_loss is prior-only reconstruction", "time": 187.8}
{"message": "", "levelname": "INFO", "name": "Trainer", "asctime": "2026-04-29 16:41:39,698", "type": "train", "epoch": 10, "batch": 39, "n_batches": 7774, "time": 0.834, "data_time": 0.0, "lr": 1e-05, "loss": -5.702, "recon_loss": -5.706, "kld_loss": 0.007, "kld_weight": 0.5}
{"message": "", "levelname": "INFO", "name": "Trainer", "asctime": "2026-04-29 16:41:47,609", "type": "train", "epoch": 10, "batch": 79, "n_batches": 7774, "time": 0.573, "data_time": 0.0, "lr": 1e-05, "loss": -6.657, "recon_loss": -6.659, "kld_loss": 0.005, "kld_weight": 0.5}
{"message": "", "levelname": "INFO", "name": "Trainer", "asctime": "2026-04-29 16:41:55,340", "type": "train", "epoch": 10, "batch": 119, "n_batches": 7774, "time": 0.809, "data_time": 0.0, "lr": 1e-05, "loss": -6.506, "recon_loss": -6.511, "kld_loss": 0.01, "kld_weight": 0.5}
{"message": "", "levelname": "INFO", "name": "Trainer", "asctime": "2026-04-29 16:42:04,188", "type": "train", "epoch": 10, "batch": 159, "n_batches": 7774, "time": 0.602, "data_time": 0.0, "lr": 1e-05, "loss": -8.723, "recon_loss": -8.726, "kld_loss": 0.007, "kld_weight": 0.5}
{"message": "", "levelname": "INFO", "name": "Trainer", "asctime": "2026-04-29 16:42:12,714", "type": "train", "epoch": 10, "batch": 199, "n_batches": 7774, "time": 0.77, "data_time": 0.0, "lr": 1e-05, "loss": -7.349, "recon_loss": -7.353, "kld_loss": 0.008, "kld_weight": 0.5}
{"message": "", "levelname": "INFO", "name": "Trainer", "asctime": "2026-04-29 16:42:20,831", "type": "train", "epoch": 10, "batch": 239, "n_batches": 7774, "time": 0.773, "data_time": 0.0, "lr": 1e-05, "loss": -2.622, "recon_loss": -2.648, "kld_loss": 0.05, "kld_weight": 0.5}
{"message": "", "levelname": "INFO", "name": "Trainer", "asctime": "2026-04-29 16:42:30,574", "type": "train", "epoch": 10, "batch": 279, "n_batches": 7774, "time": 0.897, "data_time": 0.0, "lr": 1e-05, "loss": -5.958, "recon_loss": -5.961, "kld_loss": 0.005, "kld_weight": 0.5}
{"message": "", "levelname": "INFO", "name": "Trainer", "asctime": "2026-04-29 16:42:38,353", "type": "train", "epoch": 10, "batch": 319, "n_batches": 7774, "time": 0.743, "data_time": 0.0, "lr": 1e-05, "loss": -5.33, "recon_loss": -5.338, "kld_loss": 0.015, "kld_weight": 0.5}
{"message": "", "levelname": "INFO", "name": "Trainer", "asctime": "2026-04-29 16:42:48,603", "type": "train", "epoch": 10, "batch": 359, "n_batches": 7774, "time": 1.476, "data_time": 0.0, "lr": 1e-05, "loss": -3.338, "recon_loss": -3.343, "kld_loss": 0.01, "kld_weight": 0.5}
{"message": "", "levelname": "INFO", "name": "Trainer", "asctime": "2026-04-29 16:42:56,760", "type": "train", "epoch": 10, "batch": 399, "n_batches": 7774, "time": 0.833, "data_time": 0.0, "lr": 1e-05, "loss": -8.933, "recon_loss": -8.936, "kld_loss": 0.005, "kld_weight": 0.5}
{"message": "", "levelname": "INFO", "name": "Trainer", "asctime": "2026-04-29 16:43:04,589", "type": "train", "epoch": 10, "batch": 439, "n_batches": 7774, "time": 0.684, "data_time": 0.0, "lr": 1e-05, "loss": -5.393, "recon_loss": -5.401, "kld_loss": 0.016, "kld_weight": 0.5}
{"message": "", "levelname": "INFO", "name": "Trainer", "asctime": "2026-04-29 16:43:12,680", "type": "train", "epoch": 10, "batch": 479, "n_batches": 7774, "time": 0.733, "data_time": 0.0, "lr": 1e-05, "loss": -6.518, "recon_loss": -6.523, "kld_loss": 0.01, "kld_weight": 0.5}
{"message": "", "levelname": "INFO", "name": "Trainer", "asctime": "2026-04-29 16:43:20,521", "type": "train", "epoch": 10, "batch": 519, "n_batches": 7774, "time": 0.837, "data_time": 0.0, "lr": 1e-05, "loss": -7.16, "recon_loss": -7.167, "kld_loss": 0.013, "kld_weight": 0.5}
{"message": "", "levelname": "INFO", "name": "Trainer", "asctime": "2026-04-29 16:43:29,183", "type": "train", "epoch": 10, "batch": 559, "n_batches": 7774, "time": 0.762, "data_time": 0.0, "lr": 1e-05, "loss": 0.95, "recon_loss": 0.946, "kld_loss": 0.008, "kld_weight": 0.5}
{"message": "", "levelname": "INFO", "name": "Trainer", "asctime": "2026-04-29 16:43:37,060", "type": "train", "epoch": 10, "batch": 599, "n_batches": 7774, "time": 0.665, "data_time": 0.0, "lr": 1e-05, "loss": -7.024, "recon_loss": -7.026, "kld_loss": 0.003, "kld_weight": 0.5}
{"message": "", "levelname": "INFO", "name": "Trainer", "asctime": "2026-04-29 16:43:45,481", "type": "train", "epoch": 10, "batch": 639, "n_batches": 7774, "time": 0.935, "data_time": 0.0, "lr": 1e-05, "loss": -6.272, "recon_loss": -6.283, "kld_loss": 0.023, "kld_weight": 0.5}
{"message": "", "levelname": "INFO", "name": "Trainer", "asctime": "2026-04-29 16:43:53,375", "type": "train", "epoch": 10, "batch": 679, "n_batches": 7774, "time": 0.703, "data_time": 0.0, "lr": 1e-05, "loss": -7.66, "recon_loss": -7.663, "kld_loss": 0.005, "kld_weight": 0.5}
{"message": "", "levelname": "INFO", "name": "Trainer", "asctime": "2026-04-29 16:44:01,247", "type": "train", "epoch": 10, "batch": 719, "n_batches": 7774, "time": 0.788, "data_time": 0.0, "lr": 1e-05, "loss": -9.009, "recon_loss": -9.012, "kld_loss": 0.006, "kld_weight": 0.5}
{"message": "", "levelname": "INFO", "name": "Trainer", "asctime": "2026-04-29 16:44:09,469", "type": "train", "epoch": 10, "batch": 759, "n_batches": 7774, "time": 0.652, "data_time": 0.0, "lr": 1e-05, "loss": -8.904, "recon_loss": -8.906, "kld_loss": 0.005, "kld_weight": 0.5}
{"message": "", "levelname": "INFO", "name": "Trainer", "asctime": "2026-04-29 16:44:18,610", "type": "train", "epoch": 10, "batch": 799, "n_batches": 7774, "time": 0.438, "data_time": 0.0, "lr": 1e-05, "loss": -7.59, "recon_loss": -7.592, "kld_loss": 0.004, "kld_weight": 0.5}
{"message": "", "levelname": "INFO", "name": "Trainer", "asctime": "2026-04-29 16:44:26,568", "type": "train", "epoch": 10, "batch": 839, "n_batches": 7774, "time": 0.823, "data_time": 0.0, "lr": 1e-05, "loss": -9.998, "recon_loss": -10.001, "kld_loss": 0.008, "kld_weight": 0.5}
{"message": "", "levelname": "INFO", "name": "Trainer", "asctime": "2026-04-29 16:44:35,485", "type": "train", "epoch": 10, "batch": 879, "n_batches": 7774, "time": 1.603, "data_time": 0.0, "lr": 1e-05, "loss": -9.765, "recon_loss": -9.768, "kld_loss": 0.006, "kld_weight": 0.5}
{"message": "", "levelname": "INFO", "name": "Trainer", "asctime": "2026-04-29 16:44:43,519", "type": "train", "epoch": 10, "batch": 919, "n_batches": 7774, "time": 0.838, "data_time": 0.0, "lr": 1e-05, "loss": -9.008, "recon_loss": -9.01, "kld_loss": 0.003, "kld_weight": 0.5}
{"message": "", "levelname": "INFO", "name": "Trainer", "asctime": "2026-04-29 16:44:52,229", "type": "train", "epoch": 10, "batch": 959, "n_batches": 7774, "time": 0.771, "data_time": 0.0, "lr": 1e-05, "loss": -7.818, "recon_loss": -7.819, "kld_loss": 0.002, "kld_weight": 0.5}
{"message": "", "levelname": "INFO", "name": "Trainer", "asctime": "2026-04-29 16:45:02,593", "type": "train", "epoch": 10, "batch": 999, "n_batches": 7774, "time": 1.761, "data_time": 0.0, "lr": 1e-05, "loss": -7.569, "recon_loss": -7.572, "kld_loss": 0.004, "kld_weight": 0.5}
{"message": "", "levelname": "INFO", "name": "Trainer", "asctime": "2026-04-29 16:45:10,972", "type": "train", "epoch": 10, "batch": 1039, "n_batches": 7774, "time": 0.774, "data_time": 0.0, "lr": 1e-05, "loss": -4.312, "recon_loss": -4.324, "kld_loss": 0.024, "kld_weight": 0.5}
{"message": "", "levelname": "INFO", "name": "Trainer", "asctime": "2026-04-29 16:45:17,967", "type": "train", "epoch": 10, "batch": 1079, "n_batches": 7774, "time": 0.776, "data_time": 0.0, "lr": 1e-05, "loss": -6.044, "recon_loss": -6.046, "kld_loss": 0.004, "kld_weight": 0.5}
{"message": "", "levelname": "INFO", "name": "Trainer", "asctime": "2026-04-29 16:45:27,187", "type": "train", "epoch": 10, "batch": 1119, "n_batches": 7774, "time": 0.949, "data_time": 0.0, "lr": 1e-05, "loss": -6.284, "recon_loss": -6.285, "kld_loss": 0.002, "kld_weight": 0.5}
{"message": "", "levelname": "INFO", "name": "Trainer", "asctime": "2026-04-29 16:45:35,196", "type": "train", "epoch": 10, "batch": 1159, "n_batches": 7774, "time": 0.828, "data_time": 0.0, "lr": 1e-05, "loss": -5.948, "recon_loss": -5.952, "kld_loss": 0.007, "kld_weight": 0.5}
{"message": "", "levelname": "INFO", "name": "Trainer", "asctime": "2026-04-29 16:45:44,160", "type": "train", "epoch": 10, "batch": 1199, "n_batches": 7774, "time": 0.894, "data_time": 0.0, "lr": 1e-05, "loss": -9.482, "recon_loss": -9.484, "kld_loss": 0.003, "kld_weight": 0.5}
{"message": "", "levelname": "INFO", "name": "Trainer", "asctime": "2026-04-29 16:45:53,871", "type": "train", "epoch": 10, "batch": 1239, "n_batches": 7774, "time": 0.835, "data_time": 0.0, "lr": 1e-05, "loss": -5.498, "recon_loss": -5.501, "kld_loss": 0.007, "kld_weight": 0.5}
{"message": "", "levelname": "INFO", "name": "Trainer", "asctime": "2026-04-29 16:46:01,577", "type": "train", "epoch": 10, "batch": 1279, "n_batches": 7774, "time": 0.796, "data_time": 0.0, "lr": 1e-05, "loss": -5.372, "recon_loss": -5.378, "kld_loss": 0.012, "kld_weight": 0.5}
{"message": "", "levelname": "INFO", "name": "Trainer", "asctime": "2026-04-29 16:46:09,742", "type": "train", "epoch": 10, "batch": 1319, "n_batches": 7774, "time": 0.906, "data_time": 0.0, "lr": 1e-05, "loss": -10.602, "recon_loss": -10.604, "kld_loss": 0.004, "kld_weight": 0.5}
{"message": "", "levelname": "INFO", "name": "Trainer", "asctime": "2026-04-29 16:46:18,531", "type": "train", "epoch": 10, "batch": 1359, "n_batches": 7774, "time": 1.366, "data_time": 0.0, "lr": 1e-05, "loss": -11.18, "recon_loss": -11.18, "kld_loss": 0.001, "kld_weight": 0.5}
{"message": "", "levelname": "INFO", "name": "Trainer", "asctime": "2026-04-29 16:46:26,342", "type": "train", "epoch": 10, "batch": 1399, "n_batches": 7774, "time": 0.587, "data_time": 0.0, "lr": 1e-05, "loss": -9.154, "recon_loss": -9.155, "kld_loss": 0.002, "kld_weight": 0.5}
{"message": "", "levelname": "INFO", "name": "Trainer", "asctime": "2026-04-29 16:46:33,975", "type": "train", "epoch": 10, "batch": 1439, "n_batches": 7774, "time": 0.716, "data_time": 0.0, "lr": 1e-05, "loss": -9.92, "recon_loss": -9.921, "kld_loss": 0.002, "kld_weight": 0.5}
{"message": "", "levelname": "INFO", "name": "Trainer", "asctime": "2026-04-29 16:46:42,792", "type": "train", "epoch": 10, "batch": 1479, "n_batches": 7774, "time": 0.727, "data_time": 0.0, "lr": 1e-05, "loss": -7.583, "recon_loss": -7.585, "kld_loss": 0.003, "kld_weight": 0.5}
{"message": "", "levelname": "INFO", "name": "Trainer", "asctime": "2026-04-29 16:46:50,547", "type": "train", "epoch": 10, "batch": 1519, "n_batches": 7774, "time": 0.719, "data_time": 0.0, "lr": 1e-05, "loss": -9.888, "recon_loss": -9.892, "kld_loss": 0.009, "kld_weight": 0.5}
{"message": "", "levelname": "INFO", "name": "Trainer", "asctime": "2026-04-29 16:46:59,813", "type": "train", "epoch": 10, "batch": 1559, "n_batches": 7774, "time": 0.887, "data_time": 0.0, "lr": 1e-05, "loss": -9.019, "recon_loss": -9.021, "kld_loss": 0.004, "kld_weight": 0.5}
{"message": "", "levelname": "INFO", "name": "Trainer", "asctime": "2026-04-29 16:47:07,828", "type": "train", "epoch": 10, "batch": 1599, "n_batches": 7774, "time": 0.817, "data_time": 0.0, "lr": 1e-05, "loss": -7.456, "recon_loss": -7.458, "kld_loss": 0.005, "kld_weight": 0.5}
{"message": "", "levelname": "INFO", "name": "Trainer", "asctime": "2026-04-29 16:47:17,640", "type": "train", "epoch": 10, "batch": 1639, "n_batches": 7774, "time": 0.694, "data_time": 0.0, "lr": 1e-05, "loss": -9.782, "recon_loss": -9.783, "kld_loss": 0.002, "kld_weight": 0.5}
{"message": "", "levelname": "INFO", "name": "Trainer", "asctime": "2026-04-29 16:47:26,012", "type": "train", "epoch": 10, "batch": 1679, "n_batches": 7774, "time": 0.871, "data_time": 0.0, "lr": 1e-05, "loss": -1.153, "recon_loss": -1.159, "kld_loss": 0.012, "kld_weight": 0.5}
{"message": "", "levelname": "INFO", "name": "Trainer", "asctime": "2026-04-29 16:47:33,720", "type": "train", "epoch": 10, "batch": 1719, "n_batches": 7774, "time": 0.677, "data_time": 0.0, "lr": 1e-05, "loss": -5.815, "recon_loss": -5.817, "kld_loss": 0.005, "kld_weight": 0.5}
{"message": "", "levelname": "INFO", "name": "Trainer", "asctime": "2026-04-29 16:47:42,489", "type": "train", "epoch": 10, "batch": 1759, "n_batches": 7774, "time": 1.031, "data_time": 0.0, "lr": 1e-05, "loss": -8.154, "recon_loss": -8.158, "kld_loss": 0.007, "kld_weight": 0.5}
{"message": "", "levelname": "INFO", "name": "Trainer", "asctime": "2026-04-29 16:47:50,099", "type": "train", "epoch": 10, "batch": 1799, "n_batches": 7774, "time": 0.591, "data_time": 0.0, "lr": 1e-05, "loss": -8.147, "recon_loss": -8.151, "kld_loss": 0.009, "kld_weight": 0.5}
{"message": "", "levelname": "INFO", "name": "Trainer", "asctime": "2026-04-29 16:47:58,479", "type": "train", "epoch": 10, "batch": 1839, "n_batches": 7774, "time": 0.781, "data_time": 0.0, "lr": 1e-05, "loss": -8.883, "recon_loss": -8.885, "kld_loss": 0.005, "kld_weight": 0.5}
{"message": "", "levelname": "INFO", "name": "Trainer", "asctime": "2026-04-29 16:48:06,724", "type": "train", "epoch": 10, "batch": 1879, "n_batches": 7774, "time": 0.785, "data_time": 0.0, "lr": 1e-05, "loss": -9.809, "recon_loss": -9.81, "kld_loss": 0.003, "kld_weight": 0.5}
{"message": "", "levelname": "INFO", "name": "Trainer", "asctime": "2026-04-29 16:48:15,341", "type": "train", "epoch": 10, "batch": 1919, "n_batches": 7774, "time": 0.512, "data_time": 0.0, "lr": 1e-05, "loss": -9.534, "recon_loss": -9.537, "kld_loss": 0.006, "kld_weight": 0.5}
{"message": "", "levelname": "INFO", "name": "Trainer", "asctime": "2026-04-29 16:48:23,535", "type": "train", "epoch": 10, "batch": 1959, "n_batches": 7774, "time": 1.408, "data_time": 0.0, "lr": 1e-05, "loss": -9.395, "recon_loss": -9.399, "kld_loss": 0.008, "kld_weight": 0.5}
{"message": "", "levelname": "INFO", "name": "Trainer", "asctime": "2026-04-29 16:48:31,718", "type": "train", "epoch": 10, "batch": 1999, "n_batches": 7774, "time": 0.751, "data_time": 0.0, "lr": 1e-05, "loss": -7.904, "recon_loss": -7.906, "kld_loss": 0.005, "kld_weight": 0.5}
{"message": "", "levelname": "INFO", "name": "Trainer", "asctime": "2026-04-29 16:48:40,769", "type": "train", "epoch": 10, "batch": 2039, "n_batches": 7774, "time": 1.908, "data_time": 0.0, "lr": 1e-05, "loss": -4.842, "recon_loss": -4.848, "kld_loss": 0.013, "kld_weight": 0.5}
{"message": "", "levelname": "INFO", "name": "Trainer", "asctime": "2026-04-29 16:48:48,550", "type": "train", "epoch": 10, "batch": 2079, "n_batches": 7774, "time": 0.873, "data_time": 0.0, "lr": 1e-05, "loss": -9.075, "recon_loss": -9.078, "kld_loss": 0.006, "kld_weight": 0.5}
{"message": "", "levelname": "INFO", "name": "Trainer", "asctime": "2026-04-29 16:48:56,445", "type": "train", "epoch": 10, "batch": 2119, "n_batches": 7774, "time": 0.823, "data_time": 0.0, "lr": 1e-05, "loss": -7.853, "recon_loss": -7.854, "kld_loss": 0.003, "kld_weight": 0.5}
{"message": "", "levelname": "INFO", "name": "Trainer", "asctime": "2026-04-29 16:49:05,618", "type": "train", "epoch": 10, "batch": 2159, "n_batches": 7774, "time": 0.862, "data_time": 0.0, "lr": 1e-05, "loss": -5.994, "recon_loss": -5.998, "kld_loss": 0.009, "kld_weight": 0.5}
{"message": "", "levelname": "INFO", "name": "Trainer", "asctime": "2026-04-29 16:49:12,846", "type": "train", "epoch": 10, "batch": 2199, "n_batches": 7774, "time": 0.75, "data_time": 0.0, "lr": 1e-05, "loss": -11.234, "recon_loss": -11.235, "kld_loss": 0.003, "kld_weight": 0.5}
{"message": "", "levelname": "INFO", "name": "Trainer", "asctime": "2026-04-29 16:49:20,282", "type": "train", "epoch": 10, "batch": 2239, "n_batches": 7774, "time": 0.842, "data_time": 0.0, "lr": 1e-05, "loss": -9.292, "recon_loss": -9.294, "kld_loss": 0.004, "kld_weight": 0.5}
{"message": "", "levelname": "INFO", "name": "Trainer", "asctime": "2026-04-29 16:49:28,159", "type": "train", "epoch": 10, "batch": 2279, "n_batches": 7774, "time": 0.78, "data_time": 0.0, "lr": 1e-05, "loss": -10.62, "recon_loss": -10.621, "kld_loss": 0.001, "kld_weight": 0.5}
{"message": "", "levelname": "INFO", "name": "Trainer", "asctime": "2026-04-29 16:49:36,217", "type": "train", "epoch": 10, "batch": 2319, "n_batches": 7774, "time": 0.775, "data_time": 0.0, "lr": 1e-05, "loss": -8.024, "recon_loss": -8.026, "kld_loss": 0.003, "kld_weight": 0.5}
{"message": "", "levelname": "INFO", "name": "Trainer", "asctime": "2026-04-29 16:49:46,017", "type": "train", "epoch": 10, "batch": 2359, "n_batches": 7774, "time": 0.622, "data_time": 0.0, "lr": 1e-05, "loss": -10.095, "recon_loss": -10.096, "kld_loss": 0.002, "kld_weight": 0.5}
{"message": "", "levelname": "INFO", "name": "Trainer", "asctime": "2026-04-29 16:49:55,254", "type": "train", "epoch": 10, "batch": 2399, "n_batches": 7774, "time": 0.848, "data_time": 0.0, "lr": 1e-05, "loss": -9.718, "recon_loss": -9.721, "kld_loss": 0.006, "kld_weight": 0.5}
{"message": "", "levelname": "INFO", "name": "Trainer", "asctime": "2026-04-29 16:50:02,506", "type": "train", "epoch": 10, "batch": 2439, "n_batches": 7774, "time": 0.825, "data_time": 0.0, "lr": 1e-05, "loss": -11.029, "recon_loss": -11.03, "kld_loss": 0.002, "kld_weight": 0.5}
{"message": "", "levelname": "INFO", "name": "Trainer", "asctime": "2026-04-29 16:50:11,243", "type": "train", "epoch": 10, "batch": 2479, "n_batches": 7774, "time": 0.716, "data_time": 0.0, "lr": 1e-05, "loss": -2.955, "recon_loss": -2.961, "kld_loss": 0.012, "kld_weight": 0.5}
{"message": "", "levelname": "INFO", "name": "Trainer", "asctime": "2026-04-29 16:50:18,100", "type": "train", "epoch": 10, "batch": 2519, "n_batches": 7774, "time": 0.551, "data_time": 0.0, "lr": 1e-05, "loss": -5.894, "recon_loss": -5.899, "kld_loss": 0.011, "kld_weight": 0.5}
{"message": "", "levelname": "INFO", "name": "Trainer", "asctime": "2026-04-29 16:50:27,794", "type": "train", "epoch": 10, "batch": 2559, "n_batches": 7774, "time": 0.71, "data_time": 0.0, "lr": 1e-05, "loss": -9.665, "recon_loss": -9.668, "kld_loss": 0.005, "kld_weight": 0.5}
{"message": "", "levelname": "INFO", "name": "Trainer", "asctime": "2026-04-29 16:50:35,648", "type": "train", "epoch": 10, "batch": 2599, "n_batches": 7774, "time": 0.87, "data_time": 0.0, "lr": 1e-05, "loss": -2.131, "recon_loss": -2.138, "kld_loss": 0.015, "kld_weight": 0.5}
{"message": "", "levelname": "INFO", "name": "Trainer", "asctime": "2026-04-29 16:50:44,284", "type": "train", "epoch": 10, "batch": 2639, "n_batches": 7774, "time": 0.896, "data_time": 0.0, "lr": 1e-05, "loss": -8.864, "recon_loss": -8.869, "kld_loss": 0.009, "kld_weight": 0.5}
{"message": "", "levelname": "INFO", "name": "Trainer", "asctime": "2026-04-29 16:50:51,920", "type": "train", "epoch": 10, "batch": 2679, "n_batches": 7774, "time": 0.507, "data_time": 0.0, "lr": 1e-05, "loss": -6.642, "recon_loss": -6.644, "kld_loss": 0.005, "kld_weight": 0.5}
{"message": "", "levelname": "INFO", "name": "Trainer", "asctime": "2026-04-29 16:51:01,003", "type": "train", "epoch": 10, "batch": 2719, "n_batches": 7774, "time": 0.639, "data_time": 0.0, "lr": 1e-05, "loss": -6.198, "recon_loss": -6.202, "kld_loss": 0.007, "kld_weight": 0.5}
{"message": "", "levelname": "INFO", "name": "Trainer", "asctime": "2026-04-29 16:51:09,223", "type": "train", "epoch": 10, "batch": 2759, "n_batches": 7774, "time": 0.584, "data_time": 0.0, "lr": 1e-05, "loss": -7.877, "recon_loss": -7.88, "kld_loss": 0.006, "kld_weight": 0.5}
{"message": "", "levelname": "INFO", "name": "Trainer", "asctime": "2026-04-29 16:51:17,259", "type": "train", "epoch": 10, "batch": 2799, "n_batches": 7774, "time": 0.828, "data_time": 0.0, "lr": 1e-05, "loss": -11.124, "recon_loss": -11.125, "kld_loss": 0.003, "kld_weight": 0.5}
{"message": "", "levelname": "INFO", "name": "Trainer", "asctime": "2026-04-29 16:51:24,846", "type": "train", "epoch": 10, "batch": 2839, "n_batches": 7774, "time": 0.982, "data_time": 0.0, "lr": 1e-05, "loss": -3.552, "recon_loss": -3.56, "kld_loss": 0.017, "kld_weight": 0.5}
{"message": "", "levelname": "INFO", "name": "Trainer", "asctime": "2026-04-29 16:51:33,147", "type": "train", "epoch": 10, "batch": 2879, "n_batches": 7774, "time": 0.835, "data_time": 0.0, "lr": 1e-05, "loss": -7.693, "recon_loss": -7.694, "kld_loss": 0.003, "kld_weight": 0.5}
{"message": "", "levelname": "INFO", "name": "Trainer", "asctime": "2026-04-29 16:51:40,688", "type": "train", "epoch": 10, "batch": 2919, "n_batches": 7774, "time": 0.595, "data_time": 0.0, "lr": 1e-05, "loss": -9.123, "recon_loss": -9.127, "kld_loss": 0.008, "kld_weight": 0.5}
{"message": "", "levelname": "INFO", "name": "Trainer", "asctime": "2026-04-29 16:51:48,098", "type": "train", "epoch": 10, "batch": 2959, "n_batches": 7774, "time": 0.433, "data_time": 0.0, "lr": 1e-05, "loss": -7.095, "recon_loss": -7.097, "kld_loss": 0.004, "kld_weight": 0.5}
{"message": "", "levelname": "INFO", "name": "Trainer", "asctime": "2026-04-29 16:51:57,366", "type": "train", "epoch": 10, "batch": 2999, "n_batches": 7774, "time": 1.706, "data_time": 0.001, "lr": 1e-05, "loss": -2.672, "recon_loss": -2.681, "kld_loss": 0.018, "kld_weight": 0.5}
{"message": "", "levelname": "INFO", "name": "Trainer", "asctime": "2026-04-29 16:52:06,419", "type": "train", "epoch": 10, "batch": 3039, "n_batches": 7774, "time": 1.024, "data_time": 0.0, "lr": 1e-05, "loss": -7.214, "recon_loss": -7.216, "kld_loss": 0.003, "kld_weight": 0.5}
{"message": "", "levelname": "INFO", "name": "Trainer", "asctime": "2026-04-29 16:52:14,877", "type": "train", "epoch": 10, "batch": 3079, "n_batches": 7774, "time": 0.639, "data_time": 0.0, "lr": 1e-05, "loss": -6.474, "recon_loss": -6.476, "kld_loss": 0.004, "kld_weight": 0.5}
{"message": "", "levelname": "INFO", "name": "Trainer", "asctime": "2026-04-29 16:52:23,396", "type": "train", "epoch": 10, "batch": 3119, "n_batches": 7774, "time": 0.812, "data_time": 0.0, "lr": 1e-05, "loss": -7.173, "recon_loss": -7.179, "kld_loss": 0.013, "kld_weight": 0.5}
{"message": "", "levelname": "INFO", "name": "Trainer", "asctime": "2026-04-29 16:52:33,665", "type": "train", "epoch": 10, "batch": 3159, "n_batches": 7774, "time": 0.748, "data_time": 0.0, "lr": 1e-05, "loss": -3.615, "recon_loss": -3.624, "kld_loss": 0.017, "kld_weight": 0.5}
{"message": "", "levelname": "INFO", "name": "Trainer", "asctime": "2026-04-29 16:52:40,997", "type": "train", "epoch": 10, "batch": 3199, "n_batches": 7774, "time": 0.623, "data_time": 0.0, "lr": 1e-05, "loss": -10.206, "recon_loss": -10.208, "kld_loss": 0.005, "kld_weight": 0.5}
{"message": "", "levelname": "INFO", "name": "Trainer", "asctime": "2026-04-29 16:52:48,623", "type": "train", "epoch": 10, "batch": 3239, "n_batches": 7774, "time": 0.805, "data_time": 0.0, "lr": 1e-05, "loss": -8.785, "recon_loss": -8.791, "kld_loss": 0.011, "kld_weight": 0.5}
{"message": "", "levelname": "INFO", "name": "Trainer", "asctime": "2026-04-29 16:52:57,617", "type": "train", "epoch": 10, "batch": 3279, "n_batches": 7774, "time": 1.521, "data_time": 0.0, "lr": 1e-05, "loss": -6.166, "recon_loss": -6.174, "kld_loss": 0.016, "kld_weight": 0.5}
{"message": "", "levelname": "INFO", "name": "Trainer", "asctime": "2026-04-29 16:53:04,733", "type": "train", "epoch": 10, "batch": 3319, "n_batches": 7774, "time": 0.409, "data_time": 0.0, "lr": 1e-05, "loss": -5.967, "recon_loss": -5.972, "kld_loss": 0.008, "kld_weight": 0.5}
{"message": "", "levelname": "INFO", "name": "Trainer", "asctime": "2026-04-29 16:53:13,018", "type": "train", "epoch": 10, "batch": 3359, "n_batches": 7774, "time": 0.798, "data_time": 0.0, "lr": 1e-05, "loss": -10.4, "recon_loss": -10.402, "kld_loss": 0.005, "kld_weight": 0.5}
{"message": "", "levelname": "INFO", "name": "Trainer", "asctime": "2026-04-29 16:53:22,451", "type": "train", "epoch": 10, "batch": 3399, "n_batches": 7774, "time": 0.666, "data_time": 0.0, "lr": 1e-05, "loss": -4.705, "recon_loss": -4.708, "kld_loss": 0.005, "kld_weight": 0.5}
{"message": "", "levelname": "INFO", "name": "Trainer", "asctime": "2026-04-29 16:53:30,256", "type": "train", "epoch": 10, "batch": 3439, "n_batches": 7774, "time": 0.625, "data_time": 0.0, "lr": 1e-05, "loss": -10.046, "recon_loss": -10.048, "kld_loss": 0.003, "kld_weight": 0.5}
{"message": "", "levelname": "INFO", "name": "Trainer", "asctime": "2026-04-29 16:53:38,845", "type": "train", "epoch": 10, "batch": 3479, "n_batches": 7774, "time": 0.954, "data_time": 0.0, "lr": 1e-05, "loss": -0.563, "recon_loss": -0.57, "kld_loss": 0.013, "kld_weight": 0.5}
{"message": "", "levelname": "INFO", "name": "Trainer", "asctime": "2026-04-29 16:53:46,980", "type": "train", "epoch": 10, "batch": 3519, "n_batches": 7774, "time": 0.617, "data_time": 0.0, "lr": 1e-05, "loss": -6.317, "recon_loss": -6.326, "kld_loss": 0.018, "kld_weight": 0.5}
{"message": "", "levelname": "INFO", "name": "Trainer", "asctime": "2026-04-29 16:53:55,801", "type": "train", "epoch": 10, "batch": 3559, "n_batches": 7774, "time": 1.428, "data_time": 0.0, "lr": 1e-05, "loss": -7.127, "recon_loss": -7.133, "kld_loss": 0.011, "kld_weight": 0.5}
{"message": "", "levelname": "INFO", "name": "Trainer", "asctime": "2026-04-29 16:54:03,388", "type": "train", "epoch": 10, "batch": 3599, "n_batches": 7774, "time": 0.611, "data_time": 0.0, "lr": 1e-05, "loss": -9.919, "recon_loss": -9.922, "kld_loss": 0.007, "kld_weight": 0.5}
{"message": "", "levelname": "INFO", "name": "Trainer", "asctime": "2026-04-29 16:54:12,359", "type": "train", "epoch": 10, "batch": 3639, "n_batches": 7774, "time": 0.68, "data_time": 0.0, "lr": 1e-05, "loss": -4.821, "recon_loss": -4.829, "kld_loss": 0.015, "kld_weight": 0.5}
{"message": "", "levelname": "INFO", "name": "Trainer", "asctime": "2026-04-29 16:54:20,969", "type": "train", "epoch": 10, "batch": 3679, "n_batches": 7774, "time": 0.662, "data_time": 0.0, "lr": 1e-05, "loss": -3.12, "recon_loss": -3.13, "kld_loss": 0.019, "kld_weight": 0.5}
{"message": "", "levelname": "INFO", "name": "Trainer", "asctime": "2026-04-29 16:54:31,337", "type": "train", "epoch": 10, "batch": 3719, "n_batches": 7774, "time": 0.667, "data_time": 0.0, "lr": 1e-05, "loss": -3.66, "recon_loss": -3.662, "kld_loss": 0.005, "kld_weight": 0.5}
{"message": "", "levelname": "INFO", "name": "Trainer", "asctime": "2026-04-29 16:54:39,744", "type": "train", "epoch": 10, "batch": 3759, "n_batches": 7774, "time": 0.79, "data_time": 0.0, "lr": 1e-05, "loss": -5.914, "recon_loss": -5.917, "kld_loss": 0.005, "kld_weight": 0.5}
{"message": "", "levelname": "INFO", "name": "Trainer", "asctime": "2026-04-29 16:54:47,881", "type": "train", "epoch": 10, "batch": 3799, "n_batches": 7774, "time": 0.908, "data_time": 0.0, "lr": 1e-05, "loss": -9.889, "recon_loss": -9.89, "kld_loss": 0.001, "kld_weight": 0.5}
{"message": "", "levelname": "INFO", "name": "Trainer", "asctime": "2026-04-29 16:54:55,763", "type": "train", "epoch": 10, "batch": 3839, "n_batches": 7774, "time": 0.804, "data_time": 0.0, "lr": 1e-05, "loss": -10.817, "recon_loss": -10.819, "kld_loss": 0.004, "kld_weight": 0.5}
{"message": "", "levelname": "INFO", "name": "Trainer", "asctime": "2026-04-29 16:55:05,103", "type": "train", "epoch": 10, "batch": 3879, "n_batches": 7774, "time": 0.945, "data_time": 0.0, "lr": 1e-05, "loss": -8.731, "recon_loss": -8.733, "kld_loss": 0.004, "kld_weight": 0.5}
{"message": "", "levelname": "INFO", "name": "Trainer", "asctime": "2026-04-29 16:55:13,078", "type": "train", "epoch": 10, "batch": 3919, "n_batches": 7774, "time": 0.839, "data_time": 0.0, "lr": 1e-05, "loss": -10.665, "recon_loss": -10.668, "kld_loss": 0.006, "kld_weight": 0.5}
{"message": "", "levelname": "INFO", "name": "Trainer", "asctime": "2026-04-29 16:55:20,752", "type": "train", "epoch": 10, "batch": 3959, "n_batches": 7774, "time": 0.897, "data_time": 0.0, "lr": 1e-05, "loss": -3.156, "recon_loss": -3.167, "kld_loss": 0.023, "kld_weight": 0.5}
{"message": "", "levelname": "INFO", "name": "Trainer", "asctime": "2026-04-29 16:55:29,304", "type": "train", "epoch": 10, "batch": 3999, "n_batches": 7774, "time": 0.864, "data_time": 0.0, "lr": 1e-05, "loss": -5.637, "recon_loss": -5.641, "kld_loss": 0.008, "kld_weight": 0.5}
{"message": "", "levelname": "INFO", "name": "Trainer", "asctime": "2026-04-29 16:55:36,550", "type": "train", "epoch": 10, "batch": 4039, "n_batches": 7774, "time": 0.846, "data_time": 0.0, "lr": 1e-05, "loss": -8.414, "recon_loss": -8.415, "kld_loss": 0.003, "kld_weight": 0.5}
{"message": "", "levelname": "INFO", "name": "Trainer", "asctime": "2026-04-29 16:55:45,457", "type": "train", "epoch": 10, "batch": 4079, "n_batches": 7774, "time": 0.913, "data_time": 0.0, "lr": 1e-05, "loss": -7.987, "recon_loss": -7.99, "kld_loss": 0.005, "kld_weight": 0.5}
{"message": "", "levelname": "INFO", "name": "Trainer", "asctime": "2026-04-29 16:55:54,301", "type": "train", "epoch": 10, "batch": 4119, "n_batches": 7774, "time": 0.716, "data_time": 0.0, "lr": 1e-05, "loss": -9.107, "recon_loss": -9.108, "kld_loss": 0.002, "kld_weight": 0.5}
{"message": "", "levelname": "INFO", "name": "Trainer", "asctime": "2026-04-29 16:56:02,088", "type": "train", "epoch": 10, "batch": 4159, "n_batches": 7774, "time": 0.684, "data_time": 0.0, "lr": 1e-05, "loss": -10.806, "recon_loss": -10.806, "kld_loss": 0.002, "kld_weight": 0.5}
{"message": "", "levelname": "INFO", "name": "Trainer", "asctime": "2026-04-29 16:56:11,150", "type": "train", "epoch": 10, "batch": 4199, "n_batches": 7774, "time": 1.205, "data_time": 0.0, "lr": 1e-05, "loss": -2.645, "recon_loss": -2.656, "kld_loss": 0.022, "kld_weight": 0.5}
{"message": "", "levelname": "INFO", "name": "Trainer", "asctime": "2026-04-29 16:56:19,440", "type": "train", "epoch": 10, "batch": 4239, "n_batches": 7774, "time": 1.758, "data_time": 0.0, "lr": 1e-05, "loss": -7.928, "recon_loss": -7.933, "kld_loss": 0.009, "kld_weight": 0.5}
{"message": "", "levelname": "INFO", "name": "Trainer", "asctime": "2026-04-29 16:56:28,396", "type": "train", "epoch": 10, "batch": 4279, "n_batches": 7774, "time": 1.282, "data_time": 0.0, "lr": 1e-05, "loss": -8.566, "recon_loss": -8.573, "kld_loss": 0.014, "kld_weight": 0.5}
{"message": "", "levelname": "INFO", "name": "Trainer", "asctime": "2026-04-29 16:56:36,388", "type": "train", "epoch": 10, "batch": 4319, "n_batches": 7774, "time": 0.542, "data_time": 0.0, "lr": 1e-05, "loss": -7.853, "recon_loss": -7.858, "kld_loss": 0.011, "kld_weight": 0.5}
{"message": "", "levelname": "INFO", "name": "Trainer", "asctime": "2026-04-29 16:56:44,766", "type": "train", "epoch": 10, "batch": 4359, "n_batches": 7774, "time": 0.758, "data_time": 0.0, "lr": 1e-05, "loss": -9.549, "recon_loss": -9.558, "kld_loss": 0.018, "kld_weight": 0.5}
{"message": "", "levelname": "INFO", "name": "Trainer", "asctime": "2026-04-29 16:56:54,369", "type": "train", "epoch": 10, "batch": 4399, "n_batches": 7774, "time": 1.529, "data_time": 0.0, "lr": 1e-05, "loss": -8.267, "recon_loss": -8.277, "kld_loss": 0.02, "kld_weight": 0.5}
{"message": "", "levelname": "INFO", "name": "Trainer", "asctime": "2026-04-29 16:57:02,613", "type": "train", "epoch": 10, "batch": 4439, "n_batches": 7774, "time": 0.876, "data_time": 0.0, "lr": 1e-05, "loss": -6.083, "recon_loss": -6.088, "kld_loss": 0.009, "kld_weight": 0.5}
{"message": "", "levelname": "INFO", "name": "Trainer", "asctime": "2026-04-29 16:57:10,855", "type": "train", "epoch": 10, "batch": 4479, "n_batches": 7774, "time": 0.986, "data_time": 0.0, "lr": 1e-05, "loss": -6.14, "recon_loss": -6.142, "kld_loss": 0.004, "kld_weight": 0.5}
{"message": "", "levelname": "INFO", "name": "Trainer", "asctime": "2026-04-29 16:57:21,299", "type": "train", "epoch": 10, "batch": 4519, "n_batches": 7774, "time": 0.884, "data_time": 0.0, "lr": 1e-05, "loss": -7.877, "recon_loss": -7.88, "kld_loss": 0.005, "kld_weight": 0.5}
{"message": "", "levelname": "INFO", "name": "Trainer", "asctime": "2026-04-29 16:57:29,169", "type": "train", "epoch": 10, "batch": 4559, "n_batches": 7774, "time": 0.67, "data_time": 0.0, "lr": 1e-05, "loss": -7.702, "recon_loss": -7.706, "kld_loss": 0.008, "kld_weight": 0.5}
{"message": "", "levelname": "INFO", "name": "Trainer", "asctime": "2026-04-29 16:57:38,013", "type": "train", "epoch": 10, "batch": 4599, "n_batches": 7774, "time": 0.779, "data_time": 0.0, "lr": 1e-05, "loss": -7.047, "recon_loss": -7.051, "kld_loss": 0.008, "kld_weight": 0.5}
{"message": "", "levelname": "INFO", "name": "Trainer", "asctime": "2026-04-29 16:57:45,057", "type": "train", "epoch": 10, "batch": 4639, "n_batches": 7774, "time": 0.712, "data_time": 0.0, "lr": 1e-05, "loss": -8.224, "recon_loss": -8.225, "kld_loss": 0.002, "kld_weight": 0.5}
{"message": "", "levelname": "INFO", "name": "Trainer", "asctime": "2026-04-29 16:57:51,943", "type": "train", "epoch": 10, "batch": 4679, "n_batches": 7774, "time": 0.879, "data_time": 0.0, "lr": 1e-05, "loss": -4.591, "recon_loss": -4.6, "kld_loss": 0.018, "kld_weight": 0.5}
{"message": "", "levelname": "INFO", "name": "Trainer", "asctime": "2026-04-29 16:57:59,549", "type": "train", "epoch": 10, "batch": 4719, "n_batches": 7774, "time": 0.429, "data_time": 0.0, "lr": 1e-05, "loss": -9.967, "recon_loss": -9.97, "kld_loss": 0.005, "kld_weight": 0.5}
{"message": "", "levelname": "INFO", "name": "Trainer", "asctime": "2026-04-29 16:58:08,595", "type": "train", "epoch": 10, "batch": 4759, "n_batches": 7774, "time": 1.272, "data_time": 0.0, "lr": 1e-05, "loss": -8.387, "recon_loss": -8.389, "kld_loss": 0.003, "kld_weight": 0.5}
{"message": "", "levelname": "INFO", "name": "Trainer", "asctime": "2026-04-29 16:58:17,852", "type": "train", "epoch": 10, "batch": 4799, "n_batches": 7774, "time": 1.349, "data_time": 0.0, "lr": 1e-05, "loss": -8.552, "recon_loss": -8.559, "kld_loss": 0.014, "kld_weight": 0.5}
{"message": "", "levelname": "INFO", "name": "Trainer", "asctime": "2026-04-29 16:58:25,473", "type": "train", "epoch": 10, "batch": 4839, "n_batches": 7774, "time": 0.832, "data_time": 0.0, "lr": 1e-05, "loss": -2.232, "recon_loss": -2.245, "kld_loss": 0.025, "kld_weight": 0.5}
{"message": "", "levelname": "INFO", "name": "Trainer", "asctime": "2026-04-29 16:58:34,502", "type": "train", "epoch": 10, "batch": 4879, "n_batches": 7774, "time": 0.9, "data_time": 0.0, "lr": 1e-05, "loss": -7.702, "recon_loss": -7.705, "kld_loss": 0.006, "kld_weight": 0.5}
{"message": "", "levelname": "INFO", "name": "Trainer", "asctime": "2026-04-29 16:58:44,026", "type": "train", "epoch": 10, "batch": 4919, "n_batches": 7774, "time": 0.825, "data_time": 0.0, "lr": 1e-05, "loss": -6.831, "recon_loss": -6.837, "kld_loss": 0.01, "kld_weight": 0.5}
{"message": "", "levelname": "INFO", "name": "Trainer", "asctime": "2026-04-29 16:58:51,747", "type": "train", "epoch": 10, "batch": 4959, "n_batches": 7774, "time": 0.845, "data_time": 0.0, "lr": 1e-05, "loss": -10.312, "recon_loss": -10.314, "kld_loss": 0.003, "kld_weight": 0.5}
{"message": "", "levelname": "INFO", "name": "Trainer", "asctime": "2026-04-29 16:58:58,672", "type": "train", "epoch": 10, "batch": 4999, "n_batches": 7774, "time": 0.611, "data_time": 0.0, "lr": 1e-05, "loss": 3.355, "recon_loss": 3.331, "kld_loss": 0.049, "kld_weight": 0.5}
{"message": "", "levelname": "INFO", "name": "Trainer", "asctime": "2026-04-29 16:59:06,431", "type": "train", "epoch": 10, "batch": 5039, "n_batches": 7774, "time": 1.364, "data_time": 0.0, "lr": 1e-05, "loss": -5.816, "recon_loss": -5.82, "kld_loss": 0.007, "kld_weight": 0.5}
{"message": "", "levelname": "INFO", "name": "Trainer", "asctime": "2026-04-29 16:59:16,039", "type": "train", "epoch": 10, "batch": 5079, "n_batches": 7774, "time": 0.603, "data_time": 0.0, "lr": 1e-05, "loss": -9.744, "recon_loss": -9.746, "kld_loss": 0.005, "kld_weight": 0.5}
{"message": "", "levelname": "INFO", "name": "Trainer", "asctime": "2026-04-29 16:59:25,467", "type": "train", "epoch": 10, "batch": 5119, "n_batches": 7774, "time": 1.443, "data_time": 0.0, "lr": 1e-05, "loss": -8.012, "recon_loss": -8.014, "kld_loss": 0.003, "kld_weight": 0.5}
{"message": "", "levelname": "INFO", "name": "Trainer", "asctime": "2026-04-29 16:59:32,518", "type": "train", "epoch": 10, "batch": 5159, "n_batches": 7774, "time": 0.758, "data_time": 0.0, "lr": 1e-05, "loss": -9.025, "recon_loss": -9.029, "kld_loss": 0.006, "kld_weight": 0.5}
{"message": "", "levelname": "INFO", "name": "Trainer", "asctime": "2026-04-29 16:59:40,446", "type": "train", "epoch": 10, "batch": 5199, "n_batches": 7774, "time": 0.595, "data_time": 0.0, "lr": 1e-05, "loss": -9.155, "recon_loss": -9.157, "kld_loss": 0.004, "kld_weight": 0.5}
{"message": "", "levelname": "INFO", "name": "Trainer", "asctime": "2026-04-29 16:59:49,085", "type": "train", "epoch": 10, "batch": 5239, "n_batches": 7774, "time": 0.594, "data_time": 0.0, "lr": 1e-05, "loss": -8.683, "recon_loss": -8.688, "kld_loss": 0.011, "kld_weight": 0.5}
{"message": "", "levelname": "INFO", "name": "Trainer", "asctime": "2026-04-29 16:59:56,696", "type": "train", "epoch": 10, "batch": 5279, "n_batches": 7774, "time": 0.37, "data_time": 0.0, "lr": 1e-05, "loss": -9.823, "recon_loss": -9.825, "kld_loss": 0.003, "kld_weight": 0.5}
{"message": "", "levelname": "INFO", "name": "Trainer", "asctime": "2026-04-29 17:00:05,138", "type": "train", "epoch": 10, "batch": 5319, "n_batches": 7774, "time": 0.927, "data_time": 0.0, "lr": 1e-05, "loss": -8.199, "recon_loss": -8.201, "kld_loss": 0.004, "kld_weight": 0.5}
{"message": "", "levelname": "INFO", "name": "Trainer", "asctime": "2026-04-29 17:00:13,628", "type": "train", "epoch": 10, "batch": 5359, "n_batches": 7774, "time": 0.853, "data_time": 0.0, "lr": 1e-05, "loss": -6.29, "recon_loss": -6.299, "kld_loss": 0.018, "kld_weight": 0.5}
{"message": "", "levelname": "INFO", "name": "Trainer", "asctime": "2026-04-29 17:00:21,173", "type": "train", "epoch": 10, "batch": 5399, "n_batches": 7774, "time": 0.621, "data_time": 0.0, "lr": 1e-05, "loss": -8.029, "recon_loss": -8.033, "kld_loss": 0.006, "kld_weight": 0.5}
{"message": "", "levelname": "INFO", "name": "Trainer", "asctime": "2026-04-29 17:00:28,451", "type": "train", "epoch": 10, "batch": 5439, "n_batches": 7774, "time": 0.825, "data_time": 0.0, "lr": 1e-05, "loss": -9.205, "recon_loss": -9.207, "kld_loss": 0.002, "kld_weight": 0.5}
{"message": "", "levelname": "INFO", "name": "Trainer", "asctime": "2026-04-29 17:00:36,627", "type": "train", "epoch": 10, "batch": 5479, "n_batches": 7774, "time": 0.693, "data_time": 0.0, "lr": 1e-05, "loss": -1.044, "recon_loss": -1.049, "kld_loss": 0.009, "kld_weight": 0.5}
{"message": "", "levelname": "INFO", "name": "Trainer", "asctime": "2026-04-29 17:00:45,342", "type": "train", "epoch": 10, "batch": 5519, "n_batches": 7774, "time": 0.822, "data_time": 0.0, "lr": 1e-05, "loss": -9.111, "recon_loss": -9.116, "kld_loss": 0.01, "kld_weight": 0.5}
{"message": "", "levelname": "INFO", "name": "Trainer", "asctime": "2026-04-29 17:00:54,849", "type": "train", "epoch": 10, "batch": 5559, "n_batches": 7774, "time": 0.829, "data_time": 0.0, "lr": 1e-05, "loss": -5.416, "recon_loss": -5.423, "kld_loss": 0.014, "kld_weight": 0.5}
{"message": "", "levelname": "INFO", "name": "Trainer", "asctime": "2026-04-29 17:01:04,357", "type": "train", "epoch": 10, "batch": 5599, "n_batches": 7774, "time": 0.628, "data_time": 0.0, "lr": 1e-05, "loss": -5.762, "recon_loss": -5.774, "kld_loss": 0.024, "kld_weight": 0.5}
{"message": "", "levelname": "INFO", "name": "Trainer", "asctime": "2026-04-29 17:01:12,869", "type": "train", "epoch": 10, "batch": 5639, "n_batches": 7774, "time": 1.707, "data_time": 0.0, "lr": 1e-05, "loss": -7.057, "recon_loss": -7.061, "kld_loss": 0.009, "kld_weight": 0.5}
{"message": "", "levelname": "INFO", "name": "Trainer", "asctime": "2026-04-29 17:01:20,288", "type": "train", "epoch": 10, "batch": 5679, "n_batches": 7774, "time": 0.846, "data_time": 0.0, "lr": 1e-05, "loss": -4.396, "recon_loss": -4.403, "kld_loss": 0.013, "kld_weight": 0.5}
{"message": "", "levelname": "INFO", "name": "Trainer", "asctime": "2026-04-29 17:01:27,649", "type": "train", "epoch": 10, "batch": 5719, "n_batches": 7774, "time": 0.73, "data_time": 0.0, "lr": 1e-05, "loss": -7.721, "recon_loss": -7.722, "kld_loss": 0.002, "kld_weight": 0.5}
{"message": "", "levelname": "INFO", "name": "Trainer", "asctime": "2026-04-29 17:01:36,214", "type": "train", "epoch": 10, "batch": 5759, "n_batches": 7774, "time": 1.555, "data_time": 0.0, "lr": 1e-05, "loss": -8.956, "recon_loss": -8.957, "kld_loss": 0.002, "kld_weight": 0.5}
{"message": "", "levelname": "INFO", "name": "Trainer", "asctime": "2026-04-29 17:01:44,578", "type": "train", "epoch": 10, "batch": 5799, "n_batches": 7774, "time": 0.947, "data_time": 0.0, "lr": 1e-05, "loss": -5.592, "recon_loss": -5.593, "kld_loss": 0.004, "kld_weight": 0.5}
{"message": "", "levelname": "INFO", "name": "Trainer", "asctime": "2026-04-29 17:01:51,757", "type": "train", "epoch": 10, "batch": 5839, "n_batches": 7774, "time": 0.683, "data_time": 0.0, "lr": 1e-05, "loss": -9.336, "recon_loss": -9.339, "kld_loss": 0.005, "kld_weight": 0.5}
{"message": "", "levelname": "INFO", "name": "Trainer", "asctime": "2026-04-29 17:01:59,795", "type": "train", "epoch": 10, "batch": 5879, "n_batches": 7774, "time": 0.679, "data_time": 0.0, "lr": 1e-05, "loss": -8.537, "recon_loss": -8.542, "kld_loss": 0.008, "kld_weight": 0.5}
{"message": "", "levelname": "INFO", "name": "Trainer", "asctime": "2026-04-29 17:02:07,051", "type": "train", "epoch": 10, "batch": 5919, "n_batches": 7774, "time": 0.792, "data_time": 0.0, "lr": 1e-05, "loss": -6.968, "recon_loss": -6.979, "kld_loss": 0.021, "kld_weight": 0.5}
{"message": "", "levelname": "INFO", "name": "Trainer", "asctime": "2026-04-29 17:02:14,993", "type": "train", "epoch": 10, "batch": 5959, "n_batches": 7774, "time": 0.901, "data_time": 0.0, "lr": 1e-05, "loss": -5.937, "recon_loss": -5.939, "kld_loss": 0.003, "kld_weight": 0.5}
{"message": "", "levelname": "INFO", "name": "Trainer", "asctime": "2026-04-29 17:02:23,054", "type": "train", "epoch": 10, "batch": 5999, "n_batches": 7774, "time": 0.854, "data_time": 0.0, "lr": 1e-05, "loss": -10.742, "recon_loss": -10.744, "kld_loss": 0.004, "kld_weight": 0.5}
{"message": "", "levelname": "INFO", "name": "Trainer", "asctime": "2026-04-29 17:02:31,778", "type": "train", "epoch": 10, "batch": 6039, "n_batches": 7774, "time": 0.932, "data_time": 0.0, "lr": 1e-05, "loss": 0.179, "recon_loss": 0.104, "kld_loss": 0.15, "kld_weight": 0.5}
{"message": "", "levelname": "INFO", "name": "Trainer", "asctime": "2026-04-29 17:02:40,425", "type": "train", "epoch": 10, "batch": 6079, "n_batches": 7774, "time": 0.76, "data_time": 0.0, "lr": 1e-05, "loss": -9.215, "recon_loss": -9.218, "kld_loss": 0.006, "kld_weight": 0.5}
{"message": "", "levelname": "INFO", "name": "Trainer", "asctime": "2026-04-29 17:02:49,135", "type": "train", "epoch": 10, "batch": 6119, "n_batches": 7774, "time": 1.421, "data_time": 0.0, "lr": 1e-05, "loss": -9.296, "recon_loss": -9.297, "kld_loss": 0.002, "kld_weight": 0.5}
{"message": "", "levelname": "INFO", "name": "Trainer", "asctime": "2026-04-29 17:02:56,982", "type": "train", "epoch": 10, "batch": 6159, "n_batches": 7774, "time": 0.738, "data_time": 0.0, "lr": 1e-05, "loss": -7.931, "recon_loss": -7.935, "kld_loss": 0.009, "kld_weight": 0.5}
{"message": "", "levelname": "INFO", "name": "Trainer", "asctime": "2026-04-29 17:03:04,980", "type": "train", "epoch": 10, "batch": 6199, "n_batches": 7774, "time": 0.625, "data_time": 0.0, "lr": 1e-05, "loss": -6.65, "recon_loss": -6.656, "kld_loss": 0.012, "kld_weight": 0.5}
{"message": "", "levelname": "INFO", "name": "Trainer", "asctime": "2026-04-29 17:03:13,208", "type": "train", "epoch": 10, "batch": 6239, "n_batches": 7774, "time": 0.933, "data_time": 0.0, "lr": 1e-05, "loss": -11.115, "recon_loss": -11.116, "kld_loss": 0.002, "kld_weight": 0.5}
{"message": "", "levelname": "INFO", "name": "Trainer", "asctime": "2026-04-29 17:03:21,943", "type": "train", "epoch": 10, "batch": 6279, "n_batches": 7774, "time": 0.74, "data_time": 0.0, "lr": 1e-05, "loss": -9.607, "recon_loss": -9.608, "kld_loss": 0.001, "kld_weight": 0.5}
{"message": "", "levelname": "INFO", "name": "Trainer", "asctime": "2026-04-29 17:03:29,803", "type": "train", "epoch": 10, "batch": 6319, "n_batches": 7774, "time": 1.422, "data_time": 0.0, "lr": 1e-05, "loss": -5.077, "recon_loss": -5.079, "kld_loss": 0.005, "kld_weight": 0.5}
{"message": "", "levelname": "INFO", "name": "Trainer", "asctime": "2026-04-29 17:03:37,316", "type": "train", "epoch": 10, "batch": 6359, "n_batches": 7774, "time": 0.514, "data_time": 0.0, "lr": 1e-05, "loss": -5.992, "recon_loss": -5.997, "kld_loss": 0.011, "kld_weight": 0.5}
{"message": "", "levelname": "INFO", "name": "Trainer", "asctime": "2026-04-29 17:03:45,565", "type": "train", "epoch": 10, "batch": 6399, "n_batches": 7774, "time": 0.664, "data_time": 0.0, "lr": 1e-05, "loss": -4.25, "recon_loss": -4.257, "kld_loss": 0.015, "kld_weight": 0.5}
{"message": "", "levelname": "INFO", "name": "Trainer", "asctime": "2026-04-29 17:03:55,683", "type": "train", "epoch": 10, "batch": 6439, "n_batches": 7774, "time": 1.384, "data_time": 0.0, "lr": 1e-05, "loss": -6.091, "recon_loss": -6.093, "kld_loss": 0.006, "kld_weight": 0.5}
{"message": "", "levelname": "INFO", "name": "Trainer", "asctime": "2026-04-29 17:04:04,030", "type": "train", "epoch": 10, "batch": 6479, "n_batches": 7774, "time": 0.792, "data_time": 0.0, "lr": 1e-05, "loss": -3.053, "recon_loss": -3.072, "kld_loss": 0.038, "kld_weight": 0.5}
{"message": "", "levelname": "INFO", "name": "Trainer", "asctime": "2026-04-29 17:04:11,865", "type": "train", "epoch": 10, "batch": 6519, "n_batches": 7774, "time": 0.6, "data_time": 0.0, "lr": 1e-05, "loss": -8.043, "recon_loss": -8.047, "kld_loss": 0.01, "kld_weight": 0.5}
{"message": "", "levelname": "INFO", "name": "Trainer", "asctime": "2026-04-29 17:04:19,685", "type": "train", "epoch": 10, "batch": 6559, "n_batches": 7774, "time": 0.704, "data_time": 0.0, "lr": 1e-05, "loss": -7.992, "recon_loss": -7.994, "kld_loss": 0.004, "kld_weight": 0.5}
{"message": "", "levelname": "INFO", "name": "Trainer", "asctime": "2026-04-29 17:04:29,184", "type": "train", "epoch": 10, "batch": 6599, "n_batches": 7774, "time": 0.698, "data_time": 0.0, "lr": 1e-05, "loss": -9.946, "recon_loss": -9.948, "kld_loss": 0.003, "kld_weight": 0.5}
{"message": "", "levelname": "INFO", "name": "Trainer", "asctime": "2026-04-29 17:04:38,000", "type": "train", "epoch": 10, "batch": 6639, "n_batches": 7774, "time": 0.869, "data_time": 0.0, "lr": 1e-05, "loss": -9.856, "recon_loss": -9.857, "kld_loss": 0.002, "kld_weight": 0.5}
{"message": "", "levelname": "INFO", "name": "Trainer", "asctime": "2026-04-29 17:04:45,462", "type": "train", "epoch": 10, "batch": 6679, "n_batches": 7774, "time": 0.78, "data_time": 0.0, "lr": 1e-05, "loss": -10.45, "recon_loss": -10.452, "kld_loss": 0.003, "kld_weight": 0.5}
{"message": "", "levelname": "INFO", "name": "Trainer", "asctime": "2026-04-29 17:04:52,573", "type": "train", "epoch": 10, "batch": 6719, "n_batches": 7774, "time": 0.985, "data_time": 0.0, "lr": 1e-05, "loss": -10.339, "recon_loss": -10.34, "kld_loss": 0.003, "kld_weight": 0.5}
{"message": "", "levelname": "INFO", "name": "Trainer", "asctime": "2026-04-29 17:05:00,319", "type": "train", "epoch": 10, "batch": 6759, "n_batches": 7774, "time": 0.699, "data_time": 0.0, "lr": 1e-05, "loss": -6.14, "recon_loss": -6.142, "kld_loss": 0.004, "kld_weight": 0.5}
{"message": "", "levelname": "INFO", "name": "Trainer", "asctime": "2026-04-29 17:05:08,887", "type": "train", "epoch": 10, "batch": 6799, "n_batches": 7774, "time": 0.565, "data_time": 0.0, "lr": 1e-05, "loss": -10.951, "recon_loss": -10.952, "kld_loss": 0.002, "kld_weight": 0.5}
{"message": "", "levelname": "INFO", "name": "Trainer", "asctime": "2026-04-29 17:05:17,816", "type": "train", "epoch": 10, "batch": 6839, "n_batches": 7774, "time": 0.707, "data_time": 0.0, "lr": 1e-05, "loss": -7.276, "recon_loss": -7.283, "kld_loss": 0.014, "kld_weight": 0.5}
{"message": "", "levelname": "INFO", "name": "Trainer", "asctime": "2026-04-29 17:05:27,478", "type": "train", "epoch": 10, "batch": 6879, "n_batches": 7774, "time": 1.859, "data_time": 0.0, "lr": 1e-05, "loss": -6.344, "recon_loss": -6.349, "kld_loss": 0.01, "kld_weight": 0.5}
{"message": "", "levelname": "INFO", "name": "Trainer", "asctime": "2026-04-29 17:05:35,466", "type": "train", "epoch": 10, "batch": 6919, "n_batches": 7774, "time": 0.607, "data_time": 0.0, "lr": 1e-05, "loss": -7.032, "recon_loss": -7.035, "kld_loss": 0.006, "kld_weight": 0.5}
{"message": "", "levelname": "INFO", "name": "Trainer", "asctime": "2026-04-29 17:05:43,891", "type": "train", "epoch": 10, "batch": 6959, "n_batches": 7774, "time": 1.702, "data_time": 0.0, "lr": 1e-05, "loss": -8.553, "recon_loss": -8.557, "kld_loss": 0.008, "kld_weight": 0.5}
{"message": "", "levelname": "INFO", "name": "Trainer", "asctime": "2026-04-29 17:05:54,388", "type": "train", "epoch": 10, "batch": 6999, "n_batches": 7774, "time": 0.799, "data_time": 0.0, "lr": 1e-05, "loss": -11.14, "recon_loss": -11.141, "kld_loss": 0.002, "kld_weight": 0.5}
{"message": "", "levelname": "INFO", "name": "Trainer", "asctime": "2026-04-29 17:06:02,502", "type": "train", "epoch": 10, "batch": 7039, "n_batches": 7774, "time": 0.94, "data_time": 0.0, "lr": 1e-05, "loss": -9.283, "recon_loss": -9.284, "kld_loss": 0.003, "kld_weight": 0.5}
{"message": "", "levelname": "INFO", "name": "Trainer", "asctime": "2026-04-29 17:06:11,045", "type": "train", "epoch": 10, "batch": 7079, "n_batches": 7774, "time": 0.976, "data_time": 0.0, "lr": 1e-05, "loss": -5.038, "recon_loss": -5.047, "kld_loss": 0.017, "kld_weight": 0.5}
{"message": "", "levelname": "INFO", "name": "Trainer", "asctime": "2026-04-29 17:06:18,673", "type": "train", "epoch": 10, "batch": 7119, "n_batches": 7774, "time": 0.675, "data_time": 0.0, "lr": 1e-05, "loss": -9.13, "recon_loss": -9.132, "kld_loss": 0.004, "kld_weight": 0.5}
{"message": "", "levelname": "INFO", "name": "Trainer", "asctime": "2026-04-29 17:06:26,686", "type": "train", "epoch": 10, "batch": 7159, "n_batches": 7774, "time": 0.876, "data_time": 0.0, "lr": 1e-05, "loss": -6.355, "recon_loss": -6.364, "kld_loss": 0.018, "kld_weight": 0.5}
{"message": "", "levelname": "INFO", "name": "Trainer", "asctime": "2026-04-29 17:06:36,441", "type": "train", "epoch": 10, "batch": 7199, "n_batches": 7774, "time": 1.066, "data_time": 0.0, "lr": 1e-05, "loss": -8.537, "recon_loss": -8.537, "kld_loss": 0.002, "kld_weight": 0.5}
{"message": "", "levelname": "INFO", "name": "Trainer", "asctime": "2026-04-29 17:06:45,540", "type": "train", "epoch": 10, "batch": 7239, "n_batches": 7774, "time": 1.181, "data_time": 0.0, "lr": 1e-05, "loss": -7.859, "recon_loss": -7.862, "kld_loss": 0.006, "kld_weight": 0.5}
{"message": "", "levelname": "INFO", "name": "Trainer", "asctime": "2026-04-29 17:06:55,322", "type": "train", "epoch": 10, "batch": 7279, "n_batches": 7774, "time": 1.001, "data_time": 0.0, "lr": 1e-05, "loss": -4.942, "recon_loss": -4.949, "kld_loss": 0.013, "kld_weight": 0.5}
{"message": "", "levelname": "INFO", "name": "Trainer", "asctime": "2026-04-29 17:07:03,498", "type": "train", "epoch": 10, "batch": 7319, "n_batches": 7774, "time": 0.734, "data_time": 0.0, "lr": 1e-05, "loss": -6.81, "recon_loss": -6.812, "kld_loss": 0.006, "kld_weight": 0.5}
{"message": "", "levelname": "INFO", "name": "Trainer", "asctime": "2026-04-29 17:07:10,846", "type": "train", "epoch": 10, "batch": 7359, "n_batches": 7774, "time": 0.65, "data_time": 0.0, "lr": 1e-05, "loss": -8.17, "recon_loss": -8.176, "kld_loss": 0.012, "kld_weight": 0.5}
{"message": "", "levelname": "INFO", "name": "Trainer", "asctime": "2026-04-29 17:07:19,375", "type": "train", "epoch": 10, "batch": 7399, "n_batches": 7774, "time": 0.722, "data_time": 0.0, "lr": 1e-05, "loss": -7.484, "recon_loss": -7.492, "kld_loss": 0.016, "kld_weight": 0.5}
{"message": "", "levelname": "INFO", "name": "Trainer", "asctime": "2026-04-29 17:07:28,771", "type": "train", "epoch": 10, "batch": 7439, "n_batches": 7774, "time": 1.568, "data_time": 0.0, "lr": 1e-05, "loss": -11.443, "recon_loss": -11.444, "kld_loss": 0.003, "kld_weight": 0.5}
{"message": "", "levelname": "INFO", "name": "Trainer", "asctime": "2026-04-29 17:07:37,412", "type": "train", "epoch": 10, "batch": 7479, "n_batches": 7774, "time": 0.853, "data_time": 0.0, "lr": 1e-05, "loss": -10.573, "recon_loss": -10.574, "kld_loss": 0.003, "kld_weight": 0.5}
{"message": "", "levelname": "INFO", "name": "Trainer", "asctime": "2026-04-29 17:07:44,792", "type": "train", "epoch": 10, "batch": 7519, "n_batches": 7774, "time": 0.842, "data_time": 0.0, "lr": 1e-05, "loss": -6.873, "recon_loss": -6.883, "kld_loss": 0.019, "kld_weight": 0.5}
{"message": "", "levelname": "INFO", "name": "Trainer", "asctime": "2026-04-29 17:07:54,154", "type": "train", "epoch": 10, "batch": 7559, "n_batches": 7774, "time": 1.289, "data_time": 0.0, "lr": 1e-05, "loss": -7.107, "recon_loss": -7.112, "kld_loss": 0.009, "kld_weight": 0.5}
{"message": "", "levelname": "INFO", "name": "Trainer", "asctime": "2026-04-29 17:08:01,557", "type": "train", "epoch": 10, "batch": 7599, "n_batches": 7774, "time": 0.793, "data_time": 0.0, "lr": 1e-05, "loss": -0.597, "recon_loss": -0.632, "kld_loss": 0.071, "kld_weight": 0.5}
{"message": "", "levelname": "INFO", "name": "Trainer", "asctime": "2026-04-29 17:08:09,966", "type": "train", "epoch": 10, "batch": 7639, "n_batches": 7774, "time": 0.812, "data_time": 0.0, "lr": 1e-05, "loss": -4.397, "recon_loss": -4.399, "kld_loss": 0.005, "kld_weight": 0.5}
{"message": "", "levelname": "INFO", "name": "Trainer", "asctime": "2026-04-29 17:08:17,696", "type": "train", "epoch": 10, "batch": 7679, "n_batches": 7774, "time": 0.636, "data_time": 0.0, "lr": 1e-05, "loss": -10.84, "recon_loss": -10.841, "kld_loss": 0.002, "kld_weight": 0.5}
{"message": "", "levelname": "INFO", "name": "Trainer", "asctime": "2026-04-29 17:08:27,835", "type": "train", "epoch": 10, "batch": 7719, "n_batches": 7774, "time": 0.831, "data_time": 0.0, "lr": 1e-05, "loss": -9.475, "recon_loss": -9.477, "kld_loss": 0.005, "kld_weight": 0.5}
{"message": "", "levelname": "INFO", "name": "Trainer", "asctime": "2026-04-29 17:08:36,959", "type": "train", "epoch": 10, "batch": 7759, "n_batches": 7774, "time": 0.647, "data_time": 0.0, "lr": 1e-05, "loss": -7.476, "recon_loss": -7.479, "kld_loss": 0.006, "kld_weight": 0.5}
{"message": "", "levelname": "INFO", "name": "Trainer", "asctime": "2026-04-29 17:08:39,665", "type": "train-epoch", "epoch": 11, "loss": -1.85945, "recon_loss": -1.86047, "kld_loss": 0.00203, "kld_weight": 0.5, "time": 1628.5}
{"message": "", "levelname": "INFO", "name": "Trainer", "asctime": "2026-04-29 17:11:48,328", "type": "val-epoch", "epoch": 11, "loss": -1.927, "test_loss": -1.828, "recon_loss": -1.928, "kld_loss": 0.002, "kld_weight": 0.5, "note": "loss is teacher-forced CVAE objective; test_loss is prior-only reconstruction", "time": 188.7}
{"message": "", "levelname": "INFO", "name": "Trainer", "asctime": "2026-04-29 17:11:56,832", "type": "train", "epoch": 11, "batch": 39, "n_batches": 7774, "time": 0.803, "data_time": 0.0, "lr": 1e-05, "loss": -8.376, "recon_loss": -8.383, "kld_loss": 0.015, "kld_weight": 0.5}
{"message": "", "levelname": "INFO", "name": "Trainer", "asctime": "2026-04-29 17:12:06,790", "type": "train", "epoch": 11, "batch": 79, "n_batches": 7774, "time": 0.92, "data_time": 0.0, "lr": 1e-05, "loss": -8.2, "recon_loss": -8.203, "kld_loss": 0.006, "kld_weight": 0.5}
{"message": "", "levelname": "INFO", "name": "Trainer", "asctime": "2026-04-29 17:12:15,664", "type": "train", "epoch": 11, "batch": 119, "n_batches": 7774, "time": 0.706, "data_time": 0.0, "lr": 1e-05, "loss": -9.846, "recon_loss": -9.847, "kld_loss": 0.002, "kld_weight": 0.5}
{"message": "", "levelname": "INFO", "name": "Trainer", "asctime": "2026-04-29 17:12:24,877", "type": "train", "epoch": 11, "batch": 159, "n_batches": 7774, "time": 0.908, "data_time": 0.0, "lr": 1e-05, "loss": -7.116, "recon_loss": -7.124, "kld_loss": 0.016, "kld_weight": 0.5}
{"message": "", "levelname": "INFO", "name": "Trainer", "asctime": "2026-04-29 17:12:34,394", "type": "train", "epoch": 11, "batch": 199, "n_batches": 7774, "time": 1.675, "data_time": 0.0, "lr": 1e-05, "loss": -9.247, "recon_loss": -9.252, "kld_loss": 0.009, "kld_weight": 0.5}
{"message": "", "levelname": "INFO", "name": "Trainer", "asctime": "2026-04-29 17:12:43,876", "type": "train", "epoch": 11, "batch": 239, "n_batches": 7774, "time": 0.908, "data_time": 0.0, "lr": 1e-05, "loss": -4.044, "recon_loss": -4.055, "kld_loss": 0.022, "kld_weight": 0.5}
{"message": "", "levelname": "INFO", "name": "Trainer", "asctime": "2026-04-29 17:12:51,733", "type": "train", "epoch": 11, "batch": 279, "n_batches": 7774, "time": 0.77, "data_time": 0.0, "lr": 1e-05, "loss": -10.565, "recon_loss": -10.566, "kld_loss": 0.004, "kld_weight": 0.5}
{"message": "", "levelname": "INFO", "name": "Trainer", "asctime": "2026-04-29 17:12:58,987", "type": "train", "epoch": 11, "batch": 319, "n_batches": 7774, "time": 0.549, "data_time": 0.0, "lr": 1e-05, "loss": -3.637, "recon_loss": -3.64, "kld_loss": 0.006, "kld_weight": 0.5}
{"message": "", "levelname": "INFO", "name": "Trainer", "asctime": "2026-04-29 17:13:07,230", "type": "train", "epoch": 11, "batch": 359, "n_batches": 7774, "time": 0.714, "data_time": 0.0, "lr": 1e-05, "loss": -6.375, "recon_loss": -6.377, "kld_loss": 0.005, "kld_weight": 0.5}
{"message": "", "levelname": "INFO", "name": "Trainer", "asctime": "2026-04-29 17:13:17,272", "type": "train", "epoch": 11, "batch": 399, "n_batches": 7774, "time": 0.991, "data_time": 0.0, "lr": 1e-05, "loss": -8.549, "recon_loss": -8.551, "kld_loss": 0.003, "kld_weight": 0.5}
{"message": "", "levelname": "INFO", "name": "Trainer", "asctime": "2026-04-29 17:13:26,200", "type": "train", "epoch": 11, "batch": 439, "n_batches": 7774, "time": 0.667, "data_time": 0.0, "lr": 1e-05, "loss": -7.559, "recon_loss": -7.567, "kld_loss": 0.017, "kld_weight": 0.5}
{"message": "", "levelname": "INFO", "name": "Trainer", "asctime": "2026-04-29 17:13:34,789", "type": "train", "epoch": 11, "batch": 479, "n_batches": 7774, "time": 0.831, "data_time": 0.0, "lr": 1e-05, "loss": -12.148, "recon_loss": -12.149, "kld_loss": 0.001, "kld_weight": 0.5}
{"message": "", "levelname": "INFO", "name": "Trainer", "asctime": "2026-04-29 17:13:42,801", "type": "train", "epoch": 11, "batch": 519, "n_batches": 7774, "time": 1.435, "data_time": 0.0, "lr": 1e-05, "loss": -11.235, "recon_loss": -11.236, "kld_loss": 0.002, "kld_weight": 0.5}
{"message": "", "levelname": "INFO", "name": "Trainer", "asctime": "2026-04-29 17:13:52,098", "type": "train", "epoch": 11, "batch": 559, "n_batches": 7774, "time": 0.845, "data_time": 0.0, "lr": 1e-05, "loss": -8.977, "recon_loss": -8.978, "kld_loss": 0.003, "kld_weight": 0.5}
{"message": "", "levelname": "INFO", "name": "Trainer", "asctime": "2026-04-29 17:14:00,246", "type": "train", "epoch": 11, "batch": 599, "n_batches": 7774, "time": 0.56, "data_time": 0.0, "lr": 1e-05, "loss": -9.484, "recon_loss": -9.487, "kld_loss": 0.007, "kld_weight": 0.5}
{"message": "", "levelname": "INFO", "name": "Trainer", "asctime": "2026-04-29 17:14:09,169", "type": "train", "epoch": 11, "batch": 639, "n_batches": 7774, "time": 0.56, "data_time": 0.0, "lr": 1e-05, "loss": -7.771, "recon_loss": -7.773, "kld_loss": 0.003, "kld_weight": 0.5}
{"message": "", "levelname": "INFO", "name": "Trainer", "asctime": "2026-04-29 17:14:16,706", "type": "train", "epoch": 11, "batch": 679, "n_batches": 7774, "time": 0.683, "data_time": 0.0, "lr": 1e-05, "loss": -7.558, "recon_loss": -7.559, "kld_loss": 0.003, "kld_weight": 0.5}
{"message": "", "levelname": "INFO", "name": "Trainer", "asctime": "2026-04-29 17:14:26,820", "type": "train", "epoch": 11, "batch": 719, "n_batches": 7774, "time": 0.951, "data_time": 0.001, "lr": 1e-05, "loss": -8.579, "recon_loss": -8.581, "kld_loss": 0.005, "kld_weight": 0.5}
{"message": "", "levelname": "INFO", "name": "Trainer", "asctime": "2026-04-29 17:14:34,325", "type": "train", "epoch": 11, "batch": 759, "n_batches": 7774, "time": 0.757, "data_time": 0.0, "lr": 1e-05, "loss": -9.821, "recon_loss": -9.822, "kld_loss": 0.002, "kld_weight": 0.5}
{"message": "", "levelname": "INFO", "name": "Trainer", "asctime": "2026-04-29 17:14:43,498", "type": "train", "epoch": 11, "batch": 799, "n_batches": 7774, "time": 0.77, "data_time": 0.0, "lr": 1e-05, "loss": -5.431, "recon_loss": -5.437, "kld_loss": 0.011, "kld_weight": 0.5}
{"message": "", "levelname": "INFO", "name": "Trainer", "asctime": "2026-04-29 17:14:51,128", "type": "train", "epoch": 11, "batch": 839, "n_batches": 7774, "time": 0.829, "data_time": 0.0, "lr": 1e-05, "loss": -8.31, "recon_loss": -8.314, "kld_loss": 0.008, "kld_weight": 0.5}
{"message": "", "levelname": "INFO", "name": "Trainer", "asctime": "2026-04-29 17:14:59,984", "type": "train", "epoch": 11, "batch": 879, "n_batches": 7774, "time": 1.354, "data_time": 0.0, "lr": 1e-05, "loss": -1.072, "recon_loss": -1.079, "kld_loss": 0.013, "kld_weight": 0.5}
{"message": "", "levelname": "INFO", "name": "Trainer", "asctime": "2026-04-29 17:15:07,973", "type": "train", "epoch": 11, "batch": 919, "n_batches": 7774, "time": 0.68, "data_time": 0.0, "lr": 1e-05, "loss": -5.688, "recon_loss": -5.691, "kld_loss": 0.007, "kld_weight": 0.5}
{"message": "", "levelname": "INFO", "name": "Trainer", "asctime": "2026-04-29 17:15:16,598", "type": "train", "epoch": 11, "batch": 959, "n_batches": 7774, "time": 0.562, "data_time": 0.0, "lr": 1e-05, "loss": -8.456, "recon_loss": -8.459, "kld_loss": 0.006, "kld_weight": 0.5}
{"message": "", "levelname": "INFO", "name": "Trainer", "asctime": "2026-04-29 17:15:24,706", "type": "train", "epoch": 11, "batch": 999, "n_batches": 7774, "time": 0.749, "data_time": 0.0, "lr": 1e-05, "loss": -7.033, "recon_loss": -7.037, "kld_loss": 0.008, "kld_weight": 0.5}
{"message": "", "levelname": "INFO", "name": "Trainer", "asctime": "2026-04-29 17:15:34,193", "type": "train", "epoch": 11, "batch": 1039, "n_batches": 7774, "time": 0.819, "data_time": 0.0, "lr": 1e-05, "loss": -9.746, "recon_loss": -9.748, "kld_loss": 0.004, "kld_weight": 0.5}
{"message": "", "levelname": "INFO", "name": "Trainer", "asctime": "2026-04-29 17:15:43,109", "type": "train", "epoch": 11, "batch": 1079, "n_batches": 7774, "time": 1.125, "data_time": 0.0, "lr": 1e-05, "loss": -8.802, "recon_loss": -8.804, "kld_loss": 0.003, "kld_weight": 0.5}
{"message": "", "levelname": "INFO", "name": "Trainer", "asctime": "2026-04-29 17:15:52,538", "type": "train", "epoch": 11, "batch": 1119, "n_batches": 7774, "time": 0.833, "data_time": 0.0, "lr": 1e-05, "loss": -8.09, "recon_loss": -8.093, "kld_loss": 0.007, "kld_weight": 0.5}
{"message": "", "levelname": "INFO", "name": "Trainer", "asctime": "2026-04-29 17:16:03,194", "type": "train", "epoch": 11, "batch": 1159, "n_batches": 7774, "time": 1.388, "data_time": 0.0, "lr": 1e-05, "loss": -8.721, "recon_loss": -8.725, "kld_loss": 0.009, "kld_weight": 0.5}
{"message": "", "levelname": "INFO", "name": "Trainer", "asctime": "2026-04-29 17:16:10,561", "type": "train", "epoch": 11, "batch": 1199, "n_batches": 7774, "time": 0.809, "data_time": 0.0, "lr": 1e-05, "loss": -10.733, "recon_loss": -10.734, "kld_loss": 0.002, "kld_weight": 0.5}
{"message": "", "levelname": "INFO", "name": "Trainer", "asctime": "2026-04-29 17:16:19,958", "type": "train", "epoch": 11, "batch": 1239, "n_batches": 7774, "time": 0.793, "data_time": 0.0, "lr": 1e-05, "loss": -4.347, "recon_loss": -4.352, "kld_loss": 0.01, "kld_weight": 0.5}
{"message": "", "levelname": "INFO", "name": "Trainer", "asctime": "2026-04-29 17:16:32,078", "type": "train", "epoch": 11, "batch": 1279, "n_batches": 7774, "time": 0.793, "data_time": 0.0, "lr": 1e-05, "loss": -10.689, "recon_loss": -10.691, "kld_loss": 0.002, "kld_weight": 0.5}
{"message": "", "levelname": "INFO", "name": "Trainer", "asctime": "2026-04-29 17:16:40,488", "type": "train", "epoch": 11, "batch": 1319, "n_batches": 7774, "time": 0.912, "data_time": 0.0, "lr": 1e-05, "loss": -8.782, "recon_loss": -8.784, "kld_loss": 0.004, "kld_weight": 0.5}
{"message": "", "levelname": "INFO", "name": "Trainer", "asctime": "2026-04-29 17:16:48,648", "type": "train", "epoch": 11, "batch": 1359, "n_batches": 7774, "time": 0.699, "data_time": 0.0, "lr": 1e-05, "loss": -7.685, "recon_loss": -7.687, "kld_loss": 0.003, "kld_weight": 0.5}
{"message": "", "levelname": "INFO", "name": "Trainer", "asctime": "2026-04-29 17:16:56,465", "type": "train", "epoch": 11, "batch": 1399, "n_batches": 7774, "time": 0.755, "data_time": 0.0, "lr": 1e-05, "loss": -7.261, "recon_loss": -7.268, "kld_loss": 0.014, "kld_weight": 0.5}
{"message": "", "levelname": "INFO", "name": "Trainer", "asctime": "2026-04-29 17:17:05,389", "type": "train", "epoch": 11, "batch": 1439, "n_batches": 7774, "time": 0.692, "data_time": 0.0, "lr": 1e-05, "loss": -7.575, "recon_loss": -7.578, "kld_loss": 0.005, "kld_weight": 0.5}
{"message": "", "levelname": "INFO", "name": "Trainer", "asctime": "2026-04-29 17:17:13,954", "type": "train", "epoch": 11, "batch": 1479, "n_batches": 7774, "time": 0.772, "data_time": 0.0, "lr": 1e-05, "loss": -2.386, "recon_loss": -2.391, "kld_loss": 0.011, "kld_weight": 0.5}
{"message": "", "levelname": "INFO", "name": "Trainer", "asctime": "2026-04-29 17:17:21,605", "type": "train", "epoch": 11, "batch": 1519, "n_batches": 7774, "time": 0.908, "data_time": 0.0, "lr": 1e-05, "loss": -7.838, "recon_loss": -7.841, "kld_loss": 0.005, "kld_weight": 0.5}
{"message": "", "levelname": "INFO", "name": "Trainer", "asctime": "2026-04-29 17:17:29,263", "type": "train", "epoch": 11, "batch": 1559, "n_batches": 7774, "time": 0.793, "data_time": 0.0, "lr": 1e-05, "loss": -8.242, "recon_loss": -8.246, "kld_loss": 0.009, "kld_weight": 0.5}
{"message": "", "levelname": "INFO", "name": "Trainer", "asctime": "2026-04-29 17:17:37,473", "type": "train", "epoch": 11, "batch": 1599, "n_batches": 7774, "time": 0.776, "data_time": 0.0, "lr": 1e-05, "loss": -7.183, "recon_loss": -7.187, "kld_loss": 0.006, "kld_weight": 0.5}
{"message": "", "levelname": "INFO", "name": "Trainer", "asctime": "2026-04-29 17:17:46,808", "type": "train", "epoch": 11, "batch": 1639, "n_batches": 7774, "time": 1.407, "data_time": 0.0, "lr": 1e-05, "loss": -8.832, "recon_loss": -8.833, "kld_loss": 0.003, "kld_weight": 0.5}
{"message": "", "levelname": "INFO", "name": "Trainer", "asctime": "2026-04-29 17:17:55,609", "type": "train", "epoch": 11, "batch": 1679, "n_batches": 7774, "time": 0.901, "data_time": 0.0, "lr": 1e-05, "loss": -5.764, "recon_loss": -5.772, "kld_loss": 0.016, "kld_weight": 0.5}
{"message": "", "levelname": "INFO", "name": "Trainer", "asctime": "2026-04-29 17:18:03,621", "type": "train", "epoch": 11, "batch": 1719, "n_batches": 7774, "time": 0.565, "data_time": 0.0, "lr": 1e-05, "loss": -10.364, "recon_loss": -10.365, "kld_loss": 0.002, "kld_weight": 0.5}
{"message": "", "levelname": "INFO", "name": "Trainer", "asctime": "2026-04-29 17:18:13,190", "type": "train", "epoch": 11, "batch": 1759, "n_batches": 7774, "time": 0.702, "data_time": 0.0, "lr": 1e-05, "loss": -8.335, "recon_loss": -8.338, "kld_loss": 0.007, "kld_weight": 0.5}
{"message": "", "levelname": "INFO", "name": "Trainer", "asctime": "2026-04-29 17:18:22,877", "type": "train", "epoch": 11, "batch": 1799, "n_batches": 7774, "time": 0.815, "data_time": 0.0, "lr": 1e-05, "loss": -6.139, "recon_loss": -6.143, "kld_loss": 0.007, "kld_weight": 0.5}
{"message": "", "levelname": "INFO", "name": "Trainer", "asctime": "2026-04-29 17:18:30,596", "type": "train", "epoch": 11, "batch": 1839, "n_batches": 7774, "time": 0.77, "data_time": 0.0, "lr": 1e-05, "loss": -6.783, "recon_loss": -6.786, "kld_loss": 0.006, "kld_weight": 0.5}
{"message": "", "levelname": "INFO", "name": "Trainer", "asctime": "2026-04-29 17:18:39,361", "type": "train", "epoch": 11, "batch": 1879, "n_batches": 7774, "time": 0.794, "data_time": 0.0, "lr": 1e-05, "loss": -6.236, "recon_loss": -6.243, "kld_loss": 0.014, "kld_weight": 0.5}
{"message": "", "levelname": "INFO", "name": "Trainer", "asctime": "2026-04-29 17:18:48,990", "type": "train", "epoch": 11, "batch": 1919, "n_batches": 7774, "time": 0.759, "data_time": 0.0, "lr": 1e-05, "loss": -2.023, "recon_loss": -2.026, "kld_loss": 0.007, "kld_weight": 0.5}
{"message": "", "levelname": "INFO", "name": "Trainer", "asctime": "2026-04-29 17:18:57,778", "type": "train", "epoch": 11, "batch": 1959, "n_batches": 7774, "time": 1.882, "data_time": 0.0, "lr": 1e-05, "loss": -5.644, "recon_loss": -5.646, "kld_loss": 0.004, "kld_weight": 0.5}
{"message": "", "levelname": "INFO", "name": "Trainer", "asctime": "2026-04-29 17:19:05,866", "type": "train", "epoch": 11, "batch": 1999, "n_batches": 7774, "time": 0.841, "data_time": 0.0, "lr": 1e-05, "loss": -8.444, "recon_loss": -8.445, "kld_loss": 0.002, "kld_weight": 0.5}
{"message": "", "levelname": "INFO", "name": "Trainer", "asctime": "2026-04-29 17:19:15,337", "type": "train", "epoch": 11, "batch": 2039, "n_batches": 7774, "time": 0.868, "data_time": 0.0, "lr": 1e-05, "loss": -4.653, "recon_loss": -4.664, "kld_loss": 0.021, "kld_weight": 0.5}
{"message": "", "levelname": "INFO", "name": "Trainer", "asctime": "2026-04-29 17:19:23,316", "type": "train", "epoch": 11, "batch": 2079, "n_batches": 7774, "time": 0.724, "data_time": 0.0, "lr": 1e-05, "loss": -7.52, "recon_loss": -7.522, "kld_loss": 0.005, "kld_weight": 0.5}
{"message": "", "levelname": "INFO", "name": "Trainer", "asctime": "2026-04-29 17:19:32,115", "type": "train", "epoch": 11, "batch": 2119, "n_batches": 7774, "time": 1.621, "data_time": 0.0, "lr": 1e-05, "loss": -8.093, "recon_loss": -8.096, "kld_loss": 0.005, "kld_weight": 0.5}
{"message": "", "levelname": "INFO", "name": "Trainer", "asctime": "2026-04-29 17:19:40,098", "type": "train", "epoch": 11, "batch": 2159, "n_batches": 7774, "time": 0.71, "data_time": 0.0, "lr": 1e-05, "loss": -6.346, "recon_loss": -6.354, "kld_loss": 0.016, "kld_weight": 0.5}
{"message": "", "levelname": "INFO", "name": "Trainer", "asctime": "2026-04-29 17:19:48,222", "type": "train", "epoch": 11, "batch": 2199, "n_batches": 7774, "time": 0.897, "data_time": 0.0, "lr": 1e-05, "loss": -6.948, "recon_loss": -6.955, "kld_loss": 0.014, "kld_weight": 0.5}
{"message": "", "levelname": "INFO", "name": "Trainer", "asctime": "2026-04-29 17:19:56,733", "type": "train", "epoch": 11, "batch": 2239, "n_batches": 7774, "time": 0.838, "data_time": 0.0, "lr": 1e-05, "loss": -7.367, "recon_loss": -7.371, "kld_loss": 0.008, "kld_weight": 0.5}
{"message": "", "levelname": "INFO", "name": "Trainer", "asctime": "2026-04-29 17:20:05,014", "type": "train", "epoch": 11, "batch": 2279, "n_batches": 7774, "time": 0.55, "data_time": 0.0, "lr": 1e-05, "loss": -8.475, "recon_loss": -8.477, "kld_loss": 0.004, "kld_weight": 0.5}
{"message": "", "levelname": "INFO", "name": "Trainer", "asctime": "2026-04-29 17:20:14,565", "type": "train", "epoch": 11, "batch": 2319, "n_batches": 7774, "time": 0.708, "data_time": 0.0, "lr": 1e-05, "loss": -4.804, "recon_loss": -4.809, "kld_loss": 0.011, "kld_weight": 0.5}
{"message": "", "levelname": "INFO", "name": "Trainer", "asctime": "2026-04-29 17:20:21,745", "type": "train", "epoch": 11, "batch": 2359, "n_batches": 7774, "time": 0.885, "data_time": 0.0, "lr": 1e-05, "loss": -7.024, "recon_loss": -7.033, "kld_loss": 0.019, "kld_weight": 0.5}
{"message": "", "levelname": "INFO", "name": "Trainer", "asctime": "2026-04-29 17:20:29,446", "type": "train", "epoch": 11, "batch": 2399, "n_batches": 7774, "time": 0.726, "data_time": 0.0, "lr": 1e-05, "loss": -7.242, "recon_loss": -7.247, "kld_loss": 0.01, "kld_weight": 0.5}
{"message": "", "levelname": "INFO", "name": "Trainer", "asctime": "2026-04-29 17:20:37,380", "type": "train", "epoch": 11, "batch": 2439, "n_batches": 7774, "time": 0.933, "data_time": 0.0, "lr": 1e-05, "loss": -2.273, "recon_loss": -2.281, "kld_loss": 0.017, "kld_weight": 0.5}
{"message": "", "levelname": "INFO", "name": "Trainer", "asctime": "2026-04-29 17:20:45,163", "type": "train", "epoch": 11, "batch": 2479, "n_batches": 7774, "time": 0.469, "data_time": 0.0, "lr": 1e-05, "loss": -6.297, "recon_loss": -6.301, "kld_loss": 0.007, "kld_weight": 0.5}
{"message": "", "levelname": "INFO", "name": "Trainer", "asctime": "2026-04-29 17:20:54,850", "type": "train", "epoch": 11, "batch": 2519, "n_batches": 7774, "time": 1.54, "data_time": 0.0, "lr": 1e-05, "loss": -10.044, "recon_loss": -10.047, "kld_loss": 0.006, "kld_weight": 0.5}
{"message": "", "levelname": "INFO", "name": "Trainer", "asctime": "2026-04-29 17:21:03,122", "type": "train", "epoch": 11, "batch": 2559, "n_batches": 7774, "time": 0.739, "data_time": 0.0, "lr": 1e-05, "loss": -8.066, "recon_loss": -8.069, "kld_loss": 0.005, "kld_weight": 0.5}
{"message": "", "levelname": "INFO", "name": "Trainer", "asctime": "2026-04-29 17:21:12,434", "type": "train", "epoch": 11, "batch": 2599, "n_batches": 7774, "time": 0.779, "data_time": 0.0, "lr": 1e-05, "loss": -4.038, "recon_loss": -4.048, "kld_loss": 0.021, "kld_weight": 0.5}
{"message": "", "levelname": "INFO", "name": "Trainer", "asctime": "2026-04-29 17:21:19,995", "type": "train", "epoch": 11, "batch": 2639, "n_batches": 7774, "time": 0.554, "data_time": 0.0, "lr": 1e-05, "loss": -9.864, "recon_loss": -9.865, "kld_loss": 0.003, "kld_weight": 0.5}
{"message": "", "levelname": "INFO", "name": "Trainer", "asctime": "2026-04-29 17:21:29,362", "type": "train", "epoch": 11, "batch": 2679, "n_batches": 7774, "time": 0.861, "data_time": 0.0, "lr": 1e-05, "loss": -5.444, "recon_loss": -5.45, "kld_loss": 0.012, "kld_weight": 0.5}
{"message": "", "levelname": "INFO", "name": "Trainer", "asctime": "2026-04-29 17:21:37,953", "type": "train", "epoch": 11, "batch": 2719, "n_batches": 7774, "time": 1.386, "data_time": 0.0, "lr": 1e-05, "loss": -4.326, "recon_loss": -4.332, "kld_loss": 0.013, "kld_weight": 0.5}
{"message": "", "levelname": "INFO", "name": "Trainer", "asctime": "2026-04-29 17:21:46,407", "type": "train", "epoch": 11, "batch": 2759, "n_batches": 7774, "time": 0.927, "data_time": 0.0, "lr": 1e-05, "loss": -10.979, "recon_loss": -10.981, "kld_loss": 0.004, "kld_weight": 0.5}
{"message": "", "levelname": "INFO", "name": "Trainer", "asctime": "2026-04-29 17:21:55,001", "type": "train", "epoch": 11, "batch": 2799, "n_batches": 7774, "time": 0.708, "data_time": 0.0, "lr": 1e-05, "loss": -7.323, "recon_loss": -7.325, "kld_loss": 0.005, "kld_weight": 0.5}
{"message": "", "levelname": "INFO", "name": "Trainer", "asctime": "2026-04-29 17:22:02,955", "type": "train", "epoch": 11, "batch": 2839, "n_batches": 7774, "time": 0.801, "data_time": 0.0, "lr": 1e-05, "loss": -9.209, "recon_loss": -9.21, "kld_loss": 0.002, "kld_weight": 0.5}
{"message": "", "levelname": "INFO", "name": "Trainer", "asctime": "2026-04-29 17:22:11,444", "type": "train", "epoch": 11, "batch": 2879, "n_batches": 7774, "time": 0.525, "data_time": 0.0, "lr": 1e-05, "loss": -6.761, "recon_loss": -6.764, "kld_loss": 0.007, "kld_weight": 0.5}
{"message": "", "levelname": "INFO", "name": "Trainer", "asctime": "2026-04-29 17:22:20,960", "type": "train", "epoch": 11, "batch": 2919, "n_batches": 7774, "time": 1.009, "data_time": 0.0, "lr": 1e-05, "loss": -4.301, "recon_loss": -4.31, "kld_loss": 0.018, "kld_weight": 0.5}
{"message": "", "levelname": "INFO", "name": "Trainer", "asctime": "2026-04-29 17:22:28,523", "type": "train", "epoch": 11, "batch": 2959, "n_batches": 7774, "time": 0.609, "data_time": 0.0, "lr": 1e-05, "loss": -5.833, "recon_loss": -5.835, "kld_loss": 0.004, "kld_weight": 0.5}
{"message": "", "levelname": "INFO", "name": "Trainer", "asctime": "2026-04-29 17:22:35,692", "type": "train", "epoch": 11, "batch": 2999, "n_batches": 7774, "time": 0.649, "data_time": 0.0, "lr": 1e-05, "loss": -6.924, "recon_loss": -6.927, "kld_loss": 0.006, "kld_weight": 0.5}
{"message": "", "levelname": "INFO", "name": "Trainer", "asctime": "2026-04-29 17:22:44,267", "type": "train", "epoch": 11, "batch": 3039, "n_batches": 7774, "time": 0.617, "data_time": 0.0, "lr": 1e-05, "loss": -10.113, "recon_loss": -10.115, "kld_loss": 0.003, "kld_weight": 0.5}
{"message": "", "levelname": "INFO", "name": "Trainer", "asctime": "2026-04-29 17:22:53,259", "type": "train", "epoch": 11, "batch": 3079, "n_batches": 7774, "time": 1.45, "data_time": 0.0, "lr": 1e-05, "loss": -6.821, "recon_loss": -6.822, "kld_loss": 0.001, "kld_weight": 0.5}
{"message": "", "levelname": "INFO", "name": "Trainer", "asctime": "2026-04-29 17:23:00,601", "type": "train", "epoch": 11, "batch": 3119, "n_batches": 7774, "time": 0.705, "data_time": 0.0, "lr": 1e-05, "loss": -7.147, "recon_loss": -7.152, "kld_loss": 0.009, "kld_weight": 0.5}
{"message": "", "levelname": "INFO", "name": "Trainer", "asctime": "2026-04-29 17:23:10,358", "type": "train", "epoch": 11, "batch": 3159, "n_batches": 7774, "time": 0.957, "data_time": 0.0, "lr": 1e-05, "loss": -5.13, "recon_loss": -5.137, "kld_loss": 0.013, "kld_weight": 0.5}
{"message": "", "levelname": "INFO", "name": "Trainer", "asctime": "2026-04-29 17:23:18,473", "type": "train", "epoch": 11, "batch": 3199, "n_batches": 7774, "time": 0.799, "data_time": 0.0, "lr": 1e-05, "loss": -7.624, "recon_loss": -7.626, "kld_loss": 0.004, "kld_weight": 0.5}
{"message": "", "levelname": "INFO", "name": "Trainer", "asctime": "2026-04-29 17:23:27,392", "type": "train", "epoch": 11, "batch": 3239, "n_batches": 7774, "time": 1.549, "data_time": 0.0, "lr": 1e-05, "loss": -9.756, "recon_loss": -9.758, "kld_loss": 0.004, "kld_weight": 0.5}
{"message": "", "levelname": "INFO", "name": "Trainer", "asctime": "2026-04-29 17:23:35,141", "type": "train", "epoch": 11, "batch": 3279, "n_batches": 7774, "time": 0.7, "data_time": 0.0, "lr": 1e-05, "loss": -9.888, "recon_loss": -9.89, "kld_loss": 0.003, "kld_weight": 0.5}
{"message": "", "levelname": "INFO", "name": "Trainer", "asctime": "2026-04-29 17:23:44,833", "type": "train", "epoch": 11, "batch": 3319, "n_batches": 7774, "time": 0.843, "data_time": 0.0, "lr": 1e-05, "loss": -6.203, "recon_loss": -6.205, "kld_loss": 0.004, "kld_weight": 0.5}
{"message": "", "levelname": "INFO", "name": "Trainer", "asctime": "2026-04-29 17:23:55,110", "type": "train", "epoch": 11, "batch": 3359, "n_batches": 7774, "time": 1.839, "data_time": 0.0, "lr": 1e-05, "loss": -6.739, "recon_loss": -6.751, "kld_loss": 0.024, "kld_weight": 0.5}
{"message": "", "levelname": "INFO", "name": "Trainer", "asctime": "2026-04-29 17:24:03,294", "type": "train", "epoch": 11, "batch": 3399, "n_batches": 7774, "time": 0.915, "data_time": 0.0, "lr": 1e-05, "loss": -8.333, "recon_loss": -8.336, "kld_loss": 0.006, "kld_weight": 0.5}
{"message": "", "levelname": "INFO", "name": "Trainer", "asctime": "2026-04-29 17:24:11,574", "type": "train", "epoch": 11, "batch": 3439, "n_batches": 7774, "time": 0.807, "data_time": 0.0, "lr": 1e-05, "loss": -10.082, "recon_loss": -10.084, "kld_loss": 0.004, "kld_weight": 0.5}
{"message": "", "levelname": "INFO", "name": "Trainer", "asctime": "2026-04-29 17:24:19,853", "type": "train", "epoch": 11, "batch": 3479, "n_batches": 7774, "time": 0.552, "data_time": 0.0, "lr": 1e-05, "loss": -6.916, "recon_loss": -6.919, "kld_loss": 0.005, "kld_weight": 0.5}
{"message": "", "levelname": "INFO", "name": "Trainer", "asctime": "2026-04-29 17:24:29,796", "type": "train", "epoch": 11, "batch": 3519, "n_batches": 7774, "time": 1.021, "data_time": 0.0, "lr": 1e-05, "loss": -9.583, "recon_loss": -9.584, "kld_loss": 0.004, "kld_weight": 0.5}
{"message": "", "levelname": "INFO", "name": "Trainer", "asctime": "2026-04-29 17:24:37,637", "type": "train", "epoch": 11, "batch": 3559, "n_batches": 7774, "time": 0.874, "data_time": 0.0, "lr": 1e-05, "loss": -4.607, "recon_loss": -4.608, "kld_loss": 0.002, "kld_weight": 0.5}
{"message": "", "levelname": "INFO", "name": "Trainer", "asctime": "2026-04-29 17:24:46,170", "type": "train", "epoch": 11, "batch": 3599, "n_batches": 7774, "time": 0.723, "data_time": 0.0, "lr": 1e-05, "loss": -9.249, "recon_loss": -9.25, "kld_loss": 0.002, "kld_weight": 0.5}
{"message": "", "levelname": "INFO", "name": "Trainer", "asctime": "2026-04-29 17:24:53,948", "type": "train", "epoch": 11, "batch": 3639, "n_batches": 7774, "time": 0.731, "data_time": 0.0, "lr": 1e-05, "loss": -4.691, "recon_loss": -4.693, "kld_loss": 0.005, "kld_weight": 0.5}
{"message": "", "levelname": "INFO", "name": "Trainer", "asctime": "2026-04-29 17:25:03,613", "type": "train", "epoch": 11, "batch": 3679, "n_batches": 7774, "time": 0.646, "data_time": 0.0, "lr": 1e-05, "loss": -8.35, "recon_loss": -8.352, "kld_loss": 0.003, "kld_weight": 0.5}
{"message": "", "levelname": "INFO", "name": "Trainer", "asctime": "2026-04-29 17:25:11,845", "type": "train", "epoch": 11, "batch": 3719, "n_batches": 7774, "time": 0.742, "data_time": 0.0, "lr": 1e-05, "loss": -11.281, "recon_loss": -11.282, "kld_loss": 0.003, "kld_weight": 0.5}
{"message": "", "levelname": "INFO", "name": "Trainer", "asctime": "2026-04-29 17:25:21,867", "type": "train", "epoch": 11, "batch": 3759, "n_batches": 7774, "time": 1.488, "data_time": 0.0, "lr": 1e-05, "loss": -8.5, "recon_loss": -8.502, "kld_loss": 0.005, "kld_weight": 0.5}
{"message": "", "levelname": "INFO", "name": "Trainer", "asctime": "2026-04-29 17:25:30,982", "type": "train", "epoch": 11, "batch": 3799, "n_batches": 7774, "time": 0.941, "data_time": 0.0, "lr": 1e-05, "loss": -7.29, "recon_loss": -7.294, "kld_loss": 0.007, "kld_weight": 0.5}
{"message": "", "levelname": "INFO", "name": "Trainer", "asctime": "2026-04-29 17:25:38,996", "type": "train", "epoch": 11, "batch": 3839, "n_batches": 7774, "time": 0.921, "data_time": 0.0, "lr": 1e-05, "loss": -6.094, "recon_loss": -6.1, "kld_loss": 0.013, "kld_weight": 0.5}
{"message": "", "levelname": "INFO", "name": "Trainer", "asctime": "2026-04-29 17:25:47,222", "type": "train", "epoch": 11, "batch": 3879, "n_batches": 7774, "time": 0.9, "data_time": 0.0, "lr": 1e-05, "loss": -6.746, "recon_loss": -6.747, "kld_loss": 0.003, "kld_weight": 0.5}
{"message": "", "levelname": "INFO", "name": "Trainer", "asctime": "2026-04-29 17:25:56,066", "type": "train", "epoch": 11, "batch": 3919, "n_batches": 7774, "time": 0.907, "data_time": 0.0, "lr": 1e-05, "loss": -9.685, "recon_loss": -9.687, "kld_loss": 0.003, "kld_weight": 0.5}
{"message": "", "levelname": "INFO", "name": "Trainer", "asctime": "2026-04-29 17:26:04,758", "type": "train", "epoch": 11, "batch": 3959, "n_batches": 7774, "time": 0.848, "data_time": 0.0, "lr": 1e-05, "loss": -5.974, "recon_loss": -5.976, "kld_loss": 0.004, "kld_weight": 0.5}
{"message": "", "levelname": "INFO", "name": "Trainer", "asctime": "2026-04-29 17:26:13,803", "type": "train", "epoch": 11, "batch": 3999, "n_batches": 7774, "time": 0.959, "data_time": 0.0, "lr": 1e-05, "loss": -9.525, "recon_loss": -9.526, "kld_loss": 0.002, "kld_weight": 0.5}
{"message": "", "levelname": "INFO", "name": "Trainer", "asctime": "2026-04-29 17:26:22,220", "type": "train", "epoch": 11, "batch": 4039, "n_batches": 7774, "time": 1.716, "data_time": 0.0, "lr": 1e-05, "loss": -3.072, "recon_loss": -3.08, "kld_loss": 0.017, "kld_weight": 0.5}
{"message": "", "levelname": "INFO", "name": "Trainer", "asctime": "2026-04-29 17:26:29,879", "type": "train", "epoch": 11, "batch": 4079, "n_batches": 7774, "time": 0.781, "data_time": 0.0, "lr": 1e-05, "loss": -4.426, "recon_loss": -4.428, "kld_loss": 0.003, "kld_weight": 0.5}
{"message": "", "levelname": "INFO", "name": "Trainer", "asctime": "2026-04-29 17:26:38,748", "type": "train", "epoch": 11, "batch": 4119, "n_batches": 7774, "time": 0.807, "data_time": 0.0, "lr": 1e-05, "loss": -8.708, "recon_loss": -8.711, "kld_loss": 0.005, "kld_weight": 0.5}
{"message": "", "levelname": "INFO", "name": "Trainer", "asctime": "2026-04-29 17:26:47,575", "type": "train", "epoch": 11, "batch": 4159, "n_batches": 7774, "time": 0.88, "data_time": 0.0, "lr": 1e-05, "loss": -10.02, "recon_loss": -10.022, "kld_loss": 0.004, "kld_weight": 0.5}
{"message": "", "levelname": "INFO", "name": "Trainer", "asctime": "2026-04-29 17:26:56,692", "type": "train", "epoch": 11, "batch": 4199, "n_batches": 7774, "time": 0.808, "data_time": 0.0, "lr": 1e-05, "loss": -8.827, "recon_loss": -8.83, "kld_loss": 0.006, "kld_weight": 0.5}
{"message": "", "levelname": "INFO", "name": "Trainer", "asctime": "2026-04-29 17:27:05,253", "type": "train", "epoch": 11, "batch": 4239, "n_batches": 7774, "time": 0.87, "data_time": 0.0, "lr": 1e-05, "loss": -4.769, "recon_loss": -4.772, "kld_loss": 0.006, "kld_weight": 0.5}
{"message": "", "levelname": "INFO", "name": "Trainer", "asctime": "2026-04-29 17:27:12,494", "type": "train", "epoch": 11, "batch": 4279, "n_batches": 7774, "time": 1.033, "data_time": 0.0, "lr": 1e-05, "loss": -9.142, "recon_loss": -9.144, "kld_loss": 0.003, "kld_weight": 0.5}
{"message": "", "levelname": "INFO", "name": "Trainer", "asctime": "2026-04-29 17:27:23,037", "type": "train", "epoch": 11, "batch": 4319, "n_batches": 7774, "time": 0.861, "data_time": 0.0, "lr": 1e-05, "loss": -3.711, "recon_loss": -3.716, "kld_loss": 0.01, "kld_weight": 0.5}
{"message": "", "levelname": "INFO", "name": "Trainer", "asctime": "2026-04-29 17:27:31,219", "type": "train", "epoch": 11, "batch": 4359, "n_batches": 7774, "time": 0.888, "data_time": 0.0, "lr": 1e-05, "loss": -7.512, "recon_loss": -7.514, "kld_loss": 0.003, "kld_weight": 0.5}
{"message": "", "levelname": "INFO", "name": "Trainer", "asctime": "2026-04-29 17:27:41,025", "type": "train", "epoch": 11, "batch": 4399, "n_batches": 7774, "time": 0.861, "data_time": 0.0, "lr": 1e-05, "loss": -8.25, "recon_loss": -8.252, "kld_loss": 0.004, "kld_weight": 0.5}
{"message": "", "levelname": "INFO", "name": "Trainer", "asctime": "2026-04-29 17:27:50,271", "type": "train", "epoch": 11, "batch": 4439, "n_batches": 7774, "time": 0.747, "data_time": 0.0, "lr": 1e-05, "loss": -5.333, "recon_loss": -5.338, "kld_loss": 0.009, "kld_weight": 0.5}
{"message": "", "levelname": "INFO", "name": "Trainer", "asctime": "2026-04-29 17:27:58,152", "type": "train", "epoch": 11, "batch": 4479, "n_batches": 7774, "time": 0.65, "data_time": 0.0, "lr": 1e-05, "loss": -5.505, "recon_loss": -5.51, "kld_loss": 0.009, "kld_weight": 0.5}
{"message": "", "levelname": "INFO", "name": "Trainer", "asctime": "2026-04-29 17:28:05,436", "type": "train", "epoch": 11, "batch": 4519, "n_batches": 7774, "time": 0.606, "data_time": 0.0, "lr": 1e-05, "loss": -8.176, "recon_loss": -8.176, "kld_loss": 0.002, "kld_weight": 0.5}
{"message": "", "levelname": "INFO", "name": "Trainer", "asctime": "2026-04-29 17:28:13,266", "type": "train", "epoch": 11, "batch": 4559, "n_batches": 7774, "time": 0.356, "data_time": 0.0, "lr": 1e-05, "loss": -9.238, "recon_loss": -9.24, "kld_loss": 0.005, "kld_weight": 0.5}
{"message": "", "levelname": "INFO", "name": "Trainer", "asctime": "2026-04-29 17:28:22,507", "type": "train", "epoch": 11, "batch": 4599, "n_batches": 7774, "time": 0.863, "data_time": 0.0, "lr": 1e-05, "loss": -9.506, "recon_loss": -9.507, "kld_loss": 0.002, "kld_weight": 0.5}
{"message": "", "levelname": "INFO", "name": "Trainer", "asctime": "2026-04-29 17:28:30,365", "type": "train", "epoch": 11, "batch": 4639, "n_batches": 7774, "time": 0.797, "data_time": 0.0, "lr": 1e-05, "loss": -6.259, "recon_loss": -6.263, "kld_loss": 0.009, "kld_weight": 0.5}
{"message": "", "levelname": "INFO", "name": "Trainer", "asctime": "2026-04-29 17:28:38,188", "type": "train", "epoch": 11, "batch": 4679, "n_batches": 7774, "time": 0.546, "data_time": 0.0, "lr": 1e-05, "loss": -6.696, "recon_loss": -6.7, "kld_loss": 0.007, "kld_weight": 0.5}
{"message": "", "levelname": "INFO", "name": "Trainer", "asctime": "2026-04-29 17:28:45,913", "type": "train", "epoch": 11, "batch": 4719, "n_batches": 7774, "time": 0.696, "data_time": 0.0, "lr": 1e-05, "loss": -7.929, "recon_loss": -7.931, "kld_loss": 0.003, "kld_weight": 0.5}
{"message": "", "levelname": "INFO", "name": "Trainer", "asctime": "2026-04-29 17:28:54,336", "type": "train", "epoch": 11, "batch": 4759, "n_batches": 7774, "time": 1.455, "data_time": 0.0, "lr": 1e-05, "loss": -6.627, "recon_loss": -6.629, "kld_loss": 0.004, "kld_weight": 0.5}
{"message": "", "levelname": "INFO", "name": "Trainer", "asctime": "2026-04-29 17:29:02,874", "type": "train", "epoch": 11, "batch": 4799, "n_batches": 7774, "time": 0.474, "data_time": 0.0, "lr": 1e-05, "loss": -8.243, "recon_loss": -8.245, "kld_loss": 0.003, "kld_weight": 0.5}
{"message": "", "levelname": "INFO", "name": "Trainer", "asctime": "2026-04-29 17:29:10,492", "type": "train", "epoch": 11, "batch": 4839, "n_batches": 7774, "time": 0.77, "data_time": 0.0, "lr": 1e-05, "loss": -6.9, "recon_loss": -6.906, "kld_loss": 0.011, "kld_weight": 0.5}
{"message": "", "levelname": "INFO", "name": "Trainer", "asctime": "2026-04-29 17:29:18,203", "type": "train", "epoch": 11, "batch": 4879, "n_batches": 7774, "time": 0.639, "data_time": 0.0, "lr": 1e-05, "loss": -7.404, "recon_loss": -7.406, "kld_loss": 0.004, "kld_weight": 0.5}
{"message": "", "levelname": "INFO", "name": "Trainer", "asctime": "2026-04-29 17:29:25,838", "type": "train", "epoch": 11, "batch": 4919, "n_batches": 7774, "time": 0.613, "data_time": 0.0, "lr": 1e-05, "loss": -8.497, "recon_loss": -8.498, "kld_loss": 0.002, "kld_weight": 0.5}
{"message": "", "levelname": "INFO", "name": "Trainer", "asctime": "2026-04-29 17:29:32,784", "type": "train", "epoch": 11, "batch": 4959, "n_batches": 7774, "time": 0.655, "data_time": 0.0, "lr": 1e-05, "loss": -5.594, "recon_loss": -5.597, "kld_loss": 0.005, "kld_weight": 0.5}
{"message": "", "levelname": "INFO", "name": "Trainer", "asctime": "2026-04-29 17:29:42,330", "type": "train", "epoch": 11, "batch": 4999, "n_batches": 7774, "time": 0.903, "data_time": 0.0, "lr": 1e-05, "loss": -6.296, "recon_loss": -6.3, "kld_loss": 0.008, "kld_weight": 0.5}
{"message": "", "levelname": "INFO", "name": "Trainer", "asctime": "2026-04-29 17:29:50,174", "type": "train", "epoch": 11, "batch": 5039, "n_batches": 7774, "time": 0.862, "data_time": 0.0, "lr": 1e-05, "loss": -5.09, "recon_loss": -5.094, "kld_loss": 0.009, "kld_weight": 0.5}
{"message": "", "levelname": "INFO", "name": "Trainer", "asctime": "2026-04-29 17:29:59,647", "type": "train", "epoch": 11, "batch": 5079, "n_batches": 7774, "time": 1.577, "data_time": 0.0, "lr": 1e-05, "loss": -6.25, "recon_loss": -6.256, "kld_loss": 0.012, "kld_weight": 0.5}
{"message": "", "levelname": "INFO", "name": "Trainer", "asctime": "2026-04-29 17:30:08,317", "type": "train", "epoch": 11, "batch": 5119, "n_batches": 7774, "time": 0.921, "data_time": 0.0, "lr": 1e-05, "loss": -6.217, "recon_loss": -6.22, "kld_loss": 0.005, "kld_weight": 0.5}
{"message": "", "levelname": "INFO", "name": "Trainer", "asctime": "2026-04-29 17:30:18,145", "type": "train", "epoch": 11, "batch": 5159, "n_batches": 7774, "time": 0.934, "data_time": 0.0, "lr": 1e-05, "loss": -3.937, "recon_loss": -3.942, "kld_loss": 0.011, "kld_weight": 0.5}
{"message": "", "levelname": "INFO", "name": "Trainer", "asctime": "2026-04-29 17:30:27,470", "type": "train", "epoch": 11, "batch": 5199, "n_batches": 7774, "time": 0.681, "data_time": 0.0, "lr": 1e-05, "loss": -5.09, "recon_loss": -5.091, "kld_loss": 0.002, "kld_weight": 0.5}
{"message": "", "levelname": "INFO", "name": "Trainer", "asctime": "2026-04-29 17:30:35,809", "type": "train", "epoch": 11, "batch": 5239, "n_batches": 7774, "time": 0.734, "data_time": 0.0, "lr": 1e-05, "loss": -7.981, "recon_loss": -7.985, "kld_loss": 0.007, "kld_weight": 0.5}
{"message": "", "levelname": "INFO", "name": "Trainer", "asctime": "2026-04-29 17:30:44,094", "type": "train", "epoch": 11, "batch": 5279, "n_batches": 7774, "time": 0.77, "data_time": 0.0, "lr": 1e-05, "loss": -7.945, "recon_loss": -7.948, "kld_loss": 0.005, "kld_weight": 0.5}
{"message": "", "levelname": "INFO", "name": "Trainer", "asctime": "2026-04-29 17:30:51,776", "type": "train", "epoch": 11, "batch": 5319, "n_batches": 7774, "time": 0.616, "data_time": 0.0, "lr": 1e-05, "loss": -7.34, "recon_loss": -7.341, "kld_loss": 0.003, "kld_weight": 0.5}
{"message": "", "levelname": "INFO", "name": "Trainer", "asctime": "2026-04-29 17:30:59,809", "type": "train", "epoch": 11, "batch": 5359, "n_batches": 7774, "time": 0.742, "data_time": 0.0, "lr": 1e-05, "loss": -6.081, "recon_loss": -6.085, "kld_loss": 0.008, "kld_weight": 0.5}
{"message": "", "levelname": "INFO", "name": "Trainer", "asctime": "2026-04-29 17:31:07,324", "type": "train", "epoch": 11, "batch": 5399, "n_batches": 7774, "time": 0.781, "data_time": 0.0, "lr": 1e-05, "loss": -4.912, "recon_loss": -4.915, "kld_loss": 0.007, "kld_weight": 0.5}
{"message": "", "levelname": "INFO", "name": "Trainer", "asctime": "2026-04-29 17:31:17,799", "type": "train", "epoch": 11, "batch": 5439, "n_batches": 7774, "time": 0.855, "data_time": 0.0, "lr": 1e-05, "loss": -7.214, "recon_loss": -7.222, "kld_loss": 0.016, "kld_weight": 0.5}
{"message": "", "levelname": "INFO", "name": "Trainer", "asctime": "2026-04-29 17:31:26,037", "type": "train", "epoch": 11, "batch": 5479, "n_batches": 7774, "time": 0.734, "data_time": 0.0, "lr": 1e-05, "loss": -10.712, "recon_loss": -10.713, "kld_loss": 0.001, "kld_weight": 0.5}
{"message": "", "levelname": "INFO", "name": "Trainer", "asctime": "2026-04-29 17:31:33,279", "type": "train", "epoch": 11, "batch": 5519, "n_batches": 7774, "time": 0.796, "data_time": 0.0, "lr": 1e-05, "loss": -8.888, "recon_loss": -8.889, "kld_loss": 0.003, "kld_weight": 0.5}
{"message": "", "levelname": "INFO", "name": "Trainer", "asctime": "2026-04-29 17:31:42,118", "type": "train", "epoch": 11, "batch": 5559, "n_batches": 7774, "time": 0.857, "data_time": 0.0, "lr": 1e-05, "loss": -9.858, "recon_loss": -9.859, "kld_loss": 0.002, "kld_weight": 0.5}
{"message": "", "levelname": "INFO", "name": "Trainer", "asctime": "2026-04-29 17:31:50,129", "type": "train", "epoch": 11, "batch": 5599, "n_batches": 7774, "time": 0.931, "data_time": 0.0, "lr": 1e-05, "loss": -9.158, "recon_loss": -9.161, "kld_loss": 0.008, "kld_weight": 0.5}
{"message": "", "levelname": "INFO", "name": "Trainer", "asctime": "2026-04-29 17:31:59,772", "type": "train", "epoch": 11, "batch": 5639, "n_batches": 7774, "time": 0.672, "data_time": 0.0, "lr": 1e-05, "loss": -8.064, "recon_loss": -8.067, "kld_loss": 0.006, "kld_weight": 0.5}
{"message": "", "levelname": "INFO", "name": "Trainer", "asctime": "2026-04-29 17:32:08,836", "type": "train", "epoch": 11, "batch": 5679, "n_batches": 7774, "time": 0.507, "data_time": 0.0, "lr": 1e-05, "loss": -4.389, "recon_loss": -4.392, "kld_loss": 0.006, "kld_weight": 0.5}
{"message": "", "levelname": "INFO", "name": "Trainer", "asctime": "2026-04-29 17:32:19,052", "type": "train", "epoch": 11, "batch": 5719, "n_batches": 7774, "time": 1.337, "data_time": 0.0, "lr": 1e-05, "loss": -3.409, "recon_loss": -3.414, "kld_loss": 0.01, "kld_weight": 0.5}
{"message": "", "levelname": "INFO", "name": "Trainer", "asctime": "2026-04-29 17:32:27,833", "type": "train", "epoch": 11, "batch": 5759, "n_batches": 7774, "time": 0.829, "data_time": 0.0, "lr": 1e-05, "loss": -4.099, "recon_loss": -4.105, "kld_loss": 0.011, "kld_weight": 0.5}
{"message": "", "levelname": "INFO", "name": "Trainer", "asctime": "2026-04-29 17:32:36,344", "type": "train", "epoch": 11, "batch": 5799, "n_batches": 7774, "time": 0.834, "data_time": 0.0, "lr": 1e-05, "loss": -8.684, "recon_loss": -8.688, "kld_loss": 0.008, "kld_weight": 0.5}
{"message": "", "levelname": "INFO", "name": "Trainer", "asctime": "2026-04-29 17:32:44,130", "type": "train", "epoch": 11, "batch": 5839, "n_batches": 7774, "time": 0.843, "data_time": 0.0, "lr": 1e-05, "loss": -7.823, "recon_loss": -7.825, "kld_loss": 0.004, "kld_weight": 0.5}
{"message": "", "levelname": "INFO", "name": "Trainer", "asctime": "2026-04-29 17:32:52,161", "type": "train", "epoch": 11, "batch": 5879, "n_batches": 7774, "time": 0.771, "data_time": 0.0, "lr": 1e-05, "loss": -8.225, "recon_loss": -8.228, "kld_loss": 0.007, "kld_weight": 0.5}
{"message": "", "levelname": "INFO", "name": "Trainer", "asctime": "2026-04-29 17:32:59,458", "type": "train", "epoch": 11, "batch": 5919, "n_batches": 7774, "time": 0.521, "data_time": 0.0, "lr": 1e-05, "loss": -5.569, "recon_loss": -5.572, "kld_loss": 0.005, "kld_weight": 0.5}
{"message": "", "levelname": "INFO", "name": "Trainer", "asctime": "2026-04-29 17:33:08,370", "type": "train", "epoch": 11, "batch": 5959, "n_batches": 7774, "time": 0.533, "data_time": 0.0, "lr": 1e-05, "loss": -3.475, "recon_loss": -3.478, "kld_loss": 0.005, "kld_weight": 0.5}
{"message": "", "levelname": "INFO", "name": "Trainer", "asctime": "2026-04-29 17:33:16,148", "type": "train", "epoch": 11, "batch": 5999, "n_batches": 7774, "time": 0.491, "data_time": 0.0, "lr": 1e-05, "loss": -6.89, "recon_loss": -6.907, "kld_loss": 0.034, "kld_weight": 0.5}
{"message": "", "levelname": "INFO", "name": "Trainer", "asctime": "2026-04-29 17:33:24,303", "type": "train", "epoch": 11, "batch": 6039, "n_batches": 7774, "time": 0.754, "data_time": 0.0, "lr": 1e-05, "loss": -6.08, "recon_loss": -6.082, "kld_loss": 0.003, "kld_weight": 0.5}
{"message": "", "levelname": "INFO", "name": "Trainer", "asctime": "2026-04-29 17:33:33,937", "type": "train", "epoch": 11, "batch": 6079, "n_batches": 7774, "time": 0.827, "data_time": 0.0, "lr": 1e-05, "loss": -8.851, "recon_loss": -8.853, "kld_loss": 0.004, "kld_weight": 0.5}
{"message": "", "levelname": "INFO", "name": "Trainer", "asctime": "2026-04-29 17:33:43,262", "type": "train", "epoch": 11, "batch": 6119, "n_batches": 7774, "time": 0.857, "data_time": 0.0, "lr": 1e-05, "loss": -7.736, "recon_loss": -7.737, "kld_loss": 0.002, "kld_weight": 0.5}
{"message": "", "levelname": "INFO", "name": "Trainer", "asctime": "2026-04-29 17:33:51,970", "type": "train", "epoch": 11, "batch": 6159, "n_batches": 7774, "time": 1.517, "data_time": 0.0, "lr": 1e-05, "loss": -8.283, "recon_loss": -8.288, "kld_loss": 0.01, "kld_weight": 0.5}
{"message": "", "levelname": "INFO", "name": "Trainer", "asctime": "2026-04-29 17:34:00,183", "type": "train", "epoch": 11, "batch": 6199, "n_batches": 7774, "time": 0.676, "data_time": 0.0, "lr": 1e-05, "loss": -7.92, "recon_loss": -7.923, "kld_loss": 0.005, "kld_weight": 0.5}
{"message": "", "levelname": "INFO", "name": "Trainer", "asctime": "2026-04-29 17:34:09,145", "type": "train", "epoch": 11, "batch": 6239, "n_batches": 7774, "time": 0.465, "data_time": 0.0, "lr": 1e-05, "loss": -11.232, "recon_loss": -11.232, "kld_loss": 0.001, "kld_weight": 0.5}
{"message": "", "levelname": "INFO", "name": "Trainer", "asctime": "2026-04-29 17:34:16,487", "type": "train", "epoch": 11, "batch": 6279, "n_batches": 7774, "time": 0.792, "data_time": 0.0, "lr": 1e-05, "loss": -8.603, "recon_loss": -8.61, "kld_loss": 0.014, "kld_weight": 0.5}
{"message": "", "levelname": "INFO", "name": "Trainer", "asctime": "2026-04-29 17:34:25,246", "type": "train", "epoch": 11, "batch": 6319, "n_batches": 7774, "time": 0.952, "data_time": 0.0, "lr": 1e-05, "loss": -11.251, "recon_loss": -11.252, "kld_loss": 0.002, "kld_weight": 0.5}
{"message": "", "levelname": "INFO", "name": "Trainer", "asctime": "2026-04-29 17:34:34,301", "type": "train", "epoch": 11, "batch": 6359, "n_batches": 7774, "time": 0.648, "data_time": 0.0, "lr": 1e-05, "loss": -7.341, "recon_loss": -7.344, "kld_loss": 0.005, "kld_weight": 0.5}
{"message": "", "levelname": "INFO", "name": "Trainer", "asctime": "2026-04-29 17:34:42,865", "type": "train", "epoch": 11, "batch": 6399, "n_batches": 7774, "time": 0.796, "data_time": 0.0, "lr": 1e-05, "loss": -9.968, "recon_loss": -9.969, "kld_loss": 0.003, "kld_weight": 0.5}
{"message": "", "levelname": "INFO", "name": "Trainer", "asctime": "2026-04-29 17:34:51,075", "type": "train", "epoch": 11, "batch": 6439, "n_batches": 7774, "time": 0.555, "data_time": 0.0, "lr": 1e-05, "loss": -8.704, "recon_loss": -8.707, "kld_loss": 0.005, "kld_weight": 0.5}
{"message": "", "levelname": "INFO", "name": "Trainer", "asctime": "2026-04-29 17:34:58,152", "type": "train", "epoch": 11, "batch": 6479, "n_batches": 7774, "time": 0.653, "data_time": 0.0, "lr": 1e-05, "loss": -8.17, "recon_loss": -8.172, "kld_loss": 0.005, "kld_weight": 0.5}
{"message": "", "levelname": "INFO", "name": "Trainer", "asctime": "2026-04-29 17:35:05,840", "type": "train", "epoch": 11, "batch": 6519, "n_batches": 7774, "time": 0.711, "data_time": 0.0, "lr": 1e-05, "loss": -8.219, "recon_loss": -8.223, "kld_loss": 0.008, "kld_weight": 0.5}
{"message": "", "levelname": "INFO", "name": "Trainer", "asctime": "2026-04-29 17:35:15,149", "type": "train", "epoch": 11, "batch": 6559, "n_batches": 7774, "time": 0.636, "data_time": 0.0, "lr": 1e-05, "loss": -10.534, "recon_loss": -10.536, "kld_loss": 0.004, "kld_weight": 0.5}
{"message": "", "levelname": "INFO", "name": "Trainer", "asctime": "2026-04-29 17:35:23,566", "type": "train", "epoch": 11, "batch": 6599, "n_batches": 7774, "time": 0.988, "data_time": 0.0, "lr": 1e-05, "loss": -6.337, "recon_loss": -6.34, "kld_loss": 0.006, "kld_weight": 0.5}
{"message": "", "levelname": "INFO", "name": "Trainer", "asctime": "2026-04-29 17:35:32,406", "type": "train", "epoch": 11, "batch": 6639, "n_batches": 7774, "time": 0.918, "data_time": 0.0, "lr": 1e-05, "loss": -9.631, "recon_loss": -9.632, "kld_loss": 0.003, "kld_weight": 0.5}
{"message": "", "levelname": "INFO", "name": "Trainer", "asctime": "2026-04-29 17:35:39,775", "type": "train", "epoch": 11, "batch": 6679, "n_batches": 7774, "time": 1.043, "data_time": 0.0, "lr": 1e-05, "loss": -5.327, "recon_loss": -5.337, "kld_loss": 0.019, "kld_weight": 0.5}
{"message": "", "levelname": "INFO", "name": "Trainer", "asctime": "2026-04-29 17:35:49,790", "type": "train", "epoch": 11, "batch": 6719, "n_batches": 7774, "time": 0.731, "data_time": 0.0, "lr": 1e-05, "loss": -11.185, "recon_loss": -11.186, "kld_loss": 0.001, "kld_weight": 0.5}
{"message": "", "levelname": "INFO", "name": "Trainer", "asctime": "2026-04-29 17:35:59,646", "type": "train", "epoch": 11, "batch": 6759, "n_batches": 7774, "time": 1.302, "data_time": 0.0, "lr": 1e-05, "loss": -11.199, "recon_loss": -11.201, "kld_loss": 0.003, "kld_weight": 0.5}
{"message": "", "levelname": "INFO", "name": "Trainer", "asctime": "2026-04-29 17:36:08,027", "type": "train", "epoch": 11, "batch": 6799, "n_batches": 7774, "time": 0.987, "data_time": 0.0, "lr": 1e-05, "loss": -9.285, "recon_loss": -9.288, "kld_loss": 0.006, "kld_weight": 0.5}
{"message": "", "levelname": "INFO", "name": "Trainer", "asctime": "2026-04-29 17:36:16,908", "type": "train", "epoch": 11, "batch": 6839, "n_batches": 7774, "time": 0.995, "data_time": 0.0, "lr": 1e-05, "loss": -7.832, "recon_loss": -7.835, "kld_loss": 0.004, "kld_weight": 0.5}
{"message": "", "levelname": "INFO", "name": "Trainer", "asctime": "2026-04-29 17:36:26,988", "type": "train", "epoch": 11, "batch": 6879, "n_batches": 7774, "time": 1.548, "data_time": 0.0, "lr": 1e-05, "loss": -5.371, "recon_loss": -5.374, "kld_loss": 0.006, "kld_weight": 0.5}
{"message": "", "levelname": "INFO", "name": "Trainer", "asctime": "2026-04-29 17:36:35,612", "type": "train", "epoch": 11, "batch": 6919, "n_batches": 7774, "time": 0.618, "data_time": 0.0, "lr": 1e-05, "loss": -1.32, "recon_loss": -1.337, "kld_loss": 0.034, "kld_weight": 0.5}
{"message": "", "levelname": "INFO", "name": "Trainer", "asctime": "2026-04-29 17:36:43,629", "type": "train", "epoch": 11, "batch": 6959, "n_batches": 7774, "time": 0.659, "data_time": 0.0, "lr": 1e-05, "loss": -4.246, "recon_loss": -4.252, "kld_loss": 0.012, "kld_weight": 0.5}
{"message": "", "levelname": "INFO", "name": "Trainer", "asctime": "2026-04-29 17:36:52,379", "type": "train", "epoch": 11, "batch": 6999, "n_batches": 7774, "time": 0.98, "data_time": 0.0, "lr": 1e-05, "loss": -9.841, "recon_loss": -9.843, "kld_loss": 0.005, "kld_weight": 0.5}
{"message": "", "levelname": "INFO", "name": "Trainer", "asctime": "2026-04-29 17:36:59,964", "type": "train", "epoch": 11, "batch": 7039, "n_batches": 7774, "time": 0.715, "data_time": 0.0, "lr": 1e-05, "loss": -9.606, "recon_loss": -9.607, "kld_loss": 0.004, "kld_weight": 0.5}
{"message": "", "levelname": "INFO", "name": "Trainer", "asctime": "2026-04-29 17:37:07,774", "type": "train", "epoch": 11, "batch": 7079, "n_batches": 7774, "time": 0.68, "data_time": 0.0, "lr": 1e-05, "loss": -4.545, "recon_loss": -4.554, "kld_loss": 0.018, "kld_weight": 0.5}
{"message": "", "levelname": "INFO", "name": "Trainer", "asctime": "2026-04-29 17:37:16,656", "type": "train", "epoch": 11, "batch": 7119, "n_batches": 7774, "time": 0.659, "data_time": 0.0, "lr": 1e-05, "loss": -8.319, "recon_loss": -8.321, "kld_loss": 0.006, "kld_weight": 0.5}
{"message": "", "levelname": "INFO", "name": "Trainer", "asctime": "2026-04-29 17:37:24,065", "type": "train", "epoch": 11, "batch": 7159, "n_batches": 7774, "time": 0.725, "data_time": 0.0, "lr": 1e-05, "loss": -0.413, "recon_loss": -0.42, "kld_loss": 0.014, "kld_weight": 0.5}
{"message": "", "levelname": "INFO", "name": "Trainer", "asctime": "2026-04-29 17:37:31,699", "type": "train", "epoch": 11, "batch": 7199, "n_batches": 7774, "time": 0.826, "data_time": 0.0, "lr": 1e-05, "loss": -7.12, "recon_loss": -7.124, "kld_loss": 0.008, "kld_weight": 0.5}
{"message": "", "levelname": "INFO", "name": "Trainer", "asctime": "2026-04-29 17:37:38,902", "type": "train", "epoch": 11, "batch": 7239, "n_batches": 7774, "time": 0.946, "data_time": 0.0, "lr": 1e-05, "loss": -8.251, "recon_loss": -8.255, "kld_loss": 0.007, "kld_weight": 0.5}
{"message": "", "levelname": "INFO", "name": "Trainer", "asctime": "2026-04-29 17:37:46,690", "type": "train", "epoch": 11, "batch": 7279, "n_batches": 7774, "time": 0.774, "data_time": 0.0, "lr": 1e-05, "loss": -9.426, "recon_loss": -9.427, "kld_loss": 0.003, "kld_weight": 0.5}
{"message": "", "levelname": "INFO", "name": "Trainer", "asctime": "2026-04-29 17:37:54,371", "type": "train", "epoch": 11, "batch": 7319, "n_batches": 7774, "time": 0.659, "data_time": 0.0, "lr": 1e-05, "loss": -8.164, "recon_loss": -8.167, "kld_loss": 0.006, "kld_weight": 0.5}
{"message": "", "levelname": "INFO", "name": "Trainer", "asctime": "2026-04-29 17:38:01,741", "type": "train", "epoch": 11, "batch": 7359, "n_batches": 7774, "time": 0.736, "data_time": 0.0, "lr": 1e-05, "loss": -5.32, "recon_loss": -5.322, "kld_loss": 0.003, "kld_weight": 0.5}
{"message": "", "levelname": "INFO", "name": "Trainer", "asctime": "2026-04-29 17:38:09,113", "type": "train", "epoch": 11, "batch": 7399, "n_batches": 7774, "time": 0.629, "data_time": 0.0, "lr": 1e-05, "loss": -8.154, "recon_loss": -8.157, "kld_loss": 0.006, "kld_weight": 0.5}
{"message": "", "levelname": "INFO", "name": "Trainer", "asctime": "2026-04-29 17:38:18,955", "type": "train", "epoch": 11, "batch": 7439, "n_batches": 7774, "time": 0.775, "data_time": 0.0, "lr": 1e-05, "loss": -9.946, "recon_loss": -9.95, "kld_loss": 0.008, "kld_weight": 0.5}
{"message": "", "levelname": "INFO", "name": "Trainer", "asctime": "2026-04-29 17:38:27,074", "type": "train", "epoch": 11, "batch": 7479, "n_batches": 7774, "time": 0.85, "data_time": 0.0, "lr": 1e-05, "loss": -7.714, "recon_loss": -7.716, "kld_loss": 0.005, "kld_weight": 0.5}
{"message": "", "levelname": "INFO", "name": "Trainer", "asctime": "2026-04-29 17:38:35,794", "type": "train", "epoch": 11, "batch": 7519, "n_batches": 7774, "time": 0.662, "data_time": 0.0, "lr": 1e-05, "loss": -9.724, "recon_loss": -9.726, "kld_loss": 0.003, "kld_weight": 0.5}
{"message": "", "levelname": "INFO", "name": "Trainer", "asctime": "2026-04-29 17:38:43,860", "type": "train", "epoch": 11, "batch": 7559, "n_batches": 7774, "time": 0.726, "data_time": 0.0, "lr": 1e-05, "loss": -7.689, "recon_loss": -7.69, "kld_loss": 0.002, "kld_weight": 0.5}
{"message": "", "levelname": "INFO", "name": "Trainer", "asctime": "2026-04-29 17:38:51,165", "type": "train", "epoch": 11, "batch": 7599, "n_batches": 7774, "time": 0.74, "data_time": 0.0, "lr": 1e-05, "loss": -8.587, "recon_loss": -8.592, "kld_loss": 0.009, "kld_weight": 0.5}
{"message": "", "levelname": "INFO", "name": "Trainer", "asctime": "2026-04-29 17:39:00,191", "type": "train", "epoch": 11, "batch": 7639, "n_batches": 7774, "time": 0.929, "data_time": 0.0, "lr": 1e-05, "loss": -7.447, "recon_loss": -7.449, "kld_loss": 0.004, "kld_weight": 0.5}
{"message": "", "levelname": "INFO", "name": "Trainer", "asctime": "2026-04-29 17:39:08,877", "type": "train", "epoch": 11, "batch": 7679, "n_batches": 7774, "time": 1.382, "data_time": 0.0, "lr": 1e-05, "loss": -6.127, "recon_loss": -6.13, "kld_loss": 0.006, "kld_weight": 0.5}
{"message": "", "levelname": "INFO", "name": "Trainer", "asctime": "2026-04-29 17:39:17,806", "type": "train", "epoch": 11, "batch": 7719, "n_batches": 7774, "time": 0.703, "data_time": 0.0, "lr": 1e-05, "loss": -11.381, "recon_loss": -11.381, "kld_loss": 0.002, "kld_weight": 0.5}
{"message": "", "levelname": "INFO", "name": "Trainer", "asctime": "2026-04-29 17:39:26,044", "type": "train", "epoch": 11, "batch": 7759, "n_batches": 7774, "time": 0.685, "data_time": 0.0, "lr": 1e-05, "loss": -6.272, "recon_loss": -6.28, "kld_loss": 0.017, "kld_weight": 0.5}
{"message": "", "levelname": "INFO", "name": "Trainer", "asctime": "2026-04-29 17:39:28,625", "type": "train-epoch", "epoch": 12, "loss": -1.86533, "recon_loss": -1.86624, "kld_loss": 0.00181, "kld_weight": 0.5, "time": 1660.3}
{"message": "", "levelname": "INFO", "name": "Trainer", "asctime": "2026-04-29 17:42:38,800", "type": "val-epoch", "epoch": 12, "loss": -1.938, "test_loss": -1.844, "recon_loss": -1.939, "kld_loss": 0.002, "kld_weight": 0.5, "note": "loss is teacher-forced CVAE objective; test_loss is prior-only reconstruction", "time": 190.2}
{"message": "", "levelname": "INFO", "name": "Trainer", "asctime": "2026-04-29 17:42:48,219", "type": "train", "epoch": 12, "batch": 39, "n_batches": 7774, "time": 0.748, "data_time": 0.0, "lr": 1e-05, "loss": -2.813, "recon_loss": -2.82, "kld_loss": 0.015, "kld_weight": 0.5}
{"message": "", "levelname": "INFO", "name": "Trainer", "asctime": "2026-04-29 17:42:56,343", "type": "train", "epoch": 12, "batch": 79, "n_batches": 7774, "time": 0.815, "data_time": 0.0, "lr": 1e-05, "loss": -7.59, "recon_loss": -7.593, "kld_loss": 0.005, "kld_weight": 0.5}
{"message": "", "levelname": "INFO", "name": "Trainer", "asctime": "2026-04-29 17:43:05,357", "type": "train", "epoch": 12, "batch": 119, "n_batches": 7774, "time": 0.97, "data_time": 0.0, "lr": 1e-05, "loss": -10.0, "recon_loss": -10.001, "kld_loss": 0.003, "kld_weight": 0.5}
{"message": "", "levelname": "INFO", "name": "Trainer", "asctime": "2026-04-29 17:43:14,507", "type": "train", "epoch": 12, "batch": 159, "n_batches": 7774, "time": 0.719, "data_time": 0.0, "lr": 1e-05, "loss": -9.537, "recon_loss": -9.539, "kld_loss": 0.004, "kld_weight": 0.5}
{"message": "", "levelname": "INFO", "name": "Trainer", "asctime": "2026-04-29 17:43:23,763", "type": "train", "epoch": 12, "batch": 199, "n_batches": 7774, "time": 0.792, "data_time": 0.0, "lr": 1e-05, "loss": -8.212, "recon_loss": -8.213, "kld_loss": 0.002, "kld_weight": 0.5}
{"message": "", "levelname": "INFO", "name": "Trainer", "asctime": "2026-04-29 17:43:31,551", "type": "train", "epoch": 12, "batch": 239, "n_batches": 7774, "time": 0.48, "data_time": 0.0, "lr": 1e-05, "loss": -2.575, "recon_loss": -2.584, "kld_loss": 0.018, "kld_weight": 0.5}
{"message": "", "levelname": "INFO", "name": "Trainer", "asctime": "2026-04-29 17:43:41,641", "type": "train", "epoch": 12, "batch": 279, "n_batches": 7774, "time": 0.89, "data_time": 0.0, "lr": 1e-05, "loss": -10.577, "recon_loss": -10.578, "kld_loss": 0.003, "kld_weight": 0.5}
{"message": "", "levelname": "INFO", "name": "Trainer", "asctime": "2026-04-29 17:43:49,220", "type": "train", "epoch": 12, "batch": 319, "n_batches": 7774, "time": 0.827, "data_time": 0.0, "lr": 1e-05, "loss": -8.968, "recon_loss": -8.972, "kld_loss": 0.009, "kld_weight": 0.5}
{"message": "", "levelname": "INFO", "name": "Trainer", "asctime": "2026-04-29 17:43:59,220", "type": "train", "epoch": 12, "batch": 359, "n_batches": 7774, "time": 0.872, "data_time": 0.0, "lr": 1e-05, "loss": -5.936, "recon_loss": -5.938, "kld_loss": 0.006, "kld_weight": 0.5}
{"message": "", "levelname": "INFO", "name": "Trainer", "asctime": "2026-04-29 17:44:10,572", "type": "train", "epoch": 12, "batch": 399, "n_batches": 7774, "time": 0.87, "data_time": 0.0, "lr": 1e-05, "loss": -10.297, "recon_loss": -10.298, "kld_loss": 0.002, "kld_weight": 0.5}
{"message": "", "levelname": "INFO", "name": "Trainer", "asctime": "2026-04-29 17:44:18,519", "type": "train", "epoch": 12, "batch": 439, "n_batches": 7774, "time": 0.793, "data_time": 0.0, "lr": 1e-05, "loss": -6.365, "recon_loss": -6.368, "kld_loss": 0.006, "kld_weight": 0.5}
{"message": "", "levelname": "INFO", "name": "Trainer", "asctime": "2026-04-29 17:44:26,744", "type": "train", "epoch": 12, "batch": 479, "n_batches": 7774, "time": 1.028, "data_time": 0.0, "lr": 1e-05, "loss": -4.95, "recon_loss": -4.952, "kld_loss": 0.004, "kld_weight": 0.5}
{"message": "", "levelname": "INFO", "name": "Trainer", "asctime": "2026-04-29 17:44:35,911", "type": "train", "epoch": 12, "batch": 519, "n_batches": 7774, "time": 0.836, "data_time": 0.0, "lr": 1e-05, "loss": -8.353, "recon_loss": -8.356, "kld_loss": 0.005, "kld_weight": 0.5}
{"message": "", "levelname": "INFO", "name": "Trainer", "asctime": "2026-04-29 17:44:44,849", "type": "train", "epoch": 12, "batch": 559, "n_batches": 7774, "time": 0.897, "data_time": 0.001, "lr": 1e-05, "loss": -7.456, "recon_loss": -7.457, "kld_loss": 0.001, "kld_weight": 0.5}
{"message": "", "levelname": "INFO", "name": "Trainer", "asctime": "2026-04-29 17:44:52,677", "type": "train", "epoch": 12, "batch": 599, "n_batches": 7774, "time": 0.834, "data_time": 0.0, "lr": 1e-05, "loss": -8.023, "recon_loss": -8.029, "kld_loss": 0.011, "kld_weight": 0.5}
{"message": "", "levelname": "INFO", "name": "Trainer", "asctime": "2026-04-29 17:45:01,415", "type": "train", "epoch": 12, "batch": 639, "n_batches": 7774, "time": 0.9, "data_time": 0.0, "lr": 1e-05, "loss": -9.063, "recon_loss": -9.067, "kld_loss": 0.007, "kld_weight": 0.5}
{"message": "", "levelname": "INFO", "name": "Trainer", "asctime": "2026-04-29 17:45:09,587", "type": "train", "epoch": 12, "batch": 679, "n_batches": 7774, "time": 0.746, "data_time": 0.0, "lr": 1e-05, "loss": -8.861, "recon_loss": -8.863, "kld_loss": 0.004, "kld_weight": 0.5}
{"message": "", "levelname": "INFO", "name": "Trainer", "asctime": "2026-04-29 17:45:18,688", "type": "train", "epoch": 12, "batch": 719, "n_batches": 7774, "time": 0.51, "data_time": 0.0, "lr": 1e-05, "loss": -9.412, "recon_loss": -9.414, "kld_loss": 0.004, "kld_weight": 0.5}
{"message": "", "levelname": "INFO", "name": "Trainer", "asctime": "2026-04-29 17:45:28,055", "type": "train", "epoch": 12, "batch": 759, "n_batches": 7774, "time": 0.876, "data_time": 0.0, "lr": 1e-05, "loss": -4.528, "recon_loss": -4.533, "kld_loss": 0.01, "kld_weight": 0.5}
{"message": "", "levelname": "INFO", "name": "Trainer", "asctime": "2026-04-29 17:45:37,293", "type": "train", "epoch": 12, "batch": 799, "n_batches": 7774, "time": 0.856, "data_time": 0.0, "lr": 1e-05, "loss": -9.929, "recon_loss": -9.93, "kld_loss": 0.003, "kld_weight": 0.5}
{"message": "", "levelname": "INFO", "name": "Trainer", "asctime": "2026-04-29 17:45:48,246", "type": "train", "epoch": 12, "batch": 839, "n_batches": 7774, "time": 1.687, "data_time": 0.0, "lr": 1e-05, "loss": -9.491, "recon_loss": -9.492, "kld_loss": 0.003, "kld_weight": 0.5}
{"message": "", "levelname": "INFO", "name": "Trainer", "asctime": "2026-04-29 17:45:56,422", "type": "train", "epoch": 12, "batch": 879, "n_batches": 7774, "time": 0.861, "data_time": 0.0, "lr": 1e-05, "loss": -8.579, "recon_loss": -8.581, "kld_loss": 0.004, "kld_weight": 0.5}
{"message": "", "levelname": "INFO", "name": "Trainer", "asctime": "2026-04-29 17:46:05,603", "type": "train", "epoch": 12, "batch": 919, "n_batches": 7774, "time": 0.67, "data_time": 0.0, "lr": 1e-05, "loss": -5.955, "recon_loss": -5.958, "kld_loss": 0.006, "kld_weight": 0.5}
{"message": "", "levelname": "INFO", "name": "Trainer", "asctime": "2026-04-29 17:46:13,451", "type": "train", "epoch": 12, "batch": 959, "n_batches": 7774, "time": 0.714, "data_time": 0.0, "lr": 1e-05, "loss": -9.434, "recon_loss": -9.437, "kld_loss": 0.006, "kld_weight": 0.5}
{"message": "", "levelname": "INFO", "name": "Trainer", "asctime": "2026-04-29 17:46:24,108", "type": "train", "epoch": 12, "batch": 999, "n_batches": 7774, "time": 0.768, "data_time": 0.0, "lr": 1e-05, "loss": -9.873, "recon_loss": -9.877, "kld_loss": 0.008, "kld_weight": 0.5}
{"message": "", "levelname": "INFO", "name": "Trainer", "asctime": "2026-04-29 17:46:32,986", "type": "train", "epoch": 12, "batch": 1039, "n_batches": 7774, "time": 0.626, "data_time": 0.0, "lr": 1e-05, "loss": -9.094, "recon_loss": -9.098, "kld_loss": 0.008, "kld_weight": 0.5}
{"message": "", "levelname": "INFO", "name": "Trainer", "asctime": "2026-04-29 17:46:41,344", "type": "train", "epoch": 12, "batch": 1079, "n_batches": 7774, "time": 1.1, "data_time": 0.0, "lr": 1e-05, "loss": -3.291, "recon_loss": -3.293, "kld_loss": 0.005, "kld_weight": 0.5}
{"message": "", "levelname": "INFO", "name": "Trainer", "asctime": "2026-04-29 17:46:48,866", "type": "train", "epoch": 12, "batch": 1119, "n_batches": 7774, "time": 0.409, "data_time": 0.0, "lr": 1e-05, "loss": -3.924, "recon_loss": -3.931, "kld_loss": 0.014, "kld_weight": 0.5}
{"message": "", "levelname": "INFO", "name": "Trainer", "asctime": "2026-04-29 17:46:56,514", "type": "train", "epoch": 12, "batch": 1159, "n_batches": 7774, "time": 0.718, "data_time": 0.0, "lr": 1e-05, "loss": -9.245, "recon_loss": -9.247, "kld_loss": 0.004, "kld_weight": 0.5}
{"message": "", "levelname": "INFO", "name": "Trainer", "asctime": "2026-04-29 17:47:04,114", "type": "train", "epoch": 12, "batch": 1199, "n_batches": 7774, "time": 0.986, "data_time": 0.0, "lr": 1e-05, "loss": -5.372, "recon_loss": -5.375, "kld_loss": 0.008, "kld_weight": 0.5}
{"message": "", "levelname": "INFO", "name": "Trainer", "asctime": "2026-04-29 17:47:13,627", "type": "train", "epoch": 12, "batch": 1239, "n_batches": 7774, "time": 1.367, "data_time": 0.0, "lr": 1e-05, "loss": -7.002, "recon_loss": -7.005, "kld_loss": 0.005, "kld_weight": 0.5}
{"message": "", "levelname": "INFO", "name": "Trainer", "asctime": "2026-04-29 17:47:22,176", "type": "train", "epoch": 12, "batch": 1279, "n_batches": 7774, "time": 0.88, "data_time": 0.0, "lr": 1e-05, "loss": -6.686, "recon_loss": -6.688, "kld_loss": 0.004, "kld_weight": 0.5}
{"message": "", "levelname": "INFO", "name": "Trainer", "asctime": "2026-04-29 17:47:30,255", "type": "train", "epoch": 12, "batch": 1319, "n_batches": 7774, "time": 0.731, "data_time": 0.0, "lr": 1e-05, "loss": -9.175, "recon_loss": -9.177, "kld_loss": 0.005, "kld_weight": 0.5}
{"message": "", "levelname": "INFO", "name": "Trainer", "asctime": "2026-04-29 17:47:38,724", "type": "train", "epoch": 12, "batch": 1359, "n_batches": 7774, "time": 1.194, "data_time": 0.0, "lr": 1e-05, "loss": -6.292, "recon_loss": -6.294, "kld_loss": 0.003, "kld_weight": 0.5}
{"message": "", "levelname": "INFO", "name": "Trainer", "asctime": "2026-04-29 17:47:47,897", "type": "train", "epoch": 12, "batch": 1399, "n_batches": 7774, "time": 0.859, "data_time": 0.0, "lr": 1e-05, "loss": -1.131, "recon_loss": -1.137, "kld_loss": 0.012, "kld_weight": 0.5}
{"message": "", "levelname": "INFO", "name": "Trainer", "asctime": "2026-04-29 17:47:55,831", "type": "train", "epoch": 12, "batch": 1439, "n_batches": 7774, "time": 0.581, "data_time": 0.0, "lr": 1e-05, "loss": -9.17, "recon_loss": -9.172, "kld_loss": 0.004, "kld_weight": 0.5}
{"message": "", "levelname": "INFO", "name": "Trainer", "asctime": "2026-04-29 17:48:05,231", "type": "train", "epoch": 12, "batch": 1479, "n_batches": 7774, "time": 0.834, "data_time": 0.0, "lr": 1e-05, "loss": -7.012, "recon_loss": -7.013, "kld_loss": 0.003, "kld_weight": 0.5}
{"message": "", "levelname": "INFO", "name": "Trainer", "asctime": "2026-04-29 17:48:13,435", "type": "train", "epoch": 12, "batch": 1519, "n_batches": 7774, "time": 0.706, "data_time": 0.0, "lr": 1e-05, "loss": -5.892, "recon_loss": -5.899, "kld_loss": 0.013, "kld_weight": 0.5}
{"message": "", "levelname": "INFO", "name": "Trainer", "asctime": "2026-04-29 17:48:22,792", "type": "train", "epoch": 12, "batch": 1559, "n_batches": 7774, "time": 0.81, "data_time": 0.0, "lr": 1e-05, "loss": -1.879, "recon_loss": -1.885, "kld_loss": 0.013, "kld_weight": 0.5}
{"message": "", "levelname": "INFO", "name": "Trainer", "asctime": "2026-04-29 17:48:31,654", "type": "train", "epoch": 12, "batch": 1599, "n_batches": 7774, "time": 0.562, "data_time": 0.0, "lr": 1e-05, "loss": -8.698, "recon_loss": -8.699, "kld_loss": 0.001, "kld_weight": 0.5}
{"message": "", "levelname": "INFO", "name": "Trainer", "asctime": "2026-04-29 17:48:40,098", "type": "train", "epoch": 12, "batch": 1639, "n_batches": 7774, "time": 0.669, "data_time": 0.0, "lr": 1e-05, "loss": -8.956, "recon_loss": -8.958, "kld_loss": 0.004, "kld_weight": 0.5}
{"message": "", "levelname": "INFO", "name": "Trainer", "asctime": "2026-04-29 17:48:48,127", "type": "train", "epoch": 12, "batch": 1679, "n_batches": 7774, "time": 0.844, "data_time": 0.0, "lr": 1e-05, "loss": -7.837, "recon_loss": -7.841, "kld_loss": 0.009, "kld_weight": 0.5}
{"message": "", "levelname": "INFO", "name": "Trainer", "asctime": "2026-04-29 17:48:57,318", "type": "train", "epoch": 12, "batch": 1719, "n_batches": 7774, "time": 0.551, "data_time": 0.0, "lr": 1e-05, "loss": -2.218, "recon_loss": -2.224, "kld_loss": 0.013, "kld_weight": 0.5}
{"message": "", "levelname": "INFO", "name": "Trainer", "asctime": "2026-04-29 17:49:05,831", "type": "train", "epoch": 12, "batch": 1759, "n_batches": 7774, "time": 0.724, "data_time": 0.0, "lr": 1e-05, "loss": -5.551, "recon_loss": -5.554, "kld_loss": 0.006, "kld_weight": 0.5}
{"message": "", "levelname": "INFO", "name": "Trainer", "asctime": "2026-04-29 17:49:17,018", "type": "train", "epoch": 12, "batch": 1799, "n_batches": 7774, "time": 2.004, "data_time": 0.0, "lr": 1e-05, "loss": -4.322, "recon_loss": -4.33, "kld_loss": 0.014, "kld_weight": 0.5}
{"message": "", "levelname": "INFO", "name": "Trainer", "asctime": "2026-04-29 17:49:26,025", "type": "train", "epoch": 12, "batch": 1839, "n_batches": 7774, "time": 1.018, "data_time": 0.0, "lr": 1e-05, "loss": -1.942, "recon_loss": -1.947, "kld_loss": 0.012, "kld_weight": 0.5}
{"message": "", "levelname": "INFO", "name": "Trainer", "asctime": "2026-04-29 17:49:35,404", "type": "train", "epoch": 12, "batch": 1879, "n_batches": 7774, "time": 1.094, "data_time": 0.0, "lr": 1e-05, "loss": -8.162, "recon_loss": -8.164, "kld_loss": 0.002, "kld_weight": 0.5}
{"message": "", "levelname": "INFO", "name": "Trainer", "asctime": "2026-04-29 17:49:45,193", "type": "train", "epoch": 12, "batch": 1919, "n_batches": 7774, "time": 1.149, "data_time": 0.0, "lr": 1e-05, "loss": -7.649, "recon_loss": -7.65, "kld_loss": 0.002, "kld_weight": 0.5}
{"message": "", "levelname": "INFO", "name": "Trainer", "asctime": "2026-04-29 17:49:53,582", "type": "train", "epoch": 12, "batch": 1959, "n_batches": 7774, "time": 0.913, "data_time": 0.0, "lr": 1e-05, "loss": -10.544, "recon_loss": -10.546, "kld_loss": 0.003, "kld_weight": 0.5}
{"message": "", "levelname": "INFO", "name": "Trainer", "asctime": "2026-04-29 17:50:02,357", "type": "train", "epoch": 12, "batch": 1999, "n_batches": 7774, "time": 1.016, "data_time": 0.0, "lr": 1e-05, "loss": -6.704, "recon_loss": -6.707, "kld_loss": 0.006, "kld_weight": 0.5}
{"message": "", "levelname": "INFO", "name": "Trainer", "asctime": "2026-04-29 17:50:11,607", "type": "train", "epoch": 12, "batch": 2039, "n_batches": 7774, "time": 0.623, "data_time": 0.0, "lr": 1e-05, "loss": -1.503, "recon_loss": -1.506, "kld_loss": 0.006, "kld_weight": 0.5}
{"message": "", "levelname": "INFO", "name": "Trainer", "asctime": "2026-04-29 17:50:19,252", "type": "train", "epoch": 12, "batch": 2079, "n_batches": 7774, "time": 0.786, "data_time": 0.0, "lr": 1e-05, "loss": -6.273, "recon_loss": -6.274, "kld_loss": 0.004, "kld_weight": 0.5}
{"message": "", "levelname": "INFO", "name": "Trainer", "asctime": "2026-04-29 17:50:27,607", "type": "train", "epoch": 12, "batch": 2119, "n_batches": 7774, "time": 1.524, "data_time": 0.0, "lr": 1e-05, "loss": -5.887, "recon_loss": -5.89, "kld_loss": 0.005, "kld_weight": 0.5}
{"message": "", "levelname": "INFO", "name": "Trainer", "asctime": "2026-04-29 17:50:35,391", "type": "train", "epoch": 12, "batch": 2159, "n_batches": 7774, "time": 0.929, "data_time": 0.0, "lr": 1e-05, "loss": -8.629, "recon_loss": -8.629, "kld_loss": 0.001, "kld_weight": 0.5}
{"message": "", "levelname": "INFO", "name": "Trainer", "asctime": "2026-04-29 17:50:44,232", "type": "train", "epoch": 12, "batch": 2199, "n_batches": 7774, "time": 0.731, "data_time": 0.0, "lr": 1e-05, "loss": -8.315, "recon_loss": -8.318, "kld_loss": 0.007, "kld_weight": 0.5}
{"message": "", "levelname": "INFO", "name": "Trainer", "asctime": "2026-04-29 17:50:54,001", "type": "train", "epoch": 12, "batch": 2239, "n_batches": 7774, "time": 0.771, "data_time": 0.0, "lr": 1e-05, "loss": -4.751, "recon_loss": -4.754, "kld_loss": 0.006, "kld_weight": 0.5}
{"message": "", "levelname": "INFO", "name": "Trainer", "asctime": "2026-04-29 17:51:01,826", "type": "train", "epoch": 12, "batch": 2279, "n_batches": 7774, "time": 0.753, "data_time": 0.0, "lr": 1e-05, "loss": -11.685, "recon_loss": -11.686, "kld_loss": 0.002, "kld_weight": 0.5}
{"message": "", "levelname": "INFO", "name": "Trainer", "asctime": "2026-04-29 17:51:10,127", "type": "train", "epoch": 12, "batch": 2319, "n_batches": 7774, "time": 0.955, "data_time": 0.0, "lr": 1e-05, "loss": -5.437, "recon_loss": -5.444, "kld_loss": 0.015, "kld_weight": 0.5}
{"message": "", "levelname": "INFO", "name": "Trainer", "asctime": "2026-04-29 17:51:17,923", "type": "train", "epoch": 12, "batch": 2359, "n_batches": 7774, "time": 0.725, "data_time": 0.0, "lr": 1e-05, "loss": -4.879, "recon_loss": -4.884, "kld_loss": 0.01, "kld_weight": 0.5}
{"message": "", "levelname": "INFO", "name": "Trainer", "asctime": "2026-04-29 17:51:26,143", "type": "train", "epoch": 12, "batch": 2399, "n_batches": 7774, "time": 0.687, "data_time": 0.0, "lr": 1e-05, "loss": -4.721, "recon_loss": -4.726, "kld_loss": 0.01, "kld_weight": 0.5}
{"message": "", "levelname": "INFO", "name": "Trainer", "asctime": "2026-04-29 17:51:34,002", "type": "train", "epoch": 12, "batch": 2439, "n_batches": 7774, "time": 0.648, "data_time": 0.0, "lr": 1e-05, "loss": -7.042, "recon_loss": -7.045, "kld_loss": 0.006, "kld_weight": 0.5}
{"message": "", "levelname": "INFO", "name": "Trainer", "asctime": "2026-04-29 17:51:41,426", "type": "train", "epoch": 12, "batch": 2479, "n_batches": 7774, "time": 1.052, "data_time": 0.0, "lr": 1e-05, "loss": -10.687, "recon_loss": -10.689, "kld_loss": 0.003, "kld_weight": 0.5}
{"message": "", "levelname": "INFO", "name": "Trainer", "asctime": "2026-04-29 17:51:49,233", "type": "train", "epoch": 12, "batch": 2519, "n_batches": 7774, "time": 0.83, "data_time": 0.0, "lr": 1e-05, "loss": -5.516, "recon_loss": -5.527, "kld_loss": 0.022, "kld_weight": 0.5}
{"message": "", "levelname": "INFO", "name": "Trainer", "asctime": "2026-04-29 17:51:57,740", "type": "train", "epoch": 12, "batch": 2559, "n_batches": 7774, "time": 0.635, "data_time": 0.0, "lr": 1e-05, "loss": -5.949, "recon_loss": -5.951, "kld_loss": 0.004, "kld_weight": 0.5}
{"message": "", "levelname": "INFO", "name": "Trainer", "asctime": "2026-04-29 17:52:05,827", "type": "train", "epoch": 12, "batch": 2599, "n_batches": 7774, "time": 0.633, "data_time": 0.0, "lr": 1e-05, "loss": -10.166, "recon_loss": -10.167, "kld_loss": 0.002, "kld_weight": 0.5}
{"message": "", "levelname": "INFO", "name": "Trainer", "asctime": "2026-04-29 17:52:14,626", "type": "train", "epoch": 12, "batch": 2639, "n_batches": 7774, "time": 0.71, "data_time": 0.0, "lr": 1e-05, "loss": -4.353, "recon_loss": -4.36, "kld_loss": 0.015, "kld_weight": 0.5}
{"message": "", "levelname": "INFO", "name": "Trainer", "asctime": "2026-04-29 17:52:23,022", "type": "train", "epoch": 12, "batch": 2679, "n_batches": 7774, "time": 0.891, "data_time": 0.0, "lr": 1e-05, "loss": -7.306, "recon_loss": -7.308, "kld_loss": 0.004, "kld_weight": 0.5}
{"message": "", "levelname": "INFO", "name": "Trainer", "asctime": "2026-04-29 17:52:32,208", "type": "train", "epoch": 12, "batch": 2719, "n_batches": 7774, "time": 1.61, "data_time": 0.0, "lr": 1e-05, "loss": -5.415, "recon_loss": -5.418, "kld_loss": 0.007, "kld_weight": 0.5}
{"message": "", "levelname": "INFO", "name": "Trainer", "asctime": "2026-04-29 17:52:40,605", "type": "train", "epoch": 12, "batch": 2759, "n_batches": 7774, "time": 0.7, "data_time": 0.0, "lr": 1e-05, "loss": -10.123, "recon_loss": -10.125, "kld_loss": 0.003, "kld_weight": 0.5}
{"message": "", "levelname": "INFO", "name": "Trainer", "asctime": "2026-04-29 17:52:48,851", "type": "train", "epoch": 12, "batch": 2799, "n_batches": 7774, "time": 0.668, "data_time": 0.0, "lr": 1e-05, "loss": -10.338, "recon_loss": -10.339, "kld_loss": 0.002, "kld_weight": 0.5}
{"message": "", "levelname": "INFO", "name": "Trainer", "asctime": "2026-04-29 17:52:57,114", "type": "train", "epoch": 12, "batch": 2839, "n_batches": 7774, "time": 0.628, "data_time": 0.0, "lr": 1e-05, "loss": -6.462, "recon_loss": -6.465, "kld_loss": 0.005, "kld_weight": 0.5}
{"message": "", "levelname": "INFO", "name": "Trainer", "asctime": "2026-04-29 17:53:05,646", "type": "train", "epoch": 12, "batch": 2879, "n_batches": 7774, "time": 0.849, "data_time": 0.0, "lr": 1e-05, "loss": -3.058, "recon_loss": -3.061, "kld_loss": 0.006, "kld_weight": 0.5}
{"message": "", "levelname": "INFO", "name": "Trainer", "asctime": "2026-04-29 17:53:12,434", "type": "train", "epoch": 12, "batch": 2919, "n_batches": 7774, "time": 0.827, "data_time": 0.0, "lr": 1e-05, "loss": -7.932, "recon_loss": -7.935, "kld_loss": 0.006, "kld_weight": 0.5}
{"message": "", "levelname": "INFO", "name": "Trainer", "asctime": "2026-04-29 17:53:22,283", "type": "train", "epoch": 12, "batch": 2959, "n_batches": 7774, "time": 1.349, "data_time": 0.0, "lr": 1e-05, "loss": -6.008, "recon_loss": -6.011, "kld_loss": 0.006, "kld_weight": 0.5}
{"message": "", "levelname": "INFO", "name": "Trainer", "asctime": "2026-04-29 17:53:31,076", "type": "train", "epoch": 12, "batch": 2999, "n_batches": 7774, "time": 0.966, "data_time": 0.0, "lr": 1e-05, "loss": -9.621, "recon_loss": -9.622, "kld_loss": 0.002, "kld_weight": 0.5}
{"message": "", "levelname": "INFO", "name": "Trainer", "asctime": "2026-04-29 17:53:41,004", "type": "train", "epoch": 12, "batch": 3039, "n_batches": 7774, "time": 1.011, "data_time": 0.0, "lr": 1e-05, "loss": -10.506, "recon_loss": -10.507, "kld_loss": 0.001, "kld_weight": 0.5}
{"message": "", "levelname": "INFO", "name": "Trainer", "asctime": "2026-04-29 17:53:49,970", "type": "train", "epoch": 12, "batch": 3079, "n_batches": 7774, "time": 0.754, "data_time": 0.0, "lr": 1e-05, "loss": -6.753, "recon_loss": -6.756, "kld_loss": 0.005, "kld_weight": 0.5}
{"message": "", "levelname": "INFO", "name": "Trainer", "asctime": "2026-04-29 17:53:58,614", "type": "train", "epoch": 12, "batch": 3119, "n_batches": 7774, "time": 0.852, "data_time": 0.0, "lr": 1e-05, "loss": -9.041, "recon_loss": -9.045, "kld_loss": 0.007, "kld_weight": 0.5}
{"message": "", "levelname": "INFO", "name": "Trainer", "asctime": "2026-04-29 17:54:06,953", "type": "train", "epoch": 12, "batch": 3159, "n_batches": 7774, "time": 0.727, "data_time": 0.0, "lr": 1e-05, "loss": -5.836, "recon_loss": -5.837, "kld_loss": 0.003, "kld_weight": 0.5}
{"message": "", "levelname": "INFO", "name": "Trainer", "asctime": "2026-04-29 17:54:14,940", "type": "train", "epoch": 12, "batch": 3199, "n_batches": 7774, "time": 0.906, "data_time": 0.0, "lr": 1e-05, "loss": -10.264, "recon_loss": -10.265, "kld_loss": 0.002, "kld_weight": 0.5}
{"message": "", "levelname": "INFO", "name": "Trainer", "asctime": "2026-04-29 17:54:24,007", "type": "train", "epoch": 12, "batch": 3239, "n_batches": 7774, "time": 1.329, "data_time": 0.0, "lr": 1e-05, "loss": -9.335, "recon_loss": -9.337, "kld_loss": 0.004, "kld_weight": 0.5}
{"message": "", "levelname": "INFO", "name": "Trainer", "asctime": "2026-04-29 17:54:34,129", "type": "train", "epoch": 12, "batch": 3279, "n_batches": 7774, "time": 1.415, "data_time": 0.0, "lr": 1e-05, "loss": -9.163, "recon_loss": -9.165, "kld_loss": 0.004, "kld_weight": 0.5}
{"message": "", "levelname": "INFO", "name": "Trainer", "asctime": "2026-04-29 17:54:43,246", "type": "train", "epoch": 12, "batch": 3319, "n_batches": 7774, "time": 0.643, "data_time": 0.0, "lr": 1e-05, "loss": -7.331, "recon_loss": -7.333, "kld_loss": 0.004, "kld_weight": 0.5}
{"message": "", "levelname": "INFO", "name": "Trainer", "asctime": "2026-04-29 17:54:51,304", "type": "train", "epoch": 12, "batch": 3359, "n_batches": 7774, "time": 0.894, "data_time": 0.0, "lr": 1e-05, "loss": -8.951, "recon_loss": -8.955, "kld_loss": 0.008, "kld_weight": 0.5}
{"message": "", "levelname": "INFO", "name": "Trainer", "asctime": "2026-04-29 17:54:59,132", "type": "train", "epoch": 12, "batch": 3399, "n_batches": 7774, "time": 0.851, "data_time": 0.0, "lr": 1e-05, "loss": -8.046, "recon_loss": -8.047, "kld_loss": 0.003, "kld_weight": 0.5}
{"message": "", "levelname": "INFO", "name": "Trainer", "asctime": "2026-04-29 17:55:07,156", "type": "train", "epoch": 12, "batch": 3439, "n_batches": 7774, "time": 0.736, "data_time": 0.0, "lr": 1e-05, "loss": -9.722, "recon_loss": -9.723, "kld_loss": 0.003, "kld_weight": 0.5}
{"message": "", "levelname": "INFO", "name": "Trainer", "asctime": "2026-04-29 17:55:14,750", "type": "train", "epoch": 12, "batch": 3479, "n_batches": 7774, "time": 0.655, "data_time": 0.0, "lr": 1e-05, "loss": -4.238, "recon_loss": -4.245, "kld_loss": 0.013, "kld_weight": 0.5}
{"message": "", "levelname": "INFO", "name": "Trainer", "asctime": "2026-04-29 17:55:22,830", "type": "train", "epoch": 12, "batch": 3519, "n_batches": 7774, "time": 0.754, "data_time": 0.0, "lr": 1e-05, "loss": -7.331, "recon_loss": -7.334, "kld_loss": 0.005, "kld_weight": 0.5}
{"message": "", "levelname": "INFO", "name": "Trainer", "asctime": "2026-04-29 17:55:31,165", "type": "train", "epoch": 12, "batch": 3559, "n_batches": 7774, "time": 0.835, "data_time": 0.0, "lr": 1e-05, "loss": -3.164, "recon_loss": -3.171, "kld_loss": 0.013, "kld_weight": 0.5}
{"message": "", "levelname": "INFO", "name": "Trainer", "asctime": "2026-04-29 17:55:39,476", "type": "train", "epoch": 12, "batch": 3599, "n_batches": 7774, "time": 0.548, "data_time": 0.0, "lr": 1e-05, "loss": -10.6, "recon_loss": -10.602, "kld_loss": 0.003, "kld_weight": 0.5}
{"message": "", "levelname": "INFO", "name": "Trainer", "asctime": "2026-04-29 17:55:47,413", "type": "train", "epoch": 12, "batch": 3639, "n_batches": 7774, "time": 0.868, "data_time": 0.0, "lr": 1e-05, "loss": -8.045, "recon_loss": -8.046, "kld_loss": 0.003, "kld_weight": 0.5}
{"message": "", "levelname": "INFO", "name": "Trainer", "asctime": "2026-04-29 17:55:55,229", "type": "train", "epoch": 12, "batch": 3679, "n_batches": 7774, "time": 0.796, "data_time": 0.0, "lr": 1e-05, "loss": -9.102, "recon_loss": -9.105, "kld_loss": 0.006, "kld_weight": 0.5}
{"message": "", "levelname": "INFO", "name": "Trainer", "asctime": "2026-04-29 17:56:03,328", "type": "train", "epoch": 12, "batch": 3719, "n_batches": 7774, "time": 0.776, "data_time": 0.0, "lr": 1e-05, "loss": -9.886, "recon_loss": -9.889, "kld_loss": 0.005, "kld_weight": 0.5}
{"message": "", "levelname": "INFO", "name": "Trainer", "asctime": "2026-04-29 17:56:11,872", "type": "train", "epoch": 12, "batch": 3759, "n_batches": 7774, "time": 0.771, "data_time": 0.0, "lr": 1e-05, "loss": -0.924, "recon_loss": -0.932, "kld_loss": 0.016, "kld_weight": 0.5}
{"message": "", "levelname": "INFO", "name": "Trainer", "asctime": "2026-04-29 17:56:20,535", "type": "train", "epoch": 12, "batch": 3799, "n_batches": 7774, "time": 0.622, "data_time": 0.0, "lr": 1e-05, "loss": -9.039, "recon_loss": -9.04, "kld_loss": 0.002, "kld_weight": 0.5}
{"message": "", "levelname": "INFO", "name": "Trainer", "asctime": "2026-04-29 17:56:29,099", "type": "train", "epoch": 12, "batch": 3839, "n_batches": 7774, "time": 0.592, "data_time": 0.0, "lr": 1e-05, "loss": -9.228, "recon_loss": -9.231, "kld_loss": 0.005, "kld_weight": 0.5}
{"message": "", "levelname": "INFO", "name": "Trainer", "asctime": "2026-04-29 17:56:37,173", "type": "train", "epoch": 12, "batch": 3879, "n_batches": 7774, "time": 0.775, "data_time": 0.0, "lr": 1e-05, "loss": -9.003, "recon_loss": -9.005, "kld_loss": 0.004, "kld_weight": 0.5}
{"message": "", "levelname": "INFO", "name": "Trainer", "asctime": "2026-04-29 17:56:45,708", "type": "train", "epoch": 12, "batch": 3919, "n_batches": 7774, "time": 0.534, "data_time": 0.0, "lr": 1e-05, "loss": -6.385, "recon_loss": -6.393, "kld_loss": 0.017, "kld_weight": 0.5}
{"message": "", "levelname": "INFO", "name": "Trainer", "asctime": "2026-04-29 17:56:55,156", "type": "train", "epoch": 12, "batch": 3959, "n_batches": 7774, "time": 0.656, "data_time": 0.0, "lr": 1e-05, "loss": -5.998, "recon_loss": -6.001, "kld_loss": 0.006, "kld_weight": 0.5}
{"message": "", "levelname": "INFO", "name": "Trainer", "asctime": "2026-04-29 17:57:03,078", "type": "train", "epoch": 12, "batch": 3999, "n_batches": 7774, "time": 1.305, "data_time": 0.0, "lr": 1e-05, "loss": -2.498, "recon_loss": -2.504, "kld_loss": 0.014, "kld_weight": 0.5}
{"message": "", "levelname": "INFO", "name": "Trainer", "asctime": "2026-04-29 17:57:12,469", "type": "train", "epoch": 12, "batch": 4039, "n_batches": 7774, "time": 0.807, "data_time": 0.0, "lr": 1e-05, "loss": -2.612, "recon_loss": -2.616, "kld_loss": 0.008, "kld_weight": 0.5}
{"message": "", "levelname": "INFO", "name": "Trainer", "asctime": "2026-04-29 17:57:21,306", "type": "train", "epoch": 12, "batch": 4079, "n_batches": 7774, "time": 0.86, "data_time": 0.0, "lr": 1e-05, "loss": -4.613, "recon_loss": -4.615, "kld_loss": 0.004, "kld_weight": 0.5}
{"message": "", "levelname": "INFO", "name": "Trainer", "asctime": "2026-04-29 17:57:28,776", "type": "train", "epoch": 12, "batch": 4119, "n_batches": 7774, "time": 0.643, "data_time": 0.0, "lr": 1e-05, "loss": -6.127, "recon_loss": -6.129, "kld_loss": 0.004, "kld_weight": 0.5}
{"message": "", "levelname": "INFO", "name": "Trainer", "asctime": "2026-04-29 17:57:37,097", "type": "train", "epoch": 12, "batch": 4159, "n_batches": 7774, "time": 0.727, "data_time": 0.0, "lr": 1e-05, "loss": -5.674, "recon_loss": -5.678, "kld_loss": 0.006, "kld_weight": 0.5}
{"message": "", "levelname": "INFO", "name": "Trainer", "asctime": "2026-04-29 17:57:44,922", "type": "train", "epoch": 12, "batch": 4199, "n_batches": 7774, "time": 0.557, "data_time": 0.0, "lr": 1e-05, "loss": -7.358, "recon_loss": -7.362, "kld_loss": 0.008, "kld_weight": 0.5}
{"message": "", "levelname": "INFO", "name": "Trainer", "asctime": "2026-04-29 17:57:53,539", "type": "train", "epoch": 12, "batch": 4239, "n_batches": 7774, "time": 0.872, "data_time": 0.0, "lr": 1e-05, "loss": -4.397, "recon_loss": -4.402, "kld_loss": 0.009, "kld_weight": 0.5}
{"message": "", "levelname": "INFO", "name": "Trainer", "asctime": "2026-04-29 17:58:01,868", "type": "train", "epoch": 12, "batch": 4279, "n_batches": 7774, "time": 0.802, "data_time": 0.0, "lr": 1e-05, "loss": -6.819, "recon_loss": -6.823, "kld_loss": 0.008, "kld_weight": 0.5}
{"message": "", "levelname": "INFO", "name": "Trainer", "asctime": "2026-04-29 17:58:09,580", "type": "train", "epoch": 12, "batch": 4319, "n_batches": 7774, "time": 0.747, "data_time": 0.0, "lr": 1e-05, "loss": -6.683, "recon_loss": -6.685, "kld_loss": 0.003, "kld_weight": 0.5}
{"message": "", "levelname": "INFO", "name": "Trainer", "asctime": "2026-04-29 17:58:17,510", "type": "train", "epoch": 12, "batch": 4359, "n_batches": 7774, "time": 0.834, "data_time": 0.0, "lr": 1e-05, "loss": -5.205, "recon_loss": -5.21, "kld_loss": 0.01, "kld_weight": 0.5}
{"message": "", "levelname": "INFO", "name": "Trainer", "asctime": "2026-04-29 17:58:27,215", "type": "train", "epoch": 12, "batch": 4399, "n_batches": 7774, "time": 0.823, "data_time": 0.0, "lr": 1e-05, "loss": -9.093, "recon_loss": -9.095, "kld_loss": 0.003, "kld_weight": 0.5}
{"message": "", "levelname": "INFO", "name": "Trainer", "asctime": "2026-04-29 17:58:34,844", "type": "train", "epoch": 12, "batch": 4439, "n_batches": 7774, "time": 0.654, "data_time": 0.0, "lr": 1e-05, "loss": -6.338, "recon_loss": -6.341, "kld_loss": 0.007, "kld_weight": 0.5}
{"message": "", "levelname": "INFO", "name": "Trainer", "asctime": "2026-04-29 17:58:43,748", "type": "train", "epoch": 12, "batch": 4479, "n_batches": 7774, "time": 1.541, "data_time": 0.0, "lr": 1e-05, "loss": -8.74, "recon_loss": -8.744, "kld_loss": 0.008, "kld_weight": 0.5}
{"message": "", "levelname": "INFO", "name": "Trainer", "asctime": "2026-04-29 17:58:53,375", "type": "train", "epoch": 12, "batch": 4519, "n_batches": 7774, "time": 1.012, "data_time": 0.0, "lr": 1e-05, "loss": -6.404, "recon_loss": -6.406, "kld_loss": 0.004, "kld_weight": 0.5}
{"message": "", "levelname": "INFO", "name": "Trainer", "asctime": "2026-04-29 17:59:01,307", "type": "train", "epoch": 12, "batch": 4559, "n_batches": 7774, "time": 0.644, "data_time": 0.0, "lr": 1e-05, "loss": -2.636, "recon_loss": -2.643, "kld_loss": 0.014, "kld_weight": 0.5}
{"message": "", "levelname": "INFO", "name": "Trainer", "asctime": "2026-04-29 17:59:09,131", "type": "train", "epoch": 12, "batch": 4599, "n_batches": 7774, "time": 0.98, "data_time": 0.0, "lr": 1e-05, "loss": -8.091, "recon_loss": -8.094, "kld_loss": 0.004, "kld_weight": 0.5}
{"message": "", "levelname": "INFO", "name": "Trainer", "asctime": "2026-04-29 17:59:16,261", "type": "train", "epoch": 12, "batch": 4639, "n_batches": 7774, "time": 0.431, "data_time": 0.0, "lr": 1e-05, "loss": -7.204, "recon_loss": -7.209, "kld_loss": 0.01, "kld_weight": 0.5}
{"message": "", "levelname": "INFO", "name": "Trainer", "asctime": "2026-04-29 17:59:25,096", "type": "train", "epoch": 12, "batch": 4679, "n_batches": 7774, "time": 0.857, "data_time": 0.0, "lr": 1e-05, "loss": -5.939, "recon_loss": -5.943, "kld_loss": 0.01, "kld_weight": 0.5}
{"message": "", "levelname": "INFO", "name": "Trainer", "asctime": "2026-04-29 17:59:33,344", "type": "train", "epoch": 12, "batch": 4719, "n_batches": 7774, "time": 0.753, "data_time": 0.0, "lr": 1e-05, "loss": -9.603, "recon_loss": -9.605, "kld_loss": 0.004, "kld_weight": 0.5}
{"message": "", "levelname": "INFO", "name": "Trainer", "asctime": "2026-04-29 17:59:43,919", "type": "train", "epoch": 12, "batch": 4759, "n_batches": 7774, "time": 0.792, "data_time": 0.0, "lr": 1e-05, "loss": -6.808, "recon_loss": -6.811, "kld_loss": 0.006, "kld_weight": 0.5}
{"message": "", "levelname": "INFO", "name": "Trainer", "asctime": "2026-04-29 17:59:52,542", "type": "train", "epoch": 12, "batch": 4799, "n_batches": 7774, "time": 0.852, "data_time": 0.0, "lr": 1e-05, "loss": -9.293, "recon_loss": -9.294, "kld_loss": 0.001, "kld_weight": 0.5}
{"message": "", "levelname": "INFO", "name": "Trainer", "asctime": "2026-04-29 18:00:00,826", "type": "train", "epoch": 12, "batch": 4839, "n_batches": 7774, "time": 0.794, "data_time": 0.0, "lr": 1e-05, "loss": -9.069, "recon_loss": -9.07, "kld_loss": 0.002, "kld_weight": 0.5}
{"message": "", "levelname": "INFO", "name": "Trainer", "asctime": "2026-04-29 18:00:07,870", "type": "train", "epoch": 12, "batch": 4879, "n_batches": 7774, "time": 0.644, "data_time": 0.0, "lr": 1e-05, "loss": -10.488, "recon_loss": -10.49, "kld_loss": 0.004, "kld_weight": 0.5}
{"message": "", "levelname": "INFO", "name": "Trainer", "asctime": "2026-04-29 18:00:15,430", "type": "train", "epoch": 12, "batch": 4919, "n_batches": 7774, "time": 0.75, "data_time": 0.0, "lr": 1e-05, "loss": -5.538, "recon_loss": -5.539, "kld_loss": 0.003, "kld_weight": 0.5}
{"message": "", "levelname": "INFO", "name": "Trainer", "asctime": "2026-04-29 18:00:25,402", "type": "train", "epoch": 12, "batch": 4959, "n_batches": 7774, "time": 1.341, "data_time": 0.0, "lr": 1e-05, "loss": -10.861, "recon_loss": -10.862, "kld_loss": 0.001, "kld_weight": 0.5}
{"message": "", "levelname": "INFO", "name": "Trainer", "asctime": "2026-04-29 18:00:33,835", "type": "train", "epoch": 12, "batch": 4999, "n_batches": 7774, "time": 0.77, "data_time": 0.0, "lr": 1e-05, "loss": -5.187, "recon_loss": -5.192, "kld_loss": 0.01, "kld_weight": 0.5}
{"message": "", "levelname": "INFO", "name": "Trainer", "asctime": "2026-04-29 18:00:41,742", "type": "train", "epoch": 12, "batch": 5039, "n_batches": 7774, "time": 0.783, "data_time": 0.0, "lr": 1e-05, "loss": -6.194, "recon_loss": -6.196, "kld_loss": 0.004, "kld_weight": 0.5}
{"message": "", "levelname": "INFO", "name": "Trainer", "asctime": "2026-04-29 18:00:50,199", "type": "train", "epoch": 12, "batch": 5079, "n_batches": 7774, "time": 0.619, "data_time": 0.0, "lr": 1e-05, "loss": -9.437, "recon_loss": -9.438, "kld_loss": 0.002, "kld_weight": 0.5}
{"message": "", "levelname": "INFO", "name": "Trainer", "asctime": "2026-04-29 18:00:56,903", "type": "train", "epoch": 12, "batch": 5119, "n_batches": 7774, "time": 0.598, "data_time": 0.0, "lr": 1e-05, "loss": -7.413, "recon_loss": -7.416, "kld_loss": 0.007, "kld_weight": 0.5}
{"message": "", "levelname": "INFO", "name": "Trainer", "asctime": "2026-04-29 18:01:07,169", "type": "train", "epoch": 12, "batch": 5159, "n_batches": 7774, "time": 0.796, "data_time": 0.0, "lr": 1e-05, "loss": -9.6, "recon_loss": -9.602, "kld_loss": 0.005, "kld_weight": 0.5}
{"message": "", "levelname": "INFO", "name": "Trainer", "asctime": "2026-04-29 18:01:15,036", "type": "train", "epoch": 12, "batch": 5199, "n_batches": 7774, "time": 0.754, "data_time": 0.0, "lr": 1e-05, "loss": -5.53, "recon_loss": -5.533, "kld_loss": 0.006, "kld_weight": 0.5}
{"message": "", "levelname": "INFO", "name": "Trainer", "asctime": "2026-04-29 18:01:24,242", "type": "train", "epoch": 12, "batch": 5239, "n_batches": 7774, "time": 0.709, "data_time": 0.0, "lr": 1e-05, "loss": -7.901, "recon_loss": -7.902, "kld_loss": 0.002, "kld_weight": 0.5}
{"message": "", "levelname": "INFO", "name": "Trainer", "asctime": "2026-04-29 18:01:32,725", "type": "train", "epoch": 12, "batch": 5279, "n_batches": 7774, "time": 1.436, "data_time": 0.0, "lr": 1e-05, "loss": -8.827, "recon_loss": -8.83, "kld_loss": 0.007, "kld_weight": 0.5}
{"message": "", "levelname": "INFO", "name": "Trainer", "asctime": "2026-04-29 18:01:41,148", "type": "train", "epoch": 12, "batch": 5319, "n_batches": 7774, "time": 0.997, "data_time": 0.0, "lr": 1e-05, "loss": -9.041, "recon_loss": -9.042, "kld_loss": 0.002, "kld_weight": 0.5}
{"message": "", "levelname": "INFO", "name": "Trainer", "asctime": "2026-04-29 18:01:49,868", "type": "train", "epoch": 12, "batch": 5359, "n_batches": 7774, "time": 1.472, "data_time": 0.0, "lr": 1e-05, "loss": -10.792, "recon_loss": -10.793, "kld_loss": 0.002, "kld_weight": 0.5}
{"message": "", "levelname": "INFO", "name": "Trainer", "asctime": "2026-04-29 18:01:59,485", "type": "train", "epoch": 12, "batch": 5399, "n_batches": 7774, "time": 1.805, "data_time": 0.0, "lr": 1e-05, "loss": -7.821, "recon_loss": -7.826, "kld_loss": 0.01, "kld_weight": 0.5}
{"message": "", "levelname": "INFO", "name": "Trainer", "asctime": "2026-04-29 18:02:06,668", "type": "train", "epoch": 12, "batch": 5439, "n_batches": 7774, "time": 0.613, "data_time": 0.0, "lr": 1e-05, "loss": -10.557, "recon_loss": -10.558, "kld_loss": 0.002, "kld_weight": 0.5}
{"message": "", "levelname": "INFO", "name": "Trainer", "asctime": "2026-04-29 18:02:14,658", "type": "train", "epoch": 12, "batch": 5479, "n_batches": 7774, "time": 0.699, "data_time": 0.0, "lr": 1e-05, "loss": -10.527, "recon_loss": -10.529, "kld_loss": 0.003, "kld_weight": 0.5}
{"message": "", "levelname": "INFO", "name": "Trainer", "asctime": "2026-04-29 18:02:23,626", "type": "train", "epoch": 12, "batch": 5519, "n_batches": 7774, "time": 0.729, "data_time": 0.0, "lr": 1e-05, "loss": -7.941, "recon_loss": -7.943, "kld_loss": 0.005, "kld_weight": 0.5}
{"message": "", "levelname": "INFO", "name": "Trainer", "asctime": "2026-04-29 18:02:32,878", "type": "train", "epoch": 12, "batch": 5559, "n_batches": 7774, "time": 0.866, "data_time": 0.0, "lr": 1e-05, "loss": -8.523, "recon_loss": -8.525, "kld_loss": 0.005, "kld_weight": 0.5}
{"message": "", "levelname": "INFO", "name": "Trainer", "asctime": "2026-04-29 18:02:43,296", "type": "train", "epoch": 12, "batch": 5599, "n_batches": 7774, "time": 0.672, "data_time": 0.0, "lr": 1e-05, "loss": -8.343, "recon_loss": -8.345, "kld_loss": 0.005, "kld_weight": 0.5}
{"message": "", "levelname": "INFO", "name": "Trainer", "asctime": "2026-04-29 18:02:51,939", "type": "train", "epoch": 12, "batch": 5639, "n_batches": 7774, "time": 0.555, "data_time": 0.0, "lr": 1e-05, "loss": -9.666, "recon_loss": -9.667, "kld_loss": 0.002, "kld_weight": 0.5}
{"message": "", "levelname": "INFO", "name": "Trainer", "asctime": "2026-04-29 18:03:00,391", "type": "train", "epoch": 12, "batch": 5679, "n_batches": 7774, "time": 0.795, "data_time": 0.0, "lr": 1e-05, "loss": -8.923, "recon_loss": -8.925, "kld_loss": 0.005, "kld_weight": 0.5}
{"message": "", "levelname": "INFO", "name": "Trainer", "asctime": "2026-04-29 18:03:08,968", "type": "train", "epoch": 12, "batch": 5719, "n_batches": 7774, "time": 0.742, "data_time": 0.0, "lr": 1e-05, "loss": -4.906, "recon_loss": -4.914, "kld_loss": 0.015, "kld_weight": 0.5}
{"message": "", "levelname": "INFO", "name": "Trainer", "asctime": "2026-04-29 18:03:17,820", "type": "train", "epoch": 12, "batch": 5759, "n_batches": 7774, "time": 0.658, "data_time": 0.0, "lr": 1e-05, "loss": -9.615, "recon_loss": -9.617, "kld_loss": 0.004, "kld_weight": 0.5}
{"message": "", "levelname": "INFO", "name": "Trainer", "asctime": "2026-04-29 18:03:25,275", "type": "train", "epoch": 12, "batch": 5799, "n_batches": 7774, "time": 0.964, "data_time": 0.0, "lr": 1e-05, "loss": -8.14, "recon_loss": -8.142, "kld_loss": 0.004, "kld_weight": 0.5}
{"message": "", "levelname": "INFO", "name": "Trainer", "asctime": "2026-04-29 18:03:33,498", "type": "train", "epoch": 12, "batch": 5839, "n_batches": 7774, "time": 0.669, "data_time": 0.0, "lr": 1e-05, "loss": -7.222, "recon_loss": -7.224, "kld_loss": 0.003, "kld_weight": 0.5}
{"message": "", "levelname": "INFO", "name": "Trainer", "asctime": "2026-04-29 18:03:40,880", "type": "train", "epoch": 12, "batch": 5879, "n_batches": 7774, "time": 0.742, "data_time": 0.0, "lr": 1e-05, "loss": -9.893, "recon_loss": -9.895, "kld_loss": 0.004, "kld_weight": 0.5}
{"message": "", "levelname": "INFO", "name": "Trainer", "asctime": "2026-04-29 18:03:49,083", "type": "train", "epoch": 12, "batch": 5919, "n_batches": 7774, "time": 0.778, "data_time": 0.0, "lr": 1e-05, "loss": -7.832, "recon_loss": -7.833, "kld_loss": 0.003, "kld_weight": 0.5}
{"message": "", "levelname": "INFO", "name": "Trainer", "asctime": "2026-04-29 18:03:56,659", "type": "train", "epoch": 12, "batch": 5959, "n_batches": 7774, "time": 0.815, "data_time": 0.0, "lr": 1e-05, "loss": -8.421, "recon_loss": -8.423, "kld_loss": 0.004, "kld_weight": 0.5}
{"message": "", "levelname": "INFO", "name": "Trainer", "asctime": "2026-04-29 18:04:04,296", "type": "train", "epoch": 12, "batch": 5999, "n_batches": 7774, "time": 1.39, "data_time": 0.0, "lr": 1e-05, "loss": -10.613, "recon_loss": -10.614, "kld_loss": 0.002, "kld_weight": 0.5}
{"message": "", "levelname": "INFO", "name": "Trainer", "asctime": "2026-04-29 18:04:12,635", "type": "train", "epoch": 12, "batch": 6039, "n_batches": 7774, "time": 0.663, "data_time": 0.0, "lr": 1e-05, "loss": -10.647, "recon_loss": -10.649, "kld_loss": 0.004, "kld_weight": 0.5}
{"message": "", "levelname": "INFO", "name": "Trainer", "asctime": "2026-04-29 18:04:21,217", "type": "train", "epoch": 12, "batch": 6079, "n_batches": 7774, "time": 0.774, "data_time": 0.0, "lr": 1e-05, "loss": -11.069, "recon_loss": -11.071, "kld_loss": 0.003, "kld_weight": 0.5}
{"message": "", "levelname": "INFO", "name": "Trainer", "asctime": "2026-04-29 18:04:29,946", "type": "train", "epoch": 12, "batch": 6119, "n_batches": 7774, "time": 0.819, "data_time": 0.0, "lr": 1e-05, "loss": -8.907, "recon_loss": -8.908, "kld_loss": 0.002, "kld_weight": 0.5}
{"message": "", "levelname": "INFO", "name": "Trainer", "asctime": "2026-04-29 18:04:37,679", "type": "train", "epoch": 12, "batch": 6159, "n_batches": 7774, "time": 0.791, "data_time": 0.0, "lr": 1e-05, "loss": -9.515, "recon_loss": -9.517, "kld_loss": 0.004, "kld_weight": 0.5}
{"message": "", "levelname": "INFO", "name": "Trainer", "asctime": "2026-04-29 18:04:45,633", "type": "train", "epoch": 12, "batch": 6199, "n_batches": 7774, "time": 0.802, "data_time": 0.0, "lr": 1e-05, "loss": -3.782, "recon_loss": -3.785, "kld_loss": 0.007, "kld_weight": 0.5}
{"message": "", "levelname": "INFO", "name": "Trainer", "asctime": "2026-04-29 18:04:54,298", "type": "train", "epoch": 12, "batch": 6239, "n_batches": 7774, "time": 0.843, "data_time": 0.0, "lr": 1e-05, "loss": -8.741, "recon_loss": -8.745, "kld_loss": 0.008, "kld_weight": 0.5}
{"message": "", "levelname": "INFO", "name": "Trainer", "asctime": "2026-04-29 18:05:02,686", "type": "train", "epoch": 12, "batch": 6279, "n_batches": 7774, "time": 0.801, "data_time": 0.0, "lr": 1e-05, "loss": -8.859, "recon_loss": -8.86, "kld_loss": 0.003, "kld_weight": 0.5}
{"message": "", "levelname": "INFO", "name": "Trainer", "asctime": "2026-04-29 18:05:10,173", "type": "train", "epoch": 12, "batch": 6319, "n_batches": 7774, "time": 0.853, "data_time": 0.0, "lr": 1e-05, "loss": -7.57, "recon_loss": -7.572, "kld_loss": 0.004, "kld_weight": 0.5}
{"message": "", "levelname": "INFO", "name": "Trainer", "asctime": "2026-04-29 18:05:18,977", "type": "train", "epoch": 12, "batch": 6359, "n_batches": 7774, "time": 1.39, "data_time": 0.0, "lr": 1e-05, "loss": -7.808, "recon_loss": -7.811, "kld_loss": 0.007, "kld_weight": 0.5}
{"message": "", "levelname": "INFO", "name": "Trainer", "asctime": "2026-04-29 18:05:26,673", "type": "train", "epoch": 12, "batch": 6399, "n_batches": 7774, "time": 0.54, "data_time": 0.0, "lr": 1e-05, "loss": -2.726, "recon_loss": -2.73, "kld_loss": 0.008, "kld_weight": 0.5}
{"message": "", "levelname": "INFO", "name": "Trainer", "asctime": "2026-04-29 18:05:35,489", "type": "train", "epoch": 12, "batch": 6439, "n_batches": 7774, "time": 0.882, "data_time": 0.0, "lr": 1e-05, "loss": -9.802, "recon_loss": -9.804, "kld_loss": 0.002, "kld_weight": 0.5}
{"message": "", "levelname": "INFO", "name": "Trainer", "asctime": "2026-04-29 18:05:42,765", "type": "train", "epoch": 12, "batch": 6479, "n_batches": 7774, "time": 0.572, "data_time": 0.0, "lr": 1e-05, "loss": -11.276, "recon_loss": -11.277, "kld_loss": 0.002, "kld_weight": 0.5}
{"message": "", "levelname": "INFO", "name": "Trainer", "asctime": "2026-04-29 18:05:50,941", "type": "train", "epoch": 12, "batch": 6519, "n_batches": 7774, "time": 0.764, "data_time": 0.0, "lr": 1e-05, "loss": -9.72, "recon_loss": -9.722, "kld_loss": 0.004, "kld_weight": 0.5}
{"message": "", "levelname": "INFO", "name": "Trainer", "asctime": "2026-04-29 18:05:59,730", "type": "train", "epoch": 12, "batch": 6559, "n_batches": 7774, "time": 1.068, "data_time": 0.0, "lr": 1e-05, "loss": -10.136, "recon_loss": -10.136, "kld_loss": 0.001, "kld_weight": 0.5}
{"message": "", "levelname": "INFO", "name": "Trainer", "asctime": "2026-04-29 18:06:06,794", "type": "train", "epoch": 12, "batch": 6599, "n_batches": 7774, "time": 0.749, "data_time": 0.0, "lr": 1e-05, "loss": -7.026, "recon_loss": -7.028, "kld_loss": 0.005, "kld_weight": 0.5}
{"message": "", "levelname": "INFO", "name": "Trainer", "asctime": "2026-04-29 18:06:15,458", "type": "train", "epoch": 12, "batch": 6639, "n_batches": 7774, "time": 1.446, "data_time": 0.0, "lr": 1e-05, "loss": -6.859, "recon_loss": -6.865, "kld_loss": 0.011, "kld_weight": 0.5}
{"message": "", "levelname": "INFO", "name": "Trainer", "asctime": "2026-04-29 18:06:23,236", "type": "train", "epoch": 12, "batch": 6679, "n_batches": 7774, "time": 0.942, "data_time": 0.0, "lr": 1e-05, "loss": -8.076, "recon_loss": -8.08, "kld_loss": 0.007, "kld_weight": 0.5}
{"message": "", "levelname": "INFO", "name": "Trainer", "asctime": "2026-04-29 18:06:31,471", "type": "train", "epoch": 12, "batch": 6719, "n_batches": 7774, "time": 0.728, "data_time": 0.0, "lr": 1e-05, "loss": -7.938, "recon_loss": -7.942, "kld_loss": 0.007, "kld_weight": 0.5}
{"message": "", "levelname": "INFO", "name": "Trainer", "asctime": "2026-04-29 18:06:40,344", "type": "train", "epoch": 12, "batch": 6759, "n_batches": 7774, "time": 0.767, "data_time": 0.0, "lr": 1e-05, "loss": -4.976, "recon_loss": -4.981, "kld_loss": 0.01, "kld_weight": 0.5}
{"message": "", "levelname": "INFO", "name": "Trainer", "asctime": "2026-04-29 18:06:48,164", "type": "train", "epoch": 12, "batch": 6799, "n_batches": 7774, "time": 0.764, "data_time": 0.0, "lr": 1e-05, "loss": -3.512, "recon_loss": -3.513, "kld_loss": 0.002, "kld_weight": 0.5}
{"message": "", "levelname": "INFO", "name": "Trainer", "asctime": "2026-04-29 18:06:57,270", "type": "train", "epoch": 12, "batch": 6839, "n_batches": 7774, "time": 0.702, "data_time": 0.0, "lr": 1e-05, "loss": -7.056, "recon_loss": -7.061, "kld_loss": 0.009, "kld_weight": 0.5}
{"message": "", "levelname": "INFO", "name": "Trainer", "asctime": "2026-04-29 18:07:05,195", "type": "train", "epoch": 12, "batch": 6879, "n_batches": 7774, "time": 1.029, "data_time": 0.0, "lr": 1e-05, "loss": -4.165, "recon_loss": -4.169, "kld_loss": 0.007, "kld_weight": 0.5}
{"message": "", "levelname": "INFO", "name": "Trainer", "asctime": "2026-04-29 18:07:13,031", "type": "train", "epoch": 12, "batch": 6919, "n_batches": 7774, "time": 0.806, "data_time": 0.0, "lr": 1e-05, "loss": -7.676, "recon_loss": -7.677, "kld_loss": 0.003, "kld_weight": 0.5}
{"message": "", "levelname": "INFO", "name": "Trainer", "asctime": "2026-04-29 18:07:21,475", "type": "train", "epoch": 12, "batch": 6959, "n_batches": 7774, "time": 1.53, "data_time": 0.0, "lr": 1e-05, "loss": -7.185, "recon_loss": -7.19, "kld_loss": 0.01, "kld_weight": 0.5}
{"message": "", "levelname": "INFO", "name": "Trainer", "asctime": "2026-04-29 18:07:29,870", "type": "train", "epoch": 12, "batch": 6999, "n_batches": 7774, "time": 0.721, "data_time": 0.0, "lr": 1e-05, "loss": -8.113, "recon_loss": -8.114, "kld_loss": 0.003, "kld_weight": 0.5}
{"message": "", "levelname": "INFO", "name": "Trainer", "asctime": "2026-04-29 18:07:37,736", "type": "train", "epoch": 12, "batch": 7039, "n_batches": 7774, "time": 0.711, "data_time": 0.0, "lr": 1e-05, "loss": -5.643, "recon_loss": -5.647, "kld_loss": 0.008, "kld_weight": 0.5}
{"message": "", "levelname": "INFO", "name": "Trainer", "asctime": "2026-04-29 18:07:46,223", "type": "train", "epoch": 12, "batch": 7079, "n_batches": 7774, "time": 0.609, "data_time": 0.0, "lr": 1e-05, "loss": -9.362, "recon_loss": -9.363, "kld_loss": 0.003, "kld_weight": 0.5}
{"message": "", "levelname": "INFO", "name": "Trainer", "asctime": "2026-04-29 18:07:55,344", "type": "train", "epoch": 12, "batch": 7119, "n_batches": 7774, "time": 0.658, "data_time": 0.0, "lr": 1e-05, "loss": -9.03, "recon_loss": -9.031, "kld_loss": 0.002, "kld_weight": 0.5}
{"message": "", "levelname": "INFO", "name": "Trainer", "asctime": "2026-04-29 18:08:04,442", "type": "train", "epoch": 12, "batch": 7159, "n_batches": 7774, "time": 0.788, "data_time": 0.0, "lr": 1e-05, "loss": -8.385, "recon_loss": -8.387, "kld_loss": 0.005, "kld_weight": 0.5}
{"message": "", "levelname": "INFO", "name": "Trainer", "asctime": "2026-04-29 18:08:14,418", "type": "train", "epoch": 12, "batch": 7199, "n_batches": 7774, "time": 1.368, "data_time": 0.0, "lr": 1e-05, "loss": -5.204, "recon_loss": -5.21, "kld_loss": 0.011, "kld_weight": 0.5}
{"message": "", "levelname": "INFO", "name": "Trainer", "asctime": "2026-04-29 18:08:23,842", "type": "train", "epoch": 12, "batch": 7239, "n_batches": 7774, "time": 0.893, "data_time": 0.0, "lr": 1e-05, "loss": -6.009, "recon_loss": -6.012, "kld_loss": 0.007, "kld_weight": 0.5}
{"message": "", "levelname": "INFO", "name": "Trainer", "asctime": "2026-04-29 18:08:31,932", "type": "train", "epoch": 12, "batch": 7279, "n_batches": 7774, "time": 0.868, "data_time": 0.0, "lr": 1e-05, "loss": -6.818, "recon_loss": -6.822, "kld_loss": 0.009, "kld_weight": 0.5}
{"message": "", "levelname": "INFO", "name": "Trainer", "asctime": "2026-04-29 18:08:41,069", "type": "train", "epoch": 12, "batch": 7319, "n_batches": 7774, "time": 0.844, "data_time": 0.0, "lr": 1e-05, "loss": -8.879, "recon_loss": -8.881, "kld_loss": 0.005, "kld_weight": 0.5}
{"message": "", "levelname": "INFO", "name": "Trainer", "asctime": "2026-04-29 18:08:49,621", "type": "train", "epoch": 12, "batch": 7359, "n_batches": 7774, "time": 0.696, "data_time": 0.0, "lr": 1e-05, "loss": -4.715, "recon_loss": -4.718, "kld_loss": 0.006, "kld_weight": 0.5}
{"message": "", "levelname": "INFO", "name": "Trainer", "asctime": "2026-04-29 18:08:57,431", "type": "train", "epoch": 12, "batch": 7399, "n_batches": 7774, "time": 0.776, "data_time": 0.0, "lr": 1e-05, "loss": -7.292, "recon_loss": -7.296, "kld_loss": 0.008, "kld_weight": 0.5}
{"message": "", "levelname": "INFO", "name": "Trainer", "asctime": "2026-04-29 18:09:05,865", "type": "train", "epoch": 12, "batch": 7439, "n_batches": 7774, "time": 0.639, "data_time": 0.0, "lr": 1e-05, "loss": -5.954, "recon_loss": -5.956, "kld_loss": 0.004, "kld_weight": 0.5}
{"message": "", "levelname": "INFO", "name": "Trainer", "asctime": "2026-04-29 18:09:14,573", "type": "train", "epoch": 12, "batch": 7479, "n_batches": 7774, "time": 0.816, "data_time": 0.0, "lr": 1e-05, "loss": -7.717, "recon_loss": -7.721, "kld_loss": 0.007, "kld_weight": 0.5}
{"message": "", "levelname": "INFO", "name": "Trainer", "asctime": "2026-04-29 18:09:22,968", "type": "train", "epoch": 12, "batch": 7519, "n_batches": 7774, "time": 0.797, "data_time": 0.0, "lr": 1e-05, "loss": -8.059, "recon_loss": -8.061, "kld_loss": 0.005, "kld_weight": 0.5}
{"message": "", "levelname": "INFO", "name": "Trainer", "asctime": "2026-04-29 18:09:32,777", "type": "train", "epoch": 12, "batch": 7559, "n_batches": 7774, "time": 0.718, "data_time": 0.0, "lr": 1e-05, "loss": -7.039, "recon_loss": -7.041, "kld_loss": 0.005, "kld_weight": 0.5}
{"message": "", "levelname": "INFO", "name": "Trainer", "asctime": "2026-04-29 18:09:40,494", "type": "train", "epoch": 12, "batch": 7599, "n_batches": 7774, "time": 0.719, "data_time": 0.0, "lr": 1e-05, "loss": -5.266, "recon_loss": -5.268, "kld_loss": 0.003, "kld_weight": 0.5}
{"message": "", "levelname": "INFO", "name": "Trainer", "asctime": "2026-04-29 18:09:48,848", "type": "train", "epoch": 12, "batch": 7639, "n_batches": 7774, "time": 0.691, "data_time": 0.0, "lr": 1e-05, "loss": -5.423, "recon_loss": -5.425, "kld_loss": 0.004, "kld_weight": 0.5}
{"message": "", "levelname": "INFO", "name": "Trainer", "asctime": "2026-04-29 18:09:57,497", "type": "train", "epoch": 12, "batch": 7679, "n_batches": 7774, "time": 0.75, "data_time": 0.0, "lr": 1e-05, "loss": -8.772, "recon_loss": -8.773, "kld_loss": 0.002, "kld_weight": 0.5}
{"message": "", "levelname": "INFO", "name": "Trainer", "asctime": "2026-04-29 18:10:08,115", "type": "train", "epoch": 12, "batch": 7719, "n_batches": 7774, "time": 1.654, "data_time": 0.0, "lr": 1e-05, "loss": -6.206, "recon_loss": -6.21, "kld_loss": 0.009, "kld_weight": 0.5}
{"message": "", "levelname": "INFO", "name": "Trainer", "asctime": "2026-04-29 18:10:16,189", "type": "train", "epoch": 12, "batch": 7759, "n_batches": 7774, "time": 0.773, "data_time": 0.0, "lr": 1e-05, "loss": -6.318, "recon_loss": -6.323, "kld_loss": 0.01, "kld_weight": 0.5}
{"message": "", "levelname": "INFO", "name": "Trainer", "asctime": "2026-04-29 18:10:18,975", "type": "train-epoch", "epoch": 13, "loss": -1.86641, "recon_loss": -1.86719, "kld_loss": 0.00158, "kld_weight": 0.5, "time": 1660.2}
{"message": "", "levelname": "INFO", "name": "Trainer", "asctime": "2026-04-29 18:13:29,419", "type": "val-epoch", "epoch": 13, "loss": -1.929, "test_loss": -1.82, "recon_loss": -1.93, "kld_loss": 0.002, "kld_weight": 0.5, "note": "loss is teacher-forced CVAE objective; test_loss is prior-only reconstruction", "time": 190.4}
{"message": "", "levelname": "INFO", "name": "Trainer", "asctime": "2026-04-29 18:13:38,320", "type": "train", "epoch": 13, "batch": 39, "n_batches": 7774, "time": 0.746, "data_time": 0.0, "lr": 1e-05, "loss": -4.202, "recon_loss": -4.206, "kld_loss": 0.008, "kld_weight": 0.5}
{"message": "", "levelname": "INFO", "name": "Trainer", "asctime": "2026-04-29 18:13:45,656", "type": "train", "epoch": 13, "batch": 79, "n_batches": 7774, "time": 0.789, "data_time": 0.0, "lr": 1e-05, "loss": -9.795, "recon_loss": -9.796, "kld_loss": 0.003, "kld_weight": 0.5}
{"message": "", "levelname": "INFO", "name": "Trainer", "asctime": "2026-04-29 18:13:52,964", "type": "train", "epoch": 13, "batch": 119, "n_batches": 7774, "time": 0.968, "data_time": 0.0, "lr": 1e-05, "loss": -6.36, "recon_loss": -6.362, "kld_loss": 0.002, "kld_weight": 0.5}
{"message": "", "levelname": "INFO", "name": "Trainer", "asctime": "2026-04-29 18:14:02,192", "type": "train", "epoch": 13, "batch": 159, "n_batches": 7774, "time": 0.748, "data_time": 0.0, "lr": 1e-05, "loss": -5.582, "recon_loss": -5.585, "kld_loss": 0.007, "kld_weight": 0.5}
{"message": "", "levelname": "INFO", "name": "Trainer", "asctime": "2026-04-29 18:14:09,287", "type": "train", "epoch": 13, "batch": 199, "n_batches": 7774, "time": 0.621, "data_time": 0.0, "lr": 1e-05, "loss": -8.507, "recon_loss": -8.508, "kld_loss": 0.004, "kld_weight": 0.5}
{"message": "", "levelname": "INFO", "name": "Trainer", "asctime": "2026-04-29 18:14:16,121", "type": "train", "epoch": 13, "batch": 239, "n_batches": 7774, "time": 0.681, "data_time": 0.0, "lr": 1e-05, "loss": -4.943, "recon_loss": -4.945, "kld_loss": 0.004, "kld_weight": 0.5}
{"message": "", "levelname": "INFO", "name": "Trainer", "asctime": "2026-04-29 18:14:25,056", "type": "train", "epoch": 13, "batch": 279, "n_batches": 7774, "time": 0.984, "data_time": 0.0, "lr": 1e-05, "loss": -10.617, "recon_loss": -10.618, "kld_loss": 0.003, "kld_weight": 0.5}
{"message": "", "levelname": "INFO", "name": "Trainer", "asctime": "2026-04-29 18:14:32,841", "type": "train", "epoch": 13, "batch": 319, "n_batches": 7774, "time": 0.533, "data_time": 0.0, "lr": 1e-05, "loss": -4.328, "recon_loss": -4.332, "kld_loss": 0.006, "kld_weight": 0.5}
{"message": "", "levelname": "INFO", "name": "Trainer", "asctime": "2026-04-29 18:14:40,755", "type": "train", "epoch": 13, "batch": 359, "n_batches": 7774, "time": 0.674, "data_time": 0.0, "lr": 1e-05, "loss": -6.476, "recon_loss": -6.48, "kld_loss": 0.008, "kld_weight": 0.5}
{"message": "", "levelname": "INFO", "name": "Trainer", "asctime": "2026-04-29 18:14:48,620", "type": "train", "epoch": 13, "batch": 399, "n_batches": 7774, "time": 0.479, "data_time": 0.0, "lr": 1e-05, "loss": -6.304, "recon_loss": -6.314, "kld_loss": 0.019, "kld_weight": 0.5}
{"message": "", "levelname": "INFO", "name": "Trainer", "asctime": "2026-04-29 18:14:56,436", "type": "train", "epoch": 13, "batch": 439, "n_batches": 7774, "time": 0.821, "data_time": 0.0, "lr": 1e-05, "loss": -8.929, "recon_loss": -8.93, "kld_loss": 0.002, "kld_weight": 0.5}
{"message": "", "levelname": "INFO", "name": "Trainer", "asctime": "2026-04-29 18:15:03,644", "type": "train", "epoch": 13, "batch": 479, "n_batches": 7774, "time": 0.749, "data_time": 0.0, "lr": 1e-05, "loss": -11.008, "recon_loss": -11.009, "kld_loss": 0.002, "kld_weight": 0.5}
{"message": "", "levelname": "INFO", "name": "Trainer", "asctime": "2026-04-29 18:15:11,615", "type": "train", "epoch": 13, "batch": 519, "n_batches": 7774, "time": 0.924, "data_time": 0.0, "lr": 1e-05, "loss": -9.925, "recon_loss": -9.926, "kld_loss": 0.003, "kld_weight": 0.5}
{"message": "", "levelname": "INFO", "name": "Trainer", "asctime": "2026-04-29 18:15:19,601", "type": "train", "epoch": 13, "batch": 559, "n_batches": 7774, "time": 0.984, "data_time": 0.0, "lr": 1e-05, "loss": -6.185, "recon_loss": -6.19, "kld_loss": 0.009, "kld_weight": 0.5}
{"message": "", "levelname": "INFO", "name": "Trainer", "asctime": "2026-04-29 18:15:26,980", "type": "train", "epoch": 13, "batch": 599, "n_batches": 7774, "time": 0.839, "data_time": 0.0, "lr": 1e-05, "loss": -3.968, "recon_loss": -3.973, "kld_loss": 0.009, "kld_weight": 0.5}
{"message": "", "levelname": "INFO", "name": "Trainer", "asctime": "2026-04-29 18:15:34,902", "type": "train", "epoch": 13, "batch": 639, "n_batches": 7774, "time": 0.762, "data_time": 0.0, "lr": 1e-05, "loss": -7.815, "recon_loss": -7.82, "kld_loss": 0.01, "kld_weight": 0.5}
{"message": "", "levelname": "INFO", "name": "Trainer", "asctime": "2026-04-29 18:15:43,711", "type": "train", "epoch": 13, "batch": 679, "n_batches": 7774, "time": 1.818, "data_time": 0.0, "lr": 1e-05, "loss": -10.463, "recon_loss": -10.464, "kld_loss": 0.003, "kld_weight": 0.5}
{"message": "", "levelname": "INFO", "name": "Trainer", "asctime": "2026-04-29 18:15:52,346", "type": "train", "epoch": 13, "batch": 719, "n_batches": 7774, "time": 2.063, "data_time": 0.0, "lr": 1e-05, "loss": -6.441, "recon_loss": -6.445, "kld_loss": 0.008, "kld_weight": 0.5}
{"message": "", "levelname": "INFO", "name": "Trainer", "asctime": "2026-04-29 18:16:01,267", "type": "train", "epoch": 13, "batch": 759, "n_batches": 7774, "time": 0.902, "data_time": 0.0, "lr": 1e-05, "loss": -7.975, "recon_loss": -7.977, "kld_loss": 0.004, "kld_weight": 0.5}
{"message": "", "levelname": "INFO", "name": "Trainer", "asctime": "2026-04-29 18:16:09,590", "type": "train", "epoch": 13, "batch": 799, "n_batches": 7774, "time": 0.957, "data_time": 0.0, "lr": 1e-05, "loss": -9.751, "recon_loss": -9.753, "kld_loss": 0.005, "kld_weight": 0.5}
{"message": "", "levelname": "INFO", "name": "Trainer", "asctime": "2026-04-29 18:16:17,553", "type": "train", "epoch": 13, "batch": 839, "n_batches": 7774, "time": 0.972, "data_time": 0.0, "lr": 1e-05, "loss": -9.824, "recon_loss": -9.826, "kld_loss": 0.004, "kld_weight": 0.5}
{"message": "", "levelname": "INFO", "name": "Trainer", "asctime": "2026-04-29 18:16:25,017", "type": "train", "epoch": 13, "batch": 879, "n_batches": 7774, "time": 0.948, "data_time": 0.0, "lr": 1e-05, "loss": -6.235, "recon_loss": -6.237, "kld_loss": 0.002, "kld_weight": 0.5}
{"message": "", "levelname": "INFO", "name": "Trainer", "asctime": "2026-04-29 18:16:33,719", "type": "train", "epoch": 13, "batch": 919, "n_batches": 7774, "time": 0.882, "data_time": 0.0, "lr": 1e-05, "loss": -8.639, "recon_loss": -8.641, "kld_loss": 0.003, "kld_weight": 0.5}
{"message": "", "levelname": "INFO", "name": "Trainer", "asctime": "2026-04-29 18:16:41,285", "type": "train", "epoch": 13, "batch": 959, "n_batches": 7774, "time": 0.565, "data_time": 0.0, "lr": 1e-05, "loss": -6.72, "recon_loss": -6.723, "kld_loss": 0.007, "kld_weight": 0.5}
{"message": "", "levelname": "INFO", "name": "Trainer", "asctime": "2026-04-29 18:16:49,818", "type": "train", "epoch": 13, "batch": 999, "n_batches": 7774, "time": 0.596, "data_time": 0.0, "lr": 1e-05, "loss": -8.19, "recon_loss": -8.193, "kld_loss": 0.006, "kld_weight": 0.5}
{"message": "", "levelname": "INFO", "name": "Trainer", "asctime": "2026-04-29 18:16:57,224", "type": "train", "epoch": 13, "batch": 1039, "n_batches": 7774, "time": 0.89, "data_time": 0.0, "lr": 1e-05, "loss": -8.921, "recon_loss": -8.923, "kld_loss": 0.003, "kld_weight": 0.5}
{"message": "", "levelname": "INFO", "name": "Trainer", "asctime": "2026-04-29 18:17:06,606", "type": "train", "epoch": 13, "batch": 1079, "n_batches": 7774, "time": 0.641, "data_time": 0.0, "lr": 1e-05, "loss": -8.718, "recon_loss": -8.721, "kld_loss": 0.006, "kld_weight": 0.5}
{"message": "", "levelname": "INFO", "name": "Trainer", "asctime": "2026-04-29 18:17:15,448", "type": "train", "epoch": 13, "batch": 1119, "n_batches": 7774, "time": 0.8, "data_time": 0.0, "lr": 1e-05, "loss": -9.117, "recon_loss": -9.12, "kld_loss": 0.006, "kld_weight": 0.5}
{"message": "", "levelname": "INFO", "name": "Trainer", "asctime": "2026-04-29 18:17:24,174", "type": "train", "epoch": 13, "batch": 1159, "n_batches": 7774, "time": 0.786, "data_time": 0.0, "lr": 1e-05, "loss": -9.186, "recon_loss": -9.188, "kld_loss": 0.004, "kld_weight": 0.5}
{"message": "", "levelname": "INFO", "name": "Trainer", "asctime": "2026-04-29 18:17:31,935", "type": "train", "epoch": 13, "batch": 1199, "n_batches": 7774, "time": 0.784, "data_time": 0.0, "lr": 1e-05, "loss": -8.464, "recon_loss": -8.466, "kld_loss": 0.004, "kld_weight": 0.5}
{"message": "", "levelname": "INFO", "name": "Trainer", "asctime": "2026-04-29 18:17:39,272", "type": "train", "epoch": 13, "batch": 1239, "n_batches": 7774, "time": 0.592, "data_time": 0.0, "lr": 1e-05, "loss": -6.979, "recon_loss": -6.981, "kld_loss": 0.005, "kld_weight": 0.5}
{"message": "", "levelname": "INFO", "name": "Trainer", "asctime": "2026-04-29 18:17:47,470", "type": "train", "epoch": 13, "batch": 1279, "n_batches": 7774, "time": 0.777, "data_time": 0.0, "lr": 1e-05, "loss": -9.731, "recon_loss": -9.731, "kld_loss": 0.001, "kld_weight": 0.5}
{"message": "", "levelname": "INFO", "name": "Trainer", "asctime": "2026-04-29 18:17:54,294", "type": "train", "epoch": 13, "batch": 1319, "n_batches": 7774, "time": 0.574, "data_time": 0.0, "lr": 1e-05, "loss": -3.814, "recon_loss": -3.825, "kld_loss": 0.023, "kld_weight": 0.5}
{"message": "", "levelname": "INFO", "name": "Trainer", "asctime": "2026-04-29 18:18:01,464", "type": "train", "epoch": 13, "batch": 1359, "n_batches": 7774, "time": 0.694, "data_time": 0.0, "lr": 1e-05, "loss": -4.94, "recon_loss": -4.944, "kld_loss": 0.008, "kld_weight": 0.5}
{"message": "", "levelname": "INFO", "name": "Trainer", "asctime": "2026-04-29 18:18:09,478", "type": "train", "epoch": 13, "batch": 1399, "n_batches": 7774, "time": 0.84, "data_time": 0.0, "lr": 1e-05, "loss": -9.721, "recon_loss": -9.723, "kld_loss": 0.005, "kld_weight": 0.5}
{"message": "", "levelname": "INFO", "name": "Trainer", "asctime": "2026-04-29 18:18:18,069", "type": "train", "epoch": 13, "batch": 1439, "n_batches": 7774, "time": 0.943, "data_time": 0.0, "lr": 1e-05, "loss": -3.393, "recon_loss": -3.405, "kld_loss": 0.024, "kld_weight": 0.5}
{"message": "", "levelname": "INFO", "name": "Trainer", "asctime": "2026-04-29 18:18:26,444", "type": "train", "epoch": 13, "batch": 1479, "n_batches": 7774, "time": 0.763, "data_time": 0.0, "lr": 1e-05, "loss": -3.501, "recon_loss": -3.508, "kld_loss": 0.013, "kld_weight": 0.5}
{"message": "", "levelname": "INFO", "name": "Trainer", "asctime": "2026-04-29 18:18:33,569", "type": "train", "epoch": 13, "batch": 1519, "n_batches": 7774, "time": 0.505, "data_time": 0.0, "lr": 1e-05, "loss": -10.037, "recon_loss": -10.04, "kld_loss": 0.005, "kld_weight": 0.5}
{"message": "", "levelname": "INFO", "name": "Trainer", "asctime": "2026-04-29 18:18:42,938", "type": "train", "epoch": 13, "batch": 1559, "n_batches": 7774, "time": 0.595, "data_time": 0.0, "lr": 1e-05, "loss": -5.582, "recon_loss": -5.584, "kld_loss": 0.004, "kld_weight": 0.5}
{"message": "", "levelname": "INFO", "name": "Trainer", "asctime": "2026-04-29 18:18:51,602", "type": "train", "epoch": 13, "batch": 1599, "n_batches": 7774, "time": 0.746, "data_time": 0.0, "lr": 1e-05, "loss": -8.483, "recon_loss": -8.488, "kld_loss": 0.01, "kld_weight": 0.5}
{"message": "", "levelname": "INFO", "name": "Trainer", "asctime": "2026-04-29 18:18:58,364", "type": "train", "epoch": 13, "batch": 1639, "n_batches": 7774, "time": 0.766, "data_time": 0.0, "lr": 1e-05, "loss": -8.861, "recon_loss": -8.863, "kld_loss": 0.003, "kld_weight": 0.5}
{"message": "", "levelname": "INFO", "name": "Trainer", "asctime": "2026-04-29 18:19:06,142", "type": "train", "epoch": 13, "batch": 1679, "n_batches": 7774, "time": 0.709, "data_time": 0.0, "lr": 1e-05, "loss": -7.846, "recon_loss": -7.847, "kld_loss": 0.003, "kld_weight": 0.5}
{"message": "", "levelname": "INFO", "name": "Trainer", "asctime": "2026-04-29 18:19:12,438", "type": "train", "epoch": 13, "batch": 1719, "n_batches": 7774, "time": 0.629, "data_time": 0.0, "lr": 1e-05, "loss": -6.419, "recon_loss": -6.421, "kld_loss": 0.004, "kld_weight": 0.5}
{"message": "", "levelname": "INFO", "name": "Trainer", "asctime": "2026-04-29 18:19:19,573", "type": "train", "epoch": 13, "batch": 1759, "n_batches": 7774, "time": 0.555, "data_time": 0.0, "lr": 1e-05, "loss": -3.332, "recon_loss": -3.334, "kld_loss": 0.004, "kld_weight": 0.5}
{"message": "", "levelname": "INFO", "name": "Trainer", "asctime": "2026-04-29 18:19:26,990", "type": "train", "epoch": 13, "batch": 1799, "n_batches": 7774, "time": 0.755, "data_time": 0.0, "lr": 1e-05, "loss": -4.332, "recon_loss": -4.334, "kld_loss": 0.003, "kld_weight": 0.5}
{"message": "", "levelname": "INFO", "name": "Trainer", "asctime": "2026-04-29 18:19:36,319", "type": "train", "epoch": 13, "batch": 1839, "n_batches": 7774, "time": 0.703, "data_time": 0.0, "lr": 1e-05, "loss": -6.973, "recon_loss": -6.976, "kld_loss": 0.006, "kld_weight": 0.5}
{"message": "", "levelname": "INFO", "name": "Trainer", "asctime": "2026-04-29 18:19:43,574", "type": "train", "epoch": 13, "batch": 1879, "n_batches": 7774, "time": 0.899, "data_time": 0.0, "lr": 1e-05, "loss": -6.572, "recon_loss": -6.576, "kld_loss": 0.007, "kld_weight": 0.5}
{"message": "", "levelname": "INFO", "name": "Trainer", "asctime": "2026-04-29 18:19:51,472", "type": "train", "epoch": 13, "batch": 1919, "n_batches": 7774, "time": 0.698, "data_time": 0.0, "lr": 1e-05, "loss": -7.091, "recon_loss": -7.093, "kld_loss": 0.004, "kld_weight": 0.5}
{"message": "", "levelname": "INFO", "name": "Trainer", "asctime": "2026-04-29 18:19:58,663", "type": "train", "epoch": 13, "batch": 1959, "n_batches": 7774, "time": 0.593, "data_time": 0.0, "lr": 1e-05, "loss": -10.887, "recon_loss": -10.888, "kld_loss": 0.003, "kld_weight": 0.5}
{"message": "", "levelname": "INFO", "name": "Trainer", "asctime": "2026-04-29 18:20:06,820", "type": "train", "epoch": 13, "batch": 1999, "n_batches": 7774, "time": 0.699, "data_time": 0.0, "lr": 1e-05, "loss": -4.649, "recon_loss": -4.65, "kld_loss": 0.004, "kld_weight": 0.5}
{"message": "", "levelname": "INFO", "name": "Trainer", "asctime": "2026-04-29 18:20:15,777", "type": "train", "epoch": 13, "batch": 2039, "n_batches": 7774, "time": 0.792, "data_time": 0.0, "lr": 1e-05, "loss": -7.54, "recon_loss": -7.542, "kld_loss": 0.003, "kld_weight": 0.5}
{"message": "", "levelname": "INFO", "name": "Trainer", "asctime": "2026-04-29 18:20:24,562", "type": "train", "epoch": 13, "batch": 2079, "n_batches": 7774, "time": 0.827, "data_time": 0.0, "lr": 1e-05, "loss": -4.741, "recon_loss": -4.746, "kld_loss": 0.01, "kld_weight": 0.5}
{"message": "", "levelname": "INFO", "name": "Trainer", "asctime": "2026-04-29 18:20:33,780", "type": "train", "epoch": 13, "batch": 2119, "n_batches": 7774, "time": 0.872, "data_time": 0.0, "lr": 1e-05, "loss": -10.193, "recon_loss": -10.193, "kld_loss": 0.001, "kld_weight": 0.5}
{"message": "", "levelname": "INFO", "name": "Trainer", "asctime": "2026-04-29 18:20:43,209", "type": "train", "epoch": 13, "batch": 2159, "n_batches": 7774, "time": 1.656, "data_time": 0.0, "lr": 1e-05, "loss": -1.663, "recon_loss": -1.667, "kld_loss": 0.008, "kld_weight": 0.5}
{"message": "", "levelname": "INFO", "name": "Trainer", "asctime": "2026-04-29 18:20:51,819", "type": "train", "epoch": 13, "batch": 2199, "n_batches": 7774, "time": 0.704, "data_time": 0.0, "lr": 1e-05, "loss": -10.406, "recon_loss": -10.407, "kld_loss": 0.002, "kld_weight": 0.5}
{"message": "", "levelname": "INFO", "name": "Trainer", "asctime": "2026-04-29 18:20:59,420", "type": "train", "epoch": 13, "batch": 2239, "n_batches": 7774, "time": 0.717, "data_time": 0.0, "lr": 1e-05, "loss": -7.836, "recon_loss": -7.838, "kld_loss": 0.005, "kld_weight": 0.5}
{"message": "", "levelname": "INFO", "name": "Trainer", "asctime": "2026-04-29 18:21:07,969", "type": "train", "epoch": 13, "batch": 2279, "n_batches": 7774, "time": 0.562, "data_time": 0.0, "lr": 1e-05, "loss": -8.812, "recon_loss": -8.813, "kld_loss": 0.002, "kld_weight": 0.5}
{"message": "", "levelname": "INFO", "name": "Trainer", "asctime": "2026-04-29 18:21:15,353", "type": "train", "epoch": 13, "batch": 2319, "n_batches": 7774, "time": 0.689, "data_time": 0.0, "lr": 1e-05, "loss": -5.362, "recon_loss": -5.366, "kld_loss": 0.008, "kld_weight": 0.5}
{"message": "", "levelname": "INFO", "name": "Trainer", "asctime": "2026-04-29 18:21:22,204", "type": "train", "epoch": 13, "batch": 2359, "n_batches": 7774, "time": 0.883, "data_time": 0.0, "lr": 1e-05, "loss": -4.682, "recon_loss": -4.686, "kld_loss": 0.009, "kld_weight": 0.5}
{"message": "", "levelname": "INFO", "name": "Trainer", "asctime": "2026-04-29 18:21:30,339", "type": "train", "epoch": 13, "batch": 2399, "n_batches": 7774, "time": 0.804, "data_time": 0.0, "lr": 1e-05, "loss": -7.559, "recon_loss": -7.561, "kld_loss": 0.003, "kld_weight": 0.5}
{"message": "", "levelname": "INFO", "name": "Trainer", "asctime": "2026-04-29 18:21:37,582", "type": "train", "epoch": 13, "batch": 2439, "n_batches": 7774, "time": 0.536, "data_time": 0.0, "lr": 1e-05, "loss": -5.118, "recon_loss": -5.12, "kld_loss": 0.003, "kld_weight": 0.5}
{"message": "", "levelname": "INFO", "name": "Trainer", "asctime": "2026-04-29 18:21:44,957", "type": "train", "epoch": 13, "batch": 2479, "n_batches": 7774, "time": 0.762, "data_time": 0.0, "lr": 1e-05, "loss": -9.31, "recon_loss": -9.312, "kld_loss": 0.005, "kld_weight": 0.5}
{"message": "", "levelname": "INFO", "name": "Trainer", "asctime": "2026-04-29 18:21:54,095", "type": "train", "epoch": 13, "batch": 2519, "n_batches": 7774, "time": 0.764, "data_time": 0.0, "lr": 1e-05, "loss": -5.298, "recon_loss": -5.302, "kld_loss": 0.007, "kld_weight": 0.5}
{"message": "", "levelname": "INFO", "name": "Trainer", "asctime": "2026-04-29 18:22:02,929", "type": "train", "epoch": 13, "batch": 2559, "n_batches": 7774, "time": 0.556, "data_time": 0.0, "lr": 1e-05, "loss": -8.908, "recon_loss": -8.91, "kld_loss": 0.003, "kld_weight": 0.5}
{"message": "", "levelname": "INFO", "name": "Trainer", "asctime": "2026-04-29 18:22:11,998", "type": "train", "epoch": 13, "batch": 2599, "n_batches": 7774, "time": 0.528, "data_time": 0.0, "lr": 1e-05, "loss": -7.209, "recon_loss": -7.21, "kld_loss": 0.002, "kld_weight": 0.5}
{"message": "", "levelname": "INFO", "name": "Trainer", "asctime": "2026-04-29 18:22:21,055", "type": "train", "epoch": 13, "batch": 2639, "n_batches": 7774, "time": 0.672, "data_time": 0.0, "lr": 1e-05, "loss": -8.689, "recon_loss": -8.692, "kld_loss": 0.006, "kld_weight": 0.5}
{"message": "", "levelname": "INFO", "name": "Trainer", "asctime": "2026-04-29 18:22:29,036", "type": "train", "epoch": 13, "batch": 2679, "n_batches": 7774, "time": 0.826, "data_time": 0.0, "lr": 1e-05, "loss": -4.424, "recon_loss": -4.426, "kld_loss": 0.004, "kld_weight": 0.5}
{"message": "", "levelname": "INFO", "name": "Trainer", "asctime": "2026-04-29 18:22:37,412", "type": "train", "epoch": 13, "batch": 2719, "n_batches": 7774, "time": 0.62, "data_time": 0.0, "lr": 1e-05, "loss": -10.127, "recon_loss": -10.127, "kld_loss": 0.002, "kld_weight": 0.5}
{"message": "", "levelname": "INFO", "name": "Trainer", "asctime": "2026-04-29 18:22:45,492", "type": "train", "epoch": 13, "batch": 2759, "n_batches": 7774, "time": 1.496, "data_time": 0.0, "lr": 1e-05, "loss": -7.569, "recon_loss": -7.57, "kld_loss": 0.002, "kld_weight": 0.5}
{"message": "", "levelname": "INFO", "name": "Trainer", "asctime": "2026-04-29 18:22:53,724", "type": "train", "epoch": 13, "batch": 2799, "n_batches": 7774, "time": 0.776, "data_time": 0.0, "lr": 1e-05, "loss": -8.659, "recon_loss": -8.661, "kld_loss": 0.006, "kld_weight": 0.5}
{"message": "", "levelname": "INFO", "name": "Trainer", "asctime": "2026-04-29 18:23:02,861", "type": "train", "epoch": 13, "batch": 2839, "n_batches": 7774, "time": 0.733, "data_time": 0.0, "lr": 1e-05, "loss": -7.327, "recon_loss": -7.33, "kld_loss": 0.004, "kld_weight": 0.5}
{"message": "", "levelname": "INFO", "name": "Trainer", "asctime": "2026-04-29 18:23:12,025", "type": "train", "epoch": 13, "batch": 2879, "n_batches": 7774, "time": 0.828, "data_time": 0.0, "lr": 1e-05, "loss": -8.109, "recon_loss": -8.111, "kld_loss": 0.003, "kld_weight": 0.5}
{"message": "", "levelname": "INFO", "name": "Trainer", "asctime": "2026-04-29 18:23:20,763", "type": "train", "epoch": 13, "batch": 2919, "n_batches": 7774, "time": 0.695, "data_time": 0.0, "lr": 1e-05, "loss": -5.958, "recon_loss": -5.966, "kld_loss": 0.015, "kld_weight": 0.5}
{"message": "", "levelname": "INFO", "name": "Trainer", "asctime": "2026-04-29 18:23:28,743", "type": "train", "epoch": 13, "batch": 2959, "n_batches": 7774, "time": 0.53, "data_time": 0.0, "lr": 1e-05, "loss": -10.783, "recon_loss": -10.784, "kld_loss": 0.002, "kld_weight": 0.5}
{"message": "", "levelname": "INFO", "name": "Trainer", "asctime": "2026-04-29 18:23:36,806", "type": "train", "epoch": 13, "batch": 2999, "n_batches": 7774, "time": 1.466, "data_time": 0.0, "lr": 1e-05, "loss": -6.504, "recon_loss": -6.507, "kld_loss": 0.005, "kld_weight": 0.5}
{"message": "", "levelname": "INFO", "name": "Trainer", "asctime": "2026-04-29 18:23:43,943", "type": "train", "epoch": 13, "batch": 3039, "n_batches": 7774, "time": 0.931, "data_time": 0.0, "lr": 1e-05, "loss": -8.379, "recon_loss": -8.384, "kld_loss": 0.009, "kld_weight": 0.5}
{"message": "", "levelname": "INFO", "name": "Trainer", "asctime": "2026-04-29 18:23:51,219", "type": "train", "epoch": 13, "batch": 3079, "n_batches": 7774, "time": 0.616, "data_time": 0.0, "lr": 1e-05, "loss": -4.76, "recon_loss": -4.765, "kld_loss": 0.01, "kld_weight": 0.5}
{"message": "", "levelname": "INFO", "name": "Trainer", "asctime": "2026-04-29 18:23:58,808", "type": "train", "epoch": 13, "batch": 3119, "n_batches": 7774, "time": 0.71, "data_time": 0.0, "lr": 1e-05, "loss": -7.258, "recon_loss": -7.262, "kld_loss": 0.008, "kld_weight": 0.5}
{"message": "", "levelname": "INFO", "name": "Trainer", "asctime": "2026-04-29 18:24:07,033", "type": "train", "epoch": 13, "batch": 3159, "n_batches": 7774, "time": 0.67, "data_time": 0.0, "lr": 1e-05, "loss": -3.385, "recon_loss": -3.387, "kld_loss": 0.004, "kld_weight": 0.5}
{"message": "", "levelname": "INFO", "name": "Trainer", "asctime": "2026-04-29 18:24:15,778", "type": "train", "epoch": 13, "batch": 3199, "n_batches": 7774, "time": 0.835, "data_time": 0.0, "lr": 1e-05, "loss": -10.081, "recon_loss": -10.082, "kld_loss": 0.003, "kld_weight": 0.5}
{"message": "", "levelname": "INFO", "name": "Trainer", "asctime": "2026-04-29 18:24:23,572", "type": "train", "epoch": 13, "batch": 3239, "n_batches": 7774, "time": 0.891, "data_time": 0.0, "lr": 1e-05, "loss": -8.688, "recon_loss": -8.689, "kld_loss": 0.003, "kld_weight": 0.5}
{"message": "", "levelname": "INFO", "name": "Trainer", "asctime": "2026-04-29 18:24:32,118", "type": "train", "epoch": 13, "batch": 3279, "n_batches": 7774, "time": 0.663, "data_time": 0.0, "lr": 1e-05, "loss": -8.882, "recon_loss": -8.885, "kld_loss": 0.006, "kld_weight": 0.5}
{"message": "", "levelname": "INFO", "name": "Trainer", "asctime": "2026-04-29 18:24:40,519", "type": "train", "epoch": 13, "batch": 3319, "n_batches": 7774, "time": 0.693, "data_time": 0.0, "lr": 1e-05, "loss": 0.819, "recon_loss": 0.803, "kld_loss": 0.033, "kld_weight": 0.5}
{"message": "", "levelname": "INFO", "name": "Trainer", "asctime": "2026-04-29 18:24:48,513", "type": "train", "epoch": 13, "batch": 3359, "n_batches": 7774, "time": 0.789, "data_time": 0.0, "lr": 1e-05, "loss": -6.98, "recon_loss": -6.985, "kld_loss": 0.01, "kld_weight": 0.5}
{"message": "", "levelname": "INFO", "name": "Trainer", "asctime": "2026-04-29 18:24:55,204", "type": "train", "epoch": 13, "batch": 3399, "n_batches": 7774, "time": 0.783, "data_time": 0.0, "lr": 1e-05, "loss": -9.309, "recon_loss": -9.31, "kld_loss": 0.002, "kld_weight": 0.5}
{"message": "", "levelname": "INFO", "name": "Trainer", "asctime": "2026-04-29 18:25:03,119", "type": "train", "epoch": 13, "batch": 3439, "n_batches": 7774, "time": 0.797, "data_time": 0.0, "lr": 1e-05, "loss": -9.426, "recon_loss": -9.426, "kld_loss": 0.001, "kld_weight": 0.5}
{"message": "", "levelname": "INFO", "name": "Trainer", "asctime": "2026-04-29 18:25:11,897", "type": "train", "epoch": 13, "batch": 3479, "n_batches": 7774, "time": 0.71, "data_time": 0.0, "lr": 1e-05, "loss": -4.989, "recon_loss": -4.991, "kld_loss": 0.004, "kld_weight": 0.5}
{"message": "", "levelname": "INFO", "name": "Trainer", "asctime": "2026-04-29 18:25:20,785", "type": "train", "epoch": 13, "batch": 3519, "n_batches": 7774, "time": 0.852, "data_time": 0.0, "lr": 1e-05, "loss": -10.009, "recon_loss": -10.011, "kld_loss": 0.005, "kld_weight": 0.5}
{"message": "", "levelname": "INFO", "name": "Trainer", "asctime": "2026-04-29 18:25:27,890", "type": "train", "epoch": 13, "batch": 3559, "n_batches": 7774, "time": 0.563, "data_time": 0.0, "lr": 1e-05, "loss": -5.452, "recon_loss": -5.456, "kld_loss": 0.008, "kld_weight": 0.5}
{"message": "", "levelname": "INFO", "name": "Trainer", "asctime": "2026-04-29 18:25:34,707", "type": "train", "epoch": 13, "batch": 3599, "n_batches": 7774, "time": 0.631, "data_time": 0.0, "lr": 1e-05, "loss": -8.495, "recon_loss": -8.497, "kld_loss": 0.003, "kld_weight": 0.5}
{"message": "", "levelname": "INFO", "name": "Trainer", "asctime": "2026-04-29 18:25:43,370", "type": "train", "epoch": 13, "batch": 3639, "n_batches": 7774, "time": 0.76, "data_time": 0.0, "lr": 1e-05, "loss": 1.949, "recon_loss": 1.942, "kld_loss": 0.016, "kld_weight": 0.5}
{"message": "", "levelname": "INFO", "name": "Trainer", "asctime": "2026-04-29 18:25:52,483", "type": "train", "epoch": 13, "batch": 3679, "n_batches": 7774, "time": 0.716, "data_time": 0.0, "lr": 1e-05, "loss": -7.311, "recon_loss": -7.316, "kld_loss": 0.01, "kld_weight": 0.5}
{"message": "", "levelname": "INFO", "name": "Trainer", "asctime": "2026-04-29 18:26:00,634", "type": "train", "epoch": 13, "batch": 3719, "n_batches": 7774, "time": 0.608, "data_time": 0.0, "lr": 1e-05, "loss": -1.74, "recon_loss": -1.745, "kld_loss": 0.009, "kld_weight": 0.5}
{"message": "", "levelname": "INFO", "name": "Trainer", "asctime": "2026-04-29 18:26:07,438", "type": "train", "epoch": 13, "batch": 3759, "n_batches": 7774, "time": 0.758, "data_time": 0.0, "lr": 1e-05, "loss": -6.069, "recon_loss": -6.074, "kld_loss": 0.012, "kld_weight": 0.5}
{"message": "", "levelname": "INFO", "name": "Trainer", "asctime": "2026-04-29 18:26:14,262", "type": "train", "epoch": 13, "batch": 3799, "n_batches": 7774, "time": 0.662, "data_time": 0.0, "lr": 1e-05, "loss": -7.901, "recon_loss": -7.903, "kld_loss": 0.003, "kld_weight": 0.5}
{"message": "", "levelname": "INFO", "name": "Trainer", "asctime": "2026-04-29 18:26:22,115", "type": "train", "epoch": 13, "batch": 3839, "n_batches": 7774, "time": 0.789, "data_time": 0.0, "lr": 1e-05, "loss": -8.463, "recon_loss": -8.472, "kld_loss": 0.017, "kld_weight": 0.5}
{"message": "", "levelname": "INFO", "name": "Trainer", "asctime": "2026-04-29 18:26:31,020", "type": "train", "epoch": 13, "batch": 3879, "n_batches": 7774, "time": 0.624, "data_time": 0.0, "lr": 1e-05, "loss": -8.763, "recon_loss": -8.765, "kld_loss": 0.003, "kld_weight": 0.5}
{"message": "", "levelname": "INFO", "name": "Trainer", "asctime": "2026-04-29 18:26:39,521", "type": "train", "epoch": 13, "batch": 3919, "n_batches": 7774, "time": 0.729, "data_time": 0.0, "lr": 1e-05, "loss": -5.844, "recon_loss": -5.847, "kld_loss": 0.005, "kld_weight": 0.5}
{"message": "", "levelname": "INFO", "name": "Trainer", "asctime": "2026-04-29 18:26:47,705", "type": "train", "epoch": 13, "batch": 3959, "n_batches": 7774, "time": 0.755, "data_time": 0.0, "lr": 1e-05, "loss": -7.092, "recon_loss": -7.096, "kld_loss": 0.009, "kld_weight": 0.5}
{"message": "", "levelname": "INFO", "name": "Trainer", "asctime": "2026-04-29 18:26:54,589", "type": "train", "epoch": 13, "batch": 3999, "n_batches": 7774, "time": 0.734, "data_time": 0.0, "lr": 1e-05, "loss": -7.853, "recon_loss": -7.854, "kld_loss": 0.002, "kld_weight": 0.5}
{"message": "", "levelname": "INFO", "name": "Trainer", "asctime": "2026-04-29 18:27:03,571", "type": "train", "epoch": 13, "batch": 4039, "n_batches": 7774, "time": 1.327, "data_time": 0.0, "lr": 1e-05, "loss": -3.821, "recon_loss": -3.825, "kld_loss": 0.008, "kld_weight": 0.5}
{"message": "", "levelname": "INFO", "name": "Trainer", "asctime": "2026-04-29 18:27:11,286", "type": "train", "epoch": 13, "batch": 4079, "n_batches": 7774, "time": 0.868, "data_time": 0.0, "lr": 1e-05, "loss": -1.149, "recon_loss": -1.158, "kld_loss": 0.018, "kld_weight": 0.5}
{"message": "", "levelname": "INFO", "name": "Trainer", "asctime": "2026-04-29 18:27:19,838", "type": "train", "epoch": 13, "batch": 4119, "n_batches": 7774, "time": 1.333, "data_time": 0.0, "lr": 1e-05, "loss": -9.831, "recon_loss": -9.835, "kld_loss": 0.008, "kld_weight": 0.5}
{"message": "", "levelname": "INFO", "name": "Trainer", "asctime": "2026-04-29 18:27:28,757", "type": "train", "epoch": 13, "batch": 4159, "n_batches": 7774, "time": 0.693, "data_time": 0.0, "lr": 1e-05, "loss": -4.824, "recon_loss": -4.828, "kld_loss": 0.007, "kld_weight": 0.5}
{"message": "", "levelname": "INFO", "name": "Trainer", "asctime": "2026-04-29 18:27:37,672", "type": "train", "epoch": 13, "batch": 4199, "n_batches": 7774, "time": 0.7, "data_time": 0.0, "lr": 1e-05, "loss": -5.82, "recon_loss": -5.823, "kld_loss": 0.004, "kld_weight": 0.5}
{"message": "", "levelname": "INFO", "name": "Trainer", "asctime": "2026-04-29 18:27:46,394", "type": "train", "epoch": 13, "batch": 4239, "n_batches": 7774, "time": 0.896, "data_time": 0.0, "lr": 1e-05, "loss": -4.219, "recon_loss": -4.227, "kld_loss": 0.017, "kld_weight": 0.5}
{"message": "", "levelname": "INFO", "name": "Trainer", "asctime": "2026-04-29 18:27:53,717", "type": "train", "epoch": 13, "batch": 4279, "n_batches": 7774, "time": 0.891, "data_time": 0.0, "lr": 1e-05, "loss": -4.78, "recon_loss": -4.783, "kld_loss": 0.007, "kld_weight": 0.5}
{"message": "", "levelname": "INFO", "name": "Trainer", "asctime": "2026-04-29 18:28:01,747", "type": "train", "epoch": 13, "batch": 4319, "n_batches": 7774, "time": 1.428, "data_time": 0.0, "lr": 1e-05, "loss": -5.898, "recon_loss": -5.902, "kld_loss": 0.008, "kld_weight": 0.5}
{"message": "", "levelname": "INFO", "name": "Trainer", "asctime": "2026-04-29 18:28:10,149", "type": "train", "epoch": 13, "batch": 4359, "n_batches": 7774, "time": 0.344, "data_time": 0.0, "lr": 1e-05, "loss": -2.113, "recon_loss": -2.127, "kld_loss": 0.029, "kld_weight": 0.5}
{"message": "", "levelname": "INFO", "name": "Trainer", "asctime": "2026-04-29 18:28:19,165", "type": "train", "epoch": 13, "batch": 4399, "n_batches": 7774, "time": 0.821, "data_time": 0.0, "lr": 1e-05, "loss": -8.184, "recon_loss": -8.187, "kld_loss": 0.006, "kld_weight": 0.5}
{"message": "", "levelname": "INFO", "name": "Trainer", "asctime": "2026-04-29 18:28:28,304", "type": "train", "epoch": 13, "batch": 4439, "n_batches": 7774, "time": 1.196, "data_time": 0.0, "lr": 1e-05, "loss": -10.604, "recon_loss": -10.607, "kld_loss": 0.004, "kld_weight": 0.5}
{"message": "", "levelname": "INFO", "name": "Trainer", "asctime": "2026-04-29 18:28:35,898", "type": "train", "epoch": 13, "batch": 4479, "n_batches": 7774, "time": 0.893, "data_time": 0.0, "lr": 1e-05, "loss": -11.149, "recon_loss": -11.15, "kld_loss": 0.004, "kld_weight": 0.5}
{"message": "", "levelname": "INFO", "name": "Trainer", "asctime": "2026-04-29 18:28:42,994", "type": "train", "epoch": 13, "batch": 4519, "n_batches": 7774, "time": 0.589, "data_time": 0.0, "lr": 1e-05, "loss": -9.482, "recon_loss": -9.484, "kld_loss": 0.005, "kld_weight": 0.5}
{"message": "", "levelname": "INFO", "name": "Trainer", "asctime": "2026-04-29 18:28:51,365", "type": "train", "epoch": 13, "batch": 4559, "n_batches": 7774, "time": 1.343, "data_time": 0.0, "lr": 1e-05, "loss": -7.971, "recon_loss": -7.972, "kld_loss": 0.002, "kld_weight": 0.5}
{"message": "", "levelname": "INFO", "name": "Trainer", "asctime": "2026-04-29 18:29:00,545", "type": "train", "epoch": 13, "batch": 4599, "n_batches": 7774, "time": 0.596, "data_time": 0.0, "lr": 1e-05, "loss": -10.626, "recon_loss": -10.629, "kld_loss": 0.005, "kld_weight": 0.5}
{"message": "", "levelname": "INFO", "name": "Trainer", "asctime": "2026-04-29 18:29:10,180", "type": "train", "epoch": 13, "batch": 4639, "n_batches": 7774, "time": 1.68, "data_time": 0.0, "lr": 1e-05, "loss": -9.266, "recon_loss": -9.268, "kld_loss": 0.003, "kld_weight": 0.5}
{"message": "", "levelname": "INFO", "name": "Trainer", "asctime": "2026-04-29 18:29:18,168", "type": "train", "epoch": 13, "batch": 4679, "n_batches": 7774, "time": 0.773, "data_time": 0.0, "lr": 1e-05, "loss": -11.279, "recon_loss": -11.28, "kld_loss": 0.002, "kld_weight": 0.5}
{"message": "", "levelname": "INFO", "name": "Trainer", "asctime": "2026-04-29 18:29:27,260", "type": "train", "epoch": 13, "batch": 4719, "n_batches": 7774, "time": 0.637, "data_time": 0.0, "lr": 1e-05, "loss": -9.377, "recon_loss": -9.38, "kld_loss": 0.004, "kld_weight": 0.5}
{"message": "", "levelname": "INFO", "name": "Trainer", "asctime": "2026-04-29 18:29:35,585", "type": "train", "epoch": 13, "batch": 4759, "n_batches": 7774, "time": 1.708, "data_time": 0.0, "lr": 1e-05, "loss": -6.673, "recon_loss": -6.684, "kld_loss": 0.022, "kld_weight": 0.5}
{"message": "", "levelname": "INFO", "name": "Trainer", "asctime": "2026-04-29 18:29:42,777", "type": "train", "epoch": 13, "batch": 4799, "n_batches": 7774, "time": 0.854, "data_time": 0.0, "lr": 1e-05, "loss": -8.914, "recon_loss": -8.915, "kld_loss": 0.002, "kld_weight": 0.5}
{"message": "", "levelname": "INFO", "name": "Trainer", "asctime": "2026-04-29 18:29:51,638", "type": "train", "epoch": 13, "batch": 4839, "n_batches": 7774, "time": 0.67, "data_time": 0.0, "lr": 1e-05, "loss": -6.304, "recon_loss": -6.306, "kld_loss": 0.004, "kld_weight": 0.5}
{"message": "", "levelname": "INFO", "name": "Trainer", "asctime": "2026-04-29 18:30:00,469", "type": "train", "epoch": 13, "batch": 4879, "n_batches": 7774, "time": 0.737, "data_time": 0.0, "lr": 1e-05, "loss": -1.437, "recon_loss": -1.447, "kld_loss": 0.02, "kld_weight": 0.5}
{"message": "", "levelname": "INFO", "name": "Trainer", "asctime": "2026-04-29 18:30:07,370", "type": "train", "epoch": 13, "batch": 4919, "n_batches": 7774, "time": 0.738, "data_time": 0.0, "lr": 1e-05, "loss": -8.694, "recon_loss": -8.696, "kld_loss": 0.004, "kld_weight": 0.5}
{"message": "", "levelname": "INFO", "name": "Trainer", "asctime": "2026-04-29 18:30:16,069", "type": "train", "epoch": 13, "batch": 4959, "n_batches": 7774, "time": 0.65, "data_time": 0.0, "lr": 1e-05, "loss": -3.604, "recon_loss": -3.64, "kld_loss": 0.071, "kld_weight": 0.5}
{"message": "", "levelname": "INFO", "name": "Trainer", "asctime": "2026-04-29 18:30:24,480", "type": "train", "epoch": 13, "batch": 4999, "n_batches": 7774, "time": 0.931, "data_time": 0.0, "lr": 1e-05, "loss": -8.586, "recon_loss": -8.587, "kld_loss": 0.002, "kld_weight": 0.5}
{"message": "", "levelname": "INFO", "name": "Trainer", "asctime": "2026-04-29 18:30:31,224", "type": "train", "epoch": 13, "batch": 5039, "n_batches": 7774, "time": 0.769, "data_time": 0.0, "lr": 1e-05, "loss": -8.845, "recon_loss": -8.849, "kld_loss": 0.009, "kld_weight": 0.5}
{"message": "", "levelname": "INFO", "name": "Trainer", "asctime": "2026-04-29 18:30:37,963", "type": "train", "epoch": 13, "batch": 5079, "n_batches": 7774, "time": 0.702, "data_time": 0.0, "lr": 1e-05, "loss": -10.008, "recon_loss": -10.009, "kld_loss": 0.002, "kld_weight": 0.5}
{"message": "", "levelname": "INFO", "name": "Trainer", "asctime": "2026-04-29 18:30:45,988", "type": "train", "epoch": 13, "batch": 5119, "n_batches": 7774, "time": 0.871, "data_time": 0.0, "lr": 1e-05, "loss": -10.061, "recon_loss": -10.062, "kld_loss": 0.002, "kld_weight": 0.5}
{"message": "", "levelname": "INFO", "name": "Trainer", "asctime": "2026-04-29 18:30:53,175", "type": "train", "epoch": 13, "batch": 5159, "n_batches": 7774, "time": 0.814, "data_time": 0.0, "lr": 1e-05, "loss": -10.198, "recon_loss": -10.2, "kld_loss": 0.003, "kld_weight": 0.5}
{"message": "", "levelname": "INFO", "name": "Trainer", "asctime": "2026-04-29 18:31:03,417", "type": "train", "epoch": 13, "batch": 5199, "n_batches": 7774, "time": 0.66, "data_time": 0.0, "lr": 1e-05, "loss": -9.11, "recon_loss": -9.113, "kld_loss": 0.006, "kld_weight": 0.5}
{"message": "", "levelname": "INFO", "name": "Trainer", "asctime": "2026-04-29 18:31:12,923", "type": "train", "epoch": 13, "batch": 5239, "n_batches": 7774, "time": 0.742, "data_time": 0.0, "lr": 1e-05, "loss": -9.679, "recon_loss": -9.68, "kld_loss": 0.003, "kld_weight": 0.5}
{"message": "", "levelname": "INFO", "name": "Trainer", "asctime": "2026-04-29 18:31:22,386", "type": "train", "epoch": 13, "batch": 5279, "n_batches": 7774, "time": 1.454, "data_time": 0.0, "lr": 1e-05, "loss": -5.56, "recon_loss": -5.563, "kld_loss": 0.005, "kld_weight": 0.5}
{"message": "", "levelname": "INFO", "name": "Trainer", "asctime": "2026-04-29 18:31:30,559", "type": "train", "epoch": 13, "batch": 5319, "n_batches": 7774, "time": 0.727, "data_time": 0.0, "lr": 1e-05, "loss": -5.363, "recon_loss": -5.364, "kld_loss": 0.004, "kld_weight": 0.5}
{"message": "", "levelname": "INFO", "name": "Trainer", "asctime": "2026-04-29 18:31:40,650", "type": "train", "epoch": 13, "batch": 5359, "n_batches": 7774, "time": 0.567, "data_time": 0.0, "lr": 1e-05, "loss": -9.619, "recon_loss": -9.62, "kld_loss": 0.002, "kld_weight": 0.5}
{"message": "", "levelname": "INFO", "name": "Trainer", "asctime": "2026-04-29 18:31:48,466", "type": "train", "epoch": 13, "batch": 5399, "n_batches": 7774, "time": 0.54, "data_time": 0.0, "lr": 1e-05, "loss": -9.405, "recon_loss": -9.407, "kld_loss": 0.005, "kld_weight": 0.5}
{"message": "", "levelname": "INFO", "name": "Trainer", "asctime": "2026-04-29 18:31:55,839", "type": "train", "epoch": 13, "batch": 5439, "n_batches": 7774, "time": 0.821, "data_time": 0.0, "lr": 1e-05, "loss": -11.379, "recon_loss": -11.38, "kld_loss": 0.002, "kld_weight": 0.5}
{"message": "", "levelname": "INFO", "name": "Trainer", "asctime": "2026-04-29 18:32:02,739", "type": "train", "epoch": 13, "batch": 5479, "n_batches": 7774, "time": 0.674, "data_time": 0.0, "lr": 1e-05, "loss": -8.709, "recon_loss": -8.711, "kld_loss": 0.003, "kld_weight": 0.5}
{"message": "", "levelname": "INFO", "name": "Trainer", "asctime": "2026-04-29 18:32:12,077", "type": "train", "epoch": 13, "batch": 5519, "n_batches": 7774, "time": 0.555, "data_time": 0.0, "lr": 1e-05, "loss": -11.733, "recon_loss": -11.734, "kld_loss": 0.002, "kld_weight": 0.5}
{"message": "", "levelname": "INFO", "name": "Trainer", "asctime": "2026-04-29 18:32:19,600", "type": "train", "epoch": 13, "batch": 5559, "n_batches": 7774, "time": 0.744, "data_time": 0.0, "lr": 1e-05, "loss": -1.598, "recon_loss": -1.601, "kld_loss": 0.006, "kld_weight": 0.5}
{"message": "", "levelname": "INFO", "name": "Trainer", "asctime": "2026-04-29 18:32:27,945", "type": "train", "epoch": 13, "batch": 5599, "n_batches": 7774, "time": 0.878, "data_time": 0.0, "lr": 1e-05, "loss": -9.832, "recon_loss": -9.833, "kld_loss": 0.003, "kld_weight": 0.5}
{"message": "", "levelname": "INFO", "name": "Trainer", "asctime": "2026-04-29 18:32:36,788", "type": "train", "epoch": 13, "batch": 5639, "n_batches": 7774, "time": 0.875, "data_time": 0.0, "lr": 1e-05, "loss": -7.99, "recon_loss": -7.993, "kld_loss": 0.006, "kld_weight": 0.5}
{"message": "", "levelname": "INFO", "name": "Trainer", "asctime": "2026-04-29 18:32:44,885", "type": "train", "epoch": 13, "batch": 5679, "n_batches": 7774, "time": 0.493, "data_time": 0.0, "lr": 1e-05, "loss": -10.695, "recon_loss": -10.698, "kld_loss": 0.005, "kld_weight": 0.5}
{"message": "", "levelname": "INFO", "name": "Trainer", "asctime": "2026-04-29 18:32:53,442", "type": "train", "epoch": 13, "batch": 5719, "n_batches": 7774, "time": 0.581, "data_time": 0.0, "lr": 1e-05, "loss": -9.428, "recon_loss": -9.429, "kld_loss": 0.002, "kld_weight": 0.5}
{"message": "", "levelname": "INFO", "name": "Trainer", "asctime": "2026-04-29 18:33:00,816", "type": "train", "epoch": 13, "batch": 5759, "n_batches": 7774, "time": 0.639, "data_time": 0.0, "lr": 1e-05, "loss": -6.568, "recon_loss": -6.571, "kld_loss": 0.005, "kld_weight": 0.5}
{"message": "", "levelname": "INFO", "name": "Trainer", "asctime": "2026-04-29 18:33:08,892", "type": "train", "epoch": 13, "batch": 5799, "n_batches": 7774, "time": 0.641, "data_time": 0.0, "lr": 1e-05, "loss": 2.304, "recon_loss": 2.29, "kld_loss": 0.028, "kld_weight": 0.5}
{"message": "", "levelname": "INFO", "name": "Trainer", "asctime": "2026-04-29 18:33:18,522", "type": "train", "epoch": 13, "batch": 5839, "n_batches": 7774, "time": 0.77, "data_time": 0.0, "lr": 1e-05, "loss": -0.711, "recon_loss": -0.72, "kld_loss": 0.018, "kld_weight": 0.5}
{"message": "", "levelname": "INFO", "name": "Trainer", "asctime": "2026-04-29 18:33:27,835", "type": "train", "epoch": 13, "batch": 5879, "n_batches": 7774, "time": 0.703, "data_time": 0.0, "lr": 1e-05, "loss": -9.778, "recon_loss": -9.78, "kld_loss": 0.004, "kld_weight": 0.5}
{"message": "", "levelname": "INFO", "name": "Trainer", "asctime": "2026-04-29 18:33:34,866", "type": "train", "epoch": 13, "batch": 5919, "n_batches": 7774, "time": 0.67, "data_time": 0.0, "lr": 1e-05, "loss": -10.523, "recon_loss": -10.524, "kld_loss": 0.002, "kld_weight": 0.5}
{"message": "", "levelname": "INFO", "name": "Trainer", "asctime": "2026-04-29 18:33:43,911", "type": "train", "epoch": 13, "batch": 5959, "n_batches": 7774, "time": 0.678, "data_time": 0.0, "lr": 1e-05, "loss": -4.183, "recon_loss": -4.184, "kld_loss": 0.004, "kld_weight": 0.5}
{"message": "", "levelname": "INFO", "name": "Trainer", "asctime": "2026-04-29 18:33:52,069", "type": "train", "epoch": 13, "batch": 5999, "n_batches": 7774, "time": 0.538, "data_time": 0.0, "lr": 1e-05, "loss": -3.363, "recon_loss": -3.365, "kld_loss": 0.004, "kld_weight": 0.5}
{"message": "", "levelname": "INFO", "name": "Trainer", "asctime": "2026-04-29 18:34:00,666", "type": "train", "epoch": 13, "batch": 6039, "n_batches": 7774, "time": 0.762, "data_time": 0.0, "lr": 1e-05, "loss": -5.338, "recon_loss": -5.341, "kld_loss": 0.005, "kld_weight": 0.5}
{"message": "", "levelname": "INFO", "name": "Trainer", "asctime": "2026-04-29 18:34:09,098", "type": "train", "epoch": 13, "batch": 6079, "n_batches": 7774, "time": 0.876, "data_time": 0.0, "lr": 1e-05, "loss": -8.2, "recon_loss": -8.201, "kld_loss": 0.002, "kld_weight": 0.5}
{"message": "", "levelname": "INFO", "name": "Trainer", "asctime": "2026-04-29 18:34:16,511", "type": "train", "epoch": 13, "batch": 6119, "n_batches": 7774, "time": 0.639, "data_time": 0.0, "lr": 1e-05, "loss": -5.299, "recon_loss": -5.305, "kld_loss": 0.011, "kld_weight": 0.5}
{"message": "", "levelname": "INFO", "name": "Trainer", "asctime": "2026-04-29 18:34:23,963", "type": "train", "epoch": 13, "batch": 6159, "n_batches": 7774, "time": 1.39, "data_time": 0.0, "lr": 1e-05, "loss": -9.368, "recon_loss": -9.369, "kld_loss": 0.002, "kld_weight": 0.5}
{"message": "", "levelname": "INFO", "name": "Trainer", "asctime": "2026-04-29 18:34:31,686", "type": "train", "epoch": 13, "batch": 6199, "n_batches": 7774, "time": 0.85, "data_time": 0.0, "lr": 1e-05, "loss": -8.404, "recon_loss": -8.406, "kld_loss": 0.003, "kld_weight": 0.5}
{"message": "", "levelname": "INFO", "name": "Trainer", "asctime": "2026-04-29 18:34:41,107", "type": "train", "epoch": 13, "batch": 6239, "n_batches": 7774, "time": 0.731, "data_time": 0.0, "lr": 1e-05, "loss": -3.746, "recon_loss": -3.759, "kld_loss": 0.026, "kld_weight": 0.5}
{"message": "", "levelname": "INFO", "name": "Trainer", "asctime": "2026-04-29 18:34:50,315", "type": "train", "epoch": 13, "batch": 6279, "n_batches": 7774, "time": 1.193, "data_time": 0.0, "lr": 1e-05, "loss": -9.447, "recon_loss": -9.449, "kld_loss": 0.004, "kld_weight": 0.5}
{"message": "", "levelname": "INFO", "name": "Trainer", "asctime": "2026-04-29 18:34:58,475", "type": "train", "epoch": 13, "batch": 6319, "n_batches": 7774, "time": 0.94, "data_time": 0.0, "lr": 1e-05, "loss": -9.619, "recon_loss": -9.62, "kld_loss": 0.002, "kld_weight": 0.5}
{"message": "", "levelname": "INFO", "name": "Trainer", "asctime": "2026-04-29 18:35:06,510", "type": "train", "epoch": 13, "batch": 6359, "n_batches": 7774, "time": 0.814, "data_time": 0.0, "lr": 1e-05, "loss": -9.061, "recon_loss": -9.062, "kld_loss": 0.002, "kld_weight": 0.5}
{"message": "", "levelname": "INFO", "name": "Trainer", "asctime": "2026-04-29 18:35:15,124", "type": "train", "epoch": 13, "batch": 6399, "n_batches": 7774, "time": 0.65, "data_time": 0.0, "lr": 1e-05, "loss": -5.61, "recon_loss": -5.613, "kld_loss": 0.005, "kld_weight": 0.5}
{"message": "", "levelname": "INFO", "name": "Trainer", "asctime": "2026-04-29 18:35:22,251", "type": "train", "epoch": 13, "batch": 6439, "n_batches": 7774, "time": 0.716, "data_time": 0.0, "lr": 1e-05, "loss": -3.021, "recon_loss": -3.026, "kld_loss": 0.008, "kld_weight": 0.5}
{"message": "", "levelname": "INFO", "name": "Trainer", "asctime": "2026-04-29 18:35:31,770", "type": "train", "epoch": 13, "batch": 6479, "n_batches": 7774, "time": 0.73, "data_time": 0.0, "lr": 1e-05, "loss": -6.377, "recon_loss": -6.378, "kld_loss": 0.002, "kld_weight": 0.5}
{"message": "", "levelname": "INFO", "name": "Trainer", "asctime": "2026-04-29 18:35:40,659", "type": "train", "epoch": 13, "batch": 6519, "n_batches": 7774, "time": 0.763, "data_time": 0.0, "lr": 1e-05, "loss": -6.007, "recon_loss": -6.011, "kld_loss": 0.007, "kld_weight": 0.5}
{"message": "", "levelname": "INFO", "name": "Trainer", "asctime": "2026-04-29 18:35:48,628", "type": "train", "epoch": 13, "batch": 6559, "n_batches": 7774, "time": 0.68, "data_time": 0.0, "lr": 1e-05, "loss": -7.546, "recon_loss": -7.548, "kld_loss": 0.003, "kld_weight": 0.5}
{"message": "", "levelname": "INFO", "name": "Trainer", "asctime": "2026-04-29 18:35:58,979", "type": "train", "epoch": 13, "batch": 6599, "n_batches": 7774, "time": 1.417, "data_time": 0.0, "lr": 1e-05, "loss": -5.61, "recon_loss": -5.613, "kld_loss": 0.006, "kld_weight": 0.5}
{"message": "", "levelname": "INFO", "name": "Trainer", "asctime": "2026-04-29 18:36:08,466", "type": "train", "epoch": 13, "batch": 6639, "n_batches": 7774, "time": 0.665, "data_time": 0.0, "lr": 1e-05, "loss": -9.979, "recon_loss": -9.98, "kld_loss": 0.003, "kld_weight": 0.5}
{"message": "", "levelname": "INFO", "name": "Trainer", "asctime": "2026-04-29 18:36:15,958", "type": "train", "epoch": 13, "batch": 6679, "n_batches": 7774, "time": 0.674, "data_time": 0.0, "lr": 1e-05, "loss": -10.694, "recon_loss": -10.695, "kld_loss": 0.004, "kld_weight": 0.5}
{"message": "", "levelname": "INFO", "name": "Trainer", "asctime": "2026-04-29 18:36:23,384", "type": "train", "epoch": 13, "batch": 6719, "n_batches": 7774, "time": 0.821, "data_time": 0.0, "lr": 1e-05, "loss": -9.077, "recon_loss": -9.08, "kld_loss": 0.006, "kld_weight": 0.5}
{"message": "", "levelname": "INFO", "name": "Trainer", "asctime": "2026-04-29 18:36:32,183", "type": "train", "epoch": 13, "batch": 6759, "n_batches": 7774, "time": 0.861, "data_time": 0.0, "lr": 1e-05, "loss": -11.05, "recon_loss": -11.051, "kld_loss": 0.002, "kld_weight": 0.5}
{"message": "", "levelname": "INFO", "name": "Trainer", "asctime": "2026-04-29 18:36:39,342", "type": "train", "epoch": 13, "batch": 6799, "n_batches": 7774, "time": 0.753, "data_time": 0.0, "lr": 1e-05, "loss": -8.65, "recon_loss": -8.652, "kld_loss": 0.004, "kld_weight": 0.5}
{"message": "", "levelname": "INFO", "name": "Trainer", "asctime": "2026-04-29 18:36:46,122", "type": "train", "epoch": 13, "batch": 6839, "n_batches": 7774, "time": 0.742, "data_time": 0.0, "lr": 1e-05, "loss": -7.979, "recon_loss": -7.984, "kld_loss": 0.01, "kld_weight": 0.5}
{"message": "", "levelname": "INFO", "name": "Trainer", "asctime": "2026-04-29 18:36:54,508", "type": "train", "epoch": 13, "batch": 6879, "n_batches": 7774, "time": 0.684, "data_time": 0.0, "lr": 1e-05, "loss": -9.78, "recon_loss": -9.782, "kld_loss": 0.003, "kld_weight": 0.5}
{"message": "", "levelname": "INFO", "name": "Trainer", "asctime": "2026-04-29 18:37:02,986", "type": "train", "epoch": 13, "batch": 6919, "n_batches": 7774, "time": 0.648, "data_time": 0.0, "lr": 1e-05, "loss": -8.387, "recon_loss": -8.389, "kld_loss": 0.004, "kld_weight": 0.5}
{"message": "", "levelname": "INFO", "name": "Trainer", "asctime": "2026-04-29 18:37:11,056", "type": "train", "epoch": 13, "batch": 6959, "n_batches": 7774, "time": 1.531, "data_time": 0.0, "lr": 1e-05, "loss": -4.02, "recon_loss": -4.023, "kld_loss": 0.006, "kld_weight": 0.5}
{"message": "", "levelname": "INFO", "name": "Trainer", "asctime": "2026-04-29 18:37:19,373", "type": "train", "epoch": 13, "batch": 6999, "n_batches": 7774, "time": 0.71, "data_time": 0.0, "lr": 1e-05, "loss": -8.161, "recon_loss": -8.163, "kld_loss": 0.004, "kld_weight": 0.5}
{"message": "", "levelname": "INFO", "name": "Trainer", "asctime": "2026-04-29 18:37:26,823", "type": "train", "epoch": 13, "batch": 7039, "n_batches": 7774, "time": 0.993, "data_time": 0.0, "lr": 1e-05, "loss": -8.304, "recon_loss": -8.307, "kld_loss": 0.005, "kld_weight": 0.5}
{"message": "", "levelname": "INFO", "name": "Trainer", "asctime": "2026-04-29 18:37:36,542", "type": "train", "epoch": 13, "batch": 7079, "n_batches": 7774, "time": 0.837, "data_time": 0.0, "lr": 1e-05, "loss": -7.727, "recon_loss": -7.73, "kld_loss": 0.007, "kld_weight": 0.5}
{"message": "", "levelname": "INFO", "name": "Trainer", "asctime": "2026-04-29 18:37:44,453", "type": "train", "epoch": 13, "batch": 7119, "n_batches": 7774, "time": 1.404, "data_time": 0.0, "lr": 1e-05, "loss": -8.486, "recon_loss": -8.488, "kld_loss": 0.004, "kld_weight": 0.5}
{"message": "", "levelname": "INFO", "name": "Trainer", "asctime": "2026-04-29 18:37:52,173", "type": "train", "epoch": 13, "batch": 7159, "n_batches": 7774, "time": 0.626, "data_time": 0.0, "lr": 1e-05, "loss": -10.042, "recon_loss": -10.043, "kld_loss": 0.002, "kld_weight": 0.5}
{"message": "", "levelname": "INFO", "name": "Trainer", "asctime": "2026-04-29 18:37:59,612", "type": "train", "epoch": 13, "batch": 7199, "n_batches": 7774, "time": 0.852, "data_time": 0.0, "lr": 1e-05, "loss": -8.996, "recon_loss": -9.002, "kld_loss": 0.013, "kld_weight": 0.5}
{"message": "", "levelname": "INFO", "name": "Trainer", "asctime": "2026-04-29 18:38:07,708", "type": "train", "epoch": 13, "batch": 7239, "n_batches": 7774, "time": 0.69, "data_time": 0.0, "lr": 1e-05, "loss": -8.695, "recon_loss": -8.697, "kld_loss": 0.004, "kld_weight": 0.5}
{"message": "", "levelname": "INFO", "name": "Trainer", "asctime": "2026-04-29 18:38:15,590", "type": "train", "epoch": 13, "batch": 7279, "n_batches": 7774, "time": 0.861, "data_time": 0.0, "lr": 1e-05, "loss": -8.386, "recon_loss": -8.389, "kld_loss": 0.006, "kld_weight": 0.5}
{"message": "", "levelname": "INFO", "name": "Trainer", "asctime": "2026-04-29 18:38:24,281", "type": "train", "epoch": 13, "batch": 7319, "n_batches": 7774, "time": 0.458, "data_time": 0.0, "lr": 1e-05, "loss": -8.041, "recon_loss": -8.043, "kld_loss": 0.002, "kld_weight": 0.5}
{"message": "", "levelname": "INFO", "name": "Trainer", "asctime": "2026-04-29 18:38:31,897", "type": "train", "epoch": 13, "batch": 7359, "n_batches": 7774, "time": 0.646, "data_time": 0.0, "lr": 1e-05, "loss": -5.455, "recon_loss": -5.46, "kld_loss": 0.01, "kld_weight": 0.5}
{"message": "", "levelname": "INFO", "name": "Trainer", "asctime": "2026-04-29 18:38:40,276", "type": "train", "epoch": 13, "batch": 7399, "n_batches": 7774, "time": 0.781, "data_time": 0.0, "lr": 1e-05, "loss": -8.023, "recon_loss": -8.025, "kld_loss": 0.004, "kld_weight": 0.5}
{"message": "", "levelname": "INFO", "name": "Trainer", "asctime": "2026-04-29 18:38:48,097", "type": "train", "epoch": 13, "batch": 7439, "n_batches": 7774, "time": 0.874, "data_time": 0.0, "lr": 1e-05, "loss": -9.465, "recon_loss": -9.466, "kld_loss": 0.002, "kld_weight": 0.5}
{"message": "", "levelname": "INFO", "name": "Trainer", "asctime": "2026-04-29 18:38:56,564", "type": "train", "epoch": 13, "batch": 7479, "n_batches": 7774, "time": 0.796, "data_time": 0.0, "lr": 1e-05, "loss": -8.438, "recon_loss": -8.441, "kld_loss": 0.007, "kld_weight": 0.5}
{"message": "", "levelname": "INFO", "name": "Trainer", "asctime": "2026-04-29 18:39:05,457", "type": "train", "epoch": 13, "batch": 7519, "n_batches": 7774, "time": 0.653, "data_time": 0.0, "lr": 1e-05, "loss": -6.386, "recon_loss": -6.388, "kld_loss": 0.003, "kld_weight": 0.5}
{"message": "", "levelname": "INFO", "name": "Trainer", "asctime": "2026-04-29 18:39:13,475", "type": "train", "epoch": 13, "batch": 7559, "n_batches": 7774, "time": 0.92, "data_time": 0.0, "lr": 1e-05, "loss": -0.95, "recon_loss": -0.961, "kld_loss": 0.021, "kld_weight": 0.5}
{"message": "", "levelname": "INFO", "name": "Trainer", "asctime": "2026-04-29 18:39:20,983", "type": "train", "epoch": 13, "batch": 7599, "n_batches": 7774, "time": 0.601, "data_time": 0.0, "lr": 1e-05, "loss": -4.188, "recon_loss": -4.189, "kld_loss": 0.003, "kld_weight": 0.5}
{"message": "", "levelname": "INFO", "name": "Trainer", "asctime": "2026-04-29 18:39:27,837", "type": "train", "epoch": 13, "batch": 7639, "n_batches": 7774, "time": 0.814, "data_time": 0.0, "lr": 1e-05, "loss": -9.284, "recon_loss": -9.286, "kld_loss": 0.004, "kld_weight": 0.5}
{"message": "", "levelname": "INFO", "name": "Trainer", "asctime": "2026-04-29 18:39:35,218", "type": "train", "epoch": 13, "batch": 7679, "n_batches": 7774, "time": 0.738, "data_time": 0.0, "lr": 1e-05, "loss": -7.971, "recon_loss": -7.972, "kld_loss": 0.002, "kld_weight": 0.5}
{"message": "", "levelname": "INFO", "name": "Trainer", "asctime": "2026-04-29 18:39:43,762", "type": "train", "epoch": 13, "batch": 7719, "n_batches": 7774, "time": 0.721, "data_time": 0.0, "lr": 1e-05, "loss": -9.773, "recon_loss": -9.775, "kld_loss": 0.003, "kld_weight": 0.5}
{"message": "", "levelname": "INFO", "name": "Trainer", "asctime": "2026-04-29 18:39:51,584", "type": "train", "epoch": 13, "batch": 7759, "n_batches": 7774, "time": 0.707, "data_time": 0.0, "lr": 1e-05, "loss": -6.349, "recon_loss": -6.353, "kld_loss": 0.008, "kld_weight": 0.5}
{"message": "", "levelname": "INFO", "name": "Trainer", "asctime": "2026-04-29 18:39:54,101", "type": "train-epoch", "epoch": 14, "loss": -1.87137, "recon_loss": -1.8721, "kld_loss": 0.00146, "kld_weight": 0.5, "time": 1584.7}
{"message": "", "levelname": "INFO", "name": "Trainer", "asctime": "2026-04-29 18:42:57,193", "type": "val-epoch", "epoch": 14, "loss": -1.938, "test_loss": -1.83, "recon_loss": -1.938, "kld_loss": 0.001, "kld_weight": 0.5, "note": "loss is teacher-forced CVAE objective; test_loss is prior-only reconstruction", "time": 183.1}
{"message": "", "levelname": "INFO", "name": "Trainer", "asctime": "2026-04-29 18:43:05,205", "type": "train", "epoch": 14, "batch": 39, "n_batches": 7774, "time": 0.615, "data_time": 0.0, "lr": 1e-05, "loss": -11.537, "recon_loss": -11.538, "kld_loss": 0.002, "kld_weight": 0.5}
{"message": "", "levelname": "INFO", "name": "Trainer", "asctime": "2026-04-29 18:43:12,911", "type": "train", "epoch": 14, "batch": 79, "n_batches": 7774, "time": 0.703, "data_time": 0.0, "lr": 1e-05, "loss": -9.97, "recon_loss": -9.971, "kld_loss": 0.001, "kld_weight": 0.5}
{"message": "", "levelname": "INFO", "name": "Trainer", "asctime": "2026-04-29 18:43:21,250", "type": "train", "epoch": 14, "batch": 119, "n_batches": 7774, "time": 0.629, "data_time": 0.0, "lr": 1e-05, "loss": -8.725, "recon_loss": -8.726, "kld_loss": 0.002, "kld_weight": 0.5}
{"message": "", "levelname": "INFO", "name": "Trainer", "asctime": "2026-04-29 18:43:29,777", "type": "train", "epoch": 14, "batch": 159, "n_batches": 7774, "time": 0.813, "data_time": 0.0, "lr": 1e-05, "loss": -5.165, "recon_loss": -5.169, "kld_loss": 0.007, "kld_weight": 0.5}
{"message": "", "levelname": "INFO", "name": "Trainer", "asctime": "2026-04-29 18:43:38,282", "type": "train", "epoch": 14, "batch": 199, "n_batches": 7774, "time": 0.844, "data_time": 0.0, "lr": 1e-05, "loss": -10.824, "recon_loss": -10.825, "kld_loss": 0.002, "kld_weight": 0.5}
{"message": "", "levelname": "INFO", "name": "Trainer", "asctime": "2026-04-29 18:43:45,640", "type": "train", "epoch": 14, "batch": 239, "n_batches": 7774, "time": 0.884, "data_time": 0.0, "lr": 1e-05, "loss": -7.216, "recon_loss": -7.218, "kld_loss": 0.003, "kld_weight": 0.5}
{"message": "", "levelname": "INFO", "name": "Trainer", "asctime": "2026-04-29 18:43:52,625", "type": "train", "epoch": 14, "batch": 279, "n_batches": 7774, "time": 0.505, "data_time": 0.0, "lr": 1e-05, "loss": -6.383, "recon_loss": -6.391, "kld_loss": 0.018, "kld_weight": 0.5}
{"message": "", "levelname": "INFO", "name": "Trainer", "asctime": "2026-04-29 18:43:59,778", "type": "train", "epoch": 14, "batch": 319, "n_batches": 7774, "time": 0.964, "data_time": 0.0, "lr": 1e-05, "loss": -8.064, "recon_loss": -8.069, "kld_loss": 0.01, "kld_weight": 0.5}
{"message": "", "levelname": "INFO", "name": "Trainer", "asctime": "2026-04-29 18:44:07,264", "type": "train", "epoch": 14, "batch": 359, "n_batches": 7774, "time": 0.878, "data_time": 0.0, "lr": 1e-05, "loss": -7.986, "recon_loss": -7.99, "kld_loss": 0.008, "kld_weight": 0.5}
{"message": "", "levelname": "INFO", "name": "Trainer", "asctime": "2026-04-29 18:44:14,594", "type": "train", "epoch": 14, "batch": 399, "n_batches": 7774, "time": 0.723, "data_time": 0.0, "lr": 1e-05, "loss": -6.81, "recon_loss": -6.815, "kld_loss": 0.009, "kld_weight": 0.5}
{"message": "", "levelname": "INFO", "name": "Trainer", "asctime": "2026-04-29 18:44:22,787", "type": "train", "epoch": 14, "batch": 439, "n_batches": 7774, "time": 1.12, "data_time": 0.0, "lr": 1e-05, "loss": -5.774, "recon_loss": -5.777, "kld_loss": 0.006, "kld_weight": 0.5}
{"message": "", "levelname": "INFO", "name": "Trainer", "asctime": "2026-04-29 18:44:31,413", "type": "train", "epoch": 14, "batch": 479, "n_batches": 7774, "time": 0.508, "data_time": 0.0, "lr": 1e-05, "loss": -8.936, "recon_loss": -8.938, "kld_loss": 0.002, "kld_weight": 0.5}
{"message": "", "levelname": "INFO", "name": "Trainer", "asctime": "2026-04-29 18:44:39,088", "type": "train", "epoch": 14, "batch": 519, "n_batches": 7774, "time": 0.712, "data_time": 0.0, "lr": 1e-05, "loss": -0.671, "recon_loss": -0.681, "kld_loss": 0.021, "kld_weight": 0.5}
{"message": "", "levelname": "INFO", "name": "Trainer", "asctime": "2026-04-29 18:44:46,272", "type": "train", "epoch": 14, "batch": 559, "n_batches": 7774, "time": 0.418, "data_time": 0.0, "lr": 1e-05, "loss": -10.183, "recon_loss": -10.185, "kld_loss": 0.003, "kld_weight": 0.5}
{"message": "", "levelname": "INFO", "name": "Trainer", "asctime": "2026-04-29 18:44:54,797", "type": "train", "epoch": 14, "batch": 599, "n_batches": 7774, "time": 0.731, "data_time": 0.0, "lr": 1e-05, "loss": -0.569, "recon_loss": -0.601, "kld_loss": 0.065, "kld_weight": 0.5}
{"message": "", "levelname": "INFO", "name": "Trainer", "asctime": "2026-04-29 18:45:03,502", "type": "train", "epoch": 14, "batch": 639, "n_batches": 7774, "time": 0.507, "data_time": 0.0, "lr": 1e-05, "loss": -7.916, "recon_loss": -7.916, "kld_loss": 0.002, "kld_weight": 0.5}
{"message": "", "levelname": "INFO", "name": "Trainer", "asctime": "2026-04-29 18:45:11,868", "type": "train", "epoch": 14, "batch": 679, "n_batches": 7774, "time": 0.573, "data_time": 0.0, "lr": 1e-05, "loss": -8.127, "recon_loss": -8.13, "kld_loss": 0.004, "kld_weight": 0.5}
{"message": "", "levelname": "INFO", "name": "Trainer", "asctime": "2026-04-29 18:45:21,299", "type": "train", "epoch": 14, "batch": 719, "n_batches": 7774, "time": 0.767, "data_time": 0.0, "lr": 1e-05, "loss": -4.921, "recon_loss": -4.923, "kld_loss": 0.003, "kld_weight": 0.5}
{"message": "", "levelname": "INFO", "name": "Trainer", "asctime": "2026-04-29 18:45:28,383", "type": "train", "epoch": 14, "batch": 759, "n_batches": 7774, "time": 0.7, "data_time": 0.0, "lr": 1e-05, "loss": -10.385, "recon_loss": -10.386, "kld_loss": 0.002, "kld_weight": 0.5}
{"message": "", "levelname": "INFO", "name": "Trainer", "asctime": "2026-04-29 18:45:37,867", "type": "train", "epoch": 14, "batch": 799, "n_batches": 7774, "time": 0.72, "data_time": 0.0, "lr": 1e-05, "loss": -3.711, "recon_loss": -3.714, "kld_loss": 0.007, "kld_weight": 0.5}
{"message": "", "levelname": "INFO", "name": "Trainer", "asctime": "2026-04-29 18:45:46,567", "type": "train", "epoch": 14, "batch": 839, "n_batches": 7774, "time": 0.835, "data_time": 0.0, "lr": 1e-05, "loss": -5.85, "recon_loss": -5.852, "kld_loss": 0.004, "kld_weight": 0.5}
{"message": "", "levelname": "INFO", "name": "Trainer", "asctime": "2026-04-29 18:45:53,470", "type": "train", "epoch": 14, "batch": 879, "n_batches": 7774, "time": 0.685, "data_time": 0.0, "lr": 1e-05, "loss": -4.948, "recon_loss": -4.95, "kld_loss": 0.004, "kld_weight": 0.5}
{"message": "", "levelname": "INFO", "name": "Trainer", "asctime": "2026-04-29 18:46:01,926", "type": "train", "epoch": 14, "batch": 919, "n_batches": 7774, "time": 0.78, "data_time": 0.0, "lr": 1e-05, "loss": -5.512, "recon_loss": -5.515, "kld_loss": 0.006, "kld_weight": 0.5}
{"message": "", "levelname": "INFO", "name": "Trainer", "asctime": "2026-04-29 18:46:09,504", "type": "train", "epoch": 14, "batch": 959, "n_batches": 7774, "time": 0.665, "data_time": 0.0, "lr": 1e-05, "loss": -9.328, "recon_loss": -9.329, "kld_loss": 0.003, "kld_weight": 0.5}
{"message": "", "levelname": "INFO", "name": "Trainer", "asctime": "2026-04-29 18:46:16,853", "type": "train", "epoch": 14, "batch": 999, "n_batches": 7774, "time": 0.695, "data_time": 0.0, "lr": 1e-05, "loss": -3.01, "recon_loss": -3.015, "kld_loss": 0.01, "kld_weight": 0.5}
{"message": "", "levelname": "INFO", "name": "Trainer", "asctime": "2026-04-29 18:46:25,407", "type": "train", "epoch": 14, "batch": 1039, "n_batches": 7774, "time": 0.732, "data_time": 0.0, "lr": 1e-05, "loss": -8.04, "recon_loss": -8.041, "kld_loss": 0.003, "kld_weight": 0.5}
{"message": "", "levelname": "INFO", "name": "Trainer", "asctime": "2026-04-29 18:46:32,667", "type": "train", "epoch": 14, "batch": 1079, "n_batches": 7774, "time": 0.679, "data_time": 0.0, "lr": 1e-05, "loss": -6.777, "recon_loss": -6.779, "kld_loss": 0.002, "kld_weight": 0.5}
{"message": "", "levelname": "INFO", "name": "Trainer", "asctime": "2026-04-29 18:46:40,166", "type": "train", "epoch": 14, "batch": 1119, "n_batches": 7774, "time": 0.824, "data_time": 0.0, "lr": 1e-05, "loss": -5.213, "recon_loss": -5.215, "kld_loss": 0.004, "kld_weight": 0.5}
{"message": "", "levelname": "INFO", "name": "Trainer", "asctime": "2026-04-29 18:46:47,477", "type": "train", "epoch": 14, "batch": 1159, "n_batches": 7774, "time": 0.615, "data_time": 0.0, "lr": 1e-05, "loss": -7.531, "recon_loss": -7.532, "kld_loss": 0.003, "kld_weight": 0.5}
{"message": "", "levelname": "INFO", "name": "Trainer", "asctime": "2026-04-29 18:46:55,031", "type": "train", "epoch": 14, "batch": 1199, "n_batches": 7774, "time": 0.656, "data_time": 0.0, "lr": 1e-05, "loss": -8.781, "recon_loss": -8.783, "kld_loss": 0.004, "kld_weight": 0.5}
{"message": "", "levelname": "INFO", "name": "Trainer", "asctime": "2026-04-29 18:47:04,090", "type": "train", "epoch": 14, "batch": 1239, "n_batches": 7774, "time": 0.893, "data_time": 0.0, "lr": 1e-05, "loss": -8.575, "recon_loss": -8.576, "kld_loss": 0.002, "kld_weight": 0.5}
{"message": "", "levelname": "INFO", "name": "Trainer", "asctime": "2026-04-29 18:47:11,783", "type": "train", "epoch": 14, "batch": 1279, "n_batches": 7774, "time": 0.69, "data_time": 0.0, "lr": 1e-05, "loss": -7.409, "recon_loss": -7.42, "kld_loss": 0.022, "kld_weight": 0.5}
{"message": "", "levelname": "INFO", "name": "Trainer", "asctime": "2026-04-29 18:47:20,061", "type": "train", "epoch": 14, "batch": 1319, "n_batches": 7774, "time": 0.502, "data_time": 0.0, "lr": 1e-05, "loss": -8.237, "recon_loss": -8.24, "kld_loss": 0.005, "kld_weight": 0.5}
{"message": "", "levelname": "INFO", "name": "Trainer", "asctime": "2026-04-29 18:47:27,731", "type": "train", "epoch": 14, "batch": 1359, "n_batches": 7774, "time": 0.914, "data_time": 0.0, "lr": 1e-05, "loss": -7.486, "recon_loss": -7.49, "kld_loss": 0.007, "kld_weight": 0.5}
{"message": "", "levelname": "INFO", "name": "Trainer", "asctime": "2026-04-29 18:47:35,270", "type": "train", "epoch": 14, "batch": 1399, "n_batches": 7774, "time": 0.733, "data_time": 0.0, "lr": 1e-05, "loss": -7.327, "recon_loss": -7.329, "kld_loss": 0.004, "kld_weight": 0.5}
{"message": "", "levelname": "INFO", "name": "Trainer", "asctime": "2026-04-29 18:47:43,342", "type": "train", "epoch": 14, "batch": 1439, "n_batches": 7774, "time": 0.546, "data_time": 0.0, "lr": 1e-05, "loss": -9.536, "recon_loss": -9.537, "kld_loss": 0.003, "kld_weight": 0.5}
{"message": "", "levelname": "INFO", "name": "Trainer", "asctime": "2026-04-29 18:47:50,625", "type": "train", "epoch": 14, "batch": 1479, "n_batches": 7774, "time": 0.653, "data_time": 0.0, "lr": 1e-05, "loss": -8.043, "recon_loss": -8.046, "kld_loss": 0.007, "kld_weight": 0.5}
{"message": "", "levelname": "INFO", "name": "Trainer", "asctime": "2026-04-29 18:47:58,238", "type": "train", "epoch": 14, "batch": 1519, "n_batches": 7774, "time": 0.713, "data_time": 0.0, "lr": 1e-05, "loss": -9.765, "recon_loss": -9.767, "kld_loss": 0.004, "kld_weight": 0.5}
{"message": "", "levelname": "INFO", "name": "Trainer", "asctime": "2026-04-29 18:48:05,913", "type": "train", "epoch": 14, "batch": 1559, "n_batches": 7774, "time": 0.989, "data_time": 0.0, "lr": 1e-05, "loss": -9.435, "recon_loss": -9.439, "kld_loss": 0.008, "kld_weight": 0.5}
{"message": "", "levelname": "INFO", "name": "Trainer", "asctime": "2026-04-29 18:48:13,912", "type": "train", "epoch": 14, "batch": 1599, "n_batches": 7774, "time": 0.573, "data_time": 0.0, "lr": 1e-05, "loss": -9.716, "recon_loss": -9.718, "kld_loss": 0.002, "kld_weight": 0.5}
{"message": "", "levelname": "INFO", "name": "Trainer", "asctime": "2026-04-29 18:48:22,040", "type": "train", "epoch": 14, "batch": 1639, "n_batches": 7774, "time": 0.74, "data_time": 0.0, "lr": 1e-05, "loss": -7.497, "recon_loss": -7.498, "kld_loss": 0.002, "kld_weight": 0.5}
{"message": "", "levelname": "INFO", "name": "Trainer", "asctime": "2026-04-29 18:48:31,101", "type": "train", "epoch": 14, "batch": 1679, "n_batches": 7774, "time": 0.949, "data_time": 0.0, "lr": 1e-05, "loss": -5.916, "recon_loss": -5.922, "kld_loss": 0.012, "kld_weight": 0.5}
{"message": "", "levelname": "INFO", "name": "Trainer", "asctime": "2026-04-29 18:48:40,877", "type": "train", "epoch": 14, "batch": 1719, "n_batches": 7774, "time": 0.663, "data_time": 0.0, "lr": 1e-05, "loss": -9.636, "recon_loss": -9.638, "kld_loss": 0.003, "kld_weight": 0.5}
{"message": "", "levelname": "INFO", "name": "Trainer", "asctime": "2026-04-29 18:48:48,630", "type": "train", "epoch": 14, "batch": 1759, "n_batches": 7774, "time": 0.907, "data_time": 0.0, "lr": 1e-05, "loss": -6.397, "recon_loss": -6.399, "kld_loss": 0.004, "kld_weight": 0.5}
{"message": "", "levelname": "INFO", "name": "Trainer", "asctime": "2026-04-29 18:48:56,515", "type": "train", "epoch": 14, "batch": 1799, "n_batches": 7774, "time": 0.882, "data_time": 0.0, "lr": 1e-05, "loss": -8.375, "recon_loss": -8.377, "kld_loss": 0.003, "kld_weight": 0.5}
{"message": "", "levelname": "INFO", "name": "Trainer", "asctime": "2026-04-29 18:49:05,011", "type": "train", "epoch": 14, "batch": 1839, "n_batches": 7774, "time": 0.751, "data_time": 0.0, "lr": 1e-05, "loss": -4.586, "recon_loss": -4.589, "kld_loss": 0.007, "kld_weight": 0.5}
{"message": "", "levelname": "INFO", "name": "Trainer", "asctime": "2026-04-29 18:49:13,494", "type": "train", "epoch": 14, "batch": 1879, "n_batches": 7774, "time": 0.643, "data_time": 0.0, "lr": 1e-05, "loss": -7.175, "recon_loss": -7.177, "kld_loss": 0.004, "kld_weight": 0.5}
{"message": "", "levelname": "INFO", "name": "Trainer", "asctime": "2026-04-29 18:49:21,635", "type": "train", "epoch": 14, "batch": 1919, "n_batches": 7774, "time": 1.431, "data_time": 0.0, "lr": 1e-05, "loss": -8.224, "recon_loss": -8.226, "kld_loss": 0.003, "kld_weight": 0.5}
{"message": "", "levelname": "INFO", "name": "Trainer", "asctime": "2026-04-29 18:49:30,274", "type": "train", "epoch": 14, "batch": 1959, "n_batches": 7774, "time": 0.555, "data_time": 0.0, "lr": 1e-05, "loss": -5.37, "recon_loss": -5.374, "kld_loss": 0.008, "kld_weight": 0.5}
{"message": "", "levelname": "INFO", "name": "Trainer", "asctime": "2026-04-29 18:49:38,615", "type": "train", "epoch": 14, "batch": 1999, "n_batches": 7774, "time": 1.395, "data_time": 0.0, "lr": 1e-05, "loss": -10.2, "recon_loss": -10.203, "kld_loss": 0.007, "kld_weight": 0.5}
{"message": "", "levelname": "INFO", "name": "Trainer", "asctime": "2026-04-29 18:49:47,266", "type": "train", "epoch": 14, "batch": 2039, "n_batches": 7774, "time": 0.786, "data_time": 0.0, "lr": 1e-05, "loss": -8.971, "recon_loss": -8.972, "kld_loss": 0.002, "kld_weight": 0.5}
{"message": "", "levelname": "INFO", "name": "Trainer", "asctime": "2026-04-29 18:49:55,600", "type": "train", "epoch": 14, "batch": 2079, "n_batches": 7774, "time": 0.514, "data_time": 0.0, "lr": 1e-05, "loss": -8.341, "recon_loss": -8.342, "kld_loss": 0.003, "kld_weight": 0.5}
{"message": "", "levelname": "INFO", "name": "Trainer", "asctime": "2026-04-29 18:50:03,576", "type": "train", "epoch": 14, "batch": 2119, "n_batches": 7774, "time": 0.941, "data_time": 0.0, "lr": 1e-05, "loss": -10.237, "recon_loss": -10.238, "kld_loss": 0.003, "kld_weight": 0.5}
{"message": "", "levelname": "INFO", "name": "Trainer", "asctime": "2026-04-29 18:50:11,800", "type": "train", "epoch": 14, "batch": 2159, "n_batches": 7774, "time": 0.843, "data_time": 0.0, "lr": 1e-05, "loss": -1.915, "recon_loss": -1.919, "kld_loss": 0.008, "kld_weight": 0.5}
{"message": "", "levelname": "INFO", "name": "Trainer", "asctime": "2026-04-29 18:50:18,481", "type": "train", "epoch": 14, "batch": 2199, "n_batches": 7774, "time": 0.609, "data_time": 0.0, "lr": 1e-05, "loss": -9.159, "recon_loss": -9.16, "kld_loss": 0.003, "kld_weight": 0.5}
{"message": "", "levelname": "INFO", "name": "Trainer", "asctime": "2026-04-29 18:50:26,701", "type": "train", "epoch": 14, "batch": 2239, "n_batches": 7774, "time": 0.744, "data_time": 0.0, "lr": 1e-05, "loss": -5.475, "recon_loss": -5.478, "kld_loss": 0.006, "kld_weight": 0.5}
{"message": "", "levelname": "INFO", "name": "Trainer", "asctime": "2026-04-29 18:50:34,261", "type": "train", "epoch": 14, "batch": 2279, "n_batches": 7774, "time": 0.754, "data_time": 0.0, "lr": 1e-05, "loss": -5.607, "recon_loss": -5.609, "kld_loss": 0.004, "kld_weight": 0.5}
{"message": "", "levelname": "INFO", "name": "Trainer", "asctime": "2026-04-29 18:50:41,466", "type": "train", "epoch": 14, "batch": 2319, "n_batches": 7774, "time": 0.727, "data_time": 0.0, "lr": 1e-05, "loss": -10.061, "recon_loss": -10.062, "kld_loss": 0.003, "kld_weight": 0.5}
{"message": "", "levelname": "INFO", "name": "Trainer", "asctime": "2026-04-29 18:50:49,093", "type": "train", "epoch": 14, "batch": 2359, "n_batches": 7774, "time": 0.712, "data_time": 0.0, "lr": 1e-05, "loss": -9.578, "recon_loss": -9.58, "kld_loss": 0.003, "kld_weight": 0.5}
{"message": "", "levelname": "INFO", "name": "Trainer", "asctime": "2026-04-29 18:50:56,369", "type": "train", "epoch": 14, "batch": 2399, "n_batches": 7774, "time": 0.521, "data_time": 0.0, "lr": 1e-05, "loss": -2.325, "recon_loss": -2.329, "kld_loss": 0.008, "kld_weight": 0.5}
{"message": "", "levelname": "INFO", "name": "Trainer", "asctime": "2026-04-29 18:51:03,434", "type": "train", "epoch": 14, "batch": 2439, "n_batches": 7774, "time": 0.923, "data_time": 0.0, "lr": 1e-05, "loss": -9.107, "recon_loss": -9.109, "kld_loss": 0.004, "kld_weight": 0.5}
{"message": "", "levelname": "INFO", "name": "Trainer", "asctime": "2026-04-29 18:51:13,374", "type": "train", "epoch": 14, "batch": 2479, "n_batches": 7774, "time": 0.54, "data_time": 0.0, "lr": 1e-05, "loss": -10.23, "recon_loss": -10.231, "kld_loss": 0.002, "kld_weight": 0.5}
{"message": "", "levelname": "INFO", "name": "Trainer", "asctime": "2026-04-29 18:51:22,631", "type": "train", "epoch": 14, "batch": 2519, "n_batches": 7774, "time": 1.443, "data_time": 0.0, "lr": 1e-05, "loss": -5.546, "recon_loss": -5.549, "kld_loss": 0.004, "kld_weight": 0.5}
{"message": "", "levelname": "INFO", "name": "Trainer", "asctime": "2026-04-29 18:51:32,022", "type": "train", "epoch": 14, "batch": 2559, "n_batches": 7774, "time": 0.799, "data_time": 0.0, "lr": 1e-05, "loss": -5.529, "recon_loss": -5.533, "kld_loss": 0.01, "kld_weight": 0.5}
{"message": "", "levelname": "INFO", "name": "Trainer", "asctime": "2026-04-29 18:51:39,621", "type": "train", "epoch": 14, "batch": 2599, "n_batches": 7774, "time": 0.701, "data_time": 0.0, "lr": 1e-05, "loss": -8.946, "recon_loss": -8.947, "kld_loss": 0.003, "kld_weight": 0.5}
{"message": "", "levelname": "INFO", "name": "Trainer", "asctime": "2026-04-29 18:51:48,767", "type": "train", "epoch": 14, "batch": 2639, "n_batches": 7774, "time": 1.899, "data_time": 0.0, "lr": 1e-05, "loss": -2.015, "recon_loss": -2.018, "kld_loss": 0.005, "kld_weight": 0.5}
{"message": "", "levelname": "INFO", "name": "Trainer", "asctime": "2026-04-29 18:51:57,685", "type": "train", "epoch": 14, "batch": 2679, "n_batches": 7774, "time": 0.763, "data_time": 0.0, "lr": 1e-05, "loss": -6.007, "recon_loss": -6.012, "kld_loss": 0.01, "kld_weight": 0.5}
{"message": "", "levelname": "INFO", "name": "Trainer", "asctime": "2026-04-29 18:52:07,197", "type": "train", "epoch": 14, "batch": 2719, "n_batches": 7774, "time": 0.836, "data_time": 0.0, "lr": 1e-05, "loss": -10.023, "recon_loss": -10.024, "kld_loss": 0.002, "kld_weight": 0.5}
{"message": "", "levelname": "INFO", "name": "Trainer", "asctime": "2026-04-29 18:52:15,730", "type": "train", "epoch": 14, "batch": 2759, "n_batches": 7774, "time": 0.725, "data_time": 0.0, "lr": 1e-05, "loss": -5.833, "recon_loss": -5.836, "kld_loss": 0.005, "kld_weight": 0.5}
{"message": "", "levelname": "INFO", "name": "Trainer", "asctime": "2026-04-29 18:52:26,296", "type": "train", "epoch": 14, "batch": 2799, "n_batches": 7774, "time": 0.737, "data_time": 0.0, "lr": 1e-05, "loss": -10.864, "recon_loss": -10.865, "kld_loss": 0.002, "kld_weight": 0.5}
{"message": "", "levelname": "INFO", "name": "Trainer", "asctime": "2026-04-29 18:52:34,991", "type": "train", "epoch": 14, "batch": 2839, "n_batches": 7774, "time": 0.719, "data_time": 0.0, "lr": 1e-05, "loss": -2.683, "recon_loss": -2.689, "kld_loss": 0.011, "kld_weight": 0.5}
{"message": "", "levelname": "INFO", "name": "Trainer", "asctime": "2026-04-29 18:52:42,293", "type": "train", "epoch": 14, "batch": 2879, "n_batches": 7774, "time": 0.692, "data_time": 0.0, "lr": 1e-05, "loss": -7.856, "recon_loss": -7.86, "kld_loss": 0.009, "kld_weight": 0.5}
{"message": "", "levelname": "INFO", "name": "Trainer", "asctime": "2026-04-29 18:52:49,096", "type": "train", "epoch": 14, "batch": 2919, "n_batches": 7774, "time": 0.693, "data_time": 0.0, "lr": 1e-05, "loss": -7.748, "recon_loss": -7.749, "kld_loss": 0.003, "kld_weight": 0.5}
{"message": "", "levelname": "INFO", "name": "Trainer", "asctime": "2026-04-29 18:52:58,267", "type": "train", "epoch": 14, "batch": 2959, "n_batches": 7774, "time": 0.688, "data_time": 0.0, "lr": 1e-05, "loss": -0.421, "recon_loss": -0.428, "kld_loss": 0.013, "kld_weight": 0.5}
{"message": "", "levelname": "INFO", "name": "Trainer", "asctime": "2026-04-29 18:53:07,029", "type": "train", "epoch": 14, "batch": 2999, "n_batches": 7774, "time": 1.473, "data_time": 0.0, "lr": 1e-05, "loss": -5.651, "recon_loss": -5.653, "kld_loss": 0.004, "kld_weight": 0.5}
{"message": "", "levelname": "INFO", "name": "Trainer", "asctime": "2026-04-29 18:53:15,103", "type": "train", "epoch": 14, "batch": 3039, "n_batches": 7774, "time": 1.581, "data_time": 0.0, "lr": 1e-05, "loss": -8.438, "recon_loss": -8.439, "kld_loss": 0.003, "kld_weight": 0.5}
{"message": "", "levelname": "INFO", "name": "Trainer", "asctime": "2026-04-29 18:53:24,004", "type": "train", "epoch": 14, "batch": 3079, "n_batches": 7774, "time": 0.712, "data_time": 0.0, "lr": 1e-05, "loss": -1.423, "recon_loss": -1.425, "kld_loss": 0.003, "kld_weight": 0.5}
{"message": "", "levelname": "INFO", "name": "Trainer", "asctime": "2026-04-29 18:53:31,644", "type": "train", "epoch": 14, "batch": 3119, "n_batches": 7774, "time": 0.43, "data_time": 0.0, "lr": 1e-05, "loss": -8.359, "recon_loss": -8.362, "kld_loss": 0.006, "kld_weight": 0.5}
{"message": "", "levelname": "INFO", "name": "Trainer", "asctime": "2026-04-29 18:53:40,050", "type": "train", "epoch": 14, "batch": 3159, "n_batches": 7774, "time": 0.902, "data_time": 0.0, "lr": 1e-05, "loss": -7.863, "recon_loss": -7.865, "kld_loss": 0.004, "kld_weight": 0.5}
{"message": "", "levelname": "INFO", "name": "Trainer", "asctime": "2026-04-29 18:53:48,312", "type": "train", "epoch": 14, "batch": 3199, "n_batches": 7774, "time": 0.741, "data_time": 0.0, "lr": 1e-05, "loss": -6.651, "recon_loss": -6.652, "kld_loss": 0.002, "kld_weight": 0.5}
{"message": "", "levelname": "INFO", "name": "Trainer", "asctime": "2026-04-29 18:53:57,417", "type": "train", "epoch": 14, "batch": 3239, "n_batches": 7774, "time": 0.728, "data_time": 0.0, "lr": 1e-05, "loss": -7.341, "recon_loss": -7.346, "kld_loss": 0.009, "kld_weight": 0.5}
{"message": "", "levelname": "INFO", "name": "Trainer", "asctime": "2026-04-29 18:54:05,800", "type": "train", "epoch": 14, "batch": 3279, "n_batches": 7774, "time": 0.764, "data_time": 0.0, "lr": 1e-05, "loss": -9.385, "recon_loss": -9.387, "kld_loss": 0.003, "kld_weight": 0.5}
{"message": "", "levelname": "INFO", "name": "Trainer", "asctime": "2026-04-29 18:54:13,904", "type": "train", "epoch": 14, "batch": 3319, "n_batches": 7774, "time": 0.708, "data_time": 0.0, "lr": 1e-05, "loss": -0.154, "recon_loss": -0.159, "kld_loss": 0.009, "kld_weight": 0.5}
{"message": "", "levelname": "INFO", "name": "Trainer", "asctime": "2026-04-29 18:54:20,699", "type": "train", "epoch": 14, "batch": 3359, "n_batches": 7774, "time": 0.631, "data_time": 0.0, "lr": 1e-05, "loss": -10.597, "recon_loss": -10.598, "kld_loss": 0.003, "kld_weight": 0.5}
{"message": "", "levelname": "INFO", "name": "Trainer", "asctime": "2026-04-29 18:54:29,100", "type": "train", "epoch": 14, "batch": 3399, "n_batches": 7774, "time": 1.314, "data_time": 0.0, "lr": 1e-05, "loss": -3.004, "recon_loss": -3.007, "kld_loss": 0.007, "kld_weight": 0.5}
{"message": "", "levelname": "INFO", "name": "Trainer", "asctime": "2026-04-29 18:54:37,685", "type": "train", "epoch": 14, "batch": 3439, "n_batches": 7774, "time": 0.87, "data_time": 0.0, "lr": 1e-05, "loss": -7.772, "recon_loss": -7.773, "kld_loss": 0.002, "kld_weight": 0.5}
{"message": "", "levelname": "INFO", "name": "Trainer", "asctime": "2026-04-29 18:54:44,584", "type": "train", "epoch": 14, "batch": 3479, "n_batches": 7774, "time": 0.739, "data_time": 0.0, "lr": 1e-05, "loss": -8.111, "recon_loss": -8.115, "kld_loss": 0.007, "kld_weight": 0.5}
{"message": "", "levelname": "INFO", "name": "Trainer", "asctime": "2026-04-29 18:54:53,340", "type": "train", "epoch": 14, "batch": 3519, "n_batches": 7774, "time": 0.766, "data_time": 0.0, "lr": 1e-05, "loss": -8.441, "recon_loss": -8.443, "kld_loss": 0.004, "kld_weight": 0.5}
{"message": "", "levelname": "INFO", "name": "Trainer", "asctime": "2026-04-29 18:55:01,778", "type": "train", "epoch": 14, "batch": 3559, "n_batches": 7774, "time": 0.604, "data_time": 0.0, "lr": 1e-05, "loss": -0.857, "recon_loss": -0.86, "kld_loss": 0.006, "kld_weight": 0.5}
{"message": "", "levelname": "INFO", "name": "Trainer", "asctime": "2026-04-29 18:55:09,036", "type": "train", "epoch": 14, "batch": 3599, "n_batches": 7774, "time": 0.735, "data_time": 0.0, "lr": 1e-05, "loss": -7.949, "recon_loss": -7.95, "kld_loss": 0.001, "kld_weight": 0.5}
{"message": "", "levelname": "INFO", "name": "Trainer", "asctime": "2026-04-29 18:55:17,092", "type": "train", "epoch": 14, "batch": 3639, "n_batches": 7774, "time": 0.679, "data_time": 0.0, "lr": 1e-05, "loss": -7.934, "recon_loss": -7.937, "kld_loss": 0.006, "kld_weight": 0.5}
{"message": "", "levelname": "INFO", "name": "Trainer", "asctime": "2026-04-29 18:55:26,144", "type": "train", "epoch": 14, "batch": 3679, "n_batches": 7774, "time": 0.679, "data_time": 0.0, "lr": 1e-05, "loss": -3.369, "recon_loss": -3.373, "kld_loss": 0.009, "kld_weight": 0.5}
{"message": "", "levelname": "INFO", "name": "Trainer", "asctime": "2026-04-29 18:55:34,023", "type": "train", "epoch": 14, "batch": 3719, "n_batches": 7774, "time": 0.748, "data_time": 0.0, "lr": 1e-05, "loss": -3.077, "recon_loss": -3.079, "kld_loss": 0.004, "kld_weight": 0.5}
{"message": "", "levelname": "INFO", "name": "Trainer", "asctime": "2026-04-29 18:55:42,203", "type": "train", "epoch": 14, "batch": 3759, "n_batches": 7774, "time": 0.719, "data_time": 0.0, "lr": 1e-05, "loss": -2.31, "recon_loss": -2.316, "kld_loss": 0.013, "kld_weight": 0.5}
{"message": "", "levelname": "INFO", "name": "Trainer", "asctime": "2026-04-29 18:55:53,234", "type": "train", "epoch": 14, "batch": 3799, "n_batches": 7774, "time": 1.591, "data_time": 0.0, "lr": 1e-05, "loss": -9.703, "recon_loss": -9.704, "kld_loss": 0.002, "kld_weight": 0.5}
{"message": "", "levelname": "INFO", "name": "Trainer", "asctime": "2026-04-29 18:56:01,048", "type": "train", "epoch": 14, "batch": 3839, "n_batches": 7774, "time": 0.833, "data_time": 0.0, "lr": 1e-05, "loss": -7.16, "recon_loss": -7.162, "kld_loss": 0.005, "kld_weight": 0.5}
{"message": "", "levelname": "INFO", "name": "Trainer", "asctime": "2026-04-29 18:56:08,375", "type": "train", "epoch": 14, "batch": 3879, "n_batches": 7774, "time": 0.908, "data_time": 0.0, "lr": 1e-05, "loss": -10.371, "recon_loss": -10.371, "kld_loss": 0.001, "kld_weight": 0.5}
{"message": "", "levelname": "INFO", "name": "Trainer", "asctime": "2026-04-29 18:56:15,602", "type": "train", "epoch": 14, "batch": 3919, "n_batches": 7774, "time": 0.752, "data_time": 0.0, "lr": 1e-05, "loss": -8.832, "recon_loss": -8.835, "kld_loss": 0.005, "kld_weight": 0.5}
{"message": "", "levelname": "INFO", "name": "Trainer", "asctime": "2026-04-29 18:56:23,521", "type": "train", "epoch": 14, "batch": 3959, "n_batches": 7774, "time": 0.742, "data_time": 0.0, "lr": 1e-05, "loss": -10.832, "recon_loss": -10.832, "kld_loss": 0.002, "kld_weight": 0.5}
{"message": "", "levelname": "INFO", "name": "Trainer", "asctime": "2026-04-29 18:56:31,596", "type": "train", "epoch": 14, "batch": 3999, "n_batches": 7774, "time": 1.475, "data_time": 0.0, "lr": 1e-05, "loss": -4.771, "recon_loss": -4.773, "kld_loss": 0.004, "kld_weight": 0.5}
{"message": "", "levelname": "INFO", "name": "Trainer", "asctime": "2026-04-29 18:56:38,860", "type": "train", "epoch": 14, "batch": 4039, "n_batches": 7774, "time": 0.778, "data_time": 0.0, "lr": 1e-05, "loss": -8.173, "recon_loss": -8.175, "kld_loss": 0.004, "kld_weight": 0.5}
{"message": "", "levelname": "INFO", "name": "Trainer", "asctime": "2026-04-29 18:56:46,116", "type": "train", "epoch": 14, "batch": 4079, "n_batches": 7774, "time": 0.577, "data_time": 0.0, "lr": 1e-05, "loss": -8.613, "recon_loss": -8.615, "kld_loss": 0.004, "kld_weight": 0.5}
{"message": "", "levelname": "INFO", "name": "Trainer", "asctime": "2026-04-29 18:56:53,523", "type": "train", "epoch": 14, "batch": 4119, "n_batches": 7774, "time": 0.636, "data_time": 0.0, "lr": 1e-05, "loss": -8.952, "recon_loss": -8.954, "kld_loss": 0.003, "kld_weight": 0.5}
{"message": "", "levelname": "INFO", "name": "Trainer", "asctime": "2026-04-29 18:57:00,973", "type": "train", "epoch": 14, "batch": 4159, "n_batches": 7774, "time": 0.61, "data_time": 0.0, "lr": 1e-05, "loss": -1.985, "recon_loss": -1.988, "kld_loss": 0.006, "kld_weight": 0.5}
{"message": "", "levelname": "INFO", "name": "Trainer", "asctime": "2026-04-29 18:57:09,437", "type": "train", "epoch": 14, "batch": 4199, "n_batches": 7774, "time": 0.975, "data_time": 0.0, "lr": 1e-05, "loss": -6.599, "recon_loss": -6.602, "kld_loss": 0.005, "kld_weight": 0.5}
{"message": "", "levelname": "INFO", "name": "Trainer", "asctime": "2026-04-29 18:57:17,400", "type": "train", "epoch": 14, "batch": 4239, "n_batches": 7774, "time": 0.781, "data_time": 0.0, "lr": 1e-05, "loss": -8.562, "recon_loss": -8.566, "kld_loss": 0.007, "kld_weight": 0.5}
{"message": "", "levelname": "INFO", "name": "Trainer", "asctime": "2026-04-29 18:57:24,290", "type": "train", "epoch": 14, "batch": 4279, "n_batches": 7774, "time": 0.577, "data_time": 0.0, "lr": 1e-05, "loss": -4.186, "recon_loss": -4.198, "kld_loss": 0.023, "kld_weight": 0.5}
{"message": "", "levelname": "INFO", "name": "Trainer", "asctime": "2026-04-29 18:57:33,670", "type": "train", "epoch": 14, "batch": 4319, "n_batches": 7774, "time": 0.55, "data_time": 0.0, "lr": 1e-05, "loss": -3.221, "recon_loss": -3.225, "kld_loss": 0.007, "kld_weight": 0.5}
{"message": "", "levelname": "INFO", "name": "Trainer", "asctime": "2026-04-29 18:57:41,190", "type": "train", "epoch": 14, "batch": 4359, "n_batches": 7774, "time": 0.79, "data_time": 0.0, "lr": 1e-05, "loss": -2.8, "recon_loss": -2.805, "kld_loss": 0.011, "kld_weight": 0.5}
{"message": "", "levelname": "INFO", "name": "Trainer", "asctime": "2026-04-29 18:57:49,339", "type": "train", "epoch": 14, "batch": 4399, "n_batches": 7774, "time": 1.492, "data_time": 0.0, "lr": 1e-05, "loss": -7.111, "recon_loss": -7.114, "kld_loss": 0.005, "kld_weight": 0.5}
{"message": "", "levelname": "INFO", "name": "Trainer", "asctime": "2026-04-29 18:57:57,200", "type": "train", "epoch": 14, "batch": 4439, "n_batches": 7774, "time": 0.812, "data_time": 0.0, "lr": 1e-05, "loss": -10.385, "recon_loss": -10.386, "kld_loss": 0.001, "kld_weight": 0.5}
{"message": "", "levelname": "INFO", "name": "Trainer", "asctime": "2026-04-29 18:58:04,956", "type": "train", "epoch": 14, "batch": 4479, "n_batches": 7774, "time": 0.54, "data_time": 0.0, "lr": 1e-05, "loss": -3.281, "recon_loss": -3.284, "kld_loss": 0.005, "kld_weight": 0.5}
{"message": "", "levelname": "INFO", "name": "Trainer", "asctime": "2026-04-29 18:58:13,521", "type": "train", "epoch": 14, "batch": 4519, "n_batches": 7774, "time": 0.717, "data_time": 0.0, "lr": 1e-05, "loss": -7.41, "recon_loss": -7.412, "kld_loss": 0.005, "kld_weight": 0.5}
{"message": "", "levelname": "INFO", "name": "Trainer", "asctime": "2026-04-29 18:58:21,367", "type": "train", "epoch": 14, "batch": 4559, "n_batches": 7774, "time": 0.871, "data_time": 0.0, "lr": 1e-05, "loss": -6.904, "recon_loss": -6.905, "kld_loss": 0.002, "kld_weight": 0.5}
{"message": "", "levelname": "INFO", "name": "Trainer", "asctime": "2026-04-29 18:58:30,191", "type": "train", "epoch": 14, "batch": 4599, "n_batches": 7774, "time": 0.791, "data_time": 0.0, "lr": 1e-05, "loss": -8.415, "recon_loss": -8.416, "kld_loss": 0.003, "kld_weight": 0.5}
{"message": "", "levelname": "INFO", "name": "Trainer", "asctime": "2026-04-29 18:58:37,332", "type": "train", "epoch": 14, "batch": 4639, "n_batches": 7774, "time": 0.867, "data_time": 0.0, "lr": 1e-05, "loss": -4.689, "recon_loss": -4.69, "kld_loss": 0.003, "kld_weight": 0.5}
{"message": "", "levelname": "INFO", "name": "Trainer", "asctime": "2026-04-29 18:58:45,739", "type": "train", "epoch": 14, "batch": 4679, "n_batches": 7774, "time": 0.63, "data_time": 0.0, "lr": 1e-05, "loss": -3.985, "recon_loss": -3.989, "kld_loss": 0.009, "kld_weight": 0.5}
{"message": "", "levelname": "INFO", "name": "Trainer", "asctime": "2026-04-29 18:58:55,178", "type": "train", "epoch": 14, "batch": 4719, "n_batches": 7774, "time": 0.61, "data_time": 0.0, "lr": 1e-05, "loss": -8.627, "recon_loss": -8.628, "kld_loss": 0.003, "kld_weight": 0.5}
{"message": "", "levelname": "INFO", "name": "Trainer", "asctime": "2026-04-29 18:59:03,331", "type": "train", "epoch": 14, "batch": 4759, "n_batches": 7774, "time": 0.917, "data_time": 0.0, "lr": 1e-05, "loss": -6.739, "recon_loss": -6.741, "kld_loss": 0.005, "kld_weight": 0.5}
{"message": "", "levelname": "INFO", "name": "Trainer", "asctime": "2026-04-29 18:59:11,578", "type": "train", "epoch": 14, "batch": 4799, "n_batches": 7774, "time": 1.355, "data_time": 0.0, "lr": 1e-05, "loss": -9.964, "recon_loss": -9.966, "kld_loss": 0.005, "kld_weight": 0.5}
{"message": "", "levelname": "INFO", "name": "Trainer", "asctime": "2026-04-29 18:59:19,061", "type": "train", "epoch": 14, "batch": 4839, "n_batches": 7774, "time": 0.575, "data_time": 0.0, "lr": 1e-05, "loss": -2.722, "recon_loss": -2.725, "kld_loss": 0.006, "kld_weight": 0.5}
{"message": "", "levelname": "INFO", "name": "Trainer", "asctime": "2026-04-29 18:59:28,052", "type": "train", "epoch": 14, "batch": 4879, "n_batches": 7774, "time": 0.854, "data_time": 0.0, "lr": 1e-05, "loss": -3.525, "recon_loss": -3.528, "kld_loss": 0.007, "kld_weight": 0.5}
{"message": "", "levelname": "INFO", "name": "Trainer", "asctime": "2026-04-29 18:59:36,023", "type": "train", "epoch": 14, "batch": 4919, "n_batches": 7774, "time": 0.684, "data_time": 0.0, "lr": 1e-05, "loss": -7.041, "recon_loss": -7.044, "kld_loss": 0.007, "kld_weight": 0.5}
{"message": "", "levelname": "INFO", "name": "Trainer", "asctime": "2026-04-29 18:59:44,975", "type": "train", "epoch": 14, "batch": 4959, "n_batches": 7774, "time": 0.622, "data_time": 0.0, "lr": 1e-05, "loss": -11.904, "recon_loss": -11.906, "kld_loss": 0.004, "kld_weight": 0.5}
{"message": "", "levelname": "INFO", "name": "Trainer", "asctime": "2026-04-29 18:59:52,412", "type": "train", "epoch": 14, "batch": 4999, "n_batches": 7774, "time": 0.773, "data_time": 0.0, "lr": 1e-05, "loss": -10.174, "recon_loss": -10.175, "kld_loss": 0.001, "kld_weight": 0.5}
{"message": "", "levelname": "INFO", "name": "Trainer", "asctime": "2026-04-29 19:00:00,344", "type": "train", "epoch": 14, "batch": 5039, "n_batches": 7774, "time": 0.91, "data_time": 0.0, "lr": 1e-05, "loss": -8.3, "recon_loss": -8.304, "kld_loss": 0.008, "kld_weight": 0.5}
{"message": "", "levelname": "INFO", "name": "Trainer", "asctime": "2026-04-29 19:00:07,481", "type": "train", "epoch": 14, "batch": 5079, "n_batches": 7774, "time": 0.834, "data_time": 0.0, "lr": 1e-05, "loss": -8.959, "recon_loss": -8.96, "kld_loss": 0.002, "kld_weight": 0.5}
{"message": "", "levelname": "INFO", "name": "Trainer", "asctime": "2026-04-29 19:00:14,600", "type": "train", "epoch": 14, "batch": 5119, "n_batches": 7774, "time": 0.755, "data_time": 0.0, "lr": 1e-05, "loss": -9.255, "recon_loss": -9.256, "kld_loss": 0.003, "kld_weight": 0.5}
{"message": "", "levelname": "INFO", "name": "Trainer", "asctime": "2026-04-29 19:00:23,159", "type": "train", "epoch": 14, "batch": 5159, "n_batches": 7774, "time": 0.689, "data_time": 0.0, "lr": 1e-05, "loss": -8.889, "recon_loss": -8.892, "kld_loss": 0.006, "kld_weight": 0.5}
{"message": "", "levelname": "INFO", "name": "Trainer", "asctime": "2026-04-29 19:00:31,889", "type": "train", "epoch": 14, "batch": 5199, "n_batches": 7774, "time": 1.345, "data_time": 0.0, "lr": 1e-05, "loss": -9.592, "recon_loss": -9.594, "kld_loss": 0.003, "kld_weight": 0.5}
{"message": "", "levelname": "INFO", "name": "Trainer", "asctime": "2026-04-29 19:00:39,760", "type": "train", "epoch": 14, "batch": 5239, "n_batches": 7774, "time": 1.297, "data_time": 0.0, "lr": 1e-05, "loss": -5.758, "recon_loss": -5.761, "kld_loss": 0.005, "kld_weight": 0.5}
{"message": "", "levelname": "INFO", "name": "Trainer", "asctime": "2026-04-29 19:00:48,339", "type": "train", "epoch": 14, "batch": 5279, "n_batches": 7774, "time": 0.77, "data_time": 0.0, "lr": 1e-05, "loss": -10.111, "recon_loss": -10.115, "kld_loss": 0.009, "kld_weight": 0.5}
{"message": "", "levelname": "INFO", "name": "Trainer", "asctime": "2026-04-29 19:00:56,923", "type": "train", "epoch": 14, "batch": 5319, "n_batches": 7774, "time": 0.663, "data_time": 0.0, "lr": 1e-05, "loss": -4.285, "recon_loss": -4.292, "kld_loss": 0.014, "kld_weight": 0.5}
{"message": "", "levelname": "INFO", "name": "Trainer", "asctime": "2026-04-29 19:01:04,199", "type": "train", "epoch": 14, "batch": 5359, "n_batches": 7774, "time": 0.853, "data_time": 0.0, "lr": 1e-05, "loss": -5.875, "recon_loss": -5.879, "kld_loss": 0.008, "kld_weight": 0.5}
{"message": "", "levelname": "INFO", "name": "Trainer", "asctime": "2026-04-29 19:01:13,185", "type": "train", "epoch": 14, "batch": 5399, "n_batches": 7774, "time": 1.345, "data_time": 0.0, "lr": 1e-05, "loss": -6.8, "recon_loss": -6.803, "kld_loss": 0.004, "kld_weight": 0.5}
{"message": "", "levelname": "INFO", "name": "Trainer", "asctime": "2026-04-29 19:01:23,086", "type": "train", "epoch": 14, "batch": 5439, "n_batches": 7774, "time": 0.84, "data_time": 0.0, "lr": 1e-05, "loss": -3.459, "recon_loss": -3.46, "kld_loss": 0.003, "kld_weight": 0.5}
{"message": "", "levelname": "INFO", "name": "Trainer", "asctime": "2026-04-29 19:01:29,971", "type": "train", "epoch": 14, "batch": 5479, "n_batches": 7774, "time": 0.688, "data_time": 0.0, "lr": 1e-05, "loss": -6.6, "recon_loss": -6.603, "kld_loss": 0.007, "kld_weight": 0.5}
{"message": "", "levelname": "INFO", "name": "Trainer", "asctime": "2026-04-29 19:01:39,341", "type": "train", "epoch": 14, "batch": 5519, "n_batches": 7774, "time": 0.911, "data_time": 0.0, "lr": 1e-05, "loss": -3.871, "recon_loss": -3.873, "kld_loss": 0.004, "kld_weight": 0.5}
{"message": "", "levelname": "INFO", "name": "Trainer", "asctime": "2026-04-29 19:01:47,018", "type": "train", "epoch": 14, "batch": 5559, "n_batches": 7774, "time": 0.892, "data_time": 0.0, "lr": 1e-05, "loss": -10.255, "recon_loss": -10.256, "kld_loss": 0.002, "kld_weight": 0.5}
{"message": "", "levelname": "INFO", "name": "Trainer", "asctime": "2026-04-29 19:01:54,516", "type": "train", "epoch": 14, "batch": 5599, "n_batches": 7774, "time": 0.878, "data_time": 0.0, "lr": 1e-05, "loss": -3.279, "recon_loss": -3.281, "kld_loss": 0.005, "kld_weight": 0.5}
{"message": "", "levelname": "INFO", "name": "Trainer", "asctime": "2026-04-29 19:02:02,903", "type": "train", "epoch": 14, "batch": 5639, "n_batches": 7774, "time": 0.71, "data_time": 0.0, "lr": 1e-05, "loss": -9.648, "recon_loss": -9.652, "kld_loss": 0.009, "kld_weight": 0.5}
{"message": "", "levelname": "INFO", "name": "Trainer", "asctime": "2026-04-29 19:02:11,761", "type": "train", "epoch": 14, "batch": 5679, "n_batches": 7774, "time": 0.677, "data_time": 0.0, "lr": 1e-05, "loss": -10.597, "recon_loss": -10.598, "kld_loss": 0.003, "kld_weight": 0.5}
{"message": "", "levelname": "INFO", "name": "Trainer", "asctime": "2026-04-29 19:02:20,773", "type": "train", "epoch": 14, "batch": 5719, "n_batches": 7774, "time": 0.755, "data_time": 0.0, "lr": 1e-05, "loss": -1.496, "recon_loss": -1.497, "kld_loss": 0.003, "kld_weight": 0.5}
{"message": "", "levelname": "INFO", "name": "Trainer", "asctime": "2026-04-29 19:02:28,091", "type": "train", "epoch": 14, "batch": 5759, "n_batches": 7774, "time": 0.673, "data_time": 0.0, "lr": 1e-05, "loss": -7.248, "recon_loss": -7.249, "kld_loss": 0.002, "kld_weight": 0.5}
{"message": "", "levelname": "INFO", "name": "Trainer", "asctime": "2026-04-29 19:02:37,005", "type": "train", "epoch": 14, "batch": 5799, "n_batches": 7774, "time": 0.753, "data_time": 0.0, "lr": 1e-05, "loss": -8.897, "recon_loss": -8.901, "kld_loss": 0.009, "kld_weight": 0.5}
{"message": "", "levelname": "INFO", "name": "Trainer", "asctime": "2026-04-29 19:02:44,565", "type": "train", "epoch": 14, "batch": 5839, "n_batches": 7774, "time": 0.652, "data_time": 0.0, "lr": 1e-05, "loss": -10.774, "recon_loss": -10.775, "kld_loss": 0.002, "kld_weight": 0.5}
{"message": "", "levelname": "INFO", "name": "Trainer", "asctime": "2026-04-29 19:02:51,994", "type": "train", "epoch": 14, "batch": 5879, "n_batches": 7774, "time": 0.721, "data_time": 0.0, "lr": 1e-05, "loss": -10.65, "recon_loss": -10.651, "kld_loss": 0.002, "kld_weight": 0.5}
{"message": "", "levelname": "INFO", "name": "Trainer", "asctime": "2026-04-29 19:03:00,710", "type": "train", "epoch": 14, "batch": 5919, "n_batches": 7774, "time": 1.637, "data_time": 0.0, "lr": 1e-05, "loss": -4.826, "recon_loss": -4.839, "kld_loss": 0.026, "kld_weight": 0.5}
{"message": "", "levelname": "INFO", "name": "Trainer", "asctime": "2026-04-29 19:03:10,229", "type": "train", "epoch": 14, "batch": 5959, "n_batches": 7774, "time": 1.356, "data_time": 0.0, "lr": 1e-05, "loss": -7.075, "recon_loss": -7.076, "kld_loss": 0.002, "kld_weight": 0.5}
{"message": "", "levelname": "INFO", "name": "Trainer", "asctime": "2026-04-29 19:03:18,283", "type": "train", "epoch": 14, "batch": 5999, "n_batches": 7774, "time": 0.749, "data_time": 0.0, "lr": 1e-05, "loss": -10.652, "recon_loss": -10.654, "kld_loss": 0.003, "kld_weight": 0.5}
{"message": "", "levelname": "INFO", "name": "Trainer", "asctime": "2026-04-29 19:03:26,360", "type": "train", "epoch": 14, "batch": 6039, "n_batches": 7774, "time": 0.885, "data_time": 0.0, "lr": 1e-05, "loss": -8.535, "recon_loss": -8.538, "kld_loss": 0.005, "kld_weight": 0.5}
{"message": "", "levelname": "INFO", "name": "Trainer", "asctime": "2026-04-29 19:03:34,362", "type": "train", "epoch": 14, "batch": 6079, "n_batches": 7774, "time": 0.773, "data_time": 0.0, "lr": 1e-05, "loss": -7.524, "recon_loss": -7.527, "kld_loss": 0.006, "kld_weight": 0.5}
{"message": "", "levelname": "INFO", "name": "Trainer", "asctime": "2026-04-29 19:03:43,620", "type": "train", "epoch": 14, "batch": 6119, "n_batches": 7774, "time": 0.859, "data_time": 0.0, "lr": 1e-05, "loss": -7.935, "recon_loss": -7.938, "kld_loss": 0.006, "kld_weight": 0.5}
{"message": "", "levelname": "INFO", "name": "Trainer", "asctime": "2026-04-29 19:03:51,386", "type": "train", "epoch": 14, "batch": 6159, "n_batches": 7774, "time": 1.026, "data_time": 0.0, "lr": 1e-05, "loss": -5.082, "recon_loss": -5.085, "kld_loss": 0.005, "kld_weight": 0.5}
{"message": "", "levelname": "INFO", "name": "Trainer", "asctime": "2026-04-29 19:03:59,024", "type": "train", "epoch": 14, "batch": 6199, "n_batches": 7774, "time": 0.721, "data_time": 0.0, "lr": 1e-05, "loss": -6.81, "recon_loss": -6.812, "kld_loss": 0.005, "kld_weight": 0.5}
{"message": "", "levelname": "INFO", "name": "Trainer", "asctime": "2026-04-29 19:04:05,618", "type": "train", "epoch": 14, "batch": 6239, "n_batches": 7774, "time": 0.491, "data_time": 0.0, "lr": 1e-05, "loss": -11.717, "recon_loss": -11.718, "kld_loss": 0.002, "kld_weight": 0.5}
{"message": "", "levelname": "INFO", "name": "Trainer", "asctime": "2026-04-29 19:04:13,661", "type": "train", "epoch": 14, "batch": 6279, "n_batches": 7774, "time": 0.897, "data_time": 0.0, "lr": 1e-05, "loss": -6.895, "recon_loss": -6.897, "kld_loss": 0.003, "kld_weight": 0.5}
{"message": "", "levelname": "INFO", "name": "Trainer", "asctime": "2026-04-29 19:04:21,808", "type": "train", "epoch": 14, "batch": 6319, "n_batches": 7774, "time": 0.553, "data_time": 0.0, "lr": 1e-05, "loss": -9.961, "recon_loss": -9.964, "kld_loss": 0.004, "kld_weight": 0.5}
{"message": "", "levelname": "INFO", "name": "Trainer", "asctime": "2026-04-29 19:04:30,337", "type": "train", "epoch": 14, "batch": 6359, "n_batches": 7774, "time": 0.681, "data_time": 0.0, "lr": 1e-05, "loss": 0.195, "recon_loss": 0.193, "kld_loss": 0.004, "kld_weight": 0.5}
{"message": "", "levelname": "INFO", "name": "Trainer", "asctime": "2026-04-29 19:04:37,430", "type": "train", "epoch": 14, "batch": 6399, "n_batches": 7774, "time": 0.515, "data_time": 0.0, "lr": 1e-05, "loss": -4.273, "recon_loss": -4.274, "kld_loss": 0.003, "kld_weight": 0.5}
{"message": "", "levelname": "INFO", "name": "Trainer", "asctime": "2026-04-29 19:04:46,534", "type": "train", "epoch": 14, "batch": 6439, "n_batches": 7774, "time": 0.858, "data_time": 0.0, "lr": 1e-05, "loss": -5.709, "recon_loss": -5.711, "kld_loss": 0.004, "kld_weight": 0.5}
{"message": "", "levelname": "INFO", "name": "Trainer", "asctime": "2026-04-29 19:04:55,733", "type": "train", "epoch": 14, "batch": 6479, "n_batches": 7774, "time": 0.765, "data_time": 0.0, "lr": 1e-05, "loss": -8.322, "recon_loss": -8.324, "kld_loss": 0.004, "kld_weight": 0.5}
{"message": "", "levelname": "INFO", "name": "Trainer", "asctime": "2026-04-29 19:05:03,578", "type": "train", "epoch": 14, "batch": 6519, "n_batches": 7774, "time": 0.63, "data_time": 0.0, "lr": 1e-05, "loss": -7.591, "recon_loss": -7.596, "kld_loss": 0.01, "kld_weight": 0.5}
{"message": "", "levelname": "INFO", "name": "Trainer", "asctime": "2026-04-29 19:05:11,434", "type": "train", "epoch": 14, "batch": 6559, "n_batches": 7774, "time": 0.677, "data_time": 0.0, "lr": 1e-05, "loss": -10.647, "recon_loss": -10.649, "kld_loss": 0.002, "kld_weight": 0.5}
{"message": "", "levelname": "INFO", "name": "Trainer", "asctime": "2026-04-29 19:05:20,385", "type": "train", "epoch": 14, "batch": 6599, "n_batches": 7774, "time": 0.699, "data_time": 0.0, "lr": 1e-05, "loss": -6.876, "recon_loss": -6.88, "kld_loss": 0.007, "kld_weight": 0.5}
{"message": "", "levelname": "INFO", "name": "Trainer", "asctime": "2026-04-29 19:05:28,714", "type": "train", "epoch": 14, "batch": 6639, "n_batches": 7774, "time": 0.724, "data_time": 0.0, "lr": 1e-05, "loss": -9.012, "recon_loss": -9.014, "kld_loss": 0.006, "kld_weight": 0.5}
{"message": "", "levelname": "INFO", "name": "Trainer", "asctime": "2026-04-29 19:05:36,608", "type": "train", "epoch": 14, "batch": 6679, "n_batches": 7774, "time": 0.816, "data_time": 0.0, "lr": 1e-05, "loss": -10.074, "recon_loss": -10.074, "kld_loss": 0.001, "kld_weight": 0.5}
{"message": "", "levelname": "INFO", "name": "Trainer", "asctime": "2026-04-29 19:05:43,407", "type": "train", "epoch": 14, "batch": 6719, "n_batches": 7774, "time": 0.339, "data_time": 0.0, "lr": 1e-05, "loss": -7.593, "recon_loss": -7.596, "kld_loss": 0.006, "kld_weight": 0.5}
{"message": "", "levelname": "INFO", "name": "Trainer", "asctime": "2026-04-29 19:05:51,253", "type": "train", "epoch": 14, "batch": 6759, "n_batches": 7774, "time": 0.776, "data_time": 0.0, "lr": 1e-05, "loss": -9.861, "recon_loss": -9.862, "kld_loss": 0.004, "kld_weight": 0.5}
{"message": "", "levelname": "INFO", "name": "Trainer", "asctime": "2026-04-29 19:06:00,874", "type": "train", "epoch": 14, "batch": 6799, "n_batches": 7774, "time": 1.399, "data_time": 0.0, "lr": 1e-05, "loss": -7.181, "recon_loss": -7.183, "kld_loss": 0.004, "kld_weight": 0.5}
{"message": "", "levelname": "INFO", "name": "Trainer", "asctime": "2026-04-29 19:06:08,914", "type": "train", "epoch": 14, "batch": 6839, "n_batches": 7774, "time": 0.71, "data_time": 0.0, "lr": 1e-05, "loss": -7.681, "recon_loss": -7.684, "kld_loss": 0.005, "kld_weight": 0.5}
{"message": "", "levelname": "INFO", "name": "Trainer", "asctime": "2026-04-29 19:06:17,817", "type": "train", "epoch": 14, "batch": 6879, "n_batches": 7774, "time": 0.803, "data_time": 0.0, "lr": 1e-05, "loss": -5.784, "recon_loss": -5.785, "kld_loss": 0.002, "kld_weight": 0.5}
{"message": "", "levelname": "INFO", "name": "Trainer", "asctime": "2026-04-29 19:06:25,906", "type": "train", "epoch": 14, "batch": 6919, "n_batches": 7774, "time": 0.767, "data_time": 0.0, "lr": 1e-05, "loss": -8.0, "recon_loss": -8.003, "kld_loss": 0.005, "kld_weight": 0.5}
{"message": "", "levelname": "INFO", "name": "Trainer", "asctime": "2026-04-29 19:06:33,758", "type": "train", "epoch": 14, "batch": 6959, "n_batches": 7774, "time": 0.783, "data_time": 0.0, "lr": 1e-05, "loss": -9.27, "recon_loss": -9.27, "kld_loss": 0.001, "kld_weight": 0.5}
{"message": "", "levelname": "INFO", "name": "Trainer", "asctime": "2026-04-29 19:06:41,067", "type": "train", "epoch": 14, "batch": 6999, "n_batches": 7774, "time": 0.624, "data_time": 0.0, "lr": 1e-05, "loss": -12.801, "recon_loss": -12.802, "kld_loss": 0.001, "kld_weight": 0.5}
{"message": "", "levelname": "INFO", "name": "Trainer", "asctime": "2026-04-29 19:06:48,802", "type": "train", "epoch": 14, "batch": 7039, "n_batches": 7774, "time": 0.655, "data_time": 0.0, "lr": 1e-05, "loss": -9.566, "recon_loss": -9.567, "kld_loss": 0.002, "kld_weight": 0.5}
{"message": "", "levelname": "INFO", "name": "Trainer", "asctime": "2026-04-29 19:06:56,154", "type": "train", "epoch": 14, "batch": 7079, "n_batches": 7774, "time": 0.383, "data_time": 0.0, "lr": 1e-05, "loss": -8.496, "recon_loss": -8.502, "kld_loss": 0.012, "kld_weight": 0.5}
{"message": "", "levelname": "INFO", "name": "Trainer", "asctime": "2026-04-29 19:07:03,405", "type": "train", "epoch": 14, "batch": 7119, "n_batches": 7774, "time": 0.853, "data_time": 0.0, "lr": 1e-05, "loss": -4.071, "recon_loss": -4.076, "kld_loss": 0.009, "kld_weight": 0.5}
{"message": "", "levelname": "INFO", "name": "Trainer", "asctime": "2026-04-29 19:07:11,039", "type": "train", "epoch": 14, "batch": 7159, "n_batches": 7774, "time": 0.752, "data_time": 0.0, "lr": 1e-05, "loss": -8.752, "recon_loss": -8.754, "kld_loss": 0.005, "kld_weight": 0.5}
{"message": "", "levelname": "INFO", "name": "Trainer", "asctime": "2026-04-29 19:07:19,230", "type": "train", "epoch": 14, "batch": 7199, "n_batches": 7774, "time": 0.647, "data_time": 0.0, "lr": 1e-05, "loss": -9.506, "recon_loss": -9.508, "kld_loss": 0.004, "kld_weight": 0.5}
{"message": "", "levelname": "INFO", "name": "Trainer", "asctime": "2026-04-29 19:07:27,324", "type": "train", "epoch": 14, "batch": 7239, "n_batches": 7774, "time": 0.892, "data_time": 0.0, "lr": 1e-05, "loss": -8.726, "recon_loss": -8.728, "kld_loss": 0.004, "kld_weight": 0.5}
{"message": "", "levelname": "INFO", "name": "Trainer", "asctime": "2026-04-29 19:07:35,511", "type": "train", "epoch": 14, "batch": 7279, "n_batches": 7774, "time": 0.821, "data_time": 0.0, "lr": 1e-05, "loss": -2.805, "recon_loss": -2.811, "kld_loss": 0.011, "kld_weight": 0.5}
{"message": "", "levelname": "INFO", "name": "Trainer", "asctime": "2026-04-29 19:07:43,469", "type": "train", "epoch": 14, "batch": 7319, "n_batches": 7774, "time": 0.87, "data_time": 0.0, "lr": 1e-05, "loss": -4.762, "recon_loss": -4.765, "kld_loss": 0.007, "kld_weight": 0.5}
{"message": "", "levelname": "INFO", "name": "Trainer", "asctime": "2026-04-29 19:07:52,038", "type": "train", "epoch": 14, "batch": 7359, "n_batches": 7774, "time": 0.835, "data_time": 0.0, "lr": 1e-05, "loss": -7.643, "recon_loss": -7.645, "kld_loss": 0.004, "kld_weight": 0.5}
{"message": "", "levelname": "INFO", "name": "Trainer", "asctime": "2026-04-29 19:07:59,211", "type": "train", "epoch": 14, "batch": 7399, "n_batches": 7774, "time": 0.843, "data_time": 0.0, "lr": 1e-05, "loss": -9.497, "recon_loss": -9.498, "kld_loss": 0.002, "kld_weight": 0.5}
{"message": "", "levelname": "INFO", "name": "Trainer", "asctime": "2026-04-29 19:08:08,520", "type": "train", "epoch": 14, "batch": 7439, "n_batches": 7774, "time": 1.47, "data_time": 0.0, "lr": 1e-05, "loss": -9.206, "recon_loss": -9.208, "kld_loss": 0.004, "kld_weight": 0.5}
{"message": "", "levelname": "INFO", "name": "Trainer", "asctime": "2026-04-29 19:08:17,649", "type": "train", "epoch": 14, "batch": 7479, "n_batches": 7774, "time": 0.958, "data_time": 0.0, "lr": 1e-05, "loss": -7.705, "recon_loss": -7.706, "kld_loss": 0.002, "kld_weight": 0.5}
{"message": "", "levelname": "INFO", "name": "Trainer", "asctime": "2026-04-29 19:08:25,214", "type": "train", "epoch": 14, "batch": 7519, "n_batches": 7774, "time": 0.77, "data_time": 0.0, "lr": 1e-05, "loss": -9.549, "recon_loss": -9.551, "kld_loss": 0.005, "kld_weight": 0.5}
{"message": "", "levelname": "INFO", "name": "Trainer", "asctime": "2026-04-29 19:08:36,444", "type": "train", "epoch": 14, "batch": 7559, "n_batches": 7774, "time": 0.868, "data_time": 0.0, "lr": 1e-05, "loss": -9.505, "recon_loss": -9.508, "kld_loss": 0.006, "kld_weight": 0.5}
{"message": "", "levelname": "INFO", "name": "Trainer", "asctime": "2026-04-29 19:08:45,441", "type": "train", "epoch": 14, "batch": 7599, "n_batches": 7774, "time": 0.863, "data_time": 0.0, "lr": 1e-05, "loss": -8.633, "recon_loss": -8.637, "kld_loss": 0.008, "kld_weight": 0.5}
{"message": "", "levelname": "INFO", "name": "Trainer", "asctime": "2026-04-29 19:08:53,533", "type": "train", "epoch": 14, "batch": 7639, "n_batches": 7774, "time": 0.841, "data_time": 0.0, "lr": 1e-05, "loss": -9.456, "recon_loss": -9.459, "kld_loss": 0.006, "kld_weight": 0.5}
{"message": "", "levelname": "INFO", "name": "Trainer", "asctime": "2026-04-29 19:09:01,655", "type": "train", "epoch": 14, "batch": 7679, "n_batches": 7774, "time": 0.826, "data_time": 0.0, "lr": 1e-05, "loss": -9.947, "recon_loss": -9.95, "kld_loss": 0.006, "kld_weight": 0.5}
{"message": "", "levelname": "INFO", "name": "Trainer", "asctime": "2026-04-29 19:09:10,925", "type": "train", "epoch": 14, "batch": 7719, "n_batches": 7774, "time": 1.439, "data_time": 0.0, "lr": 1e-05, "loss": -6.974, "recon_loss": -6.978, "kld_loss": 0.009, "kld_weight": 0.5}
{"message": "", "levelname": "INFO", "name": "Trainer", "asctime": "2026-04-29 19:09:18,699", "type": "train", "epoch": 14, "batch": 7759, "n_batches": 7774, "time": 0.597, "data_time": 0.0, "lr": 1e-05, "loss": -9.79, "recon_loss": -9.791, "kld_loss": 0.003, "kld_weight": 0.5}
{"message": "", "levelname": "INFO", "name": "Trainer", "asctime": "2026-04-29 19:09:21,489", "type": "train-epoch", "epoch": 15, "loss": -1.87739, "recon_loss": -1.87805, "kld_loss": 0.00131, "kld_weight": 0.5, "time": 1584.3}
{"message": "", "levelname": "INFO", "name": "Trainer", "asctime": "2026-04-29 19:12:23,309", "type": "val-epoch", "epoch": 15, "loss": -1.932, "test_loss": -1.82, "recon_loss": -1.933, "kld_loss": 0.001, "kld_weight": 0.5, "note": "loss is teacher-forced CVAE objective; test_loss is prior-only reconstruction", "time": 181.8}
