{"message": "", "levelname": "INFO", "name": "root", "asctime": "2026-04-29 19:47:07,747", "type": "process", "argv": ["/Users/aryan/trajnet++/trajnetpluspluscvae/trajnetbaselines/vae/trainer.py", "--type", "vanilla", "--augment", "--epochs", "15", "--pool_dim", "64", "--alpha_kld", "0.5", "--kld_anneal_epochs", "5", "--k", "20", "--path", "output", "--lr", "0.001", "--batch_size", "8"], "args": {"epochs": 15, "save_every": 5, "obs_length": 9, "pred_length": 12, "start_length": 0, "batch_size": 8, "lr": 0.001, "step_size": 10, "output": "OUTPUT_BLOCK/output/vae_vanilla_kl_penalty.pkl", "disable_cuda": false, "path": "output", "goals": false, "loss": "pred", "type": "vanilla", "sample": 1.0, "seed": 42, "augment": true, "normalize_scene": false, "augment_noise": false, "obs_dropout": false, "load_state": null, "load_full_state": null, "nonstrict_load_state": null, "hidden_dim": 128, "coordinate_embedding_dim": 64, "pool_dim": 64, "goal_dim": 64, "cell_side": 0.6, "n": 12, "layer_dims": [512], "embedding_arch": "one_layer", "pool_constant": 0, "norm_pool": false, "front": false, "latent_dim": 16, "norm": 0, "no_vel": false, "spatial_dim": 32, "vel_dim": 32, "neigh": 4, "mp_iters": 5, "alpha_kld": 0.5, "kld_anneal_epochs": 5, "k": 20, "noise_dim": 8}, "version": "0.1.0", "hostname": "Aryans-MacBook-Air-2.local"}
{"message": "", "levelname": "INFO", "name": "Trainer", "asctime": "2026-04-29 19:47:16,414", "type": "train", "epoch": 0, "batch": 79, "n_batches": 7774, "time": 0.527, "data_time": 0.0, "lr": 0.001, "loss": -1.349, "recon_loss": -1.368, "kld_loss": 0.194, "kld_weight": 0.1}
{"message": "", "levelname": "INFO", "name": "Trainer", "asctime": "2026-04-29 19:47:22,827", "type": "train", "epoch": 0, "batch": 159, "n_batches": 7774, "time": 0.655, "data_time": 0.0, "lr": 0.001, "loss": -9.546, "recon_loss": -9.671, "kld_loss": 1.249, "kld_weight": 0.1}
{"message": "", "levelname": "INFO", "name": "Trainer", "asctime": "2026-04-29 19:47:30,230", "type": "train", "epoch": 0, "batch": 239, "n_batches": 7774, "time": 1.025, "data_time": 0.0, "lr": 0.001, "loss": -9.653, "recon_loss": -10.059, "kld_loss": 4.069, "kld_weight": 0.1}
{"message": "", "levelname": "INFO", "name": "Trainer", "asctime": "2026-04-29 19:47:36,604", "type": "train", "epoch": 0, "batch": 319, "n_batches": 7774, "time": 0.686, "data_time": 0.0, "lr": 0.001, "loss": -5.063, "recon_loss": -5.639, "kld_loss": 5.762, "kld_weight": 0.1}
{"message": "", "levelname": "INFO", "name": "Trainer", "asctime": "2026-04-29 19:47:43,060", "type": "train", "epoch": 0, "batch": 399, "n_batches": 7774, "time": 0.786, "data_time": 0.0, "lr": 0.001, "loss": -10.364, "recon_loss": -10.833, "kld_loss": 4.69, "kld_weight": 0.1}
{"message": "", "levelname": "INFO", "name": "Trainer", "asctime": "2026-04-29 19:47:49,374", "type": "train", "epoch": 0, "batch": 479, "n_batches": 7774, "time": 0.498, "data_time": 0.0, "lr": 0.001, "loss": -9.874, "recon_loss": -10.505, "kld_loss": 6.31, "kld_weight": 0.1}
{"message": "", "levelname": "INFO", "name": "Trainer", "asctime": "2026-04-29 19:47:55,326", "type": "train", "epoch": 0, "batch": 559, "n_batches": 7774, "time": 0.532, "data_time": 0.0, "lr": 0.001, "loss": -9.771, "recon_loss": -10.754, "kld_loss": 9.829, "kld_weight": 0.1}
{"message": "", "levelname": "INFO", "name": "Trainer", "asctime": "2026-04-29 19:48:01,607", "type": "train", "epoch": 0, "batch": 639, "n_batches": 7774, "time": 0.723, "data_time": 0.0, "lr": 0.001, "loss": -11.532, "recon_loss": -12.051, "kld_loss": 5.19, "kld_weight": 0.1}
{"message": "", "levelname": "INFO", "name": "Trainer", "asctime": "2026-04-29 19:48:08,221", "type": "train", "epoch": 0, "batch": 719, "n_batches": 7774, "time": 0.609, "data_time": 0.0, "lr": 0.001, "loss": -12.87, "recon_loss": -14.005, "kld_loss": 11.351, "kld_weight": 0.1}
{"message": "", "levelname": "INFO", "name": "Trainer", "asctime": "2026-04-29 19:48:14,674", "type": "train", "epoch": 0, "batch": 799, "n_batches": 7774, "time": 0.773, "data_time": 0.0, "lr": 0.001, "loss": -11.086, "recon_loss": -11.827, "kld_loss": 7.408, "kld_weight": 0.1}
{"message": "", "levelname": "INFO", "name": "Trainer", "asctime": "2026-04-29 19:48:21,013", "type": "train", "epoch": 0, "batch": 879, "n_batches": 7774, "time": 0.669, "data_time": 0.0, "lr": 0.001, "loss": -9.367, "recon_loss": -10.048, "kld_loss": 6.802, "kld_weight": 0.1}
{"message": "", "levelname": "INFO", "name": "Trainer", "asctime": "2026-04-29 19:48:27,127", "type": "train", "epoch": 0, "batch": 959, "n_batches": 7774, "time": 0.687, "data_time": 0.0, "lr": 0.001, "loss": -13.139, "recon_loss": -13.742, "kld_loss": 6.033, "kld_weight": 0.1}
{"message": "", "levelname": "INFO", "name": "Trainer", "asctime": "2026-04-29 19:48:33,637", "type": "train", "epoch": 0, "batch": 1039, "n_batches": 7774, "time": 0.756, "data_time": 0.0, "lr": 0.001, "loss": -11.92, "recon_loss": -12.995, "kld_loss": 10.748, "kld_weight": 0.1}
{"message": "", "levelname": "INFO", "name": "Trainer", "asctime": "2026-04-29 19:48:40,062", "type": "train", "epoch": 0, "batch": 1119, "n_batches": 7774, "time": 0.753, "data_time": 0.0, "lr": 0.001, "loss": -15.693, "recon_loss": -16.268, "kld_loss": 5.759, "kld_weight": 0.1}
{"message": "", "levelname": "INFO", "name": "Trainer", "asctime": "2026-04-29 19:48:46,758", "type": "train", "epoch": 0, "batch": 1199, "n_batches": 7774, "time": 0.628, "data_time": 0.0, "lr": 0.001, "loss": -11.474, "recon_loss": -12.414, "kld_loss": 9.402, "kld_weight": 0.1}
{"message": "", "levelname": "INFO", "name": "Trainer", "asctime": "2026-04-29 19:48:53,170", "type": "train", "epoch": 0, "batch": 1279, "n_batches": 7774, "time": 0.382, "data_time": 0.0, "lr": 0.001, "loss": -15.138, "recon_loss": -15.842, "kld_loss": 7.039, "kld_weight": 0.1}
{"message": "", "levelname": "INFO", "name": "Trainer", "asctime": "2026-04-29 19:48:59,803", "type": "train", "epoch": 0, "batch": 1359, "n_batches": 7774, "time": 0.705, "data_time": 0.0, "lr": 0.001, "loss": -2.288, "recon_loss": -3.19, "kld_loss": 9.023, "kld_weight": 0.1}
{"message": "", "levelname": "INFO", "name": "Trainer", "asctime": "2026-04-29 19:49:06,115", "type": "train", "epoch": 0, "batch": 1439, "n_batches": 7774, "time": 0.641, "data_time": 0.0, "lr": 0.001, "loss": -13.531, "recon_loss": -14.298, "kld_loss": 7.674, "kld_weight": 0.1}
{"message": "", "levelname": "INFO", "name": "Trainer", "asctime": "2026-04-29 19:49:12,491", "type": "train", "epoch": 0, "batch": 1519, "n_batches": 7774, "time": 0.649, "data_time": 0.0, "lr": 0.001, "loss": -12.19, "recon_loss": -13.022, "kld_loss": 8.322, "kld_weight": 0.1}
{"message": "", "levelname": "INFO", "name": "Trainer", "asctime": "2026-04-29 19:49:18,385", "type": "train", "epoch": 0, "batch": 1599, "n_batches": 7774, "time": 0.563, "data_time": 0.0, "lr": 0.001, "loss": -10.816, "recon_loss": -11.588, "kld_loss": 7.722, "kld_weight": 0.1}
{"message": "", "levelname": "INFO", "name": "Trainer", "asctime": "2026-04-29 19:49:24,960", "type": "train", "epoch": 0, "batch": 1679, "n_batches": 7774, "time": 0.842, "data_time": 0.0, "lr": 0.001, "loss": -13.334, "recon_loss": -14.284, "kld_loss": 9.5, "kld_weight": 0.1}
{"message": "", "levelname": "INFO", "name": "Trainer", "asctime": "2026-04-29 19:49:31,539", "type": "train", "epoch": 0, "batch": 1759, "n_batches": 7774, "time": 0.592, "data_time": 0.0, "lr": 0.001, "loss": -18.267, "recon_loss": -19.059, "kld_loss": 7.913, "kld_weight": 0.1}
{"message": "", "levelname": "INFO", "name": "Trainer", "asctime": "2026-04-29 19:49:37,862", "type": "train", "epoch": 0, "batch": 1839, "n_batches": 7774, "time": 0.641, "data_time": 0.0, "lr": 0.001, "loss": -10.559, "recon_loss": -11.944, "kld_loss": 13.848, "kld_weight": 0.1}
{"message": "", "levelname": "INFO", "name": "Trainer", "asctime": "2026-04-29 19:49:44,290", "type": "train", "epoch": 0, "batch": 1919, "n_batches": 7774, "time": 0.828, "data_time": 0.0, "lr": 0.001, "loss": -15.153, "recon_loss": -15.92, "kld_loss": 7.677, "kld_weight": 0.1}
{"message": "", "levelname": "INFO", "name": "Trainer", "asctime": "2026-04-29 19:49:51,451", "type": "train", "epoch": 0, "batch": 1999, "n_batches": 7774, "time": 0.636, "data_time": 0.0, "lr": 0.001, "loss": -9.84, "recon_loss": -10.932, "kld_loss": 10.918, "kld_weight": 0.1}
{"message": "", "levelname": "INFO", "name": "Trainer", "asctime": "2026-04-29 19:49:57,811", "type": "train", "epoch": 0, "batch": 2079, "n_batches": 7774, "time": 0.649, "data_time": 0.0, "lr": 0.001, "loss": -15.212, "recon_loss": -16.174, "kld_loss": 9.628, "kld_weight": 0.1}
{"message": "", "levelname": "INFO", "name": "Trainer", "asctime": "2026-04-29 19:50:04,441", "type": "train", "epoch": 0, "batch": 2159, "n_batches": 7774, "time": 0.577, "data_time": 0.0, "lr": 0.001, "loss": -16.746, "recon_loss": -17.905, "kld_loss": 11.587, "kld_weight": 0.1}
{"message": "", "levelname": "INFO", "name": "Trainer", "asctime": "2026-04-29 19:50:10,970", "type": "train", "epoch": 0, "batch": 2239, "n_batches": 7774, "time": 0.607, "data_time": 0.0, "lr": 0.001, "loss": -1.516, "recon_loss": -3.129, "kld_loss": 16.132, "kld_weight": 0.1}
{"message": "", "levelname": "INFO", "name": "Trainer", "asctime": "2026-04-29 19:50:17,786", "type": "train", "epoch": 0, "batch": 2319, "n_batches": 7774, "time": 0.663, "data_time": 0.0, "lr": 0.001, "loss": -13.094, "recon_loss": -14.271, "kld_loss": 11.766, "kld_weight": 0.1}
{"message": "", "levelname": "INFO", "name": "Trainer", "asctime": "2026-04-29 19:50:24,370", "type": "train", "epoch": 0, "batch": 2399, "n_batches": 7774, "time": 0.578, "data_time": 0.0, "lr": 0.001, "loss": -16.241, "recon_loss": -16.967, "kld_loss": 7.257, "kld_weight": 0.1}
{"message": "", "levelname": "INFO", "name": "Trainer", "asctime": "2026-04-29 19:50:31,074", "type": "train", "epoch": 0, "batch": 2479, "n_batches": 7774, "time": 0.621, "data_time": 0.0, "lr": 0.001, "loss": -14.402, "recon_loss": -15.764, "kld_loss": 13.627, "kld_weight": 0.1}
{"message": "", "levelname": "INFO", "name": "Trainer", "asctime": "2026-04-29 19:50:37,410", "type": "train", "epoch": 0, "batch": 2559, "n_batches": 7774, "time": 0.777, "data_time": 0.0, "lr": 0.001, "loss": -15.137, "recon_loss": -16.147, "kld_loss": 10.107, "kld_weight": 0.1}
{"message": "", "levelname": "INFO", "name": "Trainer", "asctime": "2026-04-29 19:50:44,032", "type": "train", "epoch": 0, "batch": 2639, "n_batches": 7774, "time": 0.697, "data_time": 0.0, "lr": 0.001, "loss": -9.47, "recon_loss": -10.606, "kld_loss": 11.357, "kld_weight": 0.1}
{"message": "", "levelname": "INFO", "name": "Trainer", "asctime": "2026-04-29 19:50:50,581", "type": "train", "epoch": 0, "batch": 2719, "n_batches": 7774, "time": 0.775, "data_time": 0.0, "lr": 0.001, "loss": -16.609, "recon_loss": -18.024, "kld_loss": 14.15, "kld_weight": 0.1}
{"message": "", "levelname": "INFO", "name": "Trainer", "asctime": "2026-04-29 19:50:56,509", "type": "train", "epoch": 0, "batch": 2799, "n_batches": 7774, "time": 0.632, "data_time": 0.0, "lr": 0.001, "loss": -13.817, "recon_loss": -15.585, "kld_loss": 17.68, "kld_weight": 0.1}
{"message": "", "levelname": "INFO", "name": "Trainer", "asctime": "2026-04-29 19:51:02,799", "type": "train", "epoch": 0, "batch": 2879, "n_batches": 7774, "time": 0.678, "data_time": 0.0, "lr": 0.001, "loss": -11.281, "recon_loss": -12.262, "kld_loss": 9.811, "kld_weight": 0.1}
{"message": "", "levelname": "INFO", "name": "Trainer", "asctime": "2026-04-29 19:51:09,457", "type": "train", "epoch": 0, "batch": 2959, "n_batches": 7774, "time": 0.653, "data_time": 0.0, "lr": 0.001, "loss": -17.531, "recon_loss": -18.344, "kld_loss": 8.123, "kld_weight": 0.1}
{"message": "", "levelname": "INFO", "name": "Trainer", "asctime": "2026-04-29 19:51:16,370", "type": "train", "epoch": 0, "batch": 3039, "n_batches": 7774, "time": 0.78, "data_time": 0.0, "lr": 0.001, "loss": -7.737, "recon_loss": -8.972, "kld_loss": 12.349, "kld_weight": 0.1}
{"message": "", "levelname": "INFO", "name": "Trainer", "asctime": "2026-04-29 19:51:22,791", "type": "train", "epoch": 0, "batch": 3119, "n_batches": 7774, "time": 0.639, "data_time": 0.0, "lr": 0.001, "loss": -8.824, "recon_loss": -10.182, "kld_loss": 13.581, "kld_weight": 0.1}
{"message": "", "levelname": "INFO", "name": "Trainer", "asctime": "2026-04-29 19:51:29,030", "type": "train", "epoch": 0, "batch": 3199, "n_batches": 7774, "time": 0.59, "data_time": 0.0, "lr": 0.001, "loss": -14.185, "recon_loss": -15.192, "kld_loss": 10.062, "kld_weight": 0.1}
{"message": "", "levelname": "INFO", "name": "Trainer", "asctime": "2026-04-29 19:51:35,778", "type": "train", "epoch": 0, "batch": 3279, "n_batches": 7774, "time": 0.518, "data_time": 0.0, "lr": 0.001, "loss": -17.233, "recon_loss": -18.339, "kld_loss": 11.059, "kld_weight": 0.1}
{"message": "", "levelname": "INFO", "name": "Trainer", "asctime": "2026-04-29 19:51:42,421", "type": "train", "epoch": 0, "batch": 3359, "n_batches": 7774, "time": 0.816, "data_time": 0.0, "lr": 0.001, "loss": -11.296, "recon_loss": -12.747, "kld_loss": 14.508, "kld_weight": 0.1}
{"message": "", "levelname": "INFO", "name": "Trainer", "asctime": "2026-04-29 19:51:49,184", "type": "train", "epoch": 0, "batch": 3439, "n_batches": 7774, "time": 0.813, "data_time": 0.0, "lr": 0.001, "loss": -13.497, "recon_loss": -14.512, "kld_loss": 10.148, "kld_weight": 0.1}
{"message": "", "levelname": "INFO", "name": "Trainer", "asctime": "2026-04-29 19:51:55,258", "type": "train", "epoch": 0, "batch": 3519, "n_batches": 7774, "time": 0.436, "data_time": 0.0, "lr": 0.001, "loss": -18.223, "recon_loss": -19.762, "kld_loss": 15.39, "kld_weight": 0.1}
{"message": "", "levelname": "INFO", "name": "Trainer", "asctime": "2026-04-29 19:52:01,607", "type": "train", "epoch": 0, "batch": 3599, "n_batches": 7774, "time": 0.5, "data_time": 0.0, "lr": 0.001, "loss": -17.591, "recon_loss": -18.467, "kld_loss": 8.765, "kld_weight": 0.1}
{"message": "", "levelname": "INFO", "name": "Trainer", "asctime": "2026-04-29 19:52:08,018", "type": "train", "epoch": 0, "batch": 3679, "n_batches": 7774, "time": 0.598, "data_time": 0.0, "lr": 0.001, "loss": -12.509, "recon_loss": -13.654, "kld_loss": 11.451, "kld_weight": 0.1}
{"message": "", "levelname": "INFO", "name": "Trainer", "asctime": "2026-04-29 19:52:14,016", "type": "train", "epoch": 0, "batch": 3759, "n_batches": 7774, "time": 0.48, "data_time": 0.0, "lr": 0.001, "loss": -11.752, "recon_loss": -13.178, "kld_loss": 14.256, "kld_weight": 0.1}
{"message": "", "levelname": "INFO", "name": "Trainer", "asctime": "2026-04-29 19:52:20,351", "type": "train", "epoch": 0, "batch": 3839, "n_batches": 7774, "time": 0.686, "data_time": 0.0, "lr": 0.001, "loss": -15.83, "recon_loss": -16.847, "kld_loss": 10.173, "kld_weight": 0.1}
{"message": "", "levelname": "INFO", "name": "Trainer", "asctime": "2026-04-29 19:52:26,632", "type": "train", "epoch": 0, "batch": 3919, "n_batches": 7774, "time": 0.657, "data_time": 0.0, "lr": 0.001, "loss": -16.673, "recon_loss": -17.906, "kld_loss": 12.333, "kld_weight": 0.1}
{"message": "", "levelname": "INFO", "name": "Trainer", "asctime": "2026-04-29 19:52:32,409", "type": "train", "epoch": 0, "batch": 3999, "n_batches": 7774, "time": 0.516, "data_time": 0.0, "lr": 0.001, "loss": -15.123, "recon_loss": -16.072, "kld_loss": 9.493, "kld_weight": 0.1}
{"message": "", "levelname": "INFO", "name": "Trainer", "asctime": "2026-04-29 19:52:38,682", "type": "train", "epoch": 0, "batch": 4079, "n_batches": 7774, "time": 0.629, "data_time": 0.0, "lr": 0.001, "loss": -13.026, "recon_loss": -14.18, "kld_loss": 11.534, "kld_weight": 0.1}
{"message": "", "levelname": "INFO", "name": "Trainer", "asctime": "2026-04-29 19:52:44,973", "type": "train", "epoch": 0, "batch": 4159, "n_batches": 7774, "time": 0.573, "data_time": 0.0, "lr": 0.001, "loss": -11.988, "recon_loss": -13.209, "kld_loss": 12.211, "kld_weight": 0.1}
{"message": "", "levelname": "INFO", "name": "Trainer", "asctime": "2026-04-29 19:52:51,169", "type": "train", "epoch": 0, "batch": 4239, "n_batches": 7774, "time": 0.6, "data_time": 0.0, "lr": 0.001, "loss": -15.808, "recon_loss": -16.809, "kld_loss": 10.012, "kld_weight": 0.1}
{"message": "", "levelname": "INFO", "name": "Trainer", "asctime": "2026-04-29 19:52:57,489", "type": "train", "epoch": 0, "batch": 4319, "n_batches": 7774, "time": 0.673, "data_time": 0.0, "lr": 0.001, "loss": -12.652, "recon_loss": -14.418, "kld_loss": 17.665, "kld_weight": 0.1}
{"message": "", "levelname": "INFO", "name": "Trainer", "asctime": "2026-04-29 19:53:03,843", "type": "train", "epoch": 0, "batch": 4399, "n_batches": 7774, "time": 0.697, "data_time": 0.0, "lr": 0.001, "loss": -16.044, "recon_loss": -17.115, "kld_loss": 10.709, "kld_weight": 0.1}
{"message": "", "levelname": "INFO", "name": "Trainer", "asctime": "2026-04-29 19:53:10,834", "type": "train", "epoch": 0, "batch": 4479, "n_batches": 7774, "time": 0.666, "data_time": 0.0, "lr": 0.001, "loss": -12.147, "recon_loss": -13.363, "kld_loss": 12.16, "kld_weight": 0.1}
{"message": "", "levelname": "INFO", "name": "Trainer", "asctime": "2026-04-29 19:53:16,765", "type": "train", "epoch": 0, "batch": 4559, "n_batches": 7774, "time": 0.582, "data_time": 0.0, "lr": 0.001, "loss": -12.486, "recon_loss": -14.031, "kld_loss": 15.451, "kld_weight": 0.1}
{"message": "", "levelname": "INFO", "name": "Trainer", "asctime": "2026-04-29 19:53:22,623", "type": "train", "epoch": 0, "batch": 4639, "n_batches": 7774, "time": 0.443, "data_time": 0.0, "lr": 0.001, "loss": -15.128, "recon_loss": -16.061, "kld_loss": 9.324, "kld_weight": 0.1}
{"message": "", "levelname": "INFO", "name": "Trainer", "asctime": "2026-04-29 19:53:29,769", "type": "train", "epoch": 0, "batch": 4719, "n_batches": 7774, "time": 0.805, "data_time": 0.0, "lr": 0.001, "loss": -17.597, "recon_loss": -18.736, "kld_loss": 11.395, "kld_weight": 0.1}
{"message": "", "levelname": "INFO", "name": "Trainer", "asctime": "2026-04-29 19:53:36,408", "type": "train", "epoch": 0, "batch": 4799, "n_batches": 7774, "time": 0.658, "data_time": 0.0, "lr": 0.001, "loss": -14.625, "recon_loss": -15.808, "kld_loss": 11.83, "kld_weight": 0.1}
{"message": "", "levelname": "INFO", "name": "Trainer", "asctime": "2026-04-29 19:53:42,556", "type": "train", "epoch": 0, "batch": 4879, "n_batches": 7774, "time": 0.655, "data_time": 0.0, "lr": 0.001, "loss": -19.26, "recon_loss": -20.282, "kld_loss": 10.223, "kld_weight": 0.1}
{"message": "", "levelname": "INFO", "name": "Trainer", "asctime": "2026-04-29 19:53:48,732", "type": "train", "epoch": 0, "batch": 4959, "n_batches": 7774, "time": 0.556, "data_time": 0.0, "lr": 0.001, "loss": -15.99, "recon_loss": -17.192, "kld_loss": 12.02, "kld_weight": 0.1}
{"message": "", "levelname": "INFO", "name": "Trainer", "asctime": "2026-04-29 19:53:55,462", "type": "train", "epoch": 0, "batch": 5039, "n_batches": 7774, "time": 0.836, "data_time": 0.0, "lr": 0.001, "loss": -12.433, "recon_loss": -13.361, "kld_loss": 9.283, "kld_weight": 0.1}
{"message": "", "levelname": "INFO", "name": "Trainer", "asctime": "2026-04-29 19:54:02,389", "type": "train", "epoch": 0, "batch": 5119, "n_batches": 7774, "time": 0.807, "data_time": 0.0, "lr": 0.001, "loss": -10.342, "recon_loss": -11.329, "kld_loss": 9.863, "kld_weight": 0.1}
{"message": "", "levelname": "INFO", "name": "Trainer", "asctime": "2026-04-29 19:54:08,684", "type": "train", "epoch": 0, "batch": 5199, "n_batches": 7774, "time": 0.591, "data_time": 0.0, "lr": 0.001, "loss": -13.536, "recon_loss": -14.861, "kld_loss": 13.249, "kld_weight": 0.1}
{"message": "", "levelname": "INFO", "name": "Trainer", "asctime": "2026-04-29 19:54:15,243", "type": "train", "epoch": 0, "batch": 5279, "n_batches": 7774, "time": 0.714, "data_time": 0.0, "lr": 0.001, "loss": -15.243, "recon_loss": -16.203, "kld_loss": 9.604, "kld_weight": 0.1}
{"message": "", "levelname": "INFO", "name": "Trainer", "asctime": "2026-04-29 19:54:22,109", "type": "train", "epoch": 0, "batch": 5359, "n_batches": 7774, "time": 0.681, "data_time": 0.0, "lr": 0.001, "loss": -14.885, "recon_loss": -15.979, "kld_loss": 10.948, "kld_weight": 0.1}
{"message": "", "levelname": "INFO", "name": "Trainer", "asctime": "2026-04-29 19:54:28,858", "type": "train", "epoch": 0, "batch": 5439, "n_batches": 7774, "time": 0.617, "data_time": 0.0, "lr": 0.001, "loss": -13.438, "recon_loss": -14.565, "kld_loss": 11.269, "kld_weight": 0.1}
{"message": "", "levelname": "INFO", "name": "Trainer", "asctime": "2026-04-29 19:54:35,195", "type": "train", "epoch": 0, "batch": 5519, "n_batches": 7774, "time": 0.572, "data_time": 0.0, "lr": 0.001, "loss": -17.508, "recon_loss": -18.424, "kld_loss": 9.168, "kld_weight": 0.1}
{"message": "", "levelname": "INFO", "name": "Trainer", "asctime": "2026-04-29 19:54:41,874", "type": "train", "epoch": 0, "batch": 5599, "n_batches": 7774, "time": 0.66, "data_time": 0.0, "lr": 0.001, "loss": -13.148, "recon_loss": -14.358, "kld_loss": 12.1, "kld_weight": 0.1}
{"message": "", "levelname": "INFO", "name": "Trainer", "asctime": "2026-04-29 19:54:48,355", "type": "train", "epoch": 0, "batch": 5679, "n_batches": 7774, "time": 0.65, "data_time": 0.0, "lr": 0.001, "loss": -16.021, "recon_loss": -17.428, "kld_loss": 14.07, "kld_weight": 0.1}
{"message": "", "levelname": "INFO", "name": "Trainer", "asctime": "2026-04-29 19:54:55,035", "type": "train", "epoch": 0, "batch": 5759, "n_batches": 7774, "time": 0.696, "data_time": 0.0, "lr": 0.001, "loss": -12.903, "recon_loss": -14.163, "kld_loss": 12.593, "kld_weight": 0.1}
{"message": "", "levelname": "INFO", "name": "Trainer", "asctime": "2026-04-29 19:55:01,461", "type": "train", "epoch": 0, "batch": 5839, "n_batches": 7774, "time": 0.603, "data_time": 0.0, "lr": 0.001, "loss": -18.556, "recon_loss": -19.751, "kld_loss": 11.953, "kld_weight": 0.1}
{"message": "", "levelname": "INFO", "name": "Trainer", "asctime": "2026-04-29 19:55:07,846", "type": "train", "epoch": 0, "batch": 5919, "n_batches": 7774, "time": 0.675, "data_time": 0.0, "lr": 0.001, "loss": -16.898, "recon_loss": -18.183, "kld_loss": 12.846, "kld_weight": 0.1}
{"message": "", "levelname": "INFO", "name": "Trainer", "asctime": "2026-04-29 19:55:14,333", "type": "train", "epoch": 0, "batch": 5999, "n_batches": 7774, "time": 0.633, "data_time": 0.0, "lr": 0.001, "loss": -19.215, "recon_loss": -20.361, "kld_loss": 11.455, "kld_weight": 0.1}
{"message": "", "levelname": "INFO", "name": "Trainer", "asctime": "2026-04-29 19:55:20,462", "type": "train", "epoch": 0, "batch": 6079, "n_batches": 7774, "time": 0.57, "data_time": 0.0, "lr": 0.001, "loss": -16.021, "recon_loss": -17.361, "kld_loss": 13.403, "kld_weight": 0.1}
{"message": "", "levelname": "INFO", "name": "Trainer", "asctime": "2026-04-29 19:55:26,885", "type": "train", "epoch": 0, "batch": 6159, "n_batches": 7774, "time": 0.686, "data_time": 0.0, "lr": 0.001, "loss": -14.167, "recon_loss": -15.173, "kld_loss": 10.063, "kld_weight": 0.1}
{"message": "", "levelname": "INFO", "name": "Trainer", "asctime": "2026-04-29 19:55:33,127", "type": "train", "epoch": 0, "batch": 6239, "n_batches": 7774, "time": 0.596, "data_time": 0.0, "lr": 0.001, "loss": -11.834, "recon_loss": -13.061, "kld_loss": 12.267, "kld_weight": 0.1}
{"message": "", "levelname": "INFO", "name": "Trainer", "asctime": "2026-04-29 19:55:40,160", "type": "train", "epoch": 0, "batch": 6319, "n_batches": 7774, "time": 0.604, "data_time": 0.0, "lr": 0.001, "loss": -14.268, "recon_loss": -15.697, "kld_loss": 14.282, "kld_weight": 0.1}
{"message": "", "levelname": "INFO", "name": "Trainer", "asctime": "2026-04-29 19:55:46,716", "type": "train", "epoch": 0, "batch": 6399, "n_batches": 7774, "time": 0.662, "data_time": 0.0, "lr": 0.001, "loss": -17.675, "recon_loss": -19.117, "kld_loss": 14.416, "kld_weight": 0.1}
{"message": "", "levelname": "INFO", "name": "Trainer", "asctime": "2026-04-29 19:55:53,194", "type": "train", "epoch": 0, "batch": 6479, "n_batches": 7774, "time": 0.791, "data_time": 0.0, "lr": 0.001, "loss": -20.226, "recon_loss": -21.22, "kld_loss": 9.935, "kld_weight": 0.1}
{"message": "", "levelname": "INFO", "name": "Trainer", "asctime": "2026-04-29 19:55:59,591", "type": "train", "epoch": 0, "batch": 6559, "n_batches": 7774, "time": 0.627, "data_time": 0.0, "lr": 0.001, "loss": -15.008, "recon_loss": -16.327, "kld_loss": 13.195, "kld_weight": 0.1}
{"message": "", "levelname": "INFO", "name": "Trainer", "asctime": "2026-04-29 19:56:05,593", "type": "train", "epoch": 0, "batch": 6639, "n_batches": 7774, "time": 0.547, "data_time": 0.0, "lr": 0.001, "loss": -20.282, "recon_loss": -21.318, "kld_loss": 10.353, "kld_weight": 0.1}
{"message": "", "levelname": "INFO", "name": "Trainer", "asctime": "2026-04-29 19:56:12,225", "type": "train", "epoch": 0, "batch": 6719, "n_batches": 7774, "time": 0.7, "data_time": 0.0, "lr": 0.001, "loss": -18.452, "recon_loss": -19.836, "kld_loss": 13.847, "kld_weight": 0.1}
{"message": "", "levelname": "INFO", "name": "Trainer", "asctime": "2026-04-29 19:56:19,051", "type": "train", "epoch": 0, "batch": 6799, "n_batches": 7774, "time": 0.681, "data_time": 0.0, "lr": 0.001, "loss": -14.228, "recon_loss": -15.885, "kld_loss": 16.565, "kld_weight": 0.1}
{"message": "", "levelname": "INFO", "name": "Trainer", "asctime": "2026-04-29 19:56:25,498", "type": "train", "epoch": 0, "batch": 6879, "n_batches": 7774, "time": 0.587, "data_time": 0.0, "lr": 0.001, "loss": -13.304, "recon_loss": -14.489, "kld_loss": 11.85, "kld_weight": 0.1}
{"message": "", "levelname": "INFO", "name": "Trainer", "asctime": "2026-04-29 19:56:31,943", "type": "train", "epoch": 0, "batch": 6959, "n_batches": 7774, "time": 0.568, "data_time": 0.0, "lr": 0.001, "loss": -14.551, "recon_loss": -15.89, "kld_loss": 13.392, "kld_weight": 0.1}
{"message": "", "levelname": "INFO", "name": "Trainer", "asctime": "2026-04-29 19:56:38,481", "type": "train", "epoch": 0, "batch": 7039, "n_batches": 7774, "time": 0.733, "data_time": 0.0, "lr": 0.001, "loss": -12.795, "recon_loss": -13.89, "kld_loss": 10.95, "kld_weight": 0.1}
{"message": "", "levelname": "INFO", "name": "Trainer", "asctime": "2026-04-29 19:56:44,953", "type": "train", "epoch": 0, "batch": 7119, "n_batches": 7774, "time": 0.587, "data_time": 0.0, "lr": 0.001, "loss": -10.606, "recon_loss": -11.846, "kld_loss": 12.394, "kld_weight": 0.1}
{"message": "", "levelname": "INFO", "name": "Trainer", "asctime": "2026-04-29 19:56:51,381", "type": "train", "epoch": 0, "batch": 7199, "n_batches": 7774, "time": 0.658, "data_time": 0.0, "lr": 0.001, "loss": -12.789, "recon_loss": -13.903, "kld_loss": 11.14, "kld_weight": 0.1}
{"message": "", "levelname": "INFO", "name": "Trainer", "asctime": "2026-04-29 19:56:57,989", "type": "train", "epoch": 0, "batch": 7279, "n_batches": 7774, "time": 0.633, "data_time": 0.0, "lr": 0.001, "loss": -14.374, "recon_loss": -15.219, "kld_loss": 8.445, "kld_weight": 0.1}
{"message": "", "levelname": "INFO", "name": "Trainer", "asctime": "2026-04-29 19:57:04,208", "type": "train", "epoch": 0, "batch": 7359, "n_batches": 7774, "time": 0.556, "data_time": 0.0, "lr": 0.001, "loss": -20.247, "recon_loss": -21.242, "kld_loss": 9.956, "kld_weight": 0.1}
{"message": "", "levelname": "INFO", "name": "Trainer", "asctime": "2026-04-29 19:57:10,401", "type": "train", "epoch": 0, "batch": 7439, "n_batches": 7774, "time": 0.577, "data_time": 0.0, "lr": 0.001, "loss": -15.121, "recon_loss": -16.393, "kld_loss": 12.722, "kld_weight": 0.1}
{"message": "", "levelname": "INFO", "name": "Trainer", "asctime": "2026-04-29 19:57:16,657", "type": "train", "epoch": 0, "batch": 7519, "n_batches": 7774, "time": 0.503, "data_time": 0.0, "lr": 0.001, "loss": -15.108, "recon_loss": -16.375, "kld_loss": 12.669, "kld_weight": 0.1}
{"message": "", "levelname": "INFO", "name": "Trainer", "asctime": "2026-04-29 19:57:23,509", "type": "train", "epoch": 0, "batch": 7599, "n_batches": 7774, "time": 0.782, "data_time": 0.0, "lr": 0.001, "loss": -16.662, "recon_loss": -17.695, "kld_loss": 10.338, "kld_weight": 0.1}
{"message": "", "levelname": "INFO", "name": "Trainer", "asctime": "2026-04-29 19:57:30,614", "type": "train", "epoch": 0, "batch": 7679, "n_batches": 7774, "time": 0.57, "data_time": 0.0, "lr": 0.001, "loss": -11.019, "recon_loss": -13.213, "kld_loss": 21.94, "kld_weight": 0.1}
{"message": "", "levelname": "INFO", "name": "Trainer", "asctime": "2026-04-29 19:57:36,764", "type": "train", "epoch": 0, "batch": 7759, "n_batches": 7774, "time": 0.447, "data_time": 0.0, "lr": 0.001, "loss": -18.535, "recon_loss": -19.896, "kld_loss": 13.609, "kld_weight": 0.1}
{"message": "", "levelname": "INFO", "name": "Trainer", "asctime": "2026-04-29 19:57:37,959", "type": "train-epoch", "epoch": 1, "loss": -1.71691, "recon_loss": -1.85345, "kld_loss": 1.3654, "kld_weight": 0.1, "time": 628.1}
{"message": "", "levelname": "INFO", "name": "Trainer", "asctime": "2026-04-29 19:59:30,634", "type": "val-epoch", "epoch": 1, "loss": -2.05, "test_loss": -0.621, "recon_loss": -2.207, "kld_loss": 1.57, "kld_weight": 0.1, "note": "loss is teacher-forced CVAE objective; test_loss is prior-only reconstruction", "time": 112.7}
{"message": "", "levelname": "INFO", "name": "Trainer", "asctime": "2026-04-29 19:59:36,935", "type": "train", "epoch": 1, "batch": 79, "n_batches": 7774, "time": 0.639, "data_time": 0.0, "lr": 0.001, "loss": -12.863, "recon_loss": -15.267, "kld_loss": 12.022, "kld_weight": 0.2}
{"message": "", "levelname": "INFO", "name": "Trainer", "asctime": "2026-04-29 19:59:43,549", "type": "train", "epoch": 1, "batch": 159, "n_batches": 7774, "time": 0.575, "data_time": 0.0, "lr": 0.001, "loss": -18.579, "recon_loss": -20.061, "kld_loss": 7.411, "kld_weight": 0.2}
{"message": "", "levelname": "INFO", "name": "Trainer", "asctime": "2026-04-29 19:59:49,968", "type": "train", "epoch": 1, "batch": 239, "n_batches": 7774, "time": 0.614, "data_time": 0.0, "lr": 0.001, "loss": -15.313, "recon_loss": -17.026, "kld_loss": 8.565, "kld_weight": 0.2}
{"message": "", "levelname": "INFO", "name": "Trainer", "asctime": "2026-04-29 19:59:55,892", "type": "train", "epoch": 1, "batch": 319, "n_batches": 7774, "time": 0.457, "data_time": 0.0, "lr": 0.001, "loss": -16.54, "recon_loss": -17.958, "kld_loss": 7.09, "kld_weight": 0.2}
{"message": "", "levelname": "INFO", "name": "Trainer", "asctime": "2026-04-29 20:00:02,165", "type": "train", "epoch": 1, "batch": 399, "n_batches": 7774, "time": 0.576, "data_time": 0.0, "lr": 0.001, "loss": -6.16, "recon_loss": -11.338, "kld_loss": 25.888, "kld_weight": 0.2}
{"message": "", "levelname": "INFO", "name": "Trainer", "asctime": "2026-04-29 20:00:08,791", "type": "train", "epoch": 1, "batch": 479, "n_batches": 7774, "time": 0.668, "data_time": 0.0, "lr": 0.001, "loss": -12.633, "recon_loss": -17.881, "kld_loss": 26.242, "kld_weight": 0.2}
{"message": "", "levelname": "INFO", "name": "Trainer", "asctime": "2026-04-29 20:00:14,541", "type": "train", "epoch": 1, "batch": 559, "n_batches": 7774, "time": 0.648, "data_time": 0.0, "lr": 0.001, "loss": -15.109, "recon_loss": -16.808, "kld_loss": 8.497, "kld_weight": 0.2}
{"message": "", "levelname": "INFO", "name": "Trainer", "asctime": "2026-04-29 20:00:20,957", "type": "train", "epoch": 1, "batch": 639, "n_batches": 7774, "time": 0.585, "data_time": 0.0, "lr": 0.001, "loss": -16.492, "recon_loss": -18.277, "kld_loss": 8.922, "kld_weight": 0.2}
{"message": "", "levelname": "INFO", "name": "Trainer", "asctime": "2026-04-29 20:00:27,316", "type": "train", "epoch": 1, "batch": 719, "n_batches": 7774, "time": 0.735, "data_time": 0.0, "lr": 0.001, "loss": -16.669, "recon_loss": -19.41, "kld_loss": 13.709, "kld_weight": 0.2}
{"message": "", "levelname": "INFO", "name": "Trainer", "asctime": "2026-04-29 20:00:33,886", "type": "train", "epoch": 1, "batch": 799, "n_batches": 7774, "time": 0.597, "data_time": 0.0, "lr": 0.001, "loss": -18.521, "recon_loss": -19.991, "kld_loss": 7.352, "kld_weight": 0.2}
{"message": "", "levelname": "INFO", "name": "Trainer", "asctime": "2026-04-29 20:00:40,003", "type": "train", "epoch": 1, "batch": 879, "n_batches": 7774, "time": 0.661, "data_time": 0.0, "lr": 0.001, "loss": -16.203, "recon_loss": -18.188, "kld_loss": 9.926, "kld_weight": 0.2}
{"message": "", "levelname": "INFO", "name": "Trainer", "asctime": "2026-04-29 20:00:46,571", "type": "train", "epoch": 1, "batch": 959, "n_batches": 7774, "time": 0.671, "data_time": 0.0, "lr": 0.001, "loss": -17.825, "recon_loss": -19.654, "kld_loss": 9.143, "kld_weight": 0.2}
{"message": "", "levelname": "INFO", "name": "Trainer", "asctime": "2026-04-29 20:00:53,296", "type": "train", "epoch": 1, "batch": 1039, "n_batches": 7774, "time": 0.689, "data_time": 0.0, "lr": 0.001, "loss": -14.582, "recon_loss": -16.749, "kld_loss": 10.838, "kld_weight": 0.2}
{"message": "", "levelname": "INFO", "name": "Trainer", "asctime": "2026-04-29 20:00:59,964", "type": "train", "epoch": 1, "batch": 1119, "n_batches": 7774, "time": 0.866, "data_time": 0.0, "lr": 0.001, "loss": -18.507, "recon_loss": -20.389, "kld_loss": 9.409, "kld_weight": 0.2}
{"message": "", "levelname": "INFO", "name": "Trainer", "asctime": "2026-04-29 20:01:06,144", "type": "train", "epoch": 1, "batch": 1199, "n_batches": 7774, "time": 0.54, "data_time": 0.0, "lr": 0.001, "loss": -14.071, "recon_loss": -15.831, "kld_loss": 8.799, "kld_weight": 0.2}
{"message": "", "levelname": "INFO", "name": "Trainer", "asctime": "2026-04-29 20:01:12,264", "type": "train", "epoch": 1, "batch": 1279, "n_batches": 7774, "time": 0.565, "data_time": 0.0, "lr": 0.001, "loss": -11.68, "recon_loss": -13.454, "kld_loss": 8.869, "kld_weight": 0.2}
{"message": "", "levelname": "INFO", "name": "Trainer", "asctime": "2026-04-29 20:01:18,759", "type": "train", "epoch": 1, "batch": 1359, "n_batches": 7774, "time": 0.467, "data_time": 0.0, "lr": 0.001, "loss": -18.273, "recon_loss": -20.004, "kld_loss": 8.657, "kld_weight": 0.2}
{"message": "", "levelname": "INFO", "name": "Trainer", "asctime": "2026-04-29 20:01:24,793", "type": "train", "epoch": 1, "batch": 1439, "n_batches": 7774, "time": 0.626, "data_time": 0.0, "lr": 0.001, "loss": -14.57, "recon_loss": -16.665, "kld_loss": 10.477, "kld_weight": 0.2}
{"message": "", "levelname": "INFO", "name": "Trainer", "asctime": "2026-04-29 20:01:31,608", "type": "train", "epoch": 1, "batch": 1519, "n_batches": 7774, "time": 0.899, "data_time": 0.0, "lr": 0.001, "loss": -7.459, "recon_loss": -10.338, "kld_loss": 14.399, "kld_weight": 0.2}
{"message": "", "levelname": "INFO", "name": "Trainer", "asctime": "2026-04-29 20:01:38,367", "type": "train", "epoch": 1, "batch": 1599, "n_batches": 7774, "time": 0.696, "data_time": 0.0, "lr": 0.001, "loss": -16.895, "recon_loss": -18.902, "kld_loss": 10.037, "kld_weight": 0.2}
{"message": "", "levelname": "INFO", "name": "Trainer", "asctime": "2026-04-29 20:01:44,782", "type": "train", "epoch": 1, "batch": 1679, "n_batches": 7774, "time": 0.619, "data_time": 0.0, "lr": 0.001, "loss": -17.852, "recon_loss": -19.933, "kld_loss": 10.404, "kld_weight": 0.2}
{"message": "", "levelname": "INFO", "name": "Trainer", "asctime": "2026-04-29 20:01:51,603", "type": "train", "epoch": 1, "batch": 1759, "n_batches": 7774, "time": 0.654, "data_time": 0.0, "lr": 0.001, "loss": -15.162, "recon_loss": -17.065, "kld_loss": 9.517, "kld_weight": 0.2}
{"message": "", "levelname": "INFO", "name": "Trainer", "asctime": "2026-04-29 20:01:57,649", "type": "train", "epoch": 1, "batch": 1839, "n_batches": 7774, "time": 0.81, "data_time": 0.0, "lr": 0.001, "loss": -19.787, "recon_loss": -21.657, "kld_loss": 9.348, "kld_weight": 0.2}
{"message": "", "levelname": "INFO", "name": "Trainer", "asctime": "2026-04-29 20:02:04,604", "type": "train", "epoch": 1, "batch": 1919, "n_batches": 7774, "time": 0.733, "data_time": 0.0, "lr": 0.001, "loss": -15.067, "recon_loss": -17.053, "kld_loss": 9.929, "kld_weight": 0.2}
{"message": "", "levelname": "INFO", "name": "Trainer", "asctime": "2026-04-29 20:02:11,094", "type": "train", "epoch": 1, "batch": 1999, "n_batches": 7774, "time": 0.652, "data_time": 0.0, "lr": 0.001, "loss": -19.564, "recon_loss": -21.309, "kld_loss": 8.726, "kld_weight": 0.2}
{"message": "", "levelname": "INFO", "name": "Trainer", "asctime": "2026-04-29 20:02:17,250", "type": "train", "epoch": 1, "batch": 2079, "n_batches": 7774, "time": 0.506, "data_time": 0.0, "lr": 0.001, "loss": -14.582, "recon_loss": -16.804, "kld_loss": 11.109, "kld_weight": 0.2}
{"message": "", "levelname": "INFO", "name": "Trainer", "asctime": "2026-04-29 20:02:23,759", "type": "train", "epoch": 1, "batch": 2159, "n_batches": 7774, "time": 0.593, "data_time": 0.0, "lr": 0.001, "loss": -18.581, "recon_loss": -20.342, "kld_loss": 8.805, "kld_weight": 0.2}
{"message": "", "levelname": "INFO", "name": "Trainer", "asctime": "2026-04-29 20:02:30,168", "type": "train", "epoch": 1, "batch": 2239, "n_batches": 7774, "time": 0.794, "data_time": 0.0, "lr": 0.001, "loss": -16.901, "recon_loss": -18.91, "kld_loss": 10.047, "kld_weight": 0.2}
{"message": "", "levelname": "INFO", "name": "Trainer", "asctime": "2026-04-29 20:02:36,971", "type": "train", "epoch": 1, "batch": 2319, "n_batches": 7774, "time": 0.516, "data_time": 0.0, "lr": 0.001, "loss": -7.614, "recon_loss": -9.183, "kld_loss": 7.848, "kld_weight": 0.2}
{"message": "", "levelname": "INFO", "name": "Trainer", "asctime": "2026-04-29 20:02:44,129", "type": "train", "epoch": 1, "batch": 2399, "n_batches": 7774, "time": 0.797, "data_time": 0.0, "lr": 0.001, "loss": -19.061, "recon_loss": -20.283, "kld_loss": 6.112, "kld_weight": 0.2}
{"message": "", "levelname": "INFO", "name": "Trainer", "asctime": "2026-04-29 20:02:50,423", "type": "train", "epoch": 1, "batch": 2479, "n_batches": 7774, "time": 0.624, "data_time": 0.0, "lr": 0.001, "loss": -14.448, "recon_loss": -16.278, "kld_loss": 9.149, "kld_weight": 0.2}
{"message": "", "levelname": "INFO", "name": "Trainer", "asctime": "2026-04-29 20:02:56,547", "type": "train", "epoch": 1, "batch": 2559, "n_batches": 7774, "time": 0.629, "data_time": 0.0, "lr": 0.001, "loss": -15.618, "recon_loss": -17.445, "kld_loss": 9.14, "kld_weight": 0.2}
{"message": "", "levelname": "INFO", "name": "Trainer", "asctime": "2026-04-29 20:03:03,328", "type": "train", "epoch": 1, "batch": 2639, "n_batches": 7774, "time": 0.665, "data_time": 0.0, "lr": 0.001, "loss": -13.814, "recon_loss": -15.835, "kld_loss": 10.103, "kld_weight": 0.2}
{"message": "", "levelname": "INFO", "name": "Trainer", "asctime": "2026-04-29 20:03:09,705", "type": "train", "epoch": 1, "batch": 2719, "n_batches": 7774, "time": 0.694, "data_time": 0.0, "lr": 0.001, "loss": -17.16, "recon_loss": -19.5, "kld_loss": 11.7, "kld_weight": 0.2}
{"message": "", "levelname": "INFO", "name": "Trainer", "asctime": "2026-04-29 20:03:15,821", "type": "train", "epoch": 1, "batch": 2799, "n_batches": 7774, "time": 0.473, "data_time": 0.0, "lr": 0.001, "loss": -13.522, "recon_loss": -15.957, "kld_loss": 12.174, "kld_weight": 0.2}
{"message": "", "levelname": "INFO", "name": "Trainer", "asctime": "2026-04-29 20:03:22,336", "type": "train", "epoch": 1, "batch": 2879, "n_batches": 7774, "time": 0.541, "data_time": 0.0, "lr": 0.001, "loss": -19.801, "recon_loss": -21.669, "kld_loss": 9.338, "kld_weight": 0.2}
{"message": "", "levelname": "INFO", "name": "Trainer", "asctime": "2026-04-29 20:03:28,990", "type": "train", "epoch": 1, "batch": 2959, "n_batches": 7774, "time": 0.458, "data_time": 0.0, "lr": 0.001, "loss": -9.076, "recon_loss": -10.849, "kld_loss": 8.869, "kld_weight": 0.2}
{"message": "", "levelname": "INFO", "name": "Trainer", "asctime": "2026-04-29 20:03:35,455", "type": "train", "epoch": 1, "batch": 3039, "n_batches": 7774, "time": 0.767, "data_time": 0.0, "lr": 0.001, "loss": -16.486, "recon_loss": -18.787, "kld_loss": 11.502, "kld_weight": 0.2}
{"message": "", "levelname": "INFO", "name": "Trainer", "asctime": "2026-04-29 20:03:41,936", "type": "train", "epoch": 1, "batch": 3119, "n_batches": 7774, "time": 0.547, "data_time": 0.0, "lr": 0.001, "loss": -15.885, "recon_loss": -17.781, "kld_loss": 9.481, "kld_weight": 0.2}
{"message": "", "levelname": "INFO", "name": "Trainer", "asctime": "2026-04-29 20:03:48,918", "type": "train", "epoch": 1, "batch": 3199, "n_batches": 7774, "time": 0.619, "data_time": 0.0, "lr": 0.001, "loss": -15.275, "recon_loss": -17.629, "kld_loss": 11.771, "kld_weight": 0.2}
{"message": "", "levelname": "INFO", "name": "Trainer", "asctime": "2026-04-29 20:03:55,433", "type": "train", "epoch": 1, "batch": 3279, "n_batches": 7774, "time": 0.788, "data_time": 0.0, "lr": 0.001, "loss": -13.797, "recon_loss": -15.23, "kld_loss": 7.161, "kld_weight": 0.2}
{"message": "", "levelname": "INFO", "name": "Trainer", "asctime": "2026-04-29 20:04:01,602", "type": "train", "epoch": 1, "batch": 3359, "n_batches": 7774, "time": 0.739, "data_time": 0.0, "lr": 0.001, "loss": -11.019, "recon_loss": -12.565, "kld_loss": 7.733, "kld_weight": 0.2}
{"message": "", "levelname": "INFO", "name": "Trainer", "asctime": "2026-04-29 20:04:08,114", "type": "train", "epoch": 1, "batch": 3439, "n_batches": 7774, "time": 0.663, "data_time": 0.0, "lr": 0.001, "loss": -20.037, "recon_loss": -21.814, "kld_loss": 8.887, "kld_weight": 0.2}
{"message": "", "levelname": "INFO", "name": "Trainer", "asctime": "2026-04-29 20:04:14,638", "type": "train", "epoch": 1, "batch": 3519, "n_batches": 7774, "time": 0.561, "data_time": 0.0, "lr": 0.001, "loss": -22.199, "recon_loss": -23.969, "kld_loss": 8.848, "kld_weight": 0.2}
{"message": "", "levelname": "INFO", "name": "Trainer", "asctime": "2026-04-29 20:04:21,032", "type": "train", "epoch": 1, "batch": 3599, "n_batches": 7774, "time": 0.712, "data_time": 0.0, "lr": 0.001, "loss": -7.643, "recon_loss": -9.61, "kld_loss": 9.832, "kld_weight": 0.2}
{"message": "", "levelname": "INFO", "name": "Trainer", "asctime": "2026-04-29 20:04:27,411", "type": "train", "epoch": 1, "batch": 3679, "n_batches": 7774, "time": 0.913, "data_time": 0.0, "lr": 0.001, "loss": -19.889, "recon_loss": -21.714, "kld_loss": 9.127, "kld_weight": 0.2}
{"message": "", "levelname": "INFO", "name": "Trainer", "asctime": "2026-04-29 20:04:34,485", "type": "train", "epoch": 1, "batch": 3759, "n_batches": 7774, "time": 0.718, "data_time": 0.0, "lr": 0.001, "loss": -13.063, "recon_loss": -14.645, "kld_loss": 7.912, "kld_weight": 0.2}
{"message": "", "levelname": "INFO", "name": "Trainer", "asctime": "2026-04-29 20:04:40,395", "type": "train", "epoch": 1, "batch": 3839, "n_batches": 7774, "time": 0.701, "data_time": 0.0, "lr": 0.001, "loss": -13.278, "recon_loss": -14.837, "kld_loss": 7.797, "kld_weight": 0.2}
{"message": "", "levelname": "INFO", "name": "Trainer", "asctime": "2026-04-29 20:04:46,535", "type": "train", "epoch": 1, "batch": 3919, "n_batches": 7774, "time": 0.492, "data_time": 0.0, "lr": 0.001, "loss": -19.173, "recon_loss": -20.524, "kld_loss": 6.755, "kld_weight": 0.2}
{"message": "", "levelname": "INFO", "name": "Trainer", "asctime": "2026-04-29 20:04:52,635", "type": "train", "epoch": 1, "batch": 3999, "n_batches": 7774, "time": 0.629, "data_time": 0.0, "lr": 0.001, "loss": -14.809, "recon_loss": -18.108, "kld_loss": 16.495, "kld_weight": 0.2}
{"message": "", "levelname": "INFO", "name": "Trainer", "asctime": "2026-04-29 20:04:58,955", "type": "train", "epoch": 1, "batch": 4079, "n_batches": 7774, "time": 0.537, "data_time": 0.0, "lr": 0.001, "loss": -13.512, "recon_loss": -15.407, "kld_loss": 9.475, "kld_weight": 0.2}
{"message": "", "levelname": "INFO", "name": "Trainer", "asctime": "2026-04-29 20:05:05,445", "type": "train", "epoch": 1, "batch": 4159, "n_batches": 7774, "time": 0.718, "data_time": 0.0, "lr": 0.001, "loss": -19.292, "recon_loss": -21.049, "kld_loss": 8.787, "kld_weight": 0.2}
{"message": "", "levelname": "INFO", "name": "Trainer", "asctime": "2026-04-29 20:05:11,881", "type": "train", "epoch": 1, "batch": 4239, "n_batches": 7774, "time": 0.693, "data_time": 0.0, "lr": 0.001, "loss": -9.694, "recon_loss": -12.039, "kld_loss": 11.727, "kld_weight": 0.2}
{"message": "", "levelname": "INFO", "name": "Trainer", "asctime": "2026-04-29 20:05:18,207", "type": "train", "epoch": 1, "batch": 4319, "n_batches": 7774, "time": 0.525, "data_time": 0.0, "lr": 0.001, "loss": -17.799, "recon_loss": -19.484, "kld_loss": 8.423, "kld_weight": 0.2}
{"message": "", "levelname": "INFO", "name": "Trainer", "asctime": "2026-04-29 20:05:24,400", "type": "train", "epoch": 1, "batch": 4399, "n_batches": 7774, "time": 0.701, "data_time": 0.0, "lr": 0.001, "loss": -14.732, "recon_loss": -16.2, "kld_loss": 7.341, "kld_weight": 0.2}
{"message": "", "levelname": "INFO", "name": "Trainer", "asctime": "2026-04-29 20:05:30,534", "type": "train", "epoch": 1, "batch": 4479, "n_batches": 7774, "time": 0.626, "data_time": 0.0, "lr": 0.001, "loss": -17.403, "recon_loss": -19.496, "kld_loss": 10.464, "kld_weight": 0.2}
{"message": "", "levelname": "INFO", "name": "Trainer", "asctime": "2026-04-29 20:05:36,809", "type": "train", "epoch": 1, "batch": 4559, "n_batches": 7774, "time": 0.635, "data_time": 0.0, "lr": 0.001, "loss": -16.238, "recon_loss": -17.93, "kld_loss": 8.462, "kld_weight": 0.2}
{"message": "", "levelname": "INFO", "name": "Trainer", "asctime": "2026-04-29 20:05:42,959", "type": "train", "epoch": 1, "batch": 4639, "n_batches": 7774, "time": 0.479, "data_time": 0.0, "lr": 0.001, "loss": -15.718, "recon_loss": -17.177, "kld_loss": 7.295, "kld_weight": 0.2}
{"message": "", "levelname": "INFO", "name": "Trainer", "asctime": "2026-04-29 20:05:49,835", "type": "train", "epoch": 1, "batch": 4719, "n_batches": 7774, "time": 0.655, "data_time": 0.0, "lr": 0.001, "loss": -15.732, "recon_loss": -19.668, "kld_loss": 19.68, "kld_weight": 0.2}
{"message": "", "levelname": "INFO", "name": "Trainer", "asctime": "2026-04-29 20:05:55,791", "type": "train", "epoch": 1, "batch": 4799, "n_batches": 7774, "time": 0.531, "data_time": 0.0, "lr": 0.001, "loss": -13.672, "recon_loss": -16.343, "kld_loss": 13.354, "kld_weight": 0.2}
{"message": "", "levelname": "INFO", "name": "Trainer", "asctime": "2026-04-29 20:06:02,216", "type": "train", "epoch": 1, "batch": 4879, "n_batches": 7774, "time": 0.448, "data_time": 0.0, "lr": 0.001, "loss": -9.675, "recon_loss": -12.642, "kld_loss": 14.833, "kld_weight": 0.2}
{"message": "", "levelname": "INFO", "name": "Trainer", "asctime": "2026-04-29 20:06:08,830", "type": "train", "epoch": 1, "batch": 4959, "n_batches": 7774, "time": 0.656, "data_time": 0.0, "lr": 0.001, "loss": -18.369, "recon_loss": -19.962, "kld_loss": 7.964, "kld_weight": 0.2}
{"message": "", "levelname": "INFO", "name": "Trainer", "asctime": "2026-04-29 20:06:15,454", "type": "train", "epoch": 1, "batch": 5039, "n_batches": 7774, "time": 0.634, "data_time": 0.0, "lr": 0.001, "loss": -15.597, "recon_loss": -17.987, "kld_loss": 11.951, "kld_weight": 0.2}
{"message": "", "levelname": "INFO", "name": "Trainer", "asctime": "2026-04-29 20:06:22,488", "type": "train", "epoch": 1, "batch": 5119, "n_batches": 7774, "time": 0.643, "data_time": 0.0, "lr": 0.001, "loss": -13.276, "recon_loss": -15.087, "kld_loss": 9.052, "kld_weight": 0.2}
{"message": "", "levelname": "INFO", "name": "Trainer", "asctime": "2026-04-29 20:06:29,070", "type": "train", "epoch": 1, "batch": 5199, "n_batches": 7774, "time": 0.579, "data_time": 0.0, "lr": 0.001, "loss": -12.696, "recon_loss": -14.467, "kld_loss": 8.855, "kld_weight": 0.2}
{"message": "", "levelname": "INFO", "name": "Trainer", "asctime": "2026-04-29 20:06:35,298", "type": "train", "epoch": 1, "batch": 5279, "n_batches": 7774, "time": 0.473, "data_time": 0.0, "lr": 0.001, "loss": -19.091, "recon_loss": -20.8, "kld_loss": 8.544, "kld_weight": 0.2}
{"message": "", "levelname": "INFO", "name": "Trainer", "asctime": "2026-04-29 20:06:41,150", "type": "train", "epoch": 1, "batch": 5359, "n_batches": 7774, "time": 0.693, "data_time": 0.0, "lr": 0.001, "loss": -15.101, "recon_loss": -17.313, "kld_loss": 11.064, "kld_weight": 0.2}
{"message": "", "levelname": "INFO", "name": "Trainer", "asctime": "2026-04-29 20:06:46,918", "type": "train", "epoch": 1, "batch": 5439, "n_batches": 7774, "time": 0.498, "data_time": 0.0, "lr": 0.001, "loss": -17.235, "recon_loss": -19.592, "kld_loss": 11.784, "kld_weight": 0.2}
{"message": "", "levelname": "INFO", "name": "Trainer", "asctime": "2026-04-29 20:06:53,264", "type": "train", "epoch": 1, "batch": 5519, "n_batches": 7774, "time": 0.656, "data_time": 0.0, "lr": 0.001, "loss": -17.602, "recon_loss": -19.718, "kld_loss": 10.577, "kld_weight": 0.2}
{"message": "", "levelname": "INFO", "name": "Trainer", "asctime": "2026-04-29 20:06:59,497", "type": "train", "epoch": 1, "batch": 5599, "n_batches": 7774, "time": 0.531, "data_time": 0.0, "lr": 0.001, "loss": -17.453, "recon_loss": -19.438, "kld_loss": 9.928, "kld_weight": 0.2}
{"message": "", "levelname": "INFO", "name": "Trainer", "asctime": "2026-04-29 20:07:05,466", "type": "train", "epoch": 1, "batch": 5679, "n_batches": 7774, "time": 0.591, "data_time": 0.0, "lr": 0.001, "loss": -14.967, "recon_loss": -17.257, "kld_loss": 11.449, "kld_weight": 0.2}
{"message": "", "levelname": "INFO", "name": "Trainer", "asctime": "2026-04-29 20:07:12,308", "type": "train", "epoch": 1, "batch": 5759, "n_batches": 7774, "time": 0.691, "data_time": 0.0, "lr": 0.001, "loss": -10.858, "recon_loss": -15.218, "kld_loss": 21.8, "kld_weight": 0.2}
{"message": "", "levelname": "INFO", "name": "Trainer", "asctime": "2026-04-29 20:07:18,498", "type": "train", "epoch": 1, "batch": 5839, "n_batches": 7774, "time": 0.529, "data_time": 0.0, "lr": 0.001, "loss": -15.885, "recon_loss": -17.734, "kld_loss": 9.245, "kld_weight": 0.2}
{"message": "", "levelname": "INFO", "name": "Trainer", "asctime": "2026-04-29 20:07:24,994", "type": "train", "epoch": 1, "batch": 5919, "n_batches": 7774, "time": 0.788, "data_time": 0.0, "lr": 0.001, "loss": -18.23, "recon_loss": -20.558, "kld_loss": 11.642, "kld_weight": 0.2}
{"message": "", "levelname": "INFO", "name": "Trainer", "asctime": "2026-04-29 20:07:31,650", "type": "train", "epoch": 1, "batch": 5999, "n_batches": 7774, "time": 0.589, "data_time": 0.0, "lr": 0.001, "loss": -20.733, "recon_loss": -22.571, "kld_loss": 9.192, "kld_weight": 0.2}
{"message": "", "levelname": "INFO", "name": "Trainer", "asctime": "2026-04-29 20:07:38,223", "type": "train", "epoch": 1, "batch": 6079, "n_batches": 7774, "time": 0.636, "data_time": 0.0, "lr": 0.001, "loss": -13.141, "recon_loss": -16.754, "kld_loss": 18.068, "kld_weight": 0.2}
{"message": "", "levelname": "INFO", "name": "Trainer", "asctime": "2026-04-29 20:07:45,022", "type": "train", "epoch": 1, "batch": 6159, "n_batches": 7774, "time": 0.825, "data_time": 0.0, "lr": 0.001, "loss": -14.006, "recon_loss": -15.855, "kld_loss": 9.242, "kld_weight": 0.2}
{"message": "", "levelname": "INFO", "name": "Trainer", "asctime": "2026-04-29 20:07:51,566", "type": "train", "epoch": 1, "batch": 6239, "n_batches": 7774, "time": 0.538, "data_time": 0.0, "lr": 0.001, "loss": -15.975, "recon_loss": -17.757, "kld_loss": 8.911, "kld_weight": 0.2}
{"message": "", "levelname": "INFO", "name": "Trainer", "asctime": "2026-04-29 20:07:58,509", "type": "train", "epoch": 1, "batch": 6319, "n_batches": 7774, "time": 0.751, "data_time": 0.0, "lr": 0.001, "loss": -16.155, "recon_loss": -18.676, "kld_loss": 12.605, "kld_weight": 0.2}
{"message": "", "levelname": "INFO", "name": "Trainer", "asctime": "2026-04-29 20:08:04,719", "type": "train", "epoch": 1, "batch": 6399, "n_batches": 7774, "time": 0.669, "data_time": 0.0, "lr": 0.001, "loss": -18.727, "recon_loss": -20.785, "kld_loss": 10.29, "kld_weight": 0.2}
{"message": "", "levelname": "INFO", "name": "Trainer", "asctime": "2026-04-29 20:08:11,526", "type": "train", "epoch": 1, "batch": 6479, "n_batches": 7774, "time": 0.878, "data_time": 0.0, "lr": 0.001, "loss": -12.054, "recon_loss": -14.197, "kld_loss": 10.715, "kld_weight": 0.2}
{"message": "", "levelname": "INFO", "name": "Trainer", "asctime": "2026-04-29 20:08:18,368", "type": "train", "epoch": 1, "batch": 6559, "n_batches": 7774, "time": 0.529, "data_time": 0.0, "lr": 0.001, "loss": -18.511, "recon_loss": -20.744, "kld_loss": 11.164, "kld_weight": 0.2}
{"message": "", "levelname": "INFO", "name": "Trainer", "asctime": "2026-04-29 20:08:24,796", "type": "train", "epoch": 1, "batch": 6639, "n_batches": 7774, "time": 0.489, "data_time": 0.0, "lr": 0.001, "loss": -15.822, "recon_loss": -18.233, "kld_loss": 12.057, "kld_weight": 0.2}
{"message": "", "levelname": "INFO", "name": "Trainer", "asctime": "2026-04-29 20:08:31,095", "type": "train", "epoch": 1, "batch": 6719, "n_batches": 7774, "time": 0.592, "data_time": 0.0, "lr": 0.001, "loss": -14.011, "recon_loss": -16.296, "kld_loss": 11.423, "kld_weight": 0.2}
{"message": "", "levelname": "INFO", "name": "Trainer", "asctime": "2026-04-29 20:08:37,432", "type": "train", "epoch": 1, "batch": 6799, "n_batches": 7774, "time": 0.783, "data_time": 0.0, "lr": 0.001, "loss": -10.764, "recon_loss": -12.553, "kld_loss": 8.949, "kld_weight": 0.2}
{"message": "", "levelname": "INFO", "name": "Trainer", "asctime": "2026-04-29 20:08:44,235", "type": "train", "epoch": 1, "batch": 6879, "n_batches": 7774, "time": 0.557, "data_time": 0.0, "lr": 0.001, "loss": -17.033, "recon_loss": -18.924, "kld_loss": 9.455, "kld_weight": 0.2}
{"message": "", "levelname": "INFO", "name": "Trainer", "asctime": "2026-04-29 20:08:50,568", "type": "train", "epoch": 1, "batch": 6959, "n_batches": 7774, "time": 0.576, "data_time": 0.0, "lr": 0.001, "loss": -13.523, "recon_loss": -15.846, "kld_loss": 11.616, "kld_weight": 0.2}
{"message": "", "levelname": "INFO", "name": "Trainer", "asctime": "2026-04-29 20:08:57,749", "type": "train", "epoch": 1, "batch": 7039, "n_batches": 7774, "time": 0.721, "data_time": 0.0, "lr": 0.001, "loss": -15.683, "recon_loss": -18.393, "kld_loss": 13.55, "kld_weight": 0.2}
{"message": "", "levelname": "INFO", "name": "Trainer", "asctime": "2026-04-29 20:09:04,877", "type": "train", "epoch": 1, "batch": 7119, "n_batches": 7774, "time": 0.795, "data_time": 0.0, "lr": 0.001, "loss": -7.978, "recon_loss": -9.973, "kld_loss": 9.973, "kld_weight": 0.2}
{"message": "", "levelname": "INFO", "name": "Trainer", "asctime": "2026-04-29 20:09:11,607", "type": "train", "epoch": 1, "batch": 7199, "n_batches": 7774, "time": 0.882, "data_time": 0.0, "lr": 0.001, "loss": -11.185, "recon_loss": -12.641, "kld_loss": 7.276, "kld_weight": 0.2}
{"message": "", "levelname": "INFO", "name": "Trainer", "asctime": "2026-04-29 20:09:18,343", "type": "train", "epoch": 1, "batch": 7279, "n_batches": 7774, "time": 0.805, "data_time": 0.0, "lr": 0.001, "loss": -18.093, "recon_loss": -20.178, "kld_loss": 10.422, "kld_weight": 0.2}
{"message": "", "levelname": "INFO", "name": "Trainer", "asctime": "2026-04-29 20:09:25,064", "type": "train", "epoch": 1, "batch": 7359, "n_batches": 7774, "time": 0.696, "data_time": 0.0, "lr": 0.001, "loss": -15.006, "recon_loss": -17.43, "kld_loss": 12.12, "kld_weight": 0.2}
{"message": "", "levelname": "INFO", "name": "Trainer", "asctime": "2026-04-29 20:09:32,381", "type": "train", "epoch": 1, "batch": 7439, "n_batches": 7774, "time": 0.715, "data_time": 0.0, "lr": 0.001, "loss": -18.168, "recon_loss": -20.27, "kld_loss": 10.511, "kld_weight": 0.2}
{"message": "", "levelname": "INFO", "name": "Trainer", "asctime": "2026-04-29 20:09:38,299", "type": "train", "epoch": 1, "batch": 7519, "n_batches": 7774, "time": 0.584, "data_time": 0.0, "lr": 0.001, "loss": -14.377, "recon_loss": -16.219, "kld_loss": 9.214, "kld_weight": 0.2}
{"message": "", "levelname": "INFO", "name": "Trainer", "asctime": "2026-04-29 20:09:44,918", "type": "train", "epoch": 1, "batch": 7599, "n_batches": 7774, "time": 0.667, "data_time": 0.0, "lr": 0.001, "loss": -16.798, "recon_loss": -18.483, "kld_loss": 8.421, "kld_weight": 0.2}
{"message": "", "levelname": "INFO", "name": "Trainer", "asctime": "2026-04-29 20:09:51,554", "type": "train", "epoch": 1, "batch": 7679, "n_batches": 7774, "time": 0.79, "data_time": 0.0, "lr": 0.001, "loss": -14.307, "recon_loss": -16.754, "kld_loss": 12.235, "kld_weight": 0.2}
{"message": "", "levelname": "INFO", "name": "Trainer", "asctime": "2026-04-29 20:09:58,489", "type": "train", "epoch": 1, "batch": 7759, "n_batches": 7774, "time": 0.697, "data_time": 0.0, "lr": 0.001, "loss": -10.871, "recon_loss": -13.534, "kld_loss": 13.318, "kld_weight": 0.2}
{"message": "", "levelname": "INFO", "name": "Trainer", "asctime": "2026-04-29 20:09:59,861", "type": "train-epoch", "epoch": 2, "loss": -1.86498, "recon_loss": -2.13414, "kld_loss": 1.3458, "kld_weight": 0.2, "time": 629.2}
{"message": "", "levelname": "INFO", "name": "Trainer", "asctime": "2026-04-29 20:11:52,714", "type": "val-epoch", "epoch": 2, "loss": -2.021, "test_loss": -1.016, "recon_loss": -2.287, "kld_loss": 1.331, "kld_weight": 0.2, "note": "loss is teacher-forced CVAE objective; test_loss is prior-only reconstruction", "time": 112.9}
{"message": "", "levelname": "INFO", "name": "Trainer", "asctime": "2026-04-29 20:11:59,231", "type": "train", "epoch": 2, "batch": 79, "n_batches": 7774, "time": 0.626, "data_time": 0.0, "lr": 0.001, "loss": -14.318, "recon_loss": -16.517, "kld_loss": 7.331, "kld_weight": 0.3}
{"message": "", "levelname": "INFO", "name": "Trainer", "asctime": "2026-04-29 20:12:05,694", "type": "train", "epoch": 2, "batch": 159, "n_batches": 7774, "time": 0.717, "data_time": 0.0, "lr": 0.001, "loss": -16.382, "recon_loss": -18.562, "kld_loss": 7.27, "kld_weight": 0.3}
{"message": "", "levelname": "INFO", "name": "Trainer", "asctime": "2026-04-29 20:12:12,304", "type": "train", "epoch": 2, "batch": 239, "n_batches": 7774, "time": 0.716, "data_time": 0.0, "lr": 0.001, "loss": -16.187, "recon_loss": -18.584, "kld_loss": 7.99, "kld_weight": 0.3}
{"message": "", "levelname": "INFO", "name": "Trainer", "asctime": "2026-04-29 20:12:18,194", "type": "train", "epoch": 2, "batch": 319, "n_batches": 7774, "time": 0.618, "data_time": 0.0, "lr": 0.001, "loss": -11.939, "recon_loss": -16.215, "kld_loss": 14.253, "kld_weight": 0.3}
{"message": "", "levelname": "INFO", "name": "Trainer", "asctime": "2026-04-29 20:12:24,653", "type": "train", "epoch": 2, "batch": 399, "n_batches": 7774, "time": 0.467, "data_time": 0.0, "lr": 0.001, "loss": -15.805, "recon_loss": -18.749, "kld_loss": 9.811, "kld_weight": 0.3}
{"message": "", "levelname": "INFO", "name": "Trainer", "asctime": "2026-04-29 20:12:31,379", "type": "train", "epoch": 2, "batch": 479, "n_batches": 7774, "time": 0.594, "data_time": 0.0, "lr": 0.001, "loss": -13.904, "recon_loss": -17.425, "kld_loss": 11.735, "kld_weight": 0.3}
{"message": "", "levelname": "INFO", "name": "Trainer", "asctime": "2026-04-29 20:12:38,219", "type": "train", "epoch": 2, "batch": 559, "n_batches": 7774, "time": 0.684, "data_time": 0.0, "lr": 0.001, "loss": -13.03, "recon_loss": -15.68, "kld_loss": 8.832, "kld_weight": 0.3}
{"message": "", "levelname": "INFO", "name": "Trainer", "asctime": "2026-04-29 20:12:45,203", "type": "train", "epoch": 2, "batch": 639, "n_batches": 7774, "time": 0.595, "data_time": 0.0, "lr": 0.001, "loss": -6.227, "recon_loss": -11.27, "kld_loss": 16.81, "kld_weight": 0.3}
{"message": "", "levelname": "INFO", "name": "Trainer", "asctime": "2026-04-29 20:12:52,012", "type": "train", "epoch": 2, "batch": 719, "n_batches": 7774, "time": 0.573, "data_time": 0.0, "lr": 0.001, "loss": -15.778, "recon_loss": -17.805, "kld_loss": 6.754, "kld_weight": 0.3}
{"message": "", "levelname": "INFO", "name": "Trainer", "asctime": "2026-04-29 20:12:58,620", "type": "train", "epoch": 2, "batch": 799, "n_batches": 7774, "time": 0.645, "data_time": 0.0, "lr": 0.001, "loss": -19.15, "recon_loss": -21.166, "kld_loss": 6.72, "kld_weight": 0.3}
{"message": "", "levelname": "INFO", "name": "Trainer", "asctime": "2026-04-29 20:13:05,205", "type": "train", "epoch": 2, "batch": 879, "n_batches": 7774, "time": 0.557, "data_time": 0.0, "lr": 0.001, "loss": -13.308, "recon_loss": -15.25, "kld_loss": 6.473, "kld_weight": 0.3}
{"message": "", "levelname": "INFO", "name": "Trainer", "asctime": "2026-04-29 20:13:11,486", "type": "train", "epoch": 2, "batch": 959, "n_batches": 7774, "time": 0.632, "data_time": 0.0, "lr": 0.001, "loss": -9.175, "recon_loss": -11.301, "kld_loss": 7.088, "kld_weight": 0.3}
{"message": "", "levelname": "INFO", "name": "Trainer", "asctime": "2026-04-29 20:13:17,986", "type": "train", "epoch": 2, "batch": 1039, "n_batches": 7774, "time": 0.745, "data_time": 0.0, "lr": 0.001, "loss": -13.965, "recon_loss": -17.284, "kld_loss": 11.066, "kld_weight": 0.3}
{"message": "", "levelname": "INFO", "name": "Trainer", "asctime": "2026-04-29 20:13:24,128", "type": "train", "epoch": 2, "batch": 1119, "n_batches": 7774, "time": 0.424, "data_time": 0.0, "lr": 0.001, "loss": -13.973, "recon_loss": -16.381, "kld_loss": 8.028, "kld_weight": 0.3}
{"message": "", "levelname": "INFO", "name": "Trainer", "asctime": "2026-04-29 20:13:30,707", "type": "train", "epoch": 2, "batch": 1199, "n_batches": 7774, "time": 0.63, "data_time": 0.0, "lr": 0.001, "loss": -15.127, "recon_loss": -19.301, "kld_loss": 13.914, "kld_weight": 0.3}
{"message": "", "levelname": "INFO", "name": "Trainer", "asctime": "2026-04-29 20:13:37,681", "type": "train", "epoch": 2, "batch": 1279, "n_batches": 7774, "time": 0.673, "data_time": 0.0, "lr": 0.001, "loss": -11.296, "recon_loss": -13.587, "kld_loss": 7.635, "kld_weight": 0.3}
{"message": "", "levelname": "INFO", "name": "Trainer", "asctime": "2026-04-29 20:13:44,883", "type": "train", "epoch": 2, "batch": 1359, "n_batches": 7774, "time": 0.828, "data_time": 0.0, "lr": 0.001, "loss": -13.911, "recon_loss": -16.666, "kld_loss": 9.184, "kld_weight": 0.3}
{"message": "", "levelname": "INFO", "name": "Trainer", "asctime": "2026-04-29 20:13:50,993", "type": "train", "epoch": 2, "batch": 1439, "n_batches": 7774, "time": 0.686, "data_time": 0.0, "lr": 0.001, "loss": -11.527, "recon_loss": -14.983, "kld_loss": 11.521, "kld_weight": 0.3}
{"message": "", "levelname": "INFO", "name": "Trainer", "asctime": "2026-04-29 20:13:57,586", "type": "train", "epoch": 2, "batch": 1519, "n_batches": 7774, "time": 0.721, "data_time": 0.0, "lr": 0.001, "loss": -11.292, "recon_loss": -14.171, "kld_loss": 9.597, "kld_weight": 0.3}
{"message": "", "levelname": "INFO", "name": "Trainer", "asctime": "2026-04-29 20:14:03,592", "type": "train", "epoch": 2, "batch": 1599, "n_batches": 7774, "time": 0.591, "data_time": 0.0, "lr": 0.001, "loss": -14.601, "recon_loss": -16.694, "kld_loss": 6.977, "kld_weight": 0.3}
{"message": "", "levelname": "INFO", "name": "Trainer", "asctime": "2026-04-29 20:14:10,008", "type": "train", "epoch": 2, "batch": 1679, "n_batches": 7774, "time": 0.664, "data_time": 0.0, "lr": 0.001, "loss": -9.853, "recon_loss": -12.217, "kld_loss": 7.881, "kld_weight": 0.3}
{"message": "", "levelname": "INFO", "name": "Trainer", "asctime": "2026-04-29 20:14:16,717", "type": "train", "epoch": 2, "batch": 1759, "n_batches": 7774, "time": 0.568, "data_time": 0.0, "lr": 0.001, "loss": -14.515, "recon_loss": -17.231, "kld_loss": 9.055, "kld_weight": 0.3}
{"message": "", "levelname": "INFO", "name": "Trainer", "asctime": "2026-04-29 20:14:24,029", "type": "train", "epoch": 2, "batch": 1839, "n_batches": 7774, "time": 0.589, "data_time": 0.0, "lr": 0.001, "loss": -13.228, "recon_loss": -15.752, "kld_loss": 8.411, "kld_weight": 0.3}
{"message": "", "levelname": "INFO", "name": "Trainer", "asctime": "2026-04-29 20:14:30,371", "type": "train", "epoch": 2, "batch": 1919, "n_batches": 7774, "time": 0.646, "data_time": 0.0, "lr": 0.001, "loss": -17.724, "recon_loss": -19.405, "kld_loss": 5.6, "kld_weight": 0.3}
{"message": "", "levelname": "INFO", "name": "Trainer", "asctime": "2026-04-29 20:14:36,728", "type": "train", "epoch": 2, "batch": 1999, "n_batches": 7774, "time": 0.67, "data_time": 0.0, "lr": 0.001, "loss": -11.934, "recon_loss": -14.622, "kld_loss": 8.959, "kld_weight": 0.3}
{"message": "", "levelname": "INFO", "name": "Trainer", "asctime": "2026-04-29 20:14:43,514", "type": "train", "epoch": 2, "batch": 2079, "n_batches": 7774, "time": 0.641, "data_time": 0.0, "lr": 0.001, "loss": -18.365, "recon_loss": -20.793, "kld_loss": 8.094, "kld_weight": 0.3}
{"message": "", "levelname": "INFO", "name": "Trainer", "asctime": "2026-04-29 20:14:50,034", "type": "train", "epoch": 2, "batch": 2159, "n_batches": 7774, "time": 0.636, "data_time": 0.0, "lr": 0.001, "loss": -16.602, "recon_loss": -19.076, "kld_loss": 8.246, "kld_weight": 0.3}
{"message": "", "levelname": "INFO", "name": "Trainer", "asctime": "2026-04-29 20:14:57,257", "type": "train", "epoch": 2, "batch": 2239, "n_batches": 7774, "time": 0.726, "data_time": 0.0, "lr": 0.001, "loss": -9.893, "recon_loss": -12.813, "kld_loss": 9.733, "kld_weight": 0.3}
{"message": "", "levelname": "INFO", "name": "Trainer", "asctime": "2026-04-29 20:15:03,984", "type": "train", "epoch": 2, "batch": 2319, "n_batches": 7774, "time": 0.696, "data_time": 0.0, "lr": 0.001, "loss": -7.942, "recon_loss": -12.565, "kld_loss": 15.412, "kld_weight": 0.3}
{"message": "", "levelname": "INFO", "name": "Trainer", "asctime": "2026-04-29 20:15:10,143", "type": "train", "epoch": 2, "batch": 2399, "n_batches": 7774, "time": 0.794, "data_time": 0.0, "lr": 0.001, "loss": -13.682, "recon_loss": -16.144, "kld_loss": 8.209, "kld_weight": 0.3}
{"message": "", "levelname": "INFO", "name": "Trainer", "asctime": "2026-04-29 20:15:16,698", "type": "train", "epoch": 2, "batch": 2479, "n_batches": 7774, "time": 0.684, "data_time": 0.0, "lr": 0.001, "loss": -17.42, "recon_loss": -20.229, "kld_loss": 9.365, "kld_weight": 0.3}
{"message": "", "levelname": "INFO", "name": "Trainer", "asctime": "2026-04-29 20:15:22,771", "type": "train", "epoch": 2, "batch": 2559, "n_batches": 7774, "time": 0.613, "data_time": 0.0, "lr": 0.001, "loss": -10.197, "recon_loss": -13.088, "kld_loss": 9.636, "kld_weight": 0.3}
{"message": "", "levelname": "INFO", "name": "Trainer", "asctime": "2026-04-29 20:15:29,184", "type": "train", "epoch": 2, "batch": 2639, "n_batches": 7774, "time": 0.546, "data_time": 0.0, "lr": 0.001, "loss": -13.932, "recon_loss": -16.002, "kld_loss": 6.899, "kld_weight": 0.3}
{"message": "", "levelname": "INFO", "name": "Trainer", "asctime": "2026-04-29 20:15:35,154", "type": "train", "epoch": 2, "batch": 2719, "n_batches": 7774, "time": 0.641, "data_time": 0.0, "lr": 0.001, "loss": -18.64, "recon_loss": -20.742, "kld_loss": 7.005, "kld_weight": 0.3}
{"message": "", "levelname": "INFO", "name": "Trainer", "asctime": "2026-04-29 20:15:41,661", "type": "train", "epoch": 2, "batch": 2799, "n_batches": 7774, "time": 0.858, "data_time": 0.0, "lr": 0.001, "loss": -15.705, "recon_loss": -18.078, "kld_loss": 7.91, "kld_weight": 0.3}
{"message": "", "levelname": "INFO", "name": "Trainer", "asctime": "2026-04-29 20:15:48,735", "type": "train", "epoch": 2, "batch": 2879, "n_batches": 7774, "time": 0.675, "data_time": 0.0, "lr": 0.001, "loss": -15.32, "recon_loss": -17.488, "kld_loss": 7.224, "kld_weight": 0.3}
{"message": "", "levelname": "INFO", "name": "Trainer", "asctime": "2026-04-29 20:15:55,639", "type": "train", "epoch": 2, "batch": 2959, "n_batches": 7774, "time": 0.785, "data_time": 0.0, "lr": 0.001, "loss": -12.265, "recon_loss": -14.596, "kld_loss": 7.77, "kld_weight": 0.3}
{"message": "", "levelname": "INFO", "name": "Trainer", "asctime": "2026-04-29 20:16:02,109", "type": "train", "epoch": 2, "batch": 3039, "n_batches": 7774, "time": 0.618, "data_time": 0.0, "lr": 0.001, "loss": -13.958, "recon_loss": -16.967, "kld_loss": 10.03, "kld_weight": 0.3}
{"message": "", "levelname": "INFO", "name": "Trainer", "asctime": "2026-04-29 20:16:08,279", "type": "train", "epoch": 2, "batch": 3119, "n_batches": 7774, "time": 0.526, "data_time": 0.0, "lr": 0.001, "loss": -11.999, "recon_loss": -14.875, "kld_loss": 9.585, "kld_weight": 0.3}
{"message": "", "levelname": "INFO", "name": "Trainer", "asctime": "2026-04-29 20:16:15,124", "type": "train", "epoch": 2, "batch": 3199, "n_batches": 7774, "time": 0.804, "data_time": 0.0, "lr": 0.001, "loss": -12.039, "recon_loss": -15.73, "kld_loss": 12.303, "kld_weight": 0.3}
{"message": "", "levelname": "INFO", "name": "Trainer", "asctime": "2026-04-29 20:16:21,389", "type": "train", "epoch": 2, "batch": 3279, "n_batches": 7774, "time": 0.694, "data_time": 0.0, "lr": 0.001, "loss": -14.184, "recon_loss": -16.59, "kld_loss": 8.018, "kld_weight": 0.3}
{"message": "", "levelname": "INFO", "name": "Trainer", "asctime": "2026-04-29 20:16:27,749", "type": "train", "epoch": 2, "batch": 3359, "n_batches": 7774, "time": 0.584, "data_time": 0.0, "lr": 0.001, "loss": -13.258, "recon_loss": -16.528, "kld_loss": 10.902, "kld_weight": 0.3}
{"message": "", "levelname": "INFO", "name": "Trainer", "asctime": "2026-04-29 20:16:34,272", "type": "train", "epoch": 2, "batch": 3439, "n_batches": 7774, "time": 0.616, "data_time": 0.0, "lr": 0.001, "loss": -10.315, "recon_loss": -12.679, "kld_loss": 7.879, "kld_weight": 0.3}
{"message": "", "levelname": "INFO", "name": "Trainer", "asctime": "2026-04-29 20:16:40,914", "type": "train", "epoch": 2, "batch": 3519, "n_batches": 7774, "time": 0.682, "data_time": 0.0, "lr": 0.001, "loss": -14.467, "recon_loss": -16.229, "kld_loss": 5.873, "kld_weight": 0.3}
{"message": "", "levelname": "INFO", "name": "Trainer", "asctime": "2026-04-29 20:16:47,677", "type": "train", "epoch": 2, "batch": 3599, "n_batches": 7774, "time": 0.779, "data_time": 0.0, "lr": 0.001, "loss": -16.62, "recon_loss": -18.359, "kld_loss": 5.797, "kld_weight": 0.3}
{"message": "", "levelname": "INFO", "name": "Trainer", "asctime": "2026-04-29 20:16:53,959", "type": "train", "epoch": 2, "batch": 3679, "n_batches": 7774, "time": 0.541, "data_time": 0.0, "lr": 0.001, "loss": -12.318, "recon_loss": -14.99, "kld_loss": 8.906, "kld_weight": 0.3}
{"message": "", "levelname": "INFO", "name": "Trainer", "asctime": "2026-04-29 20:17:00,687", "type": "train", "epoch": 2, "batch": 3759, "n_batches": 7774, "time": 0.595, "data_time": 0.0, "lr": 0.001, "loss": -14.664, "recon_loss": -17.417, "kld_loss": 9.177, "kld_weight": 0.3}
{"message": "", "levelname": "INFO", "name": "Trainer", "asctime": "2026-04-29 20:17:07,307", "type": "train", "epoch": 2, "batch": 3839, "n_batches": 7774, "time": 0.5, "data_time": 0.0, "lr": 0.001, "loss": -13.33, "recon_loss": -15.989, "kld_loss": 8.865, "kld_weight": 0.3}
{"message": "", "levelname": "INFO", "name": "Trainer", "asctime": "2026-04-29 20:17:13,426", "type": "train", "epoch": 2, "batch": 3919, "n_batches": 7774, "time": 0.508, "data_time": 0.0, "lr": 0.001, "loss": -16.088, "recon_loss": -19.667, "kld_loss": 11.931, "kld_weight": 0.3}
{"message": "", "levelname": "INFO", "name": "Trainer", "asctime": "2026-04-29 20:17:19,706", "type": "train", "epoch": 2, "batch": 3999, "n_batches": 7774, "time": 0.492, "data_time": 0.0, "lr": 0.001, "loss": -13.508, "recon_loss": -16.003, "kld_loss": 8.316, "kld_weight": 0.3}
{"message": "", "levelname": "INFO", "name": "Trainer", "asctime": "2026-04-29 20:17:26,698", "type": "train", "epoch": 2, "batch": 4079, "n_batches": 7774, "time": 0.698, "data_time": 0.0, "lr": 0.001, "loss": -12.446, "recon_loss": -15.67, "kld_loss": 10.747, "kld_weight": 0.3}
{"message": "", "levelname": "INFO", "name": "Trainer", "asctime": "2026-04-29 20:17:33,556", "type": "train", "epoch": 2, "batch": 4159, "n_batches": 7774, "time": 0.637, "data_time": 0.0, "lr": 0.001, "loss": -11.586, "recon_loss": -13.811, "kld_loss": 7.419, "kld_weight": 0.3}
{"message": "", "levelname": "INFO", "name": "Trainer", "asctime": "2026-04-29 20:17:39,668", "type": "train", "epoch": 2, "batch": 4239, "n_batches": 7774, "time": 0.567, "data_time": 0.0, "lr": 0.001, "loss": -7.926, "recon_loss": -10.955, "kld_loss": 10.097, "kld_weight": 0.3}
{"message": "", "levelname": "INFO", "name": "Trainer", "asctime": "2026-04-29 20:17:46,249", "type": "train", "epoch": 2, "batch": 4319, "n_batches": 7774, "time": 0.585, "data_time": 0.0, "lr": 0.001, "loss": -11.509, "recon_loss": -15.328, "kld_loss": 12.731, "kld_weight": 0.3}
{"message": "", "levelname": "INFO", "name": "Trainer", "asctime": "2026-04-29 20:17:52,675", "type": "train", "epoch": 2, "batch": 4399, "n_batches": 7774, "time": 0.596, "data_time": 0.0, "lr": 0.001, "loss": -11.241, "recon_loss": -14.338, "kld_loss": 10.322, "kld_weight": 0.3}
{"message": "", "levelname": "INFO", "name": "Trainer", "asctime": "2026-04-29 20:17:58,775", "type": "train", "epoch": 2, "batch": 4479, "n_batches": 7774, "time": 0.6, "data_time": 0.0, "lr": 0.001, "loss": -17.837, "recon_loss": -19.907, "kld_loss": 6.899, "kld_weight": 0.3}
{"message": "", "levelname": "INFO", "name": "Trainer", "asctime": "2026-04-29 20:18:05,297", "type": "train", "epoch": 2, "batch": 4559, "n_batches": 7774, "time": 0.781, "data_time": 0.0, "lr": 0.001, "loss": -20.582, "recon_loss": -22.46, "kld_loss": 6.261, "kld_weight": 0.3}
{"message": "", "levelname": "INFO", "name": "Trainer", "asctime": "2026-04-29 20:18:11,998", "type": "train", "epoch": 2, "batch": 4639, "n_batches": 7774, "time": 0.52, "data_time": 0.0, "lr": 0.001, "loss": -10.681, "recon_loss": -13.308, "kld_loss": 8.757, "kld_weight": 0.3}
{"message": "", "levelname": "INFO", "name": "Trainer", "asctime": "2026-04-29 20:18:18,846", "type": "train", "epoch": 2, "batch": 4719, "n_batches": 7774, "time": 0.646, "data_time": 0.0, "lr": 0.001, "loss": -17.506, "recon_loss": -19.278, "kld_loss": 5.904, "kld_weight": 0.3}
{"message": "", "levelname": "INFO", "name": "Trainer", "asctime": "2026-04-29 20:18:25,560", "type": "train", "epoch": 2, "batch": 4799, "n_batches": 7774, "time": 0.603, "data_time": 0.0, "lr": 0.001, "loss": -16.131, "recon_loss": -18.029, "kld_loss": 6.326, "kld_weight": 0.3}
{"message": "", "levelname": "INFO", "name": "Trainer", "asctime": "2026-04-29 20:18:31,903", "type": "train", "epoch": 2, "batch": 4879, "n_batches": 7774, "time": 0.619, "data_time": 0.0, "lr": 0.001, "loss": -18.911, "recon_loss": -21.213, "kld_loss": 7.673, "kld_weight": 0.3}
{"message": "", "levelname": "INFO", "name": "Trainer", "asctime": "2026-04-29 20:18:38,286", "type": "train", "epoch": 2, "batch": 4959, "n_batches": 7774, "time": 0.564, "data_time": 0.0, "lr": 0.001, "loss": -14.68, "recon_loss": -16.713, "kld_loss": 6.775, "kld_weight": 0.3}
{"message": "", "levelname": "INFO", "name": "Trainer", "asctime": "2026-04-29 20:18:44,534", "type": "train", "epoch": 2, "batch": 5039, "n_batches": 7774, "time": 0.524, "data_time": 0.0, "lr": 0.001, "loss": -16.491, "recon_loss": -19.212, "kld_loss": 9.071, "kld_weight": 0.3}
{"message": "", "levelname": "INFO", "name": "Trainer", "asctime": "2026-04-29 20:18:51,428", "type": "train", "epoch": 2, "batch": 5119, "n_batches": 7774, "time": 0.664, "data_time": 0.0, "lr": 0.001, "loss": -16.901, "recon_loss": -20.053, "kld_loss": 10.507, "kld_weight": 0.3}
{"message": "", "levelname": "INFO", "name": "Trainer", "asctime": "2026-04-29 20:18:57,805", "type": "train", "epoch": 2, "batch": 5199, "n_batches": 7774, "time": 0.481, "data_time": 0.0, "lr": 0.001, "loss": -15.469, "recon_loss": -18.034, "kld_loss": 8.55, "kld_weight": 0.3}
{"message": "", "levelname": "INFO", "name": "Trainer", "asctime": "2026-04-29 20:19:03,968", "type": "train", "epoch": 2, "batch": 5279, "n_batches": 7774, "time": 0.644, "data_time": 0.0, "lr": 0.001, "loss": -17.022, "recon_loss": -19.374, "kld_loss": 7.842, "kld_weight": 0.3}
{"message": "", "levelname": "INFO", "name": "Trainer", "asctime": "2026-04-29 20:19:10,690", "type": "train", "epoch": 2, "batch": 5359, "n_batches": 7774, "time": 0.545, "data_time": 0.0, "lr": 0.001, "loss": -16.597, "recon_loss": -20.226, "kld_loss": 12.096, "kld_weight": 0.3}
{"message": "", "levelname": "INFO", "name": "Trainer", "asctime": "2026-04-29 20:19:17,148", "type": "train", "epoch": 2, "batch": 5439, "n_batches": 7774, "time": 0.705, "data_time": 0.0, "lr": 0.001, "loss": -12.433, "recon_loss": -15.482, "kld_loss": 10.164, "kld_weight": 0.3}
{"message": "", "levelname": "INFO", "name": "Trainer", "asctime": "2026-04-29 20:19:24,252", "type": "train", "epoch": 2, "batch": 5519, "n_batches": 7774, "time": 0.792, "data_time": 0.0, "lr": 0.001, "loss": -17.195, "recon_loss": -19.522, "kld_loss": 7.758, "kld_weight": 0.3}
{"message": "", "levelname": "INFO", "name": "Trainer", "asctime": "2026-04-29 20:19:30,540", "type": "train", "epoch": 2, "batch": 5599, "n_batches": 7774, "time": 0.622, "data_time": 0.0, "lr": 0.001, "loss": -14.98, "recon_loss": -17.875, "kld_loss": 9.65, "kld_weight": 0.3}
{"message": "", "levelname": "INFO", "name": "Trainer", "asctime": "2026-04-29 20:19:36,798", "type": "train", "epoch": 2, "batch": 5679, "n_batches": 7774, "time": 0.515, "data_time": 0.0, "lr": 0.001, "loss": -14.412, "recon_loss": -17.225, "kld_loss": 9.377, "kld_weight": 0.3}
{"message": "", "levelname": "INFO", "name": "Trainer", "asctime": "2026-04-29 20:19:42,752", "type": "train", "epoch": 2, "batch": 5759, "n_batches": 7774, "time": 0.703, "data_time": 0.0, "lr": 0.001, "loss": -17.57, "recon_loss": -20.0, "kld_loss": 8.101, "kld_weight": 0.3}
{"message": "", "levelname": "INFO", "name": "Trainer", "asctime": "2026-04-29 20:19:49,170", "type": "train", "epoch": 2, "batch": 5839, "n_batches": 7774, "time": 0.577, "data_time": 0.0, "lr": 0.001, "loss": -14.439, "recon_loss": -17.186, "kld_loss": 9.156, "kld_weight": 0.3}
{"message": "", "levelname": "INFO", "name": "Trainer", "asctime": "2026-04-29 20:19:55,760", "type": "train", "epoch": 2, "batch": 5919, "n_batches": 7774, "time": 0.408, "data_time": 0.0, "lr": 0.001, "loss": -15.546, "recon_loss": -17.82, "kld_loss": 7.581, "kld_weight": 0.3}
{"message": "", "levelname": "INFO", "name": "Trainer", "asctime": "2026-04-29 20:20:02,979", "type": "train", "epoch": 2, "batch": 5999, "n_batches": 7774, "time": 0.804, "data_time": 0.0, "lr": 0.001, "loss": -14.294, "recon_loss": -16.94, "kld_loss": 8.819, "kld_weight": 0.3}
{"message": "", "levelname": "INFO", "name": "Trainer", "asctime": "2026-04-29 20:20:09,542", "type": "train", "epoch": 2, "batch": 6079, "n_batches": 7774, "time": 0.722, "data_time": 0.0, "lr": 0.001, "loss": -19.526, "recon_loss": -22.126, "kld_loss": 8.667, "kld_weight": 0.3}
{"message": "", "levelname": "INFO", "name": "Trainer", "asctime": "2026-04-29 20:20:16,387", "type": "train", "epoch": 2, "batch": 6159, "n_batches": 7774, "time": 0.693, "data_time": 0.0, "lr": 0.001, "loss": -13.455, "recon_loss": -15.938, "kld_loss": 8.278, "kld_weight": 0.3}
{"message": "", "levelname": "INFO", "name": "Trainer", "asctime": "2026-04-29 20:20:22,718", "type": "train", "epoch": 2, "batch": 6239, "n_batches": 7774, "time": 0.573, "data_time": 0.0, "lr": 0.001, "loss": -15.673, "recon_loss": -18.419, "kld_loss": 9.153, "kld_weight": 0.3}
{"message": "", "levelname": "INFO", "name": "Trainer", "asctime": "2026-04-29 20:20:29,556", "type": "train", "epoch": 2, "batch": 6319, "n_batches": 7774, "time": 0.717, "data_time": 0.0, "lr": 0.001, "loss": -10.97, "recon_loss": -14.575, "kld_loss": 12.017, "kld_weight": 0.3}
{"message": "", "levelname": "INFO", "name": "Trainer", "asctime": "2026-04-29 20:20:35,777", "type": "train", "epoch": 2, "batch": 6399, "n_batches": 7774, "time": 0.691, "data_time": 0.0, "lr": 0.001, "loss": -7.754, "recon_loss": -9.778, "kld_loss": 6.747, "kld_weight": 0.3}
{"message": "", "levelname": "INFO", "name": "Trainer", "asctime": "2026-04-29 20:20:41,844", "type": "train", "epoch": 2, "batch": 6479, "n_batches": 7774, "time": 0.676, "data_time": 0.0, "lr": 0.001, "loss": -16.389, "recon_loss": -18.371, "kld_loss": 6.606, "kld_weight": 0.3}
{"message": "", "levelname": "INFO", "name": "Trainer", "asctime": "2026-04-29 20:20:48,041", "type": "train", "epoch": 2, "batch": 6559, "n_batches": 7774, "time": 0.507, "data_time": 0.0, "lr": 0.001, "loss": -12.931, "recon_loss": -14.919, "kld_loss": 6.625, "kld_weight": 0.3}
{"message": "", "levelname": "INFO", "name": "Trainer", "asctime": "2026-04-29 20:20:54,721", "type": "train", "epoch": 2, "batch": 6639, "n_batches": 7774, "time": 0.541, "data_time": 0.0, "lr": 0.001, "loss": -17.038, "recon_loss": -19.306, "kld_loss": 7.56, "kld_weight": 0.3}
{"message": "", "levelname": "INFO", "name": "Trainer", "asctime": "2026-04-29 20:21:01,012", "type": "train", "epoch": 2, "batch": 6719, "n_batches": 7774, "time": 0.558, "data_time": 0.0, "lr": 0.001, "loss": -17.175, "recon_loss": -19.479, "kld_loss": 7.681, "kld_weight": 0.3}
{"message": "", "levelname": "INFO", "name": "Trainer", "asctime": "2026-04-29 20:21:07,684", "type": "train", "epoch": 2, "batch": 6799, "n_batches": 7774, "time": 0.802, "data_time": 0.0, "lr": 0.001, "loss": -14.989, "recon_loss": -17.043, "kld_loss": 6.846, "kld_weight": 0.3}
{"message": "", "levelname": "INFO", "name": "Trainer", "asctime": "2026-04-29 20:21:14,446", "type": "train", "epoch": 2, "batch": 6879, "n_batches": 7774, "time": 0.782, "data_time": 0.0, "lr": 0.001, "loss": -17.543, "recon_loss": -19.662, "kld_loss": 7.062, "kld_weight": 0.3}
{"message": "", "levelname": "INFO", "name": "Trainer", "asctime": "2026-04-29 20:21:21,084", "type": "train", "epoch": 2, "batch": 6959, "n_batches": 7774, "time": 0.745, "data_time": 0.0, "lr": 0.001, "loss": -15.712, "recon_loss": -18.506, "kld_loss": 9.314, "kld_weight": 0.3}
{"message": "", "levelname": "INFO", "name": "Trainer", "asctime": "2026-04-29 20:21:27,865", "type": "train", "epoch": 2, "batch": 7039, "n_batches": 7774, "time": 0.677, "data_time": 0.0, "lr": 0.001, "loss": -13.443, "recon_loss": -15.814, "kld_loss": 7.904, "kld_weight": 0.3}
{"message": "", "levelname": "INFO", "name": "Trainer", "asctime": "2026-04-29 20:21:34,935", "type": "train", "epoch": 2, "batch": 7119, "n_batches": 7774, "time": 0.785, "data_time": 0.0, "lr": 0.001, "loss": -13.28, "recon_loss": -17.393, "kld_loss": 13.709, "kld_weight": 0.3}
{"message": "", "levelname": "INFO", "name": "Trainer", "asctime": "2026-04-29 20:21:40,856", "type": "train", "epoch": 2, "batch": 7199, "n_batches": 7774, "time": 0.626, "data_time": 0.0, "lr": 0.001, "loss": -12.881, "recon_loss": -16.009, "kld_loss": 10.427, "kld_weight": 0.3}
{"message": "", "levelname": "INFO", "name": "Trainer", "asctime": "2026-04-29 20:21:47,072", "type": "train", "epoch": 2, "batch": 7279, "n_batches": 7774, "time": 0.628, "data_time": 0.0, "lr": 0.001, "loss": -10.614, "recon_loss": -13.298, "kld_loss": 8.947, "kld_weight": 0.3}
{"message": "", "levelname": "INFO", "name": "Trainer", "asctime": "2026-04-29 20:21:53,955", "type": "train", "epoch": 2, "batch": 7359, "n_batches": 7774, "time": 0.795, "data_time": 0.0, "lr": 0.001, "loss": -8.646, "recon_loss": -11.346, "kld_loss": 9.0, "kld_weight": 0.3}
{"message": "", "levelname": "INFO", "name": "Trainer", "asctime": "2026-04-29 20:22:00,566", "type": "train", "epoch": 2, "batch": 7439, "n_batches": 7774, "time": 0.639, "data_time": 0.0, "lr": 0.001, "loss": -10.221, "recon_loss": -12.645, "kld_loss": 8.079, "kld_weight": 0.3}
{"message": "", "levelname": "INFO", "name": "Trainer", "asctime": "2026-04-29 20:22:07,004", "type": "train", "epoch": 2, "batch": 7519, "n_batches": 7774, "time": 0.702, "data_time": 0.0, "lr": 0.001, "loss": -12.626, "recon_loss": -15.198, "kld_loss": 8.574, "kld_weight": 0.3}
{"message": "", "levelname": "INFO", "name": "Trainer", "asctime": "2026-04-29 20:22:13,112", "type": "train", "epoch": 2, "batch": 7599, "n_batches": 7774, "time": 0.644, "data_time": 0.0, "lr": 0.001, "loss": -9.577, "recon_loss": -11.421, "kld_loss": 6.145, "kld_weight": 0.3}
{"message": "", "levelname": "INFO", "name": "Trainer", "asctime": "2026-04-29 20:22:19,332", "type": "train", "epoch": 2, "batch": 7679, "n_batches": 7774, "time": 0.594, "data_time": 0.0, "lr": 0.001, "loss": -15.256, "recon_loss": -17.684, "kld_loss": 8.094, "kld_weight": 0.3}
{"message": "", "levelname": "INFO", "name": "Trainer", "asctime": "2026-04-29 20:22:25,863", "type": "train", "epoch": 2, "batch": 7759, "n_batches": 7774, "time": 0.486, "data_time": 0.0, "lr": 0.001, "loss": -15.096, "recon_loss": -17.563, "kld_loss": 8.224, "kld_weight": 0.3}
{"message": "", "levelname": "INFO", "name": "Trainer", "asctime": "2026-04-29 20:22:27,039", "type": "train-epoch", "epoch": 3, "loss": -1.77966, "recon_loss": -2.12056, "kld_loss": 1.13634, "kld_weight": 0.3, "time": 634.3}
{"message": "", "levelname": "INFO", "name": "Trainer", "asctime": "2026-04-29 20:24:20,117", "type": "val-epoch", "epoch": 3, "loss": -1.91, "test_loss": -0.899, "recon_loss": -2.235, "kld_loss": 1.085, "kld_weight": 0.3, "note": "loss is teacher-forced CVAE objective; test_loss is prior-only reconstruction", "time": 113.1}
{"message": "", "levelname": "INFO", "name": "Trainer", "asctime": "2026-04-29 20:24:26,760", "type": "train", "epoch": 3, "batch": 79, "n_batches": 7774, "time": 0.675, "data_time": 0.0, "lr": 0.001, "loss": -19.2, "recon_loss": -21.781, "kld_loss": 6.453, "kld_weight": 0.4}
{"message": "", "levelname": "INFO", "name": "Trainer", "asctime": "2026-04-29 20:24:33,851", "type": "train", "epoch": 3, "batch": 159, "n_batches": 7774, "time": 0.644, "data_time": 0.0, "lr": 0.001, "loss": -11.317, "recon_loss": -14.576, "kld_loss": 8.147, "kld_weight": 0.4}
{"message": "", "levelname": "INFO", "name": "Trainer", "asctime": "2026-04-29 20:24:40,491", "type": "train", "epoch": 3, "batch": 239, "n_batches": 7774, "time": 0.701, "data_time": 0.0, "lr": 0.001, "loss": -9.829, "recon_loss": -12.834, "kld_loss": 7.513, "kld_weight": 0.4}
{"message": "", "levelname": "INFO", "name": "Trainer", "asctime": "2026-04-29 20:24:46,841", "type": "train", "epoch": 3, "batch": 319, "n_batches": 7774, "time": 0.626, "data_time": 0.0, "lr": 0.001, "loss": -12.6, "recon_loss": -15.478, "kld_loss": 7.196, "kld_weight": 0.4}
{"message": "", "levelname": "INFO", "name": "Trainer", "asctime": "2026-04-29 20:24:52,828", "type": "train", "epoch": 3, "batch": 399, "n_batches": 7774, "time": 0.682, "data_time": 0.0, "lr": 0.001, "loss": -11.936, "recon_loss": -14.676, "kld_loss": 6.849, "kld_weight": 0.4}
{"message": "", "levelname": "INFO", "name": "Trainer", "asctime": "2026-04-29 20:24:59,413", "type": "train", "epoch": 3, "batch": 479, "n_batches": 7774, "time": 0.681, "data_time": 0.0, "lr": 0.001, "loss": -14.135, "recon_loss": -17.272, "kld_loss": 7.843, "kld_weight": 0.4}
{"message": "", "levelname": "INFO", "name": "Trainer", "asctime": "2026-04-29 20:25:06,455", "type": "train", "epoch": 3, "batch": 559, "n_batches": 7774, "time": 0.822, "data_time": 0.0, "lr": 0.001, "loss": -16.87, "recon_loss": -19.154, "kld_loss": 5.711, "kld_weight": 0.4}
{"message": "", "levelname": "INFO", "name": "Trainer", "asctime": "2026-04-29 20:25:12,449", "type": "train", "epoch": 3, "batch": 639, "n_batches": 7774, "time": 0.66, "data_time": 0.0, "lr": 0.001, "loss": -17.832, "recon_loss": -20.315, "kld_loss": 6.207, "kld_weight": 0.4}
{"message": "", "levelname": "INFO", "name": "Trainer", "asctime": "2026-04-29 20:25:19,307", "type": "train", "epoch": 3, "batch": 719, "n_batches": 7774, "time": 0.55, "data_time": 0.0, "lr": 0.001, "loss": -15.294, "recon_loss": -18.319, "kld_loss": 7.561, "kld_weight": 0.4}
{"message": "", "levelname": "INFO", "name": "Trainer", "asctime": "2026-04-29 20:25:26,205", "type": "train", "epoch": 3, "batch": 799, "n_batches": 7774, "time": 0.64, "data_time": 0.0, "lr": 0.001, "loss": -15.478, "recon_loss": -18.056, "kld_loss": 6.446, "kld_weight": 0.4}
{"message": "", "levelname": "INFO", "name": "Trainer", "asctime": "2026-04-29 20:25:33,054", "type": "train", "epoch": 3, "batch": 879, "n_batches": 7774, "time": 0.65, "data_time": 0.0, "lr": 0.001, "loss": -9.318, "recon_loss": -13.955, "kld_loss": 11.592, "kld_weight": 0.4}
{"message": "", "levelname": "INFO", "name": "Trainer", "asctime": "2026-04-29 20:25:38,950", "type": "train", "epoch": 3, "batch": 959, "n_batches": 7774, "time": 0.689, "data_time": 0.0, "lr": 0.001, "loss": -15.206, "recon_loss": -17.629, "kld_loss": 6.056, "kld_weight": 0.4}
{"message": "", "levelname": "INFO", "name": "Trainer", "asctime": "2026-04-29 20:25:45,503", "type": "train", "epoch": 3, "batch": 1039, "n_batches": 7774, "time": 0.663, "data_time": 0.0, "lr": 0.001, "loss": -9.628, "recon_loss": -12.44, "kld_loss": 7.03, "kld_weight": 0.4}
{"message": "", "levelname": "INFO", "name": "Trainer", "asctime": "2026-04-29 20:25:51,617", "type": "train", "epoch": 3, "batch": 1119, "n_batches": 7774, "time": 0.641, "data_time": 0.0, "lr": 0.001, "loss": -10.158, "recon_loss": -14.426, "kld_loss": 10.671, "kld_weight": 0.4}
{"message": "", "levelname": "INFO", "name": "Trainer", "asctime": "2026-04-29 20:25:57,830", "type": "train", "epoch": 3, "batch": 1199, "n_batches": 7774, "time": 0.517, "data_time": 0.0, "lr": 0.001, "loss": -11.758, "recon_loss": -15.856, "kld_loss": 10.246, "kld_weight": 0.4}
{"message": "", "levelname": "INFO", "name": "Trainer", "asctime": "2026-04-29 20:26:04,309", "type": "train", "epoch": 3, "batch": 1279, "n_batches": 7774, "time": 0.629, "data_time": 0.0, "lr": 0.001, "loss": -16.378, "recon_loss": -19.75, "kld_loss": 8.428, "kld_weight": 0.4}
{"message": "", "levelname": "INFO", "name": "Trainer", "asctime": "2026-04-29 20:26:10,842", "type": "train", "epoch": 3, "batch": 1359, "n_batches": 7774, "time": 0.682, "data_time": 0.0, "lr": 0.001, "loss": -13.653, "recon_loss": -17.786, "kld_loss": 10.332, "kld_weight": 0.4}
{"message": "", "levelname": "INFO", "name": "Trainer", "asctime": "2026-04-29 20:26:17,424", "type": "train", "epoch": 3, "batch": 1439, "n_batches": 7774, "time": 0.76, "data_time": 0.0, "lr": 0.001, "loss": -12.348, "recon_loss": -16.26, "kld_loss": 9.781, "kld_weight": 0.4}
{"message": "", "levelname": "INFO", "name": "Trainer", "asctime": "2026-04-29 20:26:24,354", "type": "train", "epoch": 3, "batch": 1519, "n_batches": 7774, "time": 0.649, "data_time": 0.0, "lr": 0.001, "loss": -8.154, "recon_loss": -11.269, "kld_loss": 7.788, "kld_weight": 0.4}
{"message": "", "levelname": "INFO", "name": "Trainer", "asctime": "2026-04-29 20:26:30,669", "type": "train", "epoch": 3, "batch": 1599, "n_batches": 7774, "time": 0.664, "data_time": 0.0, "lr": 0.001, "loss": -18.923, "recon_loss": -21.227, "kld_loss": 5.759, "kld_weight": 0.4}
{"message": "", "levelname": "INFO", "name": "Trainer", "asctime": "2026-04-29 20:26:37,316", "type": "train", "epoch": 3, "batch": 1679, "n_batches": 7774, "time": 0.642, "data_time": 0.0, "lr": 0.001, "loss": -10.798, "recon_loss": -12.754, "kld_loss": 4.888, "kld_weight": 0.4}
{"message": "", "levelname": "INFO", "name": "Trainer", "asctime": "2026-04-29 20:26:44,097", "type": "train", "epoch": 3, "batch": 1759, "n_batches": 7774, "time": 0.472, "data_time": 0.0, "lr": 0.001, "loss": -17.481, "recon_loss": -19.446, "kld_loss": 4.912, "kld_weight": 0.4}
{"message": "", "levelname": "INFO", "name": "Trainer", "asctime": "2026-04-29 20:26:50,183", "type": "train", "epoch": 3, "batch": 1839, "n_batches": 7774, "time": 0.662, "data_time": 0.0, "lr": 0.001, "loss": -18.598, "recon_loss": -21.574, "kld_loss": 7.44, "kld_weight": 0.4}
{"message": "", "levelname": "INFO", "name": "Trainer", "asctime": "2026-04-29 20:26:57,082", "type": "train", "epoch": 3, "batch": 1919, "n_batches": 7774, "time": 0.839, "data_time": 0.0, "lr": 0.001, "loss": -13.45, "recon_loss": -16.102, "kld_loss": 6.63, "kld_weight": 0.4}
{"message": "", "levelname": "INFO", "name": "Trainer", "asctime": "2026-04-29 20:27:03,727", "type": "train", "epoch": 3, "batch": 1999, "n_batches": 7774, "time": 0.634, "data_time": 0.0, "lr": 0.001, "loss": -17.974, "recon_loss": -21.787, "kld_loss": 9.533, "kld_weight": 0.4}
{"message": "", "levelname": "INFO", "name": "Trainer", "asctime": "2026-04-29 20:27:10,118", "type": "train", "epoch": 3, "batch": 2079, "n_batches": 7774, "time": 0.695, "data_time": 0.0, "lr": 0.001, "loss": -14.688, "recon_loss": -18.75, "kld_loss": 10.155, "kld_weight": 0.4}
{"message": "", "levelname": "INFO", "name": "Trainer", "asctime": "2026-04-29 20:27:16,867", "type": "train", "epoch": 3, "batch": 2159, "n_batches": 7774, "time": 0.653, "data_time": 0.0, "lr": 0.001, "loss": -16.611, "recon_loss": -18.544, "kld_loss": 4.834, "kld_weight": 0.4}
{"message": "", "levelname": "INFO", "name": "Trainer", "asctime": "2026-04-29 20:27:23,098", "type": "train", "epoch": 3, "batch": 2239, "n_batches": 7774, "time": 0.7, "data_time": 0.0, "lr": 0.001, "loss": -16.629, "recon_loss": -18.965, "kld_loss": 5.841, "kld_weight": 0.4}
{"message": "", "levelname": "INFO", "name": "Trainer", "asctime": "2026-04-29 20:27:30,029", "type": "train", "epoch": 3, "batch": 2319, "n_batches": 7774, "time": 0.887, "data_time": 0.0, "lr": 0.001, "loss": -14.528, "recon_loss": -16.826, "kld_loss": 5.745, "kld_weight": 0.4}
{"message": "", "levelname": "INFO", "name": "Trainer", "asctime": "2026-04-29 20:27:36,215", "type": "train", "epoch": 3, "batch": 2399, "n_batches": 7774, "time": 0.651, "data_time": 0.0, "lr": 0.001, "loss": -15.662, "recon_loss": -18.669, "kld_loss": 7.516, "kld_weight": 0.4}
{"message": "", "levelname": "INFO", "name": "Trainer", "asctime": "2026-04-29 20:27:42,619", "type": "train", "epoch": 3, "batch": 2479, "n_batches": 7774, "time": 0.43, "data_time": 0.0, "lr": 0.001, "loss": -8.995, "recon_loss": -11.268, "kld_loss": 5.683, "kld_weight": 0.4}
{"message": "", "levelname": "INFO", "name": "Trainer", "asctime": "2026-04-29 20:27:49,660", "type": "train", "epoch": 3, "batch": 2559, "n_batches": 7774, "time": 0.507, "data_time": 0.0, "lr": 0.001, "loss": -14.479, "recon_loss": -16.961, "kld_loss": 6.205, "kld_weight": 0.4}
{"message": "", "levelname": "INFO", "name": "Trainer", "asctime": "2026-04-29 20:27:56,457", "type": "train", "epoch": 3, "batch": 2639, "n_batches": 7774, "time": 0.615, "data_time": 0.0, "lr": 0.001, "loss": -13.902, "recon_loss": -19.328, "kld_loss": 13.566, "kld_weight": 0.4}
{"message": "", "levelname": "INFO", "name": "Trainer", "asctime": "2026-04-29 20:28:02,456", "type": "train", "epoch": 3, "batch": 2719, "n_batches": 7774, "time": 0.448, "data_time": 0.0, "lr": 0.001, "loss": -15.622, "recon_loss": -19.462, "kld_loss": 9.6, "kld_weight": 0.4}
{"message": "", "levelname": "INFO", "name": "Trainer", "asctime": "2026-04-29 20:28:08,810", "type": "train", "epoch": 3, "batch": 2799, "n_batches": 7774, "time": 0.843, "data_time": 0.0, "lr": 0.001, "loss": -11.229, "recon_loss": -13.386, "kld_loss": 5.393, "kld_weight": 0.4}
{"message": "", "levelname": "INFO", "name": "Trainer", "asctime": "2026-04-29 20:28:15,073", "type": "train", "epoch": 3, "batch": 2879, "n_batches": 7774, "time": 0.564, "data_time": 0.0, "lr": 0.001, "loss": -17.087, "recon_loss": -18.959, "kld_loss": 4.68, "kld_weight": 0.4}
{"message": "", "levelname": "INFO", "name": "Trainer", "asctime": "2026-04-29 20:28:21,607", "type": "train", "epoch": 3, "batch": 2959, "n_batches": 7774, "time": 0.654, "data_time": 0.0, "lr": 0.001, "loss": -9.462, "recon_loss": -12.673, "kld_loss": 8.029, "kld_weight": 0.4}
{"message": "", "levelname": "INFO", "name": "Trainer", "asctime": "2026-04-29 20:28:27,711", "type": "train", "epoch": 3, "batch": 3039, "n_batches": 7774, "time": 0.438, "data_time": 0.0, "lr": 0.001, "loss": -12.292, "recon_loss": -15.183, "kld_loss": 7.228, "kld_weight": 0.4}
{"message": "", "levelname": "INFO", "name": "Trainer", "asctime": "2026-04-29 20:28:34,392", "type": "train", "epoch": 3, "batch": 3119, "n_batches": 7774, "time": 0.681, "data_time": 0.0, "lr": 0.001, "loss": -10.904, "recon_loss": -13.613, "kld_loss": 6.774, "kld_weight": 0.4}
{"message": "", "levelname": "INFO", "name": "Trainer", "asctime": "2026-04-29 20:28:40,925", "type": "train", "epoch": 3, "batch": 3199, "n_batches": 7774, "time": 0.602, "data_time": 0.0, "lr": 0.001, "loss": -13.537, "recon_loss": -17.476, "kld_loss": 9.847, "kld_weight": 0.4}
{"message": "", "levelname": "INFO", "name": "Trainer", "asctime": "2026-04-29 20:28:47,070", "type": "train", "epoch": 3, "batch": 3279, "n_batches": 7774, "time": 0.555, "data_time": 0.0, "lr": 0.001, "loss": -13.139, "recon_loss": -16.794, "kld_loss": 9.137, "kld_weight": 0.4}
{"message": "", "levelname": "INFO", "name": "Trainer", "asctime": "2026-04-29 20:28:53,804", "type": "train", "epoch": 3, "batch": 3359, "n_batches": 7774, "time": 0.681, "data_time": 0.0, "lr": 0.001, "loss": -18.023, "recon_loss": -20.181, "kld_loss": 5.396, "kld_weight": 0.4}
{"message": "", "levelname": "INFO", "name": "Trainer", "asctime": "2026-04-29 20:29:00,277", "type": "train", "epoch": 3, "batch": 3439, "n_batches": 7774, "time": 0.803, "data_time": 0.0, "lr": 0.001, "loss": -15.784, "recon_loss": -19.564, "kld_loss": 9.448, "kld_weight": 0.4}
{"message": "", "levelname": "INFO", "name": "Trainer", "asctime": "2026-04-29 20:29:07,128", "type": "train", "epoch": 3, "batch": 3519, "n_batches": 7774, "time": 0.614, "data_time": 0.0, "lr": 0.001, "loss": -14.275, "recon_loss": -17.541, "kld_loss": 8.166, "kld_weight": 0.4}
{"message": "", "levelname": "INFO", "name": "Trainer", "asctime": "2026-04-29 20:29:13,708", "type": "train", "epoch": 3, "batch": 3599, "n_batches": 7774, "time": 0.649, "data_time": 0.0, "lr": 0.001, "loss": -8.017, "recon_loss": -10.307, "kld_loss": 5.726, "kld_weight": 0.4}
{"message": "", "levelname": "INFO", "name": "Trainer", "asctime": "2026-04-29 20:29:20,376", "type": "train", "epoch": 3, "batch": 3679, "n_batches": 7774, "time": 0.592, "data_time": 0.0, "lr": 0.001, "loss": -16.528, "recon_loss": -20.018, "kld_loss": 8.725, "kld_weight": 0.4}
{"message": "", "levelname": "INFO", "name": "Trainer", "asctime": "2026-04-29 20:29:26,991", "type": "train", "epoch": 3, "batch": 3759, "n_batches": 7774, "time": 0.86, "data_time": 0.0, "lr": 0.001, "loss": -11.477, "recon_loss": -14.858, "kld_loss": 8.453, "kld_weight": 0.4}
{"message": "", "levelname": "INFO", "name": "Trainer", "asctime": "2026-04-29 20:29:33,166", "type": "train", "epoch": 3, "batch": 3839, "n_batches": 7774, "time": 0.635, "data_time": 0.0, "lr": 0.001, "loss": -17.902, "recon_loss": -20.527, "kld_loss": 6.562, "kld_weight": 0.4}
{"message": "", "levelname": "INFO", "name": "Trainer", "asctime": "2026-04-29 20:29:39,517", "type": "train", "epoch": 3, "batch": 3919, "n_batches": 7774, "time": 0.568, "data_time": 0.0, "lr": 0.001, "loss": -12.811, "recon_loss": -15.91, "kld_loss": 7.747, "kld_weight": 0.4}
{"message": "", "levelname": "INFO", "name": "Trainer", "asctime": "2026-04-29 20:29:45,529", "type": "train", "epoch": 3, "batch": 3999, "n_batches": 7774, "time": 0.572, "data_time": 0.0, "lr": 0.001, "loss": -6.456, "recon_loss": -10.733, "kld_loss": 10.691, "kld_weight": 0.4}
{"message": "", "levelname": "INFO", "name": "Trainer", "asctime": "2026-04-29 20:29:51,892", "type": "train", "epoch": 3, "batch": 4079, "n_batches": 7774, "time": 0.582, "data_time": 0.0, "lr": 0.001, "loss": -2.486, "recon_loss": -5.216, "kld_loss": 6.824, "kld_weight": 0.4}
{"message": "", "levelname": "INFO", "name": "Trainer", "asctime": "2026-04-29 20:29:58,093", "type": "train", "epoch": 3, "batch": 4159, "n_batches": 7774, "time": 0.458, "data_time": 0.0, "lr": 0.001, "loss": -8.606, "recon_loss": -10.799, "kld_loss": 5.485, "kld_weight": 0.4}
{"message": "", "levelname": "INFO", "name": "Trainer", "asctime": "2026-04-29 20:30:04,399", "type": "train", "epoch": 3, "batch": 4239, "n_batches": 7774, "time": 0.544, "data_time": 0.0, "lr": 0.001, "loss": -7.501, "recon_loss": -10.729, "kld_loss": 8.07, "kld_weight": 0.4}
{"message": "", "levelname": "INFO", "name": "Trainer", "asctime": "2026-04-29 20:30:10,518", "type": "train", "epoch": 3, "batch": 4319, "n_batches": 7774, "time": 0.577, "data_time": 0.0, "lr": 0.001, "loss": -20.567, "recon_loss": -22.353, "kld_loss": 4.463, "kld_weight": 0.4}
{"message": "", "levelname": "INFO", "name": "Trainer", "asctime": "2026-04-29 20:30:17,239", "type": "train", "epoch": 3, "batch": 4399, "n_batches": 7774, "time": 0.635, "data_time": 0.0, "lr": 0.001, "loss": -13.469, "recon_loss": -18.341, "kld_loss": 12.179, "kld_weight": 0.4}
{"message": "", "levelname": "INFO", "name": "Trainer", "asctime": "2026-04-29 20:30:23,422", "type": "train", "epoch": 3, "batch": 4479, "n_batches": 7774, "time": 0.701, "data_time": 0.0, "lr": 0.001, "loss": -12.309, "recon_loss": -17.172, "kld_loss": 12.157, "kld_weight": 0.4}
{"message": "", "levelname": "INFO", "name": "Trainer", "asctime": "2026-04-29 20:30:30,338", "type": "train", "epoch": 3, "batch": 4559, "n_batches": 7774, "time": 0.837, "data_time": 0.0, "lr": 0.001, "loss": -15.36, "recon_loss": -18.786, "kld_loss": 8.567, "kld_weight": 0.4}
{"message": "", "levelname": "INFO", "name": "Trainer", "asctime": "2026-04-29 20:30:37,371", "type": "train", "epoch": 3, "batch": 4639, "n_batches": 7774, "time": 0.754, "data_time": 0.0, "lr": 0.001, "loss": -12.245, "recon_loss": -14.884, "kld_loss": 6.599, "kld_weight": 0.4}
{"message": "", "levelname": "INFO", "name": "Trainer", "asctime": "2026-04-29 20:30:44,155", "type": "train", "epoch": 3, "batch": 4719, "n_batches": 7774, "time": 0.822, "data_time": 0.0, "lr": 0.001, "loss": -13.199, "recon_loss": -15.918, "kld_loss": 6.798, "kld_weight": 0.4}
{"message": "", "levelname": "INFO", "name": "Trainer", "asctime": "2026-04-29 20:30:50,738", "type": "train", "epoch": 3, "batch": 4799, "n_batches": 7774, "time": 0.704, "data_time": 0.0, "lr": 0.001, "loss": -11.166, "recon_loss": -15.264, "kld_loss": 10.245, "kld_weight": 0.4}
{"message": "", "levelname": "INFO", "name": "Trainer", "asctime": "2026-04-29 20:30:57,153", "type": "train", "epoch": 3, "batch": 4879, "n_batches": 7774, "time": 0.625, "data_time": 0.0, "lr": 0.001, "loss": -13.367, "recon_loss": -15.789, "kld_loss": 6.054, "kld_weight": 0.4}
{"message": "", "levelname": "INFO", "name": "Trainer", "asctime": "2026-04-29 20:31:03,692", "type": "train", "epoch": 3, "batch": 4959, "n_batches": 7774, "time": 0.59, "data_time": 0.0, "lr": 0.001, "loss": -17.553, "recon_loss": -19.726, "kld_loss": 5.431, "kld_weight": 0.4}
{"message": "", "levelname": "INFO", "name": "Trainer", "asctime": "2026-04-29 20:31:09,937", "type": "train", "epoch": 3, "batch": 5039, "n_batches": 7774, "time": 0.671, "data_time": 0.0, "lr": 0.001, "loss": -12.329, "recon_loss": -16.047, "kld_loss": 9.296, "kld_weight": 0.4}
{"message": "", "levelname": "INFO", "name": "Trainer", "asctime": "2026-04-29 20:31:16,519", "type": "train", "epoch": 3, "batch": 5119, "n_batches": 7774, "time": 0.529, "data_time": 0.0, "lr": 0.001, "loss": -15.618, "recon_loss": -17.951, "kld_loss": 5.833, "kld_weight": 0.4}
{"message": "", "levelname": "INFO", "name": "Trainer", "asctime": "2026-04-29 20:31:22,892", "type": "train", "epoch": 3, "batch": 5199, "n_batches": 7774, "time": 0.581, "data_time": 0.0, "lr": 0.001, "loss": -12.608, "recon_loss": -16.455, "kld_loss": 9.618, "kld_weight": 0.4}
{"message": "", "levelname": "INFO", "name": "Trainer", "asctime": "2026-04-29 20:31:29,310", "type": "train", "epoch": 3, "batch": 5279, "n_batches": 7774, "time": 0.599, "data_time": 0.0, "lr": 0.001, "loss": -15.994, "recon_loss": -18.504, "kld_loss": 6.274, "kld_weight": 0.4}
{"message": "", "levelname": "INFO", "name": "Trainer", "asctime": "2026-04-29 20:31:35,290", "type": "train", "epoch": 3, "batch": 5359, "n_batches": 7774, "time": 0.634, "data_time": 0.0, "lr": 0.001, "loss": -15.795, "recon_loss": -18.677, "kld_loss": 7.205, "kld_weight": 0.4}
{"message": "", "levelname": "INFO", "name": "Trainer", "asctime": "2026-04-29 20:31:42,279", "type": "train", "epoch": 3, "batch": 5439, "n_batches": 7774, "time": 0.665, "data_time": 0.0, "lr": 0.001, "loss": -8.399, "recon_loss": -13.882, "kld_loss": 13.705, "kld_weight": 0.4}
{"message": "", "levelname": "INFO", "name": "Trainer", "asctime": "2026-04-29 20:31:48,296", "type": "train", "epoch": 3, "batch": 5519, "n_batches": 7774, "time": 0.568, "data_time": 0.0, "lr": 0.001, "loss": -6.309, "recon_loss": -10.914, "kld_loss": 11.514, "kld_weight": 0.4}
{"message": "", "levelname": "INFO", "name": "Trainer", "asctime": "2026-04-29 20:31:54,522", "type": "train", "epoch": 3, "batch": 5599, "n_batches": 7774, "time": 0.704, "data_time": 0.0, "lr": 0.001, "loss": -9.03, "recon_loss": -12.693, "kld_loss": 9.158, "kld_weight": 0.4}
{"message": "", "levelname": "INFO", "name": "Trainer", "asctime": "2026-04-29 20:32:00,871", "type": "train", "epoch": 3, "batch": 5679, "n_batches": 7774, "time": 0.64, "data_time": 0.0, "lr": 0.001, "loss": -16.193, "recon_loss": -18.789, "kld_loss": 6.492, "kld_weight": 0.4}
{"message": "", "levelname": "INFO", "name": "Trainer", "asctime": "2026-04-29 20:32:07,670", "type": "train", "epoch": 3, "batch": 5759, "n_batches": 7774, "time": 0.695, "data_time": 0.0, "lr": 0.001, "loss": -13.168, "recon_loss": -15.617, "kld_loss": 6.122, "kld_weight": 0.4}
{"message": "", "levelname": "INFO", "name": "Trainer", "asctime": "2026-04-29 20:32:14,170", "type": "train", "epoch": 3, "batch": 5839, "n_batches": 7774, "time": 0.521, "data_time": 0.0, "lr": 0.001, "loss": -17.128, "recon_loss": -19.687, "kld_loss": 6.396, "kld_weight": 0.4}
{"message": "", "levelname": "INFO", "name": "Trainer", "asctime": "2026-04-29 20:32:20,879", "type": "train", "epoch": 3, "batch": 5919, "n_batches": 7774, "time": 0.847, "data_time": 0.0, "lr": 0.001, "loss": -16.227, "recon_loss": -18.837, "kld_loss": 6.524, "kld_weight": 0.4}
{"message": "", "levelname": "INFO", "name": "Trainer", "asctime": "2026-04-29 20:32:27,195", "type": "train", "epoch": 3, "batch": 5999, "n_batches": 7774, "time": 0.506, "data_time": 0.0, "lr": 0.001, "loss": -13.807, "recon_loss": -16.312, "kld_loss": 6.263, "kld_weight": 0.4}
{"message": "", "levelname": "INFO", "name": "Trainer", "asctime": "2026-04-29 20:32:33,908", "type": "train", "epoch": 3, "batch": 6079, "n_batches": 7774, "time": 0.558, "data_time": 0.0, "lr": 0.001, "loss": -15.67, "recon_loss": -18.984, "kld_loss": 8.285, "kld_weight": 0.4}
{"message": "", "levelname": "INFO", "name": "Trainer", "asctime": "2026-04-29 20:32:40,531", "type": "train", "epoch": 3, "batch": 6159, "n_batches": 7774, "time": 0.678, "data_time": 0.0, "lr": 0.001, "loss": -13.202, "recon_loss": -16.017, "kld_loss": 7.04, "kld_weight": 0.4}
{"message": "", "levelname": "INFO", "name": "Trainer", "asctime": "2026-04-29 20:32:46,684", "type": "train", "epoch": 3, "batch": 6239, "n_batches": 7774, "time": 0.616, "data_time": 0.0, "lr": 0.001, "loss": -7.827, "recon_loss": -10.13, "kld_loss": 5.758, "kld_weight": 0.4}
{"message": "", "levelname": "INFO", "name": "Trainer", "asctime": "2026-04-29 20:32:53,139", "type": "train", "epoch": 3, "batch": 6319, "n_batches": 7774, "time": 0.581, "data_time": 0.0, "lr": 0.001, "loss": -13.463, "recon_loss": -15.481, "kld_loss": 5.045, "kld_weight": 0.4}
{"message": "", "levelname": "INFO", "name": "Trainer", "asctime": "2026-04-29 20:32:59,867", "type": "train", "epoch": 3, "batch": 6399, "n_batches": 7774, "time": 0.701, "data_time": 0.0, "lr": 0.001, "loss": -14.818, "recon_loss": -18.446, "kld_loss": 9.068, "kld_weight": 0.4}
{"message": "", "levelname": "INFO", "name": "Trainer", "asctime": "2026-04-29 20:33:06,290", "type": "train", "epoch": 3, "batch": 6479, "n_batches": 7774, "time": 0.6, "data_time": 0.0, "lr": 0.001, "loss": -18.7, "recon_loss": -21.025, "kld_loss": 5.812, "kld_weight": 0.4}
{"message": "", "levelname": "INFO", "name": "Trainer", "asctime": "2026-04-29 20:33:12,769", "type": "train", "epoch": 3, "batch": 6559, "n_batches": 7774, "time": 0.667, "data_time": 0.0, "lr": 0.001, "loss": -19.038, "recon_loss": -21.012, "kld_loss": 4.937, "kld_weight": 0.4}
{"message": "", "levelname": "INFO", "name": "Trainer", "asctime": "2026-04-29 20:33:19,670", "type": "train", "epoch": 3, "batch": 6639, "n_batches": 7774, "time": 0.592, "data_time": 0.0, "lr": 0.001, "loss": -13.343, "recon_loss": -16.116, "kld_loss": 6.933, "kld_weight": 0.4}
{"message": "", "levelname": "INFO", "name": "Trainer", "asctime": "2026-04-29 20:33:26,430", "type": "train", "epoch": 3, "batch": 6719, "n_batches": 7774, "time": 0.548, "data_time": 0.0, "lr": 0.001, "loss": -12.682, "recon_loss": -15.953, "kld_loss": 8.179, "kld_weight": 0.4}
{"message": "", "levelname": "INFO", "name": "Trainer", "asctime": "2026-04-29 20:33:33,074", "type": "train", "epoch": 3, "batch": 6799, "n_batches": 7774, "time": 0.641, "data_time": 0.0, "lr": 0.001, "loss": -15.309, "recon_loss": -18.609, "kld_loss": 8.249, "kld_weight": 0.4}
{"message": "", "levelname": "INFO", "name": "Trainer", "asctime": "2026-04-29 20:33:39,672", "type": "train", "epoch": 3, "batch": 6879, "n_batches": 7774, "time": 0.517, "data_time": 0.0, "lr": 0.001, "loss": -14.314, "recon_loss": -16.39, "kld_loss": 5.19, "kld_weight": 0.4}
{"message": "", "levelname": "INFO", "name": "Trainer", "asctime": "2026-04-29 20:33:46,645", "type": "train", "epoch": 3, "batch": 6959, "n_batches": 7774, "time": 0.566, "data_time": 0.0, "lr": 0.001, "loss": -13.195, "recon_loss": -15.226, "kld_loss": 5.078, "kld_weight": 0.4}
{"message": "", "levelname": "INFO", "name": "Trainer", "asctime": "2026-04-29 20:33:53,784", "type": "train", "epoch": 3, "batch": 7039, "n_batches": 7774, "time": 0.693, "data_time": 0.0, "lr": 0.001, "loss": -11.208, "recon_loss": -14.671, "kld_loss": 8.658, "kld_weight": 0.4}
{"message": "", "levelname": "INFO", "name": "Trainer", "asctime": "2026-04-29 20:34:00,993", "type": "train", "epoch": 3, "batch": 7119, "n_batches": 7774, "time": 0.61, "data_time": 0.0, "lr": 0.001, "loss": -13.932, "recon_loss": -15.679, "kld_loss": 4.367, "kld_weight": 0.4}
{"message": "", "levelname": "INFO", "name": "Trainer", "asctime": "2026-04-29 20:34:07,838", "type": "train", "epoch": 3, "batch": 7199, "n_batches": 7774, "time": 0.744, "data_time": 0.0, "lr": 0.001, "loss": -10.048, "recon_loss": -13.947, "kld_loss": 9.748, "kld_weight": 0.4}
{"message": "", "levelname": "INFO", "name": "Trainer", "asctime": "2026-04-29 20:34:14,611", "type": "train", "epoch": 3, "batch": 7279, "n_batches": 7774, "time": 0.616, "data_time": 0.0, "lr": 0.001, "loss": -18.804, "recon_loss": -21.113, "kld_loss": 5.771, "kld_weight": 0.4}
{"message": "", "levelname": "INFO", "name": "Trainer", "asctime": "2026-04-29 20:34:21,382", "type": "train", "epoch": 3, "batch": 7359, "n_batches": 7774, "time": 0.763, "data_time": 0.0, "lr": 0.001, "loss": -17.086, "recon_loss": -19.679, "kld_loss": 6.483, "kld_weight": 0.4}
{"message": "", "levelname": "INFO", "name": "Trainer", "asctime": "2026-04-29 20:34:28,302", "type": "train", "epoch": 3, "batch": 7439, "n_batches": 7774, "time": 0.779, "data_time": 0.003, "lr": 0.001, "loss": -10.947, "recon_loss": -13.903, "kld_loss": 7.39, "kld_weight": 0.4}
{"message": "", "levelname": "INFO", "name": "Trainer", "asctime": "2026-04-29 20:34:34,815", "type": "train", "epoch": 3, "batch": 7519, "n_batches": 7774, "time": 0.552, "data_time": 0.0, "lr": 0.001, "loss": -10.516, "recon_loss": -13.089, "kld_loss": 6.431, "kld_weight": 0.4}
{"message": "", "levelname": "INFO", "name": "Trainer", "asctime": "2026-04-29 20:34:42,252", "type": "train", "epoch": 3, "batch": 7599, "n_batches": 7774, "time": 0.792, "data_time": 0.0, "lr": 0.001, "loss": -13.533, "recon_loss": -16.558, "kld_loss": 7.563, "kld_weight": 0.4}
{"message": "", "levelname": "INFO", "name": "Trainer", "asctime": "2026-04-29 20:34:49,216", "type": "train", "epoch": 3, "batch": 7679, "n_batches": 7774, "time": 0.638, "data_time": 0.0, "lr": 0.001, "loss": -17.329, "recon_loss": -19.41, "kld_loss": 5.203, "kld_weight": 0.4}
{"message": "", "levelname": "INFO", "name": "Trainer", "asctime": "2026-04-29 20:34:55,634", "type": "train", "epoch": 3, "batch": 7759, "n_batches": 7774, "time": 0.632, "data_time": 0.0, "lr": 0.001, "loss": -20.183, "recon_loss": -22.437, "kld_loss": 5.637, "kld_weight": 0.4}
{"message": "", "levelname": "INFO", "name": "Trainer", "asctime": "2026-04-29 20:34:57,097", "type": "train-epoch", "epoch": 4, "loss": -1.72387, "recon_loss": -2.09883, "kld_loss": 0.93739, "kld_weight": 0.4, "time": 637.0}
{"message": "", "levelname": "INFO", "name": "Trainer", "asctime": "2026-04-29 20:36:51,101", "type": "val-epoch", "epoch": 4, "loss": -1.909, "test_loss": -0.979, "recon_loss": -2.288, "kld_loss": 0.947, "kld_weight": 0.4, "note": "loss is teacher-forced CVAE objective; test_loss is prior-only reconstruction", "time": 114.0}
{"message": "", "levelname": "INFO", "name": "Trainer", "asctime": "2026-04-29 20:36:57,554", "type": "train", "epoch": 4, "batch": 79, "n_batches": 7774, "time": 0.676, "data_time": 0.0, "lr": 0.001, "loss": -18.272, "recon_loss": -20.785, "kld_loss": 5.025, "kld_weight": 0.5}
{"message": "", "levelname": "INFO", "name": "Trainer", "asctime": "2026-04-29 20:37:04,116", "type": "train", "epoch": 4, "batch": 159, "n_batches": 7774, "time": 0.512, "data_time": 0.0, "lr": 0.001, "loss": -12.659, "recon_loss": -14.884, "kld_loss": 4.449, "kld_weight": 0.5}
{"message": "", "levelname": "INFO", "name": "Trainer", "asctime": "2026-04-29 20:37:10,179", "type": "train", "epoch": 4, "batch": 239, "n_batches": 7774, "time": 0.844, "data_time": 0.0, "lr": 0.001, "loss": -16.179, "recon_loss": -18.792, "kld_loss": 5.227, "kld_weight": 0.5}
{"message": "", "levelname": "INFO", "name": "Trainer", "asctime": "2026-04-29 20:37:16,909", "type": "train", "epoch": 4, "batch": 319, "n_batches": 7774, "time": 0.59, "data_time": 0.0, "lr": 0.001, "loss": -18.406, "recon_loss": -20.891, "kld_loss": 4.971, "kld_weight": 0.5}
{"message": "", "levelname": "INFO", "name": "Trainer", "asctime": "2026-04-29 20:37:24,176", "type": "train", "epoch": 4, "batch": 399, "n_batches": 7774, "time": 0.613, "data_time": 0.0, "lr": 0.001, "loss": -14.834, "recon_loss": -17.053, "kld_loss": 4.437, "kld_weight": 0.5}
{"message": "", "levelname": "INFO", "name": "Trainer", "asctime": "2026-04-29 20:37:30,404", "type": "train", "epoch": 4, "batch": 479, "n_batches": 7774, "time": 0.563, "data_time": 0.0, "lr": 0.001, "loss": -15.384, "recon_loss": -17.835, "kld_loss": 4.901, "kld_weight": 0.5}
{"message": "", "levelname": "INFO", "name": "Trainer", "asctime": "2026-04-29 20:37:37,260", "type": "train", "epoch": 4, "batch": 559, "n_batches": 7774, "time": 0.705, "data_time": 0.0, "lr": 0.001, "loss": -10.658, "recon_loss": -13.574, "kld_loss": 5.831, "kld_weight": 0.5}
{"message": "", "levelname": "INFO", "name": "Trainer", "asctime": "2026-04-29 20:37:43,879", "type": "train", "epoch": 4, "batch": 639, "n_batches": 7774, "time": 0.758, "data_time": 0.0, "lr": 0.001, "loss": -4.076, "recon_loss": -11.839, "kld_loss": 15.527, "kld_weight": 0.5}
{"message": "", "levelname": "INFO", "name": "Trainer", "asctime": "2026-04-29 20:37:50,106", "type": "train", "epoch": 4, "batch": 719, "n_batches": 7774, "time": 0.821, "data_time": 0.0, "lr": 0.001, "loss": -11.767, "recon_loss": -16.319, "kld_loss": 9.104, "kld_weight": 0.5}
{"message": "", "levelname": "INFO", "name": "Trainer", "asctime": "2026-04-29 20:37:56,945", "type": "train", "epoch": 4, "batch": 799, "n_batches": 7774, "time": 0.688, "data_time": 0.0, "lr": 0.001, "loss": -11.784, "recon_loss": -14.354, "kld_loss": 5.14, "kld_weight": 0.5}
{"message": "", "levelname": "INFO", "name": "Trainer", "asctime": "2026-04-29 20:38:03,557", "type": "train", "epoch": 4, "batch": 879, "n_batches": 7774, "time": 0.629, "data_time": 0.0, "lr": 0.001, "loss": -12.99, "recon_loss": -16.638, "kld_loss": 7.295, "kld_weight": 0.5}
{"message": "", "levelname": "INFO", "name": "Trainer", "asctime": "2026-04-29 20:38:09,713", "type": "train", "epoch": 4, "batch": 959, "n_batches": 7774, "time": 0.568, "data_time": 0.0, "lr": 0.001, "loss": -14.652, "recon_loss": -16.499, "kld_loss": 3.695, "kld_weight": 0.5}
{"message": "", "levelname": "INFO", "name": "Trainer", "asctime": "2026-04-29 20:38:16,151", "type": "train", "epoch": 4, "batch": 1039, "n_batches": 7774, "time": 0.577, "data_time": 0.0, "lr": 0.001, "loss": -14.521, "recon_loss": -16.479, "kld_loss": 3.917, "kld_weight": 0.5}
{"message": "", "levelname": "INFO", "name": "Trainer", "asctime": "2026-04-29 20:38:23,010", "type": "train", "epoch": 4, "batch": 1119, "n_batches": 7774, "time": 0.569, "data_time": 0.0, "lr": 0.001, "loss": -11.437, "recon_loss": -14.998, "kld_loss": 7.121, "kld_weight": 0.5}
{"message": "", "levelname": "INFO", "name": "Trainer", "asctime": "2026-04-29 20:38:29,543", "type": "train", "epoch": 4, "batch": 1199, "n_batches": 7774, "time": 0.612, "data_time": 0.0, "lr": 0.001, "loss": -17.052, "recon_loss": -20.359, "kld_loss": 6.615, "kld_weight": 0.5}
{"message": "", "levelname": "INFO", "name": "Trainer", "asctime": "2026-04-29 20:38:35,869", "type": "train", "epoch": 4, "batch": 1279, "n_batches": 7774, "time": 0.622, "data_time": 0.0, "lr": 0.001, "loss": -14.011, "recon_loss": -18.054, "kld_loss": 8.086, "kld_weight": 0.5}
{"message": "", "levelname": "INFO", "name": "Trainer", "asctime": "2026-04-29 20:38:41,921", "type": "train", "epoch": 4, "batch": 1359, "n_batches": 7774, "time": 0.553, "data_time": 0.0, "lr": 0.001, "loss": -11.691, "recon_loss": -14.192, "kld_loss": 5.003, "kld_weight": 0.5}
{"message": "", "levelname": "INFO", "name": "Trainer", "asctime": "2026-04-29 20:38:48,517", "type": "train", "epoch": 4, "batch": 1439, "n_batches": 7774, "time": 0.7, "data_time": 0.0, "lr": 0.001, "loss": -14.574, "recon_loss": -17.482, "kld_loss": 5.816, "kld_weight": 0.5}
{"message": "", "levelname": "INFO", "name": "Trainer", "asctime": "2026-04-29 20:38:54,501", "type": "train", "epoch": 4, "batch": 1519, "n_batches": 7774, "time": 0.593, "data_time": 0.0, "lr": 0.001, "loss": -15.598, "recon_loss": -17.746, "kld_loss": 4.296, "kld_weight": 0.5}
{"message": "", "levelname": "INFO", "name": "Trainer", "asctime": "2026-04-29 20:39:00,420", "type": "train", "epoch": 4, "batch": 1599, "n_batches": 7774, "time": 0.646, "data_time": 0.0, "lr": 0.001, "loss": -12.445, "recon_loss": -15.492, "kld_loss": 6.094, "kld_weight": 0.5}
{"message": "", "levelname": "INFO", "name": "Trainer", "asctime": "2026-04-29 20:39:07,107", "type": "train", "epoch": 4, "batch": 1679, "n_batches": 7774, "time": 0.613, "data_time": 0.0, "lr": 0.001, "loss": -8.827, "recon_loss": -12.195, "kld_loss": 6.737, "kld_weight": 0.5}
{"message": "", "levelname": "INFO", "name": "Trainer", "asctime": "2026-04-29 20:39:13,159", "type": "train", "epoch": 4, "batch": 1759, "n_batches": 7774, "time": 0.8, "data_time": 0.0, "lr": 0.001, "loss": -8.647, "recon_loss": -13.357, "kld_loss": 9.42, "kld_weight": 0.5}
{"message": "", "levelname": "INFO", "name": "Trainer", "asctime": "2026-04-29 20:39:19,847", "type": "train", "epoch": 4, "batch": 1839, "n_batches": 7774, "time": 0.661, "data_time": 0.0, "lr": 0.001, "loss": -17.65, "recon_loss": -20.102, "kld_loss": 4.904, "kld_weight": 0.5}
{"message": "", "levelname": "INFO", "name": "Trainer", "asctime": "2026-04-29 20:39:26,805", "type": "train", "epoch": 4, "batch": 1919, "n_batches": 7774, "time": 0.605, "data_time": 0.0, "lr": 0.001, "loss": -10.239, "recon_loss": -15.689, "kld_loss": 10.899, "kld_weight": 0.5}
{"message": "", "levelname": "INFO", "name": "Trainer", "asctime": "2026-04-29 20:39:32,837", "type": "train", "epoch": 4, "batch": 1999, "n_batches": 7774, "time": 0.635, "data_time": 0.0, "lr": 0.001, "loss": -10.702, "recon_loss": -14.32, "kld_loss": 7.235, "kld_weight": 0.5}
{"message": "", "levelname": "INFO", "name": "Trainer", "asctime": "2026-04-29 20:39:39,279", "type": "train", "epoch": 4, "batch": 2079, "n_batches": 7774, "time": 0.65, "data_time": 0.0, "lr": 0.001, "loss": -11.774, "recon_loss": -15.274, "kld_loss": 6.999, "kld_weight": 0.5}
{"message": "", "levelname": "INFO", "name": "Trainer", "asctime": "2026-04-29 20:39:45,979", "type": "train", "epoch": 4, "batch": 2159, "n_batches": 7774, "time": 0.765, "data_time": 0.0, "lr": 0.001, "loss": -10.328, "recon_loss": -12.951, "kld_loss": 5.245, "kld_weight": 0.5}
{"message": "", "levelname": "INFO", "name": "Trainer", "asctime": "2026-04-29 20:39:52,706", "type": "train", "epoch": 4, "batch": 2239, "n_batches": 7774, "time": 0.534, "data_time": 0.0, "lr": 0.001, "loss": -16.77, "recon_loss": -19.14, "kld_loss": 4.738, "kld_weight": 0.5}
{"message": "", "levelname": "INFO", "name": "Trainer", "asctime": "2026-04-29 20:39:59,255", "type": "train", "epoch": 4, "batch": 2319, "n_batches": 7774, "time": 0.636, "data_time": 0.0, "lr": 0.001, "loss": -18.649, "recon_loss": -20.762, "kld_loss": 4.225, "kld_weight": 0.5}
{"message": "", "levelname": "INFO", "name": "Trainer", "asctime": "2026-04-29 20:40:06,247", "type": "train", "epoch": 4, "batch": 2399, "n_batches": 7774, "time": 0.611, "data_time": 0.0, "lr": 0.001, "loss": -11.534, "recon_loss": -14.697, "kld_loss": 6.325, "kld_weight": 0.5}
{"message": "", "levelname": "INFO", "name": "Trainer", "asctime": "2026-04-29 20:40:12,318", "type": "train", "epoch": 4, "batch": 2479, "n_batches": 7774, "time": 0.741, "data_time": 0.0, "lr": 0.001, "loss": -18.088, "recon_loss": -20.414, "kld_loss": 4.652, "kld_weight": 0.5}
{"message": "", "levelname": "INFO", "name": "Trainer", "asctime": "2026-04-29 20:40:19,193", "type": "train", "epoch": 4, "batch": 2559, "n_batches": 7774, "time": 0.721, "data_time": 0.0, "lr": 0.001, "loss": -15.328, "recon_loss": -19.16, "kld_loss": 7.665, "kld_weight": 0.5}
{"message": "", "levelname": "INFO", "name": "Trainer", "asctime": "2026-04-29 20:40:25,846", "type": "train", "epoch": 4, "batch": 2639, "n_batches": 7774, "time": 0.689, "data_time": 0.0, "lr": 0.001, "loss": -6.99, "recon_loss": -9.12, "kld_loss": 4.26, "kld_weight": 0.5}
{"message": "", "levelname": "INFO", "name": "Trainer", "asctime": "2026-04-29 20:40:32,482", "type": "train", "epoch": 4, "batch": 2719, "n_batches": 7774, "time": 0.597, "data_time": 0.0, "lr": 0.001, "loss": -19.035, "recon_loss": -20.862, "kld_loss": 3.653, "kld_weight": 0.5}
{"message": "", "levelname": "INFO", "name": "Trainer", "asctime": "2026-04-29 20:40:38,763", "type": "train", "epoch": 4, "batch": 2799, "n_batches": 7774, "time": 0.705, "data_time": 0.0, "lr": 0.001, "loss": -16.848, "recon_loss": -18.716, "kld_loss": 3.736, "kld_weight": 0.5}
{"message": "", "levelname": "INFO", "name": "Trainer", "asctime": "2026-04-29 20:40:45,508", "type": "train", "epoch": 4, "batch": 2879, "n_batches": 7774, "time": 0.62, "data_time": 0.0, "lr": 0.001, "loss": -14.362, "recon_loss": -16.821, "kld_loss": 4.918, "kld_weight": 0.5}
{"message": "", "levelname": "INFO", "name": "Trainer", "asctime": "2026-04-29 20:40:51,487", "type": "train", "epoch": 4, "batch": 2959, "n_batches": 7774, "time": 0.885, "data_time": 0.0, "lr": 0.001, "loss": -9.55, "recon_loss": -11.06, "kld_loss": 3.021, "kld_weight": 0.5}
{"message": "", "levelname": "INFO", "name": "Trainer", "asctime": "2026-04-29 20:40:57,869", "type": "train", "epoch": 4, "batch": 3039, "n_batches": 7774, "time": 0.672, "data_time": 0.0, "lr": 0.001, "loss": -10.803, "recon_loss": -14.519, "kld_loss": 7.433, "kld_weight": 0.5}
{"message": "", "levelname": "INFO", "name": "Trainer", "asctime": "2026-04-29 20:41:04,778", "type": "train", "epoch": 4, "batch": 3119, "n_batches": 7774, "time": 0.693, "data_time": 0.0, "lr": 0.001, "loss": -16.205, "recon_loss": -19.168, "kld_loss": 5.927, "kld_weight": 0.5}
{"message": "", "levelname": "INFO", "name": "Trainer", "asctime": "2026-04-29 20:41:11,268", "type": "train", "epoch": 4, "batch": 3199, "n_batches": 7774, "time": 0.63, "data_time": 0.0, "lr": 0.001, "loss": -17.085, "recon_loss": -20.295, "kld_loss": 6.42, "kld_weight": 0.5}
{"message": "", "levelname": "INFO", "name": "Trainer", "asctime": "2026-04-29 20:41:17,963", "type": "train", "epoch": 4, "batch": 3279, "n_batches": 7774, "time": 0.644, "data_time": 0.0, "lr": 0.001, "loss": -10.821, "recon_loss": -13.68, "kld_loss": 5.719, "kld_weight": 0.5}
{"message": "", "levelname": "INFO", "name": "Trainer", "asctime": "2026-04-29 20:41:24,565", "type": "train", "epoch": 4, "batch": 3359, "n_batches": 7774, "time": 0.615, "data_time": 0.0, "lr": 0.001, "loss": -14.75, "recon_loss": -16.831, "kld_loss": 4.162, "kld_weight": 0.5}
{"message": "", "levelname": "INFO", "name": "Trainer", "asctime": "2026-04-29 20:41:31,687", "type": "train", "epoch": 4, "batch": 3439, "n_batches": 7774, "time": 0.654, "data_time": 0.0, "lr": 0.001, "loss": -17.215, "recon_loss": -20.174, "kld_loss": 5.918, "kld_weight": 0.5}
{"message": "", "levelname": "INFO", "name": "Trainer", "asctime": "2026-04-29 20:41:38,195", "type": "train", "epoch": 4, "batch": 3519, "n_batches": 7774, "time": 0.521, "data_time": 0.0, "lr": 0.001, "loss": -13.812, "recon_loss": -15.576, "kld_loss": 3.527, "kld_weight": 0.5}
{"message": "", "levelname": "INFO", "name": "Trainer", "asctime": "2026-04-29 20:41:45,096", "type": "train", "epoch": 4, "batch": 3599, "n_batches": 7774, "time": 0.698, "data_time": 0.0, "lr": 0.001, "loss": -13.289, "recon_loss": -16.068, "kld_loss": 5.558, "kld_weight": 0.5}
{"message": "", "levelname": "INFO", "name": "Trainer", "asctime": "2026-04-29 20:41:51,614", "type": "train", "epoch": 4, "batch": 3679, "n_batches": 7774, "time": 0.567, "data_time": 0.0, "lr": 0.001, "loss": -16.912, "recon_loss": -19.564, "kld_loss": 5.304, "kld_weight": 0.5}
{"message": "", "levelname": "INFO", "name": "Trainer", "asctime": "2026-04-29 20:41:58,071", "type": "train", "epoch": 4, "batch": 3759, "n_batches": 7774, "time": 0.679, "data_time": 0.0, "lr": 0.001, "loss": -1.178, "recon_loss": -6.467, "kld_loss": 10.577, "kld_weight": 0.5}
{"message": "", "levelname": "INFO", "name": "Trainer", "asctime": "2026-04-29 20:42:04,659", "type": "train", "epoch": 4, "batch": 3839, "n_batches": 7774, "time": 0.557, "data_time": 0.0, "lr": 0.001, "loss": -9.328, "recon_loss": -12.969, "kld_loss": 7.282, "kld_weight": 0.5}
{"message": "", "levelname": "INFO", "name": "Trainer", "asctime": "2026-04-29 20:42:11,001", "type": "train", "epoch": 4, "batch": 3919, "n_batches": 7774, "time": 0.742, "data_time": 0.0, "lr": 0.001, "loss": -13.437, "recon_loss": -16.49, "kld_loss": 6.107, "kld_weight": 0.5}
{"message": "", "levelname": "INFO", "name": "Trainer", "asctime": "2026-04-29 20:42:17,166", "type": "train", "epoch": 4, "batch": 3999, "n_batches": 7774, "time": 0.666, "data_time": 0.0, "lr": 0.001, "loss": -12.688, "recon_loss": -14.442, "kld_loss": 3.507, "kld_weight": 0.5}
{"message": "", "levelname": "INFO", "name": "Trainer", "asctime": "2026-04-29 20:42:23,090", "type": "train", "epoch": 4, "batch": 4079, "n_batches": 7774, "time": 0.722, "data_time": 0.0, "lr": 0.001, "loss": -14.937, "recon_loss": -18.413, "kld_loss": 6.951, "kld_weight": 0.5}
{"message": "", "levelname": "INFO", "name": "Trainer", "asctime": "2026-04-29 20:42:29,247", "type": "train", "epoch": 4, "batch": 4159, "n_batches": 7774, "time": 0.66, "data_time": 0.0, "lr": 0.001, "loss": -11.994, "recon_loss": -14.64, "kld_loss": 5.293, "kld_weight": 0.5}
{"message": "", "levelname": "INFO", "name": "Trainer", "asctime": "2026-04-29 20:42:35,451", "type": "train", "epoch": 4, "batch": 4239, "n_batches": 7774, "time": 0.697, "data_time": 0.0, "lr": 0.001, "loss": -8.418, "recon_loss": -10.311, "kld_loss": 3.788, "kld_weight": 0.5}
{"message": "", "levelname": "INFO", "name": "Trainer", "asctime": "2026-04-29 20:42:42,129", "type": "train", "epoch": 4, "batch": 4319, "n_batches": 7774, "time": 0.711, "data_time": 0.0, "lr": 0.001, "loss": -16.387, "recon_loss": -20.205, "kld_loss": 7.634, "kld_weight": 0.5}
{"message": "", "levelname": "INFO", "name": "Trainer", "asctime": "2026-04-29 20:42:48,868", "type": "train", "epoch": 4, "batch": 4399, "n_batches": 7774, "time": 0.664, "data_time": 0.0, "lr": 0.001, "loss": -13.027, "recon_loss": -14.947, "kld_loss": 3.84, "kld_weight": 0.5}
{"message": "", "levelname": "INFO", "name": "Trainer", "asctime": "2026-04-29 20:42:55,079", "type": "train", "epoch": 4, "batch": 4479, "n_batches": 7774, "time": 0.69, "data_time": 0.0, "lr": 0.001, "loss": -12.886, "recon_loss": -16.326, "kld_loss": 6.88, "kld_weight": 0.5}
{"message": "", "levelname": "INFO", "name": "Trainer", "asctime": "2026-04-29 20:43:01,204", "type": "train", "epoch": 4, "batch": 4559, "n_batches": 7774, "time": 0.697, "data_time": 0.0, "lr": 0.001, "loss": -12.624, "recon_loss": -15.902, "kld_loss": 6.555, "kld_weight": 0.5}
{"message": "", "levelname": "INFO", "name": "Trainer", "asctime": "2026-04-29 20:43:08,370", "type": "train", "epoch": 4, "batch": 4639, "n_batches": 7774, "time": 0.567, "data_time": 0.0, "lr": 0.001, "loss": -10.85, "recon_loss": -14.801, "kld_loss": 7.902, "kld_weight": 0.5}
{"message": "", "levelname": "INFO", "name": "Trainer", "asctime": "2026-04-29 20:43:14,582", "type": "train", "epoch": 4, "batch": 4719, "n_batches": 7774, "time": 0.646, "data_time": 0.0, "lr": 0.001, "loss": -8.053, "recon_loss": -11.904, "kld_loss": 7.702, "kld_weight": 0.5}
{"message": "", "levelname": "INFO", "name": "Trainer", "asctime": "2026-04-29 20:43:20,784", "type": "train", "epoch": 4, "batch": 4799, "n_batches": 7774, "time": 0.663, "data_time": 0.0, "lr": 0.001, "loss": -16.878, "recon_loss": -18.915, "kld_loss": 4.073, "kld_weight": 0.5}
{"message": "", "levelname": "INFO", "name": "Trainer", "asctime": "2026-04-29 20:43:27,678", "type": "train", "epoch": 4, "batch": 4879, "n_batches": 7774, "time": 0.72, "data_time": 0.0, "lr": 0.001, "loss": -13.609, "recon_loss": -16.668, "kld_loss": 6.118, "kld_weight": 0.5}
{"message": "", "levelname": "INFO", "name": "Trainer", "asctime": "2026-04-29 20:43:34,022", "type": "train", "epoch": 4, "batch": 4959, "n_batches": 7774, "time": 0.59, "data_time": 0.0, "lr": 0.001, "loss": -5.801, "recon_loss": -9.503, "kld_loss": 7.403, "kld_weight": 0.5}
{"message": "", "levelname": "INFO", "name": "Trainer", "asctime": "2026-04-29 20:43:40,284", "type": "train", "epoch": 4, "batch": 5039, "n_batches": 7774, "time": 0.468, "data_time": 0.0, "lr": 0.001, "loss": -6.559, "recon_loss": -12.079, "kld_loss": 11.04, "kld_weight": 0.5}
{"message": "", "levelname": "INFO", "name": "Trainer", "asctime": "2026-04-29 20:43:47,092", "type": "train", "epoch": 4, "batch": 5119, "n_batches": 7774, "time": 0.696, "data_time": 0.0, "lr": 0.001, "loss": -16.052, "recon_loss": -19.023, "kld_loss": 5.943, "kld_weight": 0.5}
{"message": "", "levelname": "INFO", "name": "Trainer", "asctime": "2026-04-29 20:43:53,595", "type": "train", "epoch": 4, "batch": 5199, "n_batches": 7774, "time": 0.701, "data_time": 0.0, "lr": 0.001, "loss": -14.987, "recon_loss": -18.454, "kld_loss": 6.933, "kld_weight": 0.5}
{"message": "", "levelname": "INFO", "name": "Trainer", "asctime": "2026-04-29 20:44:00,521", "type": "train", "epoch": 4, "batch": 5279, "n_batches": 7774, "time": 0.598, "data_time": 0.0, "lr": 0.001, "loss": -18.074, "recon_loss": -20.723, "kld_loss": 5.298, "kld_weight": 0.5}
{"message": "", "levelname": "INFO", "name": "Trainer", "asctime": "2026-04-29 20:44:06,865", "type": "train", "epoch": 4, "batch": 5359, "n_batches": 7774, "time": 0.632, "data_time": 0.0, "lr": 0.001, "loss": -15.247, "recon_loss": -17.636, "kld_loss": 4.779, "kld_weight": 0.5}
{"message": "", "levelname": "INFO", "name": "Trainer", "asctime": "2026-04-29 20:44:14,067", "type": "train", "epoch": 4, "batch": 5439, "n_batches": 7774, "time": 0.649, "data_time": 0.0, "lr": 0.001, "loss": -15.713, "recon_loss": -19.136, "kld_loss": 6.846, "kld_weight": 0.5}
{"message": "", "levelname": "INFO", "name": "Trainer", "asctime": "2026-04-29 20:44:20,402", "type": "train", "epoch": 4, "batch": 5519, "n_batches": 7774, "time": 0.686, "data_time": 0.0, "lr": 0.001, "loss": -19.371, "recon_loss": -22.09, "kld_loss": 5.438, "kld_weight": 0.5}
{"message": "", "levelname": "INFO", "name": "Trainer", "asctime": "2026-04-29 20:44:26,668", "type": "train", "epoch": 4, "batch": 5599, "n_batches": 7774, "time": 0.619, "data_time": 0.0, "lr": 0.001, "loss": -15.021, "recon_loss": -17.945, "kld_loss": 5.848, "kld_weight": 0.5}
{"message": "", "levelname": "INFO", "name": "Trainer", "asctime": "2026-04-29 20:44:33,345", "type": "train", "epoch": 4, "batch": 5679, "n_batches": 7774, "time": 0.684, "data_time": 0.0, "lr": 0.001, "loss": -19.774, "recon_loss": -21.609, "kld_loss": 3.67, "kld_weight": 0.5}
{"message": "", "levelname": "INFO", "name": "Trainer", "asctime": "2026-04-29 20:44:40,427", "type": "train", "epoch": 4, "batch": 5759, "n_batches": 7774, "time": 0.524, "data_time": 0.0, "lr": 0.001, "loss": -12.702, "recon_loss": -14.712, "kld_loss": 4.019, "kld_weight": 0.5}
{"message": "", "levelname": "INFO", "name": "Trainer", "asctime": "2026-04-29 20:44:47,400", "type": "train", "epoch": 4, "batch": 5839, "n_batches": 7774, "time": 0.863, "data_time": 0.0, "lr": 0.001, "loss": -11.849, "recon_loss": -14.634, "kld_loss": 5.571, "kld_weight": 0.5}
{"message": "", "levelname": "INFO", "name": "Trainer", "asctime": "2026-04-29 20:44:54,141", "type": "train", "epoch": 4, "batch": 5919, "n_batches": 7774, "time": 0.458, "data_time": 0.0, "lr": 0.001, "loss": -13.905, "recon_loss": -17.095, "kld_loss": 6.381, "kld_weight": 0.5}
{"message": "", "levelname": "INFO", "name": "Trainer", "asctime": "2026-04-29 20:45:01,338", "type": "train", "epoch": 4, "batch": 5999, "n_batches": 7774, "time": 0.852, "data_time": 0.0, "lr": 0.001, "loss": -15.817, "recon_loss": -17.944, "kld_loss": 4.254, "kld_weight": 0.5}
{"message": "", "levelname": "INFO", "name": "Trainer", "asctime": "2026-04-29 20:45:07,865", "type": "train", "epoch": 4, "batch": 6079, "n_batches": 7774, "time": 0.681, "data_time": 0.0, "lr": 0.001, "loss": -9.843, "recon_loss": -12.204, "kld_loss": 4.723, "kld_weight": 0.5}
{"message": "", "levelname": "INFO", "name": "Trainer", "asctime": "2026-04-29 20:45:14,530", "type": "train", "epoch": 4, "batch": 6159, "n_batches": 7774, "time": 0.882, "data_time": 0.0, "lr": 0.001, "loss": -5.405, "recon_loss": -9.454, "kld_loss": 8.098, "kld_weight": 0.5}
{"message": "", "levelname": "INFO", "name": "Trainer", "asctime": "2026-04-29 20:45:20,878", "type": "train", "epoch": 4, "batch": 6239, "n_batches": 7774, "time": 0.452, "data_time": 0.0, "lr": 0.001, "loss": -16.803, "recon_loss": -18.779, "kld_loss": 3.952, "kld_weight": 0.5}
{"message": "", "levelname": "INFO", "name": "Trainer", "asctime": "2026-04-29 20:45:27,323", "type": "train", "epoch": 4, "batch": 6319, "n_batches": 7774, "time": 0.597, "data_time": 0.0, "lr": 0.001, "loss": -16.06, "recon_loss": -18.628, "kld_loss": 5.136, "kld_weight": 0.5}
{"message": "", "levelname": "INFO", "name": "Trainer", "asctime": "2026-04-29 20:45:33,626", "type": "train", "epoch": 4, "batch": 6399, "n_batches": 7774, "time": 0.547, "data_time": 0.0, "lr": 0.001, "loss": -9.053, "recon_loss": -11.139, "kld_loss": 4.174, "kld_weight": 0.5}
{"message": "", "levelname": "INFO", "name": "Trainer", "asctime": "2026-04-29 20:45:40,191", "type": "train", "epoch": 4, "batch": 6479, "n_batches": 7774, "time": 0.548, "data_time": 0.0, "lr": 0.001, "loss": -11.386, "recon_loss": -14.314, "kld_loss": 5.856, "kld_weight": 0.5}
{"message": "", "levelname": "INFO", "name": "Trainer", "asctime": "2026-04-29 20:45:46,825", "type": "train", "epoch": 4, "batch": 6559, "n_batches": 7774, "time": 0.527, "data_time": 0.0, "lr": 0.001, "loss": -10.731, "recon_loss": -13.347, "kld_loss": 5.232, "kld_weight": 0.5}
{"message": "", "levelname": "INFO", "name": "Trainer", "asctime": "2026-04-29 20:45:53,211", "type": "train", "epoch": 4, "batch": 6639, "n_batches": 7774, "time": 0.557, "data_time": 0.0, "lr": 0.001, "loss": -12.657, "recon_loss": -15.318, "kld_loss": 5.323, "kld_weight": 0.5}
{"message": "", "levelname": "INFO", "name": "Trainer", "asctime": "2026-04-29 20:46:00,129", "type": "train", "epoch": 4, "batch": 6719, "n_batches": 7774, "time": 0.578, "data_time": 0.0, "lr": 0.001, "loss": -14.113, "recon_loss": -16.667, "kld_loss": 5.107, "kld_weight": 0.5}
{"message": "", "levelname": "INFO", "name": "Trainer", "asctime": "2026-04-29 20:46:06,687", "type": "train", "epoch": 4, "batch": 6799, "n_batches": 7774, "time": 0.612, "data_time": 0.0, "lr": 0.001, "loss": -16.645, "recon_loss": -19.218, "kld_loss": 5.145, "kld_weight": 0.5}
{"message": "", "levelname": "INFO", "name": "Trainer", "asctime": "2026-04-29 20:46:13,285", "type": "train", "epoch": 4, "batch": 6879, "n_batches": 7774, "time": 0.633, "data_time": 0.0, "lr": 0.001, "loss": -9.956, "recon_loss": -13.739, "kld_loss": 7.567, "kld_weight": 0.5}
{"message": "", "levelname": "INFO", "name": "Trainer", "asctime": "2026-04-29 20:46:19,875", "type": "train", "epoch": 4, "batch": 6959, "n_batches": 7774, "time": 0.662, "data_time": 0.0, "lr": 0.001, "loss": -14.878, "recon_loss": -18.797, "kld_loss": 7.837, "kld_weight": 0.5}
{"message": "", "levelname": "INFO", "name": "Trainer", "asctime": "2026-04-29 20:46:25,710", "type": "train", "epoch": 4, "batch": 7039, "n_batches": 7774, "time": 0.48, "data_time": 0.0, "lr": 0.001, "loss": -12.422, "recon_loss": -15.574, "kld_loss": 6.303, "kld_weight": 0.5}
{"message": "", "levelname": "INFO", "name": "Trainer", "asctime": "2026-04-29 20:46:32,093", "type": "train", "epoch": 4, "batch": 7119, "n_batches": 7774, "time": 0.614, "data_time": 0.0, "lr": 0.001, "loss": -15.186, "recon_loss": -16.868, "kld_loss": 3.364, "kld_weight": 0.5}
{"message": "", "levelname": "INFO", "name": "Trainer", "asctime": "2026-04-29 20:46:38,352", "type": "train", "epoch": 4, "batch": 7199, "n_batches": 7774, "time": 0.688, "data_time": 0.0, "lr": 0.001, "loss": -6.969, "recon_loss": -9.992, "kld_loss": 6.045, "kld_weight": 0.5}
{"message": "", "levelname": "INFO", "name": "Trainer", "asctime": "2026-04-29 20:46:44,843", "type": "train", "epoch": 4, "batch": 7279, "n_batches": 7774, "time": 0.707, "data_time": 0.0, "lr": 0.001, "loss": -10.33, "recon_loss": -13.974, "kld_loss": 7.288, "kld_weight": 0.5}
{"message": "", "levelname": "INFO", "name": "Trainer", "asctime": "2026-04-29 20:46:52,016", "type": "train", "epoch": 4, "batch": 7359, "n_batches": 7774, "time": 0.883, "data_time": 0.0, "lr": 0.001, "loss": -7.045, "recon_loss": -10.076, "kld_loss": 6.062, "kld_weight": 0.5}
{"message": "", "levelname": "INFO", "name": "Trainer", "asctime": "2026-04-29 20:46:58,802", "type": "train", "epoch": 4, "batch": 7439, "n_batches": 7774, "time": 0.626, "data_time": 0.0, "lr": 0.001, "loss": -13.764, "recon_loss": -16.582, "kld_loss": 5.637, "kld_weight": 0.5}
{"message": "", "levelname": "INFO", "name": "Trainer", "asctime": "2026-04-29 20:47:04,996", "type": "train", "epoch": 4, "batch": 7519, "n_batches": 7774, "time": 0.558, "data_time": 0.0, "lr": 0.001, "loss": -9.137, "recon_loss": -11.613, "kld_loss": 4.952, "kld_weight": 0.5}
{"message": "", "levelname": "INFO", "name": "Trainer", "asctime": "2026-04-29 20:47:11,897", "type": "train", "epoch": 4, "batch": 7599, "n_batches": 7774, "time": 0.771, "data_time": 0.0, "lr": 0.001, "loss": -18.047, "recon_loss": -19.904, "kld_loss": 3.714, "kld_weight": 0.5}
{"message": "", "levelname": "INFO", "name": "Trainer", "asctime": "2026-04-29 20:47:18,340", "type": "train", "epoch": 4, "batch": 7679, "n_batches": 7774, "time": 0.585, "data_time": 0.0, "lr": 0.001, "loss": -14.08, "recon_loss": -16.345, "kld_loss": 4.53, "kld_weight": 0.5}
{"message": "", "levelname": "INFO", "name": "Trainer", "asctime": "2026-04-29 20:47:24,482", "type": "train", "epoch": 4, "batch": 7759, "n_batches": 7774, "time": 0.551, "data_time": 0.0, "lr": 0.001, "loss": -15.224, "recon_loss": -17.724, "kld_loss": 4.998, "kld_weight": 0.5}
{"message": "", "levelname": "INFO", "name": "Trainer", "asctime": "2026-04-29 20:47:25,345", "type": "train-epoch", "epoch": 5, "loss": -1.67998, "recon_loss": -2.04958, "kld_loss": 0.7392, "kld_weight": 0.5, "time": 634.2}
{"message": "", "levelname": "INFO", "name": "Trainer", "asctime": "2026-04-29 20:49:18,184", "type": "val-epoch", "epoch": 5, "loss": -1.701, "test_loss": -1.138, "recon_loss": -2.056, "kld_loss": 0.71, "kld_weight": 0.5, "note": "loss is teacher-forced CVAE objective; test_loss is prior-only reconstruction", "time": 112.8}
{"message": "", "levelname": "INFO", "name": "Trainer", "asctime": "2026-04-29 20:49:24,728", "type": "train", "epoch": 5, "batch": 79, "n_batches": 7774, "time": 0.723, "data_time": 0.0, "lr": 0.001, "loss": -17.731, "recon_loss": -19.844, "kld_loss": 4.228, "kld_weight": 0.5}
{"message": "", "levelname": "INFO", "name": "Trainer", "asctime": "2026-04-29 20:49:31,016", "type": "train", "epoch": 5, "batch": 159, "n_batches": 7774, "time": 0.405, "data_time": 0.0, "lr": 0.001, "loss": -18.733, "recon_loss": -21.523, "kld_loss": 5.579, "kld_weight": 0.5}
{"message": "", "levelname": "INFO", "name": "Trainer", "asctime": "2026-04-29 20:49:38,121", "type": "train", "epoch": 5, "batch": 239, "n_batches": 7774, "time": 0.76, "data_time": 0.0, "lr": 0.001, "loss": -8.84, "recon_loss": -11.69, "kld_loss": 5.701, "kld_weight": 0.5}
{"message": "", "levelname": "INFO", "name": "Trainer", "asctime": "2026-04-29 20:49:45,245", "type": "train", "epoch": 5, "batch": 319, "n_batches": 7774, "time": 0.576, "data_time": 0.0, "lr": 0.001, "loss": -14.4, "recon_loss": -16.26, "kld_loss": 3.72, "kld_weight": 0.5}
{"message": "", "levelname": "INFO", "name": "Trainer", "asctime": "2026-04-29 20:49:51,718", "type": "train", "epoch": 5, "batch": 399, "n_batches": 7774, "time": 0.67, "data_time": 0.0, "lr": 0.001, "loss": -8.84, "recon_loss": -10.865, "kld_loss": 4.05, "kld_weight": 0.5}
{"message": "", "levelname": "INFO", "name": "Trainer", "asctime": "2026-04-29 20:49:58,121", "type": "train", "epoch": 5, "batch": 479, "n_batches": 7774, "time": 0.571, "data_time": 0.0, "lr": 0.001, "loss": -14.229, "recon_loss": -16.686, "kld_loss": 4.914, "kld_weight": 0.5}
{"message": "", "levelname": "INFO", "name": "Trainer", "asctime": "2026-04-29 20:50:04,375", "type": "train", "epoch": 5, "batch": 559, "n_batches": 7774, "time": 0.874, "data_time": 0.0, "lr": 0.001, "loss": -13.654, "recon_loss": -15.32, "kld_loss": 3.331, "kld_weight": 0.5}
{"message": "", "levelname": "INFO", "name": "Trainer", "asctime": "2026-04-29 20:50:11,209", "type": "train", "epoch": 5, "batch": 639, "n_batches": 7774, "time": 0.7, "data_time": 0.0, "lr": 0.001, "loss": -18.356, "recon_loss": -20.396, "kld_loss": 4.08, "kld_weight": 0.5}
{"message": "", "levelname": "INFO", "name": "Trainer", "asctime": "2026-04-29 20:50:18,013", "type": "train", "epoch": 5, "batch": 719, "n_batches": 7774, "time": 0.695, "data_time": 0.0, "lr": 0.001, "loss": -12.865, "recon_loss": -16.687, "kld_loss": 7.644, "kld_weight": 0.5}
{"message": "", "levelname": "INFO", "name": "Trainer", "asctime": "2026-04-29 20:50:24,601", "type": "train", "epoch": 5, "batch": 799, "n_batches": 7774, "time": 0.547, "data_time": 0.0, "lr": 0.001, "loss": -13.006, "recon_loss": -15.861, "kld_loss": 5.71, "kld_weight": 0.5}
{"message": "", "levelname": "INFO", "name": "Trainer", "asctime": "2026-04-29 20:50:30,895", "type": "train", "epoch": 5, "batch": 879, "n_batches": 7774, "time": 0.724, "data_time": 0.0, "lr": 0.001, "loss": -13.949, "recon_loss": -16.795, "kld_loss": 5.692, "kld_weight": 0.5}
{"message": "", "levelname": "INFO", "name": "Trainer", "asctime": "2026-04-29 20:50:37,606", "type": "train", "epoch": 5, "batch": 959, "n_batches": 7774, "time": 0.799, "data_time": 0.0, "lr": 0.001, "loss": -15.769, "recon_loss": -17.85, "kld_loss": 4.163, "kld_weight": 0.5}
{"message": "", "levelname": "INFO", "name": "Trainer", "asctime": "2026-04-29 20:50:43,867", "type": "train", "epoch": 5, "batch": 1039, "n_batches": 7774, "time": 0.733, "data_time": 0.0, "lr": 0.001, "loss": -15.16, "recon_loss": -17.282, "kld_loss": 4.244, "kld_weight": 0.5}
{"message": "", "levelname": "INFO", "name": "Trainer", "asctime": "2026-04-29 20:50:50,203", "type": "train", "epoch": 5, "batch": 1119, "n_batches": 7774, "time": 0.666, "data_time": 0.0, "lr": 0.001, "loss": -13.677, "recon_loss": -17.24, "kld_loss": 7.125, "kld_weight": 0.5}
{"message": "", "levelname": "INFO", "name": "Trainer", "asctime": "2026-04-29 20:50:56,868", "type": "train", "epoch": 5, "batch": 1199, "n_batches": 7774, "time": 0.791, "data_time": 0.0, "lr": 0.001, "loss": -12.583, "recon_loss": -15.024, "kld_loss": 4.883, "kld_weight": 0.5}
{"message": "", "levelname": "INFO", "name": "Trainer", "asctime": "2026-04-29 20:51:03,356", "type": "train", "epoch": 5, "batch": 1279, "n_batches": 7774, "time": 0.699, "data_time": 0.0, "lr": 0.001, "loss": -18.934, "recon_loss": -20.699, "kld_loss": 3.531, "kld_weight": 0.5}
{"message": "", "levelname": "INFO", "name": "Trainer", "asctime": "2026-04-29 20:51:09,539", "type": "train", "epoch": 5, "batch": 1359, "n_batches": 7774, "time": 0.617, "data_time": 0.0, "lr": 0.001, "loss": -10.84, "recon_loss": -12.918, "kld_loss": 4.156, "kld_weight": 0.5}
{"message": "", "levelname": "INFO", "name": "Trainer", "asctime": "2026-04-29 20:51:16,174", "type": "train", "epoch": 5, "batch": 1439, "n_batches": 7774, "time": 0.677, "data_time": 0.0, "lr": 0.001, "loss": -15.693, "recon_loss": -17.738, "kld_loss": 4.09, "kld_weight": 0.5}
{"message": "", "levelname": "INFO", "name": "Trainer", "asctime": "2026-04-29 20:51:22,625", "type": "train", "epoch": 5, "batch": 1519, "n_batches": 7774, "time": 0.606, "data_time": 0.0, "lr": 0.001, "loss": -10.047, "recon_loss": -12.995, "kld_loss": 5.896, "kld_weight": 0.5}
{"message": "", "levelname": "INFO", "name": "Trainer", "asctime": "2026-04-29 20:51:29,314", "type": "train", "epoch": 5, "batch": 1599, "n_batches": 7774, "time": 0.8, "data_time": 0.0, "lr": 0.001, "loss": -12.143, "recon_loss": -15.91, "kld_loss": 7.532, "kld_weight": 0.5}
{"message": "", "levelname": "INFO", "name": "Trainer", "asctime": "2026-04-29 20:51:35,966", "type": "train", "epoch": 5, "batch": 1679, "n_batches": 7774, "time": 0.63, "data_time": 0.0, "lr": 0.001, "loss": -13.746, "recon_loss": -16.954, "kld_loss": 6.415, "kld_weight": 0.5}
{"message": "", "levelname": "INFO", "name": "Trainer", "asctime": "2026-04-29 20:51:42,051", "type": "train", "epoch": 5, "batch": 1759, "n_batches": 7774, "time": 0.554, "data_time": 0.0, "lr": 0.001, "loss": -15.636, "recon_loss": -17.93, "kld_loss": 4.588, "kld_weight": 0.5}
{"message": "", "levelname": "INFO", "name": "Trainer", "asctime": "2026-04-29 20:51:49,063", "type": "train", "epoch": 5, "batch": 1839, "n_batches": 7774, "time": 0.653, "data_time": 0.0, "lr": 0.001, "loss": -12.604, "recon_loss": -15.367, "kld_loss": 5.528, "kld_weight": 0.5}
{"message": "", "levelname": "INFO", "name": "Trainer", "asctime": "2026-04-29 20:51:55,603", "type": "train", "epoch": 5, "batch": 1919, "n_batches": 7774, "time": 0.622, "data_time": 0.0, "lr": 0.001, "loss": -16.775, "recon_loss": -19.79, "kld_loss": 6.03, "kld_weight": 0.5}
{"message": "", "levelname": "INFO", "name": "Trainer", "asctime": "2026-04-29 20:52:02,070", "type": "train", "epoch": 5, "batch": 1999, "n_batches": 7774, "time": 0.577, "data_time": 0.0, "lr": 0.001, "loss": -21.512, "recon_loss": -23.52, "kld_loss": 4.016, "kld_weight": 0.5}
{"message": "", "levelname": "INFO", "name": "Trainer", "asctime": "2026-04-29 20:52:08,202", "type": "train", "epoch": 5, "batch": 2079, "n_batches": 7774, "time": 0.477, "data_time": 0.0, "lr": 0.001, "loss": -10.992, "recon_loss": -14.79, "kld_loss": 7.597, "kld_weight": 0.5}
{"message": "", "levelname": "INFO", "name": "Trainer", "asctime": "2026-04-29 20:52:14,293", "type": "train", "epoch": 5, "batch": 2159, "n_batches": 7774, "time": 0.586, "data_time": 0.0, "lr": 0.001, "loss": -14.43, "recon_loss": -18.411, "kld_loss": 7.962, "kld_weight": 0.5}
{"message": "", "levelname": "INFO", "name": "Trainer", "asctime": "2026-04-29 20:52:20,490", "type": "train", "epoch": 5, "batch": 2239, "n_batches": 7774, "time": 0.542, "data_time": 0.0, "lr": 0.001, "loss": -17.594, "recon_loss": -19.208, "kld_loss": 3.228, "kld_weight": 0.5}
{"message": "", "levelname": "INFO", "name": "Trainer", "asctime": "2026-04-29 20:52:27,122", "type": "train", "epoch": 5, "batch": 2319, "n_batches": 7774, "time": 0.731, "data_time": 0.0, "lr": 0.001, "loss": -13.451, "recon_loss": -15.637, "kld_loss": 4.372, "kld_weight": 0.5}
{"message": "", "levelname": "INFO", "name": "Trainer", "asctime": "2026-04-29 20:52:33,721", "type": "train", "epoch": 5, "batch": 2399, "n_batches": 7774, "time": 0.624, "data_time": 0.0, "lr": 0.001, "loss": -15.27, "recon_loss": -17.904, "kld_loss": 5.267, "kld_weight": 0.5}
{"message": "", "levelname": "INFO", "name": "Trainer", "asctime": "2026-04-29 20:52:40,962", "type": "train", "epoch": 5, "batch": 2479, "n_batches": 7774, "time": 0.562, "data_time": 0.0, "lr": 0.001, "loss": -10.062, "recon_loss": -11.864, "kld_loss": 3.605, "kld_weight": 0.5}
{"message": "", "levelname": "INFO", "name": "Trainer", "asctime": "2026-04-29 20:52:48,074", "type": "train", "epoch": 5, "batch": 2559, "n_batches": 7774, "time": 0.602, "data_time": 0.0, "lr": 0.001, "loss": -11.067, "recon_loss": -12.889, "kld_loss": 3.644, "kld_weight": 0.5}
{"message": "", "levelname": "INFO", "name": "Trainer", "asctime": "2026-04-29 20:52:54,991", "type": "train", "epoch": 5, "batch": 2639, "n_batches": 7774, "time": 0.564, "data_time": 0.0, "lr": 0.001, "loss": -14.999, "recon_loss": -17.89, "kld_loss": 5.783, "kld_weight": 0.5}
{"message": "", "levelname": "INFO", "name": "Trainer", "asctime": "2026-04-29 20:53:01,619", "type": "train", "epoch": 5, "batch": 2719, "n_batches": 7774, "time": 0.489, "data_time": 0.0, "lr": 0.001, "loss": -11.829, "recon_loss": -14.77, "kld_loss": 5.883, "kld_weight": 0.5}
{"message": "", "levelname": "INFO", "name": "Trainer", "asctime": "2026-04-29 20:53:08,304", "type": "train", "epoch": 5, "batch": 2799, "n_batches": 7774, "time": 0.521, "data_time": 0.0, "lr": 0.001, "loss": -16.041, "recon_loss": -19.158, "kld_loss": 6.233, "kld_weight": 0.5}
{"message": "", "levelname": "INFO", "name": "Trainer", "asctime": "2026-04-29 20:53:14,990", "type": "train", "epoch": 5, "batch": 2879, "n_batches": 7774, "time": 0.67, "data_time": 0.0, "lr": 0.001, "loss": -15.715, "recon_loss": -19.717, "kld_loss": 8.004, "kld_weight": 0.5}
{"message": "", "levelname": "INFO", "name": "Trainer", "asctime": "2026-04-29 20:53:21,700", "type": "train", "epoch": 5, "batch": 2959, "n_batches": 7774, "time": 0.582, "data_time": 0.0, "lr": 0.001, "loss": -16.585, "recon_loss": -20.353, "kld_loss": 7.537, "kld_weight": 0.5}
{"message": "", "levelname": "INFO", "name": "Trainer", "asctime": "2026-04-29 20:53:28,138", "type": "train", "epoch": 5, "batch": 3039, "n_batches": 7774, "time": 0.616, "data_time": 0.0, "lr": 0.001, "loss": -17.966, "recon_loss": -20.326, "kld_loss": 4.719, "kld_weight": 0.5}
{"message": "", "levelname": "INFO", "name": "Trainer", "asctime": "2026-04-29 20:53:34,770", "type": "train", "epoch": 5, "batch": 3119, "n_batches": 7774, "time": 0.788, "data_time": 0.0, "lr": 0.001, "loss": -12.452, "recon_loss": -15.466, "kld_loss": 6.027, "kld_weight": 0.5}
{"message": "", "levelname": "INFO", "name": "Trainer", "asctime": "2026-04-29 20:53:41,413", "type": "train", "epoch": 5, "batch": 3199, "n_batches": 7774, "time": 0.578, "data_time": 0.0, "lr": 0.001, "loss": -12.334, "recon_loss": -16.202, "kld_loss": 7.736, "kld_weight": 0.5}
{"message": "", "levelname": "INFO", "name": "Trainer", "asctime": "2026-04-29 20:53:47,662", "type": "train", "epoch": 5, "batch": 3279, "n_batches": 7774, "time": 0.613, "data_time": 0.0, "lr": 0.001, "loss": -14.252, "recon_loss": -15.999, "kld_loss": 3.494, "kld_weight": 0.5}
{"message": "", "levelname": "INFO", "name": "Trainer", "asctime": "2026-04-29 20:53:54,269", "type": "train", "epoch": 5, "batch": 3359, "n_batches": 7774, "time": 0.687, "data_time": 0.0, "lr": 0.001, "loss": -18.76, "recon_loss": -21.068, "kld_loss": 4.616, "kld_weight": 0.5}
{"message": "", "levelname": "INFO", "name": "Trainer", "asctime": "2026-04-29 20:54:00,696", "type": "train", "epoch": 5, "batch": 3439, "n_batches": 7774, "time": 0.839, "data_time": 0.0, "lr": 0.001, "loss": -8.149, "recon_loss": -10.475, "kld_loss": 4.651, "kld_weight": 0.5}
{"message": "", "levelname": "INFO", "name": "Trainer", "asctime": "2026-04-29 20:54:06,868", "type": "train", "epoch": 5, "batch": 3519, "n_batches": 7774, "time": 0.643, "data_time": 0.0, "lr": 0.001, "loss": -12.416, "recon_loss": -14.69, "kld_loss": 4.548, "kld_weight": 0.5}
{"message": "", "levelname": "INFO", "name": "Trainer", "asctime": "2026-04-29 20:54:13,606", "type": "train", "epoch": 5, "batch": 3599, "n_batches": 7774, "time": 0.573, "data_time": 0.0, "lr": 0.001, "loss": -12.567, "recon_loss": -15.078, "kld_loss": 5.022, "kld_weight": 0.5}
{"message": "", "levelname": "INFO", "name": "Trainer", "asctime": "2026-04-29 20:54:20,057", "type": "train", "epoch": 5, "batch": 3679, "n_batches": 7774, "time": 0.744, "data_time": 0.0, "lr": 0.001, "loss": -12.806, "recon_loss": -15.222, "kld_loss": 4.832, "kld_weight": 0.5}
{"message": "", "levelname": "INFO", "name": "Trainer", "asctime": "2026-04-29 20:54:26,432", "type": "train", "epoch": 5, "batch": 3759, "n_batches": 7774, "time": 0.808, "data_time": 0.0, "lr": 0.001, "loss": -14.175, "recon_loss": -16.448, "kld_loss": 4.546, "kld_weight": 0.5}
{"message": "", "levelname": "INFO", "name": "Trainer", "asctime": "2026-04-29 20:54:32,719", "type": "train", "epoch": 5, "batch": 3839, "n_batches": 7774, "time": 0.587, "data_time": 0.0, "lr": 0.001, "loss": -10.239, "recon_loss": -13.3, "kld_loss": 6.121, "kld_weight": 0.5}
{"message": "", "levelname": "INFO", "name": "Trainer", "asctime": "2026-04-29 20:54:38,976", "type": "train", "epoch": 5, "batch": 3919, "n_batches": 7774, "time": 0.626, "data_time": 0.0, "lr": 0.001, "loss": -16.722, "recon_loss": -19.628, "kld_loss": 5.811, "kld_weight": 0.5}
{"message": "", "levelname": "INFO", "name": "Trainer", "asctime": "2026-04-29 20:54:45,291", "type": "train", "epoch": 5, "batch": 3999, "n_batches": 7774, "time": 0.687, "data_time": 0.0, "lr": 0.001, "loss": -7.398, "recon_loss": -12.954, "kld_loss": 11.112, "kld_weight": 0.5}
{"message": "", "levelname": "INFO", "name": "Trainer", "asctime": "2026-04-29 20:54:51,124", "type": "train", "epoch": 5, "batch": 4079, "n_batches": 7774, "time": 0.579, "data_time": 0.0, "lr": 0.001, "loss": -15.966, "recon_loss": -18.792, "kld_loss": 5.652, "kld_weight": 0.5}
{"message": "", "levelname": "INFO", "name": "Trainer", "asctime": "2026-04-29 20:54:57,829", "type": "train", "epoch": 5, "batch": 4159, "n_batches": 7774, "time": 0.85, "data_time": 0.0, "lr": 0.001, "loss": -10.363, "recon_loss": -12.872, "kld_loss": 5.019, "kld_weight": 0.5}
{"message": "", "levelname": "INFO", "name": "Trainer", "asctime": "2026-04-29 20:55:04,238", "type": "train", "epoch": 5, "batch": 4239, "n_batches": 7774, "time": 0.426, "data_time": 0.0, "lr": 0.001, "loss": -14.301, "recon_loss": -15.911, "kld_loss": 3.221, "kld_weight": 0.5}
{"message": "", "levelname": "INFO", "name": "Trainer", "asctime": "2026-04-29 20:55:10,631", "type": "train", "epoch": 5, "batch": 4319, "n_batches": 7774, "time": 0.646, "data_time": 0.0, "lr": 0.001, "loss": -16.805, "recon_loss": -19.01, "kld_loss": 4.41, "kld_weight": 0.5}
{"message": "", "levelname": "INFO", "name": "Trainer", "asctime": "2026-04-29 20:55:17,072", "type": "train", "epoch": 5, "batch": 4399, "n_batches": 7774, "time": 0.692, "data_time": 0.0, "lr": 0.001, "loss": -14.984, "recon_loss": -18.419, "kld_loss": 6.87, "kld_weight": 0.5}
{"message": "", "levelname": "INFO", "name": "Trainer", "asctime": "2026-04-29 20:55:23,929", "type": "train", "epoch": 5, "batch": 4479, "n_batches": 7774, "time": 0.605, "data_time": 0.0, "lr": 0.001, "loss": -22.066, "recon_loss": -24.757, "kld_loss": 5.382, "kld_weight": 0.5}
{"message": "", "levelname": "INFO", "name": "Trainer", "asctime": "2026-04-29 20:55:30,262", "type": "train", "epoch": 5, "batch": 4559, "n_batches": 7774, "time": 0.723, "data_time": 0.0, "lr": 0.001, "loss": -16.78, "recon_loss": -19.578, "kld_loss": 5.596, "kld_weight": 0.5}
{"message": "", "levelname": "INFO", "name": "Trainer", "asctime": "2026-04-29 20:55:36,900", "type": "train", "epoch": 5, "batch": 4639, "n_batches": 7774, "time": 0.69, "data_time": 0.0, "lr": 0.001, "loss": -14.753, "recon_loss": -17.707, "kld_loss": 5.908, "kld_weight": 0.5}
{"message": "", "levelname": "INFO", "name": "Trainer", "asctime": "2026-04-29 20:55:43,359", "type": "train", "epoch": 5, "batch": 4719, "n_batches": 7774, "time": 0.565, "data_time": 0.0, "lr": 0.001, "loss": -17.307, "recon_loss": -20.011, "kld_loss": 5.409, "kld_weight": 0.5}
{"message": "", "levelname": "INFO", "name": "Trainer", "asctime": "2026-04-29 20:55:50,402", "type": "train", "epoch": 5, "batch": 4799, "n_batches": 7774, "time": 0.622, "data_time": 0.0, "lr": 0.001, "loss": -13.426, "recon_loss": -15.461, "kld_loss": 4.07, "kld_weight": 0.5}
{"message": "", "levelname": "INFO", "name": "Trainer", "asctime": "2026-04-29 20:55:55,992", "type": "train", "epoch": 5, "batch": 4879, "n_batches": 7774, "time": 0.722, "data_time": 0.0, "lr": 0.001, "loss": -10.454, "recon_loss": -15.281, "kld_loss": 9.654, "kld_weight": 0.5}
{"message": "", "levelname": "INFO", "name": "Trainer", "asctime": "2026-04-29 20:56:02,891", "type": "train", "epoch": 5, "batch": 4959, "n_batches": 7774, "time": 0.611, "data_time": 0.0, "lr": 0.001, "loss": -15.511, "recon_loss": -19.049, "kld_loss": 7.077, "kld_weight": 0.5}
{"message": "", "levelname": "INFO", "name": "Trainer", "asctime": "2026-04-29 20:56:09,310", "type": "train", "epoch": 5, "batch": 5039, "n_batches": 7774, "time": 0.576, "data_time": 0.0, "lr": 0.001, "loss": -10.043, "recon_loss": -15.849, "kld_loss": 11.612, "kld_weight": 0.5}
{"message": "", "levelname": "INFO", "name": "Trainer", "asctime": "2026-04-29 20:56:15,400", "type": "train", "epoch": 5, "batch": 5119, "n_batches": 7774, "time": 0.642, "data_time": 0.0, "lr": 0.001, "loss": -14.873, "recon_loss": -17.065, "kld_loss": 4.386, "kld_weight": 0.5}
{"message": "", "levelname": "INFO", "name": "Trainer", "asctime": "2026-04-29 20:56:21,575", "type": "train", "epoch": 5, "batch": 5199, "n_batches": 7774, "time": 0.619, "data_time": 0.0, "lr": 0.001, "loss": -8.419, "recon_loss": -12.08, "kld_loss": 7.321, "kld_weight": 0.5}
{"message": "", "levelname": "INFO", "name": "Trainer", "asctime": "2026-04-29 20:56:27,665", "type": "train", "epoch": 5, "batch": 5279, "n_batches": 7774, "time": 0.68, "data_time": 0.0, "lr": 0.001, "loss": -12.353, "recon_loss": -15.183, "kld_loss": 5.659, "kld_weight": 0.5}
{"message": "", "levelname": "INFO", "name": "Trainer", "asctime": "2026-04-29 20:56:34,012", "type": "train", "epoch": 5, "batch": 5359, "n_batches": 7774, "time": 0.619, "data_time": 0.0, "lr": 0.001, "loss": -10.114, "recon_loss": -12.343, "kld_loss": 4.457, "kld_weight": 0.5}
{"message": "", "levelname": "INFO", "name": "Trainer", "asctime": "2026-04-29 20:56:40,645", "type": "train", "epoch": 5, "batch": 5439, "n_batches": 7774, "time": 0.65, "data_time": 0.0, "lr": 0.001, "loss": -14.095, "recon_loss": -17.733, "kld_loss": 7.276, "kld_weight": 0.5}
{"message": "", "levelname": "INFO", "name": "Trainer", "asctime": "2026-04-29 20:56:47,512", "type": "train", "epoch": 5, "batch": 5519, "n_batches": 7774, "time": 0.703, "data_time": 0.0, "lr": 0.001, "loss": -8.087, "recon_loss": -12.73, "kld_loss": 9.286, "kld_weight": 0.5}
{"message": "", "levelname": "INFO", "name": "Trainer", "asctime": "2026-04-29 20:56:54,406", "type": "train", "epoch": 5, "batch": 5599, "n_batches": 7774, "time": 0.775, "data_time": 0.0, "lr": 0.001, "loss": -11.194, "recon_loss": -13.942, "kld_loss": 5.497, "kld_weight": 0.5}
{"message": "", "levelname": "INFO", "name": "Trainer", "asctime": "2026-04-29 20:57:01,222", "type": "train", "epoch": 5, "batch": 5679, "n_batches": 7774, "time": 0.548, "data_time": 0.0, "lr": 0.001, "loss": -17.455, "recon_loss": -19.408, "kld_loss": 3.907, "kld_weight": 0.5}
{"message": "", "levelname": "INFO", "name": "Trainer", "asctime": "2026-04-29 20:57:07,648", "type": "train", "epoch": 5, "batch": 5759, "n_batches": 7774, "time": 0.477, "data_time": 0.0, "lr": 0.001, "loss": -16.096, "recon_loss": -18.112, "kld_loss": 4.031, "kld_weight": 0.5}
{"message": "", "levelname": "INFO", "name": "Trainer", "asctime": "2026-04-29 20:57:14,441", "type": "train", "epoch": 5, "batch": 5839, "n_batches": 7774, "time": 0.835, "data_time": 0.0, "lr": 0.001, "loss": -9.29, "recon_loss": -11.855, "kld_loss": 5.13, "kld_weight": 0.5}
{"message": "", "levelname": "INFO", "name": "Trainer", "asctime": "2026-04-29 20:57:20,969", "type": "train", "epoch": 5, "batch": 5919, "n_batches": 7774, "time": 0.656, "data_time": 0.0, "lr": 0.001, "loss": -12.794, "recon_loss": -15.788, "kld_loss": 5.987, "kld_weight": 0.5}
{"message": "", "levelname": "INFO", "name": "Trainer", "asctime": "2026-04-29 20:57:27,523", "type": "train", "epoch": 5, "batch": 5999, "n_batches": 7774, "time": 0.749, "data_time": 0.0, "lr": 0.001, "loss": -14.37, "recon_loss": -17.374, "kld_loss": 6.007, "kld_weight": 0.5}
{"message": "", "levelname": "INFO", "name": "Trainer", "asctime": "2026-04-29 20:57:34,091", "type": "train", "epoch": 5, "batch": 6079, "n_batches": 7774, "time": 0.681, "data_time": 0.0, "lr": 0.001, "loss": -14.001, "recon_loss": -16.318, "kld_loss": 4.635, "kld_weight": 0.5}
{"message": "", "levelname": "INFO", "name": "Trainer", "asctime": "2026-04-29 20:57:40,951", "type": "train", "epoch": 5, "batch": 6159, "n_batches": 7774, "time": 0.776, "data_time": 0.0, "lr": 0.001, "loss": -14.683, "recon_loss": -16.495, "kld_loss": 3.625, "kld_weight": 0.5}
{"message": "", "levelname": "INFO", "name": "Trainer", "asctime": "2026-04-29 20:57:47,811", "type": "train", "epoch": 5, "batch": 6239, "n_batches": 7774, "time": 0.731, "data_time": 0.0, "lr": 0.001, "loss": -11.882, "recon_loss": -15.856, "kld_loss": 7.948, "kld_weight": 0.5}
{"message": "", "levelname": "INFO", "name": "Trainer", "asctime": "2026-04-29 20:57:54,034", "type": "train", "epoch": 5, "batch": 6319, "n_batches": 7774, "time": 0.711, "data_time": 0.0, "lr": 0.001, "loss": -15.799, "recon_loss": -17.716, "kld_loss": 3.833, "kld_weight": 0.5}
{"message": "", "levelname": "INFO", "name": "Trainer", "asctime": "2026-04-29 20:58:00,741", "type": "train", "epoch": 5, "batch": 6399, "n_batches": 7774, "time": 0.74, "data_time": 0.0, "lr": 0.001, "loss": -15.196, "recon_loss": -18.567, "kld_loss": 6.742, "kld_weight": 0.5}
{"message": "", "levelname": "INFO", "name": "Trainer", "asctime": "2026-04-29 20:58:06,937", "type": "train", "epoch": 5, "batch": 6479, "n_batches": 7774, "time": 0.674, "data_time": 0.0, "lr": 0.001, "loss": -20.535, "recon_loss": -22.745, "kld_loss": 4.419, "kld_weight": 0.5}
{"message": "", "levelname": "INFO", "name": "Trainer", "asctime": "2026-04-29 20:58:13,142", "type": "train", "epoch": 5, "batch": 6559, "n_batches": 7774, "time": 0.779, "data_time": 0.0, "lr": 0.001, "loss": -16.476, "recon_loss": -20.856, "kld_loss": 8.76, "kld_weight": 0.5}
{"message": "", "levelname": "INFO", "name": "Trainer", "asctime": "2026-04-29 20:58:19,550", "type": "train", "epoch": 5, "batch": 6639, "n_batches": 7774, "time": 0.579, "data_time": 0.0, "lr": 0.001, "loss": -19.06, "recon_loss": -21.757, "kld_loss": 5.394, "kld_weight": 0.5}
{"message": "", "levelname": "INFO", "name": "Trainer", "asctime": "2026-04-29 20:58:25,916", "type": "train", "epoch": 5, "batch": 6719, "n_batches": 7774, "time": 0.534, "data_time": 0.0, "lr": 0.001, "loss": -16.124, "recon_loss": -19.244, "kld_loss": 6.24, "kld_weight": 0.5}
{"message": "", "levelname": "INFO", "name": "Trainer", "asctime": "2026-04-29 20:58:32,210", "type": "train", "epoch": 5, "batch": 6799, "n_batches": 7774, "time": 0.611, "data_time": 0.0, "lr": 0.001, "loss": -7.95, "recon_loss": -10.325, "kld_loss": 4.749, "kld_weight": 0.5}
{"message": "", "levelname": "INFO", "name": "Trainer", "asctime": "2026-04-29 20:58:38,398", "type": "train", "epoch": 5, "batch": 6879, "n_batches": 7774, "time": 0.518, "data_time": 0.0, "lr": 0.001, "loss": -17.749, "recon_loss": -19.547, "kld_loss": 3.595, "kld_weight": 0.5}
{"message": "", "levelname": "INFO", "name": "Trainer", "asctime": "2026-04-29 20:58:44,826", "type": "train", "epoch": 5, "batch": 6959, "n_batches": 7774, "time": 0.622, "data_time": 0.0, "lr": 0.001, "loss": -20.332, "recon_loss": -22.866, "kld_loss": 5.07, "kld_weight": 0.5}
{"message": "", "levelname": "INFO", "name": "Trainer", "asctime": "2026-04-29 20:58:51,496", "type": "train", "epoch": 5, "batch": 7039, "n_batches": 7774, "time": 0.79, "data_time": 0.0, "lr": 0.001, "loss": -11.811, "recon_loss": -16.114, "kld_loss": 8.607, "kld_weight": 0.5}
{"message": "", "levelname": "INFO", "name": "Trainer", "asctime": "2026-04-29 20:58:57,584", "type": "train", "epoch": 5, "batch": 7119, "n_batches": 7774, "time": 0.647, "data_time": 0.0, "lr": 0.001, "loss": -14.244, "recon_loss": -17.894, "kld_loss": 7.301, "kld_weight": 0.5}
{"message": "", "levelname": "INFO", "name": "Trainer", "asctime": "2026-04-29 20:59:04,290", "type": "train", "epoch": 5, "batch": 7199, "n_batches": 7774, "time": 0.671, "data_time": 0.0, "lr": 0.001, "loss": -12.951, "recon_loss": -15.31, "kld_loss": 4.719, "kld_weight": 0.5}
{"message": "", "levelname": "INFO", "name": "Trainer", "asctime": "2026-04-29 20:59:10,519", "type": "train", "epoch": 5, "batch": 7279, "n_batches": 7774, "time": 0.635, "data_time": 0.0, "lr": 0.001, "loss": -16.389, "recon_loss": -18.16, "kld_loss": 3.542, "kld_weight": 0.5}
{"message": "", "levelname": "INFO", "name": "Trainer", "asctime": "2026-04-29 20:59:17,062", "type": "train", "epoch": 5, "batch": 7359, "n_batches": 7774, "time": 0.655, "data_time": 0.0, "lr": 0.001, "loss": -12.913, "recon_loss": -15.822, "kld_loss": 5.817, "kld_weight": 0.5}
{"message": "", "levelname": "INFO", "name": "Trainer", "asctime": "2026-04-29 20:59:24,012", "type": "train", "epoch": 5, "batch": 7439, "n_batches": 7774, "time": 0.642, "data_time": 0.0, "lr": 0.001, "loss": -11.721, "recon_loss": -14.319, "kld_loss": 5.195, "kld_weight": 0.5}
{"message": "", "levelname": "INFO", "name": "Trainer", "asctime": "2026-04-29 20:59:29,910", "type": "train", "epoch": 5, "batch": 7519, "n_batches": 7774, "time": 0.524, "data_time": 0.0, "lr": 0.001, "loss": -16.531, "recon_loss": -18.396, "kld_loss": 3.73, "kld_weight": 0.5}
{"message": "", "levelname": "INFO", "name": "Trainer", "asctime": "2026-04-29 20:59:36,315", "type": "train", "epoch": 5, "batch": 7599, "n_batches": 7774, "time": 0.584, "data_time": 0.0, "lr": 0.001, "loss": -16.222, "recon_loss": -18.581, "kld_loss": 4.718, "kld_weight": 0.5}
{"message": "", "levelname": "INFO", "name": "Trainer", "asctime": "2026-04-29 20:59:42,943", "type": "train", "epoch": 5, "batch": 7679, "n_batches": 7774, "time": 0.745, "data_time": 0.0, "lr": 0.001, "loss": -7.203, "recon_loss": -11.557, "kld_loss": 8.706, "kld_weight": 0.5}
{"message": "", "levelname": "INFO", "name": "Trainer", "asctime": "2026-04-29 20:59:49,115", "type": "train", "epoch": 5, "batch": 7759, "n_batches": 7774, "time": 0.592, "data_time": 0.0, "lr": 0.001, "loss": -11.496, "recon_loss": -15.471, "kld_loss": 7.951, "kld_weight": 0.5}
{"message": "", "levelname": "INFO", "name": "Trainer", "asctime": "2026-04-29 20:59:50,387", "type": "train-epoch", "epoch": 6, "loss": -1.69286, "recon_loss": -2.0587, "kld_loss": 0.73168, "kld_weight": 0.5, "time": 632.2}
{"message": "", "levelname": "INFO", "name": "Trainer", "asctime": "2026-04-29 21:01:42,898", "type": "val-epoch", "epoch": 6, "loss": -1.816, "test_loss": -1.155, "recon_loss": -2.17, "kld_loss": 0.708, "kld_weight": 0.5, "note": "loss is teacher-forced CVAE objective; test_loss is prior-only reconstruction", "time": 112.5}
{"message": "", "levelname": "INFO", "name": "Trainer", "asctime": "2026-04-29 21:01:48,926", "type": "train", "epoch": 6, "batch": 79, "n_batches": 7774, "time": 0.641, "data_time": 0.0, "lr": 0.001, "loss": -9.941, "recon_loss": -11.758, "kld_loss": 3.634, "kld_weight": 0.5}
{"message": "", "levelname": "INFO", "name": "Trainer", "asctime": "2026-04-29 21:01:55,952", "type": "train", "epoch": 6, "batch": 159, "n_batches": 7774, "time": 0.652, "data_time": 0.0, "lr": 0.001, "loss": -6.834, "recon_loss": -9.801, "kld_loss": 5.934, "kld_weight": 0.5}
{"message": "", "levelname": "INFO", "name": "Trainer", "asctime": "2026-04-29 21:02:01,757", "type": "train", "epoch": 6, "batch": 239, "n_batches": 7774, "time": 0.567, "data_time": 0.0, "lr": 0.001, "loss": -10.541, "recon_loss": -14.504, "kld_loss": 7.926, "kld_weight": 0.5}
{"message": "", "levelname": "INFO", "name": "Trainer", "asctime": "2026-04-29 21:02:08,820", "type": "train", "epoch": 6, "batch": 319, "n_batches": 7774, "time": 0.772, "data_time": 0.0, "lr": 0.001, "loss": -9.345, "recon_loss": -16.306, "kld_loss": 13.921, "kld_weight": 0.5}
{"message": "", "levelname": "INFO", "name": "Trainer", "asctime": "2026-04-29 21:02:15,175", "type": "train", "epoch": 6, "batch": 399, "n_batches": 7774, "time": 0.764, "data_time": 0.0, "lr": 0.001, "loss": -11.01, "recon_loss": -13.701, "kld_loss": 5.382, "kld_weight": 0.5}
{"message": "", "levelname": "INFO", "name": "Trainer", "asctime": "2026-04-29 21:02:21,200", "type": "train", "epoch": 6, "batch": 479, "n_batches": 7774, "time": 0.563, "data_time": 0.0, "lr": 0.001, "loss": -14.722, "recon_loss": -16.792, "kld_loss": 4.14, "kld_weight": 0.5}
{"message": "", "levelname": "INFO", "name": "Trainer", "asctime": "2026-04-29 21:02:27,346", "type": "train", "epoch": 6, "batch": 559, "n_batches": 7774, "time": 0.664, "data_time": 0.0, "lr": 0.001, "loss": -16.853, "recon_loss": -18.708, "kld_loss": 3.711, "kld_weight": 0.5}
{"message": "", "levelname": "INFO", "name": "Trainer", "asctime": "2026-04-29 21:02:34,227", "type": "train", "epoch": 6, "batch": 639, "n_batches": 7774, "time": 0.539, "data_time": 0.0, "lr": 0.001, "loss": -12.696, "recon_loss": -15.169, "kld_loss": 4.947, "kld_weight": 0.5}
{"message": "", "levelname": "INFO", "name": "Trainer", "asctime": "2026-04-29 21:02:41,157", "type": "train", "epoch": 6, "batch": 719, "n_batches": 7774, "time": 0.738, "data_time": 0.0, "lr": 0.001, "loss": -13.626, "recon_loss": -16.103, "kld_loss": 4.952, "kld_weight": 0.5}
{"message": "", "levelname": "INFO", "name": "Trainer", "asctime": "2026-04-29 21:02:47,407", "type": "train", "epoch": 6, "batch": 799, "n_batches": 7774, "time": 0.606, "data_time": 0.0, "lr": 0.001, "loss": -15.633, "recon_loss": -19.048, "kld_loss": 6.83, "kld_weight": 0.5}
{"message": "", "levelname": "INFO", "name": "Trainer", "asctime": "2026-04-29 21:02:54,099", "type": "train", "epoch": 6, "batch": 879, "n_batches": 7774, "time": 0.84, "data_time": 0.0, "lr": 0.001, "loss": -13.327, "recon_loss": -15.125, "kld_loss": 3.596, "kld_weight": 0.5}
{"message": "", "levelname": "INFO", "name": "Trainer", "asctime": "2026-04-29 21:03:00,478", "type": "train", "epoch": 6, "batch": 959, "n_batches": 7774, "time": 0.6, "data_time": 0.0, "lr": 0.001, "loss": -15.483, "recon_loss": -17.818, "kld_loss": 4.67, "kld_weight": 0.5}
{"message": "", "levelname": "INFO", "name": "Trainer", "asctime": "2026-04-29 21:03:06,676", "type": "train", "epoch": 6, "batch": 1039, "n_batches": 7774, "time": 0.421, "data_time": 0.0, "lr": 0.001, "loss": -17.141, "recon_loss": -19.6, "kld_loss": 4.917, "kld_weight": 0.5}
{"message": "", "levelname": "INFO", "name": "Trainer", "asctime": "2026-04-29 21:03:13,042", "type": "train", "epoch": 6, "batch": 1119, "n_batches": 7774, "time": 0.65, "data_time": 0.0, "lr": 0.001, "loss": -9.688, "recon_loss": -12.814, "kld_loss": 6.252, "kld_weight": 0.5}
{"message": "", "levelname": "INFO", "name": "Trainer", "asctime": "2026-04-29 21:03:19,542", "type": "train", "epoch": 6, "batch": 1199, "n_batches": 7774, "time": 0.681, "data_time": 0.0, "lr": 0.001, "loss": -12.424, "recon_loss": -16.877, "kld_loss": 8.906, "kld_weight": 0.5}
{"message": "", "levelname": "INFO", "name": "Trainer", "asctime": "2026-04-29 21:03:25,586", "type": "train", "epoch": 6, "batch": 1279, "n_batches": 7774, "time": 0.553, "data_time": 0.0, "lr": 0.001, "loss": -10.501, "recon_loss": -14.86, "kld_loss": 8.718, "kld_weight": 0.5}
{"message": "", "levelname": "INFO", "name": "Trainer", "asctime": "2026-04-29 21:03:32,161", "type": "train", "epoch": 6, "batch": 1359, "n_batches": 7774, "time": 0.756, "data_time": 0.0, "lr": 0.001, "loss": -13.571, "recon_loss": -17.59, "kld_loss": 8.037, "kld_weight": 0.5}
{"message": "", "levelname": "INFO", "name": "Trainer", "asctime": "2026-04-29 21:03:38,321", "type": "train", "epoch": 6, "batch": 1439, "n_batches": 7774, "time": 0.61, "data_time": 0.0, "lr": 0.001, "loss": -15.801, "recon_loss": -17.566, "kld_loss": 3.531, "kld_weight": 0.5}
{"message": "", "levelname": "INFO", "name": "Trainer", "asctime": "2026-04-29 21:03:44,592", "type": "train", "epoch": 6, "batch": 1519, "n_batches": 7774, "time": 0.587, "data_time": 0.0, "lr": 0.001, "loss": -17.865, "recon_loss": -19.492, "kld_loss": 3.254, "kld_weight": 0.5}
{"message": "", "levelname": "INFO", "name": "Trainer", "asctime": "2026-04-29 21:03:50,918", "type": "train", "epoch": 6, "batch": 1599, "n_batches": 7774, "time": 0.62, "data_time": 0.0, "lr": 0.001, "loss": -9.61, "recon_loss": -12.644, "kld_loss": 6.067, "kld_weight": 0.5}
{"message": "", "levelname": "INFO", "name": "Trainer", "asctime": "2026-04-29 21:03:57,333", "type": "train", "epoch": 6, "batch": 1679, "n_batches": 7774, "time": 0.521, "data_time": 0.0, "lr": 0.001, "loss": -18.679, "recon_loss": -20.234, "kld_loss": 3.111, "kld_weight": 0.5}
{"message": "", "levelname": "INFO", "name": "Trainer", "asctime": "2026-04-29 21:04:04,209", "type": "train", "epoch": 6, "batch": 1759, "n_batches": 7774, "time": 0.819, "data_time": 0.0, "lr": 0.001, "loss": -14.631, "recon_loss": -17.427, "kld_loss": 5.593, "kld_weight": 0.5}
{"message": "", "levelname": "INFO", "name": "Trainer", "asctime": "2026-04-29 21:04:10,699", "type": "train", "epoch": 6, "batch": 1839, "n_batches": 7774, "time": 0.489, "data_time": 0.0, "lr": 0.001, "loss": -13.734, "recon_loss": -16.682, "kld_loss": 5.896, "kld_weight": 0.5}
{"message": "", "levelname": "INFO", "name": "Trainer", "asctime": "2026-04-29 21:04:17,309", "type": "train", "epoch": 6, "batch": 1919, "n_batches": 7774, "time": 0.535, "data_time": 0.0, "lr": 0.001, "loss": -11.788, "recon_loss": -14.315, "kld_loss": 5.055, "kld_weight": 0.5}
{"message": "", "levelname": "INFO", "name": "Trainer", "asctime": "2026-04-29 21:04:23,753", "type": "train", "epoch": 6, "batch": 1999, "n_batches": 7774, "time": 0.573, "data_time": 0.0, "lr": 0.001, "loss": -17.34, "recon_loss": -19.628, "kld_loss": 4.575, "kld_weight": 0.5}
{"message": "", "levelname": "INFO", "name": "Trainer", "asctime": "2026-04-29 21:04:30,605", "type": "train", "epoch": 6, "batch": 2079, "n_batches": 7774, "time": 0.876, "data_time": 0.0, "lr": 0.001, "loss": -12.971, "recon_loss": -15.327, "kld_loss": 4.712, "kld_weight": 0.5}
{"message": "", "levelname": "INFO", "name": "Trainer", "asctime": "2026-04-29 21:04:37,338", "type": "train", "epoch": 6, "batch": 2159, "n_batches": 7774, "time": 0.785, "data_time": 0.0, "lr": 0.001, "loss": -15.917, "recon_loss": -19.255, "kld_loss": 6.676, "kld_weight": 0.5}
{"message": "", "levelname": "INFO", "name": "Trainer", "asctime": "2026-04-29 21:04:44,033", "type": "train", "epoch": 6, "batch": 2239, "n_batches": 7774, "time": 0.646, "data_time": 0.0, "lr": 0.001, "loss": -16.9, "recon_loss": -19.586, "kld_loss": 5.373, "kld_weight": 0.5}
{"message": "", "levelname": "INFO", "name": "Trainer", "asctime": "2026-04-29 21:04:50,756", "type": "train", "epoch": 6, "batch": 2319, "n_batches": 7774, "time": 0.723, "data_time": 0.0, "lr": 0.001, "loss": -13.815, "recon_loss": -16.779, "kld_loss": 5.927, "kld_weight": 0.5}
{"message": "", "levelname": "INFO", "name": "Trainer", "asctime": "2026-04-29 21:04:57,092", "type": "train", "epoch": 6, "batch": 2399, "n_batches": 7774, "time": 0.673, "data_time": 0.0, "lr": 0.001, "loss": -17.207, "recon_loss": -19.932, "kld_loss": 5.449, "kld_weight": 0.5}
{"message": "", "levelname": "INFO", "name": "Trainer", "asctime": "2026-04-29 21:05:03,560", "type": "train", "epoch": 6, "batch": 2479, "n_batches": 7774, "time": 0.684, "data_time": 0.0, "lr": 0.001, "loss": -15.718, "recon_loss": -20.158, "kld_loss": 8.88, "kld_weight": 0.5}
{"message": "", "levelname": "INFO", "name": "Trainer", "asctime": "2026-04-29 21:05:10,218", "type": "train", "epoch": 6, "batch": 2559, "n_batches": 7774, "time": 0.796, "data_time": 0.0, "lr": 0.001, "loss": -16.201, "recon_loss": -19.052, "kld_loss": 5.703, "kld_weight": 0.5}
{"message": "", "levelname": "INFO", "name": "Trainer", "asctime": "2026-04-29 21:05:16,310", "type": "train", "epoch": 6, "batch": 2639, "n_batches": 7774, "time": 0.69, "data_time": 0.0, "lr": 0.001, "loss": -8.095, "recon_loss": -12.429, "kld_loss": 8.667, "kld_weight": 0.5}
{"message": "", "levelname": "INFO", "name": "Trainer", "asctime": "2026-04-29 21:05:22,945", "type": "train", "epoch": 6, "batch": 2719, "n_batches": 7774, "time": 0.683, "data_time": 0.0, "lr": 0.001, "loss": -14.257, "recon_loss": -16.233, "kld_loss": 3.953, "kld_weight": 0.5}
{"message": "", "levelname": "INFO", "name": "Trainer", "asctime": "2026-04-29 21:05:29,955", "type": "train", "epoch": 6, "batch": 2799, "n_batches": 7774, "time": 0.749, "data_time": 0.0, "lr": 0.001, "loss": -17.276, "recon_loss": -19.765, "kld_loss": 4.977, "kld_weight": 0.5}
{"message": "", "levelname": "INFO", "name": "Trainer", "asctime": "2026-04-29 21:05:36,400", "type": "train", "epoch": 6, "batch": 2879, "n_batches": 7774, "time": 0.669, "data_time": 0.0, "lr": 0.001, "loss": -14.879, "recon_loss": -17.53, "kld_loss": 5.301, "kld_weight": 0.5}
{"message": "", "levelname": "INFO", "name": "Trainer", "asctime": "2026-04-29 21:05:42,857", "type": "train", "epoch": 6, "batch": 2959, "n_batches": 7774, "time": 0.575, "data_time": 0.0, "lr": 0.001, "loss": -17.728, "recon_loss": -20.43, "kld_loss": 5.403, "kld_weight": 0.5}
{"message": "", "levelname": "INFO", "name": "Trainer", "asctime": "2026-04-29 21:05:49,365", "type": "train", "epoch": 6, "batch": 3039, "n_batches": 7774, "time": 0.506, "data_time": 0.0, "lr": 0.001, "loss": -17.184, "recon_loss": -20.615, "kld_loss": 6.862, "kld_weight": 0.5}
{"message": "", "levelname": "INFO", "name": "Trainer", "asctime": "2026-04-29 21:05:55,871", "type": "train", "epoch": 6, "batch": 3119, "n_batches": 7774, "time": 0.612, "data_time": 0.0, "lr": 0.001, "loss": -11.36, "recon_loss": -13.52, "kld_loss": 4.32, "kld_weight": 0.5}
{"message": "", "levelname": "INFO", "name": "Trainer", "asctime": "2026-04-29 21:06:02,127", "type": "train", "epoch": 6, "batch": 3199, "n_batches": 7774, "time": 0.605, "data_time": 0.0, "lr": 0.001, "loss": -19.835, "recon_loss": -21.859, "kld_loss": 4.047, "kld_weight": 0.5}
{"message": "", "levelname": "INFO", "name": "Trainer", "asctime": "2026-04-29 21:06:08,347", "type": "train", "epoch": 6, "batch": 3279, "n_batches": 7774, "time": 0.55, "data_time": 0.0, "lr": 0.001, "loss": -13.656, "recon_loss": -16.004, "kld_loss": 4.696, "kld_weight": 0.5}
{"message": "", "levelname": "INFO", "name": "Trainer", "asctime": "2026-04-29 21:06:14,780", "type": "train", "epoch": 6, "batch": 3359, "n_batches": 7774, "time": 0.678, "data_time": 0.0, "lr": 0.001, "loss": -13.862, "recon_loss": -16.808, "kld_loss": 5.892, "kld_weight": 0.5}
{"message": "", "levelname": "INFO", "name": "Trainer", "asctime": "2026-04-29 21:06:21,026", "type": "train", "epoch": 6, "batch": 3439, "n_batches": 7774, "time": 0.663, "data_time": 0.0, "lr": 0.001, "loss": -10.282, "recon_loss": -14.836, "kld_loss": 9.109, "kld_weight": 0.5}
{"message": "", "levelname": "INFO", "name": "Trainer", "asctime": "2026-04-29 21:06:28,139", "type": "train", "epoch": 6, "batch": 3519, "n_batches": 7774, "time": 0.798, "data_time": 0.0, "lr": 0.001, "loss": -10.961, "recon_loss": -15.423, "kld_loss": 8.926, "kld_weight": 0.5}
{"message": "", "levelname": "INFO", "name": "Trainer", "asctime": "2026-04-29 21:06:34,607", "type": "train", "epoch": 6, "batch": 3599, "n_batches": 7774, "time": 0.822, "data_time": 0.0, "lr": 0.001, "loss": -15.318, "recon_loss": -18.183, "kld_loss": 5.73, "kld_weight": 0.5}
{"message": "", "levelname": "INFO", "name": "Trainer", "asctime": "2026-04-29 21:06:41,604", "type": "train", "epoch": 6, "batch": 3679, "n_batches": 7774, "time": 0.684, "data_time": 0.0, "lr": 0.001, "loss": -11.657, "recon_loss": -15.033, "kld_loss": 6.751, "kld_weight": 0.5}
{"message": "", "levelname": "INFO", "name": "Trainer", "asctime": "2026-04-29 21:06:47,805", "type": "train", "epoch": 6, "batch": 3759, "n_batches": 7774, "time": 0.586, "data_time": 0.0, "lr": 0.001, "loss": -11.041, "recon_loss": -13.435, "kld_loss": 4.788, "kld_weight": 0.5}
{"message": "", "levelname": "INFO", "name": "Trainer", "asctime": "2026-04-29 21:06:54,431", "type": "train", "epoch": 6, "batch": 3839, "n_batches": 7774, "time": 0.649, "data_time": 0.0, "lr": 0.001, "loss": -13.576, "recon_loss": -16.902, "kld_loss": 6.652, "kld_weight": 0.5}
{"message": "", "levelname": "INFO", "name": "Trainer", "asctime": "2026-04-29 21:07:01,297", "type": "train", "epoch": 6, "batch": 3919, "n_batches": 7774, "time": 0.633, "data_time": 0.0, "lr": 0.001, "loss": -11.094, "recon_loss": -13.83, "kld_loss": 5.473, "kld_weight": 0.5}
{"message": "", "levelname": "INFO", "name": "Trainer", "asctime": "2026-04-29 21:07:07,830", "type": "train", "epoch": 6, "batch": 3999, "n_batches": 7774, "time": 0.653, "data_time": 0.0, "lr": 0.001, "loss": -16.991, "recon_loss": -19.179, "kld_loss": 4.376, "kld_weight": 0.5}
{"message": "", "levelname": "INFO", "name": "Trainer", "asctime": "2026-04-29 21:07:14,485", "type": "train", "epoch": 6, "batch": 4079, "n_batches": 7774, "time": 0.633, "data_time": 0.0, "lr": 0.001, "loss": -1.639, "recon_loss": -7.231, "kld_loss": 11.184, "kld_weight": 0.5}
{"message": "", "levelname": "INFO", "name": "Trainer", "asctime": "2026-04-29 21:07:21,493", "type": "train", "epoch": 6, "batch": 4159, "n_batches": 7774, "time": 0.8, "data_time": 0.0, "lr": 0.001, "loss": -16.218, "recon_loss": -18.296, "kld_loss": 4.155, "kld_weight": 0.5}
{"message": "", "levelname": "INFO", "name": "Trainer", "asctime": "2026-04-29 21:07:27,181", "type": "train", "epoch": 6, "batch": 4239, "n_batches": 7774, "time": 0.582, "data_time": 0.0, "lr": 0.001, "loss": -11.481, "recon_loss": -14.177, "kld_loss": 5.393, "kld_weight": 0.5}
{"message": "", "levelname": "INFO", "name": "Trainer", "asctime": "2026-04-29 21:07:33,900", "type": "train", "epoch": 6, "batch": 4319, "n_batches": 7774, "time": 0.584, "data_time": 0.0, "lr": 0.001, "loss": -10.396, "recon_loss": -15.638, "kld_loss": 10.483, "kld_weight": 0.5}
{"message": "", "levelname": "INFO", "name": "Trainer", "asctime": "2026-04-29 21:07:40,648", "type": "train", "epoch": 6, "batch": 4399, "n_batches": 7774, "time": 0.826, "data_time": 0.0, "lr": 0.001, "loss": -14.291, "recon_loss": -18.315, "kld_loss": 8.047, "kld_weight": 0.5}
{"message": "", "levelname": "INFO", "name": "Trainer", "asctime": "2026-04-29 21:07:46,729", "type": "train", "epoch": 6, "batch": 4479, "n_batches": 7774, "time": 0.697, "data_time": 0.0, "lr": 0.001, "loss": -16.172, "recon_loss": -18.532, "kld_loss": 4.72, "kld_weight": 0.5}
{"message": "", "levelname": "INFO", "name": "Trainer", "asctime": "2026-04-29 21:07:52,886", "type": "train", "epoch": 6, "batch": 4559, "n_batches": 7774, "time": 0.599, "data_time": 0.0, "lr": 0.001, "loss": -13.311, "recon_loss": -16.734, "kld_loss": 6.847, "kld_weight": 0.5}
{"message": "", "levelname": "INFO", "name": "Trainer", "asctime": "2026-04-29 21:07:58,997", "type": "train", "epoch": 6, "batch": 4639, "n_batches": 7774, "time": 0.508, "data_time": 0.0, "lr": 0.001, "loss": -11.512, "recon_loss": -14.38, "kld_loss": 5.736, "kld_weight": 0.5}
{"message": "", "levelname": "INFO", "name": "Trainer", "asctime": "2026-04-29 21:08:05,667", "type": "train", "epoch": 6, "batch": 4719, "n_batches": 7774, "time": 0.797, "data_time": 0.0, "lr": 0.001, "loss": -14.761, "recon_loss": -17.453, "kld_loss": 5.383, "kld_weight": 0.5}
{"message": "", "levelname": "INFO", "name": "Trainer", "asctime": "2026-04-29 21:08:12,642", "type": "train", "epoch": 6, "batch": 4799, "n_batches": 7774, "time": 0.656, "data_time": 0.0, "lr": 0.001, "loss": -16.308, "recon_loss": -18.881, "kld_loss": 5.147, "kld_weight": 0.5}
{"message": "", "levelname": "INFO", "name": "Trainer", "asctime": "2026-04-29 21:08:18,968", "type": "train", "epoch": 6, "batch": 4879, "n_batches": 7774, "time": 0.848, "data_time": 0.0, "lr": 0.001, "loss": -15.821, "recon_loss": -17.996, "kld_loss": 4.351, "kld_weight": 0.5}
{"message": "", "levelname": "INFO", "name": "Trainer", "asctime": "2026-04-29 21:08:25,353", "type": "train", "epoch": 6, "batch": 4959, "n_batches": 7774, "time": 0.626, "data_time": 0.0, "lr": 0.001, "loss": -13.999, "recon_loss": -17.126, "kld_loss": 6.256, "kld_weight": 0.5}
{"message": "", "levelname": "INFO", "name": "Trainer", "asctime": "2026-04-29 21:08:31,997", "type": "train", "epoch": 6, "batch": 5039, "n_batches": 7774, "time": 0.686, "data_time": 0.0, "lr": 0.001, "loss": -14.938, "recon_loss": -16.947, "kld_loss": 4.017, "kld_weight": 0.5}
{"message": "", "levelname": "INFO", "name": "Trainer", "asctime": "2026-04-29 21:08:38,055", "type": "train", "epoch": 6, "batch": 5119, "n_batches": 7774, "time": 0.614, "data_time": 0.0, "lr": 0.001, "loss": -15.587, "recon_loss": -17.702, "kld_loss": 4.23, "kld_weight": 0.5}
{"message": "", "levelname": "INFO", "name": "Trainer", "asctime": "2026-04-29 21:08:44,653", "type": "train", "epoch": 6, "batch": 5199, "n_batches": 7774, "time": 0.684, "data_time": 0.0, "lr": 0.001, "loss": -10.695, "recon_loss": -12.204, "kld_loss": 3.018, "kld_weight": 0.5}
{"message": "", "levelname": "INFO", "name": "Trainer", "asctime": "2026-04-29 21:08:50,233", "type": "train", "epoch": 6, "batch": 5279, "n_batches": 7774, "time": 0.409, "data_time": 0.0, "lr": 0.001, "loss": -8.472, "recon_loss": -11.378, "kld_loss": 5.812, "kld_weight": 0.5}
{"message": "", "levelname": "INFO", "name": "Trainer", "asctime": "2026-04-29 21:08:56,983", "type": "train", "epoch": 6, "batch": 5359, "n_batches": 7774, "time": 0.6, "data_time": 0.0, "lr": 0.001, "loss": -18.26, "recon_loss": -19.941, "kld_loss": 3.362, "kld_weight": 0.5}
{"message": "", "levelname": "INFO", "name": "Trainer", "asctime": "2026-04-29 21:09:03,233", "type": "train", "epoch": 6, "batch": 5439, "n_batches": 7774, "time": 0.687, "data_time": 0.0, "lr": 0.001, "loss": -12.649, "recon_loss": -16.216, "kld_loss": 7.134, "kld_weight": 0.5}
{"message": "", "levelname": "INFO", "name": "Trainer", "asctime": "2026-04-29 21:09:09,945", "type": "train", "epoch": 6, "batch": 5519, "n_batches": 7774, "time": 0.842, "data_time": 0.0, "lr": 0.001, "loss": -17.978, "recon_loss": -20.464, "kld_loss": 4.972, "kld_weight": 0.5}
{"message": "", "levelname": "INFO", "name": "Trainer", "asctime": "2026-04-29 21:09:16,462", "type": "train", "epoch": 6, "batch": 5599, "n_batches": 7774, "time": 0.596, "data_time": 0.0, "lr": 0.001, "loss": -8.746, "recon_loss": -13.592, "kld_loss": 9.692, "kld_weight": 0.5}
{"message": "", "levelname": "INFO", "name": "Trainer", "asctime": "2026-04-29 21:09:23,053", "type": "train", "epoch": 6, "batch": 5679, "n_batches": 7774, "time": 0.757, "data_time": 0.0, "lr": 0.001, "loss": -15.535, "recon_loss": -18.055, "kld_loss": 5.04, "kld_weight": 0.5}
{"message": "", "levelname": "INFO", "name": "Trainer", "asctime": "2026-04-29 21:09:29,522", "type": "train", "epoch": 6, "batch": 5759, "n_batches": 7774, "time": 0.591, "data_time": 0.0, "lr": 0.001, "loss": -17.297, "recon_loss": -19.883, "kld_loss": 5.172, "kld_weight": 0.5}
{"message": "", "levelname": "INFO", "name": "Trainer", "asctime": "2026-04-29 21:09:35,588", "type": "train", "epoch": 6, "batch": 5839, "n_batches": 7774, "time": 0.532, "data_time": 0.0, "lr": 0.001, "loss": -14.206, "recon_loss": -15.995, "kld_loss": 3.578, "kld_weight": 0.5}
{"message": "", "levelname": "INFO", "name": "Trainer", "asctime": "2026-04-29 21:09:41,815", "type": "train", "epoch": 6, "batch": 5919, "n_batches": 7774, "time": 0.65, "data_time": 0.0, "lr": 0.001, "loss": -15.415, "recon_loss": -18.936, "kld_loss": 7.042, "kld_weight": 0.5}
{"message": "", "levelname": "INFO", "name": "Trainer", "asctime": "2026-04-29 21:09:47,894", "type": "train", "epoch": 6, "batch": 5999, "n_batches": 7774, "time": 0.639, "data_time": 0.0, "lr": 0.001, "loss": -15.092, "recon_loss": -17.389, "kld_loss": 4.594, "kld_weight": 0.5}
{"message": "", "levelname": "INFO", "name": "Trainer", "asctime": "2026-04-29 21:09:53,764", "type": "train", "epoch": 6, "batch": 6079, "n_batches": 7774, "time": 0.572, "data_time": 0.0, "lr": 0.001, "loss": -11.55, "recon_loss": -14.92, "kld_loss": 6.741, "kld_weight": 0.5}
{"message": "", "levelname": "INFO", "name": "Trainer", "asctime": "2026-04-29 21:09:59,876", "type": "train", "epoch": 6, "batch": 6159, "n_batches": 7774, "time": 0.641, "data_time": 0.0, "lr": 0.001, "loss": -16.101, "recon_loss": -18.622, "kld_loss": 5.042, "kld_weight": 0.5}
{"message": "", "levelname": "INFO", "name": "Trainer", "asctime": "2026-04-29 21:10:06,243", "type": "train", "epoch": 6, "batch": 6239, "n_batches": 7774, "time": 0.667, "data_time": 0.0, "lr": 0.001, "loss": -15.796, "recon_loss": -18.495, "kld_loss": 5.398, "kld_weight": 0.5}
{"message": "", "levelname": "INFO", "name": "Trainer", "asctime": "2026-04-29 21:10:13,203", "type": "train", "epoch": 6, "batch": 6319, "n_batches": 7774, "time": 0.74, "data_time": 0.0, "lr": 0.001, "loss": -15.001, "recon_loss": -17.609, "kld_loss": 5.215, "kld_weight": 0.5}
{"message": "", "levelname": "INFO", "name": "Trainer", "asctime": "2026-04-29 21:10:19,723", "type": "train", "epoch": 6, "batch": 6399, "n_batches": 7774, "time": 0.665, "data_time": 0.0, "lr": 0.001, "loss": -11.719, "recon_loss": -16.028, "kld_loss": 8.619, "kld_weight": 0.5}
{"message": "", "levelname": "INFO", "name": "Trainer", "asctime": "2026-04-29 21:10:26,195", "type": "train", "epoch": 6, "batch": 6479, "n_batches": 7774, "time": 0.729, "data_time": 0.0, "lr": 0.001, "loss": -5.807, "recon_loss": -10.655, "kld_loss": 9.697, "kld_weight": 0.5}
{"message": "", "levelname": "INFO", "name": "Trainer", "asctime": "2026-04-29 21:10:32,481", "type": "train", "epoch": 6, "batch": 6559, "n_batches": 7774, "time": 0.643, "data_time": 0.0, "lr": 0.001, "loss": -18.516, "recon_loss": -21.371, "kld_loss": 5.711, "kld_weight": 0.5}
{"message": "", "levelname": "INFO", "name": "Trainer", "asctime": "2026-04-29 21:10:38,894", "type": "train", "epoch": 6, "batch": 6639, "n_batches": 7774, "time": 0.538, "data_time": 0.0, "lr": 0.001, "loss": -16.548, "recon_loss": -19.042, "kld_loss": 4.988, "kld_weight": 0.5}
{"message": "", "levelname": "INFO", "name": "Trainer", "asctime": "2026-04-29 21:10:45,126", "type": "train", "epoch": 6, "batch": 6719, "n_batches": 7774, "time": 0.506, "data_time": 0.0, "lr": 0.001, "loss": -14.334, "recon_loss": -20.41, "kld_loss": 12.152, "kld_weight": 0.5}
{"message": "", "levelname": "INFO", "name": "Trainer", "asctime": "2026-04-29 21:10:51,541", "type": "train", "epoch": 6, "batch": 6799, "n_batches": 7774, "time": 0.687, "data_time": 0.0, "lr": 0.001, "loss": -12.356, "recon_loss": -15.622, "kld_loss": 6.531, "kld_weight": 0.5}
{"message": "", "levelname": "INFO", "name": "Trainer", "asctime": "2026-04-29 21:10:58,233", "type": "train", "epoch": 6, "batch": 6879, "n_batches": 7774, "time": 0.838, "data_time": 0.0, "lr": 0.001, "loss": -10.007, "recon_loss": -14.039, "kld_loss": 8.065, "kld_weight": 0.5}
{"message": "", "levelname": "INFO", "name": "Trainer", "asctime": "2026-04-29 21:11:05,213", "type": "train", "epoch": 6, "batch": 6959, "n_batches": 7774, "time": 0.672, "data_time": 0.0, "lr": 0.001, "loss": -8.451, "recon_loss": -13.49, "kld_loss": 10.076, "kld_weight": 0.5}
{"message": "", "levelname": "INFO", "name": "Trainer", "asctime": "2026-04-29 21:11:11,587", "type": "train", "epoch": 6, "batch": 7039, "n_batches": 7774, "time": 0.552, "data_time": 0.0, "lr": 0.001, "loss": -12.978, "recon_loss": -16.45, "kld_loss": 6.944, "kld_weight": 0.5}
{"message": "", "levelname": "INFO", "name": "Trainer", "asctime": "2026-04-29 21:11:18,077", "type": "train", "epoch": 6, "batch": 7119, "n_batches": 7774, "time": 0.66, "data_time": 0.0, "lr": 0.001, "loss": -1.092, "recon_loss": -4.195, "kld_loss": 6.206, "kld_weight": 0.5}
{"message": "", "levelname": "INFO", "name": "Trainer", "asctime": "2026-04-29 21:11:24,677", "type": "train", "epoch": 6, "batch": 7199, "n_batches": 7774, "time": 0.442, "data_time": 0.0, "lr": 0.001, "loss": -13.345, "recon_loss": -17.655, "kld_loss": 8.62, "kld_weight": 0.5}
{"message": "", "levelname": "INFO", "name": "Trainer", "asctime": "2026-04-29 21:11:31,238", "type": "train", "epoch": 6, "batch": 7279, "n_batches": 7774, "time": 0.748, "data_time": 0.0, "lr": 0.001, "loss": -15.896, "recon_loss": -19.694, "kld_loss": 7.595, "kld_weight": 0.5}
{"message": "", "levelname": "INFO", "name": "Trainer", "asctime": "2026-04-29 21:11:38,160", "type": "train", "epoch": 6, "batch": 7359, "n_batches": 7774, "time": 0.651, "data_time": 0.0, "lr": 0.001, "loss": -12.489, "recon_loss": -14.747, "kld_loss": 4.515, "kld_weight": 0.5}
{"message": "", "levelname": "INFO", "name": "Trainer", "asctime": "2026-04-29 21:11:44,427", "type": "train", "epoch": 6, "batch": 7439, "n_batches": 7774, "time": 0.643, "data_time": 0.0, "lr": 0.001, "loss": -15.356, "recon_loss": -17.169, "kld_loss": 3.626, "kld_weight": 0.5}
{"message": "", "levelname": "INFO", "name": "Trainer", "asctime": "2026-04-29 21:11:50,969", "type": "train", "epoch": 6, "batch": 7519, "n_batches": 7774, "time": 0.466, "data_time": 0.0, "lr": 0.001, "loss": -14.073, "recon_loss": -16.771, "kld_loss": 5.397, "kld_weight": 0.5}
{"message": "", "levelname": "INFO", "name": "Trainer", "asctime": "2026-04-29 21:11:57,953", "type": "train", "epoch": 6, "batch": 7599, "n_batches": 7774, "time": 0.74, "data_time": 0.0, "lr": 0.001, "loss": -13.088, "recon_loss": -16.966, "kld_loss": 7.757, "kld_weight": 0.5}
{"message": "", "levelname": "INFO", "name": "Trainer", "asctime": "2026-04-29 21:12:04,234", "type": "train", "epoch": 6, "batch": 7679, "n_batches": 7774, "time": 0.66, "data_time": 0.0, "lr": 0.001, "loss": -6.992, "recon_loss": -10.543, "kld_loss": 7.102, "kld_weight": 0.5}
{"message": "", "levelname": "INFO", "name": "Trainer", "asctime": "2026-04-29 21:12:10,691", "type": "train", "epoch": 6, "batch": 7759, "n_batches": 7774, "time": 0.602, "data_time": 0.0, "lr": 0.001, "loss": -16.78, "recon_loss": -19.004, "kld_loss": 4.447, "kld_weight": 0.5}
{"message": "", "levelname": "INFO", "name": "Trainer", "asctime": "2026-04-29 21:12:11,813", "type": "train-epoch", "epoch": 7, "loss": -1.71423, "recon_loss": -2.08755, "kld_loss": 0.74664, "kld_weight": 0.5, "time": 628.9}
{"message": "", "levelname": "INFO", "name": "Trainer", "asctime": "2026-04-29 21:14:04,460", "type": "val-epoch", "epoch": 7, "loss": -1.904, "test_loss": -1.339, "recon_loss": -2.256, "kld_loss": 0.705, "kld_weight": 0.5, "note": "loss is teacher-forced CVAE objective; test_loss is prior-only reconstruction", "time": 112.6}
{"message": "", "levelname": "INFO", "name": "Trainer", "asctime": "2026-04-29 21:14:11,481", "type": "train", "epoch": 7, "batch": 79, "n_batches": 7774, "time": 0.772, "data_time": 0.0, "lr": 0.001, "loss": -15.3, "recon_loss": -17.985, "kld_loss": 5.37, "kld_weight": 0.5}
{"message": "", "levelname": "INFO", "name": "Trainer", "asctime": "2026-04-29 21:14:17,906", "type": "train", "epoch": 7, "batch": 159, "n_batches": 7774, "time": 0.631, "data_time": 0.0, "lr": 0.001, "loss": -9.98, "recon_loss": -12.158, "kld_loss": 4.355, "kld_weight": 0.5}
{"message": "", "levelname": "INFO", "name": "Trainer", "asctime": "2026-04-29 21:14:24,648", "type": "train", "epoch": 7, "batch": 239, "n_batches": 7774, "time": 0.676, "data_time": 0.0, "lr": 0.001, "loss": -12.987, "recon_loss": -14.599, "kld_loss": 3.224, "kld_weight": 0.5}
{"message": "", "levelname": "INFO", "name": "Trainer", "asctime": "2026-04-29 21:14:31,706", "type": "train", "epoch": 7, "batch": 319, "n_batches": 7774, "time": 0.615, "data_time": 0.0, "lr": 0.001, "loss": -12.901, "recon_loss": -15.149, "kld_loss": 4.496, "kld_weight": 0.5}
{"message": "", "levelname": "INFO", "name": "Trainer", "asctime": "2026-04-29 21:14:38,426", "type": "train", "epoch": 7, "batch": 399, "n_batches": 7774, "time": 0.642, "data_time": 0.0, "lr": 0.001, "loss": -9.592, "recon_loss": -16.583, "kld_loss": 13.982, "kld_weight": 0.5}
{"message": "", "levelname": "INFO", "name": "Trainer", "asctime": "2026-04-29 21:14:44,786", "type": "train", "epoch": 7, "batch": 479, "n_batches": 7774, "time": 0.557, "data_time": 0.0, "lr": 0.001, "loss": -15.688, "recon_loss": -18.489, "kld_loss": 5.602, "kld_weight": 0.5}
{"message": "", "levelname": "INFO", "name": "Trainer", "asctime": "2026-04-29 21:14:51,530", "type": "train", "epoch": 7, "batch": 559, "n_batches": 7774, "time": 0.675, "data_time": 0.0, "lr": 0.001, "loss": -8.876, "recon_loss": -11.695, "kld_loss": 5.638, "kld_weight": 0.5}
{"message": "", "levelname": "INFO", "name": "Trainer", "asctime": "2026-04-29 21:14:58,516", "type": "train", "epoch": 7, "batch": 639, "n_batches": 7774, "time": 0.797, "data_time": 0.0, "lr": 0.001, "loss": -13.777, "recon_loss": -18.89, "kld_loss": 10.227, "kld_weight": 0.5}
{"message": "", "levelname": "INFO", "name": "Trainer", "asctime": "2026-04-29 21:15:04,711", "type": "train", "epoch": 7, "batch": 719, "n_batches": 7774, "time": 0.854, "data_time": 0.0, "lr": 0.001, "loss": -16.788, "recon_loss": -19.1, "kld_loss": 4.624, "kld_weight": 0.5}
{"message": "", "levelname": "INFO", "name": "Trainer", "asctime": "2026-04-29 21:15:10,929", "type": "train", "epoch": 7, "batch": 799, "n_batches": 7774, "time": 0.622, "data_time": 0.0, "lr": 0.001, "loss": -17.272, "recon_loss": -19.876, "kld_loss": 5.21, "kld_weight": 0.5}
{"message": "", "levelname": "INFO", "name": "Trainer", "asctime": "2026-04-29 21:15:17,035", "type": "train", "epoch": 7, "batch": 879, "n_batches": 7774, "time": 0.628, "data_time": 0.0, "lr": 0.001, "loss": -17.711, "recon_loss": -19.986, "kld_loss": 4.549, "kld_weight": 0.5}
{"message": "", "levelname": "INFO", "name": "Trainer", "asctime": "2026-04-29 21:15:23,651", "type": "train", "epoch": 7, "batch": 959, "n_batches": 7774, "time": 0.621, "data_time": 0.0, "lr": 0.001, "loss": -16.626, "recon_loss": -19.149, "kld_loss": 5.045, "kld_weight": 0.5}
{"message": "", "levelname": "INFO", "name": "Trainer", "asctime": "2026-04-29 21:15:29,998", "type": "train", "epoch": 7, "batch": 1039, "n_batches": 7774, "time": 0.517, "data_time": 0.0, "lr": 0.001, "loss": -16.229, "recon_loss": -18.533, "kld_loss": 4.608, "kld_weight": 0.5}
{"message": "", "levelname": "INFO", "name": "Trainer", "asctime": "2026-04-29 21:15:36,197", "type": "train", "epoch": 7, "batch": 1119, "n_batches": 7774, "time": 0.635, "data_time": 0.0, "lr": 0.001, "loss": -15.907, "recon_loss": -19.318, "kld_loss": 6.821, "kld_weight": 0.5}
{"message": "", "levelname": "INFO", "name": "Trainer", "asctime": "2026-04-29 21:15:43,120", "type": "train", "epoch": 7, "batch": 1199, "n_batches": 7774, "time": 0.544, "data_time": 0.0, "lr": 0.001, "loss": -14.752, "recon_loss": -17.697, "kld_loss": 5.89, "kld_weight": 0.5}
{"message": "", "levelname": "INFO", "name": "Trainer", "asctime": "2026-04-29 21:15:49,238", "type": "train", "epoch": 7, "batch": 1279, "n_batches": 7774, "time": 0.657, "data_time": 0.0, "lr": 0.001, "loss": -15.495, "recon_loss": -19.14, "kld_loss": 7.291, "kld_weight": 0.5}
{"message": "", "levelname": "INFO", "name": "Trainer", "asctime": "2026-04-29 21:15:56,092", "type": "train", "epoch": 7, "batch": 1359, "n_batches": 7774, "time": 0.621, "data_time": 0.0, "lr": 0.001, "loss": -13.745, "recon_loss": -16.264, "kld_loss": 5.039, "kld_weight": 0.5}
{"message": "", "levelname": "INFO", "name": "Trainer", "asctime": "2026-04-29 21:16:02,619", "type": "train", "epoch": 7, "batch": 1439, "n_batches": 7774, "time": 0.65, "data_time": 0.0, "lr": 0.001, "loss": -7.209, "recon_loss": -11.048, "kld_loss": 7.679, "kld_weight": 0.5}
{"message": "", "levelname": "INFO", "name": "Trainer", "asctime": "2026-04-29 21:16:09,340", "type": "train", "epoch": 7, "batch": 1519, "n_batches": 7774, "time": 0.539, "data_time": 0.0, "lr": 0.001, "loss": -6.053, "recon_loss": -9.551, "kld_loss": 6.996, "kld_weight": 0.5}
{"message": "", "levelname": "INFO", "name": "Trainer", "asctime": "2026-04-29 21:16:15,693", "type": "train", "epoch": 7, "batch": 1599, "n_batches": 7774, "time": 0.808, "data_time": 0.0, "lr": 0.001, "loss": -15.277, "recon_loss": -17.277, "kld_loss": 4.0, "kld_weight": 0.5}
{"message": "", "levelname": "INFO", "name": "Trainer", "asctime": "2026-04-29 21:16:21,792", "type": "train", "epoch": 7, "batch": 1679, "n_batches": 7774, "time": 0.611, "data_time": 0.0, "lr": 0.001, "loss": -7.208, "recon_loss": -10.283, "kld_loss": 6.151, "kld_weight": 0.5}
{"message": "", "levelname": "INFO", "name": "Trainer", "asctime": "2026-04-29 21:16:28,211", "type": "train", "epoch": 7, "batch": 1759, "n_batches": 7774, "time": 0.7, "data_time": 0.0, "lr": 0.001, "loss": -12.426, "recon_loss": -15.811, "kld_loss": 6.77, "kld_weight": 0.5}
{"message": "", "levelname": "INFO", "name": "Trainer", "asctime": "2026-04-29 21:16:34,625", "type": "train", "epoch": 7, "batch": 1839, "n_batches": 7774, "time": 0.539, "data_time": 0.0, "lr": 0.001, "loss": -13.853, "recon_loss": -16.472, "kld_loss": 5.237, "kld_weight": 0.5}
{"message": "", "levelname": "INFO", "name": "Trainer", "asctime": "2026-04-29 21:16:41,292", "type": "train", "epoch": 7, "batch": 1919, "n_batches": 7774, "time": 0.672, "data_time": 0.0, "lr": 0.001, "loss": -6.257, "recon_loss": -9.953, "kld_loss": 7.393, "kld_weight": 0.5}
{"message": "", "levelname": "INFO", "name": "Trainer", "asctime": "2026-04-29 21:16:48,151", "type": "train", "epoch": 7, "batch": 1999, "n_batches": 7774, "time": 0.574, "data_time": 0.0, "lr": 0.001, "loss": -9.237, "recon_loss": -13.116, "kld_loss": 7.757, "kld_weight": 0.5}
{"message": "", "levelname": "INFO", "name": "Trainer", "asctime": "2026-04-29 21:16:54,492", "type": "train", "epoch": 7, "batch": 2079, "n_batches": 7774, "time": 0.602, "data_time": 0.0, "lr": 0.001, "loss": -7.056, "recon_loss": -14.038, "kld_loss": 13.965, "kld_weight": 0.5}
{"message": "", "levelname": "INFO", "name": "Trainer", "asctime": "2026-04-29 21:17:01,070", "type": "train", "epoch": 7, "batch": 2159, "n_batches": 7774, "time": 0.617, "data_time": 0.0, "lr": 0.001, "loss": -18.711, "recon_loss": -21.051, "kld_loss": 4.682, "kld_weight": 0.5}
{"message": "", "levelname": "INFO", "name": "Trainer", "asctime": "2026-04-29 21:17:07,963", "type": "train", "epoch": 7, "batch": 2239, "n_batches": 7774, "time": 0.713, "data_time": 0.0, "lr": 0.001, "loss": -6.039, "recon_loss": -13.124, "kld_loss": 14.17, "kld_weight": 0.5}
{"message": "", "levelname": "INFO", "name": "Trainer", "asctime": "2026-04-29 21:17:14,575", "type": "train", "epoch": 7, "batch": 2319, "n_batches": 7774, "time": 0.725, "data_time": 0.0, "lr": 0.001, "loss": -12.93, "recon_loss": -16.146, "kld_loss": 6.433, "kld_weight": 0.5}
{"message": "", "levelname": "INFO", "name": "Trainer", "asctime": "2026-04-29 21:17:20,822", "type": "train", "epoch": 7, "batch": 2399, "n_batches": 7774, "time": 0.736, "data_time": 0.0, "lr": 0.001, "loss": -10.925, "recon_loss": -13.504, "kld_loss": 5.158, "kld_weight": 0.5}
{"message": "", "levelname": "INFO", "name": "Trainer", "asctime": "2026-04-29 21:17:27,302", "type": "train", "epoch": 7, "batch": 2479, "n_batches": 7774, "time": 0.488, "data_time": 0.0, "lr": 0.001, "loss": -4.23, "recon_loss": -7.43, "kld_loss": 6.401, "kld_weight": 0.5}
{"message": "", "levelname": "INFO", "name": "Trainer", "asctime": "2026-04-29 21:17:33,970", "type": "train", "epoch": 7, "batch": 2559, "n_batches": 7774, "time": 0.581, "data_time": 0.0, "lr": 0.001, "loss": -8.142, "recon_loss": -11.04, "kld_loss": 5.797, "kld_weight": 0.5}
{"message": "", "levelname": "INFO", "name": "Trainer", "asctime": "2026-04-29 21:17:40,297", "type": "train", "epoch": 7, "batch": 2639, "n_batches": 7774, "time": 0.606, "data_time": 0.0, "lr": 0.001, "loss": -14.63, "recon_loss": -17.779, "kld_loss": 6.298, "kld_weight": 0.5}
{"message": "", "levelname": "INFO", "name": "Trainer", "asctime": "2026-04-29 21:17:46,856", "type": "train", "epoch": 7, "batch": 2719, "n_batches": 7774, "time": 0.604, "data_time": 0.0, "lr": 0.001, "loss": -17.888, "recon_loss": -19.357, "kld_loss": 2.938, "kld_weight": 0.5}
{"message": "", "levelname": "INFO", "name": "Trainer", "asctime": "2026-04-29 21:17:53,721", "type": "train", "epoch": 7, "batch": 2799, "n_batches": 7774, "time": 0.624, "data_time": 0.0, "lr": 0.001, "loss": -9.385, "recon_loss": -14.181, "kld_loss": 9.593, "kld_weight": 0.5}
{"message": "", "levelname": "INFO", "name": "Trainer", "asctime": "2026-04-29 21:18:00,442", "type": "train", "epoch": 7, "batch": 2879, "n_batches": 7774, "time": 0.615, "data_time": 0.0, "lr": 0.001, "loss": -15.211, "recon_loss": -18.044, "kld_loss": 5.667, "kld_weight": 0.5}
{"message": "", "levelname": "INFO", "name": "Trainer", "asctime": "2026-04-29 21:18:06,767", "type": "train", "epoch": 7, "batch": 2959, "n_batches": 7774, "time": 0.609, "data_time": 0.0, "lr": 0.001, "loss": -12.968, "recon_loss": -16.151, "kld_loss": 6.367, "kld_weight": 0.5}
{"message": "", "levelname": "INFO", "name": "Trainer", "asctime": "2026-04-29 21:18:13,122", "type": "train", "epoch": 7, "batch": 3039, "n_batches": 7774, "time": 0.612, "data_time": 0.0, "lr": 0.001, "loss": -13.768, "recon_loss": -16.069, "kld_loss": 4.602, "kld_weight": 0.5}
{"message": "", "levelname": "INFO", "name": "Trainer", "asctime": "2026-04-29 21:18:19,444", "type": "train", "epoch": 7, "batch": 3119, "n_batches": 7774, "time": 0.576, "data_time": 0.0, "lr": 0.001, "loss": -15.047, "recon_loss": -17.903, "kld_loss": 5.714, "kld_weight": 0.5}
{"message": "", "levelname": "INFO", "name": "Trainer", "asctime": "2026-04-29 21:18:26,574", "type": "train", "epoch": 7, "batch": 3199, "n_batches": 7774, "time": 0.784, "data_time": 0.0, "lr": 0.001, "loss": -10.325, "recon_loss": -13.488, "kld_loss": 6.326, "kld_weight": 0.5}
{"message": "", "levelname": "INFO", "name": "Trainer", "asctime": "2026-04-29 21:18:32,850", "type": "train", "epoch": 7, "batch": 3279, "n_batches": 7774, "time": 0.621, "data_time": 0.0, "lr": 0.001, "loss": -10.058, "recon_loss": -13.954, "kld_loss": 7.792, "kld_weight": 0.5}
{"message": "", "levelname": "INFO", "name": "Trainer", "asctime": "2026-04-29 21:18:39,690", "type": "train", "epoch": 7, "batch": 3359, "n_batches": 7774, "time": 0.722, "data_time": 0.0, "lr": 0.001, "loss": -14.379, "recon_loss": -17.562, "kld_loss": 6.365, "kld_weight": 0.5}
{"message": "", "levelname": "INFO", "name": "Trainer", "asctime": "2026-04-29 21:18:45,977", "type": "train", "epoch": 7, "batch": 3439, "n_batches": 7774, "time": 0.511, "data_time": 0.0, "lr": 0.001, "loss": -12.287, "recon_loss": -16.319, "kld_loss": 8.064, "kld_weight": 0.5}
{"message": "", "levelname": "INFO", "name": "Trainer", "asctime": "2026-04-29 21:18:52,401", "type": "train", "epoch": 7, "batch": 3519, "n_batches": 7774, "time": 0.549, "data_time": 0.0, "lr": 0.001, "loss": -1.674, "recon_loss": -6.078, "kld_loss": 8.809, "kld_weight": 0.5}
{"message": "", "levelname": "INFO", "name": "Trainer", "asctime": "2026-04-29 21:18:59,037", "type": "train", "epoch": 7, "batch": 3599, "n_batches": 7774, "time": 0.656, "data_time": 0.0, "lr": 0.001, "loss": -14.355, "recon_loss": -16.93, "kld_loss": 5.151, "kld_weight": 0.5}
{"message": "", "levelname": "INFO", "name": "Trainer", "asctime": "2026-04-29 21:19:05,509", "type": "train", "epoch": 7, "batch": 3679, "n_batches": 7774, "time": 0.647, "data_time": 0.0, "lr": 0.001, "loss": -16.645, "recon_loss": -19.694, "kld_loss": 6.098, "kld_weight": 0.5}
{"message": "", "levelname": "INFO", "name": "Trainer", "asctime": "2026-04-29 21:19:11,821", "type": "train", "epoch": 7, "batch": 3759, "n_batches": 7774, "time": 0.645, "data_time": 0.0, "lr": 0.001, "loss": -13.73, "recon_loss": -15.561, "kld_loss": 3.662, "kld_weight": 0.5}
{"message": "", "levelname": "INFO", "name": "Trainer", "asctime": "2026-04-29 21:19:18,603", "type": "train", "epoch": 7, "batch": 3839, "n_batches": 7774, "time": 0.548, "data_time": 0.0, "lr": 0.001, "loss": -15.01, "recon_loss": -17.705, "kld_loss": 5.39, "kld_weight": 0.5}
{"message": "", "levelname": "INFO", "name": "Trainer", "asctime": "2026-04-29 21:19:25,082", "type": "train", "epoch": 7, "batch": 3919, "n_batches": 7774, "time": 0.662, "data_time": 0.0, "lr": 0.001, "loss": -15.929, "recon_loss": -17.85, "kld_loss": 3.843, "kld_weight": 0.5}
{"message": "", "levelname": "INFO", "name": "Trainer", "asctime": "2026-04-29 21:19:31,900", "type": "train", "epoch": 7, "batch": 3999, "n_batches": 7774, "time": 0.716, "data_time": 0.0, "lr": 0.001, "loss": -8.01, "recon_loss": -12.485, "kld_loss": 8.949, "kld_weight": 0.5}
{"message": "", "levelname": "INFO", "name": "Trainer", "asctime": "2026-04-29 21:19:38,496", "type": "train", "epoch": 7, "batch": 4079, "n_batches": 7774, "time": 0.629, "data_time": 0.0, "lr": 0.001, "loss": -10.821, "recon_loss": -15.637, "kld_loss": 9.633, "kld_weight": 0.5}
{"message": "", "levelname": "INFO", "name": "Trainer", "asctime": "2026-04-29 21:19:45,223", "type": "train", "epoch": 7, "batch": 4159, "n_batches": 7774, "time": 0.583, "data_time": 0.0, "lr": 0.001, "loss": -13.057, "recon_loss": -16.275, "kld_loss": 6.435, "kld_weight": 0.5}
{"message": "", "levelname": "INFO", "name": "Trainer", "asctime": "2026-04-29 21:19:51,919", "type": "train", "epoch": 7, "batch": 4239, "n_batches": 7774, "time": 0.735, "data_time": 0.0, "lr": 0.001, "loss": -6.293, "recon_loss": -11.906, "kld_loss": 11.226, "kld_weight": 0.5}
{"message": "", "levelname": "INFO", "name": "Trainer", "asctime": "2026-04-29 21:19:58,438", "type": "train", "epoch": 7, "batch": 4319, "n_batches": 7774, "time": 0.654, "data_time": 0.0, "lr": 0.001, "loss": -14.956, "recon_loss": -18.046, "kld_loss": 6.181, "kld_weight": 0.5}
{"message": "", "levelname": "INFO", "name": "Trainer", "asctime": "2026-04-29 21:20:04,952", "type": "train", "epoch": 7, "batch": 4399, "n_batches": 7774, "time": 0.551, "data_time": 0.0, "lr": 0.001, "loss": -9.396, "recon_loss": -13.54, "kld_loss": 8.287, "kld_weight": 0.5}
{"message": "", "levelname": "INFO", "name": "Trainer", "asctime": "2026-04-29 21:20:11,743", "type": "train", "epoch": 7, "batch": 4479, "n_batches": 7774, "time": 0.619, "data_time": 0.0, "lr": 0.001, "loss": -14.346, "recon_loss": -16.758, "kld_loss": 4.822, "kld_weight": 0.5}
{"message": "", "levelname": "INFO", "name": "Trainer", "asctime": "2026-04-29 21:20:18,811", "type": "train", "epoch": 7, "batch": 4559, "n_batches": 7774, "time": 0.632, "data_time": 0.0, "lr": 0.001, "loss": -11.228, "recon_loss": -13.899, "kld_loss": 5.34, "kld_weight": 0.5}
{"message": "", "levelname": "INFO", "name": "Trainer", "asctime": "2026-04-29 21:20:25,683", "type": "train", "epoch": 7, "batch": 4639, "n_batches": 7774, "time": 0.567, "data_time": 0.0, "lr": 0.001, "loss": -18.864, "recon_loss": -21.564, "kld_loss": 5.401, "kld_weight": 0.5}
{"message": "", "levelname": "INFO", "name": "Trainer", "asctime": "2026-04-29 21:20:31,718", "type": "train", "epoch": 7, "batch": 4719, "n_batches": 7774, "time": 0.665, "data_time": 0.0, "lr": 0.001, "loss": -9.361, "recon_loss": -11.019, "kld_loss": 3.316, "kld_weight": 0.5}
{"message": "", "levelname": "INFO", "name": "Trainer", "asctime": "2026-04-29 21:20:38,309", "type": "train", "epoch": 7, "batch": 4799, "n_batches": 7774, "time": 0.793, "data_time": 0.0, "lr": 0.001, "loss": -13.631, "recon_loss": -15.726, "kld_loss": 4.19, "kld_weight": 0.5}
{"message": "", "levelname": "INFO", "name": "Trainer", "asctime": "2026-04-29 21:20:45,092", "type": "train", "epoch": 7, "batch": 4879, "n_batches": 7774, "time": 0.66, "data_time": 0.0, "lr": 0.001, "loss": -18.218, "recon_loss": -20.754, "kld_loss": 5.071, "kld_weight": 0.5}
{"message": "", "levelname": "INFO", "name": "Trainer", "asctime": "2026-04-29 21:20:51,223", "type": "train", "epoch": 7, "batch": 4959, "n_batches": 7774, "time": 0.675, "data_time": 0.0, "lr": 0.001, "loss": -7.606, "recon_loss": -12.276, "kld_loss": 9.34, "kld_weight": 0.5}
{"message": "", "levelname": "INFO", "name": "Trainer", "asctime": "2026-04-29 21:20:57,855", "type": "train", "epoch": 7, "batch": 5039, "n_batches": 7774, "time": 0.775, "data_time": 0.0, "lr": 0.001, "loss": -15.72, "recon_loss": -18.276, "kld_loss": 5.111, "kld_weight": 0.5}
{"message": "", "levelname": "INFO", "name": "Trainer", "asctime": "2026-04-29 21:21:04,494", "type": "train", "epoch": 7, "batch": 5119, "n_batches": 7774, "time": 0.511, "data_time": 0.0, "lr": 0.001, "loss": -20.69, "recon_loss": -23.104, "kld_loss": 4.826, "kld_weight": 0.5}
{"message": "", "levelname": "INFO", "name": "Trainer", "asctime": "2026-04-29 21:21:10,862", "type": "train", "epoch": 7, "batch": 5199, "n_batches": 7774, "time": 0.677, "data_time": 0.0, "lr": 0.001, "loss": -18.842, "recon_loss": -21.393, "kld_loss": 5.102, "kld_weight": 0.5}
{"message": "", "levelname": "INFO", "name": "Trainer", "asctime": "2026-04-29 21:21:17,248", "type": "train", "epoch": 7, "batch": 5279, "n_batches": 7774, "time": 0.521, "data_time": 0.0, "lr": 0.001, "loss": -13.022, "recon_loss": -15.998, "kld_loss": 5.952, "kld_weight": 0.5}
{"message": "", "levelname": "INFO", "name": "Trainer", "asctime": "2026-04-29 21:21:23,689", "type": "train", "epoch": 7, "batch": 5359, "n_batches": 7774, "time": 0.568, "data_time": 0.0, "lr": 0.001, "loss": -13.97, "recon_loss": -17.438, "kld_loss": 6.937, "kld_weight": 0.5}
{"message": "", "levelname": "INFO", "name": "Trainer", "asctime": "2026-04-29 21:21:30,281", "type": "train", "epoch": 7, "batch": 5439, "n_batches": 7774, "time": 0.585, "data_time": 0.0, "lr": 0.001, "loss": -18.009, "recon_loss": -19.89, "kld_loss": 3.762, "kld_weight": 0.5}
{"message": "", "levelname": "INFO", "name": "Trainer", "asctime": "2026-04-29 21:21:36,427", "type": "train", "epoch": 7, "batch": 5519, "n_batches": 7774, "time": 0.589, "data_time": 0.0, "lr": 0.001, "loss": -19.939, "recon_loss": -22.466, "kld_loss": 5.055, "kld_weight": 0.5}
{"message": "", "levelname": "INFO", "name": "Trainer", "asctime": "2026-04-29 21:21:42,793", "type": "train", "epoch": 7, "batch": 5599, "n_batches": 7774, "time": 0.751, "data_time": 0.0, "lr": 0.001, "loss": -16.588, "recon_loss": -19.271, "kld_loss": 5.366, "kld_weight": 0.5}
{"message": "", "levelname": "INFO", "name": "Trainer", "asctime": "2026-04-29 21:21:49,695", "type": "train", "epoch": 7, "batch": 5679, "n_batches": 7774, "time": 0.82, "data_time": 0.0, "lr": 0.001, "loss": -16.369, "recon_loss": -18.952, "kld_loss": 5.166, "kld_weight": 0.5}
{"message": "", "levelname": "INFO", "name": "Trainer", "asctime": "2026-04-29 21:21:56,285", "type": "train", "epoch": 7, "batch": 5759, "n_batches": 7774, "time": 0.509, "data_time": 0.0, "lr": 0.001, "loss": -14.566, "recon_loss": -17.032, "kld_loss": 4.932, "kld_weight": 0.5}
{"message": "", "levelname": "INFO", "name": "Trainer", "asctime": "2026-04-29 21:22:03,198", "type": "train", "epoch": 7, "batch": 5839, "n_batches": 7774, "time": 0.783, "data_time": 0.0, "lr": 0.001, "loss": -13.745, "recon_loss": -16.028, "kld_loss": 4.566, "kld_weight": 0.5}
{"message": "", "levelname": "INFO", "name": "Trainer", "asctime": "2026-04-29 21:22:09,631", "type": "train", "epoch": 7, "batch": 5919, "n_batches": 7774, "time": 0.824, "data_time": 0.0, "lr": 0.001, "loss": -14.863, "recon_loss": -17.085, "kld_loss": 4.443, "kld_weight": 0.5}
{"message": "", "levelname": "INFO", "name": "Trainer", "asctime": "2026-04-29 21:22:16,398", "type": "train", "epoch": 7, "batch": 5999, "n_batches": 7774, "time": 0.577, "data_time": 0.0, "lr": 0.001, "loss": -13.795, "recon_loss": -18.205, "kld_loss": 8.82, "kld_weight": 0.5}
{"message": "", "levelname": "INFO", "name": "Trainer", "asctime": "2026-04-29 21:22:23,008", "type": "train", "epoch": 7, "batch": 6079, "n_batches": 7774, "time": 0.681, "data_time": 0.0, "lr": 0.001, "loss": -15.061, "recon_loss": -18.949, "kld_loss": 7.778, "kld_weight": 0.5}
{"message": "", "levelname": "INFO", "name": "Trainer", "asctime": "2026-04-29 21:22:29,661", "type": "train", "epoch": 7, "batch": 6159, "n_batches": 7774, "time": 0.675, "data_time": 0.0, "lr": 0.001, "loss": -17.933, "recon_loss": -20.14, "kld_loss": 4.413, "kld_weight": 0.5}
{"message": "", "levelname": "INFO", "name": "Trainer", "asctime": "2026-04-29 21:22:35,970", "type": "train", "epoch": 7, "batch": 6239, "n_batches": 7774, "time": 0.647, "data_time": 0.0, "lr": 0.001, "loss": -12.631, "recon_loss": -14.586, "kld_loss": 3.909, "kld_weight": 0.5}
{"message": "", "levelname": "INFO", "name": "Trainer", "asctime": "2026-04-29 21:22:42,112", "type": "train", "epoch": 7, "batch": 6319, "n_batches": 7774, "time": 0.565, "data_time": 0.0, "lr": 0.001, "loss": -13.36, "recon_loss": -16.723, "kld_loss": 6.726, "kld_weight": 0.5}
{"message": "", "levelname": "INFO", "name": "Trainer", "asctime": "2026-04-29 21:22:48,618", "type": "train", "epoch": 7, "batch": 6399, "n_batches": 7774, "time": 0.733, "data_time": 0.0, "lr": 0.001, "loss": -12.171, "recon_loss": -15.685, "kld_loss": 7.028, "kld_weight": 0.5}
{"message": "", "levelname": "INFO", "name": "Trainer", "asctime": "2026-04-29 21:22:54,888", "type": "train", "epoch": 7, "batch": 6479, "n_batches": 7774, "time": 0.605, "data_time": 0.0, "lr": 0.001, "loss": -16.916, "recon_loss": -20.33, "kld_loss": 6.828, "kld_weight": 0.5}
{"message": "", "levelname": "INFO", "name": "Trainer", "asctime": "2026-04-29 21:23:01,547", "type": "train", "epoch": 7, "batch": 6559, "n_batches": 7774, "time": 0.75, "data_time": 0.0, "lr": 0.001, "loss": -12.798, "recon_loss": -16.792, "kld_loss": 7.987, "kld_weight": 0.5}
{"message": "", "levelname": "INFO", "name": "Trainer", "asctime": "2026-04-29 21:23:08,465", "type": "train", "epoch": 7, "batch": 6639, "n_batches": 7774, "time": 0.694, "data_time": 0.0, "lr": 0.001, "loss": -17.39, "recon_loss": -19.917, "kld_loss": 5.055, "kld_weight": 0.5}
{"message": "", "levelname": "INFO", "name": "Trainer", "asctime": "2026-04-29 21:23:14,624", "type": "train", "epoch": 7, "batch": 6719, "n_batches": 7774, "time": 0.573, "data_time": 0.0, "lr": 0.001, "loss": -13.9, "recon_loss": -17.634, "kld_loss": 7.468, "kld_weight": 0.5}
{"message": "", "levelname": "INFO", "name": "Trainer", "asctime": "2026-04-29 21:23:20,581", "type": "train", "epoch": 7, "batch": 6799, "n_batches": 7774, "time": 0.532, "data_time": 0.0, "lr": 0.001, "loss": -11.61, "recon_loss": -16.087, "kld_loss": 8.954, "kld_weight": 0.5}
{"message": "", "levelname": "INFO", "name": "Trainer", "asctime": "2026-04-29 21:23:27,167", "type": "train", "epoch": 7, "batch": 6879, "n_batches": 7774, "time": 0.67, "data_time": 0.0, "lr": 0.001, "loss": -12.475, "recon_loss": -17.54, "kld_loss": 10.13, "kld_weight": 0.5}
{"message": "", "levelname": "INFO", "name": "Trainer", "asctime": "2026-04-29 21:23:33,432", "type": "train", "epoch": 7, "batch": 6959, "n_batches": 7774, "time": 0.53, "data_time": 0.0, "lr": 0.001, "loss": -13.942, "recon_loss": -19.564, "kld_loss": 11.244, "kld_weight": 0.5}
{"message": "", "levelname": "INFO", "name": "Trainer", "asctime": "2026-04-29 21:23:39,741", "type": "train", "epoch": 7, "batch": 7039, "n_batches": 7774, "time": 0.747, "data_time": 0.0, "lr": 0.001, "loss": -9.023, "recon_loss": -13.225, "kld_loss": 8.404, "kld_weight": 0.5}
{"message": "", "levelname": "INFO", "name": "Trainer", "asctime": "2026-04-29 21:23:46,040", "type": "train", "epoch": 7, "batch": 7119, "n_batches": 7774, "time": 0.516, "data_time": 0.0, "lr": 0.001, "loss": -11.969, "recon_loss": -14.955, "kld_loss": 5.973, "kld_weight": 0.5}
{"message": "", "levelname": "INFO", "name": "Trainer", "asctime": "2026-04-29 21:23:52,649", "type": "train", "epoch": 7, "batch": 7199, "n_batches": 7774, "time": 0.641, "data_time": 0.0, "lr": 0.001, "loss": -12.906, "recon_loss": -16.09, "kld_loss": 6.367, "kld_weight": 0.5}
{"message": "", "levelname": "INFO", "name": "Trainer", "asctime": "2026-04-29 21:23:59,368", "type": "train", "epoch": 7, "batch": 7279, "n_batches": 7774, "time": 0.613, "data_time": 0.0, "lr": 0.001, "loss": -14.595, "recon_loss": -17.79, "kld_loss": 6.389, "kld_weight": 0.5}
{"message": "", "levelname": "INFO", "name": "Trainer", "asctime": "2026-04-29 21:24:05,226", "type": "train", "epoch": 7, "batch": 7359, "n_batches": 7774, "time": 0.589, "data_time": 0.0, "lr": 0.001, "loss": -16.696, "recon_loss": -19.019, "kld_loss": 4.647, "kld_weight": 0.5}
{"message": "", "levelname": "INFO", "name": "Trainer", "asctime": "2026-04-29 21:24:11,652", "type": "train", "epoch": 7, "batch": 7439, "n_batches": 7774, "time": 0.726, "data_time": 0.0, "lr": 0.001, "loss": -13.899, "recon_loss": -16.378, "kld_loss": 4.959, "kld_weight": 0.5}
{"message": "", "levelname": "INFO", "name": "Trainer", "asctime": "2026-04-29 21:24:17,932", "type": "train", "epoch": 7, "batch": 7519, "n_batches": 7774, "time": 0.647, "data_time": 0.0, "lr": 0.001, "loss": -13.174, "recon_loss": -14.988, "kld_loss": 3.627, "kld_weight": 0.5}
{"message": "", "levelname": "INFO", "name": "Trainer", "asctime": "2026-04-29 21:24:24,779", "type": "train", "epoch": 7, "batch": 7599, "n_batches": 7774, "time": 0.678, "data_time": 0.0, "lr": 0.001, "loss": -19.813, "recon_loss": -21.817, "kld_loss": 4.008, "kld_weight": 0.5}
{"message": "", "levelname": "INFO", "name": "Trainer", "asctime": "2026-04-29 21:24:31,623", "type": "train", "epoch": 7, "batch": 7679, "n_batches": 7774, "time": 0.496, "data_time": 0.0, "lr": 0.001, "loss": -6.324, "recon_loss": -9.603, "kld_loss": 6.558, "kld_weight": 0.5}
{"message": "", "levelname": "INFO", "name": "Trainer", "asctime": "2026-04-29 21:24:38,459", "type": "train", "epoch": 7, "batch": 7759, "n_batches": 7774, "time": 0.711, "data_time": 0.0, "lr": 0.001, "loss": -14.886, "recon_loss": -19.547, "kld_loss": 9.322, "kld_weight": 0.5}
{"message": "", "levelname": "INFO", "name": "Trainer", "asctime": "2026-04-29 21:24:39,318", "type": "train-epoch", "epoch": 8, "loss": -1.73062, "recon_loss": -2.12137, "kld_loss": 0.7815, "kld_weight": 0.5, "time": 634.9}
{"message": "", "levelname": "INFO", "name": "Trainer", "asctime": "2026-04-29 21:26:32,252", "type": "val-epoch", "epoch": 8, "loss": -1.841, "test_loss": -1.06, "recon_loss": -2.261, "kld_loss": 0.841, "kld_weight": 0.5, "note": "loss is teacher-forced CVAE objective; test_loss is prior-only reconstruction", "time": 112.9}
{"message": "", "levelname": "INFO", "name": "Trainer", "asctime": "2026-04-29 21:26:38,670", "type": "train", "epoch": 8, "batch": 79, "n_batches": 7774, "time": 0.804, "data_time": 0.0, "lr": 0.001, "loss": -17.449, "recon_loss": -20.232, "kld_loss": 5.564, "kld_weight": 0.5}
{"message": "", "levelname": "INFO", "name": "Trainer", "asctime": "2026-04-29 21:26:45,297", "type": "train", "epoch": 8, "batch": 159, "n_batches": 7774, "time": 0.693, "data_time": 0.0, "lr": 0.001, "loss": -9.362, "recon_loss": -15.158, "kld_loss": 11.593, "kld_weight": 0.5}
{"message": "", "levelname": "INFO", "name": "Trainer", "asctime": "2026-04-29 21:26:51,889", "type": "train", "epoch": 8, "batch": 239, "n_batches": 7774, "time": 0.523, "data_time": 0.0, "lr": 0.001, "loss": -14.854, "recon_loss": -17.474, "kld_loss": 5.239, "kld_weight": 0.5}
{"message": "", "levelname": "INFO", "name": "Trainer", "asctime": "2026-04-29 21:26:58,747", "type": "train", "epoch": 8, "batch": 319, "n_batches": 7774, "time": 0.692, "data_time": 0.0, "lr": 0.001, "loss": -12.68, "recon_loss": -16.3, "kld_loss": 7.241, "kld_weight": 0.5}
{"message": "", "levelname": "INFO", "name": "Trainer", "asctime": "2026-04-29 21:27:05,103", "type": "train", "epoch": 8, "batch": 399, "n_batches": 7774, "time": 0.756, "data_time": 0.0, "lr": 0.001, "loss": -18.598, "recon_loss": -20.924, "kld_loss": 4.652, "kld_weight": 0.5}
{"message": "", "levelname": "INFO", "name": "Trainer", "asctime": "2026-04-29 21:27:11,702", "type": "train", "epoch": 8, "batch": 479, "n_batches": 7774, "time": 0.519, "data_time": 0.0, "lr": 0.001, "loss": -11.674, "recon_loss": -13.834, "kld_loss": 4.321, "kld_weight": 0.5}
{"message": "", "levelname": "INFO", "name": "Trainer", "asctime": "2026-04-29 21:27:18,222", "type": "train", "epoch": 8, "batch": 559, "n_batches": 7774, "time": 0.612, "data_time": 0.0, "lr": 0.001, "loss": -15.278, "recon_loss": -18.342, "kld_loss": 6.127, "kld_weight": 0.5}
{"message": "", "levelname": "INFO", "name": "Trainer", "asctime": "2026-04-29 21:27:24,878", "type": "train", "epoch": 8, "batch": 639, "n_batches": 7774, "time": 0.717, "data_time": 0.0, "lr": 0.001, "loss": -17.523, "recon_loss": -19.755, "kld_loss": 4.462, "kld_weight": 0.5}
{"message": "", "levelname": "INFO", "name": "Trainer", "asctime": "2026-04-29 21:27:31,016", "type": "train", "epoch": 8, "batch": 719, "n_batches": 7774, "time": 0.415, "data_time": 0.0, "lr": 0.001, "loss": -12.623, "recon_loss": -17.274, "kld_loss": 9.301, "kld_weight": 0.5}
{"message": "", "levelname": "INFO", "name": "Trainer", "asctime": "2026-04-29 21:27:37,620", "type": "train", "epoch": 8, "batch": 799, "n_batches": 7774, "time": 0.687, "data_time": 0.0, "lr": 0.001, "loss": -10.165, "recon_loss": -15.685, "kld_loss": 11.04, "kld_weight": 0.5}
{"message": "", "levelname": "INFO", "name": "Trainer", "asctime": "2026-04-29 21:27:44,481", "type": "train", "epoch": 8, "batch": 879, "n_batches": 7774, "time": 0.566, "data_time": 0.0, "lr": 0.001, "loss": -14.151, "recon_loss": -18.163, "kld_loss": 8.025, "kld_weight": 0.5}
{"message": "", "levelname": "INFO", "name": "Trainer", "asctime": "2026-04-29 21:27:50,907", "type": "train", "epoch": 8, "batch": 959, "n_batches": 7774, "time": 0.797, "data_time": 0.0, "lr": 0.001, "loss": -20.447, "recon_loss": -22.34, "kld_loss": 3.785, "kld_weight": 0.5}
{"message": "", "levelname": "INFO", "name": "Trainer", "asctime": "2026-04-29 21:27:57,007", "type": "train", "epoch": 8, "batch": 1039, "n_batches": 7774, "time": 0.516, "data_time": 0.0, "lr": 0.001, "loss": -17.197, "recon_loss": -19.302, "kld_loss": 4.209, "kld_weight": 0.5}
{"message": "", "levelname": "INFO", "name": "Trainer", "asctime": "2026-04-29 21:28:03,624", "type": "train", "epoch": 8, "batch": 1119, "n_batches": 7774, "time": 0.614, "data_time": 0.0, "lr": 0.001, "loss": -11.796, "recon_loss": -16.002, "kld_loss": 8.412, "kld_weight": 0.5}
{"message": "", "levelname": "INFO", "name": "Trainer", "asctime": "2026-04-29 21:28:09,889", "type": "train", "epoch": 8, "batch": 1199, "n_batches": 7774, "time": 0.541, "data_time": 0.0, "lr": 0.001, "loss": -8.645, "recon_loss": -12.816, "kld_loss": 8.342, "kld_weight": 0.5}
{"message": "", "levelname": "INFO", "name": "Trainer", "asctime": "2026-04-29 21:28:15,771", "type": "train", "epoch": 8, "batch": 1279, "n_batches": 7774, "time": 0.508, "data_time": 0.0, "lr": 0.001, "loss": -11.672, "recon_loss": -13.613, "kld_loss": 3.881, "kld_weight": 0.5}
{"message": "", "levelname": "INFO", "name": "Trainer", "asctime": "2026-04-29 21:28:22,371", "type": "train", "epoch": 8, "batch": 1359, "n_batches": 7774, "time": 0.907, "data_time": 0.0, "lr": 0.001, "loss": -9.627, "recon_loss": -13.001, "kld_loss": 6.749, "kld_weight": 0.5}
{"message": "", "levelname": "INFO", "name": "Trainer", "asctime": "2026-04-29 21:28:29,148", "type": "train", "epoch": 8, "batch": 1439, "n_batches": 7774, "time": 0.877, "data_time": 0.0, "lr": 0.001, "loss": -18.255, "recon_loss": -20.178, "kld_loss": 3.846, "kld_weight": 0.5}
{"message": "", "levelname": "INFO", "name": "Trainer", "asctime": "2026-04-29 21:28:35,219", "type": "train", "epoch": 8, "batch": 1519, "n_batches": 7774, "time": 0.576, "data_time": 0.0, "lr": 0.001, "loss": -13.168, "recon_loss": -16.673, "kld_loss": 7.009, "kld_weight": 0.5}
{"message": "", "levelname": "INFO", "name": "Trainer", "asctime": "2026-04-29 21:28:41,929", "type": "train", "epoch": 8, "batch": 1599, "n_batches": 7774, "time": 0.712, "data_time": 0.0, "lr": 0.001, "loss": -10.967, "recon_loss": -14.963, "kld_loss": 7.994, "kld_weight": 0.5}
{"message": "", "levelname": "INFO", "name": "Trainer", "asctime": "2026-04-29 21:28:48,728", "type": "train", "epoch": 8, "batch": 1679, "n_batches": 7774, "time": 0.81, "data_time": 0.0, "lr": 0.001, "loss": -9.814, "recon_loss": -13.785, "kld_loss": 7.942, "kld_weight": 0.5}
{"message": "", "levelname": "INFO", "name": "Trainer", "asctime": "2026-04-29 21:28:55,114", "type": "train", "epoch": 8, "batch": 1759, "n_batches": 7774, "time": 0.681, "data_time": 0.0, "lr": 0.001, "loss": -11.924, "recon_loss": -14.054, "kld_loss": 4.26, "kld_weight": 0.5}
{"message": "", "levelname": "INFO", "name": "Trainer", "asctime": "2026-04-29 21:29:01,768", "type": "train", "epoch": 8, "batch": 1839, "n_batches": 7774, "time": 0.615, "data_time": 0.0, "lr": 0.001, "loss": -15.616, "recon_loss": -17.839, "kld_loss": 4.447, "kld_weight": 0.5}
{"message": "", "levelname": "INFO", "name": "Trainer", "asctime": "2026-04-29 21:29:08,199", "type": "train", "epoch": 8, "batch": 1919, "n_batches": 7774, "time": 0.857, "data_time": 0.0, "lr": 0.001, "loss": -11.607, "recon_loss": -17.653, "kld_loss": 12.092, "kld_weight": 0.5}
{"message": "", "levelname": "INFO", "name": "Trainer", "asctime": "2026-04-29 21:29:14,979", "type": "train", "epoch": 8, "batch": 1999, "n_batches": 7774, "time": 0.701, "data_time": 0.0, "lr": 0.001, "loss": -9.755, "recon_loss": -14.707, "kld_loss": 9.905, "kld_weight": 0.5}
{"message": "", "levelname": "INFO", "name": "Trainer", "asctime": "2026-04-29 21:29:21,090", "type": "train", "epoch": 8, "batch": 2079, "n_batches": 7774, "time": 0.53, "data_time": 0.0, "lr": 0.001, "loss": -19.482, "recon_loss": -22.163, "kld_loss": 5.362, "kld_weight": 0.5}
{"message": "", "levelname": "INFO", "name": "Trainer", "asctime": "2026-04-29 21:29:27,622", "type": "train", "epoch": 8, "batch": 2159, "n_batches": 7774, "time": 0.651, "data_time": 0.0, "lr": 0.001, "loss": -16.479, "recon_loss": -19.915, "kld_loss": 6.871, "kld_weight": 0.5}
{"message": "", "levelname": "INFO", "name": "Trainer", "asctime": "2026-04-29 21:29:34,249", "type": "train", "epoch": 8, "batch": 2239, "n_batches": 7774, "time": 0.91, "data_time": 0.0, "lr": 0.001, "loss": -16.502, "recon_loss": -19.242, "kld_loss": 5.48, "kld_weight": 0.5}
{"message": "", "levelname": "INFO", "name": "Trainer", "asctime": "2026-04-29 21:29:40,646", "type": "train", "epoch": 8, "batch": 2319, "n_batches": 7774, "time": 0.51, "data_time": 0.0, "lr": 0.001, "loss": -11.993, "recon_loss": -14.677, "kld_loss": 5.367, "kld_weight": 0.5}
{"message": "", "levelname": "INFO", "name": "Trainer", "asctime": "2026-04-29 21:29:47,275", "type": "train", "epoch": 8, "batch": 2399, "n_batches": 7774, "time": 0.704, "data_time": 0.0, "lr": 0.001, "loss": -17.894, "recon_loss": -20.438, "kld_loss": 5.088, "kld_weight": 0.5}
{"message": "", "levelname": "INFO", "name": "Trainer", "asctime": "2026-04-29 21:29:53,773", "type": "train", "epoch": 8, "batch": 2479, "n_batches": 7774, "time": 0.868, "data_time": 0.0, "lr": 0.001, "loss": -13.346, "recon_loss": -16.309, "kld_loss": 5.927, "kld_weight": 0.5}
{"message": "", "levelname": "INFO", "name": "Trainer", "asctime": "2026-04-29 21:30:00,874", "type": "train", "epoch": 8, "batch": 2559, "n_batches": 7774, "time": 0.859, "data_time": 0.0, "lr": 0.001, "loss": -16.34, "recon_loss": -18.52, "kld_loss": 4.361, "kld_weight": 0.5}
{"message": "", "levelname": "INFO", "name": "Trainer", "asctime": "2026-04-29 21:30:07,344", "type": "train", "epoch": 8, "batch": 2639, "n_batches": 7774, "time": 0.305, "data_time": 0.0, "lr": 0.001, "loss": -10.786, "recon_loss": -14.728, "kld_loss": 7.885, "kld_weight": 0.5}
{"message": "", "levelname": "INFO", "name": "Trainer", "asctime": "2026-04-29 21:30:13,526", "type": "train", "epoch": 8, "batch": 2719, "n_batches": 7774, "time": 0.492, "data_time": 0.0, "lr": 0.001, "loss": -16.595, "recon_loss": -18.64, "kld_loss": 4.091, "kld_weight": 0.5}
{"message": "", "levelname": "INFO", "name": "Trainer", "asctime": "2026-04-29 21:30:20,243", "type": "train", "epoch": 8, "batch": 2799, "n_batches": 7774, "time": 0.686, "data_time": 0.0, "lr": 0.001, "loss": -3.78, "recon_loss": -6.801, "kld_loss": 6.043, "kld_weight": 0.5}
{"message": "", "levelname": "INFO", "name": "Trainer", "asctime": "2026-04-29 21:30:26,847", "type": "train", "epoch": 8, "batch": 2879, "n_batches": 7774, "time": 0.657, "data_time": 0.0, "lr": 0.001, "loss": -14.834, "recon_loss": -17.226, "kld_loss": 4.784, "kld_weight": 0.5}
{"message": "", "levelname": "INFO", "name": "Trainer", "asctime": "2026-04-29 21:30:33,209", "type": "train", "epoch": 8, "batch": 2959, "n_batches": 7774, "time": 0.594, "data_time": 0.0, "lr": 0.001, "loss": -12.026, "recon_loss": -14.809, "kld_loss": 5.565, "kld_weight": 0.5}
{"message": "", "levelname": "INFO", "name": "Trainer", "asctime": "2026-04-29 21:30:40,144", "type": "train", "epoch": 8, "batch": 3039, "n_batches": 7774, "time": 0.686, "data_time": 0.0, "lr": 0.001, "loss": -17.947, "recon_loss": -20.319, "kld_loss": 4.743, "kld_weight": 0.5}
{"message": "", "levelname": "INFO", "name": "Trainer", "asctime": "2026-04-29 21:30:46,916", "type": "train", "epoch": 8, "batch": 3119, "n_batches": 7774, "time": 0.701, "data_time": 0.0, "lr": 0.001, "loss": -12.556, "recon_loss": -16.013, "kld_loss": 6.913, "kld_weight": 0.5}
{"message": "", "levelname": "INFO", "name": "Trainer", "asctime": "2026-04-29 21:30:53,088", "type": "train", "epoch": 8, "batch": 3199, "n_batches": 7774, "time": 0.861, "data_time": 0.0, "lr": 0.001, "loss": -16.158, "recon_loss": -19.496, "kld_loss": 6.677, "kld_weight": 0.5}
{"message": "", "levelname": "INFO", "name": "Trainer", "asctime": "2026-04-29 21:30:58,956", "type": "train", "epoch": 8, "batch": 3279, "n_batches": 7774, "time": 0.776, "data_time": 0.0, "lr": 0.001, "loss": -16.016, "recon_loss": -20.113, "kld_loss": 8.193, "kld_weight": 0.5}
{"message": "", "levelname": "INFO", "name": "Trainer", "asctime": "2026-04-29 21:31:05,294", "type": "train", "epoch": 8, "batch": 3359, "n_batches": 7774, "time": 0.697, "data_time": 0.0, "lr": 0.001, "loss": -14.145, "recon_loss": -16.778, "kld_loss": 5.267, "kld_weight": 0.5}
{"message": "", "levelname": "INFO", "name": "Trainer", "asctime": "2026-04-29 21:31:11,374", "type": "train", "epoch": 8, "batch": 3439, "n_batches": 7774, "time": 0.66, "data_time": 0.0, "lr": 0.001, "loss": -14.027, "recon_loss": -17.449, "kld_loss": 6.845, "kld_weight": 0.5}
{"message": "", "levelname": "INFO", "name": "Trainer", "asctime": "2026-04-29 21:31:18,090", "type": "train", "epoch": 8, "batch": 3519, "n_batches": 7774, "time": 0.605, "data_time": 0.0, "lr": 0.001, "loss": -14.622, "recon_loss": -17.219, "kld_loss": 5.193, "kld_weight": 0.5}
{"message": "", "levelname": "INFO", "name": "Trainer", "asctime": "2026-04-29 21:31:25,228", "type": "train", "epoch": 8, "batch": 3599, "n_batches": 7774, "time": 0.791, "data_time": 0.0, "lr": 0.001, "loss": -14.206, "recon_loss": -16.86, "kld_loss": 5.308, "kld_weight": 0.5}
{"message": "", "levelname": "INFO", "name": "Trainer", "asctime": "2026-04-29 21:31:31,872", "type": "train", "epoch": 8, "batch": 3679, "n_batches": 7774, "time": 0.646, "data_time": 0.0, "lr": 0.001, "loss": -17.844, "recon_loss": -20.747, "kld_loss": 5.806, "kld_weight": 0.5}
{"message": "", "levelname": "INFO", "name": "Trainer", "asctime": "2026-04-29 21:31:38,335", "type": "train", "epoch": 8, "batch": 3759, "n_batches": 7774, "time": 0.834, "data_time": 0.0, "lr": 0.001, "loss": -17.043, "recon_loss": -19.332, "kld_loss": 4.579, "kld_weight": 0.5}
{"message": "", "levelname": "INFO", "name": "Trainer", "asctime": "2026-04-29 21:31:44,418", "type": "train", "epoch": 8, "batch": 3839, "n_batches": 7774, "time": 0.655, "data_time": 0.0, "lr": 0.001, "loss": -12.223, "recon_loss": -16.291, "kld_loss": 8.137, "kld_weight": 0.5}
{"message": "", "levelname": "INFO", "name": "Trainer", "asctime": "2026-04-29 21:31:50,936", "type": "train", "epoch": 8, "batch": 3919, "n_batches": 7774, "time": 0.805, "data_time": 0.0, "lr": 0.001, "loss": -16.839, "recon_loss": -19.264, "kld_loss": 4.851, "kld_weight": 0.5}
{"message": "", "levelname": "INFO", "name": "Trainer", "asctime": "2026-04-29 21:31:57,469", "type": "train", "epoch": 8, "batch": 3999, "n_batches": 7774, "time": 0.606, "data_time": 0.0, "lr": 0.001, "loss": -20.887, "recon_loss": -23.003, "kld_loss": 4.232, "kld_weight": 0.5}
{"message": "", "levelname": "INFO", "name": "Trainer", "asctime": "2026-04-29 21:32:03,979", "type": "train", "epoch": 8, "batch": 4079, "n_batches": 7774, "time": 0.589, "data_time": 0.0, "lr": 0.001, "loss": -16.679, "recon_loss": -19.318, "kld_loss": 5.278, "kld_weight": 0.5}
{"message": "", "levelname": "INFO", "name": "Trainer", "asctime": "2026-04-29 21:32:10,694", "type": "train", "epoch": 8, "batch": 4159, "n_batches": 7774, "time": 0.548, "data_time": 0.0, "lr": 0.001, "loss": -14.714, "recon_loss": -17.955, "kld_loss": 6.482, "kld_weight": 0.5}
{"message": "", "levelname": "INFO", "name": "Trainer", "asctime": "2026-04-29 21:32:17,782", "type": "train", "epoch": 8, "batch": 4239, "n_batches": 7774, "time": 0.704, "data_time": 0.0, "lr": 0.001, "loss": -11.509, "recon_loss": -15.785, "kld_loss": 8.553, "kld_weight": 0.5}
{"message": "", "levelname": "INFO", "name": "Trainer", "asctime": "2026-04-29 21:32:24,303", "type": "train", "epoch": 8, "batch": 4319, "n_batches": 7774, "time": 0.487, "data_time": 0.0, "lr": 0.001, "loss": -11.963, "recon_loss": -15.019, "kld_loss": 6.113, "kld_weight": 0.5}
{"message": "", "levelname": "INFO", "name": "Trainer", "asctime": "2026-04-29 21:32:30,372", "type": "train", "epoch": 8, "batch": 4399, "n_batches": 7774, "time": 0.483, "data_time": 0.0, "lr": 0.001, "loss": -9.728, "recon_loss": -14.42, "kld_loss": 9.383, "kld_weight": 0.5}
{"message": "", "levelname": "INFO", "name": "Trainer", "asctime": "2026-04-29 21:32:36,840", "type": "train", "epoch": 8, "batch": 4479, "n_batches": 7774, "time": 0.584, "data_time": 0.0, "lr": 0.001, "loss": -16.533, "recon_loss": -19.298, "kld_loss": 5.53, "kld_weight": 0.5}
{"message": "", "levelname": "INFO", "name": "Trainer", "asctime": "2026-04-29 21:32:43,299", "type": "train", "epoch": 8, "batch": 4559, "n_batches": 7774, "time": 0.776, "data_time": 0.0, "lr": 0.001, "loss": -17.617, "recon_loss": -19.508, "kld_loss": 3.782, "kld_weight": 0.5}
{"message": "", "levelname": "INFO", "name": "Trainer", "asctime": "2026-04-29 21:32:50,532", "type": "train", "epoch": 8, "batch": 4639, "n_batches": 7774, "time": 0.766, "data_time": 0.0, "lr": 0.001, "loss": -17.74, "recon_loss": -19.339, "kld_loss": 3.198, "kld_weight": 0.5}
{"message": "", "levelname": "INFO", "name": "Trainer", "asctime": "2026-04-29 21:32:56,902", "type": "train", "epoch": 8, "batch": 4719, "n_batches": 7774, "time": 0.556, "data_time": 0.0, "lr": 0.001, "loss": -17.296, "recon_loss": -20.713, "kld_loss": 6.835, "kld_weight": 0.5}
{"message": "", "levelname": "INFO", "name": "Trainer", "asctime": "2026-04-29 21:33:03,394", "type": "train", "epoch": 8, "batch": 4799, "n_batches": 7774, "time": 0.592, "data_time": 0.0, "lr": 0.001, "loss": -4.647, "recon_loss": -7.638, "kld_loss": 5.983, "kld_weight": 0.5}
{"message": "", "levelname": "INFO", "name": "Trainer", "asctime": "2026-04-29 21:33:09,901", "type": "train", "epoch": 8, "batch": 4879, "n_batches": 7774, "time": 0.665, "data_time": 0.0, "lr": 0.001, "loss": -16.257, "recon_loss": -18.437, "kld_loss": 4.36, "kld_weight": 0.5}
{"message": "", "levelname": "INFO", "name": "Trainer", "asctime": "2026-04-29 21:33:16,413", "type": "train", "epoch": 8, "batch": 4959, "n_batches": 7774, "time": 0.826, "data_time": 0.0, "lr": 0.001, "loss": -14.461, "recon_loss": -17.56, "kld_loss": 6.199, "kld_weight": 0.5}
{"message": "", "levelname": "INFO", "name": "Trainer", "asctime": "2026-04-29 21:33:22,855", "type": "train", "epoch": 8, "batch": 5039, "n_batches": 7774, "time": 0.791, "data_time": 0.0, "lr": 0.001, "loss": -14.153, "recon_loss": -18.399, "kld_loss": 8.492, "kld_weight": 0.5}
{"message": "", "levelname": "INFO", "name": "Trainer", "asctime": "2026-04-29 21:33:29,101", "type": "train", "epoch": 8, "batch": 5119, "n_batches": 7774, "time": 0.686, "data_time": 0.0, "lr": 0.001, "loss": -10.973, "recon_loss": -14.069, "kld_loss": 6.191, "kld_weight": 0.5}
{"message": "", "levelname": "INFO", "name": "Trainer", "asctime": "2026-04-29 21:33:36,050", "type": "train", "epoch": 8, "batch": 5199, "n_batches": 7774, "time": 0.586, "data_time": 0.0, "lr": 0.001, "loss": -15.556, "recon_loss": -18.711, "kld_loss": 6.309, "kld_weight": 0.5}
{"message": "", "levelname": "INFO", "name": "Trainer", "asctime": "2026-04-29 21:33:43,520", "type": "train", "epoch": 8, "batch": 5279, "n_batches": 7774, "time": 0.632, "data_time": 0.0, "lr": 0.001, "loss": -19.907, "recon_loss": -21.898, "kld_loss": 3.982, "kld_weight": 0.5}
{"message": "", "levelname": "INFO", "name": "Trainer", "asctime": "2026-04-29 21:33:50,687", "type": "train", "epoch": 8, "batch": 5359, "n_batches": 7774, "time": 0.625, "data_time": 0.0, "lr": 0.001, "loss": -10.298, "recon_loss": -13.636, "kld_loss": 6.675, "kld_weight": 0.5}
{"message": "", "levelname": "INFO", "name": "Trainer", "asctime": "2026-04-29 21:33:56,483", "type": "train", "epoch": 8, "batch": 5439, "n_batches": 7774, "time": 0.653, "data_time": 0.0, "lr": 0.001, "loss": -8.67, "recon_loss": -11.738, "kld_loss": 6.135, "kld_weight": 0.5}
{"message": "", "levelname": "INFO", "name": "Trainer", "asctime": "2026-04-29 21:34:02,888", "type": "train", "epoch": 8, "batch": 5519, "n_batches": 7774, "time": 0.486, "data_time": 0.0, "lr": 0.001, "loss": -17.179, "recon_loss": -19.209, "kld_loss": 4.06, "kld_weight": 0.5}
{"message": "", "levelname": "INFO", "name": "Trainer", "asctime": "2026-04-29 21:34:09,455", "type": "train", "epoch": 8, "batch": 5599, "n_batches": 7774, "time": 0.822, "data_time": 0.0, "lr": 0.001, "loss": -15.646, "recon_loss": -19.125, "kld_loss": 6.958, "kld_weight": 0.5}
{"message": "", "levelname": "INFO", "name": "Trainer", "asctime": "2026-04-29 21:34:16,100", "type": "train", "epoch": 8, "batch": 5679, "n_batches": 7774, "time": 0.717, "data_time": 0.0, "lr": 0.001, "loss": -11.274, "recon_loss": -14.809, "kld_loss": 7.069, "kld_weight": 0.5}
{"message": "", "levelname": "INFO", "name": "Trainer", "asctime": "2026-04-29 21:34:22,495", "type": "train", "epoch": 8, "batch": 5759, "n_batches": 7774, "time": 0.641, "data_time": 0.0, "lr": 0.001, "loss": -15.298, "recon_loss": -19.148, "kld_loss": 7.7, "kld_weight": 0.5}
{"message": "", "levelname": "INFO", "name": "Trainer", "asctime": "2026-04-29 21:34:29,815", "type": "train", "epoch": 8, "batch": 5839, "n_batches": 7774, "time": 0.613, "data_time": 0.0, "lr": 0.001, "loss": -18.682, "recon_loss": -21.507, "kld_loss": 5.65, "kld_weight": 0.5}
{"message": "", "levelname": "INFO", "name": "Trainer", "asctime": "2026-04-29 21:34:35,993", "type": "train", "epoch": 8, "batch": 5919, "n_batches": 7774, "time": 0.66, "data_time": 0.0, "lr": 0.001, "loss": -17.546, "recon_loss": -20.015, "kld_loss": 4.938, "kld_weight": 0.5}
{"message": "", "levelname": "INFO", "name": "Trainer", "asctime": "2026-04-29 21:34:42,578", "type": "train", "epoch": 8, "batch": 5999, "n_batches": 7774, "time": 0.558, "data_time": 0.0, "lr": 0.001, "loss": -14.397, "recon_loss": -18.541, "kld_loss": 8.288, "kld_weight": 0.5}
{"message": "", "levelname": "INFO", "name": "Trainer", "asctime": "2026-04-29 21:34:49,072", "type": "train", "epoch": 8, "batch": 6079, "n_batches": 7774, "time": 0.449, "data_time": 0.0, "lr": 0.001, "loss": -15.954, "recon_loss": -19.339, "kld_loss": 6.769, "kld_weight": 0.5}
{"message": "", "levelname": "INFO", "name": "Trainer", "asctime": "2026-04-29 21:34:55,461", "type": "train", "epoch": 8, "batch": 6159, "n_batches": 7774, "time": 0.671, "data_time": 0.0, "lr": 0.001, "loss": -14.878, "recon_loss": -19.4, "kld_loss": 9.043, "kld_weight": 0.5}
{"message": "", "levelname": "INFO", "name": "Trainer", "asctime": "2026-04-29 21:35:01,680", "type": "train", "epoch": 8, "batch": 6239, "n_batches": 7774, "time": 0.523, "data_time": 0.0, "lr": 0.001, "loss": -12.495, "recon_loss": -15.631, "kld_loss": 6.272, "kld_weight": 0.5}
{"message": "", "levelname": "INFO", "name": "Trainer", "asctime": "2026-04-29 21:35:08,322", "type": "train", "epoch": 8, "batch": 6319, "n_batches": 7774, "time": 0.807, "data_time": 0.0, "lr": 0.001, "loss": -14.249, "recon_loss": -17.503, "kld_loss": 6.508, "kld_weight": 0.5}
{"message": "", "levelname": "INFO", "name": "Trainer", "asctime": "2026-04-29 21:35:15,064", "type": "train", "epoch": 8, "batch": 6399, "n_batches": 7774, "time": 0.608, "data_time": 0.0, "lr": 0.001, "loss": -18.286, "recon_loss": -20.901, "kld_loss": 5.229, "kld_weight": 0.5}
{"message": "", "levelname": "INFO", "name": "Trainer", "asctime": "2026-04-29 21:35:21,536", "type": "train", "epoch": 8, "batch": 6479, "n_batches": 7774, "time": 0.797, "data_time": 0.0, "lr": 0.001, "loss": -7.921, "recon_loss": -11.942, "kld_loss": 8.042, "kld_weight": 0.5}
{"message": "", "levelname": "INFO", "name": "Trainer", "asctime": "2026-04-29 21:35:28,177", "type": "train", "epoch": 8, "batch": 6559, "n_batches": 7774, "time": 0.557, "data_time": 0.0, "lr": 0.001, "loss": -9.531, "recon_loss": -12.854, "kld_loss": 6.646, "kld_weight": 0.5}
{"message": "", "levelname": "INFO", "name": "Trainer", "asctime": "2026-04-29 21:35:35,060", "type": "train", "epoch": 8, "batch": 6639, "n_batches": 7774, "time": 0.543, "data_time": 0.0, "lr": 0.001, "loss": -16.114, "recon_loss": -18.251, "kld_loss": 4.274, "kld_weight": 0.5}
{"message": "", "levelname": "INFO", "name": "Trainer", "asctime": "2026-04-29 21:35:42,003", "type": "train", "epoch": 8, "batch": 6719, "n_batches": 7774, "time": 0.598, "data_time": 0.0, "lr": 0.001, "loss": -17.375, "recon_loss": -19.4, "kld_loss": 4.051, "kld_weight": 0.5}
{"message": "", "levelname": "INFO", "name": "Trainer", "asctime": "2026-04-29 21:35:49,118", "type": "train", "epoch": 8, "batch": 6799, "n_batches": 7774, "time": 0.686, "data_time": 0.0, "lr": 0.001, "loss": -13.278, "recon_loss": -17.875, "kld_loss": 9.194, "kld_weight": 0.5}
{"message": "", "levelname": "INFO", "name": "Trainer", "asctime": "2026-04-29 21:35:55,641", "type": "train", "epoch": 8, "batch": 6879, "n_batches": 7774, "time": 0.663, "data_time": 0.0, "lr": 0.001, "loss": -12.006, "recon_loss": -14.736, "kld_loss": 5.461, "kld_weight": 0.5}
{"message": "", "levelname": "INFO", "name": "Trainer", "asctime": "2026-04-29 21:36:02,013", "type": "train", "epoch": 8, "batch": 6959, "n_batches": 7774, "time": 0.821, "data_time": 0.0, "lr": 0.001, "loss": -17.127, "recon_loss": -19.44, "kld_loss": 4.627, "kld_weight": 0.5}
{"message": "", "levelname": "INFO", "name": "Trainer", "asctime": "2026-04-29 21:36:08,331", "type": "train", "epoch": 8, "batch": 7039, "n_batches": 7774, "time": 0.695, "data_time": 0.0, "lr": 0.001, "loss": -10.425, "recon_loss": -14.483, "kld_loss": 8.115, "kld_weight": 0.5}
{"message": "", "levelname": "INFO", "name": "Trainer", "asctime": "2026-04-29 21:36:15,247", "type": "train", "epoch": 8, "batch": 7119, "n_batches": 7774, "time": 0.639, "data_time": 0.0, "lr": 0.001, "loss": -10.053, "recon_loss": -14.46, "kld_loss": 8.815, "kld_weight": 0.5}
{"message": "", "levelname": "INFO", "name": "Trainer", "asctime": "2026-04-29 21:36:21,816", "type": "train", "epoch": 8, "batch": 7199, "n_batches": 7774, "time": 0.588, "data_time": 0.0, "lr": 0.001, "loss": -18.258, "recon_loss": -20.831, "kld_loss": 5.146, "kld_weight": 0.5}
{"message": "", "levelname": "INFO", "name": "Trainer", "asctime": "2026-04-29 21:36:27,952", "type": "train", "epoch": 8, "batch": 7279, "n_batches": 7774, "time": 0.593, "data_time": 0.0, "lr": 0.001, "loss": -12.062, "recon_loss": -15.154, "kld_loss": 6.183, "kld_weight": 0.5}
{"message": "", "levelname": "INFO", "name": "Trainer", "asctime": "2026-04-29 21:36:34,554", "type": "train", "epoch": 8, "batch": 7359, "n_batches": 7774, "time": 0.697, "data_time": 0.0, "lr": 0.001, "loss": -11.113, "recon_loss": -13.336, "kld_loss": 4.447, "kld_weight": 0.5}
{"message": "", "levelname": "INFO", "name": "Trainer", "asctime": "2026-04-29 21:36:40,872", "type": "train", "epoch": 8, "batch": 7439, "n_batches": 7774, "time": 0.661, "data_time": 0.0, "lr": 0.001, "loss": -6.229, "recon_loss": -9.146, "kld_loss": 5.834, "kld_weight": 0.5}
{"message": "", "levelname": "INFO", "name": "Trainer", "asctime": "2026-04-29 21:36:47,377", "type": "train", "epoch": 8, "batch": 7519, "n_batches": 7774, "time": 0.544, "data_time": 0.0, "lr": 0.001, "loss": -13.157, "recon_loss": -15.996, "kld_loss": 5.678, "kld_weight": 0.5}
{"message": "", "levelname": "INFO", "name": "Trainer", "asctime": "2026-04-29 21:36:53,773", "type": "train", "epoch": 8, "batch": 7599, "n_batches": 7774, "time": 0.62, "data_time": 0.0, "lr": 0.001, "loss": -12.822, "recon_loss": -16.948, "kld_loss": 8.252, "kld_weight": 0.5}
{"message": "", "levelname": "INFO", "name": "Trainer", "asctime": "2026-04-29 21:36:59,676", "type": "train", "epoch": 8, "batch": 7679, "n_batches": 7774, "time": 0.577, "data_time": 0.0, "lr": 0.001, "loss": -16.79, "recon_loss": -18.642, "kld_loss": 3.705, "kld_weight": 0.5}
{"message": "", "levelname": "INFO", "name": "Trainer", "asctime": "2026-04-29 21:37:06,504", "type": "train", "epoch": 8, "batch": 7759, "n_batches": 7774, "time": 0.632, "data_time": 0.0, "lr": 0.001, "loss": -10.904, "recon_loss": -14.735, "kld_loss": 7.663, "kld_weight": 0.5}
{"message": "", "levelname": "INFO", "name": "Trainer", "asctime": "2026-04-29 21:37:07,517", "type": "train-epoch", "epoch": 9, "loss": -1.74807, "recon_loss": -2.14661, "kld_loss": 0.79706, "kld_weight": 0.5, "time": 635.3}
{"message": "", "levelname": "INFO", "name": "Trainer", "asctime": "2026-04-29 21:39:00,347", "type": "val-epoch", "epoch": 9, "loss": -1.874, "test_loss": -1.279, "recon_loss": -2.279, "kld_loss": 0.81, "kld_weight": 0.5, "note": "loss is teacher-forced CVAE objective; test_loss is prior-only reconstruction", "time": 112.8}
{"message": "", "levelname": "INFO", "name": "Trainer", "asctime": "2026-04-29 21:39:06,768", "type": "train", "epoch": 9, "batch": 79, "n_batches": 7774, "time": 0.551, "data_time": 0.0, "lr": 0.001, "loss": -16.546, "recon_loss": -19.82, "kld_loss": 6.548, "kld_weight": 0.5}
{"message": "", "levelname": "INFO", "name": "Trainer", "asctime": "2026-04-29 21:39:13,341", "type": "train", "epoch": 9, "batch": 159, "n_batches": 7774, "time": 0.771, "data_time": 0.0, "lr": 0.001, "loss": -10.705, "recon_loss": -14.574, "kld_loss": 7.737, "kld_weight": 0.5}
{"message": "", "levelname": "INFO", "name": "Trainer", "asctime": "2026-04-29 21:39:20,088", "type": "train", "epoch": 9, "batch": 239, "n_batches": 7774, "time": 0.635, "data_time": 0.0, "lr": 0.001, "loss": -12.015, "recon_loss": -15.29, "kld_loss": 6.551, "kld_weight": 0.5}
{"message": "", "levelname": "INFO", "name": "Trainer", "asctime": "2026-04-29 21:39:26,621", "type": "train", "epoch": 9, "batch": 319, "n_batches": 7774, "time": 0.709, "data_time": 0.0, "lr": 0.001, "loss": -13.289, "recon_loss": -16.857, "kld_loss": 7.138, "kld_weight": 0.5}
{"message": "", "levelname": "INFO", "name": "Trainer", "asctime": "2026-04-29 21:39:33,482", "type": "train", "epoch": 9, "batch": 399, "n_batches": 7774, "time": 0.783, "data_time": 0.0, "lr": 0.001, "loss": -19.075, "recon_loss": -21.312, "kld_loss": 4.475, "kld_weight": 0.5}
{"message": "", "levelname": "INFO", "name": "Trainer", "asctime": "2026-04-29 21:39:39,654", "type": "train", "epoch": 9, "batch": 479, "n_batches": 7774, "time": 0.616, "data_time": 0.0, "lr": 0.001, "loss": -9.355, "recon_loss": -12.982, "kld_loss": 7.253, "kld_weight": 0.5}
{"message": "", "levelname": "INFO", "name": "Trainer", "asctime": "2026-04-29 21:39:46,067", "type": "train", "epoch": 9, "batch": 559, "n_batches": 7774, "time": 0.612, "data_time": 0.0, "lr": 0.001, "loss": -10.56, "recon_loss": -13.714, "kld_loss": 6.309, "kld_weight": 0.5}
{"message": "", "levelname": "INFO", "name": "Trainer", "asctime": "2026-04-29 21:39:52,764", "type": "train", "epoch": 9, "batch": 639, "n_batches": 7774, "time": 0.579, "data_time": 0.0, "lr": 0.001, "loss": -14.41, "recon_loss": -17.814, "kld_loss": 6.809, "kld_weight": 0.5}
{"message": "", "levelname": "INFO", "name": "Trainer", "asctime": "2026-04-29 21:39:59,815", "type": "train", "epoch": 9, "batch": 719, "n_batches": 7774, "time": 0.814, "data_time": 0.0, "lr": 0.001, "loss": -15.536, "recon_loss": -17.617, "kld_loss": 4.161, "kld_weight": 0.5}
{"message": "", "levelname": "INFO", "name": "Trainer", "asctime": "2026-04-29 21:40:06,061", "type": "train", "epoch": 9, "batch": 799, "n_batches": 7774, "time": 0.634, "data_time": 0.0, "lr": 0.001, "loss": -11.805, "recon_loss": -15.323, "kld_loss": 7.034, "kld_weight": 0.5}
{"message": "", "levelname": "INFO", "name": "Trainer", "asctime": "2026-04-29 21:40:13,112", "type": "train", "epoch": 9, "batch": 879, "n_batches": 7774, "time": 0.839, "data_time": 0.0, "lr": 0.001, "loss": -4.313, "recon_loss": -8.386, "kld_loss": 8.147, "kld_weight": 0.5}
{"message": "", "levelname": "INFO", "name": "Trainer", "asctime": "2026-04-29 21:40:19,540", "type": "train", "epoch": 9, "batch": 959, "n_batches": 7774, "time": 0.646, "data_time": 0.0, "lr": 0.001, "loss": -18.615, "recon_loss": -20.429, "kld_loss": 3.628, "kld_weight": 0.5}
{"message": "", "levelname": "INFO", "name": "Trainer", "asctime": "2026-04-29 21:40:26,114", "type": "train", "epoch": 9, "batch": 1039, "n_batches": 7774, "time": 0.636, "data_time": 0.0, "lr": 0.001, "loss": -18.734, "recon_loss": -21.18, "kld_loss": 4.892, "kld_weight": 0.5}
{"message": "", "levelname": "INFO", "name": "Trainer", "asctime": "2026-04-29 21:40:32,593", "type": "train", "epoch": 9, "batch": 1119, "n_batches": 7774, "time": 0.447, "data_time": 0.0, "lr": 0.001, "loss": -18.652, "recon_loss": -21.407, "kld_loss": 5.51, "kld_weight": 0.5}
{"message": "", "levelname": "INFO", "name": "Trainer", "asctime": "2026-04-29 21:40:38,948", "type": "train", "epoch": 9, "batch": 1199, "n_batches": 7774, "time": 0.706, "data_time": 0.0, "lr": 0.001, "loss": -16.176, "recon_loss": -18.535, "kld_loss": 4.717, "kld_weight": 0.5}
{"message": "", "levelname": "INFO", "name": "Trainer", "asctime": "2026-04-29 21:40:45,419", "type": "train", "epoch": 9, "batch": 1279, "n_batches": 7774, "time": 0.632, "data_time": 0.0, "lr": 0.001, "loss": -3.193, "recon_loss": -7.094, "kld_loss": 7.801, "kld_weight": 0.5}
{"message": "", "levelname": "INFO", "name": "Trainer", "asctime": "2026-04-29 21:40:51,985", "type": "train", "epoch": 9, "batch": 1359, "n_batches": 7774, "time": 0.683, "data_time": 0.0, "lr": 0.001, "loss": -14.211, "recon_loss": -16.777, "kld_loss": 5.132, "kld_weight": 0.5}
{"message": "", "levelname": "INFO", "name": "Trainer", "asctime": "2026-04-29 21:40:58,221", "type": "train", "epoch": 9, "batch": 1439, "n_batches": 7774, "time": 0.631, "data_time": 0.0, "lr": 0.001, "loss": -17.473, "recon_loss": -20.384, "kld_loss": 5.82, "kld_weight": 0.5}
{"message": "", "levelname": "INFO", "name": "Trainer", "asctime": "2026-04-29 21:41:04,721", "type": "train", "epoch": 9, "batch": 1519, "n_batches": 7774, "time": 0.809, "data_time": 0.0, "lr": 0.001, "loss": -17.442, "recon_loss": -20.011, "kld_loss": 5.138, "kld_weight": 0.5}
{"message": "", "levelname": "INFO", "name": "Trainer", "asctime": "2026-04-29 21:41:11,019", "type": "train", "epoch": 9, "batch": 1599, "n_batches": 7774, "time": 0.606, "data_time": 0.0, "lr": 0.001, "loss": -15.924, "recon_loss": -19.581, "kld_loss": 7.314, "kld_weight": 0.5}
{"message": "", "levelname": "INFO", "name": "Trainer", "asctime": "2026-04-29 21:41:17,537", "type": "train", "epoch": 9, "batch": 1679, "n_batches": 7774, "time": 0.584, "data_time": 0.0, "lr": 0.001, "loss": -14.922, "recon_loss": -20.174, "kld_loss": 10.504, "kld_weight": 0.5}
{"message": "", "levelname": "INFO", "name": "Trainer", "asctime": "2026-04-29 21:41:24,153", "type": "train", "epoch": 9, "batch": 1759, "n_batches": 7774, "time": 0.668, "data_time": 0.0, "lr": 0.001, "loss": -11.34, "recon_loss": -16.107, "kld_loss": 9.533, "kld_weight": 0.5}
{"message": "", "levelname": "INFO", "name": "Trainer", "asctime": "2026-04-29 21:41:30,203", "type": "train", "epoch": 9, "batch": 1839, "n_batches": 7774, "time": 0.604, "data_time": 0.0, "lr": 0.001, "loss": -16.519, "recon_loss": -19.539, "kld_loss": 6.039, "kld_weight": 0.5}
{"message": "", "levelname": "INFO", "name": "Trainer", "asctime": "2026-04-29 21:41:36,169", "type": "train", "epoch": 9, "batch": 1919, "n_batches": 7774, "time": 0.564, "data_time": 0.0, "lr": 0.001, "loss": -13.576, "recon_loss": -16.943, "kld_loss": 6.733, "kld_weight": 0.5}
{"message": "", "levelname": "INFO", "name": "Trainer", "asctime": "2026-04-29 21:41:43,009", "type": "train", "epoch": 9, "batch": 1999, "n_batches": 7774, "time": 0.615, "data_time": 0.0, "lr": 0.001, "loss": -11.131, "recon_loss": -15.21, "kld_loss": 8.157, "kld_weight": 0.5}
{"message": "", "levelname": "INFO", "name": "Trainer", "asctime": "2026-04-29 21:41:49,792", "type": "train", "epoch": 9, "batch": 2079, "n_batches": 7774, "time": 0.764, "data_time": 0.0, "lr": 0.001, "loss": -17.535, "recon_loss": -20.508, "kld_loss": 5.945, "kld_weight": 0.5}
{"message": "", "levelname": "INFO", "name": "Trainer", "asctime": "2026-04-29 21:41:56,881", "type": "train", "epoch": 9, "batch": 2159, "n_batches": 7774, "time": 0.544, "data_time": 0.0, "lr": 0.001, "loss": -10.018, "recon_loss": -16.657, "kld_loss": 13.277, "kld_weight": 0.5}
{"message": "", "levelname": "INFO", "name": "Trainer", "asctime": "2026-04-29 21:42:03,301", "type": "train", "epoch": 9, "batch": 2239, "n_batches": 7774, "time": 0.665, "data_time": 0.0, "lr": 0.001, "loss": -8.014, "recon_loss": -13.356, "kld_loss": 10.685, "kld_weight": 0.5}
{"message": "", "levelname": "INFO", "name": "Trainer", "asctime": "2026-04-29 21:42:10,053", "type": "train", "epoch": 9, "batch": 2319, "n_batches": 7774, "time": 0.586, "data_time": 0.0, "lr": 0.001, "loss": -16.049, "recon_loss": -18.802, "kld_loss": 5.505, "kld_weight": 0.5}
{"message": "", "levelname": "INFO", "name": "Trainer", "asctime": "2026-04-29 21:42:16,491", "type": "train", "epoch": 9, "batch": 2399, "n_batches": 7774, "time": 0.467, "data_time": 0.0, "lr": 0.001, "loss": -12.717, "recon_loss": -15.753, "kld_loss": 6.072, "kld_weight": 0.5}
{"message": "", "levelname": "INFO", "name": "Trainer", "asctime": "2026-04-29 21:42:22,912", "type": "train", "epoch": 9, "batch": 2479, "n_batches": 7774, "time": 0.791, "data_time": 0.0, "lr": 0.001, "loss": -13.192, "recon_loss": -16.44, "kld_loss": 6.497, "kld_weight": 0.5}
{"message": "", "levelname": "INFO", "name": "Trainer", "asctime": "2026-04-29 21:42:29,706", "type": "train", "epoch": 9, "batch": 2559, "n_batches": 7774, "time": 0.568, "data_time": 0.0, "lr": 0.001, "loss": -12.307, "recon_loss": -17.036, "kld_loss": 9.457, "kld_weight": 0.5}
{"message": "", "levelname": "INFO", "name": "Trainer", "asctime": "2026-04-29 21:42:36,299", "type": "train", "epoch": 9, "batch": 2639, "n_batches": 7774, "time": 0.768, "data_time": 0.0, "lr": 0.001, "loss": -12.972, "recon_loss": -15.95, "kld_loss": 5.956, "kld_weight": 0.5}
{"message": "", "levelname": "INFO", "name": "Trainer", "asctime": "2026-04-29 21:42:42,714", "type": "train", "epoch": 9, "batch": 2719, "n_batches": 7774, "time": 0.608, "data_time": 0.0, "lr": 0.001, "loss": -11.037, "recon_loss": -14.767, "kld_loss": 7.46, "kld_weight": 0.5}
{"message": "", "levelname": "INFO", "name": "Trainer", "asctime": "2026-04-29 21:42:49,516", "type": "train", "epoch": 9, "batch": 2799, "n_batches": 7774, "time": 0.541, "data_time": 0.0, "lr": 0.001, "loss": -18.135, "recon_loss": -20.643, "kld_loss": 5.016, "kld_weight": 0.5}
{"message": "", "levelname": "INFO", "name": "Trainer", "asctime": "2026-04-29 21:42:56,431", "type": "train", "epoch": 9, "batch": 2879, "n_batches": 7774, "time": 0.847, "data_time": 0.0, "lr": 0.001, "loss": -16.028, "recon_loss": -18.713, "kld_loss": 5.37, "kld_weight": 0.5}
{"message": "", "levelname": "INFO", "name": "Trainer", "asctime": "2026-04-29 21:43:02,969", "type": "train", "epoch": 9, "batch": 2959, "n_batches": 7774, "time": 0.493, "data_time": 0.0, "lr": 0.001, "loss": -9.578, "recon_loss": -15.352, "kld_loss": 11.548, "kld_weight": 0.5}
{"message": "", "levelname": "INFO", "name": "Trainer", "asctime": "2026-04-29 21:43:09,540", "type": "train", "epoch": 9, "batch": 3039, "n_batches": 7774, "time": 0.544, "data_time": 0.0, "lr": 0.001, "loss": -12.874, "recon_loss": -17.663, "kld_loss": 9.578, "kld_weight": 0.5}
{"message": "", "levelname": "INFO", "name": "Trainer", "asctime": "2026-04-29 21:43:15,960", "type": "train", "epoch": 9, "batch": 3119, "n_batches": 7774, "time": 0.648, "data_time": 0.0, "lr": 0.001, "loss": -12.683, "recon_loss": -15.113, "kld_loss": 4.861, "kld_weight": 0.5}
{"message": "", "levelname": "INFO", "name": "Trainer", "asctime": "2026-04-29 21:43:22,840", "type": "train", "epoch": 9, "batch": 3199, "n_batches": 7774, "time": 0.594, "data_time": 0.0, "lr": 0.001, "loss": -17.896, "recon_loss": -20.109, "kld_loss": 4.425, "kld_weight": 0.5}
{"message": "", "levelname": "INFO", "name": "Trainer", "asctime": "2026-04-29 21:43:28,786", "type": "train", "epoch": 9, "batch": 3279, "n_batches": 7774, "time": 0.626, "data_time": 0.0, "lr": 0.001, "loss": -14.759, "recon_loss": -17.781, "kld_loss": 6.044, "kld_weight": 0.5}
{"message": "", "levelname": "INFO", "name": "Trainer", "asctime": "2026-04-29 21:43:35,198", "type": "train", "epoch": 9, "batch": 3359, "n_batches": 7774, "time": 0.436, "data_time": 0.0, "lr": 0.001, "loss": -14.023, "recon_loss": -16.623, "kld_loss": 5.2, "kld_weight": 0.5}
{"message": "", "levelname": "INFO", "name": "Trainer", "asctime": "2026-04-29 21:43:42,299", "type": "train", "epoch": 9, "batch": 3439, "n_batches": 7774, "time": 0.756, "data_time": 0.0, "lr": 0.001, "loss": -10.101, "recon_loss": -13.769, "kld_loss": 7.336, "kld_weight": 0.5}
{"message": "", "levelname": "INFO", "name": "Trainer", "asctime": "2026-04-29 21:43:48,450", "type": "train", "epoch": 9, "batch": 3519, "n_batches": 7774, "time": 0.558, "data_time": 0.0, "lr": 0.001, "loss": -14.588, "recon_loss": -16.881, "kld_loss": 4.586, "kld_weight": 0.5}
{"message": "", "levelname": "INFO", "name": "Trainer", "asctime": "2026-04-29 21:43:54,988", "type": "train", "epoch": 9, "batch": 3599, "n_batches": 7774, "time": 0.606, "data_time": 0.0, "lr": 0.001, "loss": -15.268, "recon_loss": -17.338, "kld_loss": 4.141, "kld_weight": 0.5}
{"message": "", "levelname": "INFO", "name": "Trainer", "asctime": "2026-04-29 21:44:01,702", "type": "train", "epoch": 9, "batch": 3679, "n_batches": 7774, "time": 0.715, "data_time": 0.0, "lr": 0.001, "loss": -11.994, "recon_loss": -17.216, "kld_loss": 10.445, "kld_weight": 0.5}
{"message": "", "levelname": "INFO", "name": "Trainer", "asctime": "2026-04-29 21:44:08,433", "type": "train", "epoch": 9, "batch": 3759, "n_batches": 7774, "time": 0.588, "data_time": 0.0, "lr": 0.001, "loss": -13.813, "recon_loss": -18.43, "kld_loss": 9.235, "kld_weight": 0.5}
{"message": "", "levelname": "INFO", "name": "Trainer", "asctime": "2026-04-29 21:44:14,987", "type": "train", "epoch": 9, "batch": 3839, "n_batches": 7774, "time": 0.668, "data_time": 0.0, "lr": 0.001, "loss": -15.172, "recon_loss": -18.04, "kld_loss": 5.735, "kld_weight": 0.5}
{"message": "", "levelname": "INFO", "name": "Trainer", "asctime": "2026-04-29 21:44:22,215", "type": "train", "epoch": 9, "batch": 3919, "n_batches": 7774, "time": 0.656, "data_time": 0.0, "lr": 0.001, "loss": -15.535, "recon_loss": -19.09, "kld_loss": 7.111, "kld_weight": 0.5}
{"message": "", "levelname": "INFO", "name": "Trainer", "asctime": "2026-04-29 21:44:29,525", "type": "train", "epoch": 9, "batch": 3999, "n_batches": 7774, "time": 0.843, "data_time": 0.0, "lr": 0.001, "loss": -9.723, "recon_loss": -13.149, "kld_loss": 6.853, "kld_weight": 0.5}
{"message": "", "levelname": "INFO", "name": "Trainer", "asctime": "2026-04-29 21:44:36,942", "type": "train", "epoch": 9, "batch": 4079, "n_batches": 7774, "time": 0.814, "data_time": 0.0, "lr": 0.001, "loss": -17.876, "recon_loss": -19.89, "kld_loss": 4.028, "kld_weight": 0.5}
{"message": "", "levelname": "INFO", "name": "Trainer", "asctime": "2026-04-29 21:44:43,439", "type": "train", "epoch": 9, "batch": 4159, "n_batches": 7774, "time": 0.626, "data_time": 0.0, "lr": 0.001, "loss": -15.83, "recon_loss": -19.03, "kld_loss": 6.399, "kld_weight": 0.5}
{"message": "", "levelname": "INFO", "name": "Trainer", "asctime": "2026-04-29 21:44:49,861", "type": "train", "epoch": 9, "batch": 4239, "n_batches": 7774, "time": 0.534, "data_time": 0.0, "lr": 0.001, "loss": -15.528, "recon_loss": -18.71, "kld_loss": 6.363, "kld_weight": 0.5}
{"message": "", "levelname": "INFO", "name": "Trainer", "asctime": "2026-04-29 21:44:55,956", "type": "train", "epoch": 9, "batch": 4319, "n_batches": 7774, "time": 0.614, "data_time": 0.0, "lr": 0.001, "loss": -9.026, "recon_loss": -14.694, "kld_loss": 11.336, "kld_weight": 0.5}
{"message": "", "levelname": "INFO", "name": "Trainer", "asctime": "2026-04-29 21:45:02,270", "type": "train", "epoch": 9, "batch": 4399, "n_batches": 7774, "time": 0.649, "data_time": 0.0, "lr": 0.001, "loss": -15.536, "recon_loss": -19.379, "kld_loss": 7.687, "kld_weight": 0.5}
{"message": "", "levelname": "INFO", "name": "Trainer", "asctime": "2026-04-29 21:45:08,910", "type": "train", "epoch": 9, "batch": 4479, "n_batches": 7774, "time": 0.687, "data_time": 0.0, "lr": 0.001, "loss": -10.694, "recon_loss": -14.697, "kld_loss": 8.007, "kld_weight": 0.5}
{"message": "", "levelname": "INFO", "name": "Trainer", "asctime": "2026-04-29 21:45:15,199", "type": "train", "epoch": 9, "batch": 4559, "n_batches": 7774, "time": 0.588, "data_time": 0.0, "lr": 0.001, "loss": -14.176, "recon_loss": -16.855, "kld_loss": 5.358, "kld_weight": 0.5}
{"message": "", "levelname": "INFO", "name": "Trainer", "asctime": "2026-04-29 21:45:21,733", "type": "train", "epoch": 9, "batch": 4639, "n_batches": 7774, "time": 0.67, "data_time": 0.0, "lr": 0.001, "loss": -19.616, "recon_loss": -22.595, "kld_loss": 5.958, "kld_weight": 0.5}
{"message": "", "levelname": "INFO", "name": "Trainer", "asctime": "2026-04-29 21:45:28,471", "type": "train", "epoch": 9, "batch": 4719, "n_batches": 7774, "time": 0.736, "data_time": 0.0, "lr": 0.001, "loss": -14.639, "recon_loss": -18.825, "kld_loss": 8.372, "kld_weight": 0.5}
{"message": "", "levelname": "INFO", "name": "Trainer", "asctime": "2026-04-29 21:45:34,687", "type": "train", "epoch": 9, "batch": 4799, "n_batches": 7774, "time": 0.708, "data_time": 0.0, "lr": 0.001, "loss": -16.728, "recon_loss": -19.768, "kld_loss": 6.08, "kld_weight": 0.5}
{"message": "", "levelname": "INFO", "name": "Trainer", "asctime": "2026-04-29 21:45:41,031", "type": "train", "epoch": 9, "batch": 4879, "n_batches": 7774, "time": 0.717, "data_time": 0.0, "lr": 0.001, "loss": -21.393, "recon_loss": -24.434, "kld_loss": 6.083, "kld_weight": 0.5}
{"message": "", "levelname": "INFO", "name": "Trainer", "asctime": "2026-04-29 21:45:47,529", "type": "train", "epoch": 9, "batch": 4959, "n_batches": 7774, "time": 0.576, "data_time": 0.0, "lr": 0.001, "loss": -14.223, "recon_loss": -17.749, "kld_loss": 7.051, "kld_weight": 0.5}
{"message": "", "levelname": "INFO", "name": "Trainer", "asctime": "2026-04-29 21:45:54,056", "type": "train", "epoch": 9, "batch": 5039, "n_batches": 7774, "time": 0.598, "data_time": 0.0, "lr": 0.001, "loss": -13.124, "recon_loss": -18.425, "kld_loss": 10.602, "kld_weight": 0.5}
{"message": "", "levelname": "INFO", "name": "Trainer", "asctime": "2026-04-29 21:46:00,513", "type": "train", "epoch": 9, "batch": 5119, "n_batches": 7774, "time": 0.478, "data_time": 0.0, "lr": 0.001, "loss": -20.1, "recon_loss": -22.802, "kld_loss": 5.403, "kld_weight": 0.5}
{"message": "", "levelname": "INFO", "name": "Trainer", "asctime": "2026-04-29 21:46:07,084", "type": "train", "epoch": 9, "batch": 5199, "n_batches": 7774, "time": 0.533, "data_time": 0.0, "lr": 0.001, "loss": -9.362, "recon_loss": -13.924, "kld_loss": 9.126, "kld_weight": 0.5}
{"message": "", "levelname": "INFO", "name": "Trainer", "asctime": "2026-04-29 21:46:13,163", "type": "train", "epoch": 9, "batch": 5279, "n_batches": 7774, "time": 0.51, "data_time": 0.0, "lr": 0.001, "loss": -14.807, "recon_loss": -20.847, "kld_loss": 12.08, "kld_weight": 0.5}
{"message": "", "levelname": "INFO", "name": "Trainer", "asctime": "2026-04-29 21:46:19,535", "type": "train", "epoch": 9, "batch": 5359, "n_batches": 7774, "time": 0.68, "data_time": 0.0, "lr": 0.001, "loss": -13.523, "recon_loss": -16.88, "kld_loss": 6.713, "kld_weight": 0.5}
{"message": "", "levelname": "INFO", "name": "Trainer", "asctime": "2026-04-29 21:46:25,796", "type": "train", "epoch": 9, "batch": 5439, "n_batches": 7774, "time": 0.714, "data_time": 0.0, "lr": 0.001, "loss": -13.356, "recon_loss": -16.631, "kld_loss": 6.55, "kld_weight": 0.5}
{"message": "", "levelname": "INFO", "name": "Trainer", "asctime": "2026-04-29 21:46:32,542", "type": "train", "epoch": 9, "batch": 5519, "n_batches": 7774, "time": 0.607, "data_time": 0.0, "lr": 0.001, "loss": -11.387, "recon_loss": -14.428, "kld_loss": 6.082, "kld_weight": 0.5}
{"message": "", "levelname": "INFO", "name": "Trainer", "asctime": "2026-04-29 21:46:39,398", "type": "train", "epoch": 9, "batch": 5599, "n_batches": 7774, "time": 0.68, "data_time": 0.0, "lr": 0.001, "loss": -16.74, "recon_loss": -19.439, "kld_loss": 5.398, "kld_weight": 0.5}
{"message": "", "levelname": "INFO", "name": "Trainer", "asctime": "2026-04-29 21:46:45,748", "type": "train", "epoch": 9, "batch": 5679, "n_batches": 7774, "time": 0.649, "data_time": 0.0, "lr": 0.001, "loss": -18.813, "recon_loss": -21.485, "kld_loss": 5.344, "kld_weight": 0.5}
{"message": "", "levelname": "INFO", "name": "Trainer", "asctime": "2026-04-29 21:46:52,327", "type": "train", "epoch": 9, "batch": 5759, "n_batches": 7774, "time": 0.577, "data_time": 0.0, "lr": 0.001, "loss": -9.919, "recon_loss": -14.833, "kld_loss": 9.827, "kld_weight": 0.5}
{"message": "", "levelname": "INFO", "name": "Trainer", "asctime": "2026-04-29 21:46:58,468", "type": "train", "epoch": 9, "batch": 5839, "n_batches": 7774, "time": 0.779, "data_time": 0.0, "lr": 0.001, "loss": -20.36, "recon_loss": -23.3, "kld_loss": 5.882, "kld_weight": 0.5}
{"message": "", "levelname": "INFO", "name": "Trainer", "asctime": "2026-04-29 21:47:05,070", "type": "train", "epoch": 9, "batch": 5919, "n_batches": 7774, "time": 0.617, "data_time": 0.0, "lr": 0.001, "loss": -13.169, "recon_loss": -15.995, "kld_loss": 5.653, "kld_weight": 0.5}
{"message": "", "levelname": "INFO", "name": "Trainer", "asctime": "2026-04-29 21:47:11,480", "type": "train", "epoch": 9, "batch": 5999, "n_batches": 7774, "time": 0.527, "data_time": 0.0, "lr": 0.001, "loss": -15.391, "recon_loss": -17.521, "kld_loss": 4.261, "kld_weight": 0.5}
{"message": "", "levelname": "INFO", "name": "Trainer", "asctime": "2026-04-29 21:47:18,257", "type": "train", "epoch": 9, "batch": 6079, "n_batches": 7774, "time": 0.816, "data_time": 0.0, "lr": 0.001, "loss": -12.927, "recon_loss": -17.666, "kld_loss": 9.477, "kld_weight": 0.5}
{"message": "", "levelname": "INFO", "name": "Trainer", "asctime": "2026-04-29 21:47:24,873", "type": "train", "epoch": 9, "batch": 6159, "n_batches": 7774, "time": 0.67, "data_time": 0.0, "lr": 0.001, "loss": -3.327, "recon_loss": -9.197, "kld_loss": 11.741, "kld_weight": 0.5}
{"message": "", "levelname": "INFO", "name": "Trainer", "asctime": "2026-04-29 21:47:31,129", "type": "train", "epoch": 9, "batch": 6239, "n_batches": 7774, "time": 0.767, "data_time": 0.0, "lr": 0.001, "loss": -13.641, "recon_loss": -16.442, "kld_loss": 5.6, "kld_weight": 0.5}
{"message": "", "levelname": "INFO", "name": "Trainer", "asctime": "2026-04-29 21:47:37,452", "type": "train", "epoch": 9, "batch": 6319, "n_batches": 7774, "time": 0.557, "data_time": 0.0, "lr": 0.001, "loss": -15.296, "recon_loss": -18.808, "kld_loss": 7.023, "kld_weight": 0.5}
{"message": "", "levelname": "INFO", "name": "Trainer", "asctime": "2026-04-29 21:47:43,587", "type": "train", "epoch": 9, "batch": 6399, "n_batches": 7774, "time": 0.755, "data_time": 0.0, "lr": 0.001, "loss": -15.416, "recon_loss": -18.525, "kld_loss": 6.217, "kld_weight": 0.5}
{"message": "", "levelname": "INFO", "name": "Trainer", "asctime": "2026-04-29 21:47:49,825", "type": "train", "epoch": 9, "batch": 6479, "n_batches": 7774, "time": 0.595, "data_time": 0.0, "lr": 0.001, "loss": -18.628, "recon_loss": -21.593, "kld_loss": 5.931, "kld_weight": 0.5}
{"message": "", "levelname": "INFO", "name": "Trainer", "asctime": "2026-04-29 21:47:55,988", "type": "train", "epoch": 9, "batch": 6559, "n_batches": 7774, "time": 0.647, "data_time": 0.0, "lr": 0.001, "loss": -4.039, "recon_loss": -10.308, "kld_loss": 12.538, "kld_weight": 0.5}
{"message": "", "levelname": "INFO", "name": "Trainer", "asctime": "2026-04-29 21:48:02,502", "type": "train", "epoch": 9, "batch": 6639, "n_batches": 7774, "time": 0.551, "data_time": 0.0, "lr": 0.001, "loss": -12.947, "recon_loss": -17.126, "kld_loss": 8.359, "kld_weight": 0.5}
{"message": "", "levelname": "INFO", "name": "Trainer", "asctime": "2026-04-29 21:48:08,544", "type": "train", "epoch": 9, "batch": 6719, "n_batches": 7774, "time": 0.706, "data_time": 0.0, "lr": 0.001, "loss": -13.807, "recon_loss": -17.658, "kld_loss": 7.703, "kld_weight": 0.5}
{"message": "", "levelname": "INFO", "name": "Trainer", "asctime": "2026-04-29 21:48:15,424", "type": "train", "epoch": 9, "batch": 6799, "n_batches": 7774, "time": 0.675, "data_time": 0.0, "lr": 0.001, "loss": -14.684, "recon_loss": -18.152, "kld_loss": 6.935, "kld_weight": 0.5}
{"message": "", "levelname": "INFO", "name": "Trainer", "asctime": "2026-04-29 21:48:21,570", "type": "train", "epoch": 9, "batch": 6879, "n_batches": 7774, "time": 0.553, "data_time": 0.0, "lr": 0.001, "loss": -13.844, "recon_loss": -16.255, "kld_loss": 4.821, "kld_weight": 0.5}
{"message": "", "levelname": "INFO", "name": "Trainer", "asctime": "2026-04-29 21:48:27,767", "type": "train", "epoch": 9, "batch": 6959, "n_batches": 7774, "time": 0.78, "data_time": 0.0, "lr": 0.001, "loss": -17.325, "recon_loss": -19.652, "kld_loss": 4.654, "kld_weight": 0.5}
{"message": "", "levelname": "INFO", "name": "Trainer", "asctime": "2026-04-29 21:48:34,655", "type": "train", "epoch": 9, "batch": 7039, "n_batches": 7774, "time": 0.774, "data_time": 0.0, "lr": 0.001, "loss": -14.153, "recon_loss": -17.194, "kld_loss": 6.082, "kld_weight": 0.5}
{"message": "", "levelname": "INFO", "name": "Trainer", "asctime": "2026-04-29 21:48:41,623", "type": "train", "epoch": 9, "batch": 7119, "n_batches": 7774, "time": 0.7, "data_time": 0.0, "lr": 0.001, "loss": -8.664, "recon_loss": -13.427, "kld_loss": 9.525, "kld_weight": 0.5}
{"message": "", "levelname": "INFO", "name": "Trainer", "asctime": "2026-04-29 21:48:47,935", "type": "train", "epoch": 9, "batch": 7199, "n_batches": 7774, "time": 0.741, "data_time": 0.0, "lr": 0.001, "loss": -14.038, "recon_loss": -17.094, "kld_loss": 6.112, "kld_weight": 0.5}
{"message": "", "levelname": "INFO", "name": "Trainer", "asctime": "2026-04-29 21:48:54,324", "type": "train", "epoch": 9, "batch": 7279, "n_batches": 7774, "time": 0.599, "data_time": 0.0, "lr": 0.001, "loss": -13.02, "recon_loss": -17.048, "kld_loss": 8.056, "kld_weight": 0.5}
{"message": "", "levelname": "INFO", "name": "Trainer", "asctime": "2026-04-29 21:49:00,425", "type": "train", "epoch": 9, "batch": 7359, "n_batches": 7774, "time": 0.64, "data_time": 0.0, "lr": 0.001, "loss": -13.306, "recon_loss": -17.114, "kld_loss": 7.616, "kld_weight": 0.5}
{"message": "", "levelname": "INFO", "name": "Trainer", "asctime": "2026-04-29 21:49:07,235", "type": "train", "epoch": 9, "batch": 7439, "n_batches": 7774, "time": 0.565, "data_time": 0.0, "lr": 0.001, "loss": -12.775, "recon_loss": -16.26, "kld_loss": 6.969, "kld_weight": 0.5}
{"message": "", "levelname": "INFO", "name": "Trainer", "asctime": "2026-04-29 21:49:13,824", "type": "train", "epoch": 9, "batch": 7519, "n_batches": 7774, "time": 0.67, "data_time": 0.0, "lr": 0.001, "loss": -18.133, "recon_loss": -20.903, "kld_loss": 5.541, "kld_weight": 0.5}
{"message": "", "levelname": "INFO", "name": "Trainer", "asctime": "2026-04-29 21:49:20,088", "type": "train", "epoch": 9, "batch": 7599, "n_batches": 7774, "time": 0.575, "data_time": 0.0, "lr": 0.001, "loss": -16.061, "recon_loss": -19.235, "kld_loss": 6.35, "kld_weight": 0.5}
{"message": "", "levelname": "INFO", "name": "Trainer", "asctime": "2026-04-29 21:49:26,825", "type": "train", "epoch": 9, "batch": 7679, "n_batches": 7774, "time": 0.696, "data_time": 0.0, "lr": 0.001, "loss": -12.474, "recon_loss": -16.006, "kld_loss": 7.063, "kld_weight": 0.5}
{"message": "", "levelname": "INFO", "name": "Trainer", "asctime": "2026-04-29 21:49:33,527", "type": "train", "epoch": 9, "batch": 7759, "n_batches": 7774, "time": 0.757, "data_time": 0.0, "lr": 0.001, "loss": -7.076, "recon_loss": -12.726, "kld_loss": 11.3, "kld_weight": 0.5}
{"message": "", "levelname": "INFO", "name": "Trainer", "asctime": "2026-04-29 21:49:34,684", "type": "train-epoch", "epoch": 10, "loss": -1.76435, "recon_loss": -2.17797, "kld_loss": 0.82725, "kld_weight": 0.5, "time": 634.3}
{"message": "", "levelname": "INFO", "name": "Trainer", "asctime": "2026-04-29 21:51:27,400", "type": "val-epoch", "epoch": 10, "loss": -1.906, "test_loss": -1.1, "recon_loss": -2.413, "kld_loss": 1.014, "kld_weight": 0.5, "note": "loss is teacher-forced CVAE objective; test_loss is prior-only reconstruction", "time": 112.7}
{"message": "", "levelname": "INFO", "name": "Trainer", "asctime": "2026-04-29 21:51:33,834", "type": "train", "epoch": 10, "batch": 79, "n_batches": 7774, "time": 0.662, "data_time": 0.0, "lr": 0.0001, "loss": -14.61, "recon_loss": -18.383, "kld_loss": 7.545, "kld_weight": 0.5}
{"message": "", "levelname": "INFO", "name": "Trainer", "asctime": "2026-04-29 21:51:40,418", "type": "train", "epoch": 10, "batch": 159, "n_batches": 7774, "time": 0.533, "data_time": 0.0, "lr": 0.0001, "loss": -15.626, "recon_loss": -19.402, "kld_loss": 7.551, "kld_weight": 0.5}
{"message": "", "levelname": "INFO", "name": "Trainer", "asctime": "2026-04-29 21:51:46,809", "type": "train", "epoch": 10, "batch": 239, "n_batches": 7774, "time": 0.526, "data_time": 0.0, "lr": 0.0001, "loss": -13.106, "recon_loss": -17.671, "kld_loss": 9.13, "kld_weight": 0.5}
{"message": "", "levelname": "INFO", "name": "Trainer", "asctime": "2026-04-29 21:51:53,461", "type": "train", "epoch": 10, "batch": 319, "n_batches": 7774, "time": 0.686, "data_time": 0.0, "lr": 0.0001, "loss": -10.946, "recon_loss": -14.914, "kld_loss": 7.936, "kld_weight": 0.5}
{"message": "", "levelname": "INFO", "name": "Trainer", "asctime": "2026-04-29 21:52:00,301", "type": "train", "epoch": 10, "batch": 399, "n_batches": 7774, "time": 0.659, "data_time": 0.0, "lr": 0.0001, "loss": -13.366, "recon_loss": -16.465, "kld_loss": 6.197, "kld_weight": 0.5}
{"message": "", "levelname": "INFO", "name": "Trainer", "asctime": "2026-04-29 21:52:06,506", "type": "train", "epoch": 10, "batch": 479, "n_batches": 7774, "time": 0.649, "data_time": 0.0, "lr": 0.0001, "loss": -12.351, "recon_loss": -14.927, "kld_loss": 5.151, "kld_weight": 0.5}
{"message": "", "levelname": "INFO", "name": "Trainer", "asctime": "2026-04-29 21:52:12,919", "type": "train", "epoch": 10, "batch": 559, "n_batches": 7774, "time": 0.608, "data_time": 0.0, "lr": 0.0001, "loss": -11.16, "recon_loss": -16.974, "kld_loss": 11.628, "kld_weight": 0.5}
{"message": "", "levelname": "INFO", "name": "Trainer", "asctime": "2026-04-29 21:52:19,252", "type": "train", "epoch": 10, "batch": 639, "n_batches": 7774, "time": 0.614, "data_time": 0.0, "lr": 0.0001, "loss": -13.057, "recon_loss": -15.882, "kld_loss": 5.649, "kld_weight": 0.5}
{"message": "", "levelname": "INFO", "name": "Trainer", "asctime": "2026-04-29 21:52:25,686", "type": "train", "epoch": 10, "batch": 719, "n_batches": 7774, "time": 0.619, "data_time": 0.0, "lr": 0.0001, "loss": -16.515, "recon_loss": -19.072, "kld_loss": 5.114, "kld_weight": 0.5}
{"message": "", "levelname": "INFO", "name": "Trainer", "asctime": "2026-04-29 21:52:32,465", "type": "train", "epoch": 10, "batch": 799, "n_batches": 7774, "time": 0.575, "data_time": 0.0, "lr": 0.0001, "loss": -9.932, "recon_loss": -15.016, "kld_loss": 10.169, "kld_weight": 0.5}
{"message": "", "levelname": "INFO", "name": "Trainer", "asctime": "2026-04-29 21:52:39,101", "type": "train", "epoch": 10, "batch": 879, "n_batches": 7774, "time": 0.789, "data_time": 0.0, "lr": 0.0001, "loss": -10.036, "recon_loss": -12.177, "kld_loss": 4.281, "kld_weight": 0.5}
{"message": "", "levelname": "INFO", "name": "Trainer", "asctime": "2026-04-29 21:52:46,075", "type": "train", "epoch": 10, "batch": 959, "n_batches": 7774, "time": 0.7, "data_time": 0.0, "lr": 0.0001, "loss": -12.435, "recon_loss": -15.684, "kld_loss": 6.497, "kld_weight": 0.5}
{"message": "", "levelname": "INFO", "name": "Trainer", "asctime": "2026-04-29 21:52:52,279", "type": "train", "epoch": 10, "batch": 1039, "n_batches": 7774, "time": 0.683, "data_time": 0.0, "lr": 0.0001, "loss": -13.705, "recon_loss": -20.017, "kld_loss": 12.624, "kld_weight": 0.5}
{"message": "", "levelname": "INFO", "name": "Trainer", "asctime": "2026-04-29 21:52:58,586", "type": "train", "epoch": 10, "batch": 1119, "n_batches": 7774, "time": 0.695, "data_time": 0.0, "lr": 0.0001, "loss": -14.741, "recon_loss": -17.817, "kld_loss": 6.152, "kld_weight": 0.5}
{"message": "", "levelname": "INFO", "name": "Trainer", "asctime": "2026-04-29 21:53:04,913", "type": "train", "epoch": 10, "batch": 1199, "n_batches": 7774, "time": 0.646, "data_time": 0.0, "lr": 0.0001, "loss": -15.291, "recon_loss": -17.932, "kld_loss": 5.283, "kld_weight": 0.5}
{"message": "", "levelname": "INFO", "name": "Trainer", "asctime": "2026-04-29 21:53:11,653", "type": "train", "epoch": 10, "batch": 1279, "n_batches": 7774, "time": 0.581, "data_time": 0.0, "lr": 0.0001, "loss": -15.297, "recon_loss": -18.985, "kld_loss": 7.377, "kld_weight": 0.5}
{"message": "", "levelname": "INFO", "name": "Trainer", "asctime": "2026-04-29 21:53:18,088", "type": "train", "epoch": 10, "batch": 1359, "n_batches": 7774, "time": 0.595, "data_time": 0.0, "lr": 0.0001, "loss": -22.331, "recon_loss": -24.756, "kld_loss": 4.851, "kld_weight": 0.5}
{"message": "", "levelname": "INFO", "name": "Trainer", "asctime": "2026-04-29 21:53:24,388", "type": "train", "epoch": 10, "batch": 1439, "n_batches": 7774, "time": 0.644, "data_time": 0.0, "lr": 0.0001, "loss": -15.072, "recon_loss": -18.615, "kld_loss": 7.086, "kld_weight": 0.5}
{"message": "", "levelname": "INFO", "name": "Trainer", "asctime": "2026-04-29 21:53:31,110", "type": "train", "epoch": 10, "batch": 1519, "n_batches": 7774, "time": 0.625, "data_time": 0.0, "lr": 0.0001, "loss": -17.876, "recon_loss": -21.61, "kld_loss": 7.468, "kld_weight": 0.5}
{"message": "", "levelname": "INFO", "name": "Trainer", "asctime": "2026-04-29 21:53:38,180", "type": "train", "epoch": 10, "batch": 1599, "n_batches": 7774, "time": 0.817, "data_time": 0.0, "lr": 0.0001, "loss": -14.734, "recon_loss": -18.675, "kld_loss": 7.881, "kld_weight": 0.5}
{"message": "", "levelname": "INFO", "name": "Trainer", "asctime": "2026-04-29 21:53:45,125", "type": "train", "epoch": 10, "batch": 1679, "n_batches": 7774, "time": 0.661, "data_time": 0.0, "lr": 0.0001, "loss": -3.372, "recon_loss": -5.649, "kld_loss": 4.554, "kld_weight": 0.5}
{"message": "", "levelname": "INFO", "name": "Trainer", "asctime": "2026-04-29 21:53:51,968", "type": "train", "epoch": 10, "batch": 1759, "n_batches": 7774, "time": 0.841, "data_time": 0.0, "lr": 0.0001, "loss": -15.974, "recon_loss": -18.627, "kld_loss": 5.306, "kld_weight": 0.5}
{"message": "", "levelname": "INFO", "name": "Trainer", "asctime": "2026-04-29 21:53:58,020", "type": "train", "epoch": 10, "batch": 1839, "n_batches": 7774, "time": 0.619, "data_time": 0.0, "lr": 0.0001, "loss": -15.314, "recon_loss": -18.691, "kld_loss": 6.753, "kld_weight": 0.5}
{"message": "", "levelname": "INFO", "name": "Trainer", "asctime": "2026-04-29 21:54:04,305", "type": "train", "epoch": 10, "batch": 1919, "n_batches": 7774, "time": 0.537, "data_time": 0.0, "lr": 0.0001, "loss": -18.675, "recon_loss": -22.322, "kld_loss": 7.294, "kld_weight": 0.5}
{"message": "", "levelname": "INFO", "name": "Trainer", "asctime": "2026-04-29 21:54:10,807", "type": "train", "epoch": 10, "batch": 1999, "n_batches": 7774, "time": 0.69, "data_time": 0.0, "lr": 0.0001, "loss": -17.453, "recon_loss": -20.617, "kld_loss": 6.328, "kld_weight": 0.5}
{"message": "", "levelname": "INFO", "name": "Trainer", "asctime": "2026-04-29 21:54:17,262", "type": "train", "epoch": 10, "batch": 2079, "n_batches": 7774, "time": 0.649, "data_time": 0.0, "lr": 0.0001, "loss": -14.571, "recon_loss": -18.042, "kld_loss": 6.942, "kld_weight": 0.5}
{"message": "", "levelname": "INFO", "name": "Trainer", "asctime": "2026-04-29 21:54:23,897", "type": "train", "epoch": 10, "batch": 2159, "n_batches": 7774, "time": 0.534, "data_time": 0.0, "lr": 0.0001, "loss": -15.737, "recon_loss": -18.114, "kld_loss": 4.755, "kld_weight": 0.5}
{"message": "", "levelname": "INFO", "name": "Trainer", "asctime": "2026-04-29 21:54:30,290", "type": "train", "epoch": 10, "batch": 2239, "n_batches": 7774, "time": 0.674, "data_time": 0.0, "lr": 0.0001, "loss": -13.372, "recon_loss": -16.032, "kld_loss": 5.321, "kld_weight": 0.5}
{"message": "", "levelname": "INFO", "name": "Trainer", "asctime": "2026-04-29 21:54:36,957", "type": "train", "epoch": 10, "batch": 2319, "n_batches": 7774, "time": 0.476, "data_time": 0.0, "lr": 0.0001, "loss": -16.29, "recon_loss": -19.268, "kld_loss": 5.955, "kld_weight": 0.5}
{"message": "", "levelname": "INFO", "name": "Trainer", "asctime": "2026-04-29 21:54:43,443", "type": "train", "epoch": 10, "batch": 2399, "n_batches": 7774, "time": 0.661, "data_time": 0.0, "lr": 0.0001, "loss": -18.599, "recon_loss": -21.155, "kld_loss": 5.113, "kld_weight": 0.5}
{"message": "", "levelname": "INFO", "name": "Trainer", "asctime": "2026-04-29 21:54:49,850", "type": "train", "epoch": 10, "batch": 2479, "n_batches": 7774, "time": 0.663, "data_time": 0.0, "lr": 0.0001, "loss": -8.973, "recon_loss": -13.019, "kld_loss": 8.093, "kld_weight": 0.5}
{"message": "", "levelname": "INFO", "name": "Trainer", "asctime": "2026-04-29 21:54:56,179", "type": "train", "epoch": 10, "batch": 2559, "n_batches": 7774, "time": 0.682, "data_time": 0.0, "lr": 0.0001, "loss": -15.807, "recon_loss": -19.444, "kld_loss": 7.273, "kld_weight": 0.5}
{"message": "", "levelname": "INFO", "name": "Trainer", "asctime": "2026-04-29 21:55:02,748", "type": "train", "epoch": 10, "batch": 2639, "n_batches": 7774, "time": 0.573, "data_time": 0.0, "lr": 0.0001, "loss": -17.964, "recon_loss": -20.163, "kld_loss": 4.398, "kld_weight": 0.5}
{"message": "", "levelname": "INFO", "name": "Trainer", "asctime": "2026-04-29 21:55:09,451", "type": "train", "epoch": 10, "batch": 2719, "n_batches": 7774, "time": 0.59, "data_time": 0.0, "lr": 0.0001, "loss": -16.16, "recon_loss": -19.191, "kld_loss": 6.062, "kld_weight": 0.5}
{"message": "", "levelname": "INFO", "name": "Trainer", "asctime": "2026-04-29 21:55:15,989", "type": "train", "epoch": 10, "batch": 2799, "n_batches": 7774, "time": 0.793, "data_time": 0.0, "lr": 0.0001, "loss": -20.815, "recon_loss": -24.06, "kld_loss": 6.489, "kld_weight": 0.5}
{"message": "", "levelname": "INFO", "name": "Trainer", "asctime": "2026-04-29 21:55:22,685", "type": "train", "epoch": 10, "batch": 2879, "n_batches": 7774, "time": 0.842, "data_time": 0.0, "lr": 0.0001, "loss": -15.4, "recon_loss": -18.103, "kld_loss": 5.407, "kld_weight": 0.5}
{"message": "", "levelname": "INFO", "name": "Trainer", "asctime": "2026-04-29 21:55:28,814", "type": "train", "epoch": 10, "batch": 2959, "n_batches": 7774, "time": 0.556, "data_time": 0.0, "lr": 0.0001, "loss": -15.333, "recon_loss": -19.625, "kld_loss": 8.585, "kld_weight": 0.5}
{"message": "", "levelname": "INFO", "name": "Trainer", "asctime": "2026-04-29 21:55:35,213", "type": "train", "epoch": 10, "batch": 3039, "n_batches": 7774, "time": 0.622, "data_time": 0.0, "lr": 0.0001, "loss": -13.202, "recon_loss": -16.382, "kld_loss": 6.36, "kld_weight": 0.5}
{"message": "", "levelname": "INFO", "name": "Trainer", "asctime": "2026-04-29 21:55:41,393", "type": "train", "epoch": 10, "batch": 3119, "n_batches": 7774, "time": 0.584, "data_time": 0.0, "lr": 0.0001, "loss": -15.917, "recon_loss": -18.166, "kld_loss": 4.497, "kld_weight": 0.5}
{"message": "", "levelname": "INFO", "name": "Trainer", "asctime": "2026-04-29 21:55:47,610", "type": "train", "epoch": 10, "batch": 3199, "n_batches": 7774, "time": 0.449, "data_time": 0.0, "lr": 0.0001, "loss": -21.499, "recon_loss": -23.705, "kld_loss": 4.412, "kld_weight": 0.5}
{"message": "", "levelname": "INFO", "name": "Trainer", "asctime": "2026-04-29 21:55:54,032", "type": "train", "epoch": 10, "batch": 3279, "n_batches": 7774, "time": 0.612, "data_time": 0.0, "lr": 0.0001, "loss": -12.257, "recon_loss": -15.422, "kld_loss": 6.33, "kld_weight": 0.5}
{"message": "", "levelname": "INFO", "name": "Trainer", "asctime": "2026-04-29 21:56:00,608", "type": "train", "epoch": 10, "batch": 3359, "n_batches": 7774, "time": 0.681, "data_time": 0.0, "lr": 0.0001, "loss": -18.624, "recon_loss": -21.919, "kld_loss": 6.59, "kld_weight": 0.5}
{"message": "", "levelname": "INFO", "name": "Trainer", "asctime": "2026-04-29 21:56:07,509", "type": "train", "epoch": 10, "batch": 3439, "n_batches": 7774, "time": 0.642, "data_time": 0.0, "lr": 0.0001, "loss": -12.444, "recon_loss": -16.288, "kld_loss": 7.688, "kld_weight": 0.5}
{"message": "", "levelname": "INFO", "name": "Trainer", "asctime": "2026-04-29 21:56:13,764", "type": "train", "epoch": 10, "batch": 3519, "n_batches": 7774, "time": 0.451, "data_time": 0.0, "lr": 0.0001, "loss": -13.153, "recon_loss": -16.765, "kld_loss": 7.225, "kld_weight": 0.5}
{"message": "", "levelname": "INFO", "name": "Trainer", "asctime": "2026-04-29 21:56:20,092", "type": "train", "epoch": 10, "batch": 3599, "n_batches": 7774, "time": 0.645, "data_time": 0.0, "lr": 0.0001, "loss": -14.448, "recon_loss": -17.518, "kld_loss": 6.139, "kld_weight": 0.5}
{"message": "", "levelname": "INFO", "name": "Trainer", "asctime": "2026-04-29 21:56:27,121", "type": "train", "epoch": 10, "batch": 3679, "n_batches": 7774, "time": 0.695, "data_time": 0.0, "lr": 0.0001, "loss": -15.149, "recon_loss": -18.929, "kld_loss": 7.559, "kld_weight": 0.5}
{"message": "", "levelname": "INFO", "name": "Trainer", "asctime": "2026-04-29 21:56:33,933", "type": "train", "epoch": 10, "batch": 3759, "n_batches": 7774, "time": 0.663, "data_time": 0.0, "lr": 0.0001, "loss": -9.113, "recon_loss": -16.622, "kld_loss": 15.018, "kld_weight": 0.5}
{"message": "", "levelname": "INFO", "name": "Trainer", "asctime": "2026-04-29 21:56:40,464", "type": "train", "epoch": 10, "batch": 3839, "n_batches": 7774, "time": 0.717, "data_time": 0.0, "lr": 0.0001, "loss": -16.229, "recon_loss": -18.878, "kld_loss": 5.298, "kld_weight": 0.5}
{"message": "", "levelname": "INFO", "name": "Trainer", "asctime": "2026-04-29 21:56:46,651", "type": "train", "epoch": 10, "batch": 3919, "n_batches": 7774, "time": 0.63, "data_time": 0.0, "lr": 0.0001, "loss": -21.471, "recon_loss": -24.114, "kld_loss": 5.285, "kld_weight": 0.5}
{"message": "", "levelname": "INFO", "name": "Trainer", "asctime": "2026-04-29 21:56:53,389", "type": "train", "epoch": 10, "batch": 3999, "n_batches": 7774, "time": 0.747, "data_time": 0.0, "lr": 0.0001, "loss": -17.959, "recon_loss": -22.215, "kld_loss": 8.512, "kld_weight": 0.5}
{"message": "", "levelname": "INFO", "name": "Trainer", "asctime": "2026-04-29 21:56:59,801", "type": "train", "epoch": 10, "batch": 4079, "n_batches": 7774, "time": 0.643, "data_time": 0.0, "lr": 0.0001, "loss": -18.688, "recon_loss": -21.001, "kld_loss": 4.625, "kld_weight": 0.5}
{"message": "", "levelname": "INFO", "name": "Trainer", "asctime": "2026-04-29 21:57:06,175", "type": "train", "epoch": 10, "batch": 4159, "n_batches": 7774, "time": 0.583, "data_time": 0.0, "lr": 0.0001, "loss": -19.621, "recon_loss": -22.384, "kld_loss": 5.526, "kld_weight": 0.5}
{"message": "", "levelname": "INFO", "name": "Trainer", "asctime": "2026-04-29 21:57:12,629", "type": "train", "epoch": 10, "batch": 4239, "n_batches": 7774, "time": 0.594, "data_time": 0.0, "lr": 0.0001, "loss": -12.936, "recon_loss": -17.105, "kld_loss": 8.338, "kld_weight": 0.5}
{"message": "", "levelname": "INFO", "name": "Trainer", "asctime": "2026-04-29 21:57:19,636", "type": "train", "epoch": 10, "batch": 4319, "n_batches": 7774, "time": 0.54, "data_time": 0.0, "lr": 0.0001, "loss": -10.922, "recon_loss": -13.908, "kld_loss": 5.972, "kld_weight": 0.5}
{"message": "", "levelname": "INFO", "name": "Trainer", "asctime": "2026-04-29 21:57:26,255", "type": "train", "epoch": 10, "batch": 4399, "n_batches": 7774, "time": 0.808, "data_time": 0.0, "lr": 0.0001, "loss": -18.441, "recon_loss": -21.605, "kld_loss": 6.327, "kld_weight": 0.5}
{"message": "", "levelname": "INFO", "name": "Trainer", "asctime": "2026-04-29 21:57:33,166", "type": "train", "epoch": 10, "batch": 4479, "n_batches": 7774, "time": 0.828, "data_time": 0.0, "lr": 0.0001, "loss": -17.802, "recon_loss": -20.519, "kld_loss": 5.435, "kld_weight": 0.5}
{"message": "", "levelname": "INFO", "name": "Trainer", "asctime": "2026-04-29 21:57:40,206", "type": "train", "epoch": 10, "batch": 4559, "n_batches": 7774, "time": 0.498, "data_time": 0.0, "lr": 0.0001, "loss": -17.831, "recon_loss": -20.49, "kld_loss": 5.318, "kld_weight": 0.5}
{"message": "", "levelname": "INFO", "name": "Trainer", "asctime": "2026-04-29 21:57:46,223", "type": "train", "epoch": 10, "batch": 4639, "n_batches": 7774, "time": 0.656, "data_time": 0.0, "lr": 0.0001, "loss": -13.71, "recon_loss": -16.983, "kld_loss": 6.545, "kld_weight": 0.5}
{"message": "", "levelname": "INFO", "name": "Trainer", "asctime": "2026-04-29 21:57:51,927", "type": "train", "epoch": 10, "batch": 4719, "n_batches": 7774, "time": 0.499, "data_time": 0.0, "lr": 0.0001, "loss": -14.329, "recon_loss": -17.388, "kld_loss": 6.119, "kld_weight": 0.5}
{"message": "", "levelname": "INFO", "name": "Trainer", "asctime": "2026-04-29 21:57:58,665", "type": "train", "epoch": 10, "batch": 4799, "n_batches": 7774, "time": 0.691, "data_time": 0.0, "lr": 0.0001, "loss": -16.166, "recon_loss": -18.54, "kld_loss": 4.747, "kld_weight": 0.5}
{"message": "", "levelname": "INFO", "name": "Trainer", "asctime": "2026-04-29 21:58:05,055", "type": "train", "epoch": 10, "batch": 4879, "n_batches": 7774, "time": 0.742, "data_time": 0.0, "lr": 0.0001, "loss": -15.572, "recon_loss": -20.053, "kld_loss": 8.962, "kld_weight": 0.5}
{"message": "", "levelname": "INFO", "name": "Trainer", "asctime": "2026-04-29 21:58:11,296", "type": "train", "epoch": 10, "batch": 4959, "n_batches": 7774, "time": 0.626, "data_time": 0.0, "lr": 0.0001, "loss": -15.896, "recon_loss": -17.915, "kld_loss": 4.037, "kld_weight": 0.5}
{"message": "", "levelname": "INFO", "name": "Trainer", "asctime": "2026-04-29 21:58:16,799", "type": "train", "epoch": 10, "batch": 5039, "n_batches": 7774, "time": 0.656, "data_time": 0.0, "lr": 0.0001, "loss": -16.098, "recon_loss": -18.688, "kld_loss": 5.179, "kld_weight": 0.5}
{"message": "", "levelname": "INFO", "name": "Trainer", "asctime": "2026-04-29 21:58:23,559", "type": "train", "epoch": 10, "batch": 5119, "n_batches": 7774, "time": 0.803, "data_time": 0.0, "lr": 0.0001, "loss": -15.429, "recon_loss": -18.001, "kld_loss": 5.144, "kld_weight": 0.5}
{"message": "", "levelname": "INFO", "name": "Trainer", "asctime": "2026-04-29 21:58:29,650", "type": "train", "epoch": 10, "batch": 5199, "n_batches": 7774, "time": 0.614, "data_time": 0.0, "lr": 0.0001, "loss": -17.067, "recon_loss": -19.518, "kld_loss": 4.902, "kld_weight": 0.5}
{"message": "", "levelname": "INFO", "name": "Trainer", "asctime": "2026-04-29 21:58:36,177", "type": "train", "epoch": 10, "batch": 5279, "n_batches": 7774, "time": 0.442, "data_time": 0.0, "lr": 0.0001, "loss": -18.521, "recon_loss": -21.701, "kld_loss": 6.36, "kld_weight": 0.5}
{"message": "", "levelname": "INFO", "name": "Trainer", "asctime": "2026-04-29 21:58:42,512", "type": "train", "epoch": 10, "batch": 5359, "n_batches": 7774, "time": 0.583, "data_time": 0.0, "lr": 0.0001, "loss": -13.506, "recon_loss": -16.961, "kld_loss": 6.91, "kld_weight": 0.5}
{"message": "", "levelname": "INFO", "name": "Trainer", "asctime": "2026-04-29 21:58:48,845", "type": "train", "epoch": 10, "batch": 5439, "n_batches": 7774, "time": 0.616, "data_time": 0.0, "lr": 0.0001, "loss": -16.828, "recon_loss": -20.118, "kld_loss": 6.58, "kld_weight": 0.5}
{"message": "", "levelname": "INFO", "name": "Trainer", "asctime": "2026-04-29 21:58:55,690", "type": "train", "epoch": 10, "batch": 5519, "n_batches": 7774, "time": 0.786, "data_time": 0.0, "lr": 0.0001, "loss": -16.509, "recon_loss": -19.673, "kld_loss": 6.328, "kld_weight": 0.5}
{"message": "", "levelname": "INFO", "name": "Trainer", "asctime": "2026-04-29 21:59:02,291", "type": "train", "epoch": 10, "batch": 5599, "n_batches": 7774, "time": 0.642, "data_time": 0.0, "lr": 0.0001, "loss": -13.909, "recon_loss": -17.254, "kld_loss": 6.69, "kld_weight": 0.5}
{"message": "", "levelname": "INFO", "name": "Trainer", "asctime": "2026-04-29 21:59:08,975", "type": "train", "epoch": 10, "batch": 5679, "n_batches": 7774, "time": 0.714, "data_time": 0.0, "lr": 0.0001, "loss": -13.103, "recon_loss": -17.178, "kld_loss": 8.149, "kld_weight": 0.5}
{"message": "", "levelname": "INFO", "name": "Trainer", "asctime": "2026-04-29 21:59:15,557", "type": "train", "epoch": 10, "batch": 5759, "n_batches": 7774, "time": 0.799, "data_time": 0.0, "lr": 0.0001, "loss": -17.725, "recon_loss": -21.259, "kld_loss": 7.067, "kld_weight": 0.5}
{"message": "", "levelname": "INFO", "name": "Trainer", "asctime": "2026-04-29 21:59:21,540", "type": "train", "epoch": 10, "batch": 5839, "n_batches": 7774, "time": 0.568, "data_time": 0.0, "lr": 0.0001, "loss": -17.217, "recon_loss": -20.018, "kld_loss": 5.603, "kld_weight": 0.5}
{"message": "", "levelname": "INFO", "name": "Trainer", "asctime": "2026-04-29 21:59:27,874", "type": "train", "epoch": 10, "batch": 5919, "n_batches": 7774, "time": 0.502, "data_time": 0.0, "lr": 0.0001, "loss": -16.155, "recon_loss": -19.408, "kld_loss": 6.507, "kld_weight": 0.5}
{"message": "", "levelname": "INFO", "name": "Trainer", "asctime": "2026-04-29 21:59:34,771", "type": "train", "epoch": 10, "batch": 5999, "n_batches": 7774, "time": 0.653, "data_time": 0.0, "lr": 0.0001, "loss": -19.646, "recon_loss": -23.238, "kld_loss": 7.183, "kld_weight": 0.5}
{"message": "", "levelname": "INFO", "name": "Trainer", "asctime": "2026-04-29 21:59:41,566", "type": "train", "epoch": 10, "batch": 6079, "n_batches": 7774, "time": 0.539, "data_time": 0.0, "lr": 0.0001, "loss": -16.142, "recon_loss": -18.9, "kld_loss": 5.516, "kld_weight": 0.5}
{"message": "", "levelname": "INFO", "name": "Trainer", "asctime": "2026-04-29 21:59:48,570", "type": "train", "epoch": 10, "batch": 6159, "n_batches": 7774, "time": 0.67, "data_time": 0.0, "lr": 0.0001, "loss": -11.909, "recon_loss": -16.13, "kld_loss": 8.443, "kld_weight": 0.5}
{"message": "", "levelname": "INFO", "name": "Trainer", "asctime": "2026-04-29 21:59:55,404", "type": "train", "epoch": 10, "batch": 6239, "n_batches": 7774, "time": 0.747, "data_time": 0.0, "lr": 0.0001, "loss": -20.118, "recon_loss": -23.401, "kld_loss": 6.566, "kld_weight": 0.5}
{"message": "", "levelname": "INFO", "name": "Trainer", "asctime": "2026-04-29 22:00:01,910", "type": "train", "epoch": 10, "batch": 6319, "n_batches": 7774, "time": 0.797, "data_time": 0.0, "lr": 0.0001, "loss": -17.865, "recon_loss": -20.891, "kld_loss": 6.052, "kld_weight": 0.5}
{"message": "", "levelname": "INFO", "name": "Trainer", "asctime": "2026-04-29 22:00:08,567", "type": "train", "epoch": 10, "batch": 6399, "n_batches": 7774, "time": 0.699, "data_time": 0.0, "lr": 0.0001, "loss": -15.264, "recon_loss": -18.184, "kld_loss": 5.84, "kld_weight": 0.5}
{"message": "", "levelname": "INFO", "name": "Trainer", "asctime": "2026-04-29 22:00:15,318", "type": "train", "epoch": 10, "batch": 6479, "n_batches": 7774, "time": 0.534, "data_time": 0.0, "lr": 0.0001, "loss": -13.192, "recon_loss": -18.909, "kld_loss": 11.435, "kld_weight": 0.5}
{"message": "", "levelname": "INFO", "name": "Trainer", "asctime": "2026-04-29 22:00:21,623", "type": "train", "epoch": 10, "batch": 6559, "n_batches": 7774, "time": 0.619, "data_time": 0.0, "lr": 0.0001, "loss": -15.077, "recon_loss": -18.26, "kld_loss": 6.367, "kld_weight": 0.5}
{"message": "", "levelname": "INFO", "name": "Trainer", "asctime": "2026-04-29 22:00:27,925", "type": "train", "epoch": 10, "batch": 6639, "n_batches": 7774, "time": 0.682, "data_time": 0.0, "lr": 0.0001, "loss": -18.214, "recon_loss": -20.632, "kld_loss": 4.836, "kld_weight": 0.5}
{"message": "", "levelname": "INFO", "name": "Trainer", "asctime": "2026-04-29 22:00:34,610", "type": "train", "epoch": 10, "batch": 6719, "n_batches": 7774, "time": 0.712, "data_time": 0.0, "lr": 0.0001, "loss": -15.842, "recon_loss": -18.033, "kld_loss": 4.382, "kld_weight": 0.5}
{"message": "", "levelname": "INFO", "name": "Trainer", "asctime": "2026-04-29 22:00:41,081", "type": "train", "epoch": 10, "batch": 6799, "n_batches": 7774, "time": 0.523, "data_time": 0.0, "lr": 0.0001, "loss": -21.255, "recon_loss": -23.59, "kld_loss": 4.67, "kld_weight": 0.5}
{"message": "", "levelname": "INFO", "name": "Trainer", "asctime": "2026-04-29 22:00:48,511", "type": "train", "epoch": 10, "batch": 6879, "n_batches": 7774, "time": 0.9, "data_time": 0.0, "lr": 0.0001, "loss": -16.062, "recon_loss": -18.679, "kld_loss": 5.234, "kld_weight": 0.5}
{"message": "", "levelname": "INFO", "name": "Trainer", "asctime": "2026-04-29 22:00:55,385", "type": "train", "epoch": 10, "batch": 6959, "n_batches": 7774, "time": 0.903, "data_time": 0.0, "lr": 0.0001, "loss": -15.564, "recon_loss": -18.533, "kld_loss": 5.938, "kld_weight": 0.5}
{"message": "", "levelname": "INFO", "name": "Trainer", "asctime": "2026-04-29 22:01:02,353", "type": "train", "epoch": 10, "batch": 7039, "n_batches": 7774, "time": 0.649, "data_time": 0.0, "lr": 0.0001, "loss": -16.174, "recon_loss": -18.999, "kld_loss": 5.65, "kld_weight": 0.5}
{"message": "", "levelname": "INFO", "name": "Trainer", "asctime": "2026-04-29 22:01:08,651", "type": "train", "epoch": 10, "batch": 7119, "n_batches": 7774, "time": 0.621, "data_time": 0.0, "lr": 0.0001, "loss": -15.104, "recon_loss": -18.593, "kld_loss": 6.978, "kld_weight": 0.5}
{"message": "", "levelname": "INFO", "name": "Trainer", "asctime": "2026-04-29 22:01:14,634", "type": "train", "epoch": 10, "batch": 7199, "n_batches": 7774, "time": 0.524, "data_time": 0.0, "lr": 0.0001, "loss": -18.39, "recon_loss": -21.562, "kld_loss": 6.344, "kld_weight": 0.5}
{"message": "", "levelname": "INFO", "name": "Trainer", "asctime": "2026-04-29 22:01:21,128", "type": "train", "epoch": 10, "batch": 7279, "n_batches": 7774, "time": 0.58, "data_time": 0.0, "lr": 0.0001, "loss": -13.58, "recon_loss": -17.041, "kld_loss": 6.922, "kld_weight": 0.5}
{"message": "", "levelname": "INFO", "name": "Trainer", "asctime": "2026-04-29 22:01:27,665", "type": "train", "epoch": 10, "batch": 7359, "n_batches": 7774, "time": 0.563, "data_time": 0.0, "lr": 0.0001, "loss": -16.084, "recon_loss": -19.547, "kld_loss": 6.927, "kld_weight": 0.5}
{"message": "", "levelname": "INFO", "name": "Trainer", "asctime": "2026-04-29 22:01:33,864", "type": "train", "epoch": 10, "batch": 7439, "n_batches": 7774, "time": 0.644, "data_time": 0.0, "lr": 0.0001, "loss": -18.475, "recon_loss": -20.459, "kld_loss": 3.969, "kld_weight": 0.5}
{"message": "", "levelname": "INFO", "name": "Trainer", "asctime": "2026-04-29 22:01:40,523", "type": "train", "epoch": 10, "batch": 7519, "n_batches": 7774, "time": 0.646, "data_time": 0.0, "lr": 0.0001, "loss": -17.937, "recon_loss": -21.116, "kld_loss": 6.358, "kld_weight": 0.5}
{"message": "", "levelname": "INFO", "name": "Trainer", "asctime": "2026-04-29 22:01:47,141", "type": "train", "epoch": 10, "batch": 7599, "n_batches": 7774, "time": 0.629, "data_time": 0.0, "lr": 0.0001, "loss": -7.011, "recon_loss": -12.449, "kld_loss": 10.876, "kld_weight": 0.5}
{"message": "", "levelname": "INFO", "name": "Trainer", "asctime": "2026-04-29 22:01:53,732", "type": "train", "epoch": 10, "batch": 7679, "n_batches": 7774, "time": 0.619, "data_time": 0.0, "lr": 0.0001, "loss": -24.09, "recon_loss": -27.377, "kld_loss": 6.573, "kld_weight": 0.5}
{"message": "", "levelname": "INFO", "name": "Trainer", "asctime": "2026-04-29 22:02:00,275", "type": "train", "epoch": 10, "batch": 7759, "n_batches": 7774, "time": 0.666, "data_time": 0.0, "lr": 0.0001, "loss": -8.858, "recon_loss": -14.874, "kld_loss": 12.033, "kld_weight": 0.5}
{"message": "", "levelname": "INFO", "name": "Trainer", "asctime": "2026-04-29 22:02:01,287", "type": "train-epoch", "epoch": 11, "loss": -1.85254, "recon_loss": -2.28511, "kld_loss": 0.86515, "kld_weight": 0.5, "time": 633.9}
{"message": "", "levelname": "INFO", "name": "Trainer", "asctime": "2026-04-29 22:03:54,050", "type": "val-epoch", "epoch": 11, "loss": -2.005, "test_loss": -1.217, "recon_loss": -2.475, "kld_loss": 0.939, "kld_weight": 0.5, "note": "loss is teacher-forced CVAE objective; test_loss is prior-only reconstruction", "time": 112.8}
{"message": "", "levelname": "INFO", "name": "Trainer", "asctime": "2026-04-29 22:04:00,980", "type": "train", "epoch": 11, "batch": 79, "n_batches": 7774, "time": 0.646, "data_time": 0.0, "lr": 0.0001, "loss": -15.833, "recon_loss": -18.716, "kld_loss": 5.765, "kld_weight": 0.5}
{"message": "", "levelname": "INFO", "name": "Trainer", "asctime": "2026-04-29 22:04:07,929", "type": "train", "epoch": 11, "batch": 159, "n_batches": 7774, "time": 0.798, "data_time": 0.0, "lr": 0.0001, "loss": -15.611, "recon_loss": -19.559, "kld_loss": 7.895, "kld_weight": 0.5}
{"message": "", "levelname": "INFO", "name": "Trainer", "asctime": "2026-04-29 22:04:14,911", "type": "train", "epoch": 11, "batch": 239, "n_batches": 7774, "time": 0.627, "data_time": 0.0, "lr": 0.0001, "loss": -10.646, "recon_loss": -15.417, "kld_loss": 9.54, "kld_weight": 0.5}
{"message": "", "levelname": "INFO", "name": "Trainer", "asctime": "2026-04-29 22:04:20,617", "type": "train", "epoch": 11, "batch": 319, "n_batches": 7774, "time": 0.485, "data_time": 0.0, "lr": 0.0001, "loss": -12.535, "recon_loss": -16.262, "kld_loss": 7.455, "kld_weight": 0.5}
{"message": "", "levelname": "INFO", "name": "Trainer", "asctime": "2026-04-29 22:04:27,187", "type": "train", "epoch": 11, "batch": 399, "n_batches": 7774, "time": 0.836, "data_time": 0.0, "lr": 0.0001, "loss": -22.22, "recon_loss": -25.477, "kld_loss": 6.515, "kld_weight": 0.5}
{"message": "", "levelname": "INFO", "name": "Trainer", "asctime": "2026-04-29 22:04:33,915", "type": "train", "epoch": 11, "batch": 479, "n_batches": 7774, "time": 0.624, "data_time": 0.0, "lr": 0.0001, "loss": -20.377, "recon_loss": -23.867, "kld_loss": 6.981, "kld_weight": 0.5}
{"message": "", "levelname": "INFO", "name": "Trainer", "asctime": "2026-04-29 22:04:40,527", "type": "train", "epoch": 11, "batch": 559, "n_batches": 7774, "time": 0.505, "data_time": 0.0, "lr": 0.0001, "loss": -16.538, "recon_loss": -19.292, "kld_loss": 5.507, "kld_weight": 0.5}
{"message": "", "levelname": "INFO", "name": "Trainer", "asctime": "2026-04-29 22:04:47,050", "type": "train", "epoch": 11, "batch": 639, "n_batches": 7774, "time": 0.531, "data_time": 0.0, "lr": 0.0001, "loss": -16.415, "recon_loss": -19.833, "kld_loss": 6.838, "kld_weight": 0.5}
{"message": "", "levelname": "INFO", "name": "Trainer", "asctime": "2026-04-29 22:04:53,644", "type": "train", "epoch": 11, "batch": 719, "n_batches": 7774, "time": 0.609, "data_time": 0.0, "lr": 0.0001, "loss": -11.934, "recon_loss": -14.538, "kld_loss": 5.207, "kld_weight": 0.5}
{"message": "", "levelname": "INFO", "name": "Trainer", "asctime": "2026-04-29 22:05:00,346", "type": "train", "epoch": 11, "batch": 799, "n_batches": 7774, "time": 0.619, "data_time": 0.0, "lr": 0.0001, "loss": -15.48, "recon_loss": -17.897, "kld_loss": 4.834, "kld_weight": 0.5}
{"message": "", "levelname": "INFO", "name": "Trainer", "asctime": "2026-04-29 22:05:06,623", "type": "train", "epoch": 11, "batch": 879, "n_batches": 7774, "time": 0.825, "data_time": 0.0, "lr": 0.0001, "loss": -10.619, "recon_loss": -16.9, "kld_loss": 12.561, "kld_weight": 0.5}
{"message": "", "levelname": "INFO", "name": "Trainer", "asctime": "2026-04-29 22:05:12,757", "type": "train", "epoch": 11, "batch": 959, "n_batches": 7774, "time": 0.655, "data_time": 0.0, "lr": 0.0001, "loss": -14.062, "recon_loss": -17.728, "kld_loss": 7.332, "kld_weight": 0.5}
{"message": "", "levelname": "INFO", "name": "Trainer", "asctime": "2026-04-29 22:05:19,521", "type": "train", "epoch": 11, "batch": 1039, "n_batches": 7774, "time": 0.628, "data_time": 0.0, "lr": 0.0001, "loss": -16.332, "recon_loss": -18.849, "kld_loss": 5.034, "kld_weight": 0.5}
{"message": "", "levelname": "INFO", "name": "Trainer", "asctime": "2026-04-29 22:05:26,145", "type": "train", "epoch": 11, "batch": 1119, "n_batches": 7774, "time": 0.759, "data_time": 0.0, "lr": 0.0001, "loss": -11.637, "recon_loss": -14.416, "kld_loss": 5.559, "kld_weight": 0.5}
{"message": "", "levelname": "INFO", "name": "Trainer", "asctime": "2026-04-29 22:05:32,523", "type": "train", "epoch": 11, "batch": 1199, "n_batches": 7774, "time": 0.523, "data_time": 0.0, "lr": 0.0001, "loss": -16.212, "recon_loss": -18.727, "kld_loss": 5.03, "kld_weight": 0.5}
{"message": "", "levelname": "INFO", "name": "Trainer", "asctime": "2026-04-29 22:05:39,551", "type": "train", "epoch": 11, "batch": 1279, "n_batches": 7774, "time": 0.714, "data_time": 0.0, "lr": 0.0001, "loss": -16.892, "recon_loss": -18.98, "kld_loss": 4.175, "kld_weight": 0.5}
{"message": "", "levelname": "INFO", "name": "Trainer", "asctime": "2026-04-29 22:05:46,246", "type": "train", "epoch": 11, "batch": 1359, "n_batches": 7774, "time": 0.576, "data_time": 0.0, "lr": 0.0001, "loss": -12.629, "recon_loss": -15.128, "kld_loss": 4.999, "kld_weight": 0.5}
{"message": "", "levelname": "INFO", "name": "Trainer", "asctime": "2026-04-29 22:05:52,639", "type": "train", "epoch": 11, "batch": 1439, "n_batches": 7774, "time": 0.681, "data_time": 0.0, "lr": 0.0001, "loss": -15.646, "recon_loss": -19.407, "kld_loss": 7.521, "kld_weight": 0.5}
{"message": "", "levelname": "INFO", "name": "Trainer", "asctime": "2026-04-29 22:05:59,702", "type": "train", "epoch": 11, "batch": 1519, "n_batches": 7774, "time": 0.521, "data_time": 0.0, "lr": 0.0001, "loss": -16.97, "recon_loss": -21.763, "kld_loss": 9.586, "kld_weight": 0.5}
{"message": "", "levelname": "INFO", "name": "Trainer", "asctime": "2026-04-29 22:06:05,934", "type": "train", "epoch": 11, "batch": 1599, "n_batches": 7774, "time": 0.616, "data_time": 0.0, "lr": 0.0001, "loss": -10.36, "recon_loss": -14.783, "kld_loss": 8.845, "kld_weight": 0.5}
{"message": "", "levelname": "INFO", "name": "Trainer", "asctime": "2026-04-29 22:06:12,691", "type": "train", "epoch": 11, "batch": 1679, "n_batches": 7774, "time": 0.583, "data_time": 0.0, "lr": 0.0001, "loss": -11.112, "recon_loss": -15.69, "kld_loss": 9.156, "kld_weight": 0.5}
{"message": "", "levelname": "INFO", "name": "Trainer", "asctime": "2026-04-29 22:06:18,784", "type": "train", "epoch": 11, "batch": 1759, "n_batches": 7774, "time": 0.552, "data_time": 0.0, "lr": 0.0001, "loss": -14.018, "recon_loss": -18.543, "kld_loss": 9.051, "kld_weight": 0.5}
{"message": "", "levelname": "INFO", "name": "Trainer", "asctime": "2026-04-29 22:06:25,539", "type": "train", "epoch": 11, "batch": 1839, "n_batches": 7774, "time": 0.588, "data_time": 0.0, "lr": 0.0001, "loss": -9.609, "recon_loss": -14.987, "kld_loss": 10.754, "kld_weight": 0.5}
{"message": "", "levelname": "INFO", "name": "Trainer", "asctime": "2026-04-29 22:06:32,093", "type": "train", "epoch": 11, "batch": 1919, "n_batches": 7774, "time": 0.641, "data_time": 0.0, "lr": 0.0001, "loss": -9.821, "recon_loss": -14.916, "kld_loss": 10.19, "kld_weight": 0.5}
{"message": "", "levelname": "INFO", "name": "Trainer", "asctime": "2026-04-29 22:06:38,978", "type": "train", "epoch": 11, "batch": 1999, "n_batches": 7774, "time": 0.674, "data_time": 0.0, "lr": 0.0001, "loss": -19.172, "recon_loss": -21.496, "kld_loss": 4.647, "kld_weight": 0.5}
{"message": "", "levelname": "INFO", "name": "Trainer", "asctime": "2026-04-29 22:06:45,942", "type": "train", "epoch": 11, "batch": 2079, "n_batches": 7774, "time": 0.661, "data_time": 0.0, "lr": 0.0001, "loss": -7.135, "recon_loss": -10.332, "kld_loss": 6.394, "kld_weight": 0.5}
{"message": "", "levelname": "INFO", "name": "Trainer", "asctime": "2026-04-29 22:06:51,925", "type": "train", "epoch": 11, "batch": 2159, "n_batches": 7774, "time": 0.475, "data_time": 0.0, "lr": 0.0001, "loss": -14.116, "recon_loss": -18.924, "kld_loss": 9.617, "kld_weight": 0.5}
{"message": "", "levelname": "INFO", "name": "Trainer", "asctime": "2026-04-29 22:06:58,462", "type": "train", "epoch": 11, "batch": 2239, "n_batches": 7774, "time": 0.52, "data_time": 0.0, "lr": 0.0001, "loss": -19.731, "recon_loss": -22.874, "kld_loss": 6.286, "kld_weight": 0.5}
{"message": "", "levelname": "INFO", "name": "Trainer", "asctime": "2026-04-29 22:07:05,367", "type": "train", "epoch": 11, "batch": 2319, "n_batches": 7774, "time": 0.667, "data_time": 0.0, "lr": 0.0001, "loss": -12.207, "recon_loss": -16.112, "kld_loss": 7.81, "kld_weight": 0.5}
{"message": "", "levelname": "INFO", "name": "Trainer", "asctime": "2026-04-29 22:07:11,380", "type": "train", "epoch": 11, "batch": 2399, "n_batches": 7774, "time": 0.588, "data_time": 0.0, "lr": 0.0001, "loss": -15.155, "recon_loss": -18.119, "kld_loss": 5.929, "kld_weight": 0.5}
{"message": "", "levelname": "INFO", "name": "Trainer", "asctime": "2026-04-29 22:07:18,044", "type": "train", "epoch": 11, "batch": 2479, "n_batches": 7774, "time": 0.574, "data_time": 0.0, "lr": 0.0001, "loss": -10.165, "recon_loss": -14.28, "kld_loss": 8.23, "kld_weight": 0.5}
{"message": "", "levelname": "INFO", "name": "Trainer", "asctime": "2026-04-29 22:07:24,708", "type": "train", "epoch": 11, "batch": 2559, "n_batches": 7774, "time": 0.702, "data_time": 0.0, "lr": 0.0001, "loss": -13.669, "recon_loss": -16.539, "kld_loss": 5.741, "kld_weight": 0.5}
{"message": "", "levelname": "INFO", "name": "Trainer", "asctime": "2026-04-29 22:07:31,320", "type": "train", "epoch": 11, "batch": 2639, "n_batches": 7774, "time": 0.569, "data_time": 0.0, "lr": 0.0001, "loss": -18.135, "recon_loss": -21.312, "kld_loss": 6.354, "kld_weight": 0.5}
{"message": "", "levelname": "INFO", "name": "Trainer", "asctime": "2026-04-29 22:07:37,835", "type": "train", "epoch": 11, "batch": 2719, "n_batches": 7774, "time": 0.785, "data_time": 0.0, "lr": 0.0001, "loss": -12.013, "recon_loss": -18.486, "kld_loss": 12.947, "kld_weight": 0.5}
{"message": "", "levelname": "INFO", "name": "Trainer", "asctime": "2026-04-29 22:07:44,768", "type": "train", "epoch": 11, "batch": 2799, "n_batches": 7774, "time": 0.694, "data_time": 0.0, "lr": 0.0001, "loss": -18.536, "recon_loss": -22.367, "kld_loss": 7.662, "kld_weight": 0.5}
{"message": "", "levelname": "INFO", "name": "Trainer", "asctime": "2026-04-29 22:07:51,320", "type": "train", "epoch": 11, "batch": 2879, "n_batches": 7774, "time": 0.56, "data_time": 0.0, "lr": 0.0001, "loss": -10.465, "recon_loss": -14.653, "kld_loss": 8.376, "kld_weight": 0.5}
{"message": "", "levelname": "INFO", "name": "Trainer", "asctime": "2026-04-29 22:07:57,456", "type": "train", "epoch": 11, "batch": 2959, "n_batches": 7774, "time": 0.671, "data_time": 0.0, "lr": 0.0001, "loss": -14.0, "recon_loss": -18.163, "kld_loss": 8.326, "kld_weight": 0.5}
{"message": "", "levelname": "INFO", "name": "Trainer", "asctime": "2026-04-29 22:08:03,807", "type": "train", "epoch": 11, "batch": 3039, "n_batches": 7774, "time": 0.61, "data_time": 0.0, "lr": 0.0001, "loss": -20.784, "recon_loss": -24.367, "kld_loss": 7.166, "kld_weight": 0.5}
{"message": "", "levelname": "INFO", "name": "Trainer", "asctime": "2026-04-29 22:08:10,221", "type": "train", "epoch": 11, "batch": 3119, "n_batches": 7774, "time": 0.689, "data_time": 0.0, "lr": 0.0001, "loss": -12.353, "recon_loss": -16.369, "kld_loss": 8.034, "kld_weight": 0.5}
{"message": "", "levelname": "INFO", "name": "Trainer", "asctime": "2026-04-29 22:08:16,944", "type": "train", "epoch": 11, "batch": 3199, "n_batches": 7774, "time": 0.687, "data_time": 0.0, "lr": 0.0001, "loss": -18.246, "recon_loss": -21.424, "kld_loss": 6.356, "kld_weight": 0.5}
{"message": "", "levelname": "INFO", "name": "Trainer", "asctime": "2026-04-29 22:08:23,607", "type": "train", "epoch": 11, "batch": 3279, "n_batches": 7774, "time": 0.549, "data_time": 0.0, "lr": 0.0001, "loss": -14.66, "recon_loss": -17.994, "kld_loss": 6.668, "kld_weight": 0.5}
{"message": "", "levelname": "INFO", "name": "Trainer", "asctime": "2026-04-29 22:08:30,604", "type": "train", "epoch": 11, "batch": 3359, "n_batches": 7774, "time": 0.907, "data_time": 0.0, "lr": 0.0001, "loss": -12.928, "recon_loss": -17.213, "kld_loss": 8.569, "kld_weight": 0.5}
{"message": "", "levelname": "INFO", "name": "Trainer", "asctime": "2026-04-29 22:08:37,474", "type": "train", "epoch": 11, "batch": 3439, "n_batches": 7774, "time": 0.799, "data_time": 0.0, "lr": 0.0001, "loss": -21.167, "recon_loss": -23.687, "kld_loss": 5.041, "kld_weight": 0.5}
{"message": "", "levelname": "INFO", "name": "Trainer", "asctime": "2026-04-29 22:08:43,482", "type": "train", "epoch": 11, "batch": 3519, "n_batches": 7774, "time": 0.602, "data_time": 0.0, "lr": 0.0001, "loss": -15.238, "recon_loss": -18.843, "kld_loss": 7.211, "kld_weight": 0.5}
{"message": "", "levelname": "INFO", "name": "Trainer", "asctime": "2026-04-29 22:08:49,818", "type": "train", "epoch": 11, "batch": 3599, "n_batches": 7774, "time": 0.612, "data_time": 0.0, "lr": 0.0001, "loss": -22.363, "recon_loss": -25.796, "kld_loss": 6.866, "kld_weight": 0.5}
{"message": "", "levelname": "INFO", "name": "Trainer", "asctime": "2026-04-29 22:08:56,239", "type": "train", "epoch": 11, "batch": 3679, "n_batches": 7774, "time": 0.635, "data_time": 0.0, "lr": 0.0001, "loss": -15.689, "recon_loss": -19.061, "kld_loss": 6.744, "kld_weight": 0.5}
{"message": "", "levelname": "INFO", "name": "Trainer", "asctime": "2026-04-29 22:09:03,285", "type": "train", "epoch": 11, "batch": 3759, "n_batches": 7774, "time": 0.735, "data_time": 0.0, "lr": 0.0001, "loss": -16.844, "recon_loss": -20.236, "kld_loss": 6.785, "kld_weight": 0.5}
{"message": "", "levelname": "INFO", "name": "Trainer", "asctime": "2026-04-29 22:09:09,968", "type": "train", "epoch": 11, "batch": 3839, "n_batches": 7774, "time": 0.707, "data_time": 0.0, "lr": 0.0001, "loss": -14.164, "recon_loss": -18.364, "kld_loss": 8.4, "kld_weight": 0.5}
{"message": "", "levelname": "INFO", "name": "Trainer", "asctime": "2026-04-29 22:09:17,197", "type": "train", "epoch": 11, "batch": 3919, "n_batches": 7774, "time": 0.657, "data_time": 0.0, "lr": 0.0001, "loss": -17.459, "recon_loss": -21.207, "kld_loss": 7.496, "kld_weight": 0.5}
{"message": "", "levelname": "INFO", "name": "Trainer", "asctime": "2026-04-29 22:09:23,628", "type": "train", "epoch": 11, "batch": 3999, "n_batches": 7774, "time": 0.739, "data_time": 0.0, "lr": 0.0001, "loss": -19.061, "recon_loss": -22.402, "kld_loss": 6.682, "kld_weight": 0.5}
{"message": "", "levelname": "INFO", "name": "Trainer", "asctime": "2026-04-29 22:09:30,091", "type": "train", "epoch": 11, "batch": 4079, "n_batches": 7774, "time": 0.684, "data_time": 0.0, "lr": 0.0001, "loss": -13.925, "recon_loss": -16.833, "kld_loss": 5.817, "kld_weight": 0.5}
{"message": "", "levelname": "INFO", "name": "Trainer", "asctime": "2026-04-29 22:09:36,769", "type": "train", "epoch": 11, "batch": 4159, "n_batches": 7774, "time": 0.747, "data_time": 0.0, "lr": 0.0001, "loss": -10.65, "recon_loss": -16.424, "kld_loss": 11.547, "kld_weight": 0.5}
{"message": "", "levelname": "INFO", "name": "Trainer", "asctime": "2026-04-29 22:09:43,007", "type": "train", "epoch": 11, "batch": 4239, "n_batches": 7774, "time": 0.586, "data_time": 0.0, "lr": 0.0001, "loss": -7.934, "recon_loss": -13.775, "kld_loss": 11.683, "kld_weight": 0.5}
{"message": "", "levelname": "INFO", "name": "Trainer", "asctime": "2026-04-29 22:09:49,648", "type": "train", "epoch": 11, "batch": 4319, "n_batches": 7774, "time": 0.763, "data_time": 0.0, "lr": 0.0001, "loss": -15.391, "recon_loss": -20.063, "kld_loss": 9.344, "kld_weight": 0.5}
{"message": "", "levelname": "INFO", "name": "Trainer", "asctime": "2026-04-29 22:09:56,648", "type": "train", "epoch": 11, "batch": 4399, "n_batches": 7774, "time": 0.909, "data_time": 0.0, "lr": 0.0001, "loss": -17.946, "recon_loss": -21.55, "kld_loss": 7.208, "kld_weight": 0.5}
{"message": "", "levelname": "INFO", "name": "Trainer", "asctime": "2026-04-29 22:10:03,241", "type": "train", "epoch": 11, "batch": 4479, "n_batches": 7774, "time": 0.549, "data_time": 0.0, "lr": 0.0001, "loss": -12.88, "recon_loss": -16.379, "kld_loss": 6.999, "kld_weight": 0.5}
{"message": "", "levelname": "INFO", "name": "Trainer", "asctime": "2026-04-29 22:10:09,751", "type": "train", "epoch": 11, "batch": 4559, "n_batches": 7774, "time": 0.412, "data_time": 0.0, "lr": 0.0001, "loss": -14.872, "recon_loss": -18.645, "kld_loss": 7.547, "kld_weight": 0.5}
{"message": "", "levelname": "INFO", "name": "Trainer", "asctime": "2026-04-29 22:10:16,525", "type": "train", "epoch": 11, "batch": 4639, "n_batches": 7774, "time": 0.664, "data_time": 0.0, "lr": 0.0001, "loss": -15.767, "recon_loss": -19.363, "kld_loss": 7.192, "kld_weight": 0.5}
{"message": "", "levelname": "INFO", "name": "Trainer", "asctime": "2026-04-29 22:10:22,363", "type": "train", "epoch": 11, "batch": 4719, "n_batches": 7774, "time": 0.633, "data_time": 0.0, "lr": 0.0001, "loss": -16.58, "recon_loss": -20.002, "kld_loss": 6.844, "kld_weight": 0.5}
{"message": "", "levelname": "INFO", "name": "Trainer", "asctime": "2026-04-29 22:10:28,454", "type": "train", "epoch": 11, "batch": 4799, "n_batches": 7774, "time": 0.399, "data_time": 0.0, "lr": 0.0001, "loss": -16.777, "recon_loss": -20.162, "kld_loss": 6.771, "kld_weight": 0.5}
{"message": "", "levelname": "INFO", "name": "Trainer", "asctime": "2026-04-29 22:10:34,618", "type": "train", "epoch": 11, "batch": 4879, "n_batches": 7774, "time": 0.538, "data_time": 0.0, "lr": 0.0001, "loss": -14.464, "recon_loss": -17.977, "kld_loss": 7.027, "kld_weight": 0.5}
{"message": "", "levelname": "INFO", "name": "Trainer", "asctime": "2026-04-29 22:10:40,612", "type": "train", "epoch": 11, "batch": 4959, "n_batches": 7774, "time": 0.554, "data_time": 0.0, "lr": 0.0001, "loss": -14.116, "recon_loss": -18.037, "kld_loss": 7.843, "kld_weight": 0.5}
{"message": "", "levelname": "INFO", "name": "Trainer", "asctime": "2026-04-29 22:10:47,143", "type": "train", "epoch": 11, "batch": 5039, "n_batches": 7774, "time": 0.738, "data_time": 0.0, "lr": 0.0001, "loss": -15.907, "recon_loss": -18.05, "kld_loss": 4.286, "kld_weight": 0.5}
{"message": "", "levelname": "INFO", "name": "Trainer", "asctime": "2026-04-29 22:10:54,153", "type": "train", "epoch": 11, "batch": 5119, "n_batches": 7774, "time": 0.746, "data_time": 0.0, "lr": 0.0001, "loss": -17.738, "recon_loss": -20.232, "kld_loss": 4.987, "kld_weight": 0.5}
{"message": "", "levelname": "INFO", "name": "Trainer", "asctime": "2026-04-29 22:11:01,366", "type": "train", "epoch": 11, "batch": 5199, "n_batches": 7774, "time": 0.572, "data_time": 0.0, "lr": 0.0001, "loss": -16.703, "recon_loss": -19.897, "kld_loss": 6.389, "kld_weight": 0.5}
{"message": "", "levelname": "INFO", "name": "Trainer", "asctime": "2026-04-29 22:11:07,776", "type": "train", "epoch": 11, "batch": 5279, "n_batches": 7774, "time": 0.673, "data_time": 0.0, "lr": 0.0001, "loss": -12.123, "recon_loss": -14.946, "kld_loss": 5.645, "kld_weight": 0.5}
{"message": "", "levelname": "INFO", "name": "Trainer", "asctime": "2026-04-29 22:11:14,455", "type": "train", "epoch": 11, "batch": 5359, "n_batches": 7774, "time": 0.691, "data_time": 0.0, "lr": 0.0001, "loss": -14.799, "recon_loss": -19.827, "kld_loss": 10.055, "kld_weight": 0.5}
{"message": "", "levelname": "INFO", "name": "Trainer", "asctime": "2026-04-29 22:11:20,878", "type": "train", "epoch": 11, "batch": 5439, "n_batches": 7774, "time": 0.894, "data_time": 0.0, "lr": 0.0001, "loss": -12.662, "recon_loss": -16.765, "kld_loss": 8.207, "kld_weight": 0.5}
{"message": "", "levelname": "INFO", "name": "Trainer", "asctime": "2026-04-29 22:11:26,378", "type": "train", "epoch": 11, "batch": 5519, "n_batches": 7774, "time": 0.526, "data_time": 0.0, "lr": 0.0001, "loss": -15.484, "recon_loss": -17.826, "kld_loss": 4.685, "kld_weight": 0.5}
{"message": "", "levelname": "INFO", "name": "Trainer", "asctime": "2026-04-29 22:11:32,900", "type": "train", "epoch": 11, "batch": 5599, "n_batches": 7774, "time": 0.6, "data_time": 0.0, "lr": 0.0001, "loss": -18.383, "recon_loss": -20.645, "kld_loss": 4.524, "kld_weight": 0.5}
{"message": "", "levelname": "INFO", "name": "Trainer", "asctime": "2026-04-29 22:11:39,071", "type": "train", "epoch": 11, "batch": 5679, "n_batches": 7774, "time": 0.534, "data_time": 0.0, "lr": 0.0001, "loss": -14.044, "recon_loss": -17.689, "kld_loss": 7.291, "kld_weight": 0.5}
{"message": "", "levelname": "INFO", "name": "Trainer", "asctime": "2026-04-29 22:11:45,500", "type": "train", "epoch": 11, "batch": 5759, "n_batches": 7774, "time": 0.631, "data_time": 0.0, "lr": 0.0001, "loss": -12.795, "recon_loss": -16.102, "kld_loss": 6.613, "kld_weight": 0.5}
{"message": "", "levelname": "INFO", "name": "Trainer", "asctime": "2026-04-29 22:11:52,066", "type": "train", "epoch": 11, "batch": 5839, "n_batches": 7774, "time": 0.549, "data_time": 0.0, "lr": 0.0001, "loss": -18.802, "recon_loss": -21.189, "kld_loss": 4.773, "kld_weight": 0.5}
{"message": "", "levelname": "INFO", "name": "Trainer", "asctime": "2026-04-29 22:11:58,281", "type": "train", "epoch": 11, "batch": 5919, "n_batches": 7774, "time": 0.601, "data_time": 0.0, "lr": 0.0001, "loss": -15.487, "recon_loss": -18.797, "kld_loss": 6.619, "kld_weight": 0.5}
{"message": "", "levelname": "INFO", "name": "Trainer", "asctime": "2026-04-29 22:12:04,739", "type": "train", "epoch": 11, "batch": 5999, "n_batches": 7774, "time": 0.453, "data_time": 0.0, "lr": 0.0001, "loss": -11.978, "recon_loss": -14.639, "kld_loss": 5.323, "kld_weight": 0.5}
{"message": "", "levelname": "INFO", "name": "Trainer", "asctime": "2026-04-29 22:12:11,285", "type": "train", "epoch": 11, "batch": 6079, "n_batches": 7774, "time": 0.834, "data_time": 0.0, "lr": 0.0001, "loss": -17.563, "recon_loss": -21.166, "kld_loss": 7.204, "kld_weight": 0.5}
{"message": "", "levelname": "INFO", "name": "Trainer", "asctime": "2026-04-29 22:12:17,989", "type": "train", "epoch": 11, "batch": 6159, "n_batches": 7774, "time": 0.658, "data_time": 0.0, "lr": 0.0001, "loss": -16.381, "recon_loss": -20.548, "kld_loss": 8.334, "kld_weight": 0.5}
{"message": "", "levelname": "INFO", "name": "Trainer", "asctime": "2026-04-29 22:12:24,510", "type": "train", "epoch": 11, "batch": 6239, "n_batches": 7774, "time": 0.486, "data_time": 0.0, "lr": 0.0001, "loss": -18.84, "recon_loss": -22.013, "kld_loss": 6.346, "kld_weight": 0.5}
{"message": "", "levelname": "INFO", "name": "Trainer", "asctime": "2026-04-29 22:12:30,737", "type": "train", "epoch": 11, "batch": 6319, "n_batches": 7774, "time": 0.625, "data_time": 0.0, "lr": 0.0001, "loss": -21.752, "recon_loss": -24.808, "kld_loss": 6.111, "kld_weight": 0.5}
{"message": "", "levelname": "INFO", "name": "Trainer", "asctime": "2026-04-29 22:12:37,539", "type": "train", "epoch": 11, "batch": 6399, "n_batches": 7774, "time": 0.716, "data_time": 0.0, "lr": 0.0001, "loss": -18.659, "recon_loss": -21.546, "kld_loss": 5.774, "kld_weight": 0.5}
{"message": "", "levelname": "INFO", "name": "Trainer", "asctime": "2026-04-29 22:12:43,637", "type": "train", "epoch": 11, "batch": 6479, "n_batches": 7774, "time": 0.546, "data_time": 0.0, "lr": 0.0001, "loss": -13.991, "recon_loss": -17.944, "kld_loss": 7.906, "kld_weight": 0.5}
{"message": "", "levelname": "INFO", "name": "Trainer", "asctime": "2026-04-29 22:12:50,118", "type": "train", "epoch": 11, "batch": 6559, "n_batches": 7774, "time": 0.519, "data_time": 0.0, "lr": 0.0001, "loss": -15.192, "recon_loss": -18.512, "kld_loss": 6.641, "kld_weight": 0.5}
{"message": "", "levelname": "INFO", "name": "Trainer", "asctime": "2026-04-29 22:12:57,056", "type": "train", "epoch": 11, "batch": 6639, "n_batches": 7774, "time": 0.696, "data_time": 0.0, "lr": 0.0001, "loss": -17.097, "recon_loss": -21.124, "kld_loss": 8.055, "kld_weight": 0.5}
{"message": "", "levelname": "INFO", "name": "Trainer", "asctime": "2026-04-29 22:13:03,344", "type": "train", "epoch": 11, "batch": 6719, "n_batches": 7774, "time": 0.524, "data_time": 0.0, "lr": 0.0001, "loss": -16.09, "recon_loss": -19.287, "kld_loss": 6.393, "kld_weight": 0.5}
{"message": "", "levelname": "INFO", "name": "Trainer", "asctime": "2026-04-29 22:13:10,083", "type": "train", "epoch": 11, "batch": 6799, "n_batches": 7774, "time": 0.73, "data_time": 0.0, "lr": 0.0001, "loss": -20.448, "recon_loss": -23.614, "kld_loss": 6.334, "kld_weight": 0.5}
{"message": "", "levelname": "INFO", "name": "Trainer", "asctime": "2026-04-29 22:13:17,470", "type": "train", "epoch": 11, "batch": 6879, "n_batches": 7774, "time": 0.856, "data_time": 0.0, "lr": 0.0001, "loss": -14.33, "recon_loss": -17.167, "kld_loss": 5.674, "kld_weight": 0.5}
{"message": "", "levelname": "INFO", "name": "Trainer", "asctime": "2026-04-29 22:13:23,906", "type": "train", "epoch": 11, "batch": 6959, "n_batches": 7774, "time": 0.649, "data_time": 0.0, "lr": 0.0001, "loss": -11.093, "recon_loss": -15.952, "kld_loss": 9.717, "kld_weight": 0.5}
{"message": "", "levelname": "INFO", "name": "Trainer", "asctime": "2026-04-29 22:13:30,486", "type": "train", "epoch": 11, "batch": 7039, "n_batches": 7774, "time": 0.601, "data_time": 0.0, "lr": 0.0001, "loss": -14.305, "recon_loss": -17.943, "kld_loss": 7.278, "kld_weight": 0.5}
{"message": "", "levelname": "INFO", "name": "Trainer", "asctime": "2026-04-29 22:13:36,933", "type": "train", "epoch": 11, "batch": 7119, "n_batches": 7774, "time": 0.627, "data_time": 0.0, "lr": 0.0001, "loss": -15.82, "recon_loss": -18.702, "kld_loss": 5.764, "kld_weight": 0.5}
{"message": "", "levelname": "INFO", "name": "Trainer", "asctime": "2026-04-29 22:13:43,255", "type": "train", "epoch": 11, "batch": 7199, "n_batches": 7774, "time": 0.651, "data_time": 0.0, "lr": 0.0001, "loss": -7.272, "recon_loss": -12.225, "kld_loss": 9.906, "kld_weight": 0.5}
{"message": "", "levelname": "INFO", "name": "Trainer", "asctime": "2026-04-29 22:13:49,107", "type": "train", "epoch": 11, "batch": 7279, "n_batches": 7774, "time": 0.564, "data_time": 0.0, "lr": 0.0001, "loss": -19.301, "recon_loss": -21.606, "kld_loss": 4.611, "kld_weight": 0.5}
{"message": "", "levelname": "INFO", "name": "Trainer", "asctime": "2026-04-29 22:13:55,159", "type": "train", "epoch": 11, "batch": 7359, "n_batches": 7774, "time": 0.638, "data_time": 0.0, "lr": 0.0001, "loss": -12.476, "recon_loss": -17.128, "kld_loss": 9.305, "kld_weight": 0.5}
{"message": "", "levelname": "INFO", "name": "Trainer", "asctime": "2026-04-29 22:14:01,966", "type": "train", "epoch": 11, "batch": 7439, "n_batches": 7774, "time": 0.7, "data_time": 0.0, "lr": 0.0001, "loss": -19.974, "recon_loss": -23.609, "kld_loss": 7.271, "kld_weight": 0.5}
{"message": "", "levelname": "INFO", "name": "Trainer", "asctime": "2026-04-29 22:14:08,618", "type": "train", "epoch": 11, "batch": 7519, "n_batches": 7774, "time": 0.622, "data_time": 0.0, "lr": 0.0001, "loss": -18.125, "recon_loss": -21.975, "kld_loss": 7.7, "kld_weight": 0.5}
{"message": "", "levelname": "INFO", "name": "Trainer", "asctime": "2026-04-29 22:14:14,609", "type": "train", "epoch": 11, "batch": 7599, "n_batches": 7774, "time": 0.57, "data_time": 0.0, "lr": 0.0001, "loss": -14.258, "recon_loss": -17.328, "kld_loss": 6.14, "kld_weight": 0.5}
{"message": "", "levelname": "INFO", "name": "Trainer", "asctime": "2026-04-29 22:14:20,983", "type": "train", "epoch": 11, "batch": 7679, "n_batches": 7774, "time": 0.612, "data_time": 0.0, "lr": 0.0001, "loss": -17.408, "recon_loss": -19.936, "kld_loss": 5.056, "kld_weight": 0.5}
{"message": "", "levelname": "INFO", "name": "Trainer", "asctime": "2026-04-29 22:14:27,904", "type": "train", "epoch": 11, "batch": 7759, "n_batches": 7774, "time": 0.912, "data_time": 0.0, "lr": 0.0001, "loss": -12.58, "recon_loss": -16.032, "kld_loss": 6.903, "kld_weight": 0.5}
{"message": "", "levelname": "INFO", "name": "Trainer", "asctime": "2026-04-29 22:14:28,994", "type": "train-epoch", "epoch": 12, "loss": -1.85807, "recon_loss": -2.29456, "kld_loss": 0.87298, "kld_weight": 0.5, "time": 634.9}
{"message": "", "levelname": "INFO", "name": "Trainer", "asctime": "2026-04-29 22:16:21,974", "type": "val-epoch", "epoch": 12, "loss": -2.012, "test_loss": -1.229, "recon_loss": -2.48, "kld_loss": 0.935, "kld_weight": 0.5, "note": "loss is teacher-forced CVAE objective; test_loss is prior-only reconstruction", "time": 113.0}
{"message": "", "levelname": "INFO", "name": "Trainer", "asctime": "2026-04-29 22:16:28,534", "type": "train", "epoch": 12, "batch": 79, "n_batches": 7774, "time": 0.584, "data_time": 0.0, "lr": 0.0001, "loss": -13.219, "recon_loss": -16.64, "kld_loss": 6.842, "kld_weight": 0.5}
{"message": "", "levelname": "INFO", "name": "Trainer", "asctime": "2026-04-29 22:16:35,443", "type": "train", "epoch": 12, "batch": 159, "n_batches": 7774, "time": 0.663, "data_time": 0.0, "lr": 0.0001, "loss": -15.672, "recon_loss": -17.846, "kld_loss": 4.35, "kld_weight": 0.5}
{"message": "", "levelname": "INFO", "name": "Trainer", "asctime": "2026-04-29 22:16:41,946", "type": "train", "epoch": 12, "batch": 239, "n_batches": 7774, "time": 0.461, "data_time": 0.0, "lr": 0.0001, "loss": -9.601, "recon_loss": -13.632, "kld_loss": 8.063, "kld_weight": 0.5}
{"message": "", "levelname": "INFO", "name": "Trainer", "asctime": "2026-04-29 22:16:48,751", "type": "train", "epoch": 12, "batch": 319, "n_batches": 7774, "time": 0.694, "data_time": 0.0, "lr": 0.0001, "loss": -19.199, "recon_loss": -21.692, "kld_loss": 4.987, "kld_weight": 0.5}
{"message": "", "levelname": "INFO", "name": "Trainer", "asctime": "2026-04-29 22:16:55,941", "type": "train", "epoch": 12, "batch": 399, "n_batches": 7774, "time": 0.674, "data_time": 0.0, "lr": 0.0001, "loss": -15.54, "recon_loss": -18.645, "kld_loss": 6.209, "kld_weight": 0.5}
{"message": "", "levelname": "INFO", "name": "Trainer", "asctime": "2026-04-29 22:17:02,514", "type": "train", "epoch": 12, "batch": 479, "n_batches": 7774, "time": 0.818, "data_time": 0.0, "lr": 0.0001, "loss": -11.709, "recon_loss": -16.029, "kld_loss": 8.641, "kld_weight": 0.5}
{"message": "", "levelname": "INFO", "name": "Trainer", "asctime": "2026-04-29 22:17:09,209", "type": "train", "epoch": 12, "batch": 559, "n_batches": 7774, "time": 0.881, "data_time": 0.0, "lr": 0.0001, "loss": -15.969, "recon_loss": -19.098, "kld_loss": 6.258, "kld_weight": 0.5}
{"message": "", "levelname": "INFO", "name": "Trainer", "asctime": "2026-04-29 22:17:15,857", "type": "train", "epoch": 12, "batch": 639, "n_batches": 7774, "time": 0.798, "data_time": 0.0, "lr": 0.0001, "loss": -13.903, "recon_loss": -18.879, "kld_loss": 9.953, "kld_weight": 0.5}
{"message": "", "levelname": "INFO", "name": "Trainer", "asctime": "2026-04-29 22:17:22,433", "type": "train", "epoch": 12, "batch": 719, "n_batches": 7774, "time": 0.468, "data_time": 0.0, "lr": 0.0001, "loss": -12.56, "recon_loss": -16.004, "kld_loss": 6.888, "kld_weight": 0.5}
{"message": "", "levelname": "INFO", "name": "Trainer", "asctime": "2026-04-29 22:17:29,248", "type": "train", "epoch": 12, "batch": 799, "n_batches": 7774, "time": 0.63, "data_time": 0.0, "lr": 0.0001, "loss": -21.296, "recon_loss": -23.707, "kld_loss": 4.822, "kld_weight": 0.5}
{"message": "", "levelname": "INFO", "name": "Trainer", "asctime": "2026-04-29 22:17:36,709", "type": "train", "epoch": 12, "batch": 879, "n_batches": 7774, "time": 0.842, "data_time": 0.0, "lr": 0.0001, "loss": -10.661, "recon_loss": -14.676, "kld_loss": 8.031, "kld_weight": 0.5}
{"message": "", "levelname": "INFO", "name": "Trainer", "asctime": "2026-04-29 22:17:42,926", "type": "train", "epoch": 12, "batch": 959, "n_batches": 7774, "time": 0.575, "data_time": 0.0, "lr": 0.0001, "loss": -14.249, "recon_loss": -18.129, "kld_loss": 7.759, "kld_weight": 0.5}
{"message": "", "levelname": "INFO", "name": "Trainer", "asctime": "2026-04-29 22:17:50,238", "type": "train", "epoch": 12, "batch": 1039, "n_batches": 7774, "time": 0.638, "data_time": 0.0, "lr": 0.0001, "loss": -12.822, "recon_loss": -17.217, "kld_loss": 8.79, "kld_weight": 0.5}
{"message": "", "levelname": "INFO", "name": "Trainer", "asctime": "2026-04-29 22:17:56,891", "type": "train", "epoch": 12, "batch": 1119, "n_batches": 7774, "time": 0.491, "data_time": 0.0, "lr": 0.0001, "loss": -6.857, "recon_loss": -9.799, "kld_loss": 5.884, "kld_weight": 0.5}
{"message": "", "levelname": "INFO", "name": "Trainer", "asctime": "2026-04-29 22:18:02,894", "type": "train", "epoch": 12, "batch": 1199, "n_batches": 7774, "time": 0.581, "data_time": 0.0, "lr": 0.0001, "loss": -3.65, "recon_loss": -10.502, "kld_loss": 13.703, "kld_weight": 0.5}
{"message": "", "levelname": "INFO", "name": "Trainer", "asctime": "2026-04-29 22:18:08,976", "type": "train", "epoch": 12, "batch": 1279, "n_batches": 7774, "time": 0.545, "data_time": 0.0, "lr": 0.0001, "loss": -7.539, "recon_loss": -14.581, "kld_loss": 14.083, "kld_weight": 0.5}
{"message": "", "levelname": "INFO", "name": "Trainer", "asctime": "2026-04-29 22:18:15,547", "type": "train", "epoch": 12, "batch": 1359, "n_batches": 7774, "time": 0.631, "data_time": 0.0, "lr": 0.0001, "loss": -13.161, "recon_loss": -18.341, "kld_loss": 10.36, "kld_weight": 0.5}
{"message": "", "levelname": "INFO", "name": "Trainer", "asctime": "2026-04-29 22:18:22,443", "type": "train", "epoch": 12, "batch": 1439, "n_batches": 7774, "time": 0.624, "data_time": 0.0, "lr": 0.0001, "loss": -19.325, "recon_loss": -21.872, "kld_loss": 5.094, "kld_weight": 0.5}
{"message": "", "levelname": "INFO", "name": "Trainer", "asctime": "2026-04-29 22:18:29,394", "type": "train", "epoch": 12, "batch": 1519, "n_batches": 7774, "time": 0.489, "data_time": 0.0, "lr": 0.0001, "loss": -15.183, "recon_loss": -18.121, "kld_loss": 5.875, "kld_weight": 0.5}
{"message": "", "levelname": "INFO", "name": "Trainer", "asctime": "2026-04-29 22:18:35,897", "type": "train", "epoch": 12, "batch": 1599, "n_batches": 7774, "time": 0.634, "data_time": 0.002, "lr": 0.0001, "loss": -17.62, "recon_loss": -21.476, "kld_loss": 7.712, "kld_weight": 0.5}
{"message": "", "levelname": "INFO", "name": "Trainer", "asctime": "2026-04-29 22:18:42,500", "type": "train", "epoch": 12, "batch": 1679, "n_batches": 7774, "time": 0.618, "data_time": 0.0, "lr": 0.0001, "loss": -14.538, "recon_loss": -18.013, "kld_loss": 6.951, "kld_weight": 0.5}
{"message": "", "levelname": "INFO", "name": "Trainer", "asctime": "2026-04-29 22:18:48,780", "type": "train", "epoch": 12, "batch": 1759, "n_batches": 7774, "time": 0.652, "data_time": 0.0, "lr": 0.0001, "loss": -11.344, "recon_loss": -15.925, "kld_loss": 9.163, "kld_weight": 0.5}
{"message": "", "levelname": "INFO", "name": "Trainer", "asctime": "2026-04-29 22:18:55,502", "type": "train", "epoch": 12, "batch": 1839, "n_batches": 7774, "time": 0.751, "data_time": 0.0, "lr": 0.0001, "loss": -11.946, "recon_loss": -16.181, "kld_loss": 8.47, "kld_weight": 0.5}
{"message": "", "levelname": "INFO", "name": "Trainer", "asctime": "2026-04-29 22:19:01,778", "type": "train", "epoch": 12, "batch": 1919, "n_batches": 7774, "time": 0.711, "data_time": 0.0, "lr": 0.0001, "loss": -19.139, "recon_loss": -22.654, "kld_loss": 7.031, "kld_weight": 0.5}
{"message": "", "levelname": "INFO", "name": "Trainer", "asctime": "2026-04-29 22:19:08,137", "type": "train", "epoch": 12, "batch": 1999, "n_batches": 7774, "time": 0.877, "data_time": 0.0, "lr": 0.0001, "loss": -15.186, "recon_loss": -18.883, "kld_loss": 7.394, "kld_weight": 0.5}
{"message": "", "levelname": "INFO", "name": "Trainer", "asctime": "2026-04-29 22:19:14,659", "type": "train", "epoch": 12, "batch": 2079, "n_batches": 7774, "time": 0.652, "data_time": 0.0, "lr": 0.0001, "loss": -13.082, "recon_loss": -17.118, "kld_loss": 8.072, "kld_weight": 0.5}
{"message": "", "levelname": "INFO", "name": "Trainer", "asctime": "2026-04-29 22:19:21,039", "type": "train", "epoch": 12, "batch": 2159, "n_batches": 7774, "time": 0.857, "data_time": 0.0, "lr": 0.0001, "loss": -11.637, "recon_loss": -14.929, "kld_loss": 6.585, "kld_weight": 0.5}
{"message": "", "levelname": "INFO", "name": "Trainer", "asctime": "2026-04-29 22:19:27,919", "type": "train", "epoch": 12, "batch": 2239, "n_batches": 7774, "time": 0.629, "data_time": 0.0, "lr": 0.0001, "loss": -12.191, "recon_loss": -16.53, "kld_loss": 8.679, "kld_weight": 0.5}
{"message": "", "levelname": "INFO", "name": "Trainer", "asctime": "2026-04-29 22:19:34,351", "type": "train", "epoch": 12, "batch": 2319, "n_batches": 7774, "time": 0.682, "data_time": 0.0, "lr": 0.0001, "loss": -16.241, "recon_loss": -18.907, "kld_loss": 5.333, "kld_weight": 0.5}
{"message": "", "levelname": "INFO", "name": "Trainer", "asctime": "2026-04-29 22:19:40,376", "type": "train", "epoch": 12, "batch": 2399, "n_batches": 7774, "time": 0.584, "data_time": 0.0, "lr": 0.0001, "loss": -13.508, "recon_loss": -17.618, "kld_loss": 8.22, "kld_weight": 0.5}
{"message": "", "levelname": "INFO", "name": "Trainer", "asctime": "2026-04-29 22:19:46,259", "type": "train", "epoch": 12, "batch": 2479, "n_batches": 7774, "time": 0.648, "data_time": 0.0, "lr": 0.0001, "loss": -19.554, "recon_loss": -22.163, "kld_loss": 5.218, "kld_weight": 0.5}
{"message": "", "levelname": "INFO", "name": "Trainer", "asctime": "2026-04-29 22:19:52,678", "type": "train", "epoch": 12, "batch": 2559, "n_batches": 7774, "time": 0.652, "data_time": 0.0, "lr": 0.0001, "loss": -10.455, "recon_loss": -13.661, "kld_loss": 6.411, "kld_weight": 0.5}
{"message": "", "levelname": "INFO", "name": "Trainer", "asctime": "2026-04-29 22:19:59,042", "type": "train", "epoch": 12, "batch": 2639, "n_batches": 7774, "time": 0.808, "data_time": 0.0, "lr": 0.0001, "loss": -15.192, "recon_loss": -18.399, "kld_loss": 6.414, "kld_weight": 0.5}
{"message": "", "levelname": "INFO", "name": "Trainer", "asctime": "2026-04-29 22:20:05,785", "type": "train", "epoch": 12, "batch": 2719, "n_batches": 7774, "time": 0.817, "data_time": 0.0, "lr": 0.0001, "loss": -12.302, "recon_loss": -17.702, "kld_loss": 10.799, "kld_weight": 0.5}
{"message": "", "levelname": "INFO", "name": "Trainer", "asctime": "2026-04-29 22:20:12,281", "type": "train", "epoch": 12, "batch": 2799, "n_batches": 7774, "time": 0.605, "data_time": 0.0, "lr": 0.0001, "loss": -18.527, "recon_loss": -21.5, "kld_loss": 5.945, "kld_weight": 0.5}
{"message": "", "levelname": "INFO", "name": "Trainer", "asctime": "2026-04-29 22:20:18,787", "type": "train", "epoch": 12, "batch": 2879, "n_batches": 7774, "time": 0.663, "data_time": 0.0, "lr": 0.0001, "loss": -16.264, "recon_loss": -20.286, "kld_loss": 8.045, "kld_weight": 0.5}
{"message": "", "levelname": "INFO", "name": "Trainer", "asctime": "2026-04-29 22:20:25,075", "type": "train", "epoch": 12, "batch": 2959, "n_batches": 7774, "time": 0.575, "data_time": 0.0, "lr": 0.0001, "loss": -16.493, "recon_loss": -20.543, "kld_loss": 8.098, "kld_weight": 0.5}
{"message": "", "levelname": "INFO", "name": "Trainer", "asctime": "2026-04-29 22:20:32,141", "type": "train", "epoch": 12, "batch": 3039, "n_batches": 7774, "time": 0.801, "data_time": 0.0, "lr": 0.0001, "loss": -20.507, "recon_loss": -23.215, "kld_loss": 5.414, "kld_weight": 0.5}
{"message": "", "levelname": "INFO", "name": "Trainer", "asctime": "2026-04-29 22:20:39,185", "type": "train", "epoch": 12, "batch": 3119, "n_batches": 7774, "time": 0.622, "data_time": 0.0, "lr": 0.0001, "loss": -14.063, "recon_loss": -17.068, "kld_loss": 6.01, "kld_weight": 0.5}
{"message": "", "levelname": "INFO", "name": "Trainer", "asctime": "2026-04-29 22:20:45,322", "type": "train", "epoch": 12, "batch": 3199, "n_batches": 7774, "time": 0.783, "data_time": 0.0, "lr": 0.0001, "loss": -16.309, "recon_loss": -18.696, "kld_loss": 4.776, "kld_weight": 0.5}
{"message": "", "levelname": "INFO", "name": "Trainer", "asctime": "2026-04-29 22:20:52,166", "type": "train", "epoch": 12, "batch": 3279, "n_batches": 7774, "time": 0.599, "data_time": 0.0, "lr": 0.0001, "loss": -17.165, "recon_loss": -20.166, "kld_loss": 6.001, "kld_weight": 0.5}
{"message": "", "levelname": "INFO", "name": "Trainer", "asctime": "2026-04-29 22:20:59,040", "type": "train", "epoch": 12, "batch": 3359, "n_batches": 7774, "time": 0.637, "data_time": 0.0, "lr": 0.0001, "loss": -17.475, "recon_loss": -20.527, "kld_loss": 6.104, "kld_weight": 0.5}
{"message": "", "levelname": "INFO", "name": "Trainer", "asctime": "2026-04-29 22:21:05,191", "type": "train", "epoch": 12, "batch": 3439, "n_batches": 7774, "time": 0.595, "data_time": 0.0, "lr": 0.0001, "loss": -13.437, "recon_loss": -17.105, "kld_loss": 7.335, "kld_weight": 0.5}
{"message": "", "levelname": "INFO", "name": "Trainer", "asctime": "2026-04-29 22:21:11,467", "type": "train", "epoch": 12, "batch": 3519, "n_batches": 7774, "time": 0.58, "data_time": 0.0, "lr": 0.0001, "loss": -13.358, "recon_loss": -17.431, "kld_loss": 8.145, "kld_weight": 0.5}
{"message": "", "levelname": "INFO", "name": "Trainer", "asctime": "2026-04-29 22:21:18,159", "type": "train", "epoch": 12, "batch": 3599, "n_batches": 7774, "time": 0.508, "data_time": 0.0, "lr": 0.0001, "loss": -20.589, "recon_loss": -23.438, "kld_loss": 5.697, "kld_weight": 0.5}
{"message": "", "levelname": "INFO", "name": "Trainer", "asctime": "2026-04-29 22:21:24,508", "type": "train", "epoch": 12, "batch": 3679, "n_batches": 7774, "time": 0.691, "data_time": 0.0, "lr": 0.0001, "loss": -11.524, "recon_loss": -16.155, "kld_loss": 9.263, "kld_weight": 0.5}
{"message": "", "levelname": "INFO", "name": "Trainer", "asctime": "2026-04-29 22:21:31,429", "type": "train", "epoch": 12, "batch": 3759, "n_batches": 7774, "time": 0.633, "data_time": 0.0, "lr": 0.0001, "loss": -9.867, "recon_loss": -14.959, "kld_loss": 10.184, "kld_weight": 0.5}
{"message": "", "levelname": "INFO", "name": "Trainer", "asctime": "2026-04-29 22:21:38,234", "type": "train", "epoch": 12, "batch": 3839, "n_batches": 7774, "time": 0.577, "data_time": 0.0, "lr": 0.0001, "loss": -15.912, "recon_loss": -19.426, "kld_loss": 7.028, "kld_weight": 0.5}
{"message": "", "levelname": "INFO", "name": "Trainer", "asctime": "2026-04-29 22:21:44,405", "type": "train", "epoch": 12, "batch": 3919, "n_batches": 7774, "time": 0.493, "data_time": 0.0, "lr": 0.0001, "loss": -16.571, "recon_loss": -19.21, "kld_loss": 5.277, "kld_weight": 0.5}
{"message": "", "levelname": "INFO", "name": "Trainer", "asctime": "2026-04-29 22:21:50,287", "type": "train", "epoch": 12, "batch": 3999, "n_batches": 7774, "time": 0.455, "data_time": 0.0, "lr": 0.0001, "loss": -11.946, "recon_loss": -16.847, "kld_loss": 9.802, "kld_weight": 0.5}
{"message": "", "levelname": "INFO", "name": "Trainer", "asctime": "2026-04-29 22:21:56,955", "type": "train", "epoch": 12, "batch": 4079, "n_batches": 7774, "time": 0.629, "data_time": 0.0, "lr": 0.0001, "loss": -14.897, "recon_loss": -18.561, "kld_loss": 7.329, "kld_weight": 0.5}
{"message": "", "levelname": "INFO", "name": "Trainer", "asctime": "2026-04-29 22:22:03,606", "type": "train", "epoch": 12, "batch": 4159, "n_batches": 7774, "time": 0.654, "data_time": 0.0, "lr": 0.0001, "loss": -12.373, "recon_loss": -15.693, "kld_loss": 6.64, "kld_weight": 0.5}
{"message": "", "levelname": "INFO", "name": "Trainer", "asctime": "2026-04-29 22:22:10,259", "type": "train", "epoch": 12, "batch": 4239, "n_batches": 7774, "time": 0.701, "data_time": 0.0, "lr": 0.0001, "loss": -12.904, "recon_loss": -15.867, "kld_loss": 5.927, "kld_weight": 0.5}
{"message": "", "levelname": "INFO", "name": "Trainer", "asctime": "2026-04-29 22:22:16,735", "type": "train", "epoch": 12, "batch": 4319, "n_batches": 7774, "time": 0.604, "data_time": 0.0, "lr": 0.0001, "loss": -19.883, "recon_loss": -22.384, "kld_loss": 5.003, "kld_weight": 0.5}
{"message": "", "levelname": "INFO", "name": "Trainer", "asctime": "2026-04-29 22:22:23,524", "type": "train", "epoch": 12, "batch": 4399, "n_batches": 7774, "time": 0.623, "data_time": 0.0, "lr": 0.0001, "loss": -14.04, "recon_loss": -18.707, "kld_loss": 9.335, "kld_weight": 0.5}
{"message": "", "levelname": "INFO", "name": "Trainer", "asctime": "2026-04-29 22:22:29,799", "type": "train", "epoch": 12, "batch": 4479, "n_batches": 7774, "time": 0.626, "data_time": 0.0, "lr": 0.0001, "loss": -16.814, "recon_loss": -20.471, "kld_loss": 7.315, "kld_weight": 0.5}
{"message": "", "levelname": "INFO", "name": "Trainer", "asctime": "2026-04-29 22:22:36,908", "type": "train", "epoch": 12, "batch": 4559, "n_batches": 7774, "time": 0.495, "data_time": 0.0, "lr": 0.0001, "loss": -8.191, "recon_loss": -12.584, "kld_loss": 8.787, "kld_weight": 0.5}
{"message": "", "levelname": "INFO", "name": "Trainer", "asctime": "2026-04-29 22:22:42,711", "type": "train", "epoch": 12, "batch": 4639, "n_batches": 7774, "time": 0.58, "data_time": 0.0, "lr": 0.0001, "loss": -15.439, "recon_loss": -18.522, "kld_loss": 6.165, "kld_weight": 0.5}
{"message": "", "levelname": "INFO", "name": "Trainer", "asctime": "2026-04-29 22:22:49,162", "type": "train", "epoch": 12, "batch": 4719, "n_batches": 7774, "time": 0.718, "data_time": 0.0, "lr": 0.0001, "loss": -17.088, "recon_loss": -20.373, "kld_loss": 6.569, "kld_weight": 0.5}
{"message": "", "levelname": "INFO", "name": "Trainer", "asctime": "2026-04-29 22:22:55,764", "type": "train", "epoch": 12, "batch": 4799, "n_batches": 7774, "time": 0.598, "data_time": 0.0, "lr": 0.0001, "loss": -15.159, "recon_loss": -17.78, "kld_loss": 5.242, "kld_weight": 0.5}
{"message": "", "levelname": "INFO", "name": "Trainer", "asctime": "2026-04-29 22:23:02,035", "type": "train", "epoch": 12, "batch": 4879, "n_batches": 7774, "time": 0.472, "data_time": 0.0, "lr": 0.0001, "loss": -15.526, "recon_loss": -18.379, "kld_loss": 5.705, "kld_weight": 0.5}
{"message": "", "levelname": "INFO", "name": "Trainer", "asctime": "2026-04-29 22:23:08,568", "type": "train", "epoch": 12, "batch": 4959, "n_batches": 7774, "time": 0.63, "data_time": 0.0, "lr": 0.0001, "loss": -13.813, "recon_loss": -18.41, "kld_loss": 9.194, "kld_weight": 0.5}
{"message": "", "levelname": "INFO", "name": "Trainer", "asctime": "2026-04-29 22:23:15,772", "type": "train", "epoch": 12, "batch": 5039, "n_batches": 7774, "time": 0.677, "data_time": 0.0, "lr": 0.0001, "loss": -8.904, "recon_loss": -13.564, "kld_loss": 9.321, "kld_weight": 0.5}
{"message": "", "levelname": "INFO", "name": "Trainer", "asctime": "2026-04-29 22:23:21,813", "type": "train", "epoch": 12, "batch": 5119, "n_batches": 7774, "time": 0.53, "data_time": 0.0, "lr": 0.0001, "loss": -17.62, "recon_loss": -21.54, "kld_loss": 7.841, "kld_weight": 0.5}
{"message": "", "levelname": "INFO", "name": "Trainer", "asctime": "2026-04-29 22:23:28,799", "type": "train", "epoch": 12, "batch": 5199, "n_batches": 7774, "time": 0.612, "data_time": 0.0, "lr": 0.0001, "loss": -19.867, "recon_loss": -22.479, "kld_loss": 5.224, "kld_weight": 0.5}
{"message": "", "levelname": "INFO", "name": "Trainer", "asctime": "2026-04-29 22:23:35,098", "type": "train", "epoch": 12, "batch": 5279, "n_batches": 7774, "time": 0.593, "data_time": 0.0, "lr": 0.0001, "loss": -17.774, "recon_loss": -20.453, "kld_loss": 5.358, "kld_weight": 0.5}
{"message": "", "levelname": "INFO", "name": "Trainer", "asctime": "2026-04-29 22:23:41,603", "type": "train", "epoch": 12, "batch": 5359, "n_batches": 7774, "time": 0.882, "data_time": 0.0, "lr": 0.0001, "loss": -18.094, "recon_loss": -20.522, "kld_loss": 4.855, "kld_weight": 0.5}
{"message": "", "levelname": "INFO", "name": "Trainer", "asctime": "2026-04-29 22:23:47,677", "type": "train", "epoch": 12, "batch": 5439, "n_batches": 7774, "time": 0.508, "data_time": 0.0, "lr": 0.0001, "loss": -19.17, "recon_loss": -22.193, "kld_loss": 6.046, "kld_weight": 0.5}
{"message": "", "levelname": "INFO", "name": "Trainer", "asctime": "2026-04-29 22:23:54,540", "type": "train", "epoch": 12, "batch": 5519, "n_batches": 7774, "time": 0.657, "data_time": 0.0, "lr": 0.0001, "loss": -14.676, "recon_loss": -18.912, "kld_loss": 8.472, "kld_weight": 0.5}
{"message": "", "levelname": "INFO", "name": "Trainer", "asctime": "2026-04-29 22:24:01,599", "type": "train", "epoch": 12, "batch": 5599, "n_batches": 7774, "time": 0.62, "data_time": 0.0, "lr": 0.0001, "loss": -12.774, "recon_loss": -16.407, "kld_loss": 7.267, "kld_weight": 0.5}
{"message": "", "levelname": "INFO", "name": "Trainer", "asctime": "2026-04-29 22:24:08,518", "type": "train", "epoch": 12, "batch": 5679, "n_batches": 7774, "time": 0.588, "data_time": 0.0, "lr": 0.0001, "loss": -15.433, "recon_loss": -18.505, "kld_loss": 6.144, "kld_weight": 0.5}
{"message": "", "levelname": "INFO", "name": "Trainer", "asctime": "2026-04-29 22:24:14,653", "type": "train", "epoch": 12, "batch": 5759, "n_batches": 7774, "time": 0.63, "data_time": 0.0, "lr": 0.0001, "loss": -18.199, "recon_loss": -22.275, "kld_loss": 8.151, "kld_weight": 0.5}
{"message": "", "levelname": "INFO", "name": "Trainer", "asctime": "2026-04-29 22:24:20,743", "type": "train", "epoch": 12, "batch": 5839, "n_batches": 7774, "time": 0.583, "data_time": 0.0, "lr": 0.0001, "loss": -18.652, "recon_loss": -23.212, "kld_loss": 9.121, "kld_weight": 0.5}
{"message": "", "levelname": "INFO", "name": "Trainer", "asctime": "2026-04-29 22:24:27,097", "type": "train", "epoch": 12, "batch": 5919, "n_batches": 7774, "time": 0.812, "data_time": 0.0, "lr": 0.0001, "loss": -13.361, "recon_loss": -17.417, "kld_loss": 8.112, "kld_weight": 0.5}
{"message": "", "levelname": "INFO", "name": "Trainer", "asctime": "2026-04-29 22:24:33,556", "type": "train", "epoch": 12, "batch": 5999, "n_batches": 7774, "time": 0.574, "data_time": 0.0, "lr": 0.0001, "loss": -18.103, "recon_loss": -20.213, "kld_loss": 4.22, "kld_weight": 0.5}
{"message": "", "levelname": "INFO", "name": "Trainer", "asctime": "2026-04-29 22:24:40,201", "type": "train", "epoch": 12, "batch": 6079, "n_batches": 7774, "time": 0.71, "data_time": 0.0, "lr": 0.0001, "loss": -17.4, "recon_loss": -19.746, "kld_loss": 4.693, "kld_weight": 0.5}
{"message": "", "levelname": "INFO", "name": "Trainer", "asctime": "2026-04-29 22:24:46,154", "type": "train", "epoch": 12, "batch": 6159, "n_batches": 7774, "time": 0.578, "data_time": 0.0, "lr": 0.0001, "loss": -16.481, "recon_loss": -19.107, "kld_loss": 5.252, "kld_weight": 0.5}
{"message": "", "levelname": "INFO", "name": "Trainer", "asctime": "2026-04-29 22:24:52,534", "type": "train", "epoch": 12, "batch": 6239, "n_batches": 7774, "time": 0.629, "data_time": 0.0, "lr": 0.0001, "loss": -15.324, "recon_loss": -18.436, "kld_loss": 6.222, "kld_weight": 0.5}
{"message": "", "levelname": "INFO", "name": "Trainer", "asctime": "2026-04-29 22:24:58,791", "type": "train", "epoch": 12, "batch": 6319, "n_batches": 7774, "time": 0.797, "data_time": 0.0, "lr": 0.0001, "loss": -16.057, "recon_loss": -19.774, "kld_loss": 7.434, "kld_weight": 0.5}
{"message": "", "levelname": "INFO", "name": "Trainer", "asctime": "2026-04-29 22:25:04,951", "type": "train", "epoch": 12, "batch": 6399, "n_batches": 7774, "time": 0.502, "data_time": 0.0, "lr": 0.0001, "loss": -11.558, "recon_loss": -14.259, "kld_loss": 5.402, "kld_weight": 0.5}
{"message": "", "levelname": "INFO", "name": "Trainer", "asctime": "2026-04-29 22:25:11,324", "type": "train", "epoch": 12, "batch": 6479, "n_batches": 7774, "time": 0.562, "data_time": 0.0, "lr": 0.0001, "loss": -19.591, "recon_loss": -21.932, "kld_loss": 4.682, "kld_weight": 0.5}
{"message": "", "levelname": "INFO", "name": "Trainer", "asctime": "2026-04-29 22:25:17,930", "type": "train", "epoch": 12, "batch": 6559, "n_batches": 7774, "time": 0.671, "data_time": 0.0, "lr": 0.0001, "loss": -19.266, "recon_loss": -21.396, "kld_loss": 4.26, "kld_weight": 0.5}
{"message": "", "levelname": "INFO", "name": "Trainer", "asctime": "2026-04-29 22:25:24,113", "type": "train", "epoch": 12, "batch": 6639, "n_batches": 7774, "time": 0.689, "data_time": 0.0, "lr": 0.0001, "loss": -5.562, "recon_loss": -9.523, "kld_loss": 7.922, "kld_weight": 0.5}
{"message": "", "levelname": "INFO", "name": "Trainer", "asctime": "2026-04-29 22:25:30,447", "type": "train", "epoch": 12, "batch": 6719, "n_batches": 7774, "time": 0.762, "data_time": 0.0, "lr": 0.0001, "loss": -15.123, "recon_loss": -18.956, "kld_loss": 7.666, "kld_weight": 0.5}
{"message": "", "levelname": "INFO", "name": "Trainer", "asctime": "2026-04-29 22:25:36,370", "type": "train", "epoch": 12, "batch": 6799, "n_batches": 7774, "time": 0.661, "data_time": 0.0, "lr": 0.0001, "loss": -14.473, "recon_loss": -18.985, "kld_loss": 9.024, "kld_weight": 0.5}
{"message": "", "levelname": "INFO", "name": "Trainer", "asctime": "2026-04-29 22:25:42,751", "type": "train", "epoch": 12, "batch": 6879, "n_batches": 7774, "time": 0.68, "data_time": 0.0, "lr": 0.0001, "loss": -13.702, "recon_loss": -17.527, "kld_loss": 7.651, "kld_weight": 0.5}
{"message": "", "levelname": "INFO", "name": "Trainer", "asctime": "2026-04-29 22:25:49,158", "type": "train", "epoch": 12, "batch": 6959, "n_batches": 7774, "time": 0.773, "data_time": 0.0, "lr": 0.0001, "loss": -12.978, "recon_loss": -20.626, "kld_loss": 15.297, "kld_weight": 0.5}
{"message": "", "levelname": "INFO", "name": "Trainer", "asctime": "2026-04-29 22:25:55,490", "type": "train", "epoch": 12, "batch": 7039, "n_batches": 7774, "time": 0.619, "data_time": 0.0, "lr": 0.0001, "loss": -13.575, "recon_loss": -17.74, "kld_loss": 8.33, "kld_weight": 0.5}
{"message": "", "levelname": "INFO", "name": "Trainer", "asctime": "2026-04-29 22:26:01,915", "type": "train", "epoch": 12, "batch": 7119, "n_batches": 7774, "time": 0.621, "data_time": 0.0, "lr": 0.0001, "loss": -15.31, "recon_loss": -17.795, "kld_loss": 4.971, "kld_weight": 0.5}
{"message": "", "levelname": "INFO", "name": "Trainer", "asctime": "2026-04-29 22:26:08,616", "type": "train", "epoch": 12, "batch": 7199, "n_batches": 7774, "time": 0.665, "data_time": 0.0, "lr": 0.0001, "loss": -9.689, "recon_loss": -14.609, "kld_loss": 9.84, "kld_weight": 0.5}
{"message": "", "levelname": "INFO", "name": "Trainer", "asctime": "2026-04-29 22:26:15,299", "type": "train", "epoch": 12, "batch": 7279, "n_batches": 7774, "time": 0.635, "data_time": 0.0, "lr": 0.0001, "loss": -15.426, "recon_loss": -18.695, "kld_loss": 6.539, "kld_weight": 0.5}
{"message": "", "levelname": "INFO", "name": "Trainer", "asctime": "2026-04-29 22:26:21,590", "type": "train", "epoch": 12, "batch": 7359, "n_batches": 7774, "time": 0.605, "data_time": 0.0, "lr": 0.0001, "loss": -14.875, "recon_loss": -17.239, "kld_loss": 4.728, "kld_weight": 0.5}
{"message": "", "levelname": "INFO", "name": "Trainer", "asctime": "2026-04-29 22:26:28,104", "type": "train", "epoch": 12, "batch": 7439, "n_batches": 7774, "time": 0.528, "data_time": 0.0, "lr": 0.0001, "loss": -16.999, "recon_loss": -21.222, "kld_loss": 8.445, "kld_weight": 0.5}
{"message": "", "levelname": "INFO", "name": "Trainer", "asctime": "2026-04-29 22:26:35,067", "type": "train", "epoch": 12, "batch": 7519, "n_batches": 7774, "time": 0.598, "data_time": 0.0, "lr": 0.0001, "loss": -14.924, "recon_loss": -18.347, "kld_loss": 6.845, "kld_weight": 0.5}
{"message": "", "levelname": "INFO", "name": "Trainer", "asctime": "2026-04-29 22:26:41,587", "type": "train", "epoch": 12, "batch": 7599, "n_batches": 7774, "time": 0.573, "data_time": 0.0, "lr": 0.0001, "loss": -14.222, "recon_loss": -18.86, "kld_loss": 9.275, "kld_weight": 0.5}
{"message": "", "levelname": "INFO", "name": "Trainer", "asctime": "2026-04-29 22:26:47,521", "type": "train", "epoch": 12, "batch": 7679, "n_batches": 7774, "time": 0.597, "data_time": 0.0, "lr": 0.0001, "loss": -16.113, "recon_loss": -19.364, "kld_loss": 6.501, "kld_weight": 0.5}
{"message": "", "levelname": "INFO", "name": "Trainer", "asctime": "2026-04-29 22:26:53,712", "type": "train", "epoch": 12, "batch": 7759, "n_batches": 7774, "time": 0.753, "data_time": 0.0, "lr": 0.0001, "loss": -14.07, "recon_loss": -17.345, "kld_loss": 6.549, "kld_weight": 0.5}
{"message": "", "levelname": "INFO", "name": "Trainer", "asctime": "2026-04-29 22:26:54,905", "type": "train-epoch", "epoch": 13, "loss": -1.87534, "recon_loss": -2.32128, "kld_loss": 0.89188, "kld_weight": 0.5, "time": 632.9}
{"message": "", "levelname": "INFO", "name": "Trainer", "asctime": "2026-04-29 22:28:47,583", "type": "val-epoch", "epoch": 13, "loss": -2.016, "test_loss": -1.182, "recon_loss": -2.5, "kld_loss": 0.968, "kld_weight": 0.5, "note": "loss is teacher-forced CVAE objective; test_loss is prior-only reconstruction", "time": 112.7}
{"message": "", "levelname": "INFO", "name": "Trainer", "asctime": "2026-04-29 22:28:53,969", "type": "train", "epoch": 13, "batch": 79, "n_batches": 7774, "time": 0.618, "data_time": 0.0, "lr": 0.0001, "loss": -17.358, "recon_loss": -19.857, "kld_loss": 4.999, "kld_weight": 0.5}
{"message": "", "levelname": "INFO", "name": "Trainer", "asctime": "2026-04-29 22:29:00,556", "type": "train", "epoch": 13, "batch": 159, "n_batches": 7774, "time": 0.588, "data_time": 0.0, "lr": 0.0001, "loss": -15.675, "recon_loss": -20.274, "kld_loss": 9.197, "kld_weight": 0.5}
{"message": "", "levelname": "INFO", "name": "Trainer", "asctime": "2026-04-29 22:29:06,473", "type": "train", "epoch": 13, "batch": 239, "n_batches": 7774, "time": 0.558, "data_time": 0.0, "lr": 0.0001, "loss": -10.671, "recon_loss": -14.058, "kld_loss": 6.773, "kld_weight": 0.5}
{"message": "", "levelname": "INFO", "name": "Trainer", "asctime": "2026-04-29 22:29:12,814", "type": "train", "epoch": 13, "batch": 319, "n_batches": 7774, "time": 0.53, "data_time": 0.0, "lr": 0.0001, "loss": -6.466, "recon_loss": -14.274, "kld_loss": 15.616, "kld_weight": 0.5}
{"message": "", "levelname": "INFO", "name": "Trainer", "asctime": "2026-04-29 22:29:19,031", "type": "train", "epoch": 13, "batch": 399, "n_batches": 7774, "time": 0.496, "data_time": 0.0, "lr": 0.0001, "loss": -12.624, "recon_loss": -16.09, "kld_loss": 6.93, "kld_weight": 0.5}
{"message": "", "levelname": "INFO", "name": "Trainer", "asctime": "2026-04-29 22:29:25,059", "type": "train", "epoch": 13, "batch": 479, "n_batches": 7774, "time": 0.674, "data_time": 0.0, "lr": 0.0001, "loss": -12.842, "recon_loss": -16.004, "kld_loss": 6.323, "kld_weight": 0.5}
{"message": "", "levelname": "INFO", "name": "Trainer", "asctime": "2026-04-29 22:29:31,266", "type": "train", "epoch": 13, "batch": 559, "n_batches": 7774, "time": 0.683, "data_time": 0.0, "lr": 0.0001, "loss": -14.671, "recon_loss": -17.587, "kld_loss": 5.832, "kld_weight": 0.5}
{"message": "", "levelname": "INFO", "name": "Trainer", "asctime": "2026-04-29 22:29:37,370", "type": "train", "epoch": 13, "batch": 639, "n_batches": 7774, "time": 0.548, "data_time": 0.0, "lr": 0.0001, "loss": -14.852, "recon_loss": -18.916, "kld_loss": 8.127, "kld_weight": 0.5}
{"message": "", "levelname": "INFO", "name": "Trainer", "asctime": "2026-04-29 22:29:43,989", "type": "train", "epoch": 13, "batch": 719, "n_batches": 7774, "time": 0.829, "data_time": 0.0, "lr": 0.0001, "loss": -15.348, "recon_loss": -19.276, "kld_loss": 7.855, "kld_weight": 0.5}
{"message": "", "levelname": "INFO", "name": "Trainer", "asctime": "2026-04-29 22:29:50,490", "type": "train", "epoch": 13, "batch": 799, "n_batches": 7774, "time": 0.79, "data_time": 0.0, "lr": 0.0001, "loss": -16.063, "recon_loss": -21.68, "kld_loss": 11.233, "kld_weight": 0.5}
{"message": "", "levelname": "INFO", "name": "Trainer", "asctime": "2026-04-29 22:29:57,044", "type": "train", "epoch": 13, "batch": 879, "n_batches": 7774, "time": 0.836, "data_time": 0.0, "lr": 0.0001, "loss": -17.597, "recon_loss": -20.737, "kld_loss": 6.28, "kld_weight": 0.5}
{"message": "", "levelname": "INFO", "name": "Trainer", "asctime": "2026-04-29 22:30:03,528", "type": "train", "epoch": 13, "batch": 959, "n_batches": 7774, "time": 0.509, "data_time": 0.0, "lr": 0.0001, "loss": -8.93, "recon_loss": -14.112, "kld_loss": 10.365, "kld_weight": 0.5}
{"message": "", "levelname": "INFO", "name": "Trainer", "asctime": "2026-04-29 22:30:09,573", "type": "train", "epoch": 13, "batch": 1039, "n_batches": 7774, "time": 0.686, "data_time": 0.0, "lr": 0.0001, "loss": -13.911, "recon_loss": -16.097, "kld_loss": 4.373, "kld_weight": 0.5}
{"message": "", "levelname": "INFO", "name": "Trainer", "asctime": "2026-04-29 22:30:16,634", "type": "train", "epoch": 13, "batch": 1119, "n_batches": 7774, "time": 0.701, "data_time": 0.0, "lr": 0.0001, "loss": -11.523, "recon_loss": -14.902, "kld_loss": 6.758, "kld_weight": 0.5}
{"message": "", "levelname": "INFO", "name": "Trainer", "asctime": "2026-04-29 22:30:23,074", "type": "train", "epoch": 13, "batch": 1199, "n_batches": 7774, "time": 0.49, "data_time": 0.0, "lr": 0.0001, "loss": -15.631, "recon_loss": -18.169, "kld_loss": 5.077, "kld_weight": 0.5}
{"message": "", "levelname": "INFO", "name": "Trainer", "asctime": "2026-04-29 22:30:29,243", "type": "train", "epoch": 13, "batch": 1279, "n_batches": 7774, "time": 0.518, "data_time": 0.0, "lr": 0.0001, "loss": -14.527, "recon_loss": -17.853, "kld_loss": 6.652, "kld_weight": 0.5}
{"message": "", "levelname": "INFO", "name": "Trainer", "asctime": "2026-04-29 22:30:35,690", "type": "train", "epoch": 13, "batch": 1359, "n_batches": 7774, "time": 0.637, "data_time": 0.0, "lr": 0.0001, "loss": -10.398, "recon_loss": -15.769, "kld_loss": 10.742, "kld_weight": 0.5}
{"message": "", "levelname": "INFO", "name": "Trainer", "asctime": "2026-04-29 22:30:42,639", "type": "train", "epoch": 13, "batch": 1439, "n_batches": 7774, "time": 0.768, "data_time": 0.0, "lr": 0.0001, "loss": -13.975, "recon_loss": -17.577, "kld_loss": 7.204, "kld_weight": 0.5}
{"message": "", "levelname": "INFO", "name": "Trainer", "asctime": "2026-04-29 22:30:49,091", "type": "train", "epoch": 13, "batch": 1519, "n_batches": 7774, "time": 0.509, "data_time": 0.0, "lr": 0.0001, "loss": -16.162, "recon_loss": -19.718, "kld_loss": 7.112, "kld_weight": 0.5}
{"message": "", "levelname": "INFO", "name": "Trainer", "asctime": "2026-04-29 22:30:56,030", "type": "train", "epoch": 13, "batch": 1599, "n_batches": 7774, "time": 0.695, "data_time": 0.0, "lr": 0.0001, "loss": -15.491, "recon_loss": -18.974, "kld_loss": 6.965, "kld_weight": 0.5}
{"message": "", "levelname": "INFO", "name": "Trainer", "asctime": "2026-04-29 22:31:02,411", "type": "train", "epoch": 13, "batch": 1679, "n_batches": 7774, "time": 0.648, "data_time": 0.0, "lr": 0.0001, "loss": -16.16, "recon_loss": -19.9, "kld_loss": 7.48, "kld_weight": 0.5}
{"message": "", "levelname": "INFO", "name": "Trainer", "asctime": "2026-04-29 22:31:08,336", "type": "train", "epoch": 13, "batch": 1759, "n_batches": 7774, "time": 0.659, "data_time": 0.0, "lr": 0.0001, "loss": -8.405, "recon_loss": -12.396, "kld_loss": 7.983, "kld_weight": 0.5}
{"message": "", "levelname": "INFO", "name": "Trainer", "asctime": "2026-04-29 22:31:14,902", "type": "train", "epoch": 13, "batch": 1839, "n_batches": 7774, "time": 0.709, "data_time": 0.0, "lr": 0.0001, "loss": -13.52, "recon_loss": -17.063, "kld_loss": 7.087, "kld_weight": 0.5}
{"message": "", "levelname": "INFO", "name": "Trainer", "asctime": "2026-04-29 22:31:21,481", "type": "train", "epoch": 13, "batch": 1919, "n_batches": 7774, "time": 0.576, "data_time": 0.0, "lr": 0.0001, "loss": -8.653, "recon_loss": -13.189, "kld_loss": 9.071, "kld_weight": 0.5}
{"message": "", "levelname": "INFO", "name": "Trainer", "asctime": "2026-04-29 22:31:28,131", "type": "train", "epoch": 13, "batch": 1999, "n_batches": 7774, "time": 0.673, "data_time": 0.0, "lr": 0.0001, "loss": -10.989, "recon_loss": -13.861, "kld_loss": 5.745, "kld_weight": 0.5}
{"message": "", "levelname": "INFO", "name": "Trainer", "asctime": "2026-04-29 22:31:35,148", "type": "train", "epoch": 13, "batch": 2079, "n_batches": 7774, "time": 0.639, "data_time": 0.0, "lr": 0.0001, "loss": -14.051, "recon_loss": -16.416, "kld_loss": 4.73, "kld_weight": 0.5}
{"message": "", "levelname": "INFO", "name": "Trainer", "asctime": "2026-04-29 22:31:42,006", "type": "train", "epoch": 13, "batch": 2159, "n_batches": 7774, "time": 0.648, "data_time": 0.0, "lr": 0.0001, "loss": -10.208, "recon_loss": -13.773, "kld_loss": 7.129, "kld_weight": 0.5}
{"message": "", "levelname": "INFO", "name": "Trainer", "asctime": "2026-04-29 22:31:48,741", "type": "train", "epoch": 13, "batch": 2239, "n_batches": 7774, "time": 0.651, "data_time": 0.0, "lr": 0.0001, "loss": -12.22, "recon_loss": -16.928, "kld_loss": 9.416, "kld_weight": 0.5}
{"message": "", "levelname": "INFO", "name": "Trainer", "asctime": "2026-04-29 22:31:55,341", "type": "train", "epoch": 13, "batch": 2319, "n_batches": 7774, "time": 0.571, "data_time": 0.0, "lr": 0.0001, "loss": -13.358, "recon_loss": -17.423, "kld_loss": 8.13, "kld_weight": 0.5}
{"message": "", "levelname": "INFO", "name": "Trainer", "asctime": "2026-04-29 22:32:01,678", "type": "train", "epoch": 13, "batch": 2399, "n_batches": 7774, "time": 0.799, "data_time": 0.0, "lr": 0.0001, "loss": -13.087, "recon_loss": -17.177, "kld_loss": 8.181, "kld_weight": 0.5}
{"message": "", "levelname": "INFO", "name": "Trainer", "asctime": "2026-04-29 22:32:08,362", "type": "train", "epoch": 13, "batch": 2479, "n_batches": 7774, "time": 0.535, "data_time": 0.0, "lr": 0.0001, "loss": -20.57, "recon_loss": -22.958, "kld_loss": 4.774, "kld_weight": 0.5}
{"message": "", "levelname": "INFO", "name": "Trainer", "asctime": "2026-04-29 22:32:15,442", "type": "train", "epoch": 13, "batch": 2559, "n_batches": 7774, "time": 0.548, "data_time": 0.0, "lr": 0.0001, "loss": -20.11, "recon_loss": -22.19, "kld_loss": 4.159, "kld_weight": 0.5}
{"message": "", "levelname": "INFO", "name": "Trainer", "asctime": "2026-04-29 22:32:22,355", "type": "train", "epoch": 13, "batch": 2639, "n_batches": 7774, "time": 0.853, "data_time": 0.0, "lr": 0.0001, "loss": -14.843, "recon_loss": -18.414, "kld_loss": 7.142, "kld_weight": 0.5}
{"message": "", "levelname": "INFO", "name": "Trainer", "asctime": "2026-04-29 22:32:29,059", "type": "train", "epoch": 13, "batch": 2719, "n_batches": 7774, "time": 0.61, "data_time": 0.0, "lr": 0.0001, "loss": -17.144, "recon_loss": -20.222, "kld_loss": 6.155, "kld_weight": 0.5}
{"message": "", "levelname": "INFO", "name": "Trainer", "asctime": "2026-04-29 22:32:36,145", "type": "train", "epoch": 13, "batch": 2799, "n_batches": 7774, "time": 0.76, "data_time": 0.0, "lr": 0.0001, "loss": -18.462, "recon_loss": -21.17, "kld_loss": 5.418, "kld_weight": 0.5}
{"message": "", "levelname": "INFO", "name": "Trainer", "asctime": "2026-04-29 22:32:43,267", "type": "train", "epoch": 13, "batch": 2879, "n_batches": 7774, "time": 0.695, "data_time": 0.0, "lr": 0.0001, "loss": -13.371, "recon_loss": -18.25, "kld_loss": 9.758, "kld_weight": 0.5}
{"message": "", "levelname": "INFO", "name": "Trainer", "asctime": "2026-04-29 22:32:49,894", "type": "train", "epoch": 13, "batch": 2959, "n_batches": 7774, "time": 0.568, "data_time": 0.0, "lr": 0.0001, "loss": -18.391, "recon_loss": -22.173, "kld_loss": 7.564, "kld_weight": 0.5}
{"message": "", "levelname": "INFO", "name": "Trainer", "asctime": "2026-04-29 22:32:56,029", "type": "train", "epoch": 13, "batch": 3039, "n_batches": 7774, "time": 0.752, "data_time": 0.0, "lr": 0.0001, "loss": -13.261, "recon_loss": -17.237, "kld_loss": 7.952, "kld_weight": 0.5}
{"message": "", "levelname": "INFO", "name": "Trainer", "asctime": "2026-04-29 22:33:01,812", "type": "train", "epoch": 13, "batch": 3119, "n_batches": 7774, "time": 0.599, "data_time": 0.0, "lr": 0.0001, "loss": -17.006, "recon_loss": -20.838, "kld_loss": 7.664, "kld_weight": 0.5}
{"message": "", "levelname": "INFO", "name": "Trainer", "asctime": "2026-04-29 22:33:09,009", "type": "train", "epoch": 13, "batch": 3199, "n_batches": 7774, "time": 0.819, "data_time": 0.0, "lr": 0.0001, "loss": -14.894, "recon_loss": -18.702, "kld_loss": 7.617, "kld_weight": 0.5}
{"message": "", "levelname": "INFO", "name": "Trainer", "asctime": "2026-04-29 22:33:15,184", "type": "train", "epoch": 13, "batch": 3279, "n_batches": 7774, "time": 0.543, "data_time": 0.0, "lr": 0.0001, "loss": -14.104, "recon_loss": -17.09, "kld_loss": 5.973, "kld_weight": 0.5}
{"message": "", "levelname": "INFO", "name": "Trainer", "asctime": "2026-04-29 22:33:21,984", "type": "train", "epoch": 13, "batch": 3359, "n_batches": 7774, "time": 0.698, "data_time": 0.0, "lr": 0.0001, "loss": -10.393, "recon_loss": -16.322, "kld_loss": 11.858, "kld_weight": 0.5}
{"message": "", "levelname": "INFO", "name": "Trainer", "asctime": "2026-04-29 22:33:28,611", "type": "train", "epoch": 13, "batch": 3439, "n_batches": 7774, "time": 0.824, "data_time": 0.0, "lr": 0.0001, "loss": -19.306, "recon_loss": -22.799, "kld_loss": 6.988, "kld_weight": 0.5}
{"message": "", "levelname": "INFO", "name": "Trainer", "asctime": "2026-04-29 22:33:35,502", "type": "train", "epoch": 13, "batch": 3519, "n_batches": 7774, "time": 0.759, "data_time": 0.0, "lr": 0.0001, "loss": -13.871, "recon_loss": -16.421, "kld_loss": 5.1, "kld_weight": 0.5}
{"message": "", "levelname": "INFO", "name": "Trainer", "asctime": "2026-04-29 22:33:41,464", "type": "train", "epoch": 13, "batch": 3599, "n_batches": 7774, "time": 0.411, "data_time": 0.0, "lr": 0.0001, "loss": -18.729, "recon_loss": -21.742, "kld_loss": 6.026, "kld_weight": 0.5}
{"message": "", "levelname": "INFO", "name": "Trainer", "asctime": "2026-04-29 22:33:48,005", "type": "train", "epoch": 13, "batch": 3679, "n_batches": 7774, "time": 0.666, "data_time": 0.0, "lr": 0.0001, "loss": -11.174, "recon_loss": -14.446, "kld_loss": 6.545, "kld_weight": 0.5}
{"message": "", "levelname": "INFO", "name": "Trainer", "asctime": "2026-04-29 22:33:54,167", "type": "train", "epoch": 13, "batch": 3759, "n_batches": 7774, "time": 0.601, "data_time": 0.0, "lr": 0.0001, "loss": -15.38, "recon_loss": -17.588, "kld_loss": 4.417, "kld_weight": 0.5}
{"message": "", "levelname": "INFO", "name": "Trainer", "asctime": "2026-04-29 22:34:00,193", "type": "train", "epoch": 13, "batch": 3839, "n_batches": 7774, "time": 0.564, "data_time": 0.0, "lr": 0.0001, "loss": -16.115, "recon_loss": -19.942, "kld_loss": 7.654, "kld_weight": 0.5}
{"message": "", "levelname": "INFO", "name": "Trainer", "asctime": "2026-04-29 22:34:06,773", "type": "train", "epoch": 13, "batch": 3919, "n_batches": 7774, "time": 0.585, "data_time": 0.0, "lr": 0.0001, "loss": -13.129, "recon_loss": -15.81, "kld_loss": 5.364, "kld_weight": 0.5}
{"message": "", "levelname": "INFO", "name": "Trainer", "asctime": "2026-04-29 22:34:13,488", "type": "train", "epoch": 13, "batch": 3999, "n_batches": 7774, "time": 0.687, "data_time": 0.0, "lr": 0.0001, "loss": -21.153, "recon_loss": -26.302, "kld_loss": 10.298, "kld_weight": 0.5}
{"message": "", "levelname": "INFO", "name": "Trainer", "asctime": "2026-04-29 22:34:20,295", "type": "train", "epoch": 13, "batch": 4079, "n_batches": 7774, "time": 0.78, "data_time": 0.0, "lr": 0.0001, "loss": -11.629, "recon_loss": -18.497, "kld_loss": 13.737, "kld_weight": 0.5}
{"message": "", "levelname": "INFO", "name": "Trainer", "asctime": "2026-04-29 22:34:26,886", "type": "train", "epoch": 13, "batch": 4159, "n_batches": 7774, "time": 0.621, "data_time": 0.0, "lr": 0.0001, "loss": -15.176, "recon_loss": -19.245, "kld_loss": 8.138, "kld_weight": 0.5}
{"message": "", "levelname": "INFO", "name": "Trainer", "asctime": "2026-04-29 22:34:33,842", "type": "train", "epoch": 13, "batch": 4239, "n_batches": 7774, "time": 0.793, "data_time": 0.0, "lr": 0.0001, "loss": -16.3, "recon_loss": -20.449, "kld_loss": 8.298, "kld_weight": 0.5}
{"message": "", "levelname": "INFO", "name": "Trainer", "asctime": "2026-04-29 22:34:40,445", "type": "train", "epoch": 13, "batch": 4319, "n_batches": 7774, "time": 0.684, "data_time": 0.0, "lr": 0.0001, "loss": -13.687, "recon_loss": -17.609, "kld_loss": 7.843, "kld_weight": 0.5}
{"message": "", "levelname": "INFO", "name": "Trainer", "asctime": "2026-04-29 22:34:46,789", "type": "train", "epoch": 13, "batch": 4399, "n_batches": 7774, "time": 0.564, "data_time": 0.0, "lr": 0.0001, "loss": -13.907, "recon_loss": -18.77, "kld_loss": 9.728, "kld_weight": 0.5}
{"message": "", "levelname": "INFO", "name": "Trainer", "asctime": "2026-04-29 22:34:53,459", "type": "train", "epoch": 13, "batch": 4479, "n_batches": 7774, "time": 0.708, "data_time": 0.0, "lr": 0.0001, "loss": -19.851, "recon_loss": -22.457, "kld_loss": 5.213, "kld_weight": 0.5}
{"message": "", "levelname": "INFO", "name": "Trainer", "asctime": "2026-04-29 22:35:00,237", "type": "train", "epoch": 13, "batch": 4559, "n_batches": 7774, "time": 0.657, "data_time": 0.0, "lr": 0.0001, "loss": -16.723, "recon_loss": -20.029, "kld_loss": 6.612, "kld_weight": 0.5}
{"message": "", "levelname": "INFO", "name": "Trainer", "asctime": "2026-04-29 22:35:06,613", "type": "train", "epoch": 13, "batch": 4639, "n_batches": 7774, "time": 0.782, "data_time": 0.0, "lr": 0.0001, "loss": -9.08, "recon_loss": -15.042, "kld_loss": 11.924, "kld_weight": 0.5}
{"message": "", "levelname": "INFO", "name": "Trainer", "asctime": "2026-04-29 22:35:13,311", "type": "train", "epoch": 13, "batch": 4719, "n_batches": 7774, "time": 0.696, "data_time": 0.0, "lr": 0.0001, "loss": -15.415, "recon_loss": -19.466, "kld_loss": 8.102, "kld_weight": 0.5}
{"message": "", "levelname": "INFO", "name": "Trainer", "asctime": "2026-04-29 22:35:19,530", "type": "train", "epoch": 13, "batch": 4799, "n_batches": 7774, "time": 0.677, "data_time": 0.0, "lr": 0.0001, "loss": -18.619, "recon_loss": -21.359, "kld_loss": 5.481, "kld_weight": 0.5}
{"message": "", "levelname": "INFO", "name": "Trainer", "asctime": "2026-04-29 22:35:26,073", "type": "train", "epoch": 13, "batch": 4879, "n_batches": 7774, "time": 0.567, "data_time": 0.0, "lr": 0.0001, "loss": -9.634, "recon_loss": -11.962, "kld_loss": 4.655, "kld_weight": 0.5}
{"message": "", "levelname": "INFO", "name": "Trainer", "asctime": "2026-04-29 22:35:32,302", "type": "train", "epoch": 13, "batch": 4959, "n_batches": 7774, "time": 0.557, "data_time": 0.0, "lr": 0.0001, "loss": -9.531, "recon_loss": -12.757, "kld_loss": 6.452, "kld_weight": 0.5}
{"message": "", "levelname": "INFO", "name": "Trainer", "asctime": "2026-04-29 22:35:38,353", "type": "train", "epoch": 13, "batch": 5039, "n_batches": 7774, "time": 0.631, "data_time": 0.0, "lr": 0.0001, "loss": -18.573, "recon_loss": -22.075, "kld_loss": 7.004, "kld_weight": 0.5}
{"message": "", "levelname": "INFO", "name": "Trainer", "asctime": "2026-04-29 22:35:44,562", "type": "train", "epoch": 13, "batch": 5119, "n_batches": 7774, "time": 0.648, "data_time": 0.0, "lr": 0.0001, "loss": -17.899, "recon_loss": -21.589, "kld_loss": 7.379, "kld_weight": 0.5}
{"message": "", "levelname": "INFO", "name": "Trainer", "asctime": "2026-04-29 22:35:50,976", "type": "train", "epoch": 13, "batch": 5199, "n_batches": 7774, "time": 0.543, "data_time": 0.0, "lr": 0.0001, "loss": -18.802, "recon_loss": -21.124, "kld_loss": 4.645, "kld_weight": 0.5}
{"message": "", "levelname": "INFO", "name": "Trainer", "asctime": "2026-04-29 22:35:57,981", "type": "train", "epoch": 13, "batch": 5279, "n_batches": 7774, "time": 0.739, "data_time": 0.0, "lr": 0.0001, "loss": -13.73, "recon_loss": -18.308, "kld_loss": 9.157, "kld_weight": 0.5}
{"message": "", "levelname": "INFO", "name": "Trainer", "asctime": "2026-04-29 22:36:04,645", "type": "train", "epoch": 13, "batch": 5359, "n_batches": 7774, "time": 0.589, "data_time": 0.0, "lr": 0.0001, "loss": -13.952, "recon_loss": -18.215, "kld_loss": 8.526, "kld_weight": 0.5}
{"message": "", "levelname": "INFO", "name": "Trainer", "asctime": "2026-04-29 22:36:11,101", "type": "train", "epoch": 13, "batch": 5439, "n_batches": 7774, "time": 0.714, "data_time": 0.0, "lr": 0.0001, "loss": -20.417, "recon_loss": -23.783, "kld_loss": 6.734, "kld_weight": 0.5}
{"message": "", "levelname": "INFO", "name": "Trainer", "asctime": "2026-04-29 22:36:17,422", "type": "train", "epoch": 13, "batch": 5519, "n_batches": 7774, "time": 0.507, "data_time": 0.0, "lr": 0.0001, "loss": -21.9, "recon_loss": -25.211, "kld_loss": 6.622, "kld_weight": 0.5}
{"message": "", "levelname": "INFO", "name": "Trainer", "asctime": "2026-04-29 22:36:23,777", "type": "train", "epoch": 13, "batch": 5599, "n_batches": 7774, "time": 0.639, "data_time": 0.0, "lr": 0.0001, "loss": -17.026, "recon_loss": -18.998, "kld_loss": 3.945, "kld_weight": 0.5}
{"message": "", "levelname": "INFO", "name": "Trainer", "asctime": "2026-04-29 22:36:30,229", "type": "train", "epoch": 13, "batch": 5679, "n_batches": 7774, "time": 0.511, "data_time": 0.0, "lr": 0.0001, "loss": -12.291, "recon_loss": -16.424, "kld_loss": 8.265, "kld_weight": 0.5}
{"message": "", "levelname": "INFO", "name": "Trainer", "asctime": "2026-04-29 22:36:36,460", "type": "train", "epoch": 13, "batch": 5759, "n_batches": 7774, "time": 0.533, "data_time": 0.0, "lr": 0.0001, "loss": -17.432, "recon_loss": -23.2, "kld_loss": 11.536, "kld_weight": 0.5}
{"message": "", "levelname": "INFO", "name": "Trainer", "asctime": "2026-04-29 22:36:43,006", "type": "train", "epoch": 13, "batch": 5839, "n_batches": 7774, "time": 0.562, "data_time": 0.0, "lr": 0.0001, "loss": -10.162, "recon_loss": -14.807, "kld_loss": 9.29, "kld_weight": 0.5}
{"message": "", "levelname": "INFO", "name": "Trainer", "asctime": "2026-04-29 22:36:49,428", "type": "train", "epoch": 13, "batch": 5919, "n_batches": 7774, "time": 0.535, "data_time": 0.0, "lr": 0.0001, "loss": -17.643, "recon_loss": -19.925, "kld_loss": 4.564, "kld_weight": 0.5}
{"message": "", "levelname": "INFO", "name": "Trainer", "asctime": "2026-04-29 22:36:55,527", "type": "train", "epoch": 13, "batch": 5999, "n_batches": 7774, "time": 0.532, "data_time": 0.0, "lr": 0.0001, "loss": -12.517, "recon_loss": -18.368, "kld_loss": 11.703, "kld_weight": 0.5}
{"message": "", "levelname": "INFO", "name": "Trainer", "asctime": "2026-04-29 22:37:02,334", "type": "train", "epoch": 13, "batch": 6079, "n_batches": 7774, "time": 0.831, "data_time": 0.0, "lr": 0.0001, "loss": -18.883, "recon_loss": -21.841, "kld_loss": 5.916, "kld_weight": 0.5}
{"message": "", "levelname": "INFO", "name": "Trainer", "asctime": "2026-04-29 22:37:08,463", "type": "train", "epoch": 13, "batch": 6159, "n_batches": 7774, "time": 0.65, "data_time": 0.0, "lr": 0.0001, "loss": -15.527, "recon_loss": -19.043, "kld_loss": 7.032, "kld_weight": 0.5}
{"message": "", "levelname": "INFO", "name": "Trainer", "asctime": "2026-04-29 22:37:14,740", "type": "train", "epoch": 13, "batch": 6239, "n_batches": 7774, "time": 0.638, "data_time": 0.0, "lr": 0.0001, "loss": -13.495, "recon_loss": -16.511, "kld_loss": 6.031, "kld_weight": 0.5}
{"message": "", "levelname": "INFO", "name": "Trainer", "asctime": "2026-04-29 22:37:21,778", "type": "train", "epoch": 13, "batch": 6319, "n_batches": 7774, "time": 0.642, "data_time": 0.0, "lr": 0.0001, "loss": -19.322, "recon_loss": -22.652, "kld_loss": 6.661, "kld_weight": 0.5}
{"message": "", "levelname": "INFO", "name": "Trainer", "asctime": "2026-04-29 22:37:28,456", "type": "train", "epoch": 13, "batch": 6399, "n_batches": 7774, "time": 0.706, "data_time": 0.0, "lr": 0.0001, "loss": -13.56, "recon_loss": -19.965, "kld_loss": 12.811, "kld_weight": 0.5}
{"message": "", "levelname": "INFO", "name": "Trainer", "asctime": "2026-04-29 22:37:35,395", "type": "train", "epoch": 13, "batch": 6479, "n_batches": 7774, "time": 0.504, "data_time": 0.0, "lr": 0.0001, "loss": -11.476, "recon_loss": -14.884, "kld_loss": 6.815, "kld_weight": 0.5}
{"message": "", "levelname": "INFO", "name": "Trainer", "asctime": "2026-04-29 22:37:42,484", "type": "train", "epoch": 13, "batch": 6559, "n_batches": 7774, "time": 0.653, "data_time": 0.0, "lr": 0.0001, "loss": -12.899, "recon_loss": -17.624, "kld_loss": 9.452, "kld_weight": 0.5}
{"message": "", "levelname": "INFO", "name": "Trainer", "asctime": "2026-04-29 22:37:49,903", "type": "train", "epoch": 13, "batch": 6639, "n_batches": 7774, "time": 0.611, "data_time": 0.0, "lr": 0.0001, "loss": -16.833, "recon_loss": -20.275, "kld_loss": 6.883, "kld_weight": 0.5}
{"message": "", "levelname": "INFO", "name": "Trainer", "asctime": "2026-04-29 22:37:56,171", "type": "train", "epoch": 13, "batch": 6719, "n_batches": 7774, "time": 0.624, "data_time": 0.0, "lr": 0.0001, "loss": -17.633, "recon_loss": -20.418, "kld_loss": 5.57, "kld_weight": 0.5}
{"message": "", "levelname": "INFO", "name": "Trainer", "asctime": "2026-04-29 22:38:02,327", "type": "train", "epoch": 13, "batch": 6799, "n_batches": 7774, "time": 0.66, "data_time": 0.0, "lr": 0.0001, "loss": -18.083, "recon_loss": -20.546, "kld_loss": 4.927, "kld_weight": 0.5}
{"message": "", "levelname": "INFO", "name": "Trainer", "asctime": "2026-04-29 22:38:08,397", "type": "train", "epoch": 13, "batch": 6879, "n_batches": 7774, "time": 0.558, "data_time": 0.0, "lr": 0.0001, "loss": -17.784, "recon_loss": -21.249, "kld_loss": 6.929, "kld_weight": 0.5}
{"message": "", "levelname": "INFO", "name": "Trainer", "asctime": "2026-04-29 22:38:14,520", "type": "train", "epoch": 13, "batch": 6959, "n_batches": 7774, "time": 0.476, "data_time": 0.0, "lr": 0.0001, "loss": -12.217, "recon_loss": -16.655, "kld_loss": 8.875, "kld_weight": 0.5}
{"message": "", "levelname": "INFO", "name": "Trainer", "asctime": "2026-04-29 22:38:21,190", "type": "train", "epoch": 13, "batch": 7039, "n_batches": 7774, "time": 0.804, "data_time": 0.0, "lr": 0.0001, "loss": -17.515, "recon_loss": -19.719, "kld_loss": 4.408, "kld_weight": 0.5}
{"message": "", "levelname": "INFO", "name": "Trainer", "asctime": "2026-04-29 22:38:27,827", "type": "train", "epoch": 13, "batch": 7119, "n_batches": 7774, "time": 0.634, "data_time": 0.0, "lr": 0.0001, "loss": -16.503, "recon_loss": -20.537, "kld_loss": 8.067, "kld_weight": 0.5}
{"message": "", "levelname": "INFO", "name": "Trainer", "asctime": "2026-04-29 22:38:34,397", "type": "train", "epoch": 13, "batch": 7199, "n_batches": 7774, "time": 0.686, "data_time": 0.0, "lr": 0.0001, "loss": -19.7, "recon_loss": -21.617, "kld_loss": 3.834, "kld_weight": 0.5}
{"message": "", "levelname": "INFO", "name": "Trainer", "asctime": "2026-04-29 22:38:41,026", "type": "train", "epoch": 13, "batch": 7279, "n_batches": 7774, "time": 0.659, "data_time": 0.0, "lr": 0.0001, "loss": -15.825, "recon_loss": -18.561, "kld_loss": 5.472, "kld_weight": 0.5}
{"message": "", "levelname": "INFO", "name": "Trainer", "asctime": "2026-04-29 22:38:47,560", "type": "train", "epoch": 13, "batch": 7359, "n_batches": 7774, "time": 0.652, "data_time": 0.0, "lr": 0.0001, "loss": -11.781, "recon_loss": -16.581, "kld_loss": 9.6, "kld_weight": 0.5}
{"message": "", "levelname": "INFO", "name": "Trainer", "asctime": "2026-04-29 22:38:53,463", "type": "train", "epoch": 13, "batch": 7439, "n_batches": 7774, "time": 0.546, "data_time": 0.0, "lr": 0.0001, "loss": -12.977, "recon_loss": -18.702, "kld_loss": 11.449, "kld_weight": 0.5}
{"message": "", "levelname": "INFO", "name": "Trainer", "asctime": "2026-04-29 22:38:59,895", "type": "train", "epoch": 13, "batch": 7519, "n_batches": 7774, "time": 0.624, "data_time": 0.0, "lr": 0.0001, "loss": -10.149, "recon_loss": -13.788, "kld_loss": 7.278, "kld_weight": 0.5}
{"message": "", "levelname": "INFO", "name": "Trainer", "asctime": "2026-04-29 22:39:06,041", "type": "train", "epoch": 13, "batch": 7599, "n_batches": 7774, "time": 0.561, "data_time": 0.0, "lr": 0.0001, "loss": -14.465, "recon_loss": -18.846, "kld_loss": 8.762, "kld_weight": 0.5}
{"message": "", "levelname": "INFO", "name": "Trainer", "asctime": "2026-04-29 22:39:12,516", "type": "train", "epoch": 13, "batch": 7679, "n_batches": 7774, "time": 0.7, "data_time": 0.0, "lr": 0.0001, "loss": -13.497, "recon_loss": -16.452, "kld_loss": 5.909, "kld_weight": 0.5}
{"message": "", "levelname": "INFO", "name": "Trainer", "asctime": "2026-04-29 22:39:19,043", "type": "train", "epoch": 13, "batch": 7759, "n_batches": 7774, "time": 0.672, "data_time": 0.0, "lr": 0.0001, "loss": -15.227, "recon_loss": -18.963, "kld_loss": 7.472, "kld_weight": 0.5}
{"message": "", "levelname": "INFO", "name": "Trainer", "asctime": "2026-04-29 22:39:20,146", "type": "train-epoch", "epoch": 14, "loss": -1.87964, "recon_loss": -2.32939, "kld_loss": 0.89949, "kld_weight": 0.5, "time": 632.6}
{"message": "", "levelname": "INFO", "name": "Trainer", "asctime": "2026-04-29 22:41:12,973", "type": "val-epoch", "epoch": 14, "loss": -2.025, "test_loss": -1.195, "recon_loss": -2.496, "kld_loss": 0.943, "kld_weight": 0.5, "note": "loss is teacher-forced CVAE objective; test_loss is prior-only reconstruction", "time": 112.8}
{"message": "", "levelname": "INFO", "name": "Trainer", "asctime": "2026-04-29 22:41:19,242", "type": "train", "epoch": 14, "batch": 79, "n_batches": 7774, "time": 0.489, "data_time": 0.0, "lr": 0.0001, "loss": -21.728, "recon_loss": -24.001, "kld_loss": 4.548, "kld_weight": 0.5}
{"message": "", "levelname": "INFO", "name": "Trainer", "asctime": "2026-04-29 22:41:25,955", "type": "train", "epoch": 14, "batch": 159, "n_batches": 7774, "time": 0.681, "data_time": 0.0, "lr": 0.0001, "loss": -14.154, "recon_loss": -17.676, "kld_loss": 7.043, "kld_weight": 0.5}
{"message": "", "levelname": "INFO", "name": "Trainer", "asctime": "2026-04-29 22:41:32,563", "type": "train", "epoch": 14, "batch": 239, "n_batches": 7774, "time": 0.581, "data_time": 0.0, "lr": 0.0001, "loss": -15.407, "recon_loss": -19.084, "kld_loss": 7.355, "kld_weight": 0.5}
{"message": "", "levelname": "INFO", "name": "Trainer", "asctime": "2026-04-29 22:41:38,826", "type": "train", "epoch": 14, "batch": 319, "n_batches": 7774, "time": 0.632, "data_time": 0.0, "lr": 0.0001, "loss": -15.315, "recon_loss": -19.61, "kld_loss": 8.59, "kld_weight": 0.5}
{"message": "", "levelname": "INFO", "name": "Trainer", "asctime": "2026-04-29 22:41:45,246", "type": "train", "epoch": 14, "batch": 399, "n_batches": 7774, "time": 0.658, "data_time": 0.0, "lr": 0.0001, "loss": -13.591, "recon_loss": -16.617, "kld_loss": 6.052, "kld_weight": 0.5}
{"message": "", "levelname": "INFO", "name": "Trainer", "asctime": "2026-04-29 22:41:51,900", "type": "train", "epoch": 14, "batch": 479, "n_batches": 7774, "time": 0.605, "data_time": 0.0, "lr": 0.0001, "loss": -14.17, "recon_loss": -18.761, "kld_loss": 9.181, "kld_weight": 0.5}
{"message": "", "levelname": "INFO", "name": "Trainer", "asctime": "2026-04-29 22:41:58,355", "type": "train", "epoch": 14, "batch": 559, "n_batches": 7774, "time": 0.441, "data_time": 0.0, "lr": 0.0001, "loss": -19.431, "recon_loss": -22.29, "kld_loss": 5.717, "kld_weight": 0.5}
{"message": "", "levelname": "INFO", "name": "Trainer", "asctime": "2026-04-29 22:42:05,270", "type": "train", "epoch": 14, "batch": 639, "n_batches": 7774, "time": 0.617, "data_time": 0.0, "lr": 0.0001, "loss": -16.674, "recon_loss": -20.148, "kld_loss": 6.948, "kld_weight": 0.5}
{"message": "", "levelname": "INFO", "name": "Trainer", "asctime": "2026-04-29 22:42:12,076", "type": "train", "epoch": 14, "batch": 719, "n_batches": 7774, "time": 0.669, "data_time": 0.0, "lr": 0.0001, "loss": -12.283, "recon_loss": -18.812, "kld_loss": 13.059, "kld_weight": 0.5}
{"message": "", "levelname": "INFO", "name": "Trainer", "asctime": "2026-04-29 22:42:18,578", "type": "train", "epoch": 14, "batch": 799, "n_batches": 7774, "time": 0.625, "data_time": 0.0, "lr": 0.0001, "loss": -8.996, "recon_loss": -13.049, "kld_loss": 8.104, "kld_weight": 0.5}
{"message": "", "levelname": "INFO", "name": "Trainer", "asctime": "2026-04-29 22:42:24,781", "type": "train", "epoch": 14, "batch": 879, "n_batches": 7774, "time": 0.372, "data_time": 0.0, "lr": 0.0001, "loss": -16.067, "recon_loss": -19.103, "kld_loss": 6.073, "kld_weight": 0.5}
{"message": "", "levelname": "INFO", "name": "Trainer", "asctime": "2026-04-29 22:42:31,596", "type": "train", "epoch": 14, "batch": 959, "n_batches": 7774, "time": 0.723, "data_time": 0.0, "lr": 0.0001, "loss": -16.949, "recon_loss": -19.891, "kld_loss": 5.883, "kld_weight": 0.5}
{"message": "", "levelname": "INFO", "name": "Trainer", "asctime": "2026-04-29 22:42:37,872", "type": "train", "epoch": 14, "batch": 1039, "n_batches": 7774, "time": 0.542, "data_time": 0.0, "lr": 0.0001, "loss": -15.111, "recon_loss": -18.357, "kld_loss": 6.491, "kld_weight": 0.5}
{"message": "", "levelname": "INFO", "name": "Trainer", "asctime": "2026-04-29 22:42:43,873", "type": "train", "epoch": 14, "batch": 1119, "n_batches": 7774, "time": 0.691, "data_time": 0.0, "lr": 0.0001, "loss": -14.94, "recon_loss": -19.667, "kld_loss": 9.453, "kld_weight": 0.5}
{"message": "", "levelname": "INFO", "name": "Trainer", "asctime": "2026-04-29 22:42:50,233", "type": "train", "epoch": 14, "batch": 1199, "n_batches": 7774, "time": 0.639, "data_time": 0.0, "lr": 0.0001, "loss": -7.438, "recon_loss": -12.463, "kld_loss": 10.05, "kld_weight": 0.5}
{"message": "", "levelname": "INFO", "name": "Trainer", "asctime": "2026-04-29 22:42:56,790", "type": "train", "epoch": 14, "batch": 1279, "n_batches": 7774, "time": 0.631, "data_time": 0.0, "lr": 0.0001, "loss": -15.326, "recon_loss": -19.631, "kld_loss": 8.608, "kld_weight": 0.5}
{"message": "", "levelname": "INFO", "name": "Trainer", "asctime": "2026-04-29 22:43:03,500", "type": "train", "epoch": 14, "batch": 1359, "n_batches": 7774, "time": 0.707, "data_time": 0.0, "lr": 0.0001, "loss": -16.254, "recon_loss": -19.7, "kld_loss": 6.893, "kld_weight": 0.5}
{"message": "", "levelname": "INFO", "name": "Trainer", "asctime": "2026-04-29 22:43:09,384", "type": "train", "epoch": 14, "batch": 1439, "n_batches": 7774, "time": 0.439, "data_time": 0.0, "lr": 0.0001, "loss": -13.637, "recon_loss": -18.194, "kld_loss": 9.115, "kld_weight": 0.5}
{"message": "", "levelname": "INFO", "name": "Trainer", "asctime": "2026-04-29 22:43:15,535", "type": "train", "epoch": 14, "batch": 1519, "n_batches": 7774, "time": 0.527, "data_time": 0.0, "lr": 0.0001, "loss": -9.434, "recon_loss": -14.496, "kld_loss": 10.123, "kld_weight": 0.5}
{"message": "", "levelname": "INFO", "name": "Trainer", "asctime": "2026-04-29 22:43:21,938", "type": "train", "epoch": 14, "batch": 1599, "n_batches": 7774, "time": 0.409, "data_time": 0.0, "lr": 0.0001, "loss": -19.639, "recon_loss": -22.841, "kld_loss": 6.404, "kld_weight": 0.5}
{"message": "", "levelname": "INFO", "name": "Trainer", "asctime": "2026-04-29 22:43:28,567", "type": "train", "epoch": 14, "batch": 1679, "n_batches": 7774, "time": 0.678, "data_time": 0.0, "lr": 0.0001, "loss": -14.182, "recon_loss": -18.267, "kld_loss": 8.168, "kld_weight": 0.5}
{"message": "", "levelname": "INFO", "name": "Trainer", "asctime": "2026-04-29 22:43:34,983", "type": "train", "epoch": 14, "batch": 1759, "n_batches": 7774, "time": 0.551, "data_time": 0.0, "lr": 0.0001, "loss": -12.656, "recon_loss": -16.036, "kld_loss": 6.759, "kld_weight": 0.5}
{"message": "", "levelname": "INFO", "name": "Trainer", "asctime": "2026-04-29 22:43:42,014", "type": "train", "epoch": 14, "batch": 1839, "n_batches": 7774, "time": 0.821, "data_time": 0.0, "lr": 0.0001, "loss": -11.743, "recon_loss": -16.649, "kld_loss": 9.812, "kld_weight": 0.5}
{"message": "", "levelname": "INFO", "name": "Trainer", "asctime": "2026-04-29 22:43:48,285", "type": "train", "epoch": 14, "batch": 1919, "n_batches": 7774, "time": 0.591, "data_time": 0.0, "lr": 0.0001, "loss": -16.585, "recon_loss": -19.777, "kld_loss": 6.383, "kld_weight": 0.5}
{"message": "", "levelname": "INFO", "name": "Trainer", "asctime": "2026-04-29 22:43:54,674", "type": "train", "epoch": 14, "batch": 1999, "n_batches": 7774, "time": 0.582, "data_time": 0.0, "lr": 0.0001, "loss": -20.1, "recon_loss": -23.349, "kld_loss": 6.498, "kld_weight": 0.5}
{"message": "", "levelname": "INFO", "name": "Trainer", "asctime": "2026-04-29 22:44:01,691", "type": "train", "epoch": 14, "batch": 2079, "n_batches": 7774, "time": 0.571, "data_time": 0.0, "lr": 0.0001, "loss": -16.481, "recon_loss": -19.506, "kld_loss": 6.051, "kld_weight": 0.5}
{"message": "", "levelname": "INFO", "name": "Trainer", "asctime": "2026-04-29 22:44:08,125", "type": "train", "epoch": 14, "batch": 2159, "n_batches": 7774, "time": 0.803, "data_time": 0.0, "lr": 0.0001, "loss": -11.885, "recon_loss": -15.032, "kld_loss": 6.293, "kld_weight": 0.5}
{"message": "", "levelname": "INFO", "name": "Trainer", "asctime": "2026-04-29 22:44:14,971", "type": "train", "epoch": 14, "batch": 2239, "n_batches": 7774, "time": 0.834, "data_time": 0.0, "lr": 0.0001, "loss": -16.417, "recon_loss": -19.688, "kld_loss": 6.541, "kld_weight": 0.5}
{"message": "", "levelname": "INFO", "name": "Trainer", "asctime": "2026-04-29 22:44:21,519", "type": "train", "epoch": 14, "batch": 2319, "n_batches": 7774, "time": 0.749, "data_time": 0.0, "lr": 0.0001, "loss": -17.715, "recon_loss": -20.888, "kld_loss": 6.345, "kld_weight": 0.5}
{"message": "", "levelname": "INFO", "name": "Trainer", "asctime": "2026-04-29 22:44:28,095", "type": "train", "epoch": 14, "batch": 2399, "n_batches": 7774, "time": 0.779, "data_time": 0.0, "lr": 0.0001, "loss": -7.64, "recon_loss": -11.242, "kld_loss": 7.203, "kld_weight": 0.5}
{"message": "", "levelname": "INFO", "name": "Trainer", "asctime": "2026-04-29 22:44:34,900", "type": "train", "epoch": 14, "batch": 2479, "n_batches": 7774, "time": 0.707, "data_time": 0.0, "lr": 0.0001, "loss": -13.714, "recon_loss": -16.542, "kld_loss": 5.655, "kld_weight": 0.5}
{"message": "", "levelname": "INFO", "name": "Trainer", "asctime": "2026-04-29 22:44:41,761", "type": "train", "epoch": 14, "batch": 2559, "n_batches": 7774, "time": 0.817, "data_time": 0.0, "lr": 0.0001, "loss": -14.113, "recon_loss": -18.487, "kld_loss": 8.748, "kld_weight": 0.5}
{"message": "", "levelname": "INFO", "name": "Trainer", "asctime": "2026-04-29 22:44:48,048", "type": "train", "epoch": 14, "batch": 2639, "n_batches": 7774, "time": 0.753, "data_time": 0.0, "lr": 0.0001, "loss": -6.04, "recon_loss": -12.881, "kld_loss": 13.684, "kld_weight": 0.5}
{"message": "", "levelname": "INFO", "name": "Trainer", "asctime": "2026-04-29 22:44:54,612", "type": "train", "epoch": 14, "batch": 2719, "n_batches": 7774, "time": 0.643, "data_time": 0.0, "lr": 0.0001, "loss": -13.307, "recon_loss": -16.972, "kld_loss": 7.33, "kld_weight": 0.5}
{"message": "", "levelname": "INFO", "name": "Trainer", "asctime": "2026-04-29 22:45:01,376", "type": "train", "epoch": 14, "batch": 2799, "n_batches": 7774, "time": 0.675, "data_time": 0.0, "lr": 0.0001, "loss": -16.921, "recon_loss": -20.524, "kld_loss": 7.205, "kld_weight": 0.5}
{"message": "", "levelname": "INFO", "name": "Trainer", "asctime": "2026-04-29 22:45:08,020", "type": "train", "epoch": 14, "batch": 2879, "n_batches": 7774, "time": 0.644, "data_time": 0.0, "lr": 0.0001, "loss": -13.778, "recon_loss": -16.924, "kld_loss": 6.293, "kld_weight": 0.5}
{"message": "", "levelname": "INFO", "name": "Trainer", "asctime": "2026-04-29 22:45:14,197", "type": "train", "epoch": 14, "batch": 2959, "n_batches": 7774, "time": 0.539, "data_time": 0.0, "lr": 0.0001, "loss": -4.785, "recon_loss": -9.113, "kld_loss": 8.655, "kld_weight": 0.5}
{"message": "", "levelname": "INFO", "name": "Trainer", "asctime": "2026-04-29 22:45:21,034", "type": "train", "epoch": 14, "batch": 3039, "n_batches": 7774, "time": 0.71, "data_time": 0.0, "lr": 0.0001, "loss": -18.175, "recon_loss": -22.605, "kld_loss": 8.86, "kld_weight": 0.5}
{"message": "", "levelname": "INFO", "name": "Trainer", "asctime": "2026-04-29 22:45:27,768", "type": "train", "epoch": 14, "batch": 3119, "n_batches": 7774, "time": 0.481, "data_time": 0.0, "lr": 0.0001, "loss": -15.143, "recon_loss": -18.792, "kld_loss": 7.299, "kld_weight": 0.5}
{"message": "", "levelname": "INFO", "name": "Trainer", "asctime": "2026-04-29 22:45:34,689", "type": "train", "epoch": 14, "batch": 3199, "n_batches": 7774, "time": 0.623, "data_time": 0.0, "lr": 0.0001, "loss": -18.945, "recon_loss": -22.492, "kld_loss": 7.093, "kld_weight": 0.5}
{"message": "", "levelname": "INFO", "name": "Trainer", "asctime": "2026-04-29 22:45:41,616", "type": "train", "epoch": 14, "batch": 3279, "n_batches": 7774, "time": 0.694, "data_time": 0.0, "lr": 0.0001, "loss": -15.393, "recon_loss": -18.251, "kld_loss": 5.716, "kld_weight": 0.5}
{"message": "", "levelname": "INFO", "name": "Trainer", "asctime": "2026-04-29 22:45:48,276", "type": "train", "epoch": 14, "batch": 3359, "n_batches": 7774, "time": 0.463, "data_time": 0.0, "lr": 0.0001, "loss": -15.847, "recon_loss": -18.445, "kld_loss": 5.196, "kld_weight": 0.5}
{"message": "", "levelname": "INFO", "name": "Trainer", "asctime": "2026-04-29 22:45:54,910", "type": "train", "epoch": 14, "batch": 3439, "n_batches": 7774, "time": 0.672, "data_time": 0.0, "lr": 0.0001, "loss": -12.4, "recon_loss": -16.784, "kld_loss": 8.768, "kld_weight": 0.5}
{"message": "", "levelname": "INFO", "name": "Trainer", "asctime": "2026-04-29 22:46:01,142", "type": "train", "epoch": 14, "batch": 3519, "n_batches": 7774, "time": 0.821, "data_time": 0.0, "lr": 0.0001, "loss": -18.568, "recon_loss": -21.402, "kld_loss": 5.668, "kld_weight": 0.5}
{"message": "", "levelname": "INFO", "name": "Trainer", "asctime": "2026-04-29 22:46:07,896", "type": "train", "epoch": 14, "batch": 3599, "n_batches": 7774, "time": 0.672, "data_time": 0.0, "lr": 0.0001, "loss": -17.481, "recon_loss": -20.941, "kld_loss": 6.92, "kld_weight": 0.5}
{"message": "", "levelname": "INFO", "name": "Trainer", "asctime": "2026-04-29 22:46:14,463", "type": "train", "epoch": 14, "batch": 3679, "n_batches": 7774, "time": 0.652, "data_time": 0.0, "lr": 0.0001, "loss": -11.911, "recon_loss": -16.601, "kld_loss": 9.38, "kld_weight": 0.5}
{"message": "", "levelname": "INFO", "name": "Trainer", "asctime": "2026-04-29 22:46:20,942", "type": "train", "epoch": 14, "batch": 3759, "n_batches": 7774, "time": 0.541, "data_time": 0.0, "lr": 0.0001, "loss": -9.104, "recon_loss": -13.284, "kld_loss": 8.36, "kld_weight": 0.5}
{"message": "", "levelname": "INFO", "name": "Trainer", "asctime": "2026-04-29 22:46:27,689", "type": "train", "epoch": 14, "batch": 3839, "n_batches": 7774, "time": 0.545, "data_time": 0.0, "lr": 0.0001, "loss": -14.935, "recon_loss": -18.278, "kld_loss": 6.686, "kld_weight": 0.5}
{"message": "", "levelname": "INFO", "name": "Trainer", "asctime": "2026-04-29 22:46:33,878", "type": "train", "epoch": 14, "batch": 3919, "n_batches": 7774, "time": 0.679, "data_time": 0.0, "lr": 0.0001, "loss": -19.662, "recon_loss": -22.905, "kld_loss": 6.487, "kld_weight": 0.5}
{"message": "", "levelname": "INFO", "name": "Trainer", "asctime": "2026-04-29 22:46:40,125", "type": "train", "epoch": 14, "batch": 3999, "n_batches": 7774, "time": 0.858, "data_time": 0.0, "lr": 0.0001, "loss": -14.719, "recon_loss": -20.627, "kld_loss": 11.816, "kld_weight": 0.5}
{"message": "", "levelname": "INFO", "name": "Trainer", "asctime": "2026-04-29 22:46:46,406", "type": "train", "epoch": 14, "batch": 4079, "n_batches": 7774, "time": 0.559, "data_time": 0.0, "lr": 0.0001, "loss": -17.799, "recon_loss": -21.294, "kld_loss": 6.991, "kld_weight": 0.5}
{"message": "", "levelname": "INFO", "name": "Trainer", "asctime": "2026-04-29 22:46:52,266", "type": "train", "epoch": 14, "batch": 4159, "n_batches": 7774, "time": 0.683, "data_time": 0.0, "lr": 0.0001, "loss": -8.242, "recon_loss": -14.052, "kld_loss": 11.621, "kld_weight": 0.5}
{"message": "", "levelname": "INFO", "name": "Trainer", "asctime": "2026-04-29 22:46:59,086", "type": "train", "epoch": 14, "batch": 4239, "n_batches": 7774, "time": 0.59, "data_time": 0.0, "lr": 0.0001, "loss": -15.455, "recon_loss": -18.08, "kld_loss": 5.25, "kld_weight": 0.5}
{"message": "", "levelname": "INFO", "name": "Trainer", "asctime": "2026-04-29 22:47:05,549", "type": "train", "epoch": 14, "batch": 4319, "n_batches": 7774, "time": 0.603, "data_time": 0.0, "lr": 0.0001, "loss": -9.224, "recon_loss": -12.139, "kld_loss": 5.83, "kld_weight": 0.5}
{"message": "", "levelname": "INFO", "name": "Trainer", "asctime": "2026-04-29 22:47:12,130", "type": "train", "epoch": 14, "batch": 4399, "n_batches": 7774, "time": 0.845, "data_time": 0.0, "lr": 0.0001, "loss": -13.091, "recon_loss": -17.591, "kld_loss": 9.001, "kld_weight": 0.5}
{"message": "", "levelname": "INFO", "name": "Trainer", "asctime": "2026-04-29 22:47:18,352", "type": "train", "epoch": 14, "batch": 4479, "n_batches": 7774, "time": 0.52, "data_time": 0.0, "lr": 0.0001, "loss": -14.428, "recon_loss": -19.413, "kld_loss": 9.97, "kld_weight": 0.5}
{"message": "", "levelname": "INFO", "name": "Trainer", "asctime": "2026-04-29 22:47:24,617", "type": "train", "epoch": 14, "batch": 4559, "n_batches": 7774, "time": 0.775, "data_time": 0.0, "lr": 0.0001, "loss": -14.514, "recon_loss": -17.6, "kld_loss": 6.172, "kld_weight": 0.5}
{"message": "", "levelname": "INFO", "name": "Trainer", "asctime": "2026-04-29 22:47:30,935", "type": "train", "epoch": 14, "batch": 4639, "n_batches": 7774, "time": 0.559, "data_time": 0.0, "lr": 0.0001, "loss": -14.747, "recon_loss": -17.614, "kld_loss": 5.734, "kld_weight": 0.5}
{"message": "", "levelname": "INFO", "name": "Trainer", "asctime": "2026-04-29 22:47:38,006", "type": "train", "epoch": 14, "batch": 4719, "n_batches": 7774, "time": 0.721, "data_time": 0.0, "lr": 0.0001, "loss": -16.51, "recon_loss": -18.961, "kld_loss": 4.902, "kld_weight": 0.5}
{"message": "", "levelname": "INFO", "name": "Trainer", "asctime": "2026-04-29 22:47:44,163", "type": "train", "epoch": 14, "batch": 4799, "n_batches": 7774, "time": 0.547, "data_time": 0.0, "lr": 0.0001, "loss": -21.532, "recon_loss": -24.587, "kld_loss": 6.109, "kld_weight": 0.5}
{"message": "", "levelname": "INFO", "name": "Trainer", "asctime": "2026-04-29 22:47:50,274", "type": "train", "epoch": 14, "batch": 4879, "n_batches": 7774, "time": 0.657, "data_time": 0.0, "lr": 0.0001, "loss": -15.815, "recon_loss": -18.792, "kld_loss": 5.954, "kld_weight": 0.5}
{"message": "", "levelname": "INFO", "name": "Trainer", "asctime": "2026-04-29 22:47:56,758", "type": "train", "epoch": 14, "batch": 4959, "n_batches": 7774, "time": 0.602, "data_time": 0.0, "lr": 0.0001, "loss": -18.51, "recon_loss": -21.867, "kld_loss": 6.715, "kld_weight": 0.5}
{"message": "", "levelname": "INFO", "name": "Trainer", "asctime": "2026-04-29 22:48:03,361", "type": "train", "epoch": 14, "batch": 5039, "n_batches": 7774, "time": 0.706, "data_time": 0.0, "lr": 0.0001, "loss": -15.372, "recon_loss": -18.109, "kld_loss": 5.473, "kld_weight": 0.5}
{"message": "", "levelname": "INFO", "name": "Trainer", "asctime": "2026-04-29 22:48:09,810", "type": "train", "epoch": 14, "batch": 5119, "n_batches": 7774, "time": 0.715, "data_time": 0.0, "lr": 0.0001, "loss": -14.761, "recon_loss": -17.542, "kld_loss": 5.562, "kld_weight": 0.5}
{"message": "", "levelname": "INFO", "name": "Trainer", "asctime": "2026-04-29 22:48:16,222", "type": "train", "epoch": 14, "batch": 5199, "n_batches": 7774, "time": 0.824, "data_time": 0.0, "lr": 0.0001, "loss": -16.166, "recon_loss": -20.722, "kld_loss": 9.113, "kld_weight": 0.5}
{"message": "", "levelname": "INFO", "name": "Trainer", "asctime": "2026-04-29 22:48:22,807", "type": "train", "epoch": 14, "batch": 5279, "n_batches": 7774, "time": 0.631, "data_time": 0.0, "lr": 0.0001, "loss": -15.999, "recon_loss": -21.17, "kld_loss": 10.342, "kld_weight": 0.5}
{"message": "", "levelname": "INFO", "name": "Trainer", "asctime": "2026-04-29 22:48:29,327", "type": "train", "epoch": 14, "batch": 5359, "n_batches": 7774, "time": 0.791, "data_time": 0.0, "lr": 0.0001, "loss": -10.559, "recon_loss": -13.781, "kld_loss": 6.444, "kld_weight": 0.5}
{"message": "", "levelname": "INFO", "name": "Trainer", "asctime": "2026-04-29 22:48:36,379", "type": "train", "epoch": 14, "batch": 5439, "n_batches": 7774, "time": 0.634, "data_time": 0.0, "lr": 0.0001, "loss": -13.628, "recon_loss": -17.799, "kld_loss": 8.342, "kld_weight": 0.5}
{"message": "", "levelname": "INFO", "name": "Trainer", "asctime": "2026-04-29 22:48:42,800", "type": "train", "epoch": 14, "batch": 5519, "n_batches": 7774, "time": 0.662, "data_time": 0.0, "lr": 0.0001, "loss": -10.067, "recon_loss": -14.135, "kld_loss": 8.137, "kld_weight": 0.5}
{"message": "", "levelname": "INFO", "name": "Trainer", "asctime": "2026-04-29 22:48:48,811", "type": "train", "epoch": 14, "batch": 5599, "n_batches": 7774, "time": 0.746, "data_time": 0.0, "lr": 0.0001, "loss": -7.484, "recon_loss": -11.545, "kld_loss": 8.123, "kld_weight": 0.5}
{"message": "", "levelname": "INFO", "name": "Trainer", "asctime": "2026-04-29 22:48:55,526", "type": "train", "epoch": 14, "batch": 5679, "n_batches": 7774, "time": 0.553, "data_time": 0.0, "lr": 0.0001, "loss": -18.618, "recon_loss": -22.246, "kld_loss": 7.256, "kld_weight": 0.5}
{"message": "", "levelname": "INFO", "name": "Trainer", "asctime": "2026-04-29 22:49:02,087", "type": "train", "epoch": 14, "batch": 5759, "n_batches": 7774, "time": 0.618, "data_time": 0.0, "lr": 0.0001, "loss": -17.412, "recon_loss": -21.522, "kld_loss": 8.221, "kld_weight": 0.5}
{"message": "", "levelname": "INFO", "name": "Trainer", "asctime": "2026-04-29 22:49:08,402", "type": "train", "epoch": 14, "batch": 5839, "n_batches": 7774, "time": 0.624, "data_time": 0.0, "lr": 0.0001, "loss": -18.211, "recon_loss": -22.38, "kld_loss": 8.337, "kld_weight": 0.5}
{"message": "", "levelname": "INFO", "name": "Trainer", "asctime": "2026-04-29 22:49:15,023", "type": "train", "epoch": 14, "batch": 5919, "n_batches": 7774, "time": 0.773, "data_time": 0.0, "lr": 0.0001, "loss": -8.55, "recon_loss": -12.913, "kld_loss": 8.726, "kld_weight": 0.5}
{"message": "", "levelname": "INFO", "name": "Trainer", "asctime": "2026-04-29 22:49:21,913", "type": "train", "epoch": 14, "batch": 5999, "n_batches": 7774, "time": 0.568, "data_time": 0.0, "lr": 0.0001, "loss": -17.023, "recon_loss": -21.241, "kld_loss": 8.436, "kld_weight": 0.5}
{"message": "", "levelname": "INFO", "name": "Trainer", "asctime": "2026-04-29 22:49:28,399", "type": "train", "epoch": 14, "batch": 6079, "n_batches": 7774, "time": 0.553, "data_time": 0.0, "lr": 0.0001, "loss": -18.008, "recon_loss": -20.269, "kld_loss": 4.522, "kld_weight": 0.5}
{"message": "", "levelname": "INFO", "name": "Trainer", "asctime": "2026-04-29 22:49:35,046", "type": "train", "epoch": 14, "batch": 6159, "n_batches": 7774, "time": 0.816, "data_time": 0.0, "lr": 0.0001, "loss": -10.098, "recon_loss": -14.398, "kld_loss": 8.599, "kld_weight": 0.5}
{"message": "", "levelname": "INFO", "name": "Trainer", "asctime": "2026-04-29 22:49:41,116", "type": "train", "epoch": 14, "batch": 6239, "n_batches": 7774, "time": 0.524, "data_time": 0.0, "lr": 0.0001, "loss": -21.096, "recon_loss": -23.684, "kld_loss": 5.177, "kld_weight": 0.5}
{"message": "", "levelname": "INFO", "name": "Trainer", "asctime": "2026-04-29 22:49:47,248", "type": "train", "epoch": 14, "batch": 6319, "n_batches": 7774, "time": 0.6, "data_time": 0.0, "lr": 0.0001, "loss": -19.783, "recon_loss": -22.793, "kld_loss": 6.02, "kld_weight": 0.5}
{"message": "", "levelname": "INFO", "name": "Trainer", "asctime": "2026-04-29 22:49:53,144", "type": "train", "epoch": 14, "batch": 6399, "n_batches": 7774, "time": 0.486, "data_time": 0.0, "lr": 0.0001, "loss": -13.095, "recon_loss": -15.635, "kld_loss": 5.081, "kld_weight": 0.5}
{"message": "", "levelname": "INFO", "name": "Trainer", "asctime": "2026-04-29 22:49:59,871", "type": "train", "epoch": 14, "batch": 6479, "n_batches": 7774, "time": 0.638, "data_time": 0.0, "lr": 0.0001, "loss": -16.365, "recon_loss": -19.465, "kld_loss": 6.201, "kld_weight": 0.5}
{"message": "", "levelname": "INFO", "name": "Trainer", "asctime": "2026-04-29 22:50:06,328", "type": "train", "epoch": 14, "batch": 6559, "n_batches": 7774, "time": 0.684, "data_time": 0.0, "lr": 0.0001, "loss": -17.473, "recon_loss": -19.584, "kld_loss": 4.221, "kld_weight": 0.5}
{"message": "", "levelname": "INFO", "name": "Trainer", "asctime": "2026-04-29 22:50:13,079", "type": "train", "epoch": 14, "batch": 6639, "n_batches": 7774, "time": 0.695, "data_time": 0.0, "lr": 0.0001, "loss": -14.898, "recon_loss": -18.736, "kld_loss": 7.676, "kld_weight": 0.5}
{"message": "", "levelname": "INFO", "name": "Trainer", "asctime": "2026-04-29 22:50:19,201", "type": "train", "epoch": 14, "batch": 6719, "n_batches": 7774, "time": 0.391, "data_time": 0.0, "lr": 0.0001, "loss": -14.009, "recon_loss": -20.435, "kld_loss": 12.852, "kld_weight": 0.5}
{"message": "", "levelname": "INFO", "name": "Trainer", "asctime": "2026-04-29 22:50:25,471", "type": "train", "epoch": 14, "batch": 6799, "n_batches": 7774, "time": 0.623, "data_time": 0.0, "lr": 0.0001, "loss": -17.219, "recon_loss": -19.59, "kld_loss": 4.742, "kld_weight": 0.5}
{"message": "", "levelname": "INFO", "name": "Trainer", "asctime": "2026-04-29 22:50:32,185", "type": "train", "epoch": 14, "batch": 6879, "n_batches": 7774, "time": 0.814, "data_time": 0.0, "lr": 0.0001, "loss": -16.199, "recon_loss": -19.54, "kld_loss": 6.68, "kld_weight": 0.5}
{"message": "", "levelname": "INFO", "name": "Trainer", "asctime": "2026-04-29 22:50:38,281", "type": "train", "epoch": 14, "batch": 6959, "n_batches": 7774, "time": 0.576, "data_time": 0.0, "lr": 0.0001, "loss": -18.513, "recon_loss": -21.698, "kld_loss": 6.37, "kld_weight": 0.5}
{"message": "", "levelname": "INFO", "name": "Trainer", "asctime": "2026-04-29 22:50:44,639", "type": "train", "epoch": 14, "batch": 7039, "n_batches": 7774, "time": 0.507, "data_time": 0.0, "lr": 0.0001, "loss": -18.109, "recon_loss": -21.143, "kld_loss": 6.068, "kld_weight": 0.5}
{"message": "", "levelname": "INFO", "name": "Trainer", "asctime": "2026-04-29 22:50:50,983", "type": "train", "epoch": 14, "batch": 7119, "n_batches": 7774, "time": 0.695, "data_time": 0.0, "lr": 0.0001, "loss": -13.341, "recon_loss": -17.718, "kld_loss": 8.753, "kld_weight": 0.5}
{"message": "", "levelname": "INFO", "name": "Trainer", "asctime": "2026-04-29 22:50:57,757", "type": "train", "epoch": 14, "batch": 7199, "n_batches": 7774, "time": 0.672, "data_time": 0.0, "lr": 0.0001, "loss": -16.861, "recon_loss": -19.714, "kld_loss": 5.706, "kld_weight": 0.5}
{"message": "", "levelname": "INFO", "name": "Trainer", "asctime": "2026-04-29 22:51:04,521", "type": "train", "epoch": 14, "batch": 7279, "n_batches": 7774, "time": 0.612, "data_time": 0.0, "lr": 0.0001, "loss": -11.884, "recon_loss": -16.065, "kld_loss": 8.363, "kld_weight": 0.5}
{"message": "", "levelname": "INFO", "name": "Trainer", "asctime": "2026-04-29 22:51:11,153", "type": "train", "epoch": 14, "batch": 7359, "n_batches": 7774, "time": 0.591, "data_time": 0.0, "lr": 0.0001, "loss": -19.42, "recon_loss": -23.638, "kld_loss": 8.436, "kld_weight": 0.5}
{"message": "", "levelname": "INFO", "name": "Trainer", "asctime": "2026-04-29 22:51:17,582", "type": "train", "epoch": 14, "batch": 7439, "n_batches": 7774, "time": 0.793, "data_time": 0.0, "lr": 0.0001, "loss": -18.502, "recon_loss": -21.847, "kld_loss": 6.689, "kld_weight": 0.5}
{"message": "", "levelname": "INFO", "name": "Trainer", "asctime": "2026-04-29 22:51:24,406", "type": "train", "epoch": 14, "batch": 7519, "n_batches": 7774, "time": 0.761, "data_time": 0.0, "lr": 0.0001, "loss": -11.12, "recon_loss": -14.923, "kld_loss": 7.605, "kld_weight": 0.5}
{"message": "", "levelname": "INFO", "name": "Trainer", "asctime": "2026-04-29 22:51:31,490", "type": "train", "epoch": 14, "batch": 7599, "n_batches": 7774, "time": 0.701, "data_time": 0.0, "lr": 0.0001, "loss": -15.236, "recon_loss": -18.221, "kld_loss": 5.969, "kld_weight": 0.5}
{"message": "", "levelname": "INFO", "name": "Trainer", "asctime": "2026-04-29 22:51:38,257", "type": "train", "epoch": 14, "batch": 7679, "n_batches": 7774, "time": 0.666, "data_time": 0.0, "lr": 0.0001, "loss": -12.714, "recon_loss": -17.053, "kld_loss": 8.677, "kld_weight": 0.5}
{"message": "", "levelname": "INFO", "name": "Trainer", "asctime": "2026-04-29 22:51:44,569", "type": "train", "epoch": 14, "batch": 7759, "n_batches": 7774, "time": 0.68, "data_time": 0.0, "lr": 0.0001, "loss": -19.295, "recon_loss": -22.511, "kld_loss": 6.432, "kld_weight": 0.5}
{"message": "", "levelname": "INFO", "name": "Trainer", "asctime": "2026-04-29 22:51:45,815", "type": "train-epoch", "epoch": 15, "loss": -1.88415, "recon_loss": -2.33747, "kld_loss": 0.90664, "kld_weight": 0.5, "time": 632.8}
{"message": "", "levelname": "INFO", "name": "Trainer", "asctime": "2026-04-29 22:53:38,535", "type": "val-epoch", "epoch": 15, "loss": -2.016, "test_loss": -1.208, "recon_loss": -2.5, "kld_loss": 0.968, "kld_weight": 0.5, "note": "loss is teacher-forced CVAE objective; test_loss is prior-only reconstruction", "time": 112.7}
