{"message": "", "levelname": "INFO", "name": "root", "asctime": "2026-04-28 20:07:11,510", "type": "process", "argv": ["/Users/aryan/trajnet++/trajnetpluspluscvae/trajnetbaselines/vae/trainer.py", "--type", "vanilla", "--augment", "--epochs", "15", "--pool_dim", "64", "--alpha_kld", "0.1", "--kld_anneal_epochs", "5", "--k", "20", "--path", "output"], "args": {"epochs": 15, "save_every": 5, "obs_length": 9, "pred_length": 12, "start_length": 0, "batch_size": 8, "lr": 0.001, "step_size": 10, "output": "OUTPUT_BLOCK/output/vae_vanilla_None.pkl", "disable_cuda": false, "path": "output", "goals": false, "loss": "pred", "type": "vanilla", "sample": 1.0, "seed": 42, "augment": true, "normalize_scene": false, "augment_noise": false, "obs_dropout": false, "load_state": null, "load_full_state": null, "nonstrict_load_state": null, "hidden_dim": 128, "coordinate_embedding_dim": 64, "pool_dim": 64, "goal_dim": 64, "cell_side": 0.6, "n": 12, "layer_dims": [512], "embedding_arch": "one_layer", "pool_constant": 0, "norm_pool": false, "front": false, "latent_dim": 16, "norm": 0, "no_vel": false, "spatial_dim": 32, "vel_dim": 32, "neigh": 4, "mp_iters": 5, "alpha_kld": 0.1, "kld_anneal_epochs": 5, "k": 20, "noise_dim": 8}, "version": "0.1.0", "hostname": "Aryans-MacBook-Air-2.local"}
{"message": "", "levelname": "INFO", "name": "Trainer", "asctime": "2026-04-28 20:07:20,173", "type": "train", "epoch": 0, "batch": 79, "n_batches": 7774, "time": 0.536, "data_time": 0.0, "lr": 0.001, "loss": -1.355, "recon_loss": -1.36, "kld_loss": 0.283, "kld_weight": 0.02}
{"message": "", "levelname": "INFO", "name": "Trainer", "asctime": "2026-04-28 20:07:26,597", "type": "train", "epoch": 0, "batch": 159, "n_batches": 7774, "time": 0.656, "data_time": 0.0, "lr": 0.001, "loss": -9.624, "recon_loss": -9.654, "kld_loss": 1.507, "kld_weight": 0.02}
{"message": "", "levelname": "INFO", "name": "Trainer", "asctime": "2026-04-28 20:07:33,904", "type": "train", "epoch": 0, "batch": 239, "n_batches": 7774, "time": 1.015, "data_time": 0.0, "lr": 0.001, "loss": -9.809, "recon_loss": -10.066, "kld_loss": 12.852, "kld_weight": 0.02}
{"message": "", "levelname": "INFO", "name": "Trainer", "asctime": "2026-04-28 20:07:40,288", "type": "train", "epoch": 0, "batch": 319, "n_batches": 7774, "time": 0.689, "data_time": 0.0, "lr": 0.001, "loss": -6.701, "recon_loss": -7.092, "kld_loss": 19.53, "kld_weight": 0.02}
{"message": "", "levelname": "INFO", "name": "Trainer", "asctime": "2026-04-28 20:07:46,934", "type": "train", "epoch": 0, "batch": 399, "n_batches": 7774, "time": 0.992, "data_time": 0.0, "lr": 0.001, "loss": -12.86, "recon_loss": -13.098, "kld_loss": 11.918, "kld_weight": 0.02}
{"message": "", "levelname": "INFO", "name": "Trainer", "asctime": "2026-04-28 20:07:53,243", "type": "train", "epoch": 0, "batch": 479, "n_batches": 7774, "time": 0.501, "data_time": 0.0, "lr": 0.001, "loss": -10.549, "recon_loss": -10.965, "kld_loss": 20.809, "kld_weight": 0.02}
{"message": "", "levelname": "INFO", "name": "Trainer", "asctime": "2026-04-28 20:07:59,218", "type": "train", "epoch": 0, "batch": 559, "n_batches": 7774, "time": 0.531, "data_time": 0.0, "lr": 0.001, "loss": -11.874, "recon_loss": -12.41, "kld_loss": 26.8, "kld_weight": 0.02}
{"message": "", "levelname": "INFO", "name": "Trainer", "asctime": "2026-04-28 20:08:05,508", "type": "train", "epoch": 0, "batch": 639, "n_batches": 7774, "time": 0.729, "data_time": 0.0, "lr": 0.001, "loss": -12.691, "recon_loss": -13.019, "kld_loss": 16.391, "kld_weight": 0.02}
{"message": "", "levelname": "INFO", "name": "Trainer", "asctime": "2026-04-28 20:08:12,081", "type": "train", "epoch": 0, "batch": 719, "n_batches": 7774, "time": 0.602, "data_time": 0.0, "lr": 0.001, "loss": -15.201, "recon_loss": -15.648, "kld_loss": 22.322, "kld_weight": 0.02}
{"message": "", "levelname": "INFO", "name": "Trainer", "asctime": "2026-04-28 20:08:18,538", "type": "train", "epoch": 0, "batch": 799, "n_batches": 7774, "time": 0.779, "data_time": 0.0, "lr": 0.001, "loss": -12.498, "recon_loss": -12.834, "kld_loss": 16.804, "kld_weight": 0.02}
{"message": "", "levelname": "INFO", "name": "Trainer", "asctime": "2026-04-28 20:08:24,875", "type": "train", "epoch": 0, "batch": 879, "n_batches": 7774, "time": 0.666, "data_time": 0.0, "lr": 0.001, "loss": -13.177, "recon_loss": -13.516, "kld_loss": 16.942, "kld_weight": 0.02}
{"message": "", "levelname": "INFO", "name": "Trainer", "asctime": "2026-04-28 20:08:30,989", "type": "train", "epoch": 0, "batch": 959, "n_batches": 7774, "time": 0.695, "data_time": 0.0, "lr": 0.001, "loss": -16.348, "recon_loss": -16.652, "kld_loss": 15.218, "kld_weight": 0.02}
{"message": "", "levelname": "INFO", "name": "Trainer", "asctime": "2026-04-28 20:08:37,468", "type": "train", "epoch": 0, "batch": 1039, "n_batches": 7774, "time": 0.775, "data_time": 0.0, "lr": 0.001, "loss": -13.194, "recon_loss": -13.559, "kld_loss": 18.25, "kld_weight": 0.02}
{"message": "", "levelname": "INFO", "name": "Trainer", "asctime": "2026-04-28 20:08:43,856", "type": "train", "epoch": 0, "batch": 1119, "n_batches": 7774, "time": 0.749, "data_time": 0.0, "lr": 0.001, "loss": -17.059, "recon_loss": -17.395, "kld_loss": 16.829, "kld_weight": 0.02}
{"message": "", "levelname": "INFO", "name": "Trainer", "asctime": "2026-04-28 20:08:50,582", "type": "train", "epoch": 0, "batch": 1199, "n_batches": 7774, "time": 0.63, "data_time": 0.0, "lr": 0.001, "loss": -13.477, "recon_loss": -13.948, "kld_loss": 23.547, "kld_weight": 0.02}
{"message": "", "levelname": "INFO", "name": "Trainer", "asctime": "2026-04-28 20:08:56,988", "type": "train", "epoch": 0, "batch": 1279, "n_batches": 7774, "time": 0.38, "data_time": 0.0, "lr": 0.001, "loss": -12.564, "recon_loss": -13.031, "kld_loss": 23.341, "kld_weight": 0.02}
{"message": "", "levelname": "INFO", "name": "Trainer", "asctime": "2026-04-28 20:09:03,644", "type": "train", "epoch": 0, "batch": 1359, "n_batches": 7774, "time": 0.705, "data_time": 0.0, "lr": 0.001, "loss": -3.902, "recon_loss": -4.5, "kld_loss": 29.933, "kld_weight": 0.02}
{"message": "", "levelname": "INFO", "name": "Trainer", "asctime": "2026-04-28 20:09:09,966", "type": "train", "epoch": 0, "batch": 1439, "n_batches": 7774, "time": 0.643, "data_time": 0.0, "lr": 0.001, "loss": -13.255, "recon_loss": -13.998, "kld_loss": 37.144, "kld_weight": 0.02}
{"message": "", "levelname": "INFO", "name": "Trainer", "asctime": "2026-04-28 20:09:16,331", "type": "train", "epoch": 0, "batch": 1519, "n_batches": 7774, "time": 0.644, "data_time": 0.0, "lr": 0.001, "loss": -17.263, "recon_loss": -17.885, "kld_loss": 31.125, "kld_weight": 0.02}
{"message": "", "levelname": "INFO", "name": "Trainer", "asctime": "2026-04-28 20:09:22,160", "type": "train", "epoch": 0, "batch": 1599, "n_batches": 7774, "time": 0.564, "data_time": 0.0, "lr": 0.001, "loss": -17.016, "recon_loss": -17.617, "kld_loss": 30.049, "kld_weight": 0.02}
{"message": "", "levelname": "INFO", "name": "Trainer", "asctime": "2026-04-28 20:09:28,724", "type": "train", "epoch": 0, "batch": 1679, "n_batches": 7774, "time": 0.831, "data_time": 0.0, "lr": 0.001, "loss": -16.512, "recon_loss": -17.16, "kld_loss": 32.399, "kld_weight": 0.02}
{"message": "", "levelname": "INFO", "name": "Trainer", "asctime": "2026-04-28 20:09:35,286", "type": "train", "epoch": 0, "batch": 1759, "n_batches": 7774, "time": 0.591, "data_time": 0.0, "lr": 0.001, "loss": -20.089, "recon_loss": -20.718, "kld_loss": 31.443, "kld_weight": 0.02}
{"message": "", "levelname": "INFO", "name": "Trainer", "asctime": "2026-04-28 20:09:41,621", "type": "train", "epoch": 0, "batch": 1839, "n_batches": 7774, "time": 0.642, "data_time": 0.0, "lr": 0.001, "loss": -17.658, "recon_loss": -18.662, "kld_loss": 50.208, "kld_weight": 0.02}
{"message": "", "levelname": "INFO", "name": "Trainer", "asctime": "2026-04-28 20:09:48,067", "type": "train", "epoch": 0, "batch": 1919, "n_batches": 7774, "time": 0.881, "data_time": 0.0, "lr": 0.001, "loss": -17.741, "recon_loss": -18.298, "kld_loss": 27.843, "kld_weight": 0.02}
{"message": "", "levelname": "INFO", "name": "Trainer", "asctime": "2026-04-28 20:09:55,234", "type": "train", "epoch": 0, "batch": 1999, "n_batches": 7774, "time": 0.633, "data_time": 0.0, "lr": 0.001, "loss": -19.09, "recon_loss": -20.028, "kld_loss": 46.864, "kld_weight": 0.02}
{"message": "", "levelname": "INFO", "name": "Trainer", "asctime": "2026-04-28 20:10:01,592", "type": "train", "epoch": 0, "batch": 2079, "n_batches": 7774, "time": 0.649, "data_time": 0.0, "lr": 0.001, "loss": -17.164, "recon_loss": -17.806, "kld_loss": 32.053, "kld_weight": 0.02}
{"message": "", "levelname": "INFO", "name": "Trainer", "asctime": "2026-04-28 20:10:08,212", "type": "train", "epoch": 0, "batch": 2159, "n_batches": 7774, "time": 0.574, "data_time": 0.0, "lr": 0.001, "loss": -21.06, "recon_loss": -21.821, "kld_loss": 38.051, "kld_weight": 0.02}
{"message": "", "levelname": "INFO", "name": "Trainer", "asctime": "2026-04-28 20:10:14,748", "type": "train", "epoch": 0, "batch": 2239, "n_batches": 7774, "time": 0.612, "data_time": 0.0, "lr": 0.001, "loss": -8.946, "recon_loss": -10.156, "kld_loss": 60.495, "kld_weight": 0.02}
{"message": "", "levelname": "INFO", "name": "Trainer", "asctime": "2026-04-28 20:10:21,571", "type": "train", "epoch": 0, "batch": 2319, "n_batches": 7774, "time": 0.662, "data_time": 0.0, "lr": 0.001, "loss": -18.669, "recon_loss": -19.539, "kld_loss": 43.475, "kld_weight": 0.02}
{"message": "", "levelname": "INFO", "name": "Trainer", "asctime": "2026-04-28 20:10:28,153", "type": "train", "epoch": 0, "batch": 2399, "n_batches": 7774, "time": 0.577, "data_time": 0.0, "lr": 0.001, "loss": -21.106, "recon_loss": -21.821, "kld_loss": 35.715, "kld_weight": 0.02}
{"message": "", "levelname": "INFO", "name": "Trainer", "asctime": "2026-04-28 20:10:34,868", "type": "train", "epoch": 0, "batch": 2479, "n_batches": 7774, "time": 0.626, "data_time": 0.0, "lr": 0.001, "loss": -19.894, "recon_loss": -20.713, "kld_loss": 40.965, "kld_weight": 0.02}
{"message": "", "levelname": "INFO", "name": "Trainer", "asctime": "2026-04-28 20:10:41,190", "type": "train", "epoch": 0, "batch": 2559, "n_batches": 7774, "time": 0.773, "data_time": 0.0, "lr": 0.001, "loss": -22.191, "recon_loss": -22.912, "kld_loss": 36.053, "kld_weight": 0.02}
{"message": "", "levelname": "INFO", "name": "Trainer", "asctime": "2026-04-28 20:10:47,832", "type": "train", "epoch": 0, "batch": 2639, "n_batches": 7774, "time": 0.697, "data_time": 0.0, "lr": 0.001, "loss": -21.65, "recon_loss": -22.471, "kld_loss": 41.042, "kld_weight": 0.02}
{"message": "", "levelname": "INFO", "name": "Trainer", "asctime": "2026-04-28 20:10:54,373", "type": "train", "epoch": 0, "batch": 2719, "n_batches": 7774, "time": 0.774, "data_time": 0.0, "lr": 0.001, "loss": -23.69, "recon_loss": -24.533, "kld_loss": 42.188, "kld_weight": 0.02}
{"message": "", "levelname": "INFO", "name": "Trainer", "asctime": "2026-04-28 20:11:00,301", "type": "train", "epoch": 0, "batch": 2799, "n_batches": 7774, "time": 0.632, "data_time": 0.0, "lr": 0.001, "loss": -19.437, "recon_loss": -20.406, "kld_loss": 48.465, "kld_weight": 0.02}
{"message": "", "levelname": "INFO", "name": "Trainer", "asctime": "2026-04-28 20:11:06,573", "type": "train", "epoch": 0, "batch": 2879, "n_batches": 7774, "time": 0.676, "data_time": 0.0, "lr": 0.001, "loss": -18.026, "recon_loss": -18.825, "kld_loss": 39.952, "kld_weight": 0.02}
{"message": "", "levelname": "INFO", "name": "Trainer", "asctime": "2026-04-28 20:11:13,239", "type": "train", "epoch": 0, "batch": 2959, "n_batches": 7774, "time": 0.656, "data_time": 0.0, "lr": 0.001, "loss": -23.172, "recon_loss": -23.829, "kld_loss": 32.815, "kld_weight": 0.02}
{"message": "", "levelname": "INFO", "name": "Trainer", "asctime": "2026-04-28 20:11:20,154", "type": "train", "epoch": 0, "batch": 3039, "n_batches": 7774, "time": 0.779, "data_time": 0.0, "lr": 0.001, "loss": -13.66, "recon_loss": -14.564, "kld_loss": 45.177, "kld_weight": 0.02}
{"message": "", "levelname": "INFO", "name": "Trainer", "asctime": "2026-04-28 20:11:26,552", "type": "train", "epoch": 0, "batch": 3119, "n_batches": 7774, "time": 0.632, "data_time": 0.0, "lr": 0.001, "loss": -16.365, "recon_loss": -17.408, "kld_loss": 52.156, "kld_weight": 0.02}
{"message": "", "levelname": "INFO", "name": "Trainer", "asctime": "2026-04-28 20:11:32,794", "type": "train", "epoch": 0, "batch": 3199, "n_batches": 7774, "time": 0.588, "data_time": 0.0, "lr": 0.001, "loss": -20.826, "recon_loss": -21.577, "kld_loss": 37.535, "kld_weight": 0.02}
{"message": "", "levelname": "INFO", "name": "Trainer", "asctime": "2026-04-28 20:11:39,549", "type": "train", "epoch": 0, "batch": 3279, "n_batches": 7774, "time": 0.513, "data_time": 0.0, "lr": 0.001, "loss": -21.251, "recon_loss": -21.967, "kld_loss": 35.782, "kld_weight": 0.02}
{"message": "", "levelname": "INFO", "name": "Trainer", "asctime": "2026-04-28 20:11:46,189", "type": "train", "epoch": 0, "batch": 3359, "n_batches": 7774, "time": 0.82, "data_time": 0.0, "lr": 0.001, "loss": -18.827, "recon_loss": -19.708, "kld_loss": 44.084, "kld_weight": 0.02}
{"message": "", "levelname": "INFO", "name": "Trainer", "asctime": "2026-04-28 20:11:52,992", "type": "train", "epoch": 0, "batch": 3439, "n_batches": 7774, "time": 0.808, "data_time": 0.0, "lr": 0.001, "loss": -18.12, "recon_loss": -18.919, "kld_loss": 39.984, "kld_weight": 0.02}
{"message": "", "levelname": "INFO", "name": "Trainer", "asctime": "2026-04-28 20:11:59,075", "type": "train", "epoch": 0, "batch": 3519, "n_batches": 7774, "time": 0.44, "data_time": 0.0, "lr": 0.001, "loss": -23.079, "recon_loss": -23.902, "kld_loss": 41.149, "kld_weight": 0.02}
{"message": "", "levelname": "INFO", "name": "Trainer", "asctime": "2026-04-28 20:12:05,414", "type": "train", "epoch": 0, "batch": 3599, "n_batches": 7774, "time": 0.496, "data_time": 0.0, "lr": 0.001, "loss": -21.574, "recon_loss": -22.304, "kld_loss": 36.526, "kld_weight": 0.02}
{"message": "", "levelname": "INFO", "name": "Trainer", "asctime": "2026-04-28 20:12:11,832", "type": "train", "epoch": 0, "batch": 3679, "n_batches": 7774, "time": 0.594, "data_time": 0.0, "lr": 0.001, "loss": -16.911, "recon_loss": -17.806, "kld_loss": 44.792, "kld_weight": 0.02}
{"message": "", "levelname": "INFO", "name": "Trainer", "asctime": "2026-04-28 20:12:17,829", "type": "train", "epoch": 0, "batch": 3759, "n_batches": 7774, "time": 0.481, "data_time": 0.0, "lr": 0.001, "loss": -17.938, "recon_loss": -19.159, "kld_loss": 61.036, "kld_weight": 0.02}
{"message": "", "levelname": "INFO", "name": "Trainer", "asctime": "2026-04-28 20:12:24,163", "type": "train", "epoch": 0, "batch": 3839, "n_batches": 7774, "time": 0.69, "data_time": 0.0, "lr": 0.001, "loss": -21.196, "recon_loss": -21.891, "kld_loss": 34.781, "kld_weight": 0.02}
{"message": "", "levelname": "INFO", "name": "Trainer", "asctime": "2026-04-28 20:12:30,453", "type": "train", "epoch": 0, "batch": 3919, "n_batches": 7774, "time": 0.659, "data_time": 0.0, "lr": 0.001, "loss": -17.61, "recon_loss": -18.435, "kld_loss": 41.241, "kld_weight": 0.02}
{"message": "", "levelname": "INFO", "name": "Trainer", "asctime": "2026-04-28 20:12:36,234", "type": "train", "epoch": 0, "batch": 3999, "n_batches": 7774, "time": 0.521, "data_time": 0.0, "lr": 0.001, "loss": -19.659, "recon_loss": -20.353, "kld_loss": 34.721, "kld_weight": 0.02}
{"message": "", "levelname": "INFO", "name": "Trainer", "asctime": "2026-04-28 20:12:42,519", "type": "train", "epoch": 0, "batch": 4079, "n_batches": 7774, "time": 0.629, "data_time": 0.0, "lr": 0.001, "loss": -15.233, "recon_loss": -16.003, "kld_loss": 38.519, "kld_weight": 0.02}
{"message": "", "levelname": "INFO", "name": "Trainer", "asctime": "2026-04-28 20:12:48,811", "type": "train", "epoch": 0, "batch": 4159, "n_batches": 7774, "time": 0.573, "data_time": 0.0, "lr": 0.001, "loss": -17.562, "recon_loss": -18.353, "kld_loss": 39.523, "kld_weight": 0.02}
{"message": "", "levelname": "INFO", "name": "Trainer", "asctime": "2026-04-28 20:12:55,014", "type": "train", "epoch": 0, "batch": 4239, "n_batches": 7774, "time": 0.594, "data_time": 0.0, "lr": 0.001, "loss": -23.964, "recon_loss": -24.764, "kld_loss": 39.975, "kld_weight": 0.02}
{"message": "", "levelname": "INFO", "name": "Trainer", "asctime": "2026-04-28 20:13:01,346", "type": "train", "epoch": 0, "batch": 4319, "n_batches": 7774, "time": 0.677, "data_time": 0.0, "lr": 0.001, "loss": -18.599, "recon_loss": -19.542, "kld_loss": 47.141, "kld_weight": 0.02}
{"message": "", "levelname": "INFO", "name": "Trainer", "asctime": "2026-04-28 20:13:07,694", "type": "train", "epoch": 0, "batch": 4399, "n_batches": 7774, "time": 0.7, "data_time": 0.0, "lr": 0.001, "loss": -21.805, "recon_loss": -22.566, "kld_loss": 38.079, "kld_weight": 0.02}
{"message": "", "levelname": "INFO", "name": "Trainer", "asctime": "2026-04-28 20:13:14,677", "type": "train", "epoch": 0, "batch": 4479, "n_batches": 7774, "time": 0.668, "data_time": 0.0, "lr": 0.001, "loss": -20.705, "recon_loss": -21.455, "kld_loss": 37.486, "kld_weight": 0.02}
{"message": "", "levelname": "INFO", "name": "Trainer", "asctime": "2026-04-28 20:13:20,597", "type": "train", "epoch": 0, "batch": 4559, "n_batches": 7774, "time": 0.587, "data_time": 0.0, "lr": 0.001, "loss": -18.895, "recon_loss": -19.868, "kld_loss": 48.621, "kld_weight": 0.02}
{"message": "", "levelname": "INFO", "name": "Trainer", "asctime": "2026-04-28 20:13:26,444", "type": "train", "epoch": 0, "batch": 4639, "n_batches": 7774, "time": 0.445, "data_time": 0.0, "lr": 0.001, "loss": -22.363, "recon_loss": -23.11, "kld_loss": 37.364, "kld_weight": 0.02}
{"message": "", "levelname": "INFO", "name": "Trainer", "asctime": "2026-04-28 20:13:33,659", "type": "train", "epoch": 0, "batch": 4719, "n_batches": 7774, "time": 0.822, "data_time": 0.0, "lr": 0.001, "loss": -22.454, "recon_loss": -23.249, "kld_loss": 39.768, "kld_weight": 0.02}
{"message": "", "levelname": "INFO", "name": "Trainer", "asctime": "2026-04-28 20:13:40,322", "type": "train", "epoch": 0, "batch": 4799, "n_batches": 7774, "time": 0.665, "data_time": 0.0, "lr": 0.001, "loss": -23.209, "recon_loss": -24.099, "kld_loss": 44.49, "kld_weight": 0.02}
{"message": "", "levelname": "INFO", "name": "Trainer", "asctime": "2026-04-28 20:13:46,471", "type": "train", "epoch": 0, "batch": 4879, "n_batches": 7774, "time": 0.653, "data_time": 0.0, "lr": 0.001, "loss": -27.001, "recon_loss": -27.747, "kld_loss": 37.306, "kld_weight": 0.02}
{"message": "", "levelname": "INFO", "name": "Trainer", "asctime": "2026-04-28 20:13:52,717", "type": "train", "epoch": 0, "batch": 4959, "n_batches": 7774, "time": 0.559, "data_time": 0.0, "lr": 0.001, "loss": -22.905, "recon_loss": -23.682, "kld_loss": 38.816, "kld_weight": 0.02}
{"message": "", "levelname": "INFO", "name": "Trainer", "asctime": "2026-04-28 20:13:59,435", "type": "train", "epoch": 0, "batch": 5039, "n_batches": 7774, "time": 0.834, "data_time": 0.0, "lr": 0.001, "loss": -18.994, "recon_loss": -19.709, "kld_loss": 35.768, "kld_weight": 0.02}
{"message": "", "levelname": "INFO", "name": "Trainer", "asctime": "2026-04-28 20:14:06,401", "type": "train", "epoch": 0, "batch": 5119, "n_batches": 7774, "time": 0.807, "data_time": 0.0, "lr": 0.001, "loss": -16.269, "recon_loss": -17.099, "kld_loss": 41.527, "kld_weight": 0.02}
{"message": "", "levelname": "INFO", "name": "Trainer", "asctime": "2026-04-28 20:14:12,699", "type": "train", "epoch": 0, "batch": 5199, "n_batches": 7774, "time": 0.591, "data_time": 0.0, "lr": 0.001, "loss": -20.925, "recon_loss": -21.736, "kld_loss": 40.544, "kld_weight": 0.02}
{"message": "", "levelname": "INFO", "name": "Trainer", "asctime": "2026-04-28 20:14:19,257", "type": "train", "epoch": 0, "batch": 5279, "n_batches": 7774, "time": 0.714, "data_time": 0.0, "lr": 0.001, "loss": -22.317, "recon_loss": -23.129, "kld_loss": 40.582, "kld_weight": 0.02}
{"message": "", "levelname": "INFO", "name": "Trainer", "asctime": "2026-04-28 20:14:26,090", "type": "train", "epoch": 0, "batch": 5359, "n_batches": 7774, "time": 0.681, "data_time": 0.0, "lr": 0.001, "loss": -20.699, "recon_loss": -21.571, "kld_loss": 43.584, "kld_weight": 0.02}
{"message": "", "levelname": "INFO", "name": "Trainer", "asctime": "2026-04-28 20:14:32,641", "type": "train", "epoch": 0, "batch": 5439, "n_batches": 7774, "time": 0.617, "data_time": 0.0, "lr": 0.001, "loss": -18.05, "recon_loss": -18.938, "kld_loss": 44.404, "kld_weight": 0.02}
{"message": "", "levelname": "INFO", "name": "Trainer", "asctime": "2026-04-28 20:14:38,975", "type": "train", "epoch": 0, "batch": 5519, "n_batches": 7774, "time": 0.569, "data_time": 0.0, "lr": 0.001, "loss": -23.775, "recon_loss": -24.485, "kld_loss": 35.506, "kld_weight": 0.02}
{"message": "", "levelname": "INFO", "name": "Trainer", "asctime": "2026-04-28 20:14:45,646", "type": "train", "epoch": 0, "batch": 5599, "n_batches": 7774, "time": 0.657, "data_time": 0.0, "lr": 0.001, "loss": -18.796, "recon_loss": -19.644, "kld_loss": 42.421, "kld_weight": 0.02}
{"message": "", "levelname": "INFO", "name": "Trainer", "asctime": "2026-04-28 20:14:52,108", "type": "train", "epoch": 0, "batch": 5679, "n_batches": 7774, "time": 0.649, "data_time": 0.0, "lr": 0.001, "loss": -21.372, "recon_loss": -22.282, "kld_loss": 45.496, "kld_weight": 0.02}
{"message": "", "levelname": "INFO", "name": "Trainer", "asctime": "2026-04-28 20:14:58,780", "type": "train", "epoch": 0, "batch": 5759, "n_batches": 7774, "time": 0.698, "data_time": 0.0, "lr": 0.001, "loss": -21.541, "recon_loss": -22.326, "kld_loss": 39.238, "kld_weight": 0.02}
{"message": "", "levelname": "INFO", "name": "Trainer", "asctime": "2026-04-28 20:15:05,211", "type": "train", "epoch": 0, "batch": 5839, "n_batches": 7774, "time": 0.603, "data_time": 0.0, "lr": 0.001, "loss": -23.904, "recon_loss": -24.656, "kld_loss": 37.608, "kld_weight": 0.02}
{"message": "", "levelname": "INFO", "name": "Trainer", "asctime": "2026-04-28 20:15:11,591", "type": "train", "epoch": 0, "batch": 5919, "n_batches": 7774, "time": 0.672, "data_time": 0.0, "lr": 0.001, "loss": -22.358, "recon_loss": -23.157, "kld_loss": 39.959, "kld_weight": 0.02}
{"message": "", "levelname": "INFO", "name": "Trainer", "asctime": "2026-04-28 20:15:18,057", "type": "train", "epoch": 0, "batch": 5999, "n_batches": 7774, "time": 0.629, "data_time": 0.0, "lr": 0.001, "loss": -24.603, "recon_loss": -25.392, "kld_loss": 39.446, "kld_weight": 0.02}
{"message": "", "levelname": "INFO", "name": "Trainer", "asctime": "2026-04-28 20:15:24,189", "type": "train", "epoch": 0, "batch": 6079, "n_batches": 7774, "time": 0.571, "data_time": 0.0, "lr": 0.001, "loss": -21.873, "recon_loss": -22.642, "kld_loss": 38.452, "kld_weight": 0.02}
{"message": "", "levelname": "INFO", "name": "Trainer", "asctime": "2026-04-28 20:15:30,620", "type": "train", "epoch": 0, "batch": 6159, "n_batches": 7774, "time": 0.691, "data_time": 0.0, "lr": 0.001, "loss": -22.94, "recon_loss": -23.676, "kld_loss": 36.818, "kld_weight": 0.02}
{"message": "", "levelname": "INFO", "name": "Trainer", "asctime": "2026-04-28 20:15:36,877", "type": "train", "epoch": 0, "batch": 6239, "n_batches": 7774, "time": 0.599, "data_time": 0.0, "lr": 0.001, "loss": -16.392, "recon_loss": -17.272, "kld_loss": 44.004, "kld_weight": 0.02}
{"message": "", "levelname": "INFO", "name": "Trainer", "asctime": "2026-04-28 20:15:43,781", "type": "train", "epoch": 0, "batch": 6319, "n_batches": 7774, "time": 0.608, "data_time": 0.0, "lr": 0.001, "loss": -21.702, "recon_loss": -22.611, "kld_loss": 45.448, "kld_weight": 0.02}
{"message": "", "levelname": "INFO", "name": "Trainer", "asctime": "2026-04-28 20:15:50,333", "type": "train", "epoch": 0, "batch": 6399, "n_batches": 7774, "time": 0.661, "data_time": 0.0, "lr": 0.001, "loss": -24.729, "recon_loss": -25.588, "kld_loss": 42.955, "kld_weight": 0.02}
{"message": "", "levelname": "INFO", "name": "Trainer", "asctime": "2026-04-28 20:15:57,072", "type": "train", "epoch": 0, "batch": 6479, "n_batches": 7774, "time": 0.799, "data_time": 0.0, "lr": 0.001, "loss": -25.772, "recon_loss": -26.427, "kld_loss": 32.762, "kld_weight": 0.02}
{"message": "", "levelname": "INFO", "name": "Trainer", "asctime": "2026-04-28 20:16:03,510", "type": "train", "epoch": 0, "batch": 6559, "n_batches": 7774, "time": 0.627, "data_time": 0.0, "lr": 0.001, "loss": -24.29, "recon_loss": -25.099, "kld_loss": 40.442, "kld_weight": 0.02}
{"message": "", "levelname": "INFO", "name": "Trainer", "asctime": "2026-04-28 20:16:09,516", "type": "train", "epoch": 0, "batch": 6639, "n_batches": 7774, "time": 0.546, "data_time": 0.0, "lr": 0.001, "loss": -26.079, "recon_loss": -26.844, "kld_loss": 38.267, "kld_weight": 0.02}
{"message": "", "levelname": "INFO", "name": "Trainer", "asctime": "2026-04-28 20:16:16,193", "type": "train", "epoch": 0, "batch": 6719, "n_batches": 7774, "time": 0.701, "data_time": 0.0, "lr": 0.001, "loss": -27.12, "recon_loss": -28.017, "kld_loss": 44.846, "kld_weight": 0.02}
{"message": "", "levelname": "INFO", "name": "Trainer", "asctime": "2026-04-28 20:16:23,004", "type": "train", "epoch": 0, "batch": 6799, "n_batches": 7774, "time": 0.68, "data_time": 0.0, "lr": 0.001, "loss": -22.701, "recon_loss": -23.736, "kld_loss": 51.74, "kld_weight": 0.02}
{"message": "", "levelname": "INFO", "name": "Trainer", "asctime": "2026-04-28 20:16:29,459", "type": "train", "epoch": 0, "batch": 6879, "n_batches": 7774, "time": 0.589, "data_time": 0.0, "lr": 0.001, "loss": -22.896, "recon_loss": -23.759, "kld_loss": 43.149, "kld_weight": 0.02}
{"message": "", "levelname": "INFO", "name": "Trainer", "asctime": "2026-04-28 20:16:35,912", "type": "train", "epoch": 0, "batch": 6959, "n_batches": 7774, "time": 0.57, "data_time": 0.0, "lr": 0.001, "loss": -16.774, "recon_loss": -17.542, "kld_loss": 38.404, "kld_weight": 0.02}
{"message": "", "levelname": "INFO", "name": "Trainer", "asctime": "2026-04-28 20:16:42,509", "type": "train", "epoch": 0, "batch": 7039, "n_batches": 7774, "time": 0.731, "data_time": 0.0, "lr": 0.001, "loss": -17.218, "recon_loss": -18.034, "kld_loss": 40.776, "kld_weight": 0.02}
{"message": "", "levelname": "INFO", "name": "Trainer", "asctime": "2026-04-28 20:16:49,009", "type": "train", "epoch": 0, "batch": 7119, "n_batches": 7774, "time": 0.59, "data_time": 0.0, "lr": 0.001, "loss": -13.858, "recon_loss": -14.735, "kld_loss": 43.83, "kld_weight": 0.02}
{"message": "", "levelname": "INFO", "name": "Trainer", "asctime": "2026-04-28 20:16:55,434", "type": "train", "epoch": 0, "batch": 7199, "n_batches": 7774, "time": 0.657, "data_time": 0.0, "lr": 0.001, "loss": -19.357, "recon_loss": -20.113, "kld_loss": 37.813, "kld_weight": 0.02}
{"message": "", "levelname": "INFO", "name": "Trainer", "asctime": "2026-04-28 20:17:02,046", "type": "train", "epoch": 0, "batch": 7279, "n_batches": 7774, "time": 0.633, "data_time": 0.0, "lr": 0.001, "loss": -20.742, "recon_loss": -21.45, "kld_loss": 35.441, "kld_weight": 0.02}
{"message": "", "levelname": "INFO", "name": "Trainer", "asctime": "2026-04-28 20:17:08,266", "type": "train", "epoch": 0, "batch": 7359, "n_batches": 7774, "time": 0.557, "data_time": 0.0, "lr": 0.001, "loss": -26.633, "recon_loss": -27.382, "kld_loss": 37.471, "kld_weight": 0.02}
{"message": "", "levelname": "INFO", "name": "Trainer", "asctime": "2026-04-28 20:17:14,444", "type": "train", "epoch": 0, "batch": 7439, "n_batches": 7774, "time": 0.574, "data_time": 0.0, "lr": 0.001, "loss": -21.096, "recon_loss": -21.925, "kld_loss": 41.434, "kld_weight": 0.02}
{"message": "", "levelname": "INFO", "name": "Trainer", "asctime": "2026-04-28 20:17:20,711", "type": "train", "epoch": 0, "batch": 7519, "n_batches": 7774, "time": 0.501, "data_time": 0.0, "lr": 0.001, "loss": -21.258, "recon_loss": -22.088, "kld_loss": 41.483, "kld_weight": 0.02}
{"message": "", "levelname": "INFO", "name": "Trainer", "asctime": "2026-04-28 20:17:27,554", "type": "train", "epoch": 0, "batch": 7599, "n_batches": 7774, "time": 0.783, "data_time": 0.0, "lr": 0.001, "loss": -19.249, "recon_loss": -20.058, "kld_loss": 40.477, "kld_weight": 0.02}
{"message": "", "levelname": "INFO", "name": "Trainer", "asctime": "2026-04-28 20:17:34,660", "type": "train", "epoch": 0, "batch": 7679, "n_batches": 7774, "time": 0.567, "data_time": 0.0, "lr": 0.001, "loss": -21.36, "recon_loss": -22.327, "kld_loss": 48.358, "kld_weight": 0.02}
{"message": "", "levelname": "INFO", "name": "Trainer", "asctime": "2026-04-28 20:17:40,810", "type": "train", "epoch": 0, "batch": 7759, "n_batches": 7774, "time": 0.444, "data_time": 0.0, "lr": 0.001, "loss": -24.793, "recon_loss": -25.587, "kld_loss": 39.693, "kld_weight": 0.02}
{"message": "", "levelname": "INFO", "name": "Trainer", "asctime": "2026-04-28 20:17:42,004", "type": "train-epoch", "epoch": 1, "loss": -2.31247, "recon_loss": -2.40355, "kld_loss": 4.55414, "kld_weight": 0.02, "time": 628.4}
{"message": "", "levelname": "INFO", "name": "Trainer", "asctime": "2026-04-28 20:19:34,348", "type": "val-epoch", "epoch": 1, "loss": -2.828, "test_loss": 0.313, "recon_loss": -2.928, "kld_loss": 4.982, "kld_weight": 0.02, "note": "loss is teacher-forced CVAE objective; test_loss is prior-only reconstruction", "time": 112.3}
{"message": "", "levelname": "INFO", "name": "Trainer", "asctime": "2026-04-28 20:19:40,654", "type": "train", "epoch": 1, "batch": 79, "n_batches": 7774, "time": 0.637, "data_time": 0.0, "lr": 0.001, "loss": -20.44, "recon_loss": -21.955, "kld_loss": 37.866, "kld_weight": 0.04}
{"message": "", "levelname": "INFO", "name": "Trainer", "asctime": "2026-04-28 20:19:47,265", "type": "train", "epoch": 1, "batch": 159, "n_batches": 7774, "time": 0.573, "data_time": 0.0, "lr": 0.001, "loss": -24.263, "recon_loss": -25.553, "kld_loss": 32.257, "kld_weight": 0.04}
{"message": "", "levelname": "INFO", "name": "Trainer", "asctime": "2026-04-28 20:19:53,743", "type": "train", "epoch": 1, "batch": 239, "n_batches": 7774, "time": 0.615, "data_time": 0.0, "lr": 0.001, "loss": -23.679, "recon_loss": -24.987, "kld_loss": 32.707, "kld_weight": 0.04}
{"message": "", "levelname": "INFO", "name": "Trainer", "asctime": "2026-04-28 20:19:59,660", "type": "train", "epoch": 1, "batch": 319, "n_batches": 7774, "time": 0.459, "data_time": 0.0, "lr": 0.001, "loss": -21.703, "recon_loss": -22.88, "kld_loss": 29.418, "kld_weight": 0.04}
{"message": "", "levelname": "INFO", "name": "Trainer", "asctime": "2026-04-28 20:20:05,928", "type": "train", "epoch": 1, "batch": 399, "n_batches": 7774, "time": 0.576, "data_time": 0.0, "lr": 0.001, "loss": -13.079, "recon_loss": -15.037, "kld_loss": 48.967, "kld_weight": 0.04}
{"message": "", "levelname": "INFO", "name": "Trainer", "asctime": "2026-04-28 20:20:12,565", "type": "train", "epoch": 1, "batch": 479, "n_batches": 7774, "time": 0.67, "data_time": 0.0, "lr": 0.001, "loss": -19.94, "recon_loss": -21.969, "kld_loss": 50.72, "kld_weight": 0.04}
{"message": "", "levelname": "INFO", "name": "Trainer", "asctime": "2026-04-28 20:20:18,309", "type": "train", "epoch": 1, "batch": 559, "n_batches": 7774, "time": 0.649, "data_time": 0.0, "lr": 0.001, "loss": -21.466, "recon_loss": -22.782, "kld_loss": 32.885, "kld_weight": 0.04}
{"message": "", "levelname": "INFO", "name": "Trainer", "asctime": "2026-04-28 20:20:24,724", "type": "train", "epoch": 1, "batch": 639, "n_batches": 7774, "time": 0.588, "data_time": 0.0, "lr": 0.001, "loss": -24.124, "recon_loss": -25.359, "kld_loss": 30.861, "kld_weight": 0.04}
{"message": "", "levelname": "INFO", "name": "Trainer", "asctime": "2026-04-28 20:20:31,090", "type": "train", "epoch": 1, "batch": 719, "n_batches": 7774, "time": 0.734, "data_time": 0.0, "lr": 0.001, "loss": -24.007, "recon_loss": -25.679, "kld_loss": 41.813, "kld_weight": 0.04}
{"message": "", "levelname": "INFO", "name": "Trainer", "asctime": "2026-04-28 20:20:37,673", "type": "train", "epoch": 1, "batch": 799, "n_batches": 7774, "time": 0.595, "data_time": 0.0, "lr": 0.001, "loss": -23.777, "recon_loss": -25.102, "kld_loss": 33.11, "kld_weight": 0.04}
{"message": "", "levelname": "INFO", "name": "Trainer", "asctime": "2026-04-28 20:20:43,781", "type": "train", "epoch": 1, "batch": 879, "n_batches": 7774, "time": 0.663, "data_time": 0.0, "lr": 0.001, "loss": -22.462, "recon_loss": -23.767, "kld_loss": 32.621, "kld_weight": 0.04}
{"message": "", "levelname": "INFO", "name": "Trainer", "asctime": "2026-04-28 20:20:50,334", "type": "train", "epoch": 1, "batch": 959, "n_batches": 7774, "time": 0.672, "data_time": 0.0, "lr": 0.001, "loss": -22.61, "recon_loss": -23.916, "kld_loss": 32.656, "kld_weight": 0.04}
{"message": "", "levelname": "INFO", "name": "Trainer", "asctime": "2026-04-28 20:20:57,059", "type": "train", "epoch": 1, "batch": 1039, "n_batches": 7774, "time": 0.689, "data_time": 0.0, "lr": 0.001, "loss": -21.152, "recon_loss": -22.472, "kld_loss": 32.997, "kld_weight": 0.04}
{"message": "", "levelname": "INFO", "name": "Trainer", "asctime": "2026-04-28 20:21:03,743", "type": "train", "epoch": 1, "batch": 1119, "n_batches": 7774, "time": 0.871, "data_time": 0.0, "lr": 0.001, "loss": -23.443, "recon_loss": -24.747, "kld_loss": 32.598, "kld_weight": 0.04}
{"message": "", "levelname": "INFO", "name": "Trainer", "asctime": "2026-04-28 20:21:09,932", "type": "train", "epoch": 1, "batch": 1199, "n_batches": 7774, "time": 0.537, "data_time": 0.0, "lr": 0.001, "loss": -21.247, "recon_loss": -22.644, "kld_loss": 34.93, "kld_weight": 0.04}
{"message": "", "levelname": "INFO", "name": "Trainer", "asctime": "2026-04-28 20:21:16,064", "type": "train", "epoch": 1, "batch": 1279, "n_batches": 7774, "time": 0.564, "data_time": 0.0, "lr": 0.001, "loss": -20.579, "recon_loss": -21.94, "kld_loss": 34.031, "kld_weight": 0.04}
{"message": "", "levelname": "INFO", "name": "Trainer", "asctime": "2026-04-28 20:21:22,481", "type": "train", "epoch": 1, "batch": 1359, "n_batches": 7774, "time": 0.464, "data_time": 0.0, "lr": 0.001, "loss": -26.027, "recon_loss": -27.389, "kld_loss": 34.06, "kld_weight": 0.04}
{"message": "", "levelname": "INFO", "name": "Trainer", "asctime": "2026-04-28 20:21:28,508", "type": "train", "epoch": 1, "batch": 1439, "n_batches": 7774, "time": 0.626, "data_time": 0.0, "lr": 0.001, "loss": -18.137, "recon_loss": -19.756, "kld_loss": 40.492, "kld_weight": 0.04}
{"message": "", "levelname": "INFO", "name": "Trainer", "asctime": "2026-04-28 20:21:35,319", "type": "train", "epoch": 1, "batch": 1519, "n_batches": 7774, "time": 0.898, "data_time": 0.0, "lr": 0.001, "loss": -17.96, "recon_loss": -19.616, "kld_loss": 41.418, "kld_weight": 0.04}
{"message": "", "levelname": "INFO", "name": "Trainer", "asctime": "2026-04-28 20:21:42,086", "type": "train", "epoch": 1, "batch": 1599, "n_batches": 7774, "time": 0.698, "data_time": 0.0, "lr": 0.001, "loss": -23.232, "recon_loss": -24.696, "kld_loss": 36.613, "kld_weight": 0.04}
{"message": "", "levelname": "INFO", "name": "Trainer", "asctime": "2026-04-28 20:21:48,486", "type": "train", "epoch": 1, "batch": 1679, "n_batches": 7774, "time": 0.621, "data_time": 0.0, "lr": 0.001, "loss": -26.307, "recon_loss": -27.672, "kld_loss": 34.125, "kld_weight": 0.04}
{"message": "", "levelname": "INFO", "name": "Trainer", "asctime": "2026-04-28 20:21:55,343", "type": "train", "epoch": 1, "batch": 1759, "n_batches": 7774, "time": 0.654, "data_time": 0.0, "lr": 0.001, "loss": -20.362, "recon_loss": -21.766, "kld_loss": 35.109, "kld_weight": 0.04}
{"message": "", "levelname": "INFO", "name": "Trainer", "asctime": "2026-04-28 20:22:01,382", "type": "train", "epoch": 1, "batch": 1839, "n_batches": 7774, "time": 0.808, "data_time": 0.0, "lr": 0.001, "loss": -27.032, "recon_loss": -28.456, "kld_loss": 35.618, "kld_weight": 0.04}
{"message": "", "levelname": "INFO", "name": "Trainer", "asctime": "2026-04-28 20:22:08,328", "type": "train", "epoch": 1, "batch": 1919, "n_batches": 7774, "time": 0.737, "data_time": 0.0, "lr": 0.001, "loss": -21.301, "recon_loss": -22.713, "kld_loss": 35.297, "kld_weight": 0.04}
{"message": "", "levelname": "INFO", "name": "Trainer", "asctime": "2026-04-28 20:22:14,812", "type": "train", "epoch": 1, "batch": 1999, "n_batches": 7774, "time": 0.653, "data_time": 0.0, "lr": 0.001, "loss": -25.718, "recon_loss": -27.128, "kld_loss": 35.268, "kld_weight": 0.04}
{"message": "", "levelname": "INFO", "name": "Trainer", "asctime": "2026-04-28 20:22:20,984", "type": "train", "epoch": 1, "batch": 2079, "n_batches": 7774, "time": 0.507, "data_time": 0.0, "lr": 0.001, "loss": -22.404, "recon_loss": -23.939, "kld_loss": 38.361, "kld_weight": 0.04}
{"message": "", "levelname": "INFO", "name": "Trainer", "asctime": "2026-04-28 20:22:27,489", "type": "train", "epoch": 1, "batch": 2159, "n_batches": 7774, "time": 0.594, "data_time": 0.0, "lr": 0.001, "loss": -25.362, "recon_loss": -26.807, "kld_loss": 36.137, "kld_weight": 0.04}
{"message": "", "levelname": "INFO", "name": "Trainer", "asctime": "2026-04-28 20:22:33,896", "type": "train", "epoch": 1, "batch": 2239, "n_batches": 7774, "time": 0.797, "data_time": 0.0, "lr": 0.001, "loss": -24.207, "recon_loss": -25.653, "kld_loss": 36.157, "kld_weight": 0.04}
{"message": "", "levelname": "INFO", "name": "Trainer", "asctime": "2026-04-28 20:22:40,764", "type": "train", "epoch": 1, "batch": 2319, "n_batches": 7774, "time": 0.52, "data_time": 0.0, "lr": 0.001, "loss": -16.373, "recon_loss": -17.94, "kld_loss": 39.187, "kld_weight": 0.04}
{"message": "", "levelname": "INFO", "name": "Trainer", "asctime": "2026-04-28 20:22:47,913", "type": "train", "epoch": 1, "batch": 2399, "n_batches": 7774, "time": 0.794, "data_time": 0.0, "lr": 0.001, "loss": -25.7, "recon_loss": -26.84, "kld_loss": 28.497, "kld_weight": 0.04}
{"message": "", "levelname": "INFO", "name": "Trainer", "asctime": "2026-04-28 20:22:54,206", "type": "train", "epoch": 1, "batch": 2479, "n_batches": 7774, "time": 0.624, "data_time": 0.0, "lr": 0.001, "loss": -20.573, "recon_loss": -22.075, "kld_loss": 37.553, "kld_weight": 0.04}
{"message": "", "levelname": "INFO", "name": "Trainer", "asctime": "2026-04-28 20:23:00,325", "type": "train", "epoch": 1, "batch": 2559, "n_batches": 7774, "time": 0.629, "data_time": 0.0, "lr": 0.001, "loss": -19.338, "recon_loss": -20.759, "kld_loss": 35.518, "kld_weight": 0.04}
{"message": "", "levelname": "INFO", "name": "Trainer", "asctime": "2026-04-28 20:23:07,097", "type": "train", "epoch": 1, "batch": 2639, "n_batches": 7774, "time": 0.666, "data_time": 0.0, "lr": 0.001, "loss": -19.882, "recon_loss": -21.417, "kld_loss": 38.37, "kld_weight": 0.04}
{"message": "", "levelname": "INFO", "name": "Trainer", "asctime": "2026-04-28 20:23:13,471", "type": "train", "epoch": 1, "batch": 2719, "n_batches": 7774, "time": 0.693, "data_time": 0.0, "lr": 0.001, "loss": -22.49, "recon_loss": -23.903, "kld_loss": 35.334, "kld_weight": 0.04}
{"message": "", "levelname": "INFO", "name": "Trainer", "asctime": "2026-04-28 20:23:19,586", "type": "train", "epoch": 1, "batch": 2799, "n_batches": 7774, "time": 0.471, "data_time": 0.0, "lr": 0.001, "loss": -19.865, "recon_loss": -21.235, "kld_loss": 34.252, "kld_weight": 0.04}
{"message": "", "levelname": "INFO", "name": "Trainer", "asctime": "2026-04-28 20:23:26,116", "type": "train", "epoch": 1, "batch": 2879, "n_batches": 7774, "time": 0.543, "data_time": 0.0, "lr": 0.001, "loss": -26.435, "recon_loss": -27.946, "kld_loss": 37.778, "kld_weight": 0.04}
{"message": "", "levelname": "INFO", "name": "Trainer", "asctime": "2026-04-28 20:23:32,823", "type": "train", "epoch": 1, "batch": 2959, "n_batches": 7774, "time": 0.49, "data_time": 0.0, "lr": 0.001, "loss": -17.877, "recon_loss": -19.29, "kld_loss": 35.339, "kld_weight": 0.04}
{"message": "", "levelname": "INFO", "name": "Trainer", "asctime": "2026-04-28 20:23:39,201", "type": "train", "epoch": 1, "batch": 3039, "n_batches": 7774, "time": 0.756, "data_time": 0.0, "lr": 0.001, "loss": -22.085, "recon_loss": -23.548, "kld_loss": 36.579, "kld_weight": 0.04}
{"message": "", "levelname": "INFO", "name": "Trainer", "asctime": "2026-04-28 20:23:45,670", "type": "train", "epoch": 1, "batch": 3119, "n_batches": 7774, "time": 0.544, "data_time": 0.0, "lr": 0.001, "loss": -22.38, "recon_loss": -23.835, "kld_loss": 36.355, "kld_weight": 0.04}
{"message": "", "levelname": "INFO", "name": "Trainer", "asctime": "2026-04-28 20:23:52,643", "type": "train", "epoch": 1, "batch": 3199, "n_batches": 7774, "time": 0.618, "data_time": 0.0, "lr": 0.001, "loss": -19.714, "recon_loss": -21.257, "kld_loss": 38.569, "kld_weight": 0.04}
{"message": "", "levelname": "INFO", "name": "Trainer", "asctime": "2026-04-28 20:23:59,239", "type": "train", "epoch": 1, "batch": 3279, "n_batches": 7774, "time": 0.788, "data_time": 0.0, "lr": 0.001, "loss": -20.756, "recon_loss": -22.42, "kld_loss": 41.586, "kld_weight": 0.04}
{"message": "", "levelname": "INFO", "name": "Trainer", "asctime": "2026-04-28 20:24:05,404", "type": "train", "epoch": 1, "batch": 3359, "n_batches": 7774, "time": 0.736, "data_time": 0.0, "lr": 0.001, "loss": -21.007, "recon_loss": -22.659, "kld_loss": 41.298, "kld_weight": 0.04}
{"message": "", "levelname": "INFO", "name": "Trainer", "asctime": "2026-04-28 20:24:11,909", "type": "train", "epoch": 1, "batch": 3439, "n_batches": 7774, "time": 0.668, "data_time": 0.0, "lr": 0.001, "loss": -26.391, "recon_loss": -27.871, "kld_loss": 36.993, "kld_weight": 0.04}
{"message": "", "levelname": "INFO", "name": "Trainer", "asctime": "2026-04-28 20:24:18,434", "type": "train", "epoch": 1, "batch": 3519, "n_batches": 7774, "time": 0.563, "data_time": 0.0, "lr": 0.001, "loss": -26.865, "recon_loss": -28.248, "kld_loss": 34.571, "kld_weight": 0.04}
{"message": "", "levelname": "INFO", "name": "Trainer", "asctime": "2026-04-28 20:24:24,825", "type": "train", "epoch": 1, "batch": 3599, "n_batches": 7774, "time": 0.709, "data_time": 0.0, "lr": 0.001, "loss": -22.14, "recon_loss": -24.204, "kld_loss": 51.598, "kld_weight": 0.04}
{"message": "", "levelname": "INFO", "name": "Trainer", "asctime": "2026-04-28 20:24:30,949", "type": "train", "epoch": 1, "batch": 3679, "n_batches": 7774, "time": 0.672, "data_time": 0.0, "lr": 0.001, "loss": -25.441, "recon_loss": -26.919, "kld_loss": 36.951, "kld_weight": 0.04}
{"message": "", "levelname": "INFO", "name": "Trainer", "asctime": "2026-04-28 20:24:37,992", "type": "train", "epoch": 1, "batch": 3759, "n_batches": 7774, "time": 0.721, "data_time": 0.0, "lr": 0.001, "loss": -21.499, "recon_loss": -23.16, "kld_loss": 41.531, "kld_weight": 0.04}
{"message": "", "levelname": "INFO", "name": "Trainer", "asctime": "2026-04-28 20:24:43,894", "type": "train", "epoch": 1, "batch": 3839, "n_batches": 7774, "time": 0.701, "data_time": 0.0, "lr": 0.001, "loss": -19.659, "recon_loss": -20.957, "kld_loss": 32.452, "kld_weight": 0.04}
{"message": "", "levelname": "INFO", "name": "Trainer", "asctime": "2026-04-28 20:24:50,042", "type": "train", "epoch": 1, "batch": 3919, "n_batches": 7774, "time": 0.495, "data_time": 0.0, "lr": 0.001, "loss": -21.641, "recon_loss": -22.994, "kld_loss": 33.824, "kld_weight": 0.04}
{"message": "", "levelname": "INFO", "name": "Trainer", "asctime": "2026-04-28 20:24:56,139", "type": "train", "epoch": 1, "batch": 3999, "n_batches": 7774, "time": 0.627, "data_time": 0.0, "lr": 0.001, "loss": -21.812, "recon_loss": -23.5, "kld_loss": 42.186, "kld_weight": 0.04}
{"message": "", "levelname": "INFO", "name": "Trainer", "asctime": "2026-04-28 20:25:02,450", "type": "train", "epoch": 1, "batch": 4079, "n_batches": 7774, "time": 0.539, "data_time": 0.0, "lr": 0.001, "loss": -16.837, "recon_loss": -18.214, "kld_loss": 34.414, "kld_weight": 0.04}
{"message": "", "levelname": "INFO", "name": "Trainer", "asctime": "2026-04-28 20:25:08,935", "type": "train", "epoch": 1, "batch": 4159, "n_batches": 7774, "time": 0.715, "data_time": 0.0, "lr": 0.001, "loss": -25.413, "recon_loss": -26.725, "kld_loss": 32.807, "kld_weight": 0.04}
{"message": "", "levelname": "INFO", "name": "Trainer", "asctime": "2026-04-28 20:25:15,385", "type": "train", "epoch": 1, "batch": 4239, "n_batches": 7774, "time": 0.696, "data_time": 0.0, "lr": 0.001, "loss": -17.594, "recon_loss": -19.448, "kld_loss": 46.353, "kld_weight": 0.04}
{"message": "", "levelname": "INFO", "name": "Trainer", "asctime": "2026-04-28 20:25:21,617", "type": "train", "epoch": 1, "batch": 4319, "n_batches": 7774, "time": 0.525, "data_time": 0.0, "lr": 0.001, "loss": -25.561, "recon_loss": -26.907, "kld_loss": 33.662, "kld_weight": 0.04}
{"message": "", "levelname": "INFO", "name": "Trainer", "asctime": "2026-04-28 20:25:27,806", "type": "train", "epoch": 1, "batch": 4399, "n_batches": 7774, "time": 0.7, "data_time": 0.0, "lr": 0.001, "loss": -18.017, "recon_loss": -19.423, "kld_loss": 35.142, "kld_weight": 0.04}
{"message": "", "levelname": "INFO", "name": "Trainer", "asctime": "2026-04-28 20:25:33,943", "type": "train", "epoch": 1, "batch": 4479, "n_batches": 7774, "time": 0.624, "data_time": 0.0, "lr": 0.001, "loss": -22.034, "recon_loss": -23.431, "kld_loss": 34.914, "kld_weight": 0.04}
{"message": "", "levelname": "INFO", "name": "Trainer", "asctime": "2026-04-28 20:25:40,230", "type": "train", "epoch": 1, "batch": 4559, "n_batches": 7774, "time": 0.638, "data_time": 0.0, "lr": 0.001, "loss": -21.972, "recon_loss": -23.242, "kld_loss": 31.732, "kld_weight": 0.04}
{"message": "", "levelname": "INFO", "name": "Trainer", "asctime": "2026-04-28 20:25:46,381", "type": "train", "epoch": 1, "batch": 4639, "n_batches": 7774, "time": 0.478, "data_time": 0.0, "lr": 0.001, "loss": -23.023, "recon_loss": -24.379, "kld_loss": 33.897, "kld_weight": 0.04}
{"message": "", "levelname": "INFO", "name": "Trainer", "asctime": "2026-04-28 20:25:53,375", "type": "train", "epoch": 1, "batch": 4719, "n_batches": 7774, "time": 0.743, "data_time": 0.0, "lr": 0.001, "loss": -22.616, "recon_loss": -24.196, "kld_loss": 39.5, "kld_weight": 0.04}
{"message": "", "levelname": "INFO", "name": "Trainer", "asctime": "2026-04-28 20:25:59,592", "type": "train", "epoch": 1, "batch": 4799, "n_batches": 7774, "time": 0.53, "data_time": 0.0, "lr": 0.001, "loss": -22.565, "recon_loss": -24.072, "kld_loss": 37.67, "kld_weight": 0.04}
{"message": "", "levelname": "INFO", "name": "Trainer", "asctime": "2026-04-28 20:26:06,035", "type": "train", "epoch": 1, "batch": 4879, "n_batches": 7774, "time": 0.447, "data_time": 0.0, "lr": 0.001, "loss": -17.537, "recon_loss": -19.385, "kld_loss": 46.189, "kld_weight": 0.04}
{"message": "", "levelname": "INFO", "name": "Trainer", "asctime": "2026-04-28 20:26:12,642", "type": "train", "epoch": 1, "batch": 4959, "n_batches": 7774, "time": 0.656, "data_time": 0.0, "lr": 0.001, "loss": -21.876, "recon_loss": -23.23, "kld_loss": 33.848, "kld_weight": 0.04}
{"message": "", "levelname": "INFO", "name": "Trainer", "asctime": "2026-04-28 20:26:19,270", "type": "train", "epoch": 1, "batch": 5039, "n_batches": 7774, "time": 0.636, "data_time": 0.0, "lr": 0.001, "loss": -22.394, "recon_loss": -24.014, "kld_loss": 40.518, "kld_weight": 0.04}
{"message": "", "levelname": "INFO", "name": "Trainer", "asctime": "2026-04-28 20:26:26,236", "type": "train", "epoch": 1, "batch": 5119, "n_batches": 7774, "time": 0.642, "data_time": 0.0, "lr": 0.001, "loss": -21.739, "recon_loss": -23.454, "kld_loss": 42.855, "kld_weight": 0.04}
{"message": "", "levelname": "INFO", "name": "Trainer", "asctime": "2026-04-28 20:26:32,818", "type": "train", "epoch": 1, "batch": 5199, "n_batches": 7774, "time": 0.58, "data_time": 0.0, "lr": 0.001, "loss": -17.297, "recon_loss": -18.653, "kld_loss": 33.895, "kld_weight": 0.04}
{"message": "", "levelname": "INFO", "name": "Trainer", "asctime": "2026-04-28 20:26:39,048", "type": "train", "epoch": 1, "batch": 5279, "n_batches": 7774, "time": 0.473, "data_time": 0.0, "lr": 0.001, "loss": -25.387, "recon_loss": -26.759, "kld_loss": 34.283, "kld_weight": 0.04}
{"message": "", "levelname": "INFO", "name": "Trainer", "asctime": "2026-04-28 20:26:44,891", "type": "train", "epoch": 1, "batch": 5359, "n_batches": 7774, "time": 0.688, "data_time": 0.0, "lr": 0.001, "loss": -17.806, "recon_loss": -19.164, "kld_loss": 33.933, "kld_weight": 0.04}
{"message": "", "levelname": "INFO", "name": "Trainer", "asctime": "2026-04-28 20:26:50,629", "type": "train", "epoch": 1, "batch": 5439, "n_batches": 7774, "time": 0.497, "data_time": 0.0, "lr": 0.001, "loss": -23.825, "recon_loss": -25.298, "kld_loss": 36.802, "kld_weight": 0.04}
{"message": "", "levelname": "INFO", "name": "Trainer", "asctime": "2026-04-28 20:26:56,971", "type": "train", "epoch": 1, "batch": 5519, "n_batches": 7774, "time": 0.658, "data_time": 0.0, "lr": 0.001, "loss": -23.902, "recon_loss": -25.353, "kld_loss": 36.287, "kld_weight": 0.04}
{"message": "", "levelname": "INFO", "name": "Trainer", "asctime": "2026-04-28 20:27:03,205", "type": "train", "epoch": 1, "batch": 5599, "n_batches": 7774, "time": 0.531, "data_time": 0.0, "lr": 0.001, "loss": -24.016, "recon_loss": -25.374, "kld_loss": 33.927, "kld_weight": 0.04}
{"message": "", "levelname": "INFO", "name": "Trainer", "asctime": "2026-04-28 20:27:09,182", "type": "train", "epoch": 1, "batch": 5679, "n_batches": 7774, "time": 0.589, "data_time": 0.0, "lr": 0.001, "loss": -20.137, "recon_loss": -21.655, "kld_loss": 37.957, "kld_weight": 0.04}
{"message": "", "levelname": "INFO", "name": "Trainer", "asctime": "2026-04-28 20:27:16,320", "type": "train", "epoch": 1, "batch": 5759, "n_batches": 7774, "time": 0.697, "data_time": 0.0, "lr": 0.001, "loss": -19.166, "recon_loss": -21.268, "kld_loss": 52.543, "kld_weight": 0.04}
{"message": "", "levelname": "INFO", "name": "Trainer", "asctime": "2026-04-28 20:27:22,564", "type": "train", "epoch": 1, "batch": 5839, "n_batches": 7774, "time": 0.531, "data_time": 0.0, "lr": 0.001, "loss": -24.796, "recon_loss": -26.182, "kld_loss": 34.65, "kld_weight": 0.04}
{"message": "", "levelname": "INFO", "name": "Trainer", "asctime": "2026-04-28 20:27:29,130", "type": "train", "epoch": 1, "batch": 5919, "n_batches": 7774, "time": 0.8, "data_time": 0.0, "lr": 0.001, "loss": -24.009, "recon_loss": -25.514, "kld_loss": 37.615, "kld_weight": 0.04}
{"message": "", "levelname": "INFO", "name": "Trainer", "asctime": "2026-04-28 20:27:35,834", "type": "train", "epoch": 1, "batch": 5999, "n_batches": 7774, "time": 0.588, "data_time": 0.0, "lr": 0.001, "loss": -26.069, "recon_loss": -27.505, "kld_loss": 35.884, "kld_weight": 0.04}
{"message": "", "levelname": "INFO", "name": "Trainer", "asctime": "2026-04-28 20:27:42,440", "type": "train", "epoch": 1, "batch": 6079, "n_batches": 7774, "time": 0.635, "data_time": 0.0, "lr": 0.001, "loss": -19.963, "recon_loss": -21.897, "kld_loss": 48.347, "kld_weight": 0.04}
{"message": "", "levelname": "INFO", "name": "Trainer", "asctime": "2026-04-28 20:27:49,286", "type": "train", "epoch": 1, "batch": 6159, "n_batches": 7774, "time": 0.833, "data_time": 0.0, "lr": 0.001, "loss": -22.193, "recon_loss": -23.749, "kld_loss": 38.899, "kld_weight": 0.04}
{"message": "", "levelname": "INFO", "name": "Trainer", "asctime": "2026-04-28 20:27:55,868", "type": "train", "epoch": 1, "batch": 6239, "n_batches": 7774, "time": 0.54, "data_time": 0.0, "lr": 0.001, "loss": -21.583, "recon_loss": -22.972, "kld_loss": 34.723, "kld_weight": 0.04}
{"message": "", "levelname": "INFO", "name": "Trainer", "asctime": "2026-04-28 20:28:02,880", "type": "train", "epoch": 1, "batch": 6319, "n_batches": 7774, "time": 0.758, "data_time": 0.0, "lr": 0.001, "loss": -20.886, "recon_loss": -22.452, "kld_loss": 39.166, "kld_weight": 0.04}
{"message": "", "levelname": "INFO", "name": "Trainer", "asctime": "2026-04-28 20:28:09,157", "type": "train", "epoch": 1, "batch": 6399, "n_batches": 7774, "time": 0.673, "data_time": 0.0, "lr": 0.001, "loss": -22.958, "recon_loss": -24.301, "kld_loss": 33.569, "kld_weight": 0.04}
{"message": "", "levelname": "INFO", "name": "Trainer", "asctime": "2026-04-28 20:28:15,910", "type": "train", "epoch": 1, "batch": 6479, "n_batches": 7774, "time": 0.775, "data_time": 0.0, "lr": 0.001, "loss": -18.737, "recon_loss": -20.194, "kld_loss": 36.421, "kld_weight": 0.04}
{"message": "", "levelname": "INFO", "name": "Trainer", "asctime": "2026-04-28 20:28:22,884", "type": "train", "epoch": 1, "batch": 6559, "n_batches": 7774, "time": 0.526, "data_time": 0.0, "lr": 0.001, "loss": -25.891, "recon_loss": -27.389, "kld_loss": 37.444, "kld_weight": 0.04}
{"message": "", "levelname": "INFO", "name": "Trainer", "asctime": "2026-04-28 20:28:29,294", "type": "train", "epoch": 1, "batch": 6639, "n_batches": 7774, "time": 0.489, "data_time": 0.0, "lr": 0.001, "loss": -21.594, "recon_loss": -23.007, "kld_loss": 35.323, "kld_weight": 0.04}
{"message": "", "levelname": "INFO", "name": "Trainer", "asctime": "2026-04-28 20:28:35,593", "type": "train", "epoch": 1, "batch": 6719, "n_batches": 7774, "time": 0.591, "data_time": 0.0, "lr": 0.001, "loss": -23.94, "recon_loss": -25.598, "kld_loss": 41.443, "kld_weight": 0.04}
{"message": "", "levelname": "INFO", "name": "Trainer", "asctime": "2026-04-28 20:28:41,919", "type": "train", "epoch": 1, "batch": 6799, "n_batches": 7774, "time": 0.782, "data_time": 0.0, "lr": 0.001, "loss": -18.316, "recon_loss": -20.004, "kld_loss": 42.205, "kld_weight": 0.04}
{"message": "", "levelname": "INFO", "name": "Trainer", "asctime": "2026-04-28 20:28:48,721", "type": "train", "epoch": 1, "batch": 6879, "n_batches": 7774, "time": 0.558, "data_time": 0.0, "lr": 0.001, "loss": -25.169, "recon_loss": -26.533, "kld_loss": 34.085, "kld_weight": 0.04}
{"message": "", "levelname": "INFO", "name": "Trainer", "asctime": "2026-04-28 20:28:55,054", "type": "train", "epoch": 1, "batch": 6959, "n_batches": 7774, "time": 0.579, "data_time": 0.0, "lr": 0.001, "loss": -18.498, "recon_loss": -20.002, "kld_loss": 37.596, "kld_weight": 0.04}
{"message": "", "levelname": "INFO", "name": "Trainer", "asctime": "2026-04-28 20:29:02,253", "type": "train", "epoch": 1, "batch": 7039, "n_batches": 7774, "time": 0.715, "data_time": 0.0, "lr": 0.001, "loss": -21.598, "recon_loss": -23.229, "kld_loss": 40.778, "kld_weight": 0.04}
{"message": "", "levelname": "INFO", "name": "Trainer", "asctime": "2026-04-28 20:29:09,376", "type": "train", "epoch": 1, "batch": 7119, "n_batches": 7774, "time": 0.799, "data_time": 0.0, "lr": 0.001, "loss": -14.704, "recon_loss": -16.352, "kld_loss": 41.197, "kld_weight": 0.04}
{"message": "", "levelname": "INFO", "name": "Trainer", "asctime": "2026-04-28 20:29:16,105", "type": "train", "epoch": 1, "batch": 7199, "n_batches": 7774, "time": 0.879, "data_time": 0.0, "lr": 0.001, "loss": -18.159, "recon_loss": -19.555, "kld_loss": 34.903, "kld_weight": 0.04}
{"message": "", "levelname": "INFO", "name": "Trainer", "asctime": "2026-04-28 20:29:22,836", "type": "train", "epoch": 1, "batch": 7279, "n_batches": 7774, "time": 0.803, "data_time": 0.0, "lr": 0.001, "loss": -22.87, "recon_loss": -24.368, "kld_loss": 37.466, "kld_weight": 0.04}
{"message": "", "levelname": "INFO", "name": "Trainer", "asctime": "2026-04-28 20:29:29,545", "type": "train", "epoch": 1, "batch": 7359, "n_batches": 7774, "time": 0.693, "data_time": 0.0, "lr": 0.001, "loss": -22.89, "recon_loss": -24.459, "kld_loss": 39.226, "kld_weight": 0.04}
{"message": "", "levelname": "INFO", "name": "Trainer", "asctime": "2026-04-28 20:29:36,844", "type": "train", "epoch": 1, "batch": 7439, "n_batches": 7774, "time": 0.715, "data_time": 0.0, "lr": 0.001, "loss": -25.033, "recon_loss": -26.533, "kld_loss": 37.484, "kld_weight": 0.04}
{"message": "", "levelname": "INFO", "name": "Trainer", "asctime": "2026-04-28 20:29:42,755", "type": "train", "epoch": 1, "batch": 7519, "n_batches": 7774, "time": 0.584, "data_time": 0.0, "lr": 0.001, "loss": -25.031, "recon_loss": -26.597, "kld_loss": 39.168, "kld_weight": 0.04}
{"message": "", "levelname": "INFO", "name": "Trainer", "asctime": "2026-04-28 20:29:49,360", "type": "train", "epoch": 1, "batch": 7599, "n_batches": 7774, "time": 0.671, "data_time": 0.0, "lr": 0.001, "loss": -22.39, "recon_loss": -23.806, "kld_loss": 35.398, "kld_weight": 0.04}
{"message": "", "levelname": "INFO", "name": "Trainer", "asctime": "2026-04-28 20:29:55,986", "type": "train", "epoch": 1, "batch": 7679, "n_batches": 7774, "time": 0.788, "data_time": 0.0, "lr": 0.001, "loss": -21.34, "recon_loss": -22.868, "kld_loss": 38.202, "kld_weight": 0.04}
{"message": "", "levelname": "INFO", "name": "Trainer", "asctime": "2026-04-28 20:30:02,902", "type": "train", "epoch": 1, "batch": 7759, "n_batches": 7774, "time": 0.693, "data_time": 0.0, "lr": 0.001, "loss": -19.061, "recon_loss": -20.581, "kld_loss": 38.018, "kld_weight": 0.04}
{"message": "", "levelname": "INFO", "name": "Trainer", "asctime": "2026-04-28 20:30:04,271", "type": "train-epoch", "epoch": 2, "loss": -2.70857, "recon_loss": -2.89655, "kld_loss": 4.69943, "kld_weight": 0.04, "time": 629.9}
{"message": "", "levelname": "INFO", "name": "Trainer", "asctime": "2026-04-28 20:31:56,687", "type": "val-epoch", "epoch": 2, "loss": -2.899, "test_loss": 0.142, "recon_loss": -3.086, "kld_loss": 4.684, "kld_weight": 0.04, "note": "loss is teacher-forced CVAE objective; test_loss is prior-only reconstruction", "time": 112.4}
{"message": "", "levelname": "INFO", "name": "Trainer", "asctime": "2026-04-28 20:32:03,210", "type": "train", "epoch": 2, "batch": 79, "n_batches": 7774, "time": 0.62, "data_time": 0.0, "lr": 0.001, "loss": -23.38, "recon_loss": -25.373, "kld_loss": 33.226, "kld_weight": 0.06}
{"message": "", "levelname": "INFO", "name": "Trainer", "asctime": "2026-04-28 20:32:09,674", "type": "train", "epoch": 2, "batch": 159, "n_batches": 7774, "time": 0.714, "data_time": 0.0, "lr": 0.001, "loss": -21.216, "recon_loss": -23.241, "kld_loss": 33.754, "kld_weight": 0.06}
{"message": "", "levelname": "INFO", "name": "Trainer", "asctime": "2026-04-28 20:32:16,288", "type": "train", "epoch": 2, "batch": 239, "n_batches": 7774, "time": 0.715, "data_time": 0.0, "lr": 0.001, "loss": -20.332, "recon_loss": -22.299, "kld_loss": 32.78, "kld_weight": 0.06}
{"message": "", "levelname": "INFO", "name": "Trainer", "asctime": "2026-04-28 20:32:22,398", "type": "train", "epoch": 2, "batch": 319, "n_batches": 7774, "time": 0.63, "data_time": 0.0, "lr": 0.001, "loss": -19.503, "recon_loss": -21.664, "kld_loss": 36.021, "kld_weight": 0.06}
{"message": "", "levelname": "INFO", "name": "Trainer", "asctime": "2026-04-28 20:32:28,885", "type": "train", "epoch": 2, "batch": 399, "n_batches": 7774, "time": 0.468, "data_time": 0.0, "lr": 0.001, "loss": -25.106, "recon_loss": -27.369, "kld_loss": 37.715, "kld_weight": 0.06}
{"message": "", "levelname": "INFO", "name": "Trainer", "asctime": "2026-04-28 20:32:35,609", "type": "train", "epoch": 2, "batch": 479, "n_batches": 7774, "time": 0.591, "data_time": 0.0, "lr": 0.001, "loss": -22.804, "recon_loss": -25.212, "kld_loss": 40.143, "kld_weight": 0.06}
{"message": "", "levelname": "INFO", "name": "Trainer", "asctime": "2026-04-28 20:32:42,463", "type": "train", "epoch": 2, "batch": 559, "n_batches": 7774, "time": 0.689, "data_time": 0.0, "lr": 0.001, "loss": -17.746, "recon_loss": -19.593, "kld_loss": 30.789, "kld_weight": 0.06}
{"message": "", "levelname": "INFO", "name": "Trainer", "asctime": "2026-04-28 20:32:49,445", "type": "train", "epoch": 2, "batch": 639, "n_batches": 7774, "time": 0.594, "data_time": 0.0, "lr": 0.001, "loss": -16.448, "recon_loss": -19.584, "kld_loss": 52.266, "kld_weight": 0.06}
{"message": "", "levelname": "INFO", "name": "Trainer", "asctime": "2026-04-28 20:32:56,237", "type": "train", "epoch": 2, "batch": 719, "n_batches": 7774, "time": 0.575, "data_time": 0.0, "lr": 0.001, "loss": -22.725, "recon_loss": -24.689, "kld_loss": 32.746, "kld_weight": 0.06}
{"message": "", "levelname": "INFO", "name": "Trainer", "asctime": "2026-04-28 20:33:02,855", "type": "train", "epoch": 2, "batch": 799, "n_batches": 7774, "time": 0.646, "data_time": 0.0, "lr": 0.001, "loss": -25.759, "recon_loss": -27.699, "kld_loss": 32.328, "kld_weight": 0.06}
{"message": "", "levelname": "INFO", "name": "Trainer", "asctime": "2026-04-28 20:33:09,432", "type": "train", "epoch": 2, "batch": 879, "n_batches": 7774, "time": 0.557, "data_time": 0.0, "lr": 0.001, "loss": -18.624, "recon_loss": -20.708, "kld_loss": 34.747, "kld_weight": 0.06}
{"message": "", "levelname": "INFO", "name": "Trainer", "asctime": "2026-04-28 20:33:15,698", "type": "train", "epoch": 2, "batch": 959, "n_batches": 7774, "time": 0.632, "data_time": 0.0, "lr": 0.001, "loss": -18.551, "recon_loss": -20.652, "kld_loss": 35.016, "kld_weight": 0.06}
{"message": "", "levelname": "INFO", "name": "Trainer", "asctime": "2026-04-28 20:33:22,156", "type": "train", "epoch": 2, "batch": 1039, "n_batches": 7774, "time": 0.744, "data_time": 0.0, "lr": 0.001, "loss": -21.287, "recon_loss": -23.37, "kld_loss": 34.711, "kld_weight": 0.06}
{"message": "", "levelname": "INFO", "name": "Trainer", "asctime": "2026-04-28 20:33:28,278", "type": "train", "epoch": 2, "batch": 1119, "n_batches": 7774, "time": 0.426, "data_time": 0.0, "lr": 0.001, "loss": -23.09, "recon_loss": -25.161, "kld_loss": 34.516, "kld_weight": 0.06}
{"message": "", "levelname": "INFO", "name": "Trainer", "asctime": "2026-04-28 20:33:34,910", "type": "train", "epoch": 2, "batch": 1199, "n_batches": 7774, "time": 0.617, "data_time": 0.0, "lr": 0.001, "loss": -24.735, "recon_loss": -27.277, "kld_loss": 42.367, "kld_weight": 0.06}
{"message": "", "levelname": "INFO", "name": "Trainer", "asctime": "2026-04-28 20:33:41,876", "type": "train", "epoch": 2, "batch": 1279, "n_batches": 7774, "time": 0.68, "data_time": 0.0, "lr": 0.001, "loss": -13.004, "recon_loss": -15.061, "kld_loss": 34.273, "kld_weight": 0.06}
{"message": "", "levelname": "INFO", "name": "Trainer", "asctime": "2026-04-28 20:33:49,070", "type": "train", "epoch": 2, "batch": 1359, "n_batches": 7774, "time": 0.821, "data_time": 0.0, "lr": 0.001, "loss": -21.229, "recon_loss": -23.211, "kld_loss": 33.041, "kld_weight": 0.06}
{"message": "", "levelname": "INFO", "name": "Trainer", "asctime": "2026-04-28 20:33:55,176", "type": "train", "epoch": 2, "batch": 1439, "n_batches": 7774, "time": 0.679, "data_time": 0.0, "lr": 0.001, "loss": -18.137, "recon_loss": -20.31, "kld_loss": 36.216, "kld_weight": 0.06}
{"message": "", "levelname": "INFO", "name": "Trainer", "asctime": "2026-04-28 20:34:01,772", "type": "train", "epoch": 2, "batch": 1519, "n_batches": 7774, "time": 0.718, "data_time": 0.0, "lr": 0.001, "loss": -19.093, "recon_loss": -21.401, "kld_loss": 38.471, "kld_weight": 0.06}
{"message": "", "levelname": "INFO", "name": "Trainer", "asctime": "2026-04-28 20:34:07,766", "type": "train", "epoch": 2, "batch": 1599, "n_batches": 7774, "time": 0.593, "data_time": 0.0, "lr": 0.001, "loss": -19.712, "recon_loss": -21.597, "kld_loss": 31.427, "kld_weight": 0.06}
{"message": "", "levelname": "INFO", "name": "Trainer", "asctime": "2026-04-28 20:34:14,346", "type": "train", "epoch": 2, "batch": 1679, "n_batches": 7774, "time": 0.672, "data_time": 0.0, "lr": 0.001, "loss": -18.653, "recon_loss": -20.873, "kld_loss": 37.0, "kld_weight": 0.06}
{"message": "", "levelname": "INFO", "name": "Trainer", "asctime": "2026-04-28 20:34:21,066", "type": "train", "epoch": 2, "batch": 1759, "n_batches": 7774, "time": 0.572, "data_time": 0.0, "lr": 0.001, "loss": -22.169, "recon_loss": -24.415, "kld_loss": 37.439, "kld_weight": 0.06}
{"message": "", "levelname": "INFO", "name": "Trainer", "asctime": "2026-04-28 20:34:28,360", "type": "train", "epoch": 2, "batch": 1839, "n_batches": 7774, "time": 0.586, "data_time": 0.0, "lr": 0.001, "loss": -23.787, "recon_loss": -26.333, "kld_loss": 42.435, "kld_weight": 0.06}
{"message": "", "levelname": "INFO", "name": "Trainer", "asctime": "2026-04-28 20:34:34,467", "type": "train", "epoch": 2, "batch": 1919, "n_batches": 7774, "time": 0.642, "data_time": 0.0, "lr": 0.001, "loss": -24.388, "recon_loss": -26.205, "kld_loss": 30.293, "kld_weight": 0.06}
{"message": "", "levelname": "INFO", "name": "Trainer", "asctime": "2026-04-28 20:34:40,911", "type": "train", "epoch": 2, "batch": 1999, "n_batches": 7774, "time": 0.677, "data_time": 0.0, "lr": 0.001, "loss": -20.718, "recon_loss": -23.018, "kld_loss": 38.339, "kld_weight": 0.06}
{"message": "", "levelname": "INFO", "name": "Trainer", "asctime": "2026-04-28 20:34:47,684", "type": "train", "epoch": 2, "batch": 2079, "n_batches": 7774, "time": 0.639, "data_time": 0.0, "lr": 0.001, "loss": -26.509, "recon_loss": -28.587, "kld_loss": 34.627, "kld_weight": 0.06}
{"message": "", "levelname": "INFO", "name": "Trainer", "asctime": "2026-04-28 20:34:54,204", "type": "train", "epoch": 2, "batch": 2159, "n_batches": 7774, "time": 0.634, "data_time": 0.0, "lr": 0.001, "loss": -25.765, "recon_loss": -27.798, "kld_loss": 33.892, "kld_weight": 0.06}
{"message": "", "levelname": "INFO", "name": "Trainer", "asctime": "2026-04-28 20:35:01,452", "type": "train", "epoch": 2, "batch": 2239, "n_batches": 7774, "time": 0.721, "data_time": 0.0, "lr": 0.001, "loss": -15.025, "recon_loss": -17.242, "kld_loss": 36.952, "kld_weight": 0.06}
{"message": "", "levelname": "INFO", "name": "Trainer", "asctime": "2026-04-28 20:35:08,172", "type": "train", "epoch": 2, "batch": 2319, "n_batches": 7774, "time": 0.702, "data_time": 0.0, "lr": 0.001, "loss": -15.982, "recon_loss": -18.591, "kld_loss": 43.493, "kld_weight": 0.06}
{"message": "", "levelname": "INFO", "name": "Trainer", "asctime": "2026-04-28 20:35:14,345", "type": "train", "epoch": 2, "batch": 2399, "n_batches": 7774, "time": 0.797, "data_time": 0.0, "lr": 0.001, "loss": -20.269, "recon_loss": -22.193, "kld_loss": 32.069, "kld_weight": 0.06}
{"message": "", "levelname": "INFO", "name": "Trainer", "asctime": "2026-04-28 20:35:20,875", "type": "train", "epoch": 2, "batch": 2479, "n_batches": 7774, "time": 0.681, "data_time": 0.0, "lr": 0.001, "loss": -23.629, "recon_loss": -25.702, "kld_loss": 34.543, "kld_weight": 0.06}
{"message": "", "levelname": "INFO", "name": "Trainer", "asctime": "2026-04-28 20:35:26,943", "type": "train", "epoch": 2, "batch": 2559, "n_batches": 7774, "time": 0.61, "data_time": 0.0, "lr": 0.001, "loss": -17.768, "recon_loss": -20.043, "kld_loss": 37.925, "kld_weight": 0.06}
{"message": "", "levelname": "INFO", "name": "Trainer", "asctime": "2026-04-28 20:35:33,351", "type": "train", "epoch": 2, "batch": 2639, "n_batches": 7774, "time": 0.548, "data_time": 0.0, "lr": 0.001, "loss": -19.789, "recon_loss": -21.716, "kld_loss": 32.115, "kld_weight": 0.06}
{"message": "", "levelname": "INFO", "name": "Trainer", "asctime": "2026-04-28 20:35:39,326", "type": "train", "epoch": 2, "batch": 2719, "n_batches": 7774, "time": 0.637, "data_time": 0.0, "lr": 0.001, "loss": -24.171, "recon_loss": -26.107, "kld_loss": 32.266, "kld_weight": 0.06}
{"message": "", "levelname": "INFO", "name": "Trainer", "asctime": "2026-04-28 20:35:45,824", "type": "train", "epoch": 2, "batch": 2799, "n_batches": 7774, "time": 0.858, "data_time": 0.0, "lr": 0.001, "loss": -19.545, "recon_loss": -21.582, "kld_loss": 33.942, "kld_weight": 0.06}
{"message": "", "levelname": "INFO", "name": "Trainer", "asctime": "2026-04-28 20:35:52,882", "type": "train", "epoch": 2, "batch": 2879, "n_batches": 7774, "time": 0.667, "data_time": 0.0, "lr": 0.001, "loss": -21.565, "recon_loss": -23.402, "kld_loss": 30.62, "kld_weight": 0.06}
{"message": "", "levelname": "INFO", "name": "Trainer", "asctime": "2026-04-28 20:36:00,023", "type": "train", "epoch": 2, "batch": 2959, "n_batches": 7774, "time": 0.783, "data_time": 0.0, "lr": 0.001, "loss": -21.36, "recon_loss": -23.587, "kld_loss": 37.127, "kld_weight": 0.06}
{"message": "", "levelname": "INFO", "name": "Trainer", "asctime": "2026-04-28 20:36:06,485", "type": "train", "epoch": 2, "batch": 3039, "n_batches": 7774, "time": 0.62, "data_time": 0.0, "lr": 0.001, "loss": -20.16, "recon_loss": -22.303, "kld_loss": 35.712, "kld_weight": 0.06}
{"message": "", "levelname": "INFO", "name": "Trainer", "asctime": "2026-04-28 20:36:12,842", "type": "train", "epoch": 2, "batch": 3119, "n_batches": 7774, "time": 0.727, "data_time": 0.0, "lr": 0.001, "loss": -19.876, "recon_loss": -22.668, "kld_loss": 46.544, "kld_weight": 0.06}
{"message": "", "levelname": "INFO", "name": "Trainer", "asctime": "2026-04-28 20:36:19,728", "type": "train", "epoch": 2, "batch": 3199, "n_batches": 7774, "time": 0.831, "data_time": 0.0, "lr": 0.001, "loss": -19.26, "recon_loss": -21.599, "kld_loss": 38.982, "kld_weight": 0.06}
{"message": "", "levelname": "INFO", "name": "Trainer", "asctime": "2026-04-28 20:36:25,985", "type": "train", "epoch": 2, "batch": 3279, "n_batches": 7774, "time": 0.691, "data_time": 0.0, "lr": 0.001, "loss": -19.68, "recon_loss": -21.654, "kld_loss": 32.897, "kld_weight": 0.06}
{"message": "", "levelname": "INFO", "name": "Trainer", "asctime": "2026-04-28 20:36:32,339", "type": "train", "epoch": 2, "batch": 3359, "n_batches": 7774, "time": 0.586, "data_time": 0.0, "lr": 0.001, "loss": -22.926, "recon_loss": -25.448, "kld_loss": 42.028, "kld_weight": 0.06}
{"message": "", "levelname": "INFO", "name": "Trainer", "asctime": "2026-04-28 20:36:38,804", "type": "train", "epoch": 2, "batch": 3439, "n_batches": 7774, "time": 0.612, "data_time": 0.0, "lr": 0.001, "loss": -16.455, "recon_loss": -18.678, "kld_loss": 37.059, "kld_weight": 0.06}
{"message": "", "levelname": "INFO", "name": "Trainer", "asctime": "2026-04-28 20:36:45,359", "type": "train", "epoch": 2, "batch": 3519, "n_batches": 7774, "time": 0.681, "data_time": 0.0, "lr": 0.001, "loss": -15.721, "recon_loss": -17.751, "kld_loss": 33.845, "kld_weight": 0.06}
{"message": "", "levelname": "INFO", "name": "Trainer", "asctime": "2026-04-28 20:36:52,100", "type": "train", "epoch": 2, "batch": 3599, "n_batches": 7774, "time": 0.772, "data_time": 0.0, "lr": 0.001, "loss": -22.82, "recon_loss": -24.717, "kld_loss": 31.623, "kld_weight": 0.06}
{"message": "", "levelname": "INFO", "name": "Trainer", "asctime": "2026-04-28 20:36:58,324", "type": "train", "epoch": 2, "batch": 3679, "n_batches": 7774, "time": 0.54, "data_time": 0.0, "lr": 0.001, "loss": -17.622, "recon_loss": -19.459, "kld_loss": 30.615, "kld_weight": 0.06}
{"message": "", "levelname": "INFO", "name": "Trainer", "asctime": "2026-04-28 20:37:04,986", "type": "train", "epoch": 2, "batch": 3759, "n_batches": 7774, "time": 0.591, "data_time": 0.0, "lr": 0.001, "loss": -21.988, "recon_loss": -24.205, "kld_loss": 36.952, "kld_weight": 0.06}
{"message": "", "levelname": "INFO", "name": "Trainer", "asctime": "2026-04-28 20:37:11,588", "type": "train", "epoch": 2, "batch": 3839, "n_batches": 7774, "time": 0.497, "data_time": 0.0, "lr": 0.001, "loss": -22.631, "recon_loss": -25.058, "kld_loss": 40.452, "kld_weight": 0.06}
{"message": "", "levelname": "INFO", "name": "Trainer", "asctime": "2026-04-28 20:37:17,567", "type": "train", "epoch": 2, "batch": 3919, "n_batches": 7774, "time": 0.509, "data_time": 0.0, "lr": 0.001, "loss": -22.578, "recon_loss": -24.827, "kld_loss": 37.467, "kld_weight": 0.06}
{"message": "", "levelname": "INFO", "name": "Trainer", "asctime": "2026-04-28 20:37:23,849", "type": "train", "epoch": 2, "batch": 3999, "n_batches": 7774, "time": 0.495, "data_time": 0.0, "lr": 0.001, "loss": -22.15, "recon_loss": -24.273, "kld_loss": 35.383, "kld_weight": 0.06}
{"message": "", "levelname": "INFO", "name": "Trainer", "asctime": "2026-04-28 20:37:30,823", "type": "train", "epoch": 2, "batch": 4079, "n_batches": 7774, "time": 0.693, "data_time": 0.0, "lr": 0.001, "loss": -20.448, "recon_loss": -22.924, "kld_loss": 41.255, "kld_weight": 0.06}
{"message": "", "levelname": "INFO", "name": "Trainer", "asctime": "2026-04-28 20:37:37,685", "type": "train", "epoch": 2, "batch": 4159, "n_batches": 7774, "time": 0.64, "data_time": 0.0, "lr": 0.001, "loss": -21.347, "recon_loss": -23.441, "kld_loss": 34.9, "kld_weight": 0.06}
{"message": "", "levelname": "INFO", "name": "Trainer", "asctime": "2026-04-28 20:37:43,781", "type": "train", "epoch": 2, "batch": 4239, "n_batches": 7774, "time": 0.564, "data_time": 0.0, "lr": 0.001, "loss": -16.215, "recon_loss": -18.538, "kld_loss": 38.712, "kld_weight": 0.06}
{"message": "", "levelname": "INFO", "name": "Trainer", "asctime": "2026-04-28 20:37:50,356", "type": "train", "epoch": 2, "batch": 4319, "n_batches": 7774, "time": 0.588, "data_time": 0.0, "lr": 0.001, "loss": -14.738, "recon_loss": -17.097, "kld_loss": 39.31, "kld_weight": 0.06}
{"message": "", "levelname": "INFO", "name": "Trainer", "asctime": "2026-04-28 20:37:56,771", "type": "train", "epoch": 2, "batch": 4399, "n_batches": 7774, "time": 0.594, "data_time": 0.0, "lr": 0.001, "loss": -16.35, "recon_loss": -18.523, "kld_loss": 36.225, "kld_weight": 0.06}
{"message": "", "levelname": "INFO", "name": "Trainer", "asctime": "2026-04-28 20:38:02,861", "type": "train", "epoch": 2, "batch": 4479, "n_batches": 7774, "time": 0.6, "data_time": 0.0, "lr": 0.001, "loss": -24.688, "recon_loss": -26.589, "kld_loss": 31.695, "kld_weight": 0.06}
{"message": "", "levelname": "INFO", "name": "Trainer", "asctime": "2026-04-28 20:38:09,368", "type": "train", "epoch": 2, "batch": 4559, "n_batches": 7774, "time": 0.783, "data_time": 0.0, "lr": 0.001, "loss": -27.414, "recon_loss": -29.408, "kld_loss": 33.22, "kld_weight": 0.06}
{"message": "", "levelname": "INFO", "name": "Trainer", "asctime": "2026-04-28 20:38:16,119", "type": "train", "epoch": 2, "batch": 4639, "n_batches": 7774, "time": 0.519, "data_time": 0.0, "lr": 0.001, "loss": -25.035, "recon_loss": -27.471, "kld_loss": 40.6, "kld_weight": 0.06}
{"message": "", "levelname": "INFO", "name": "Trainer", "asctime": "2026-04-28 20:38:22,950", "type": "train", "epoch": 2, "batch": 4719, "n_batches": 7774, "time": 0.644, "data_time": 0.0, "lr": 0.001, "loss": -23.615, "recon_loss": -25.41, "kld_loss": 29.929, "kld_weight": 0.06}
{"message": "", "levelname": "INFO", "name": "Trainer", "asctime": "2026-04-28 20:38:29,646", "type": "train", "epoch": 2, "batch": 4799, "n_batches": 7774, "time": 0.6, "data_time": 0.0, "lr": 0.001, "loss": -20.726, "recon_loss": -22.834, "kld_loss": 35.14, "kld_weight": 0.06}
{"message": "", "levelname": "INFO", "name": "Trainer", "asctime": "2026-04-28 20:38:36,001", "type": "train", "epoch": 2, "batch": 4879, "n_batches": 7774, "time": 0.617, "data_time": 0.0, "lr": 0.001, "loss": -24.738, "recon_loss": -26.677, "kld_loss": 32.315, "kld_weight": 0.06}
{"message": "", "levelname": "INFO", "name": "Trainer", "asctime": "2026-04-28 20:38:42,353", "type": "train", "epoch": 2, "batch": 4959, "n_batches": 7774, "time": 0.565, "data_time": 0.0, "lr": 0.001, "loss": -26.982, "recon_loss": -29.488, "kld_loss": 41.776, "kld_weight": 0.06}
{"message": "", "levelname": "INFO", "name": "Trainer", "asctime": "2026-04-28 20:38:48,587", "type": "train", "epoch": 2, "batch": 5039, "n_batches": 7774, "time": 0.523, "data_time": 0.0, "lr": 0.001, "loss": -24.61, "recon_loss": -26.814, "kld_loss": 36.734, "kld_weight": 0.06}
{"message": "", "levelname": "INFO", "name": "Trainer", "asctime": "2026-04-28 20:38:55,484", "type": "train", "epoch": 2, "batch": 5119, "n_batches": 7774, "time": 0.665, "data_time": 0.0, "lr": 0.001, "loss": -27.809, "recon_loss": -30.369, "kld_loss": 42.664, "kld_weight": 0.06}
{"message": "", "levelname": "INFO", "name": "Trainer", "asctime": "2026-04-28 20:39:01,871", "type": "train", "epoch": 2, "batch": 5199, "n_batches": 7774, "time": 0.479, "data_time": 0.0, "lr": 0.001, "loss": -27.178, "recon_loss": -29.462, "kld_loss": 38.057, "kld_weight": 0.06}
{"message": "", "levelname": "INFO", "name": "Trainer", "asctime": "2026-04-28 20:39:08,048", "type": "train", "epoch": 2, "batch": 5279, "n_batches": 7774, "time": 0.642, "data_time": 0.0, "lr": 0.001, "loss": -24.492, "recon_loss": -26.761, "kld_loss": 37.823, "kld_weight": 0.06}
{"message": "", "levelname": "INFO", "name": "Trainer", "asctime": "2026-04-28 20:39:14,764", "type": "train", "epoch": 2, "batch": 5359, "n_batches": 7774, "time": 0.543, "data_time": 0.0, "lr": 0.001, "loss": -25.136, "recon_loss": -27.415, "kld_loss": 37.985, "kld_weight": 0.06}
{"message": "", "levelname": "INFO", "name": "Trainer", "asctime": "2026-04-28 20:39:21,207", "type": "train", "epoch": 2, "batch": 5439, "n_batches": 7774, "time": 0.699, "data_time": 0.0, "lr": 0.001, "loss": -18.24, "recon_loss": -20.608, "kld_loss": 39.481, "kld_weight": 0.06}
{"message": "", "levelname": "INFO", "name": "Trainer", "asctime": "2026-04-28 20:39:28,296", "type": "train", "epoch": 2, "batch": 5519, "n_batches": 7774, "time": 0.787, "data_time": 0.0, "lr": 0.001, "loss": -25.568, "recon_loss": -27.691, "kld_loss": 35.388, "kld_weight": 0.06}
{"message": "", "levelname": "INFO", "name": "Trainer", "asctime": "2026-04-28 20:39:34,612", "type": "train", "epoch": 2, "batch": 5599, "n_batches": 7774, "time": 0.626, "data_time": 0.0, "lr": 0.001, "loss": -21.94, "recon_loss": -24.073, "kld_loss": 35.545, "kld_weight": 0.06}
{"message": "", "levelname": "INFO", "name": "Trainer", "asctime": "2026-04-28 20:39:40,928", "type": "train", "epoch": 2, "batch": 5679, "n_batches": 7774, "time": 0.517, "data_time": 0.0, "lr": 0.001, "loss": -20.781, "recon_loss": -22.917, "kld_loss": 35.607, "kld_weight": 0.06}
{"message": "", "levelname": "INFO", "name": "Trainer", "asctime": "2026-04-28 20:39:46,881", "type": "train", "epoch": 2, "batch": 5759, "n_batches": 7774, "time": 0.701, "data_time": 0.0, "lr": 0.001, "loss": -21.433, "recon_loss": -23.354, "kld_loss": 32.006, "kld_weight": 0.06}
{"message": "", "levelname": "INFO", "name": "Trainer", "asctime": "2026-04-28 20:39:53,307", "type": "train", "epoch": 2, "batch": 5839, "n_batches": 7774, "time": 0.577, "data_time": 0.0, "lr": 0.001, "loss": -20.804, "recon_loss": -22.911, "kld_loss": 35.125, "kld_weight": 0.06}
{"message": "", "levelname": "INFO", "name": "Trainer", "asctime": "2026-04-28 20:39:59,888", "type": "train", "epoch": 2, "batch": 5919, "n_batches": 7774, "time": 0.409, "data_time": 0.0, "lr": 0.001, "loss": -22.031, "recon_loss": -23.89, "kld_loss": 30.983, "kld_weight": 0.06}
{"message": "", "levelname": "INFO", "name": "Trainer", "asctime": "2026-04-28 20:40:07,107", "type": "train", "epoch": 2, "batch": 5999, "n_batches": 7774, "time": 0.807, "data_time": 0.0, "lr": 0.001, "loss": -20.061, "recon_loss": -22.071, "kld_loss": 33.49, "kld_weight": 0.06}
{"message": "", "levelname": "INFO", "name": "Trainer", "asctime": "2026-04-28 20:40:13,776", "type": "train", "epoch": 2, "batch": 6079, "n_batches": 7774, "time": 0.721, "data_time": 0.0, "lr": 0.001, "loss": -24.64, "recon_loss": -26.578, "kld_loss": 32.305, "kld_weight": 0.06}
{"message": "", "levelname": "INFO", "name": "Trainer", "asctime": "2026-04-28 20:40:20,629", "type": "train", "epoch": 2, "batch": 6159, "n_batches": 7774, "time": 0.69, "data_time": 0.0, "lr": 0.001, "loss": -19.519, "recon_loss": -21.556, "kld_loss": 33.959, "kld_weight": 0.06}
{"message": "", "levelname": "INFO", "name": "Trainer", "asctime": "2026-04-28 20:40:26,953", "type": "train", "epoch": 2, "batch": 6239, "n_batches": 7774, "time": 0.574, "data_time": 0.0, "lr": 0.001, "loss": -19.488, "recon_loss": -21.53, "kld_loss": 34.042, "kld_weight": 0.06}
{"message": "", "levelname": "INFO", "name": "Trainer", "asctime": "2026-04-28 20:40:33,798", "type": "train", "epoch": 2, "batch": 6319, "n_batches": 7774, "time": 0.714, "data_time": 0.0, "lr": 0.001, "loss": -17.703, "recon_loss": -20.011, "kld_loss": 38.463, "kld_weight": 0.06}
{"message": "", "levelname": "INFO", "name": "Trainer", "asctime": "2026-04-28 20:40:40,019", "type": "train", "epoch": 2, "batch": 6399, "n_batches": 7774, "time": 0.688, "data_time": 0.0, "lr": 0.001, "loss": -12.482, "recon_loss": -14.312, "kld_loss": 30.502, "kld_weight": 0.06}
{"message": "", "levelname": "INFO", "name": "Trainer", "asctime": "2026-04-28 20:40:46,090", "type": "train", "epoch": 2, "batch": 6479, "n_batches": 7774, "time": 0.675, "data_time": 0.0, "lr": 0.001, "loss": -24.602, "recon_loss": -26.657, "kld_loss": 34.242, "kld_weight": 0.06}
{"message": "", "levelname": "INFO", "name": "Trainer", "asctime": "2026-04-28 20:40:52,296", "type": "train", "epoch": 2, "batch": 6559, "n_batches": 7774, "time": 0.509, "data_time": 0.0, "lr": 0.001, "loss": -18.113, "recon_loss": -20.176, "kld_loss": 34.371, "kld_weight": 0.06}
{"message": "", "levelname": "INFO", "name": "Trainer", "asctime": "2026-04-28 20:40:58,977", "type": "train", "epoch": 2, "batch": 6639, "n_batches": 7774, "time": 0.54, "data_time": 0.0, "lr": 0.001, "loss": -25.054, "recon_loss": -26.976, "kld_loss": 32.039, "kld_weight": 0.06}
{"message": "", "levelname": "INFO", "name": "Trainer", "asctime": "2026-04-28 20:41:05,270", "type": "train", "epoch": 2, "batch": 6719, "n_batches": 7774, "time": 0.557, "data_time": 0.0, "lr": 0.001, "loss": -21.836, "recon_loss": -23.663, "kld_loss": 30.443, "kld_weight": 0.06}
{"message": "", "levelname": "INFO", "name": "Trainer", "asctime": "2026-04-28 20:41:11,934", "type": "train", "epoch": 2, "batch": 6799, "n_batches": 7774, "time": 0.796, "data_time": 0.0, "lr": 0.001, "loss": -19.333, "recon_loss": -21.187, "kld_loss": 30.892, "kld_weight": 0.06}
{"message": "", "levelname": "INFO", "name": "Trainer", "asctime": "2026-04-28 20:41:18,696", "type": "train", "epoch": 2, "batch": 6879, "n_batches": 7774, "time": 0.78, "data_time": 0.0, "lr": 0.001, "loss": -25.368, "recon_loss": -27.383, "kld_loss": 33.593, "kld_weight": 0.06}
{"message": "", "levelname": "INFO", "name": "Trainer", "asctime": "2026-04-28 20:41:25,290", "type": "train", "epoch": 2, "batch": 6959, "n_batches": 7774, "time": 0.744, "data_time": 0.0, "lr": 0.001, "loss": -23.973, "recon_loss": -26.316, "kld_loss": 39.057, "kld_weight": 0.06}
{"message": "", "levelname": "INFO", "name": "Trainer", "asctime": "2026-04-28 20:41:32,071", "type": "train", "epoch": 2, "batch": 7039, "n_batches": 7774, "time": 0.674, "data_time": 0.0, "lr": 0.001, "loss": -21.429, "recon_loss": -23.678, "kld_loss": 37.476, "kld_weight": 0.06}
{"message": "", "levelname": "INFO", "name": "Trainer", "asctime": "2026-04-28 20:41:39,161", "type": "train", "epoch": 2, "batch": 7119, "n_batches": 7774, "time": 0.78, "data_time": 0.0, "lr": 0.001, "loss": -21.391, "recon_loss": -23.934, "kld_loss": 42.378, "kld_weight": 0.06}
{"message": "", "levelname": "INFO", "name": "Trainer", "asctime": "2026-04-28 20:41:45,068", "type": "train", "epoch": 2, "batch": 7199, "n_batches": 7774, "time": 0.626, "data_time": 0.0, "lr": 0.001, "loss": -20.533, "recon_loss": -22.827, "kld_loss": 38.235, "kld_weight": 0.06}
{"message": "", "levelname": "INFO", "name": "Trainer", "asctime": "2026-04-28 20:41:51,272", "type": "train", "epoch": 2, "batch": 7279, "n_batches": 7774, "time": 0.629, "data_time": 0.0, "lr": 0.001, "loss": -20.045, "recon_loss": -22.269, "kld_loss": 37.077, "kld_weight": 0.06}
{"message": "", "levelname": "INFO", "name": "Trainer", "asctime": "2026-04-28 20:41:58,152", "type": "train", "epoch": 2, "batch": 7359, "n_batches": 7774, "time": 0.795, "data_time": 0.0, "lr": 0.001, "loss": -14.546, "recon_loss": -16.632, "kld_loss": 34.771, "kld_weight": 0.06}
{"message": "", "levelname": "INFO", "name": "Trainer", "asctime": "2026-04-28 20:42:04,764", "type": "train", "epoch": 2, "batch": 7439, "n_batches": 7774, "time": 0.639, "data_time": 0.0, "lr": 0.001, "loss": -21.723, "recon_loss": -24.465, "kld_loss": 45.701, "kld_weight": 0.06}
{"message": "", "levelname": "INFO", "name": "Trainer", "asctime": "2026-04-28 20:42:11,215", "type": "train", "epoch": 2, "batch": 7519, "n_batches": 7774, "time": 0.704, "data_time": 0.0, "lr": 0.001, "loss": -18.716, "recon_loss": -22.067, "kld_loss": 55.846, "kld_weight": 0.06}
{"message": "", "levelname": "INFO", "name": "Trainer", "asctime": "2026-04-28 20:42:17,378", "type": "train", "epoch": 2, "batch": 7599, "n_batches": 7774, "time": 0.644, "data_time": 0.0, "lr": 0.001, "loss": -16.969, "recon_loss": -19.269, "kld_loss": 38.331, "kld_weight": 0.06}
{"message": "", "levelname": "INFO", "name": "Trainer", "asctime": "2026-04-28 20:42:23,583", "type": "train", "epoch": 2, "batch": 7679, "n_batches": 7774, "time": 0.588, "data_time": 0.0, "lr": 0.001, "loss": -23.798, "recon_loss": -26.04, "kld_loss": 37.366, "kld_weight": 0.06}
{"message": "", "levelname": "INFO", "name": "Trainer", "asctime": "2026-04-28 20:42:30,113", "type": "train", "epoch": 2, "batch": 7759, "n_batches": 7774, "time": 0.491, "data_time": 0.0, "lr": 0.001, "loss": -22.804, "recon_loss": -24.903, "kld_loss": 34.996, "kld_weight": 0.06}
{"message": "", "levelname": "INFO", "name": "Trainer", "asctime": "2026-04-28 20:42:31,300", "type": "train-epoch", "epoch": 3, "loss": -2.67125, "recon_loss": -2.94332, "kld_loss": 4.53449, "kld_weight": 0.06, "time": 634.6}
{"message": "", "levelname": "INFO", "name": "Trainer", "asctime": "2026-04-28 20:44:24,410", "type": "val-epoch", "epoch": 3, "loss": -2.877, "test_loss": 0.283, "recon_loss": -3.148, "kld_loss": 4.524, "kld_weight": 0.06, "note": "loss is teacher-forced CVAE objective; test_loss is prior-only reconstruction", "time": 113.1}
{"message": "", "levelname": "INFO", "name": "Trainer", "asctime": "2026-04-28 20:44:31,088", "type": "train", "epoch": 3, "batch": 79, "n_batches": 7774, "time": 0.662, "data_time": 0.0, "lr": 0.001, "loss": -26.652, "recon_loss": -29.201, "kld_loss": 31.865, "kld_weight": 0.08}
{"message": "", "levelname": "INFO", "name": "Trainer", "asctime": "2026-04-28 20:44:37,947", "type": "train", "epoch": 3, "batch": 159, "n_batches": 7774, "time": 0.648, "data_time": 0.0, "lr": 0.001, "loss": -19.806, "recon_loss": -23.015, "kld_loss": 40.119, "kld_weight": 0.08}
{"message": "", "levelname": "INFO", "name": "Trainer", "asctime": "2026-04-28 20:44:44,588", "type": "train", "epoch": 3, "batch": 239, "n_batches": 7774, "time": 0.697, "data_time": 0.0, "lr": 0.001, "loss": -19.758, "recon_loss": -23.16, "kld_loss": 42.52, "kld_weight": 0.08}
{"message": "", "levelname": "INFO", "name": "Trainer", "asctime": "2026-04-28 20:44:50,903", "type": "train", "epoch": 3, "batch": 319, "n_batches": 7774, "time": 0.629, "data_time": 0.0, "lr": 0.001, "loss": -22.557, "recon_loss": -25.543, "kld_loss": 37.33, "kld_weight": 0.08}
{"message": "", "levelname": "INFO", "name": "Trainer", "asctime": "2026-04-28 20:44:56,885", "type": "train", "epoch": 3, "batch": 399, "n_batches": 7774, "time": 0.684, "data_time": 0.0, "lr": 0.001, "loss": -21.373, "recon_loss": -24.074, "kld_loss": 33.759, "kld_weight": 0.08}
{"message": "", "levelname": "INFO", "name": "Trainer", "asctime": "2026-04-28 20:45:03,457", "type": "train", "epoch": 3, "batch": 479, "n_batches": 7774, "time": 0.672, "data_time": 0.0, "lr": 0.001, "loss": -21.332, "recon_loss": -24.132, "kld_loss": 35.006, "kld_weight": 0.08}
{"message": "", "levelname": "INFO", "name": "Trainer", "asctime": "2026-04-28 20:45:10,496", "type": "train", "epoch": 3, "batch": 559, "n_batches": 7774, "time": 0.819, "data_time": 0.0, "lr": 0.001, "loss": -21.284, "recon_loss": -23.755, "kld_loss": 30.891, "kld_weight": 0.08}
{"message": "", "levelname": "INFO", "name": "Trainer", "asctime": "2026-04-28 20:45:16,481", "type": "train", "epoch": 3, "batch": 639, "n_batches": 7774, "time": 0.655, "data_time": 0.0, "lr": 0.001, "loss": -23.204, "recon_loss": -25.697, "kld_loss": 31.163, "kld_weight": 0.08}
{"message": "", "levelname": "INFO", "name": "Trainer", "asctime": "2026-04-28 20:45:23,329", "type": "train", "epoch": 3, "batch": 719, "n_batches": 7774, "time": 0.541, "data_time": 0.0, "lr": 0.001, "loss": -22.684, "recon_loss": -25.536, "kld_loss": 35.642, "kld_weight": 0.08}
{"message": "", "levelname": "INFO", "name": "Trainer", "asctime": "2026-04-28 20:45:30,213", "type": "train", "epoch": 3, "batch": 799, "n_batches": 7774, "time": 0.645, "data_time": 0.0, "lr": 0.001, "loss": -22.584, "recon_loss": -25.186, "kld_loss": 32.525, "kld_weight": 0.08}
{"message": "", "levelname": "INFO", "name": "Trainer", "asctime": "2026-04-28 20:45:37,054", "type": "train", "epoch": 3, "batch": 879, "n_batches": 7774, "time": 0.655, "data_time": 0.0, "lr": 0.001, "loss": -19.015, "recon_loss": -22.557, "kld_loss": 44.276, "kld_weight": 0.08}
{"message": "", "levelname": "INFO", "name": "Trainer", "asctime": "2026-04-28 20:45:42,938", "type": "train", "epoch": 3, "batch": 959, "n_batches": 7774, "time": 0.684, "data_time": 0.0, "lr": 0.001, "loss": -19.969, "recon_loss": -22.869, "kld_loss": 36.244, "kld_weight": 0.08}
{"message": "", "levelname": "INFO", "name": "Trainer", "asctime": "2026-04-28 20:45:49,478", "type": "train", "epoch": 3, "batch": 1039, "n_batches": 7774, "time": 0.663, "data_time": 0.0, "lr": 0.001, "loss": -9.864, "recon_loss": -12.796, "kld_loss": 36.653, "kld_weight": 0.08}
{"message": "", "levelname": "INFO", "name": "Trainer", "asctime": "2026-04-28 20:45:55,801", "type": "train", "epoch": 3, "batch": 1119, "n_batches": 7774, "time": 0.64, "data_time": 0.0, "lr": 0.001, "loss": -21.562, "recon_loss": -25.231, "kld_loss": 45.855, "kld_weight": 0.08}
{"message": "", "levelname": "INFO", "name": "Trainer", "asctime": "2026-04-28 20:46:02,031", "type": "train", "epoch": 3, "batch": 1199, "n_batches": 7774, "time": 0.518, "data_time": 0.0, "lr": 0.001, "loss": -20.762, "recon_loss": -24.024, "kld_loss": 40.767, "kld_weight": 0.08}
{"message": "", "levelname": "INFO", "name": "Trainer", "asctime": "2026-04-28 20:46:08,471", "type": "train", "epoch": 3, "batch": 1279, "n_batches": 7774, "time": 0.635, "data_time": 0.0, "lr": 0.001, "loss": -22.927, "recon_loss": -25.771, "kld_loss": 35.547, "kld_weight": 0.08}
{"message": "", "levelname": "INFO", "name": "Trainer", "asctime": "2026-04-28 20:46:15,096", "type": "train", "epoch": 3, "batch": 1359, "n_batches": 7774, "time": 0.68, "data_time": 0.0, "lr": 0.001, "loss": -20.467, "recon_loss": -23.396, "kld_loss": 36.615, "kld_weight": 0.08}
{"message": "", "levelname": "INFO", "name": "Trainer", "asctime": "2026-04-28 20:46:21,658", "type": "train", "epoch": 3, "batch": 1439, "n_batches": 7774, "time": 0.763, "data_time": 0.0, "lr": 0.001, "loss": -22.646, "recon_loss": -25.606, "kld_loss": 37.007, "kld_weight": 0.08}
{"message": "", "levelname": "INFO", "name": "Trainer", "asctime": "2026-04-28 20:46:28,554", "type": "train", "epoch": 3, "batch": 1519, "n_batches": 7774, "time": 0.654, "data_time": 0.0, "lr": 0.001, "loss": -17.852, "recon_loss": -21.399, "kld_loss": 44.337, "kld_weight": 0.08}
{"message": "", "levelname": "INFO", "name": "Trainer", "asctime": "2026-04-28 20:46:34,871", "type": "train", "epoch": 3, "batch": 1599, "n_batches": 7774, "time": 0.665, "data_time": 0.0, "lr": 0.001, "loss": -27.408, "recon_loss": -30.094, "kld_loss": 33.566, "kld_weight": 0.08}
{"message": "", "levelname": "INFO", "name": "Trainer", "asctime": "2026-04-28 20:46:41,530", "type": "train", "epoch": 3, "batch": 1679, "n_batches": 7774, "time": 0.647, "data_time": 0.0, "lr": 0.001, "loss": -16.755, "recon_loss": -19.546, "kld_loss": 34.886, "kld_weight": 0.08}
{"message": "", "levelname": "INFO", "name": "Trainer", "asctime": "2026-04-28 20:46:48,304", "type": "train", "epoch": 3, "batch": 1759, "n_batches": 7774, "time": 0.472, "data_time": 0.0, "lr": 0.001, "loss": -24.104, "recon_loss": -26.546, "kld_loss": 30.519, "kld_weight": 0.08}
{"message": "", "levelname": "INFO", "name": "Trainer", "asctime": "2026-04-28 20:46:54,392", "type": "train", "epoch": 3, "batch": 1839, "n_batches": 7774, "time": 0.66, "data_time": 0.0, "lr": 0.001, "loss": -26.201, "recon_loss": -28.953, "kld_loss": 34.396, "kld_weight": 0.08}
{"message": "", "levelname": "INFO", "name": "Trainer", "asctime": "2026-04-28 20:47:01,302", "type": "train", "epoch": 3, "batch": 1919, "n_batches": 7774, "time": 0.835, "data_time": 0.0, "lr": 0.001, "loss": -20.107, "recon_loss": -22.755, "kld_loss": 33.095, "kld_weight": 0.08}
{"message": "", "levelname": "INFO", "name": "Trainer", "asctime": "2026-04-28 20:47:07,961", "type": "train", "epoch": 3, "batch": 1999, "n_batches": 7774, "time": 0.633, "data_time": 0.0, "lr": 0.001, "loss": -27.684, "recon_loss": -30.408, "kld_loss": 34.051, "kld_weight": 0.08}
{"message": "", "levelname": "INFO", "name": "Trainer", "asctime": "2026-04-28 20:47:14,358", "type": "train", "epoch": 3, "batch": 2079, "n_batches": 7774, "time": 0.696, "data_time": 0.0, "lr": 0.001, "loss": -21.923, "recon_loss": -24.863, "kld_loss": 36.752, "kld_weight": 0.08}
{"message": "", "levelname": "INFO", "name": "Trainer", "asctime": "2026-04-28 20:47:21,098", "type": "train", "epoch": 3, "batch": 2159, "n_batches": 7774, "time": 0.653, "data_time": 0.0, "lr": 0.001, "loss": -23.328, "recon_loss": -25.698, "kld_loss": 29.623, "kld_weight": 0.08}
{"message": "", "levelname": "INFO", "name": "Trainer", "asctime": "2026-04-28 20:47:27,309", "type": "train", "epoch": 3, "batch": 2239, "n_batches": 7774, "time": 0.693, "data_time": 0.0, "lr": 0.001, "loss": -20.625, "recon_loss": -23.323, "kld_loss": 33.717, "kld_weight": 0.08}
{"message": "", "levelname": "INFO", "name": "Trainer", "asctime": "2026-04-28 20:47:34,236", "type": "train", "epoch": 3, "batch": 2319, "n_batches": 7774, "time": 0.885, "data_time": 0.0, "lr": 0.001, "loss": -22.744, "recon_loss": -25.685, "kld_loss": 36.772, "kld_weight": 0.08}
{"message": "", "levelname": "INFO", "name": "Trainer", "asctime": "2026-04-28 20:47:40,425", "type": "train", "epoch": 3, "batch": 2399, "n_batches": 7774, "time": 0.651, "data_time": 0.0, "lr": 0.001, "loss": -20.208, "recon_loss": -22.718, "kld_loss": 31.381, "kld_weight": 0.08}
{"message": "", "levelname": "INFO", "name": "Trainer", "asctime": "2026-04-28 20:47:46,820", "type": "train", "epoch": 3, "batch": 2479, "n_batches": 7774, "time": 0.43, "data_time": 0.0, "lr": 0.001, "loss": -16.408, "recon_loss": -19.364, "kld_loss": 36.95, "kld_weight": 0.08}
{"message": "", "levelname": "INFO", "name": "Trainer", "asctime": "2026-04-28 20:47:53,843", "type": "train", "epoch": 3, "batch": 2559, "n_batches": 7774, "time": 0.511, "data_time": 0.0, "lr": 0.001, "loss": -22.437, "recon_loss": -25.202, "kld_loss": 34.558, "kld_weight": 0.08}
{"message": "", "levelname": "INFO", "name": "Trainer", "asctime": "2026-04-28 20:48:00,608", "type": "train", "epoch": 3, "batch": 2639, "n_batches": 7774, "time": 0.612, "data_time": 0.0, "lr": 0.001, "loss": -23.627, "recon_loss": -26.788, "kld_loss": 39.513, "kld_weight": 0.08}
{"message": "", "levelname": "INFO", "name": "Trainer", "asctime": "2026-04-28 20:48:06,611", "type": "train", "epoch": 3, "batch": 2719, "n_batches": 7774, "time": 0.445, "data_time": 0.0, "lr": 0.001, "loss": -23.894, "recon_loss": -26.767, "kld_loss": 35.91, "kld_weight": 0.08}
{"message": "", "levelname": "INFO", "name": "Trainer", "asctime": "2026-04-28 20:48:13,034", "type": "train", "epoch": 3, "batch": 2799, "n_batches": 7774, "time": 0.839, "data_time": 0.0, "lr": 0.001, "loss": -14.419, "recon_loss": -17.154, "kld_loss": 34.187, "kld_weight": 0.08}
{"message": "", "levelname": "INFO", "name": "Trainer", "asctime": "2026-04-28 20:48:19,289", "type": "train", "epoch": 3, "batch": 2879, "n_batches": 7774, "time": 0.567, "data_time": 0.0, "lr": 0.001, "loss": -23.578, "recon_loss": -26.469, "kld_loss": 36.141, "kld_weight": 0.08}
{"message": "", "levelname": "INFO", "name": "Trainer", "asctime": "2026-04-28 20:48:25,815", "type": "train", "epoch": 3, "batch": 2959, "n_batches": 7774, "time": 0.652, "data_time": 0.0, "lr": 0.001, "loss": -20.763, "recon_loss": -24.783, "kld_loss": 50.256, "kld_weight": 0.08}
{"message": "", "levelname": "INFO", "name": "Trainer", "asctime": "2026-04-28 20:48:31,935", "type": "train", "epoch": 3, "batch": 3039, "n_batches": 7774, "time": 0.438, "data_time": 0.0, "lr": 0.001, "loss": -23.522, "recon_loss": -26.559, "kld_loss": 37.965, "kld_weight": 0.08}
{"message": "", "levelname": "INFO", "name": "Trainer", "asctime": "2026-04-28 20:48:38,633", "type": "train", "epoch": 3, "batch": 3119, "n_batches": 7774, "time": 0.682, "data_time": 0.0, "lr": 0.001, "loss": -19.986, "recon_loss": -22.829, "kld_loss": 35.54, "kld_weight": 0.08}
{"message": "", "levelname": "INFO", "name": "Trainer", "asctime": "2026-04-28 20:48:45,151", "type": "train", "epoch": 3, "batch": 3199, "n_batches": 7774, "time": 0.6, "data_time": 0.0, "lr": 0.001, "loss": -22.483, "recon_loss": -25.67, "kld_loss": 39.846, "kld_weight": 0.08}
{"message": "", "levelname": "INFO", "name": "Trainer", "asctime": "2026-04-28 20:48:51,287", "type": "train", "epoch": 3, "batch": 3279, "n_batches": 7774, "time": 0.559, "data_time": 0.0, "lr": 0.001, "loss": -20.537, "recon_loss": -23.703, "kld_loss": 39.57, "kld_weight": 0.08}
{"message": "", "levelname": "INFO", "name": "Trainer", "asctime": "2026-04-28 20:48:58,026", "type": "train", "epoch": 3, "batch": 3359, "n_batches": 7774, "time": 0.682, "data_time": 0.0, "lr": 0.001, "loss": -24.175, "recon_loss": -26.772, "kld_loss": 32.466, "kld_weight": 0.08}
{"message": "", "levelname": "INFO", "name": "Trainer", "asctime": "2026-04-28 20:49:04,497", "type": "train", "epoch": 3, "batch": 3439, "n_batches": 7774, "time": 0.803, "data_time": 0.0, "lr": 0.001, "loss": -25.713, "recon_loss": -28.85, "kld_loss": 39.217, "kld_weight": 0.08}
{"message": "", "levelname": "INFO", "name": "Trainer", "asctime": "2026-04-28 20:49:11,364", "type": "train", "epoch": 3, "batch": 3519, "n_batches": 7774, "time": 0.621, "data_time": 0.0, "lr": 0.001, "loss": -20.894, "recon_loss": -23.811, "kld_loss": 36.458, "kld_weight": 0.08}
{"message": "", "levelname": "INFO", "name": "Trainer", "asctime": "2026-04-28 20:49:17,943", "type": "train", "epoch": 3, "batch": 3599, "n_batches": 7774, "time": 0.65, "data_time": 0.0, "lr": 0.001, "loss": -17.41, "recon_loss": -20.511, "kld_loss": 38.756, "kld_weight": 0.08}
{"message": "", "levelname": "INFO", "name": "Trainer", "asctime": "2026-04-28 20:49:24,609", "type": "train", "epoch": 3, "batch": 3679, "n_batches": 7774, "time": 0.594, "data_time": 0.0, "lr": 0.001, "loss": -22.21, "recon_loss": -25.148, "kld_loss": 36.72, "kld_weight": 0.08}
{"message": "", "levelname": "INFO", "name": "Trainer", "asctime": "2026-04-28 20:49:31,211", "type": "train", "epoch": 3, "batch": 3759, "n_batches": 7774, "time": 0.859, "data_time": 0.0, "lr": 0.001, "loss": -20.746, "recon_loss": -23.823, "kld_loss": 38.451, "kld_weight": 0.08}
{"message": "", "levelname": "INFO", "name": "Trainer", "asctime": "2026-04-28 20:49:37,396", "type": "train", "epoch": 3, "batch": 3839, "n_batches": 7774, "time": 0.645, "data_time": 0.0, "lr": 0.001, "loss": -23.947, "recon_loss": -26.562, "kld_loss": 32.688, "kld_weight": 0.08}
{"message": "", "levelname": "INFO", "name": "Trainer", "asctime": "2026-04-28 20:49:43,789", "type": "train", "epoch": 3, "batch": 3919, "n_batches": 7774, "time": 0.569, "data_time": 0.0, "lr": 0.001, "loss": -22.086, "recon_loss": -25.087, "kld_loss": 37.504, "kld_weight": 0.08}
{"message": "", "levelname": "INFO", "name": "Trainer", "asctime": "2026-04-28 20:49:49,808", "type": "train", "epoch": 3, "batch": 3999, "n_batches": 7774, "time": 0.575, "data_time": 0.0, "lr": 0.001, "loss": -10.884, "recon_loss": -14.145, "kld_loss": 40.76, "kld_weight": 0.08}
{"message": "", "levelname": "INFO", "name": "Trainer", "asctime": "2026-04-28 20:49:56,163", "type": "train", "epoch": 3, "batch": 4079, "n_batches": 7774, "time": 0.585, "data_time": 0.0, "lr": 0.001, "loss": -7.678, "recon_loss": -10.7, "kld_loss": 37.769, "kld_weight": 0.08}
{"message": "", "levelname": "INFO", "name": "Trainer", "asctime": "2026-04-28 20:50:02,364", "type": "train", "epoch": 3, "batch": 4159, "n_batches": 7774, "time": 0.453, "data_time": 0.0, "lr": 0.001, "loss": -20.219, "recon_loss": -23.717, "kld_loss": 43.722, "kld_weight": 0.08}
{"message": "", "levelname": "INFO", "name": "Trainer", "asctime": "2026-04-28 20:50:08,744", "type": "train", "epoch": 3, "batch": 4239, "n_batches": 7774, "time": 0.545, "data_time": 0.0, "lr": 0.001, "loss": -17.131, "recon_loss": -20.857, "kld_loss": 46.576, "kld_weight": 0.08}
{"message": "", "levelname": "INFO", "name": "Trainer", "asctime": "2026-04-28 20:50:14,863", "type": "train", "epoch": 3, "batch": 4319, "n_batches": 7774, "time": 0.577, "data_time": 0.0, "lr": 0.001, "loss": -23.826, "recon_loss": -26.012, "kld_loss": 27.328, "kld_weight": 0.08}
{"message": "", "levelname": "INFO", "name": "Trainer", "asctime": "2026-04-28 20:50:21,581", "type": "train", "epoch": 3, "batch": 4399, "n_batches": 7774, "time": 0.634, "data_time": 0.0, "lr": 0.001, "loss": -20.139, "recon_loss": -23.19, "kld_loss": 38.138, "kld_weight": 0.08}
{"message": "", "levelname": "INFO", "name": "Trainer", "asctime": "2026-04-28 20:50:27,744", "type": "train", "epoch": 3, "batch": 4479, "n_batches": 7774, "time": 0.7, "data_time": 0.0, "lr": 0.001, "loss": -20.694, "recon_loss": -24.188, "kld_loss": 43.671, "kld_weight": 0.08}
{"message": "", "levelname": "INFO", "name": "Trainer", "asctime": "2026-04-28 20:50:34,663", "type": "train", "epoch": 3, "batch": 4559, "n_batches": 7774, "time": 0.835, "data_time": 0.0, "lr": 0.001, "loss": -23.658, "recon_loss": -26.307, "kld_loss": 33.111, "kld_weight": 0.08}
{"message": "", "levelname": "INFO", "name": "Trainer", "asctime": "2026-04-28 20:50:41,700", "type": "train", "epoch": 3, "batch": 4639, "n_batches": 7774, "time": 0.747, "data_time": 0.0, "lr": 0.001, "loss": -20.65, "recon_loss": -23.735, "kld_loss": 38.567, "kld_weight": 0.08}
{"message": "", "levelname": "INFO", "name": "Trainer", "asctime": "2026-04-28 20:50:48,472", "type": "train", "epoch": 3, "batch": 4719, "n_batches": 7774, "time": 0.822, "data_time": 0.0, "lr": 0.001, "loss": -22.29, "recon_loss": -25.334, "kld_loss": 38.047, "kld_weight": 0.08}
{"message": "", "levelname": "INFO", "name": "Trainer", "asctime": "2026-04-28 20:50:55,040", "type": "train", "epoch": 3, "batch": 4799, "n_batches": 7774, "time": 0.701, "data_time": 0.0, "lr": 0.001, "loss": -17.005, "recon_loss": -20.069, "kld_loss": 38.306, "kld_weight": 0.08}
{"message": "", "levelname": "INFO", "name": "Trainer", "asctime": "2026-04-28 20:51:01,438", "type": "train", "epoch": 3, "batch": 4879, "n_batches": 7774, "time": 0.63, "data_time": 0.0, "lr": 0.001, "loss": -17.382, "recon_loss": -19.943, "kld_loss": 32.011, "kld_weight": 0.08}
{"message": "", "levelname": "INFO", "name": "Trainer", "asctime": "2026-04-28 20:51:07,962", "type": "train", "epoch": 3, "batch": 4959, "n_batches": 7774, "time": 0.587, "data_time": 0.0, "lr": 0.001, "loss": -24.613, "recon_loss": -27.352, "kld_loss": 34.227, "kld_weight": 0.08}
{"message": "", "levelname": "INFO", "name": "Trainer", "asctime": "2026-04-28 20:51:14,191", "type": "train", "epoch": 3, "batch": 5039, "n_batches": 7774, "time": 0.671, "data_time": 0.0, "lr": 0.001, "loss": -19.783, "recon_loss": -22.905, "kld_loss": 39.021, "kld_weight": 0.08}
{"message": "", "levelname": "INFO", "name": "Trainer", "asctime": "2026-04-28 20:51:20,761", "type": "train", "epoch": 3, "batch": 5119, "n_batches": 7774, "time": 0.527, "data_time": 0.0, "lr": 0.001, "loss": -23.96, "recon_loss": -26.835, "kld_loss": 35.935, "kld_weight": 0.08}
{"message": "", "levelname": "INFO", "name": "Trainer", "asctime": "2026-04-28 20:51:27,105", "type": "train", "epoch": 3, "batch": 5199, "n_batches": 7774, "time": 0.579, "data_time": 0.0, "lr": 0.001, "loss": -16.264, "recon_loss": -19.206, "kld_loss": 36.779, "kld_weight": 0.08}
{"message": "", "levelname": "INFO", "name": "Trainer", "asctime": "2026-04-28 20:51:33,519", "type": "train", "epoch": 3, "batch": 5279, "n_batches": 7774, "time": 0.6, "data_time": 0.0, "lr": 0.001, "loss": -23.024, "recon_loss": -25.532, "kld_loss": 31.348, "kld_weight": 0.08}
{"message": "", "levelname": "INFO", "name": "Trainer", "asctime": "2026-04-28 20:51:39,497", "type": "train", "epoch": 3, "batch": 5359, "n_batches": 7774, "time": 0.629, "data_time": 0.0, "lr": 0.001, "loss": -23.669, "recon_loss": -26.238, "kld_loss": 32.113, "kld_weight": 0.08}
{"message": "", "levelname": "INFO", "name": "Trainer", "asctime": "2026-04-28 20:51:46,471", "type": "train", "epoch": 3, "batch": 5439, "n_batches": 7774, "time": 0.665, "data_time": 0.0, "lr": 0.001, "loss": -11.788, "recon_loss": -15.228, "kld_loss": 42.997, "kld_weight": 0.08}
{"message": "", "levelname": "INFO", "name": "Trainer", "asctime": "2026-04-28 20:51:52,488", "type": "train", "epoch": 3, "batch": 5519, "n_batches": 7774, "time": 0.568, "data_time": 0.0, "lr": 0.001, "loss": -14.496, "recon_loss": -17.525, "kld_loss": 37.862, "kld_weight": 0.08}
{"message": "", "levelname": "INFO", "name": "Trainer", "asctime": "2026-04-28 20:51:58,710", "type": "train", "epoch": 3, "batch": 5599, "n_batches": 7774, "time": 0.709, "data_time": 0.0, "lr": 0.001, "loss": -17.376, "recon_loss": -20.167, "kld_loss": 34.888, "kld_weight": 0.08}
{"message": "", "levelname": "INFO", "name": "Trainer", "asctime": "2026-04-28 20:52:05,046", "type": "train", "epoch": 3, "batch": 5679, "n_batches": 7774, "time": 0.637, "data_time": 0.0, "lr": 0.001, "loss": -21.922, "recon_loss": -24.392, "kld_loss": 30.875, "kld_weight": 0.08}
{"message": "", "levelname": "INFO", "name": "Trainer", "asctime": "2026-04-28 20:52:11,910", "type": "train", "epoch": 3, "batch": 5759, "n_batches": 7774, "time": 0.698, "data_time": 0.0, "lr": 0.001, "loss": -20.39, "recon_loss": -23.476, "kld_loss": 38.566, "kld_weight": 0.08}
{"message": "", "levelname": "INFO", "name": "Trainer", "asctime": "2026-04-28 20:52:18,399", "type": "train", "epoch": 3, "batch": 5839, "n_batches": 7774, "time": 0.518, "data_time": 0.0, "lr": 0.001, "loss": -23.636, "recon_loss": -26.405, "kld_loss": 34.613, "kld_weight": 0.08}
{"message": "", "levelname": "INFO", "name": "Trainer", "asctime": "2026-04-28 20:52:25,108", "type": "train", "epoch": 3, "batch": 5919, "n_batches": 7774, "time": 0.851, "data_time": 0.0, "lr": 0.001, "loss": -23.473, "recon_loss": -26.27, "kld_loss": 34.974, "kld_weight": 0.08}
{"message": "", "levelname": "INFO", "name": "Trainer", "asctime": "2026-04-28 20:52:31,422", "type": "train", "epoch": 3, "batch": 5999, "n_batches": 7774, "time": 0.502, "data_time": 0.0, "lr": 0.001, "loss": -20.37, "recon_loss": -23.127, "kld_loss": 34.456, "kld_weight": 0.08}
{"message": "", "levelname": "INFO", "name": "Trainer", "asctime": "2026-04-28 20:52:38,132", "type": "train", "epoch": 3, "batch": 6079, "n_batches": 7774, "time": 0.56, "data_time": 0.0, "lr": 0.001, "loss": -22.045, "recon_loss": -24.963, "kld_loss": 36.468, "kld_weight": 0.08}
{"message": "", "levelname": "INFO", "name": "Trainer", "asctime": "2026-04-28 20:52:44,747", "type": "train", "epoch": 3, "batch": 6159, "n_batches": 7774, "time": 0.68, "data_time": 0.0, "lr": 0.001, "loss": -21.121, "recon_loss": -23.95, "kld_loss": 35.359, "kld_weight": 0.08}
{"message": "", "levelname": "INFO", "name": "Trainer", "asctime": "2026-04-28 20:52:50,910", "type": "train", "epoch": 3, "batch": 6239, "n_batches": 7774, "time": 0.618, "data_time": 0.0, "lr": 0.001, "loss": -18.463, "recon_loss": -21.51, "kld_loss": 38.084, "kld_weight": 0.08}
{"message": "", "levelname": "INFO", "name": "Trainer", "asctime": "2026-04-28 20:52:57,363", "type": "train", "epoch": 3, "batch": 6319, "n_batches": 7774, "time": 0.58, "data_time": 0.0, "lr": 0.001, "loss": -21.188, "recon_loss": -23.931, "kld_loss": 34.289, "kld_weight": 0.08}
{"message": "", "levelname": "INFO", "name": "Trainer", "asctime": "2026-04-28 20:53:04,097", "type": "train", "epoch": 3, "batch": 6399, "n_batches": 7774, "time": 0.699, "data_time": 0.0, "lr": 0.001, "loss": -23.068, "recon_loss": -26.188, "kld_loss": 39.007, "kld_weight": 0.08}
{"message": "", "levelname": "INFO", "name": "Trainer", "asctime": "2026-04-28 20:53:10,496", "type": "train", "epoch": 3, "batch": 6479, "n_batches": 7774, "time": 0.593, "data_time": 0.0, "lr": 0.001, "loss": -24.354, "recon_loss": -27.074, "kld_loss": 34.001, "kld_weight": 0.08}
{"message": "", "levelname": "INFO", "name": "Trainer", "asctime": "2026-04-28 20:53:16,852", "type": "train", "epoch": 3, "batch": 6559, "n_batches": 7774, "time": 0.652, "data_time": 0.0, "lr": 0.001, "loss": -24.525, "recon_loss": -27.124, "kld_loss": 32.49, "kld_weight": 0.08}
{"message": "", "levelname": "INFO", "name": "Trainer", "asctime": "2026-04-28 20:53:23,639", "type": "train", "epoch": 3, "batch": 6639, "n_batches": 7774, "time": 0.576, "data_time": 0.0, "lr": 0.001, "loss": -20.816, "recon_loss": -23.577, "kld_loss": 34.509, "kld_weight": 0.08}
{"message": "", "levelname": "INFO", "name": "Trainer", "asctime": "2026-04-28 20:53:30,295", "type": "train", "epoch": 3, "batch": 6719, "n_batches": 7774, "time": 0.556, "data_time": 0.0, "lr": 0.001, "loss": -22.059, "recon_loss": -25.148, "kld_loss": 38.615, "kld_weight": 0.08}
{"message": "", "levelname": "INFO", "name": "Trainer", "asctime": "2026-04-28 20:53:36,835", "type": "train", "epoch": 3, "batch": 6799, "n_batches": 7774, "time": 0.612, "data_time": 0.0, "lr": 0.001, "loss": -23.165, "recon_loss": -26.215, "kld_loss": 38.128, "kld_weight": 0.08}
{"message": "", "levelname": "INFO", "name": "Trainer", "asctime": "2026-04-28 20:53:43,286", "type": "train", "epoch": 3, "batch": 6879, "n_batches": 7774, "time": 0.501, "data_time": 0.0, "lr": 0.001, "loss": -24.399, "recon_loss": -27.433, "kld_loss": 37.923, "kld_weight": 0.08}
{"message": "", "levelname": "INFO", "name": "Trainer", "asctime": "2026-04-28 20:53:50,115", "type": "train", "epoch": 3, "batch": 6959, "n_batches": 7774, "time": 0.55, "data_time": 0.0, "lr": 0.001, "loss": -17.882, "recon_loss": -21.053, "kld_loss": 39.634, "kld_weight": 0.08}
{"message": "", "levelname": "INFO", "name": "Trainer", "asctime": "2026-04-28 20:53:57,115", "type": "train", "epoch": 3, "batch": 7039, "n_batches": 7774, "time": 0.68, "data_time": 0.0, "lr": 0.001, "loss": -22.49, "recon_loss": -26.125, "kld_loss": 45.438, "kld_weight": 0.08}
{"message": "", "levelname": "INFO", "name": "Trainer", "asctime": "2026-04-28 20:54:04,160", "type": "train", "epoch": 3, "batch": 7119, "n_batches": 7774, "time": 0.597, "data_time": 0.0, "lr": 0.001, "loss": -20.778, "recon_loss": -23.519, "kld_loss": 34.26, "kld_weight": 0.08}
{"message": "", "levelname": "INFO", "name": "Trainer", "asctime": "2026-04-28 20:54:10,992", "type": "train", "epoch": 3, "batch": 7199, "n_batches": 7774, "time": 0.731, "data_time": 0.0, "lr": 0.001, "loss": -20.207, "recon_loss": -23.478, "kld_loss": 40.89, "kld_weight": 0.08}
{"message": "", "levelname": "INFO", "name": "Trainer", "asctime": "2026-04-28 20:54:17,637", "type": "train", "epoch": 3, "batch": 7279, "n_batches": 7774, "time": 0.609, "data_time": 0.0, "lr": 0.001, "loss": -24.524, "recon_loss": -27.3, "kld_loss": 34.699, "kld_weight": 0.08}
{"message": "", "levelname": "INFO", "name": "Trainer", "asctime": "2026-04-28 20:54:24,260", "type": "train", "epoch": 3, "batch": 7359, "n_batches": 7774, "time": 0.746, "data_time": 0.0, "lr": 0.001, "loss": -23.388, "recon_loss": -26.444, "kld_loss": 38.211, "kld_weight": 0.08}
{"message": "", "levelname": "INFO", "name": "Trainer", "asctime": "2026-04-28 20:54:30,744", "type": "train", "epoch": 3, "batch": 7439, "n_batches": 7774, "time": 0.756, "data_time": 0.0, "lr": 0.001, "loss": -23.094, "recon_loss": -26.409, "kld_loss": 41.444, "kld_weight": 0.08}
{"message": "", "levelname": "INFO", "name": "Trainer", "asctime": "2026-04-28 20:54:37,155", "type": "train", "epoch": 3, "batch": 7519, "n_batches": 7774, "time": 0.546, "data_time": 0.0, "lr": 0.001, "loss": -17.841, "recon_loss": -20.919, "kld_loss": 38.473, "kld_weight": 0.08}
{"message": "", "levelname": "INFO", "name": "Trainer", "asctime": "2026-04-28 20:54:44,558", "type": "train", "epoch": 3, "batch": 7599, "n_batches": 7774, "time": 0.787, "data_time": 0.0, "lr": 0.001, "loss": -20.755, "recon_loss": -23.8, "kld_loss": 38.058, "kld_weight": 0.08}
{"message": "", "levelname": "INFO", "name": "Trainer", "asctime": "2026-04-28 20:54:51,458", "type": "train", "epoch": 3, "batch": 7679, "n_batches": 7774, "time": 0.628, "data_time": 0.0, "lr": 0.001, "loss": -21.356, "recon_loss": -24.126, "kld_loss": 34.619, "kld_weight": 0.08}
{"message": "", "levelname": "INFO", "name": "Trainer", "asctime": "2026-04-28 20:54:57,753", "type": "train", "epoch": 3, "batch": 7759, "n_batches": 7774, "time": 0.623, "data_time": 0.0, "lr": 0.001, "loss": -28.146, "recon_loss": -30.968, "kld_loss": 35.281, "kld_weight": 0.08}
{"message": "", "levelname": "INFO", "name": "Trainer", "asctime": "2026-04-28 20:54:59,189", "type": "train-epoch", "epoch": 4, "loss": -2.65774, "recon_loss": -3.02166, "kld_loss": 4.54902, "kld_weight": 0.08, "time": 634.8}
{"message": "", "levelname": "INFO", "name": "Trainer", "asctime": "2026-04-28 20:56:51,799", "type": "val-epoch", "epoch": 4, "loss": -2.7, "test_loss": 0.433, "recon_loss": -3.09, "kld_loss": 4.881, "kld_weight": 0.08, "note": "loss is teacher-forced CVAE objective; test_loss is prior-only reconstruction", "time": 112.6}
{"message": "", "levelname": "INFO", "name": "Trainer", "asctime": "2026-04-28 20:56:58,279", "type": "train", "epoch": 4, "batch": 79, "n_batches": 7774, "time": 0.677, "data_time": 0.0, "lr": 0.001, "loss": -23.425, "recon_loss": -27.202, "kld_loss": 37.769, "kld_weight": 0.1}
{"message": "", "levelname": "INFO", "name": "Trainer", "asctime": "2026-04-28 20:57:04,852", "type": "train", "epoch": 4, "batch": 159, "n_batches": 7774, "time": 0.512, "data_time": 0.0, "lr": 0.001, "loss": -19.806, "recon_loss": -23.261, "kld_loss": 34.549, "kld_weight": 0.1}
{"message": "", "levelname": "INFO", "name": "Trainer", "asctime": "2026-04-28 20:57:10,928", "type": "train", "epoch": 4, "batch": 239, "n_batches": 7774, "time": 0.847, "data_time": 0.0, "lr": 0.001, "loss": -20.816, "recon_loss": -23.621, "kld_loss": 28.051, "kld_weight": 0.1}
{"message": "", "levelname": "INFO", "name": "Trainer", "asctime": "2026-04-28 20:57:17,661", "type": "train", "epoch": 4, "batch": 319, "n_batches": 7774, "time": 0.59, "data_time": 0.0, "lr": 0.001, "loss": -24.185, "recon_loss": -27.335, "kld_loss": 31.501, "kld_weight": 0.1}
{"message": "", "levelname": "INFO", "name": "Trainer", "asctime": "2026-04-28 20:57:24,951", "type": "train", "epoch": 4, "batch": 399, "n_batches": 7774, "time": 0.616, "data_time": 0.0, "lr": 0.001, "loss": -21.805, "recon_loss": -24.745, "kld_loss": 29.396, "kld_weight": 0.1}
{"message": "", "levelname": "INFO", "name": "Trainer", "asctime": "2026-04-28 20:57:31,155", "type": "train", "epoch": 4, "batch": 479, "n_batches": 7774, "time": 0.552, "data_time": 0.0, "lr": 0.001, "loss": -25.368, "recon_loss": -29.195, "kld_loss": 38.271, "kld_weight": 0.1}
{"message": "", "levelname": "INFO", "name": "Trainer", "asctime": "2026-04-28 20:57:37,968", "type": "train", "epoch": 4, "batch": 559, "n_batches": 7774, "time": 0.706, "data_time": 0.0, "lr": 0.001, "loss": -17.472, "recon_loss": -21.276, "kld_loss": 38.043, "kld_weight": 0.1}
{"message": "", "levelname": "INFO", "name": "Trainer", "asctime": "2026-04-28 20:57:44,583", "type": "train", "epoch": 4, "batch": 639, "n_batches": 7774, "time": 0.764, "data_time": 0.0, "lr": 0.001, "loss": -15.01, "recon_loss": -20.294, "kld_loss": 52.84, "kld_weight": 0.1}
{"message": "", "levelname": "INFO", "name": "Trainer", "asctime": "2026-04-28 20:57:50,803", "type": "train", "epoch": 4, "batch": 719, "n_batches": 7774, "time": 0.815, "data_time": 0.0, "lr": 0.001, "loss": -20.49, "recon_loss": -24.627, "kld_loss": 41.371, "kld_weight": 0.1}
{"message": "", "levelname": "INFO", "name": "Trainer", "asctime": "2026-04-28 20:57:57,614", "type": "train", "epoch": 4, "batch": 799, "n_batches": 7774, "time": 0.685, "data_time": 0.0, "lr": 0.001, "loss": -17.258, "recon_loss": -20.649, "kld_loss": 33.902, "kld_weight": 0.1}
{"message": "", "levelname": "INFO", "name": "Trainer", "asctime": "2026-04-28 20:58:04,186", "type": "train", "epoch": 4, "batch": 879, "n_batches": 7774, "time": 0.627, "data_time": 0.0, "lr": 0.001, "loss": -20.488, "recon_loss": -23.732, "kld_loss": 32.446, "kld_weight": 0.1}
{"message": "", "levelname": "INFO", "name": "Trainer", "asctime": "2026-04-28 20:58:10,485", "type": "train", "epoch": 4, "batch": 959, "n_batches": 7774, "time": 0.563, "data_time": 0.0, "lr": 0.001, "loss": -21.015, "recon_loss": -24.005, "kld_loss": 29.893, "kld_weight": 0.1}
{"message": "", "levelname": "INFO", "name": "Trainer", "asctime": "2026-04-28 20:58:16,926", "type": "train", "epoch": 4, "batch": 1039, "n_batches": 7774, "time": 0.581, "data_time": 0.0, "lr": 0.001, "loss": -23.131, "recon_loss": -26.338, "kld_loss": 32.067, "kld_weight": 0.1}
{"message": "", "levelname": "INFO", "name": "Trainer", "asctime": "2026-04-28 20:58:23,826", "type": "train", "epoch": 4, "batch": 1119, "n_batches": 7774, "time": 0.573, "data_time": 0.0, "lr": 0.001, "loss": -18.005, "recon_loss": -21.459, "kld_loss": 34.537, "kld_weight": 0.1}
{"message": "", "levelname": "INFO", "name": "Trainer", "asctime": "2026-04-28 20:58:30,355", "type": "train", "epoch": 4, "batch": 1199, "n_batches": 7774, "time": 0.62, "data_time": 0.0, "lr": 0.001, "loss": -24.914, "recon_loss": -28.344, "kld_loss": 34.298, "kld_weight": 0.1}
{"message": "", "levelname": "INFO", "name": "Trainer", "asctime": "2026-04-28 20:58:36,661", "type": "train", "epoch": 4, "batch": 1279, "n_batches": 7774, "time": 0.619, "data_time": 0.0, "lr": 0.001, "loss": -21.163, "recon_loss": -24.726, "kld_loss": 35.633, "kld_weight": 0.1}
{"message": "", "levelname": "INFO", "name": "Trainer", "asctime": "2026-04-28 20:58:42,704", "type": "train", "epoch": 4, "batch": 1359, "n_batches": 7774, "time": 0.551, "data_time": 0.0, "lr": 0.001, "loss": -19.377, "recon_loss": -22.967, "kld_loss": 35.895, "kld_weight": 0.1}
{"message": "", "levelname": "INFO", "name": "Trainer", "asctime": "2026-04-28 20:58:49,286", "type": "train", "epoch": 4, "batch": 1439, "n_batches": 7774, "time": 0.698, "data_time": 0.0, "lr": 0.001, "loss": -24.353, "recon_loss": -27.917, "kld_loss": 35.639, "kld_weight": 0.1}
{"message": "", "levelname": "INFO", "name": "Trainer", "asctime": "2026-04-28 20:58:55,259", "type": "train", "epoch": 4, "batch": 1519, "n_batches": 7774, "time": 0.593, "data_time": 0.0, "lr": 0.001, "loss": -22.295, "recon_loss": -25.432, "kld_loss": 31.367, "kld_weight": 0.1}
{"message": "", "levelname": "INFO", "name": "Trainer", "asctime": "2026-04-28 20:59:01,186", "type": "train", "epoch": 4, "batch": 1599, "n_batches": 7774, "time": 0.648, "data_time": 0.0, "lr": 0.001, "loss": -19.799, "recon_loss": -23.555, "kld_loss": 37.554, "kld_weight": 0.1}
{"message": "", "levelname": "INFO", "name": "Trainer", "asctime": "2026-04-28 20:59:07,850", "type": "train", "epoch": 4, "batch": 1679, "n_batches": 7774, "time": 0.609, "data_time": 0.0, "lr": 0.001, "loss": -18.11, "recon_loss": -22.01, "kld_loss": 39.0, "kld_weight": 0.1}
{"message": "", "levelname": "INFO", "name": "Trainer", "asctime": "2026-04-28 20:59:13,883", "type": "train", "epoch": 4, "batch": 1759, "n_batches": 7774, "time": 0.794, "data_time": 0.0, "lr": 0.001, "loss": -19.842, "recon_loss": -24.059, "kld_loss": 42.163, "kld_weight": 0.1}
{"message": "", "levelname": "INFO", "name": "Trainer", "asctime": "2026-04-28 20:59:20,541", "type": "train", "epoch": 4, "batch": 1839, "n_batches": 7774, "time": 0.656, "data_time": 0.0, "lr": 0.001, "loss": -23.016, "recon_loss": -26.391, "kld_loss": 33.754, "kld_weight": 0.1}
{"message": "", "levelname": "INFO", "name": "Trainer", "asctime": "2026-04-28 20:59:27,495", "type": "train", "epoch": 4, "batch": 1919, "n_batches": 7774, "time": 0.609, "data_time": 0.0, "lr": 0.001, "loss": -19.404, "recon_loss": -23.719, "kld_loss": 43.151, "kld_weight": 0.1}
{"message": "", "levelname": "INFO", "name": "Trainer", "asctime": "2026-04-28 20:59:33,514", "type": "train", "epoch": 4, "batch": 1999, "n_batches": 7774, "time": 0.633, "data_time": 0.0, "lr": 0.001, "loss": -17.892, "recon_loss": -21.516, "kld_loss": 36.237, "kld_weight": 0.1}
{"message": "", "levelname": "INFO", "name": "Trainer", "asctime": "2026-04-28 20:59:40,102", "type": "train", "epoch": 4, "batch": 2079, "n_batches": 7774, "time": 0.644, "data_time": 0.0, "lr": 0.001, "loss": -22.072, "recon_loss": -26.054, "kld_loss": 39.817, "kld_weight": 0.1}
{"message": "", "levelname": "INFO", "name": "Trainer", "asctime": "2026-04-28 20:59:46,774", "type": "train", "epoch": 4, "batch": 2159, "n_batches": 7774, "time": 0.764, "data_time": 0.0, "lr": 0.001, "loss": -20.204, "recon_loss": -24.167, "kld_loss": 39.634, "kld_weight": 0.1}
{"message": "", "levelname": "INFO", "name": "Trainer", "asctime": "2026-04-28 20:59:53,488", "type": "train", "epoch": 4, "batch": 2239, "n_batches": 7774, "time": 0.535, "data_time": 0.0, "lr": 0.001, "loss": -22.544, "recon_loss": -26.385, "kld_loss": 38.41, "kld_weight": 0.1}
{"message": "", "levelname": "INFO", "name": "Trainer", "asctime": "2026-04-28 21:00:00,005", "type": "train", "epoch": 4, "batch": 2319, "n_batches": 7774, "time": 0.632, "data_time": 0.0, "lr": 0.001, "loss": -24.947, "recon_loss": -28.326, "kld_loss": 33.79, "kld_weight": 0.1}
{"message": "", "levelname": "INFO", "name": "Trainer", "asctime": "2026-04-28 21:00:07,138", "type": "train", "epoch": 4, "batch": 2399, "n_batches": 7774, "time": 0.607, "data_time": 0.0, "lr": 0.001, "loss": -18.78, "recon_loss": -22.215, "kld_loss": 34.35, "kld_weight": 0.1}
{"message": "", "levelname": "INFO", "name": "Trainer", "asctime": "2026-04-28 21:00:13,205", "type": "train", "epoch": 4, "batch": 2479, "n_batches": 7774, "time": 0.742, "data_time": 0.0, "lr": 0.001, "loss": -26.726, "recon_loss": -29.864, "kld_loss": 31.384, "kld_weight": 0.1}
{"message": "", "levelname": "INFO", "name": "Trainer", "asctime": "2026-04-28 21:00:20,073", "type": "train", "epoch": 4, "batch": 2559, "n_batches": 7774, "time": 0.72, "data_time": 0.0, "lr": 0.001, "loss": -22.984, "recon_loss": -26.647, "kld_loss": 36.63, "kld_weight": 0.1}
{"message": "", "levelname": "INFO", "name": "Trainer", "asctime": "2026-04-28 21:00:26,725", "type": "train", "epoch": 4, "batch": 2639, "n_batches": 7774, "time": 0.691, "data_time": 0.0, "lr": 0.001, "loss": -10.798, "recon_loss": -14.156, "kld_loss": 33.581, "kld_weight": 0.1}
{"message": "", "levelname": "INFO", "name": "Trainer", "asctime": "2026-04-28 21:00:33,335", "type": "train", "epoch": 4, "batch": 2719, "n_batches": 7774, "time": 0.591, "data_time": 0.0, "lr": 0.001, "loss": -23.8, "recon_loss": -27.146, "kld_loss": 33.467, "kld_weight": 0.1}
{"message": "", "levelname": "INFO", "name": "Trainer", "asctime": "2026-04-28 21:00:39,624", "type": "train", "epoch": 4, "batch": 2799, "n_batches": 7774, "time": 0.699, "data_time": 0.0, "lr": 0.001, "loss": -24.714, "recon_loss": -28.241, "kld_loss": 35.272, "kld_weight": 0.1}
{"message": "", "levelname": "INFO", "name": "Trainer", "asctime": "2026-04-28 21:00:46,359", "type": "train", "epoch": 4, "batch": 2879, "n_batches": 7774, "time": 0.618, "data_time": 0.0, "lr": 0.001, "loss": -19.619, "recon_loss": -23.175, "kld_loss": 35.562, "kld_weight": 0.1}
{"message": "", "levelname": "INFO", "name": "Trainer", "asctime": "2026-04-28 21:00:52,344", "type": "train", "epoch": 4, "batch": 2959, "n_batches": 7774, "time": 0.886, "data_time": 0.0, "lr": 0.001, "loss": -20.372, "recon_loss": -24.271, "kld_loss": 38.992, "kld_weight": 0.1}
{"message": "", "levelname": "INFO", "name": "Trainer", "asctime": "2026-04-28 21:00:58,713", "type": "train", "epoch": 4, "batch": 3039, "n_batches": 7774, "time": 0.666, "data_time": 0.0, "lr": 0.001, "loss": -20.328, "recon_loss": -24.474, "kld_loss": 41.461, "kld_weight": 0.1}
{"message": "", "levelname": "INFO", "name": "Trainer", "asctime": "2026-04-28 21:01:05,610", "type": "train", "epoch": 4, "batch": 3119, "n_batches": 7774, "time": 0.69, "data_time": 0.0, "lr": 0.001, "loss": -28.198, "recon_loss": -32.27, "kld_loss": 40.719, "kld_weight": 0.1}
{"message": "", "levelname": "INFO", "name": "Trainer", "asctime": "2026-04-28 21:01:12,102", "type": "train", "epoch": 4, "batch": 3199, "n_batches": 7774, "time": 0.633, "data_time": 0.0, "lr": 0.001, "loss": -24.21, "recon_loss": -27.845, "kld_loss": 36.353, "kld_weight": 0.1}
{"message": "", "levelname": "INFO", "name": "Trainer", "asctime": "2026-04-28 21:01:18,788", "type": "train", "epoch": 4, "batch": 3279, "n_batches": 7774, "time": 0.641, "data_time": 0.0, "lr": 0.001, "loss": -18.649, "recon_loss": -22.93, "kld_loss": 42.814, "kld_weight": 0.1}
{"message": "", "levelname": "INFO", "name": "Trainer", "asctime": "2026-04-28 21:01:25,352", "type": "train", "epoch": 4, "batch": 3359, "n_batches": 7774, "time": 0.61, "data_time": 0.0, "lr": 0.001, "loss": -21.556, "recon_loss": -25.938, "kld_loss": 43.822, "kld_weight": 0.1}
{"message": "", "levelname": "INFO", "name": "Trainer", "asctime": "2026-04-28 21:01:32,469", "type": "train", "epoch": 4, "batch": 3439, "n_batches": 7774, "time": 0.654, "data_time": 0.0, "lr": 0.001, "loss": -27.212, "recon_loss": -31.214, "kld_loss": 40.025, "kld_weight": 0.1}
{"message": "", "levelname": "INFO", "name": "Trainer", "asctime": "2026-04-28 21:01:38,985", "type": "train", "epoch": 4, "batch": 3519, "n_batches": 7774, "time": 0.523, "data_time": 0.0, "lr": 0.001, "loss": -17.801, "recon_loss": -20.947, "kld_loss": 31.456, "kld_weight": 0.1}
{"message": "", "levelname": "INFO", "name": "Trainer", "asctime": "2026-04-28 21:01:45,887", "type": "train", "epoch": 4, "batch": 3599, "n_batches": 7774, "time": 0.694, "data_time": 0.0, "lr": 0.001, "loss": -24.458, "recon_loss": -28.273, "kld_loss": 38.149, "kld_weight": 0.1}
{"message": "", "levelname": "INFO", "name": "Trainer", "asctime": "2026-04-28 21:01:52,402", "type": "train", "epoch": 4, "batch": 3679, "n_batches": 7774, "time": 0.566, "data_time": 0.0, "lr": 0.001, "loss": -24.807, "recon_loss": -27.864, "kld_loss": 30.57, "kld_weight": 0.1}
{"message": "", "levelname": "INFO", "name": "Trainer", "asctime": "2026-04-28 21:01:58,853", "type": "train", "epoch": 4, "batch": 3759, "n_batches": 7774, "time": 0.677, "data_time": 0.0, "lr": 0.001, "loss": -12.442, "recon_loss": -17.178, "kld_loss": 47.356, "kld_weight": 0.1}
{"message": "", "levelname": "INFO", "name": "Trainer", "asctime": "2026-04-28 21:02:05,487", "type": "train", "epoch": 4, "batch": 3839, "n_batches": 7774, "time": 0.611, "data_time": 0.0, "lr": 0.001, "loss": -17.595, "recon_loss": -21.552, "kld_loss": 39.568, "kld_weight": 0.1}
{"message": "", "levelname": "INFO", "name": "Trainer", "asctime": "2026-04-28 21:02:11,841", "type": "train", "epoch": 4, "batch": 3919, "n_batches": 7774, "time": 0.752, "data_time": 0.0, "lr": 0.001, "loss": -20.166, "recon_loss": -23.673, "kld_loss": 35.065, "kld_weight": 0.1}
{"message": "", "levelname": "INFO", "name": "Trainer", "asctime": "2026-04-28 21:02:18,000", "type": "train", "epoch": 4, "batch": 3999, "n_batches": 7774, "time": 0.664, "data_time": 0.0, "lr": 0.001, "loss": -21.387, "recon_loss": -25.245, "kld_loss": 38.579, "kld_weight": 0.1}
{"message": "", "levelname": "INFO", "name": "Trainer", "asctime": "2026-04-28 21:02:23,927", "type": "train", "epoch": 4, "batch": 4079, "n_batches": 7774, "time": 0.721, "data_time": 0.0, "lr": 0.001, "loss": -21.203, "recon_loss": -24.983, "kld_loss": 37.802, "kld_weight": 0.1}
{"message": "", "levelname": "INFO", "name": "Trainer", "asctime": "2026-04-28 21:02:30,081", "type": "train", "epoch": 4, "batch": 4159, "n_batches": 7774, "time": 0.659, "data_time": 0.0, "lr": 0.001, "loss": -23.6, "recon_loss": -27.358, "kld_loss": 37.577, "kld_weight": 0.1}
{"message": "", "levelname": "INFO", "name": "Trainer", "asctime": "2026-04-28 21:02:36,310", "type": "train", "epoch": 4, "batch": 4239, "n_batches": 7774, "time": 0.69, "data_time": 0.0, "lr": 0.001, "loss": -17.634, "recon_loss": -21.379, "kld_loss": 37.447, "kld_weight": 0.1}
{"message": "", "levelname": "INFO", "name": "Trainer", "asctime": "2026-04-28 21:02:42,995", "type": "train", "epoch": 4, "batch": 4319, "n_batches": 7774, "time": 0.715, "data_time": 0.0, "lr": 0.001, "loss": -24.524, "recon_loss": -27.774, "kld_loss": 32.498, "kld_weight": 0.1}
{"message": "", "levelname": "INFO", "name": "Trainer", "asctime": "2026-04-28 21:02:49,734", "type": "train", "epoch": 4, "batch": 4399, "n_batches": 7774, "time": 0.669, "data_time": 0.0, "lr": 0.001, "loss": -16.178, "recon_loss": -19.161, "kld_loss": 29.833, "kld_weight": 0.1}
{"message": "", "levelname": "INFO", "name": "Trainer", "asctime": "2026-04-28 21:02:55,931", "type": "train", "epoch": 4, "batch": 4479, "n_batches": 7774, "time": 0.69, "data_time": 0.0, "lr": 0.001, "loss": -18.778, "recon_loss": -22.166, "kld_loss": 33.883, "kld_weight": 0.1}
{"message": "", "levelname": "INFO", "name": "Trainer", "asctime": "2026-04-28 21:03:02,036", "type": "train", "epoch": 4, "batch": 4559, "n_batches": 7774, "time": 0.697, "data_time": 0.0, "lr": 0.001, "loss": -17.311, "recon_loss": -20.765, "kld_loss": 34.542, "kld_weight": 0.1}
{"message": "", "levelname": "INFO", "name": "Trainer", "asctime": "2026-04-28 21:03:09,205", "type": "train", "epoch": 4, "batch": 4639, "n_batches": 7774, "time": 0.565, "data_time": 0.0, "lr": 0.001, "loss": -22.819, "recon_loss": -26.967, "kld_loss": 41.488, "kld_weight": 0.1}
{"message": "", "levelname": "INFO", "name": "Trainer", "asctime": "2026-04-28 21:03:15,412", "type": "train", "epoch": 4, "batch": 4719, "n_batches": 7774, "time": 0.641, "data_time": 0.0, "lr": 0.001, "loss": -18.31, "recon_loss": -22.742, "kld_loss": 44.319, "kld_weight": 0.1}
{"message": "", "levelname": "INFO", "name": "Trainer", "asctime": "2026-04-28 21:03:21,614", "type": "train", "epoch": 4, "batch": 4799, "n_batches": 7774, "time": 0.66, "data_time": 0.0, "lr": 0.001, "loss": -23.474, "recon_loss": -27.025, "kld_loss": 35.517, "kld_weight": 0.1}
{"message": "", "levelname": "INFO", "name": "Trainer", "asctime": "2026-04-28 21:03:28,492", "type": "train", "epoch": 4, "batch": 4879, "n_batches": 7774, "time": 0.713, "data_time": 0.0, "lr": 0.001, "loss": -23.972, "recon_loss": -27.852, "kld_loss": 38.796, "kld_weight": 0.1}
{"message": "", "levelname": "INFO", "name": "Trainer", "asctime": "2026-04-28 21:03:34,869", "type": "train", "epoch": 4, "batch": 4959, "n_batches": 7774, "time": 0.587, "data_time": 0.0, "lr": 0.001, "loss": -18.347, "recon_loss": -22.608, "kld_loss": 42.604, "kld_weight": 0.1}
{"message": "", "levelname": "INFO", "name": "Trainer", "asctime": "2026-04-28 21:03:41,129", "type": "train", "epoch": 4, "batch": 5039, "n_batches": 7774, "time": 0.471, "data_time": 0.0, "lr": 0.001, "loss": -19.836, "recon_loss": -25.312, "kld_loss": 54.759, "kld_weight": 0.1}
{"message": "", "levelname": "INFO", "name": "Trainer", "asctime": "2026-04-28 21:03:47,921", "type": "train", "epoch": 4, "batch": 5119, "n_batches": 7774, "time": 0.694, "data_time": 0.0, "lr": 0.001, "loss": -20.98, "recon_loss": -24.647, "kld_loss": 36.67, "kld_weight": 0.1}
{"message": "", "levelname": "INFO", "name": "Trainer", "asctime": "2026-04-28 21:03:54,391", "type": "train", "epoch": 4, "batch": 5199, "n_batches": 7774, "time": 0.701, "data_time": 0.0, "lr": 0.001, "loss": -20.418, "recon_loss": -23.973, "kld_loss": 35.546, "kld_weight": 0.1}
{"message": "", "levelname": "INFO", "name": "Trainer", "asctime": "2026-04-28 21:04:01,301", "type": "train", "epoch": 4, "batch": 5279, "n_batches": 7774, "time": 0.6, "data_time": 0.0, "lr": 0.001, "loss": -25.102, "recon_loss": -28.456, "kld_loss": 33.545, "kld_weight": 0.1}
{"message": "", "levelname": "INFO", "name": "Trainer", "asctime": "2026-04-28 21:04:07,812", "type": "train", "epoch": 4, "batch": 5359, "n_batches": 7774, "time": 0.625, "data_time": 0.0, "lr": 0.001, "loss": -22.02, "recon_loss": -25.192, "kld_loss": 31.724, "kld_weight": 0.1}
{"message": "", "levelname": "INFO", "name": "Trainer", "asctime": "2026-04-28 21:04:15,000", "type": "train", "epoch": 4, "batch": 5439, "n_batches": 7774, "time": 0.647, "data_time": 0.0, "lr": 0.001, "loss": -20.498, "recon_loss": -24.033, "kld_loss": 35.354, "kld_weight": 0.1}
{"message": "", "levelname": "INFO", "name": "Trainer", "asctime": "2026-04-28 21:04:21,319", "type": "train", "epoch": 4, "batch": 5519, "n_batches": 7774, "time": 0.684, "data_time": 0.0, "lr": 0.001, "loss": -28.302, "recon_loss": -31.836, "kld_loss": 35.341, "kld_weight": 0.1}
{"message": "", "levelname": "INFO", "name": "Trainer", "asctime": "2026-04-28 21:04:27,516", "type": "train", "epoch": 4, "batch": 5599, "n_batches": 7774, "time": 0.62, "data_time": 0.0, "lr": 0.001, "loss": -22.723, "recon_loss": -26.363, "kld_loss": 36.402, "kld_weight": 0.1}
{"message": "", "levelname": "INFO", "name": "Trainer", "asctime": "2026-04-28 21:04:33,923", "type": "train", "epoch": 4, "batch": 5679, "n_batches": 7774, "time": 0.682, "data_time": 0.0, "lr": 0.001, "loss": -26.565, "recon_loss": -30.051, "kld_loss": 34.865, "kld_weight": 0.1}
{"message": "", "levelname": "INFO", "name": "Trainer", "asctime": "2026-04-28 21:04:41,005", "type": "train", "epoch": 4, "batch": 5759, "n_batches": 7774, "time": 0.52, "data_time": 0.0, "lr": 0.001, "loss": -18.761, "recon_loss": -22.199, "kld_loss": 34.384, "kld_weight": 0.1}
{"message": "", "levelname": "INFO", "name": "Trainer", "asctime": "2026-04-28 21:04:47,951", "type": "train", "epoch": 4, "batch": 5839, "n_batches": 7774, "time": 0.859, "data_time": 0.0, "lr": 0.001, "loss": -20.631, "recon_loss": -24.733, "kld_loss": 41.024, "kld_weight": 0.1}
{"message": "", "levelname": "INFO", "name": "Trainer", "asctime": "2026-04-28 21:04:54,676", "type": "train", "epoch": 4, "batch": 5919, "n_batches": 7774, "time": 0.456, "data_time": 0.0, "lr": 0.001, "loss": -20.664, "recon_loss": -24.568, "kld_loss": 39.036, "kld_weight": 0.1}
{"message": "", "levelname": "INFO", "name": "Trainer", "asctime": "2026-04-28 21:05:01,865", "type": "train", "epoch": 4, "batch": 5999, "n_batches": 7774, "time": 0.855, "data_time": 0.0, "lr": 0.001, "loss": -23.057, "recon_loss": -26.231, "kld_loss": 31.742, "kld_weight": 0.1}
{"message": "", "levelname": "INFO", "name": "Trainer", "asctime": "2026-04-28 21:05:08,381", "type": "train", "epoch": 4, "batch": 6079, "n_batches": 7774, "time": 0.682, "data_time": 0.0, "lr": 0.001, "loss": -20.141, "recon_loss": -24.435, "kld_loss": 42.932, "kld_weight": 0.1}
{"message": "", "levelname": "INFO", "name": "Trainer", "asctime": "2026-04-28 21:05:15,059", "type": "train", "epoch": 4, "batch": 6159, "n_batches": 7774, "time": 0.885, "data_time": 0.0, "lr": 0.001, "loss": -13.005, "recon_loss": -17.299, "kld_loss": 42.933, "kld_weight": 0.1}
{"message": "", "levelname": "INFO", "name": "Trainer", "asctime": "2026-04-28 21:05:21,388", "type": "train", "epoch": 4, "batch": 6239, "n_batches": 7774, "time": 0.451, "data_time": 0.0, "lr": 0.001, "loss": -20.955, "recon_loss": -24.4, "kld_loss": 34.454, "kld_weight": 0.1}
{"message": "", "levelname": "INFO", "name": "Trainer", "asctime": "2026-04-28 21:05:27,826", "type": "train", "epoch": 4, "batch": 6319, "n_batches": 7774, "time": 0.594, "data_time": 0.0, "lr": 0.001, "loss": -21.211, "recon_loss": -24.62, "kld_loss": 34.092, "kld_weight": 0.1}
{"message": "", "levelname": "INFO", "name": "Trainer", "asctime": "2026-04-28 21:05:34,126", "type": "train", "epoch": 4, "batch": 6399, "n_batches": 7774, "time": 0.547, "data_time": 0.0, "lr": 0.001, "loss": -17.127, "recon_loss": -20.764, "kld_loss": 36.368, "kld_weight": 0.1}
{"message": "", "levelname": "INFO", "name": "Trainer", "asctime": "2026-04-28 21:05:40,687", "type": "train", "epoch": 4, "batch": 6479, "n_batches": 7774, "time": 0.546, "data_time": 0.0, "lr": 0.001, "loss": -16.71, "recon_loss": -20.026, "kld_loss": 33.164, "kld_weight": 0.1}
{"message": "", "levelname": "INFO", "name": "Trainer", "asctime": "2026-04-28 21:05:47,301", "type": "train", "epoch": 4, "batch": 6559, "n_batches": 7774, "time": 0.523, "data_time": 0.0, "lr": 0.001, "loss": -20.646, "recon_loss": -24.485, "kld_loss": 38.394, "kld_weight": 0.1}
{"message": "", "levelname": "INFO", "name": "Trainer", "asctime": "2026-04-28 21:05:53,672", "type": "train", "epoch": 4, "batch": 6639, "n_batches": 7774, "time": 0.554, "data_time": 0.0, "lr": 0.001, "loss": -20.906, "recon_loss": -24.579, "kld_loss": 36.732, "kld_weight": 0.1}
{"message": "", "levelname": "INFO", "name": "Trainer", "asctime": "2026-04-28 21:06:00,870", "type": "train", "epoch": 4, "batch": 6719, "n_batches": 7774, "time": 0.586, "data_time": 0.0, "lr": 0.001, "loss": -21.825, "recon_loss": -25.087, "kld_loss": 32.614, "kld_weight": 0.1}
{"message": "", "levelname": "INFO", "name": "Trainer", "asctime": "2026-04-28 21:06:07,670", "type": "train", "epoch": 4, "batch": 6799, "n_batches": 7774, "time": 0.61, "data_time": 0.0, "lr": 0.001, "loss": -21.092, "recon_loss": -24.452, "kld_loss": 33.597, "kld_weight": 0.1}
{"message": "", "levelname": "INFO", "name": "Trainer", "asctime": "2026-04-28 21:06:14,277", "type": "train", "epoch": 4, "batch": 6879, "n_batches": 7774, "time": 0.635, "data_time": 0.0, "lr": 0.001, "loss": -19.927, "recon_loss": -23.927, "kld_loss": 40.003, "kld_weight": 0.1}
{"message": "", "levelname": "INFO", "name": "Trainer", "asctime": "2026-04-28 21:06:20,827", "type": "train", "epoch": 4, "batch": 6959, "n_batches": 7774, "time": 0.654, "data_time": 0.0, "lr": 0.001, "loss": -21.252, "recon_loss": -25.511, "kld_loss": 42.594, "kld_weight": 0.1}
{"message": "", "levelname": "INFO", "name": "Trainer", "asctime": "2026-04-28 21:06:26,658", "type": "train", "epoch": 4, "batch": 7039, "n_batches": 7774, "time": 0.477, "data_time": 0.0, "lr": 0.001, "loss": -24.801, "recon_loss": -29.119, "kld_loss": 43.179, "kld_weight": 0.1}
{"message": "", "levelname": "INFO", "name": "Trainer", "asctime": "2026-04-28 21:06:33,041", "type": "train", "epoch": 4, "batch": 7119, "n_batches": 7774, "time": 0.617, "data_time": 0.0, "lr": 0.001, "loss": -22.411, "recon_loss": -25.842, "kld_loss": 34.306, "kld_weight": 0.1}
{"message": "", "levelname": "INFO", "name": "Trainer", "asctime": "2026-04-28 21:06:39,321", "type": "train", "epoch": 4, "batch": 7199, "n_batches": 7774, "time": 0.688, "data_time": 0.0, "lr": 0.001, "loss": -13.866, "recon_loss": -17.559, "kld_loss": 36.93, "kld_weight": 0.1}
{"message": "", "levelname": "INFO", "name": "Trainer", "asctime": "2026-04-28 21:06:45,796", "type": "train", "epoch": 4, "batch": 7279, "n_batches": 7774, "time": 0.702, "data_time": 0.0, "lr": 0.001, "loss": -21.065, "recon_loss": -24.856, "kld_loss": 37.91, "kld_weight": 0.1}
{"message": "", "levelname": "INFO", "name": "Trainer", "asctime": "2026-04-28 21:06:52,960", "type": "train", "epoch": 4, "batch": 7359, "n_batches": 7774, "time": 0.882, "data_time": 0.0, "lr": 0.001, "loss": -18.796, "recon_loss": -23.096, "kld_loss": 43.001, "kld_weight": 0.1}
{"message": "", "levelname": "INFO", "name": "Trainer", "asctime": "2026-04-28 21:06:59,740", "type": "train", "epoch": 4, "batch": 7439, "n_batches": 7774, "time": 0.622, "data_time": 0.0, "lr": 0.001, "loss": -21.723, "recon_loss": -25.546, "kld_loss": 38.222, "kld_weight": 0.1}
{"message": "", "levelname": "INFO", "name": "Trainer", "asctime": "2026-04-28 21:07:05,926", "type": "train", "epoch": 4, "batch": 7519, "n_batches": 7774, "time": 0.555, "data_time": 0.0, "lr": 0.001, "loss": -11.586, "recon_loss": -15.192, "kld_loss": 36.06, "kld_weight": 0.1}
{"message": "", "levelname": "INFO", "name": "Trainer", "asctime": "2026-04-28 21:07:12,822", "type": "train", "epoch": 4, "batch": 7599, "n_batches": 7774, "time": 0.772, "data_time": 0.0, "lr": 0.001, "loss": -24.745, "recon_loss": -27.937, "kld_loss": 31.919, "kld_weight": 0.1}
{"message": "", "levelname": "INFO", "name": "Trainer", "asctime": "2026-04-28 21:07:19,256", "type": "train", "epoch": 4, "batch": 7679, "n_batches": 7774, "time": 0.586, "data_time": 0.0, "lr": 0.001, "loss": -20.881, "recon_loss": -24.308, "kld_loss": 34.27, "kld_weight": 0.1}
{"message": "", "levelname": "INFO", "name": "Trainer", "asctime": "2026-04-28 21:07:25,379", "type": "train", "epoch": 4, "batch": 7759, "n_batches": 7774, "time": 0.554, "data_time": 0.0, "lr": 0.001, "loss": -23.413, "recon_loss": -27.084, "kld_loss": 36.714, "kld_weight": 0.1}
{"message": "", "levelname": "INFO", "name": "Trainer", "asctime": "2026-04-28 21:07:26,237", "type": "train-epoch", "epoch": 5, "loss": -2.60784, "recon_loss": -3.06678, "kld_loss": 4.58947, "kld_weight": 0.1, "time": 634.4}
{"message": "", "levelname": "INFO", "name": "Trainer", "asctime": "2026-04-28 21:09:18,864", "type": "val-epoch", "epoch": 5, "loss": -2.783, "test_loss": 0.377, "recon_loss": -3.24, "kld_loss": 4.563, "kld_weight": 0.1, "note": "loss is teacher-forced CVAE objective; test_loss is prior-only reconstruction", "time": 112.6}
{"message": "", "levelname": "INFO", "name": "Trainer", "asctime": "2026-04-28 21:09:25,420", "type": "train", "epoch": 5, "batch": 79, "n_batches": 7774, "time": 0.725, "data_time": 0.0, "lr": 0.001, "loss": -26.558, "recon_loss": -30.181, "kld_loss": 36.23, "kld_weight": 0.1}
{"message": "", "levelname": "INFO", "name": "Trainer", "asctime": "2026-04-28 21:09:31,701", "type": "train", "epoch": 5, "batch": 159, "n_batches": 7774, "time": 0.406, "data_time": 0.0, "lr": 0.001, "loss": -25.183, "recon_loss": -28.883, "kld_loss": 36.999, "kld_weight": 0.1}
{"message": "", "levelname": "INFO", "name": "Trainer", "asctime": "2026-04-28 21:09:38,842", "type": "train", "epoch": 5, "batch": 239, "n_batches": 7774, "time": 0.757, "data_time": 0.0, "lr": 0.001, "loss": -19.08, "recon_loss": -23.097, "kld_loss": 40.161, "kld_weight": 0.1}
{"message": "", "levelname": "INFO", "name": "Trainer", "asctime": "2026-04-28 21:09:45,963", "type": "train", "epoch": 5, "batch": 319, "n_batches": 7774, "time": 0.575, "data_time": 0.0, "lr": 0.001, "loss": -21.936, "recon_loss": -25.259, "kld_loss": 33.223, "kld_weight": 0.1}
{"message": "", "levelname": "INFO", "name": "Trainer", "asctime": "2026-04-28 21:09:52,419", "type": "train", "epoch": 5, "batch": 399, "n_batches": 7774, "time": 0.668, "data_time": 0.0, "lr": 0.001, "loss": -15.581, "recon_loss": -19.257, "kld_loss": 36.756, "kld_weight": 0.1}
{"message": "", "levelname": "INFO", "name": "Trainer", "asctime": "2026-04-28 21:09:58,803", "type": "train", "epoch": 5, "batch": 479, "n_batches": 7774, "time": 0.567, "data_time": 0.0, "lr": 0.001, "loss": -17.4, "recon_loss": -20.876, "kld_loss": 34.76, "kld_weight": 0.1}
{"message": "", "levelname": "INFO", "name": "Trainer", "asctime": "2026-04-28 21:10:05,180", "type": "train", "epoch": 5, "batch": 559, "n_batches": 7774, "time": 0.875, "data_time": 0.0, "lr": 0.001, "loss": -19.99, "recon_loss": -23.423, "kld_loss": 34.329, "kld_weight": 0.1}
{"message": "", "levelname": "INFO", "name": "Trainer", "asctime": "2026-04-28 21:10:12,020", "type": "train", "epoch": 5, "batch": 639, "n_batches": 7774, "time": 0.697, "data_time": 0.0, "lr": 0.001, "loss": -24.998, "recon_loss": -28.538, "kld_loss": 35.402, "kld_weight": 0.1}
{"message": "", "levelname": "INFO", "name": "Trainer", "asctime": "2026-04-28 21:10:18,845", "type": "train", "epoch": 5, "batch": 719, "n_batches": 7774, "time": 0.693, "data_time": 0.0, "lr": 0.001, "loss": -19.653, "recon_loss": -23.667, "kld_loss": 40.145, "kld_weight": 0.1}
{"message": "", "levelname": "INFO", "name": "Trainer", "asctime": "2026-04-28 21:10:25,420", "type": "train", "epoch": 5, "batch": 799, "n_batches": 7774, "time": 0.549, "data_time": 0.0, "lr": 0.001, "loss": -20.15, "recon_loss": -24.125, "kld_loss": 39.747, "kld_weight": 0.1}
{"message": "", "levelname": "INFO", "name": "Trainer", "asctime": "2026-04-28 21:10:31,711", "type": "train", "epoch": 5, "batch": 879, "n_batches": 7774, "time": 0.726, "data_time": 0.0, "lr": 0.001, "loss": -22.142, "recon_loss": -26.007, "kld_loss": 38.641, "kld_weight": 0.1}
{"message": "", "levelname": "INFO", "name": "Trainer", "asctime": "2026-04-28 21:10:38,409", "type": "train", "epoch": 5, "batch": 959, "n_batches": 7774, "time": 0.794, "data_time": 0.0, "lr": 0.001, "loss": -20.915, "recon_loss": -24.067, "kld_loss": 31.524, "kld_weight": 0.1}
{"message": "", "levelname": "INFO", "name": "Trainer", "asctime": "2026-04-28 21:10:44,700", "type": "train", "epoch": 5, "batch": 1039, "n_batches": 7774, "time": 0.737, "data_time": 0.0, "lr": 0.001, "loss": -20.905, "recon_loss": -24.576, "kld_loss": 36.714, "kld_weight": 0.1}
{"message": "", "levelname": "INFO", "name": "Trainer", "asctime": "2026-04-28 21:10:51,034", "type": "train", "epoch": 5, "batch": 1119, "n_batches": 7774, "time": 0.666, "data_time": 0.0, "lr": 0.001, "loss": -20.598, "recon_loss": -24.201, "kld_loss": 36.03, "kld_weight": 0.1}
{"message": "", "levelname": "INFO", "name": "Trainer", "asctime": "2026-04-28 21:10:57,703", "type": "train", "epoch": 5, "batch": 1199, "n_batches": 7774, "time": 0.794, "data_time": 0.0, "lr": 0.001, "loss": -21.854, "recon_loss": -25.343, "kld_loss": 34.894, "kld_weight": 0.1}
{"message": "", "levelname": "INFO", "name": "Trainer", "asctime": "2026-04-28 21:11:04,177", "type": "train", "epoch": 5, "batch": 1279, "n_batches": 7774, "time": 0.696, "data_time": 0.0, "lr": 0.001, "loss": -25.367, "recon_loss": -28.779, "kld_loss": 34.115, "kld_weight": 0.1}
{"message": "", "levelname": "INFO", "name": "Trainer", "asctime": "2026-04-28 21:11:10,174", "type": "train", "epoch": 5, "batch": 1359, "n_batches": 7774, "time": 0.624, "data_time": 0.0, "lr": 0.001, "loss": -15.553, "recon_loss": -19.098, "kld_loss": 35.448, "kld_weight": 0.1}
{"message": "", "levelname": "INFO", "name": "Trainer", "asctime": "2026-04-28 21:11:16,789", "type": "train", "epoch": 5, "batch": 1439, "n_batches": 7774, "time": 0.668, "data_time": 0.0, "lr": 0.001, "loss": -22.057, "recon_loss": -25.697, "kld_loss": 36.405, "kld_weight": 0.1}
{"message": "", "levelname": "INFO", "name": "Trainer", "asctime": "2026-04-28 21:11:23,244", "type": "train", "epoch": 5, "batch": 1519, "n_batches": 7774, "time": 0.608, "data_time": 0.0, "lr": 0.001, "loss": -17.402, "recon_loss": -21.215, "kld_loss": 38.126, "kld_weight": 0.1}
{"message": "", "levelname": "INFO", "name": "Trainer", "asctime": "2026-04-28 21:11:29,959", "type": "train", "epoch": 5, "batch": 1599, "n_batches": 7774, "time": 0.803, "data_time": 0.0, "lr": 0.001, "loss": -19.216, "recon_loss": -22.804, "kld_loss": 35.88, "kld_weight": 0.1}
{"message": "", "levelname": "INFO", "name": "Trainer", "asctime": "2026-04-28 21:11:36,541", "type": "train", "epoch": 5, "batch": 1679, "n_batches": 7774, "time": 0.622, "data_time": 0.0, "lr": 0.001, "loss": -23.523, "recon_loss": -27.566, "kld_loss": 40.424, "kld_weight": 0.1}
{"message": "", "levelname": "INFO", "name": "Trainer", "asctime": "2026-04-28 21:11:42,551", "type": "train", "epoch": 5, "batch": 1759, "n_batches": 7774, "time": 0.541, "data_time": 0.0, "lr": 0.001, "loss": -22.825, "recon_loss": -26.452, "kld_loss": 36.276, "kld_weight": 0.1}
{"message": "", "levelname": "INFO", "name": "Trainer", "asctime": "2026-04-28 21:11:49,604", "type": "train", "epoch": 5, "batch": 1839, "n_batches": 7774, "time": 0.659, "data_time": 0.0, "lr": 0.001, "loss": -17.162, "recon_loss": -20.855, "kld_loss": 36.928, "kld_weight": 0.1}
{"message": "", "levelname": "INFO", "name": "Trainer", "asctime": "2026-04-28 21:11:56,115", "type": "train", "epoch": 5, "batch": 1919, "n_batches": 7774, "time": 0.621, "data_time": 0.0, "lr": 0.001, "loss": -20.671, "recon_loss": -24.176, "kld_loss": 35.053, "kld_weight": 0.1}
{"message": "", "levelname": "INFO", "name": "Trainer", "asctime": "2026-04-28 21:12:02,521", "type": "train", "epoch": 5, "batch": 1999, "n_batches": 7774, "time": 0.584, "data_time": 0.0, "lr": 0.001, "loss": -27.334, "recon_loss": -30.565, "kld_loss": 32.317, "kld_weight": 0.1}
{"message": "", "levelname": "INFO", "name": "Trainer", "asctime": "2026-04-28 21:12:08,663", "type": "train", "epoch": 5, "batch": 2079, "n_batches": 7774, "time": 0.47, "data_time": 0.0, "lr": 0.001, "loss": -21.101, "recon_loss": -24.961, "kld_loss": 38.602, "kld_weight": 0.1}
{"message": "", "levelname": "INFO", "name": "Trainer", "asctime": "2026-04-28 21:12:14,700", "type": "train", "epoch": 5, "batch": 2159, "n_batches": 7774, "time": 0.589, "data_time": 0.0, "lr": 0.001, "loss": -20.92, "recon_loss": -24.735, "kld_loss": 38.149, "kld_weight": 0.1}
{"message": "", "levelname": "INFO", "name": "Trainer", "asctime": "2026-04-28 21:12:20,834", "type": "train", "epoch": 5, "batch": 2239, "n_batches": 7774, "time": 0.532, "data_time": 0.0, "lr": 0.001, "loss": -23.536, "recon_loss": -26.84, "kld_loss": 33.04, "kld_weight": 0.1}
{"message": "", "levelname": "INFO", "name": "Trainer", "asctime": "2026-04-28 21:12:27,243", "type": "train", "epoch": 5, "batch": 2319, "n_batches": 7774, "time": 0.709, "data_time": 0.0, "lr": 0.001, "loss": -18.242, "recon_loss": -21.787, "kld_loss": 35.448, "kld_weight": 0.1}
{"message": "", "levelname": "INFO", "name": "Trainer", "asctime": "2026-04-28 21:12:33,806", "type": "train", "epoch": 5, "batch": 2399, "n_batches": 7774, "time": 0.612, "data_time": 0.0, "lr": 0.001, "loss": -24.22, "recon_loss": -27.9, "kld_loss": 36.793, "kld_weight": 0.1}
{"message": "", "levelname": "INFO", "name": "Trainer", "asctime": "2026-04-28 21:12:40,946", "type": "train", "epoch": 5, "batch": 2479, "n_batches": 7774, "time": 0.542, "data_time": 0.0, "lr": 0.001, "loss": -18.285, "recon_loss": -22.248, "kld_loss": 39.629, "kld_weight": 0.1}
{"message": "", "levelname": "INFO", "name": "Trainer", "asctime": "2026-04-28 21:12:47,709", "type": "train", "epoch": 5, "batch": 2559, "n_batches": 7774, "time": 0.574, "data_time": 0.0, "lr": 0.001, "loss": -14.029, "recon_loss": -17.553, "kld_loss": 35.237, "kld_weight": 0.1}
{"message": "", "levelname": "INFO", "name": "Trainer", "asctime": "2026-04-28 21:12:54,494", "type": "train", "epoch": 5, "batch": 2639, "n_batches": 7774, "time": 0.57, "data_time": 0.0, "lr": 0.001, "loss": -18.847, "recon_loss": -22.292, "kld_loss": 34.451, "kld_weight": 0.1}
{"message": "", "levelname": "INFO", "name": "Trainer", "asctime": "2026-04-28 21:13:01,101", "type": "train", "epoch": 5, "batch": 2719, "n_batches": 7774, "time": 0.471, "data_time": 0.0, "lr": 0.001, "loss": -17.697, "recon_loss": -21.318, "kld_loss": 36.21, "kld_weight": 0.1}
{"message": "", "levelname": "INFO", "name": "Trainer", "asctime": "2026-04-28 21:13:07,695", "type": "train", "epoch": 5, "batch": 2799, "n_batches": 7774, "time": 0.526, "data_time": 0.0, "lr": 0.001, "loss": -26.054, "recon_loss": -29.767, "kld_loss": 37.131, "kld_weight": 0.1}
{"message": "", "levelname": "INFO", "name": "Trainer", "asctime": "2026-04-28 21:13:14,278", "type": "train", "epoch": 5, "batch": 2879, "n_batches": 7774, "time": 0.649, "data_time": 0.0, "lr": 0.001, "loss": -25.018, "recon_loss": -29.375, "kld_loss": 43.577, "kld_weight": 0.1}
{"message": "", "levelname": "INFO", "name": "Trainer", "asctime": "2026-04-28 21:13:20,877", "type": "train", "epoch": 5, "batch": 2959, "n_batches": 7774, "time": 0.585, "data_time": 0.0, "lr": 0.001, "loss": -27.159, "recon_loss": -31.295, "kld_loss": 41.363, "kld_weight": 0.1}
{"message": "", "levelname": "INFO", "name": "Trainer", "asctime": "2026-04-28 21:13:27,235", "type": "train", "epoch": 5, "batch": 3039, "n_batches": 7774, "time": 0.619, "data_time": 0.0, "lr": 0.001, "loss": -21.184, "recon_loss": -25.015, "kld_loss": 38.309, "kld_weight": 0.1}
{"message": "", "levelname": "INFO", "name": "Trainer", "asctime": "2026-04-28 21:13:33,855", "type": "train", "epoch": 5, "batch": 3119, "n_batches": 7774, "time": 0.796, "data_time": 0.0, "lr": 0.001, "loss": -17.574, "recon_loss": -21.296, "kld_loss": 37.216, "kld_weight": 0.1}
{"message": "", "levelname": "INFO", "name": "Trainer", "asctime": "2026-04-28 21:13:40,561", "type": "train", "epoch": 5, "batch": 3199, "n_batches": 7774, "time": 0.584, "data_time": 0.0, "lr": 0.001, "loss": -21.684, "recon_loss": -25.735, "kld_loss": 40.517, "kld_weight": 0.1}
{"message": "", "levelname": "INFO", "name": "Trainer", "asctime": "2026-04-28 21:13:46,837", "type": "train", "epoch": 5, "batch": 3279, "n_batches": 7774, "time": 0.62, "data_time": 0.0, "lr": 0.001, "loss": -23.294, "recon_loss": -26.894, "kld_loss": 35.998, "kld_weight": 0.1}
{"message": "", "levelname": "INFO", "name": "Trainer", "asctime": "2026-04-28 21:13:53,515", "type": "train", "epoch": 5, "batch": 3359, "n_batches": 7774, "time": 0.691, "data_time": 0.0, "lr": 0.001, "loss": -27.199, "recon_loss": -30.872, "kld_loss": 36.723, "kld_weight": 0.1}
{"message": "", "levelname": "INFO", "name": "Trainer", "asctime": "2026-04-28 21:13:59,987", "type": "train", "epoch": 5, "batch": 3439, "n_batches": 7774, "time": 0.846, "data_time": 0.0, "lr": 0.001, "loss": -16.884, "recon_loss": -21.416, "kld_loss": 45.319, "kld_weight": 0.1}
{"message": "", "levelname": "INFO", "name": "Trainer", "asctime": "2026-04-28 21:14:06,346", "type": "train", "epoch": 5, "batch": 3519, "n_batches": 7774, "time": 0.651, "data_time": 0.0, "lr": 0.001, "loss": -18.058, "recon_loss": -21.903, "kld_loss": 38.446, "kld_weight": 0.1}
{"message": "", "levelname": "INFO", "name": "Trainer", "asctime": "2026-04-28 21:14:13,121", "type": "train", "epoch": 5, "batch": 3599, "n_batches": 7774, "time": 0.581, "data_time": 0.0, "lr": 0.001, "loss": -19.218, "recon_loss": -22.895, "kld_loss": 36.77, "kld_weight": 0.1}
{"message": "", "levelname": "INFO", "name": "Trainer", "asctime": "2026-04-28 21:14:19,985", "type": "train", "epoch": 5, "batch": 3679, "n_batches": 7774, "time": 0.753, "data_time": 0.0, "lr": 0.001, "loss": -22.358, "recon_loss": -26.096, "kld_loss": 37.381, "kld_weight": 0.1}
{"message": "", "levelname": "INFO", "name": "Trainer", "asctime": "2026-04-28 21:14:26,464", "type": "train", "epoch": 5, "batch": 3759, "n_batches": 7774, "time": 0.818, "data_time": 0.0, "lr": 0.001, "loss": -17.86, "recon_loss": -21.275, "kld_loss": 34.147, "kld_weight": 0.1}
{"message": "", "levelname": "INFO", "name": "Trainer", "asctime": "2026-04-28 21:14:32,619", "type": "train", "epoch": 5, "batch": 3839, "n_batches": 7774, "time": 0.589, "data_time": 0.0, "lr": 0.001, "loss": -13.792, "recon_loss": -17.391, "kld_loss": 35.988, "kld_weight": 0.1}
{"message": "", "levelname": "INFO", "name": "Trainer", "asctime": "2026-04-28 21:14:38,992", "type": "train", "epoch": 5, "batch": 3919, "n_batches": 7774, "time": 0.635, "data_time": 0.0, "lr": 0.001, "loss": -20.613, "recon_loss": -24.313, "kld_loss": 37.005, "kld_weight": 0.1}
{"message": "", "levelname": "INFO", "name": "Trainer", "asctime": "2026-04-28 21:14:45,486", "type": "train", "epoch": 5, "batch": 3999, "n_batches": 7774, "time": 0.71, "data_time": 0.0, "lr": 0.001, "loss": -19.784, "recon_loss": -24.384, "kld_loss": 46.006, "kld_weight": 0.1}
{"message": "", "levelname": "INFO", "name": "Trainer", "asctime": "2026-04-28 21:14:51,471", "type": "train", "epoch": 5, "batch": 4079, "n_batches": 7774, "time": 0.614, "data_time": 0.0, "lr": 0.001, "loss": -24.187, "recon_loss": -28.028, "kld_loss": 38.406, "kld_weight": 0.1}
{"message": "", "levelname": "INFO", "name": "Trainer", "asctime": "2026-04-28 21:14:58,370", "type": "train", "epoch": 5, "batch": 4159, "n_batches": 7774, "time": 0.876, "data_time": 0.0, "lr": 0.001, "loss": -19.606, "recon_loss": -23.494, "kld_loss": 38.88, "kld_weight": 0.1}
{"message": "", "levelname": "INFO", "name": "Trainer", "asctime": "2026-04-28 21:15:04,957", "type": "train", "epoch": 5, "batch": 4239, "n_batches": 7774, "time": 0.431, "data_time": 0.0, "lr": 0.001, "loss": -20.434, "recon_loss": -24.101, "kld_loss": 36.665, "kld_weight": 0.1}
{"message": "", "levelname": "INFO", "name": "Trainer", "asctime": "2026-04-28 21:15:11,669", "type": "train", "epoch": 5, "batch": 4319, "n_batches": 7774, "time": 0.65, "data_time": 0.0, "lr": 0.001, "loss": -23.317, "recon_loss": -26.743, "kld_loss": 34.265, "kld_weight": 0.1}
{"message": "", "levelname": "INFO", "name": "Trainer", "asctime": "2026-04-28 21:15:18,226", "type": "train", "epoch": 5, "batch": 4399, "n_batches": 7774, "time": 0.706, "data_time": 0.0, "lr": 0.001, "loss": -23.843, "recon_loss": -27.494, "kld_loss": 36.508, "kld_weight": 0.1}
{"message": "", "levelname": "INFO", "name": "Trainer", "asctime": "2026-04-28 21:15:25,169", "type": "train", "epoch": 5, "batch": 4479, "n_batches": 7774, "time": 0.615, "data_time": 0.0, "lr": 0.001, "loss": -29.229, "recon_loss": -32.828, "kld_loss": 35.993, "kld_weight": 0.1}
{"message": "", "levelname": "INFO", "name": "Trainer", "asctime": "2026-04-28 21:15:31,533", "type": "train", "epoch": 5, "batch": 4559, "n_batches": 7774, "time": 0.728, "data_time": 0.0, "lr": 0.001, "loss": -25.55, "recon_loss": -29.173, "kld_loss": 36.234, "kld_weight": 0.1}
{"message": "", "levelname": "INFO", "name": "Trainer", "asctime": "2026-04-28 21:15:38,188", "type": "train", "epoch": 5, "batch": 4639, "n_batches": 7774, "time": 0.691, "data_time": 0.0, "lr": 0.001, "loss": -19.889, "recon_loss": -23.328, "kld_loss": 34.389, "kld_weight": 0.1}
{"message": "", "levelname": "INFO", "name": "Trainer", "asctime": "2026-04-28 21:15:44,645", "type": "train", "epoch": 5, "batch": 4719, "n_batches": 7774, "time": 0.563, "data_time": 0.0, "lr": 0.001, "loss": -25.829, "recon_loss": -29.65, "kld_loss": 38.217, "kld_weight": 0.1}
{"message": "", "levelname": "INFO", "name": "Trainer", "asctime": "2026-04-28 21:15:51,711", "type": "train", "epoch": 5, "batch": 4799, "n_batches": 7774, "time": 0.623, "data_time": 0.0, "lr": 0.001, "loss": -22.421, "recon_loss": -26.557, "kld_loss": 41.361, "kld_weight": 0.1}
{"message": "", "levelname": "INFO", "name": "Trainer", "asctime": "2026-04-28 21:15:57,515", "type": "train", "epoch": 5, "batch": 4879, "n_batches": 7774, "time": 0.726, "data_time": 0.0, "lr": 0.001, "loss": -19.063, "recon_loss": -23.225, "kld_loss": 41.62, "kld_weight": 0.1}
{"message": "", "levelname": "INFO", "name": "Trainer", "asctime": "2026-04-28 21:16:04,571", "type": "train", "epoch": 5, "batch": 4959, "n_batches": 7774, "time": 0.617, "data_time": 0.0, "lr": 0.001, "loss": -22.274, "recon_loss": -25.903, "kld_loss": 36.292, "kld_weight": 0.1}
{"message": "", "levelname": "INFO", "name": "Trainer", "asctime": "2026-04-28 21:16:11,025", "type": "train", "epoch": 5, "batch": 5039, "n_batches": 7774, "time": 0.573, "data_time": 0.0, "lr": 0.001, "loss": -20.819, "recon_loss": -26.184, "kld_loss": 53.646, "kld_weight": 0.1}
{"message": "", "levelname": "INFO", "name": "Trainer", "asctime": "2026-04-28 21:16:17,112", "type": "train", "epoch": 5, "batch": 5119, "n_batches": 7774, "time": 0.637, "data_time": 0.0, "lr": 0.001, "loss": -21.022, "recon_loss": -24.24, "kld_loss": 32.185, "kld_weight": 0.1}
{"message": "", "levelname": "INFO", "name": "Trainer", "asctime": "2026-04-28 21:16:23,262", "type": "train", "epoch": 5, "batch": 5199, "n_batches": 7774, "time": 0.62, "data_time": 0.0, "lr": 0.001, "loss": -18.58, "recon_loss": -22.885, "kld_loss": 43.043, "kld_weight": 0.1}
{"message": "", "levelname": "INFO", "name": "Trainer", "asctime": "2026-04-28 21:16:29,351", "type": "train", "epoch": 5, "batch": 5279, "n_batches": 7774, "time": 0.674, "data_time": 0.0, "lr": 0.001, "loss": -19.356, "recon_loss": -22.944, "kld_loss": 35.885, "kld_weight": 0.1}
{"message": "", "levelname": "INFO", "name": "Trainer", "asctime": "2026-04-28 21:16:35,713", "type": "train", "epoch": 5, "batch": 5359, "n_batches": 7774, "time": 0.623, "data_time": 0.0, "lr": 0.001, "loss": -19.703, "recon_loss": -23.362, "kld_loss": 36.59, "kld_weight": 0.1}
{"message": "", "levelname": "INFO", "name": "Trainer", "asctime": "2026-04-28 21:16:42,354", "type": "train", "epoch": 5, "batch": 5439, "n_batches": 7774, "time": 0.647, "data_time": 0.0, "lr": 0.001, "loss": -22.18, "recon_loss": -25.951, "kld_loss": 37.708, "kld_weight": 0.1}
{"message": "", "levelname": "INFO", "name": "Trainer", "asctime": "2026-04-28 21:16:49,213", "type": "train", "epoch": 5, "batch": 5519, "n_batches": 7774, "time": 0.697, "data_time": 0.0, "lr": 0.001, "loss": -19.163, "recon_loss": -23.493, "kld_loss": 43.297, "kld_weight": 0.1}
{"message": "", "levelname": "INFO", "name": "Trainer", "asctime": "2026-04-28 21:16:56,131", "type": "train", "epoch": 5, "batch": 5599, "n_batches": 7774, "time": 0.777, "data_time": 0.0, "lr": 0.001, "loss": -20.32, "recon_loss": -24.834, "kld_loss": 45.133, "kld_weight": 0.1}
{"message": "", "levelname": "INFO", "name": "Trainer", "asctime": "2026-04-28 21:17:02,944", "type": "train", "epoch": 5, "batch": 5679, "n_batches": 7774, "time": 0.549, "data_time": 0.0, "lr": 0.001, "loss": -25.003, "recon_loss": -28.64, "kld_loss": 36.37, "kld_weight": 0.1}
{"message": "", "levelname": "INFO", "name": "Trainer", "asctime": "2026-04-28 21:17:09,384", "type": "train", "epoch": 5, "batch": 5759, "n_batches": 7774, "time": 0.474, "data_time": 0.0, "lr": 0.001, "loss": -25.552, "recon_loss": -29.084, "kld_loss": 35.322, "kld_weight": 0.1}
{"message": "", "levelname": "INFO", "name": "Trainer", "asctime": "2026-04-28 21:17:16,183", "type": "train", "epoch": 5, "batch": 5839, "n_batches": 7774, "time": 0.834, "data_time": 0.0, "lr": 0.001, "loss": -14.459, "recon_loss": -18.341, "kld_loss": 38.824, "kld_weight": 0.1}
{"message": "", "levelname": "INFO", "name": "Trainer", "asctime": "2026-04-28 21:17:22,716", "type": "train", "epoch": 5, "batch": 5919, "n_batches": 7774, "time": 0.658, "data_time": 0.0, "lr": 0.001, "loss": -18.537, "recon_loss": -22.481, "kld_loss": 39.442, "kld_weight": 0.1}
{"message": "", "levelname": "INFO", "name": "Trainer", "asctime": "2026-04-28 21:17:29,273", "type": "train", "epoch": 5, "batch": 5999, "n_batches": 7774, "time": 0.744, "data_time": 0.0, "lr": 0.001, "loss": -21.258, "recon_loss": -25.277, "kld_loss": 40.188, "kld_weight": 0.1}
{"message": "", "levelname": "INFO", "name": "Trainer", "asctime": "2026-04-28 21:17:35,855", "type": "train", "epoch": 5, "batch": 6079, "n_batches": 7774, "time": 0.683, "data_time": 0.0, "lr": 0.001, "loss": -21.489, "recon_loss": -25.288, "kld_loss": 37.992, "kld_weight": 0.1}
{"message": "", "levelname": "INFO", "name": "Trainer", "asctime": "2026-04-28 21:17:42,734", "type": "train", "epoch": 5, "batch": 6159, "n_batches": 7774, "time": 0.773, "data_time": 0.0, "lr": 0.001, "loss": -16.308, "recon_loss": -19.803, "kld_loss": 34.954, "kld_weight": 0.1}
{"message": "", "levelname": "INFO", "name": "Trainer", "asctime": "2026-04-28 21:17:49,612", "type": "train", "epoch": 5, "batch": 6239, "n_batches": 7774, "time": 0.735, "data_time": 0.0, "lr": 0.001, "loss": -19.539, "recon_loss": -23.592, "kld_loss": 40.529, "kld_weight": 0.1}
{"message": "", "levelname": "INFO", "name": "Trainer", "asctime": "2026-04-28 21:17:55,879", "type": "train", "epoch": 5, "batch": 6319, "n_batches": 7774, "time": 0.71, "data_time": 0.0, "lr": 0.001, "loss": -20.684, "recon_loss": -24.178, "kld_loss": 34.944, "kld_weight": 0.1}
{"message": "", "levelname": "INFO", "name": "Trainer", "asctime": "2026-04-28 21:18:02,604", "type": "train", "epoch": 5, "batch": 6399, "n_batches": 7774, "time": 0.741, "data_time": 0.0, "lr": 0.001, "loss": -22.828, "recon_loss": -26.74, "kld_loss": 39.118, "kld_weight": 0.1}
{"message": "", "levelname": "INFO", "name": "Trainer", "asctime": "2026-04-28 21:18:08,851", "type": "train", "epoch": 5, "batch": 6479, "n_batches": 7774, "time": 0.677, "data_time": 0.0, "lr": 0.001, "loss": -28.739, "recon_loss": -32.335, "kld_loss": 35.957, "kld_weight": 0.1}
{"message": "", "levelname": "INFO", "name": "Trainer", "asctime": "2026-04-28 21:18:15,040", "type": "train", "epoch": 5, "batch": 6559, "n_batches": 7774, "time": 0.777, "data_time": 0.0, "lr": 0.001, "loss": -24.24, "recon_loss": -28.733, "kld_loss": 44.928, "kld_weight": 0.1}
{"message": "", "levelname": "INFO", "name": "Trainer", "asctime": "2026-04-28 21:18:21,434", "type": "train", "epoch": 5, "batch": 6639, "n_batches": 7774, "time": 0.577, "data_time": 0.0, "lr": 0.001, "loss": -27.534, "recon_loss": -31.038, "kld_loss": 35.034, "kld_weight": 0.1}
{"message": "", "levelname": "INFO", "name": "Trainer", "asctime": "2026-04-28 21:18:27,826", "type": "train", "epoch": 5, "batch": 6719, "n_batches": 7774, "time": 0.539, "data_time": 0.0, "lr": 0.001, "loss": -23.808, "recon_loss": -27.536, "kld_loss": 37.284, "kld_weight": 0.1}
{"message": "", "levelname": "INFO", "name": "Trainer", "asctime": "2026-04-28 21:18:34,174", "type": "train", "epoch": 5, "batch": 6799, "n_batches": 7774, "time": 0.61, "data_time": 0.0, "lr": 0.001, "loss": -13.996, "recon_loss": -17.608, "kld_loss": 36.121, "kld_weight": 0.1}
{"message": "", "levelname": "INFO", "name": "Trainer", "asctime": "2026-04-28 21:18:40,330", "type": "train", "epoch": 5, "batch": 6879, "n_batches": 7774, "time": 0.523, "data_time": 0.0, "lr": 0.001, "loss": -20.736, "recon_loss": -24.139, "kld_loss": 34.028, "kld_weight": 0.1}
{"message": "", "levelname": "INFO", "name": "Trainer", "asctime": "2026-04-28 21:18:46,756", "type": "train", "epoch": 5, "batch": 6959, "n_batches": 7774, "time": 0.616, "data_time": 0.0, "lr": 0.001, "loss": -27.841, "recon_loss": -31.352, "kld_loss": 35.103, "kld_weight": 0.1}
{"message": "", "levelname": "INFO", "name": "Trainer", "asctime": "2026-04-28 21:18:53,436", "type": "train", "epoch": 5, "batch": 7039, "n_batches": 7774, "time": 0.797, "data_time": 0.0, "lr": 0.001, "loss": -22.622, "recon_loss": -26.603, "kld_loss": 39.81, "kld_weight": 0.1}
{"message": "", "levelname": "INFO", "name": "Trainer", "asctime": "2026-04-28 21:18:59,545", "type": "train", "epoch": 5, "batch": 7119, "n_batches": 7774, "time": 0.646, "data_time": 0.0, "lr": 0.001, "loss": -22.799, "recon_loss": -26.623, "kld_loss": 38.241, "kld_weight": 0.1}
{"message": "", "levelname": "INFO", "name": "Trainer", "asctime": "2026-04-28 21:19:06,250", "type": "train", "epoch": 5, "batch": 7199, "n_batches": 7774, "time": 0.671, "data_time": 0.0, "lr": 0.001, "loss": -22.278, "recon_loss": -26.41, "kld_loss": 41.315, "kld_weight": 0.1}
{"message": "", "levelname": "INFO", "name": "Trainer", "asctime": "2026-04-28 21:19:12,477", "type": "train", "epoch": 5, "batch": 7279, "n_batches": 7774, "time": 0.636, "data_time": 0.0, "lr": 0.001, "loss": -24.054, "recon_loss": -27.759, "kld_loss": 37.043, "kld_weight": 0.1}
{"message": "", "levelname": "INFO", "name": "Trainer", "asctime": "2026-04-28 21:19:19,031", "type": "train", "epoch": 5, "batch": 7359, "n_batches": 7774, "time": 0.655, "data_time": 0.0, "lr": 0.001, "loss": -18.461, "recon_loss": -22.182, "kld_loss": 37.209, "kld_weight": 0.1}
{"message": "", "levelname": "INFO", "name": "Trainer", "asctime": "2026-04-28 21:19:25,986", "type": "train", "epoch": 5, "batch": 7439, "n_batches": 7774, "time": 0.642, "data_time": 0.0, "lr": 0.001, "loss": -21.263, "recon_loss": -25.128, "kld_loss": 38.654, "kld_weight": 0.1}
{"message": "", "levelname": "INFO", "name": "Trainer", "asctime": "2026-04-28 21:19:31,879", "type": "train", "epoch": 5, "batch": 7519, "n_batches": 7774, "time": 0.523, "data_time": 0.0, "lr": 0.001, "loss": -19.121, "recon_loss": -22.719, "kld_loss": 35.983, "kld_weight": 0.1}
{"message": "", "levelname": "INFO", "name": "Trainer", "asctime": "2026-04-28 21:19:38,327", "type": "train", "epoch": 5, "batch": 7599, "n_batches": 7774, "time": 0.586, "data_time": 0.0, "lr": 0.001, "loss": -25.996, "recon_loss": -30.065, "kld_loss": 40.69, "kld_weight": 0.1}
{"message": "", "levelname": "INFO", "name": "Trainer", "asctime": "2026-04-28 21:19:44,954", "type": "train", "epoch": 5, "batch": 7679, "n_batches": 7774, "time": 0.746, "data_time": 0.0, "lr": 0.001, "loss": -17.219, "recon_loss": -21.324, "kld_loss": 41.049, "kld_weight": 0.1}
{"message": "", "levelname": "INFO", "name": "Trainer", "asctime": "2026-04-28 21:19:51,141", "type": "train", "epoch": 5, "batch": 7759, "n_batches": 7774, "time": 0.596, "data_time": 0.0, "lr": 0.001, "loss": -20.164, "recon_loss": -24.122, "kld_loss": 39.579, "kld_weight": 0.1}
{"message": "", "levelname": "INFO", "name": "Trainer", "asctime": "2026-04-28 21:19:52,417", "type": "train-epoch", "epoch": 6, "loss": -2.62556, "recon_loss": -3.10081, "kld_loss": 4.75245, "kld_weight": 0.1, "time": 633.5}
{"message": "", "levelname": "INFO", "name": "Trainer", "asctime": "2026-04-28 21:21:44,719", "type": "val-epoch", "epoch": 6, "loss": -2.792, "test_loss": 0.355, "recon_loss": -3.263, "kld_loss": 4.713, "kld_weight": 0.1, "note": "loss is teacher-forced CVAE objective; test_loss is prior-only reconstruction", "time": 112.3}
{"message": "", "levelname": "INFO", "name": "Trainer", "asctime": "2026-04-28 21:21:50,759", "type": "train", "epoch": 6, "batch": 79, "n_batches": 7774, "time": 0.643, "data_time": 0.0, "lr": 0.001, "loss": -23.559, "recon_loss": -27.539, "kld_loss": 39.801, "kld_weight": 0.1}
{"message": "", "levelname": "INFO", "name": "Trainer", "asctime": "2026-04-28 21:21:57,776", "type": "train", "epoch": 6, "batch": 159, "n_batches": 7774, "time": 0.649, "data_time": 0.0, "lr": 0.001, "loss": -17.795, "recon_loss": -22.517, "kld_loss": 47.226, "kld_weight": 0.1}
{"message": "", "levelname": "INFO", "name": "Trainer", "asctime": "2026-04-28 21:22:03,581", "type": "train", "epoch": 6, "batch": 239, "n_batches": 7774, "time": 0.57, "data_time": 0.0, "lr": 0.001, "loss": -16.937, "recon_loss": -20.779, "kld_loss": 38.425, "kld_weight": 0.1}
{"message": "", "levelname": "INFO", "name": "Trainer", "asctime": "2026-04-28 21:22:10,789", "type": "train", "epoch": 6, "batch": 319, "n_batches": 7774, "time": 0.769, "data_time": 0.0, "lr": 0.001, "loss": -20.383, "recon_loss": -24.741, "kld_loss": 43.584, "kld_weight": 0.1}
{"message": "", "levelname": "INFO", "name": "Trainer", "asctime": "2026-04-28 21:22:17,172", "type": "train", "epoch": 6, "batch": 399, "n_batches": 7774, "time": 0.768, "data_time": 0.0, "lr": 0.001, "loss": -18.495, "recon_loss": -22.463, "kld_loss": 39.674, "kld_weight": 0.1}
{"message": "", "levelname": "INFO", "name": "Trainer", "asctime": "2026-04-28 21:22:23,215", "type": "train", "epoch": 6, "batch": 479, "n_batches": 7774, "time": 0.574, "data_time": 0.0, "lr": 0.001, "loss": -23.384, "recon_loss": -27.223, "kld_loss": 38.392, "kld_weight": 0.1}
{"message": "", "levelname": "INFO", "name": "Trainer", "asctime": "2026-04-28 21:22:29,389", "type": "train", "epoch": 6, "batch": 559, "n_batches": 7774, "time": 0.66, "data_time": 0.0, "lr": 0.001, "loss": -20.537, "recon_loss": -23.912, "kld_loss": 33.747, "kld_weight": 0.1}
{"message": "", "levelname": "INFO", "name": "Trainer", "asctime": "2026-04-28 21:22:36,293", "type": "train", "epoch": 6, "batch": 639, "n_batches": 7774, "time": 0.543, "data_time": 0.0, "lr": 0.001, "loss": -23.224, "recon_loss": -27.108, "kld_loss": 38.842, "kld_weight": 0.1}
{"message": "", "levelname": "INFO", "name": "Trainer", "asctime": "2026-04-28 21:22:43,241", "type": "train", "epoch": 6, "batch": 719, "n_batches": 7774, "time": 0.743, "data_time": 0.0, "lr": 0.001, "loss": -23.25, "recon_loss": -27.059, "kld_loss": 38.088, "kld_weight": 0.1}
{"message": "", "levelname": "INFO", "name": "Trainer", "asctime": "2026-04-28 21:22:49,490", "type": "train", "epoch": 6, "batch": 799, "n_batches": 7774, "time": 0.607, "data_time": 0.0, "lr": 0.001, "loss": -23.592, "recon_loss": -27.48, "kld_loss": 38.877, "kld_weight": 0.1}
{"message": "", "levelname": "INFO", "name": "Trainer", "asctime": "2026-04-28 21:22:56,180", "type": "train", "epoch": 6, "batch": 879, "n_batches": 7774, "time": 0.844, "data_time": 0.0, "lr": 0.001, "loss": -21.599, "recon_loss": -25.729, "kld_loss": 41.299, "kld_weight": 0.1}
{"message": "", "levelname": "INFO", "name": "Trainer", "asctime": "2026-04-28 21:23:02,605", "type": "train", "epoch": 6, "batch": 959, "n_batches": 7774, "time": 0.599, "data_time": 0.0, "lr": 0.001, "loss": -22.704, "recon_loss": -26.398, "kld_loss": 36.943, "kld_weight": 0.1}
{"message": "", "levelname": "INFO", "name": "Trainer", "asctime": "2026-04-28 21:23:08,806", "type": "train", "epoch": 6, "batch": 1039, "n_batches": 7774, "time": 0.417, "data_time": 0.0, "lr": 0.001, "loss": -25.909, "recon_loss": -29.467, "kld_loss": 35.574, "kld_weight": 0.1}
{"message": "", "levelname": "INFO", "name": "Trainer", "asctime": "2026-04-28 21:23:15,173", "type": "train", "epoch": 6, "batch": 1119, "n_batches": 7774, "time": 0.645, "data_time": 0.0, "lr": 0.001, "loss": -19.705, "recon_loss": -24.043, "kld_loss": 43.385, "kld_weight": 0.1}
{"message": "", "levelname": "INFO", "name": "Trainer", "asctime": "2026-04-28 21:23:21,680", "type": "train", "epoch": 6, "batch": 1199, "n_batches": 7774, "time": 0.683, "data_time": 0.0, "lr": 0.001, "loss": -22.767, "recon_loss": -26.682, "kld_loss": 39.158, "kld_weight": 0.1}
{"message": "", "levelname": "INFO", "name": "Trainer", "asctime": "2026-04-28 21:23:27,726", "type": "train", "epoch": 6, "batch": 1279, "n_batches": 7774, "time": 0.553, "data_time": 0.0, "lr": 0.001, "loss": -19.682, "recon_loss": -23.92, "kld_loss": 42.377, "kld_weight": 0.1}
{"message": "", "levelname": "INFO", "name": "Trainer", "asctime": "2026-04-28 21:23:34,312", "type": "train", "epoch": 6, "batch": 1359, "n_batches": 7774, "time": 0.753, "data_time": 0.0, "lr": 0.001, "loss": -22.64, "recon_loss": -26.786, "kld_loss": 41.458, "kld_weight": 0.1}
{"message": "", "levelname": "INFO", "name": "Trainer", "asctime": "2026-04-28 21:23:40,472", "type": "train", "epoch": 6, "batch": 1439, "n_batches": 7774, "time": 0.607, "data_time": 0.0, "lr": 0.001, "loss": -25.799, "recon_loss": -29.442, "kld_loss": 36.431, "kld_weight": 0.1}
{"message": "", "levelname": "INFO", "name": "Trainer", "asctime": "2026-04-28 21:23:46,742", "type": "train", "epoch": 6, "batch": 1519, "n_batches": 7774, "time": 0.589, "data_time": 0.0, "lr": 0.001, "loss": -23.096, "recon_loss": -26.437, "kld_loss": 33.413, "kld_weight": 0.1}
{"message": "", "levelname": "INFO", "name": "Trainer", "asctime": "2026-04-28 21:23:53,075", "type": "train", "epoch": 6, "batch": 1599, "n_batches": 7774, "time": 0.62, "data_time": 0.0, "lr": 0.001, "loss": -17.767, "recon_loss": -21.745, "kld_loss": 39.786, "kld_weight": 0.1}
{"message": "", "levelname": "INFO", "name": "Trainer", "asctime": "2026-04-28 21:23:59,488", "type": "train", "epoch": 6, "batch": 1679, "n_batches": 7774, "time": 0.516, "data_time": 0.0, "lr": 0.001, "loss": -25.542, "recon_loss": -28.957, "kld_loss": 34.146, "kld_weight": 0.1}
{"message": "", "levelname": "INFO", "name": "Trainer", "asctime": "2026-04-28 21:24:06,440", "type": "train", "epoch": 6, "batch": 1759, "n_batches": 7774, "time": 0.89, "data_time": 0.0, "lr": 0.001, "loss": -21.613, "recon_loss": -25.096, "kld_loss": 34.833, "kld_weight": 0.1}
{"message": "", "levelname": "INFO", "name": "Trainer", "asctime": "2026-04-28 21:24:12,942", "type": "train", "epoch": 6, "batch": 1839, "n_batches": 7774, "time": 0.493, "data_time": 0.0, "lr": 0.001, "loss": -23.728, "recon_loss": -28.114, "kld_loss": 43.864, "kld_weight": 0.1}
{"message": "", "levelname": "INFO", "name": "Trainer", "asctime": "2026-04-28 21:24:19,551", "type": "train", "epoch": 6, "batch": 1919, "n_batches": 7774, "time": 0.535, "data_time": 0.0, "lr": 0.001, "loss": -19.24, "recon_loss": -23.349, "kld_loss": 41.085, "kld_weight": 0.1}
{"message": "", "levelname": "INFO", "name": "Trainer", "asctime": "2026-04-28 21:24:25,984", "type": "train", "epoch": 6, "batch": 1999, "n_batches": 7774, "time": 0.571, "data_time": 0.0, "lr": 0.001, "loss": -25.159, "recon_loss": -28.759, "kld_loss": 35.998, "kld_weight": 0.1}
{"message": "", "levelname": "INFO", "name": "Trainer", "asctime": "2026-04-28 21:24:32,613", "type": "train", "epoch": 6, "batch": 2079, "n_batches": 7774, "time": 0.874, "data_time": 0.0, "lr": 0.001, "loss": -19.555, "recon_loss": -23.133, "kld_loss": 35.784, "kld_weight": 0.1}
{"message": "", "levelname": "INFO", "name": "Trainer", "asctime": "2026-04-28 21:24:39,345", "type": "train", "epoch": 6, "batch": 2159, "n_batches": 7774, "time": 0.782, "data_time": 0.0, "lr": 0.001, "loss": -24.488, "recon_loss": -28.342, "kld_loss": 38.54, "kld_weight": 0.1}
{"message": "", "levelname": "INFO", "name": "Trainer", "asctime": "2026-04-28 21:24:46,059", "type": "train", "epoch": 6, "batch": 2239, "n_batches": 7774, "time": 0.649, "data_time": 0.0, "lr": 0.001, "loss": -23.988, "recon_loss": -27.648, "kld_loss": 36.598, "kld_weight": 0.1}
{"message": "", "levelname": "INFO", "name": "Trainer", "asctime": "2026-04-28 21:24:52,744", "type": "train", "epoch": 6, "batch": 2319, "n_batches": 7774, "time": 0.694, "data_time": 0.0, "lr": 0.001, "loss": -19.939, "recon_loss": -24.393, "kld_loss": 44.541, "kld_weight": 0.1}
{"message": "", "levelname": "INFO", "name": "Trainer", "asctime": "2026-04-28 21:24:59,084", "type": "train", "epoch": 6, "batch": 2399, "n_batches": 7774, "time": 0.679, "data_time": 0.0, "lr": 0.001, "loss": -26.383, "recon_loss": -30.075, "kld_loss": 36.923, "kld_weight": 0.1}
{"message": "", "levelname": "INFO", "name": "Trainer", "asctime": "2026-04-28 21:25:05,552", "type": "train", "epoch": 6, "batch": 2479, "n_batches": 7774, "time": 0.684, "data_time": 0.0, "lr": 0.001, "loss": -26.544, "recon_loss": -30.686, "kld_loss": 41.427, "kld_weight": 0.1}
{"message": "", "levelname": "INFO", "name": "Trainer", "asctime": "2026-04-28 21:25:12,231", "type": "train", "epoch": 6, "batch": 2559, "n_batches": 7774, "time": 0.8, "data_time": 0.0, "lr": 0.001, "loss": -22.559, "recon_loss": -26.229, "kld_loss": 36.696, "kld_weight": 0.1}
{"message": "", "levelname": "INFO", "name": "Trainer", "asctime": "2026-04-28 21:25:18,322", "type": "train", "epoch": 6, "batch": 2639, "n_batches": 7774, "time": 0.688, "data_time": 0.0, "lr": 0.001, "loss": -17.472, "recon_loss": -21.603, "kld_loss": 41.309, "kld_weight": 0.1}
{"message": "", "levelname": "INFO", "name": "Trainer", "asctime": "2026-04-28 21:25:24,977", "type": "train", "epoch": 6, "batch": 2719, "n_batches": 7774, "time": 0.678, "data_time": 0.0, "lr": 0.001, "loss": -24.261, "recon_loss": -28.167, "kld_loss": 39.061, "kld_weight": 0.1}
{"message": "", "levelname": "INFO", "name": "Trainer", "asctime": "2026-04-28 21:25:32,047", "type": "train", "epoch": 6, "batch": 2799, "n_batches": 7774, "time": 0.746, "data_time": 0.0, "lr": 0.001, "loss": -24.507, "recon_loss": -28.088, "kld_loss": 35.81, "kld_weight": 0.1}
{"message": "", "levelname": "INFO", "name": "Trainer", "asctime": "2026-04-28 21:25:38,518", "type": "train", "epoch": 6, "batch": 2879, "n_batches": 7774, "time": 0.674, "data_time": 0.0, "lr": 0.001, "loss": -20.878, "recon_loss": -24.578, "kld_loss": 36.999, "kld_weight": 0.1}
{"message": "", "levelname": "INFO", "name": "Trainer", "asctime": "2026-04-28 21:25:44,988", "type": "train", "epoch": 6, "batch": 2959, "n_batches": 7774, "time": 0.576, "data_time": 0.0, "lr": 0.001, "loss": -25.093, "recon_loss": -28.749, "kld_loss": 36.556, "kld_weight": 0.1}
{"message": "", "levelname": "INFO", "name": "Trainer", "asctime": "2026-04-28 21:25:51,511", "type": "train", "epoch": 6, "batch": 3039, "n_batches": 7774, "time": 0.51, "data_time": 0.0, "lr": 0.001, "loss": -23.92, "recon_loss": -27.707, "kld_loss": 37.871, "kld_weight": 0.1}
{"message": "", "levelname": "INFO", "name": "Trainer", "asctime": "2026-04-28 21:25:58,363", "type": "train", "epoch": 6, "batch": 3119, "n_batches": 7774, "time": 0.613, "data_time": 0.0, "lr": 0.001, "loss": -22.692, "recon_loss": -26.805, "kld_loss": 41.129, "kld_weight": 0.1}
{"message": "", "levelname": "INFO", "name": "Trainer", "asctime": "2026-04-28 21:26:04,628", "type": "train", "epoch": 6, "batch": 3199, "n_batches": 7774, "time": 0.609, "data_time": 0.0, "lr": 0.001, "loss": -28.303, "recon_loss": -32.143, "kld_loss": 38.392, "kld_weight": 0.1}
{"message": "", "levelname": "INFO", "name": "Trainer", "asctime": "2026-04-28 21:26:10,929", "type": "train", "epoch": 6, "batch": 3279, "n_batches": 7774, "time": 0.555, "data_time": 0.0, "lr": 0.001, "loss": -17.931, "recon_loss": -21.876, "kld_loss": 39.452, "kld_weight": 0.1}
{"message": "", "levelname": "INFO", "name": "Trainer", "asctime": "2026-04-28 21:26:17,364", "type": "train", "epoch": 6, "batch": 3359, "n_batches": 7774, "time": 0.676, "data_time": 0.0, "lr": 0.001, "loss": -21.926, "recon_loss": -26.21, "kld_loss": 42.843, "kld_weight": 0.1}
{"message": "", "levelname": "INFO", "name": "Trainer", "asctime": "2026-04-28 21:26:23,591", "type": "train", "epoch": 6, "batch": 3439, "n_batches": 7774, "time": 0.664, "data_time": 0.0, "lr": 0.001, "loss": -20.772, "recon_loss": -25.167, "kld_loss": 43.945, "kld_weight": 0.1}
{"message": "", "levelname": "INFO", "name": "Trainer", "asctime": "2026-04-28 21:26:30,713", "type": "train", "epoch": 6, "batch": 3519, "n_batches": 7774, "time": 0.798, "data_time": 0.0, "lr": 0.001, "loss": -17.754, "recon_loss": -21.939, "kld_loss": 41.851, "kld_weight": 0.1}
{"message": "", "levelname": "INFO", "name": "Trainer", "asctime": "2026-04-28 21:26:37,200", "type": "train", "epoch": 6, "batch": 3599, "n_batches": 7774, "time": 0.844, "data_time": 0.0, "lr": 0.001, "loss": -18.559, "recon_loss": -22.418, "kld_loss": 38.594, "kld_weight": 0.1}
{"message": "", "levelname": "INFO", "name": "Trainer", "asctime": "2026-04-28 21:26:44,201", "type": "train", "epoch": 6, "batch": 3679, "n_batches": 7774, "time": 0.684, "data_time": 0.0, "lr": 0.001, "loss": -19.317, "recon_loss": -23.381, "kld_loss": 40.639, "kld_weight": 0.1}
{"message": "", "levelname": "INFO", "name": "Trainer", "asctime": "2026-04-28 21:26:50,397", "type": "train", "epoch": 6, "batch": 3759, "n_batches": 7774, "time": 0.587, "data_time": 0.0, "lr": 0.001, "loss": -16.811, "recon_loss": -20.898, "kld_loss": 40.873, "kld_weight": 0.1}
{"message": "", "levelname": "INFO", "name": "Trainer", "asctime": "2026-04-28 21:26:57,016", "type": "train", "epoch": 6, "batch": 3839, "n_batches": 7774, "time": 0.649, "data_time": 0.0, "lr": 0.001, "loss": -21.423, "recon_loss": -25.041, "kld_loss": 36.177, "kld_weight": 0.1}
{"message": "", "levelname": "INFO", "name": "Trainer", "asctime": "2026-04-28 21:27:03,891", "type": "train", "epoch": 6, "batch": 3919, "n_batches": 7774, "time": 0.632, "data_time": 0.0, "lr": 0.001, "loss": -18.04, "recon_loss": -22.058, "kld_loss": 40.176, "kld_weight": 0.1}
{"message": "", "levelname": "INFO", "name": "Trainer", "asctime": "2026-04-28 21:27:10,441", "type": "train", "epoch": 6, "batch": 3999, "n_batches": 7774, "time": 0.654, "data_time": 0.0, "lr": 0.001, "loss": -24.027, "recon_loss": -27.594, "kld_loss": 35.674, "kld_weight": 0.1}
{"message": "", "levelname": "INFO", "name": "Trainer", "asctime": "2026-04-28 21:27:17,092", "type": "train", "epoch": 6, "batch": 4079, "n_batches": 7774, "time": 0.634, "data_time": 0.0, "lr": 0.001, "loss": -8.405, "recon_loss": -13.642, "kld_loss": 52.372, "kld_weight": 0.1}
{"message": "", "levelname": "INFO", "name": "Trainer", "asctime": "2026-04-28 21:27:24,125", "type": "train", "epoch": 6, "batch": 4159, "n_batches": 7774, "time": 0.807, "data_time": 0.0, "lr": 0.001, "loss": -19.78, "recon_loss": -23.465, "kld_loss": 36.843, "kld_weight": 0.1}
{"message": "", "levelname": "INFO", "name": "Trainer", "asctime": "2026-04-28 21:27:29,839", "type": "train", "epoch": 6, "batch": 4239, "n_batches": 7774, "time": 0.58, "data_time": 0.0, "lr": 0.001, "loss": -18.59, "recon_loss": -22.991, "kld_loss": 44.012, "kld_weight": 0.1}
{"message": "", "levelname": "INFO", "name": "Trainer", "asctime": "2026-04-28 21:27:36,567", "type": "train", "epoch": 6, "batch": 4319, "n_batches": 7774, "time": 0.588, "data_time": 0.0, "lr": 0.001, "loss": -20.974, "recon_loss": -24.997, "kld_loss": 40.224, "kld_weight": 0.1}
{"message": "", "levelname": "INFO", "name": "Trainer", "asctime": "2026-04-28 21:27:43,320", "type": "train", "epoch": 6, "batch": 4399, "n_batches": 7774, "time": 0.83, "data_time": 0.0, "lr": 0.001, "loss": -22.546, "recon_loss": -26.364, "kld_loss": 38.179, "kld_weight": 0.1}
{"message": "", "levelname": "INFO", "name": "Trainer", "asctime": "2026-04-28 21:27:49,406", "type": "train", "epoch": 6, "batch": 4479, "n_batches": 7774, "time": 0.694, "data_time": 0.0, "lr": 0.001, "loss": -22.194, "recon_loss": -25.852, "kld_loss": 36.575, "kld_weight": 0.1}
{"message": "", "levelname": "INFO", "name": "Trainer", "asctime": "2026-04-28 21:27:55,588", "type": "train", "epoch": 6, "batch": 4559, "n_batches": 7774, "time": 0.599, "data_time": 0.0, "lr": 0.001, "loss": -17.713, "recon_loss": -21.507, "kld_loss": 37.939, "kld_weight": 0.1}
{"message": "", "levelname": "INFO", "name": "Trainer", "asctime": "2026-04-28 21:28:01,715", "type": "train", "epoch": 6, "batch": 4639, "n_batches": 7774, "time": 0.511, "data_time": 0.0, "lr": 0.001, "loss": -16.747, "recon_loss": -20.349, "kld_loss": 36.021, "kld_weight": 0.1}
{"message": "", "levelname": "INFO", "name": "Trainer", "asctime": "2026-04-28 21:28:08,388", "type": "train", "epoch": 6, "batch": 4719, "n_batches": 7774, "time": 0.799, "data_time": 0.0, "lr": 0.001, "loss": -20.787, "recon_loss": -24.269, "kld_loss": 34.818, "kld_weight": 0.1}
{"message": "", "levelname": "INFO", "name": "Trainer", "asctime": "2026-04-28 21:28:15,362", "type": "train", "epoch": 6, "batch": 4799, "n_batches": 7774, "time": 0.654, "data_time": 0.0, "lr": 0.001, "loss": -26.224, "recon_loss": -29.943, "kld_loss": 37.188, "kld_weight": 0.1}
{"message": "", "levelname": "INFO", "name": "Trainer", "asctime": "2026-04-28 21:28:21,690", "type": "train", "epoch": 6, "batch": 4879, "n_batches": 7774, "time": 0.852, "data_time": 0.0, "lr": 0.001, "loss": -23.2, "recon_loss": -26.819, "kld_loss": 36.191, "kld_weight": 0.1}
{"message": "", "levelname": "INFO", "name": "Trainer", "asctime": "2026-04-28 21:28:28,080", "type": "train", "epoch": 6, "batch": 4959, "n_batches": 7774, "time": 0.627, "data_time": 0.0, "lr": 0.001, "loss": -20.93, "recon_loss": -24.825, "kld_loss": 38.946, "kld_weight": 0.1}
{"message": "", "levelname": "INFO", "name": "Trainer", "asctime": "2026-04-28 21:28:34,784", "type": "train", "epoch": 6, "batch": 5039, "n_batches": 7774, "time": 0.69, "data_time": 0.0, "lr": 0.001, "loss": -19.657, "recon_loss": -23.475, "kld_loss": 38.181, "kld_weight": 0.1}
{"message": "", "levelname": "INFO", "name": "Trainer", "asctime": "2026-04-28 21:28:40,825", "type": "train", "epoch": 6, "batch": 5119, "n_batches": 7774, "time": 0.61, "data_time": 0.0, "lr": 0.001, "loss": -23.343, "recon_loss": -27.136, "kld_loss": 37.927, "kld_weight": 0.1}
{"message": "", "levelname": "INFO", "name": "Trainer", "asctime": "2026-04-28 21:28:47,418", "type": "train", "epoch": 6, "batch": 5199, "n_batches": 7774, "time": 0.689, "data_time": 0.0, "lr": 0.001, "loss": -18.973, "recon_loss": -22.971, "kld_loss": 39.978, "kld_weight": 0.1}
{"message": "", "levelname": "INFO", "name": "Trainer", "asctime": "2026-04-28 21:28:52,959", "type": "train", "epoch": 6, "batch": 5279, "n_batches": 7774, "time": 0.408, "data_time": 0.0, "lr": 0.001, "loss": -15.193, "recon_loss": -18.924, "kld_loss": 37.312, "kld_weight": 0.1}
{"message": "", "levelname": "INFO", "name": "Trainer", "asctime": "2026-04-28 21:28:59,706", "type": "train", "epoch": 6, "batch": 5359, "n_batches": 7774, "time": 0.598, "data_time": 0.0, "lr": 0.001, "loss": -24.99, "recon_loss": -28.494, "kld_loss": 35.039, "kld_weight": 0.1}
{"message": "", "levelname": "INFO", "name": "Trainer", "asctime": "2026-04-28 21:29:05,953", "type": "train", "epoch": 6, "batch": 5439, "n_batches": 7774, "time": 0.686, "data_time": 0.0, "lr": 0.001, "loss": -18.445, "recon_loss": -22.713, "kld_loss": 42.684, "kld_weight": 0.1}
{"message": "", "levelname": "INFO", "name": "Trainer", "asctime": "2026-04-28 21:29:12,657", "type": "train", "epoch": 6, "batch": 5519, "n_batches": 7774, "time": 0.839, "data_time": 0.0, "lr": 0.001, "loss": -25.511, "recon_loss": -29.142, "kld_loss": 36.304, "kld_weight": 0.1}
{"message": "", "levelname": "INFO", "name": "Trainer", "asctime": "2026-04-28 21:29:19,176", "type": "train", "epoch": 6, "batch": 5599, "n_batches": 7774, "time": 0.592, "data_time": 0.0, "lr": 0.001, "loss": -13.803, "recon_loss": -17.794, "kld_loss": 39.908, "kld_weight": 0.1}
{"message": "", "levelname": "INFO", "name": "Trainer", "asctime": "2026-04-28 21:29:25,764", "type": "train", "epoch": 6, "batch": 5679, "n_batches": 7774, "time": 0.757, "data_time": 0.0, "lr": 0.001, "loss": -21.519, "recon_loss": -25.099, "kld_loss": 35.8, "kld_weight": 0.1}
{"message": "", "levelname": "INFO", "name": "Trainer", "asctime": "2026-04-28 21:29:32,235", "type": "train", "epoch": 6, "batch": 5759, "n_batches": 7774, "time": 0.593, "data_time": 0.0, "lr": 0.001, "loss": -23.161, "recon_loss": -26.842, "kld_loss": 36.817, "kld_weight": 0.1}
{"message": "", "levelname": "INFO", "name": "Trainer", "asctime": "2026-04-28 21:29:38,324", "type": "train", "epoch": 6, "batch": 5839, "n_batches": 7774, "time": 0.55, "data_time": 0.0, "lr": 0.001, "loss": -22.188, "recon_loss": -26.301, "kld_loss": 41.124, "kld_weight": 0.1}
{"message": "", "levelname": "INFO", "name": "Trainer", "asctime": "2026-04-28 21:29:44,558", "type": "train", "epoch": 6, "batch": 5919, "n_batches": 7774, "time": 0.651, "data_time": 0.0, "lr": 0.001, "loss": -23.699, "recon_loss": -27.821, "kld_loss": 41.214, "kld_weight": 0.1}
{"message": "", "levelname": "INFO", "name": "Trainer", "asctime": "2026-04-28 21:29:50,615", "type": "train", "epoch": 6, "batch": 5999, "n_batches": 7774, "time": 0.636, "data_time": 0.0, "lr": 0.001, "loss": -21.765, "recon_loss": -25.585, "kld_loss": 38.2, "kld_weight": 0.1}
{"message": "", "levelname": "INFO", "name": "Trainer", "asctime": "2026-04-28 21:29:56,485", "type": "train", "epoch": 6, "batch": 6079, "n_batches": 7774, "time": 0.575, "data_time": 0.0, "lr": 0.001, "loss": -21.043, "recon_loss": -24.874, "kld_loss": 38.312, "kld_weight": 0.1}
{"message": "", "levelname": "INFO", "name": "Trainer", "asctime": "2026-04-28 21:30:02,590", "type": "train", "epoch": 6, "batch": 6159, "n_batches": 7774, "time": 0.641, "data_time": 0.0, "lr": 0.001, "loss": -20.507, "recon_loss": -24.504, "kld_loss": 39.969, "kld_weight": 0.1}
{"message": "", "levelname": "INFO", "name": "Trainer", "asctime": "2026-04-28 21:30:09,010", "type": "train", "epoch": 6, "batch": 6239, "n_batches": 7774, "time": 0.666, "data_time": 0.0, "lr": 0.001, "loss": -23.452, "recon_loss": -27.285, "kld_loss": 38.326, "kld_weight": 0.1}
{"message": "", "levelname": "INFO", "name": "Trainer", "asctime": "2026-04-28 21:30:15,991", "type": "train", "epoch": 6, "batch": 6319, "n_batches": 7774, "time": 0.74, "data_time": 0.0, "lr": 0.001, "loss": -22.442, "recon_loss": -26.36, "kld_loss": 39.178, "kld_weight": 0.1}
{"message": "", "levelname": "INFO", "name": "Trainer", "asctime": "2026-04-28 21:30:22,517", "type": "train", "epoch": 6, "batch": 6399, "n_batches": 7774, "time": 0.663, "data_time": 0.0, "lr": 0.001, "loss": -17.812, "recon_loss": -22.184, "kld_loss": 43.722, "kld_weight": 0.1}
{"message": "", "levelname": "INFO", "name": "Trainer", "asctime": "2026-04-28 21:30:28,966", "type": "train", "epoch": 6, "batch": 6479, "n_batches": 7774, "time": 0.708, "data_time": 0.0, "lr": 0.001, "loss": -14.406, "recon_loss": -19.039, "kld_loss": 46.325, "kld_weight": 0.1}
{"message": "", "levelname": "INFO", "name": "Trainer", "asctime": "2026-04-28 21:30:35,211", "type": "train", "epoch": 6, "batch": 6559, "n_batches": 7774, "time": 0.637, "data_time": 0.0, "lr": 0.001, "loss": -24.486, "recon_loss": -28.056, "kld_loss": 35.702, "kld_weight": 0.1}
{"message": "", "levelname": "INFO", "name": "Trainer", "asctime": "2026-04-28 21:30:41,569", "type": "train", "epoch": 6, "batch": 6639, "n_batches": 7774, "time": 0.54, "data_time": 0.0, "lr": 0.001, "loss": -22.833, "recon_loss": -26.449, "kld_loss": 36.156, "kld_weight": 0.1}
{"message": "", "levelname": "INFO", "name": "Trainer", "asctime": "2026-04-28 21:30:47,788", "type": "train", "epoch": 6, "batch": 6719, "n_batches": 7774, "time": 0.501, "data_time": 0.0, "lr": 0.001, "loss": -25.355, "recon_loss": -30.118, "kld_loss": 47.635, "kld_weight": 0.1}
{"message": "", "levelname": "INFO", "name": "Trainer", "asctime": "2026-04-28 21:30:54,185", "type": "train", "epoch": 6, "batch": 6799, "n_batches": 7774, "time": 0.674, "data_time": 0.0, "lr": 0.001, "loss": -21.682, "recon_loss": -25.849, "kld_loss": 41.668, "kld_weight": 0.1}
{"message": "", "levelname": "INFO", "name": "Trainer", "asctime": "2026-04-28 21:31:00,847", "type": "train", "epoch": 6, "batch": 6879, "n_batches": 7774, "time": 0.829, "data_time": 0.0, "lr": 0.001, "loss": -21.965, "recon_loss": -26.384, "kld_loss": 44.191, "kld_weight": 0.1}
{"message": "", "levelname": "INFO", "name": "Trainer", "asctime": "2026-04-28 21:31:07,818", "type": "train", "epoch": 6, "batch": 6959, "n_batches": 7774, "time": 0.67, "data_time": 0.0, "lr": 0.001, "loss": -16.638, "recon_loss": -21.224, "kld_loss": 45.86, "kld_weight": 0.1}
{"message": "", "levelname": "INFO", "name": "Trainer", "asctime": "2026-04-28 21:31:14,164", "type": "train", "epoch": 6, "batch": 7039, "n_batches": 7774, "time": 0.551, "data_time": 0.0, "lr": 0.001, "loss": -20.06, "recon_loss": -24.241, "kld_loss": 41.804, "kld_weight": 0.1}
{"message": "", "levelname": "INFO", "name": "Trainer", "asctime": "2026-04-28 21:31:20,647", "type": "train", "epoch": 6, "batch": 7119, "n_batches": 7774, "time": 0.656, "data_time": 0.0, "lr": 0.001, "loss": -7.842, "recon_loss": -12.136, "kld_loss": 42.943, "kld_weight": 0.1}
{"message": "", "levelname": "INFO", "name": "Trainer", "asctime": "2026-04-28 21:31:27,201", "type": "train", "epoch": 6, "batch": 7199, "n_batches": 7774, "time": 0.437, "data_time": 0.0, "lr": 0.001, "loss": -22.65, "recon_loss": -27.003, "kld_loss": 43.529, "kld_weight": 0.1}
{"message": "", "levelname": "INFO", "name": "Trainer", "asctime": "2026-04-28 21:31:33,757", "type": "train", "epoch": 6, "batch": 7279, "n_batches": 7774, "time": 0.747, "data_time": 0.0, "lr": 0.001, "loss": -26.079, "recon_loss": -30.403, "kld_loss": 43.242, "kld_weight": 0.1}
{"message": "", "levelname": "INFO", "name": "Trainer", "asctime": "2026-04-28 21:31:40,694", "type": "train", "epoch": 6, "batch": 7359, "n_batches": 7774, "time": 0.65, "data_time": 0.0, "lr": 0.001, "loss": -21.378, "recon_loss": -26.168, "kld_loss": 47.895, "kld_weight": 0.1}
{"message": "", "levelname": "INFO", "name": "Trainer", "asctime": "2026-04-28 21:31:46,955", "type": "train", "epoch": 6, "batch": 7439, "n_batches": 7774, "time": 0.643, "data_time": 0.0, "lr": 0.001, "loss": -21.105, "recon_loss": -24.721, "kld_loss": 36.164, "kld_weight": 0.1}
{"message": "", "levelname": "INFO", "name": "Trainer", "asctime": "2026-04-28 21:31:53,492", "type": "train", "epoch": 6, "batch": 7519, "n_batches": 7774, "time": 0.462, "data_time": 0.0, "lr": 0.001, "loss": -18.364, "recon_loss": -22.189, "kld_loss": 38.256, "kld_weight": 0.1}
{"message": "", "levelname": "INFO", "name": "Trainer", "asctime": "2026-04-28 21:32:00,679", "type": "train", "epoch": 6, "batch": 7599, "n_batches": 7774, "time": 0.742, "data_time": 0.0, "lr": 0.001, "loss": -21.755, "recon_loss": -25.888, "kld_loss": 41.323, "kld_weight": 0.1}
{"message": "", "levelname": "INFO", "name": "Trainer", "asctime": "2026-04-28 21:32:06,962", "type": "train", "epoch": 6, "batch": 7679, "n_batches": 7774, "time": 0.655, "data_time": 0.0, "lr": 0.001, "loss": -16.581, "recon_loss": -21.184, "kld_loss": 46.036, "kld_weight": 0.1}
{"message": "", "levelname": "INFO", "name": "Trainer", "asctime": "2026-04-28 21:32:13,432", "type": "train", "epoch": 6, "batch": 7759, "n_batches": 7774, "time": 0.6, "data_time": 0.0, "lr": 0.001, "loss": -23.283, "recon_loss": -26.991, "kld_loss": 37.085, "kld_weight": 0.1}
{"message": "", "levelname": "INFO", "name": "Trainer", "asctime": "2026-04-28 21:32:14,555", "type": "train-epoch", "epoch": 7, "loss": -2.64559, "recon_loss": -3.13802, "kld_loss": 4.92423, "kld_weight": 0.1, "time": 629.8}
{"message": "", "levelname": "INFO", "name": "Trainer", "asctime": "2026-04-28 21:34:06,927", "type": "val-epoch", "epoch": 7, "loss": -2.813, "test_loss": 0.232, "recon_loss": -3.296, "kld_loss": 4.826, "kld_weight": 0.1, "note": "loss is teacher-forced CVAE objective; test_loss is prior-only reconstruction", "time": 112.4}
{"message": "", "levelname": "INFO", "name": "Trainer", "asctime": "2026-04-28 21:34:13,930", "type": "train", "epoch": 7, "batch": 79, "n_batches": 7774, "time": 0.767, "data_time": 0.0, "lr": 0.001, "loss": -21.693, "recon_loss": -25.603, "kld_loss": 39.093, "kld_weight": 0.1}
{"message": "", "levelname": "INFO", "name": "Trainer", "asctime": "2026-04-28 21:34:20,305", "type": "train", "epoch": 7, "batch": 159, "n_batches": 7774, "time": 0.625, "data_time": 0.0, "lr": 0.001, "loss": -19.717, "recon_loss": -24.125, "kld_loss": 44.075, "kld_weight": 0.1}
{"message": "", "levelname": "INFO", "name": "Trainer", "asctime": "2026-04-28 21:34:26,990", "type": "train", "epoch": 7, "batch": 239, "n_batches": 7774, "time": 0.677, "data_time": 0.0, "lr": 0.001, "loss": -19.153, "recon_loss": -22.782, "kld_loss": 36.288, "kld_weight": 0.1}
{"message": "", "levelname": "INFO", "name": "Trainer", "asctime": "2026-04-28 21:34:33,709", "type": "train", "epoch": 7, "batch": 319, "n_batches": 7774, "time": 0.606, "data_time": 0.0, "lr": 0.001, "loss": -18.613, "recon_loss": -22.823, "kld_loss": 42.096, "kld_weight": 0.1}
{"message": "", "levelname": "INFO", "name": "Trainer", "asctime": "2026-04-28 21:34:40,295", "type": "train", "epoch": 7, "batch": 399, "n_batches": 7774, "time": 0.634, "data_time": 0.0, "lr": 0.001, "loss": -17.285, "recon_loss": -22.008, "kld_loss": 47.229, "kld_weight": 0.1}
{"message": "", "levelname": "INFO", "name": "Trainer", "asctime": "2026-04-28 21:34:46,584", "type": "train", "epoch": 7, "batch": 479, "n_batches": 7774, "time": 0.554, "data_time": 0.0, "lr": 0.001, "loss": -23.164, "recon_loss": -26.804, "kld_loss": 36.391, "kld_weight": 0.1}
{"message": "", "levelname": "INFO", "name": "Trainer", "asctime": "2026-04-28 21:34:53,263", "type": "train", "epoch": 7, "batch": 559, "n_batches": 7774, "time": 0.668, "data_time": 0.0, "lr": 0.001, "loss": -14.468, "recon_loss": -18.549, "kld_loss": 40.813, "kld_weight": 0.1}
{"message": "", "levelname": "INFO", "name": "Trainer", "asctime": "2026-04-28 21:35:00,179", "type": "train", "epoch": 7, "batch": 639, "n_batches": 7774, "time": 0.791, "data_time": 0.0, "lr": 0.001, "loss": -22.61, "recon_loss": -26.96, "kld_loss": 43.498, "kld_weight": 0.1}
{"message": "", "levelname": "INFO", "name": "Trainer", "asctime": "2026-04-28 21:35:06,322", "type": "train", "epoch": 7, "batch": 719, "n_batches": 7774, "time": 0.847, "data_time": 0.0, "lr": 0.001, "loss": -23.911, "recon_loss": -27.671, "kld_loss": 37.598, "kld_weight": 0.1}
{"message": "", "levelname": "INFO", "name": "Trainer", "asctime": "2026-04-28 21:35:12,613", "type": "train", "epoch": 7, "batch": 799, "n_batches": 7774, "time": 0.623, "data_time": 0.0, "lr": 0.001, "loss": -23.347, "recon_loss": -27.048, "kld_loss": 37.009, "kld_weight": 0.1}
{"message": "", "levelname": "INFO", "name": "Trainer", "asctime": "2026-04-28 21:35:18,710", "type": "train", "epoch": 7, "batch": 879, "n_batches": 7774, "time": 0.625, "data_time": 0.0, "lr": 0.001, "loss": -22.8, "recon_loss": -26.443, "kld_loss": 36.433, "kld_weight": 0.1}
{"message": "", "levelname": "INFO", "name": "Trainer", "asctime": "2026-04-28 21:35:25,315", "type": "train", "epoch": 7, "batch": 959, "n_batches": 7774, "time": 0.621, "data_time": 0.0, "lr": 0.001, "loss": -25.823, "recon_loss": -29.747, "kld_loss": 39.242, "kld_weight": 0.1}
{"message": "", "levelname": "INFO", "name": "Trainer", "asctime": "2026-04-28 21:35:31,658", "type": "train", "epoch": 7, "batch": 1039, "n_batches": 7774, "time": 0.513, "data_time": 0.0, "lr": 0.001, "loss": -22.529, "recon_loss": -26.483, "kld_loss": 39.548, "kld_weight": 0.1}
{"message": "", "levelname": "INFO", "name": "Trainer", "asctime": "2026-04-28 21:35:37,869", "type": "train", "epoch": 7, "batch": 1119, "n_batches": 7774, "time": 0.636, "data_time": 0.0, "lr": 0.001, "loss": -24.035, "recon_loss": -27.759, "kld_loss": 37.239, "kld_weight": 0.1}
{"message": "", "levelname": "INFO", "name": "Trainer", "asctime": "2026-04-28 21:35:44,791", "type": "train", "epoch": 7, "batch": 1199, "n_batches": 7774, "time": 0.538, "data_time": 0.0, "lr": 0.001, "loss": -19.599, "recon_loss": -23.494, "kld_loss": 38.945, "kld_weight": 0.1}
{"message": "", "levelname": "INFO", "name": "Trainer", "asctime": "2026-04-28 21:35:50,909", "type": "train", "epoch": 7, "batch": 1279, "n_batches": 7774, "time": 0.657, "data_time": 0.0, "lr": 0.001, "loss": -25.988, "recon_loss": -30.2, "kld_loss": 42.126, "kld_weight": 0.1}
{"message": "", "levelname": "INFO", "name": "Trainer", "asctime": "2026-04-28 21:35:58,190", "type": "train", "epoch": 7, "batch": 1359, "n_batches": 7774, "time": 0.812, "data_time": 0.0, "lr": 0.001, "loss": -20.889, "recon_loss": -24.81, "kld_loss": 39.214, "kld_weight": 0.1}
{"message": "", "levelname": "INFO", "name": "Trainer", "asctime": "2026-04-28 21:36:04,733", "type": "train", "epoch": 7, "batch": 1439, "n_batches": 7774, "time": 0.647, "data_time": 0.0, "lr": 0.001, "loss": -17.544, "recon_loss": -22.619, "kld_loss": 50.749, "kld_weight": 0.1}
{"message": "", "levelname": "INFO", "name": "Trainer", "asctime": "2026-04-28 21:36:11,453", "type": "train", "epoch": 7, "batch": 1519, "n_batches": 7774, "time": 0.539, "data_time": 0.0, "lr": 0.001, "loss": -18.002, "recon_loss": -22.244, "kld_loss": 42.417, "kld_weight": 0.1}
{"message": "", "levelname": "INFO", "name": "Trainer", "asctime": "2026-04-28 21:36:17,803", "type": "train", "epoch": 7, "batch": 1599, "n_batches": 7774, "time": 0.812, "data_time": 0.0, "lr": 0.001, "loss": -20.832, "recon_loss": -24.779, "kld_loss": 39.466, "kld_weight": 0.1}
{"message": "", "levelname": "INFO", "name": "Trainer", "asctime": "2026-04-28 21:36:23,871", "type": "train", "epoch": 7, "batch": 1679, "n_batches": 7774, "time": 0.613, "data_time": 0.0, "lr": 0.001, "loss": -14.957, "recon_loss": -19.501, "kld_loss": 45.436, "kld_weight": 0.1}
{"message": "", "levelname": "INFO", "name": "Trainer", "asctime": "2026-04-28 21:36:30,331", "type": "train", "epoch": 7, "batch": 1759, "n_batches": 7774, "time": 0.696, "data_time": 0.0, "lr": 0.001, "loss": -16.688, "recon_loss": -20.456, "kld_loss": 37.686, "kld_weight": 0.1}
{"message": "", "levelname": "INFO", "name": "Trainer", "asctime": "2026-04-28 21:36:36,717", "type": "train", "epoch": 7, "batch": 1839, "n_batches": 7774, "time": 0.54, "data_time": 0.0, "lr": 0.001, "loss": -21.785, "recon_loss": -25.512, "kld_loss": 37.271, "kld_weight": 0.1}
{"message": "", "levelname": "INFO", "name": "Trainer", "asctime": "2026-04-28 21:36:43,407", "type": "train", "epoch": 7, "batch": 1919, "n_batches": 7774, "time": 0.67, "data_time": 0.0, "lr": 0.001, "loss": -13.802, "recon_loss": -17.559, "kld_loss": 37.577, "kld_weight": 0.1}
{"message": "", "levelname": "INFO", "name": "Trainer", "asctime": "2026-04-28 21:36:50,191", "type": "train", "epoch": 7, "batch": 1999, "n_batches": 7774, "time": 0.567, "data_time": 0.0, "lr": 0.001, "loss": -18.981, "recon_loss": -23.402, "kld_loss": 44.204, "kld_weight": 0.1}
{"message": "", "levelname": "INFO", "name": "Trainer", "asctime": "2026-04-28 21:36:56,491", "type": "train", "epoch": 7, "batch": 2079, "n_batches": 7774, "time": 0.594, "data_time": 0.0, "lr": 0.001, "loss": -13.348, "recon_loss": -17.986, "kld_loss": 46.386, "kld_weight": 0.1}
{"message": "", "levelname": "INFO", "name": "Trainer", "asctime": "2026-04-28 21:37:03,022", "type": "train", "epoch": 7, "batch": 2159, "n_batches": 7774, "time": 0.617, "data_time": 0.0, "lr": 0.001, "loss": -23.982, "recon_loss": -27.593, "kld_loss": 36.118, "kld_weight": 0.1}
{"message": "", "levelname": "INFO", "name": "Trainer", "asctime": "2026-04-28 21:37:09,832", "type": "train", "epoch": 7, "batch": 2239, "n_batches": 7774, "time": 0.715, "data_time": 0.0, "lr": 0.001, "loss": -18.014, "recon_loss": -24.546, "kld_loss": 65.321, "kld_weight": 0.1}
{"message": "", "levelname": "INFO", "name": "Trainer", "asctime": "2026-04-28 21:37:16,427", "type": "train", "epoch": 7, "batch": 2319, "n_batches": 7774, "time": 0.729, "data_time": 0.0, "lr": 0.001, "loss": -24.931, "recon_loss": -29.253, "kld_loss": 43.225, "kld_weight": 0.1}
{"message": "", "levelname": "INFO", "name": "Trainer", "asctime": "2026-04-28 21:37:22,623", "type": "train", "epoch": 7, "batch": 2399, "n_batches": 7774, "time": 0.714, "data_time": 0.0, "lr": 0.001, "loss": -17.354, "recon_loss": -20.933, "kld_loss": 35.797, "kld_weight": 0.1}
{"message": "", "levelname": "INFO", "name": "Trainer", "asctime": "2026-04-28 21:37:29,055", "type": "train", "epoch": 7, "batch": 2479, "n_batches": 7774, "time": 0.487, "data_time": 0.0, "lr": 0.001, "loss": -14.444, "recon_loss": -18.902, "kld_loss": 44.585, "kld_weight": 0.1}
{"message": "", "levelname": "INFO", "name": "Trainer", "asctime": "2026-04-28 21:37:35,705", "type": "train", "epoch": 7, "batch": 2559, "n_batches": 7774, "time": 0.577, "data_time": 0.0, "lr": 0.001, "loss": -14.849, "recon_loss": -19.225, "kld_loss": 43.764, "kld_weight": 0.1}
{"message": "", "levelname": "INFO", "name": "Trainer", "asctime": "2026-04-28 21:37:42,041", "type": "train", "epoch": 7, "batch": 2639, "n_batches": 7774, "time": 0.598, "data_time": 0.0, "lr": 0.001, "loss": -23.748, "recon_loss": -27.442, "kld_loss": 36.941, "kld_weight": 0.1}
{"message": "", "levelname": "INFO", "name": "Trainer", "asctime": "2026-04-28 21:37:48,597", "type": "train", "epoch": 7, "batch": 2719, "n_batches": 7774, "time": 0.609, "data_time": 0.0, "lr": 0.001, "loss": -25.006, "recon_loss": -28.612, "kld_loss": 36.062, "kld_weight": 0.1}
{"message": "", "levelname": "INFO", "name": "Trainer", "asctime": "2026-04-28 21:37:55,528", "type": "train", "epoch": 7, "batch": 2799, "n_batches": 7774, "time": 0.686, "data_time": 0.0, "lr": 0.001, "loss": -20.282, "recon_loss": -24.658, "kld_loss": 43.762, "kld_weight": 0.1}
{"message": "", "levelname": "INFO", "name": "Trainer", "asctime": "2026-04-28 21:38:02,228", "type": "train", "epoch": 7, "batch": 2879, "n_batches": 7774, "time": 0.611, "data_time": 0.0, "lr": 0.001, "loss": -22.947, "recon_loss": -26.932, "kld_loss": 39.847, "kld_weight": 0.1}
{"message": "", "levelname": "INFO", "name": "Trainer", "asctime": "2026-04-28 21:38:08,541", "type": "train", "epoch": 7, "batch": 2959, "n_batches": 7774, "time": 0.607, "data_time": 0.0, "lr": 0.001, "loss": -18.318, "recon_loss": -22.424, "kld_loss": 41.068, "kld_weight": 0.1}
{"message": "", "levelname": "INFO", "name": "Trainer", "asctime": "2026-04-28 21:38:14,880", "type": "train", "epoch": 7, "batch": 3039, "n_batches": 7774, "time": 0.612, "data_time": 0.0, "lr": 0.001, "loss": -19.61, "recon_loss": -23.235, "kld_loss": 36.256, "kld_weight": 0.1}
{"message": "", "levelname": "INFO", "name": "Trainer", "asctime": "2026-04-28 21:38:21,193", "type": "train", "epoch": 7, "batch": 3119, "n_batches": 7774, "time": 0.573, "data_time": 0.0, "lr": 0.001, "loss": -23.883, "recon_loss": -27.672, "kld_loss": 37.893, "kld_weight": 0.1}
{"message": "", "levelname": "INFO", "name": "Trainer", "asctime": "2026-04-28 21:38:28,313", "type": "train", "epoch": 7, "batch": 3199, "n_batches": 7774, "time": 0.781, "data_time": 0.0, "lr": 0.001, "loss": -18.483, "recon_loss": -22.633, "kld_loss": 41.499, "kld_weight": 0.1}
{"message": "", "levelname": "INFO", "name": "Trainer", "asctime": "2026-04-28 21:38:34,625", "type": "train", "epoch": 7, "batch": 3279, "n_batches": 7774, "time": 0.603, "data_time": 0.0, "lr": 0.001, "loss": -20.421, "recon_loss": -24.629, "kld_loss": 42.078, "kld_weight": 0.1}
{"message": "", "levelname": "INFO", "name": "Trainer", "asctime": "2026-04-28 21:38:41,438", "type": "train", "epoch": 7, "batch": 3359, "n_batches": 7774, "time": 0.713, "data_time": 0.0, "lr": 0.001, "loss": -21.575, "recon_loss": -25.705, "kld_loss": 41.309, "kld_weight": 0.1}
{"message": "", "levelname": "INFO", "name": "Trainer", "asctime": "2026-04-28 21:38:47,698", "type": "train", "epoch": 7, "batch": 3439, "n_batches": 7774, "time": 0.512, "data_time": 0.0, "lr": 0.001, "loss": -19.507, "recon_loss": -23.947, "kld_loss": 44.404, "kld_weight": 0.1}
{"message": "", "levelname": "INFO", "name": "Trainer", "asctime": "2026-04-28 21:38:54,112", "type": "train", "epoch": 7, "batch": 3519, "n_batches": 7774, "time": 0.548, "data_time": 0.0, "lr": 0.001, "loss": -9.751, "recon_loss": -13.803, "kld_loss": 40.521, "kld_weight": 0.1}
{"message": "", "levelname": "INFO", "name": "Trainer", "asctime": "2026-04-28 21:39:00,768", "type": "train", "epoch": 7, "batch": 3599, "n_batches": 7774, "time": 0.655, "data_time": 0.0, "lr": 0.001, "loss": -22.05, "recon_loss": -26.03, "kld_loss": 39.807, "kld_weight": 0.1}
{"message": "", "levelname": "INFO", "name": "Trainer", "asctime": "2026-04-28 21:39:07,245", "type": "train", "epoch": 7, "batch": 3679, "n_batches": 7774, "time": 0.648, "data_time": 0.0, "lr": 0.001, "loss": -24.206, "recon_loss": -28.079, "kld_loss": 38.734, "kld_weight": 0.1}
{"message": "", "levelname": "INFO", "name": "Trainer", "asctime": "2026-04-28 21:39:13,557", "type": "train", "epoch": 7, "batch": 3759, "n_batches": 7774, "time": 0.642, "data_time": 0.0, "lr": 0.001, "loss": -18.599, "recon_loss": -22.042, "kld_loss": 34.431, "kld_weight": 0.1}
{"message": "", "levelname": "INFO", "name": "Trainer", "asctime": "2026-04-28 21:39:20,373", "type": "train", "epoch": 7, "batch": 3839, "n_batches": 7774, "time": 0.54, "data_time": 0.0, "lr": 0.001, "loss": -20.855, "recon_loss": -24.923, "kld_loss": 40.679, "kld_weight": 0.1}
{"message": "", "levelname": "INFO", "name": "Trainer", "asctime": "2026-04-28 21:39:26,862", "type": "train", "epoch": 7, "batch": 3919, "n_batches": 7774, "time": 0.661, "data_time": 0.0, "lr": 0.001, "loss": -22.32, "recon_loss": -25.888, "kld_loss": 35.68, "kld_weight": 0.1}
{"message": "", "levelname": "INFO", "name": "Trainer", "asctime": "2026-04-28 21:39:33,669", "type": "train", "epoch": 7, "batch": 3999, "n_batches": 7774, "time": 0.713, "data_time": 0.0, "lr": 0.001, "loss": -12.974, "recon_loss": -17.407, "kld_loss": 44.335, "kld_weight": 0.1}
{"message": "", "levelname": "INFO", "name": "Trainer", "asctime": "2026-04-28 21:39:40,299", "type": "train", "epoch": 7, "batch": 4079, "n_batches": 7774, "time": 0.634, "data_time": 0.0, "lr": 0.001, "loss": -18.164, "recon_loss": -22.411, "kld_loss": 42.475, "kld_weight": 0.1}
{"message": "", "levelname": "INFO", "name": "Trainer", "asctime": "2026-04-28 21:39:47,019", "type": "train", "epoch": 7, "batch": 4159, "n_batches": 7774, "time": 0.584, "data_time": 0.0, "lr": 0.001, "loss": -23.101, "recon_loss": -27.042, "kld_loss": 39.403, "kld_weight": 0.1}
{"message": "", "levelname": "INFO", "name": "Trainer", "asctime": "2026-04-28 21:39:53,710", "type": "train", "epoch": 7, "batch": 4239, "n_batches": 7774, "time": 0.732, "data_time": 0.0, "lr": 0.001, "loss": -17.069, "recon_loss": -21.653, "kld_loss": 45.836, "kld_weight": 0.1}
{"message": "", "levelname": "INFO", "name": "Trainer", "asctime": "2026-04-28 21:40:00,295", "type": "train", "epoch": 7, "batch": 4319, "n_batches": 7774, "time": 0.657, "data_time": 0.0, "lr": 0.001, "loss": -21.101, "recon_loss": -24.954, "kld_loss": 38.524, "kld_weight": 0.1}
{"message": "", "levelname": "INFO", "name": "Trainer", "asctime": "2026-04-28 21:40:06,810", "type": "train", "epoch": 7, "batch": 4399, "n_batches": 7774, "time": 0.548, "data_time": 0.0, "lr": 0.001, "loss": -16.127, "recon_loss": -19.997, "kld_loss": 38.696, "kld_weight": 0.1}
{"message": "", "levelname": "INFO", "name": "Trainer", "asctime": "2026-04-28 21:40:13,608", "type": "train", "epoch": 7, "batch": 4479, "n_batches": 7774, "time": 0.617, "data_time": 0.0, "lr": 0.001, "loss": -23.003, "recon_loss": -27.086, "kld_loss": 40.828, "kld_weight": 0.1}
{"message": "", "levelname": "INFO", "name": "Trainer", "asctime": "2026-04-28 21:40:20,685", "type": "train", "epoch": 7, "batch": 4559, "n_batches": 7774, "time": 0.642, "data_time": 0.0, "lr": 0.001, "loss": -20.373, "recon_loss": -24.333, "kld_loss": 39.598, "kld_weight": 0.1}
{"message": "", "levelname": "INFO", "name": "Trainer", "asctime": "2026-04-28 21:40:27,575", "type": "train", "epoch": 7, "batch": 4639, "n_batches": 7774, "time": 0.57, "data_time": 0.0, "lr": 0.001, "loss": -27.91, "recon_loss": -31.848, "kld_loss": 39.379, "kld_weight": 0.1}
{"message": "", "levelname": "INFO", "name": "Trainer", "asctime": "2026-04-28 21:40:33,630", "type": "train", "epoch": 7, "batch": 4719, "n_batches": 7774, "time": 0.666, "data_time": 0.0, "lr": 0.001, "loss": -13.705, "recon_loss": -17.236, "kld_loss": 35.311, "kld_weight": 0.1}
{"message": "", "levelname": "INFO", "name": "Trainer", "asctime": "2026-04-28 21:40:40,215", "type": "train", "epoch": 7, "batch": 4799, "n_batches": 7774, "time": 0.789, "data_time": 0.0, "lr": 0.001, "loss": -24.352, "recon_loss": -28.535, "kld_loss": 41.826, "kld_weight": 0.1}
{"message": "", "levelname": "INFO", "name": "Trainer", "asctime": "2026-04-28 21:40:46,984", "type": "train", "epoch": 7, "batch": 4879, "n_batches": 7774, "time": 0.655, "data_time": 0.0, "lr": 0.001, "loss": -22.638, "recon_loss": -26.424, "kld_loss": 37.859, "kld_weight": 0.1}
{"message": "", "levelname": "INFO", "name": "Trainer", "asctime": "2026-04-28 21:40:53,113", "type": "train", "epoch": 7, "batch": 4959, "n_batches": 7774, "time": 0.673, "data_time": 0.0, "lr": 0.001, "loss": -14.618, "recon_loss": -19.426, "kld_loss": 48.077, "kld_weight": 0.1}
{"message": "", "levelname": "INFO", "name": "Trainer", "asctime": "2026-04-28 21:40:59,734", "type": "train", "epoch": 7, "batch": 5039, "n_batches": 7774, "time": 0.772, "data_time": 0.0, "lr": 0.001, "loss": -23.992, "recon_loss": -27.888, "kld_loss": 38.956, "kld_weight": 0.1}
{"message": "", "levelname": "INFO", "name": "Trainer", "asctime": "2026-04-28 21:41:06,356", "type": "train", "epoch": 7, "batch": 5119, "n_batches": 7774, "time": 0.509, "data_time": 0.0, "lr": 0.001, "loss": -28.403, "recon_loss": -32.158, "kld_loss": 37.545, "kld_weight": 0.1}
{"message": "", "levelname": "INFO", "name": "Trainer", "asctime": "2026-04-28 21:41:12,722", "type": "train", "epoch": 7, "batch": 5199, "n_batches": 7774, "time": 0.679, "data_time": 0.0, "lr": 0.001, "loss": -24.701, "recon_loss": -28.344, "kld_loss": 36.429, "kld_weight": 0.1}
{"message": "", "levelname": "INFO", "name": "Trainer", "asctime": "2026-04-28 21:41:19,108", "type": "train", "epoch": 7, "batch": 5279, "n_batches": 7774, "time": 0.52, "data_time": 0.0, "lr": 0.001, "loss": -23.556, "recon_loss": -27.754, "kld_loss": 41.973, "kld_weight": 0.1}
{"message": "", "levelname": "INFO", "name": "Trainer", "asctime": "2026-04-28 21:41:25,509", "type": "train", "epoch": 7, "batch": 5359, "n_batches": 7774, "time": 0.569, "data_time": 0.0, "lr": 0.001, "loss": -21.41, "recon_loss": -25.404, "kld_loss": 39.947, "kld_weight": 0.1}
{"message": "", "levelname": "INFO", "name": "Trainer", "asctime": "2026-04-28 21:41:32,099", "type": "train", "epoch": 7, "batch": 5439, "n_batches": 7774, "time": 0.586, "data_time": 0.0, "lr": 0.001, "loss": -23.3, "recon_loss": -26.96, "kld_loss": 36.599, "kld_weight": 0.1}
{"message": "", "levelname": "INFO", "name": "Trainer", "asctime": "2026-04-28 21:41:38,251", "type": "train", "epoch": 7, "batch": 5519, "n_batches": 7774, "time": 0.589, "data_time": 0.0, "lr": 0.001, "loss": -27.485, "recon_loss": -31.284, "kld_loss": 37.996, "kld_weight": 0.1}
{"message": "", "levelname": "INFO", "name": "Trainer", "asctime": "2026-04-28 21:41:44,605", "type": "train", "epoch": 7, "batch": 5599, "n_batches": 7774, "time": 0.753, "data_time": 0.0, "lr": 0.001, "loss": -23.518, "recon_loss": -27.304, "kld_loss": 37.864, "kld_weight": 0.1}
{"message": "", "levelname": "INFO", "name": "Trainer", "asctime": "2026-04-28 21:41:51,503", "type": "train", "epoch": 7, "batch": 5679, "n_batches": 7774, "time": 0.818, "data_time": 0.0, "lr": 0.001, "loss": -22.164, "recon_loss": -26.37, "kld_loss": 42.05, "kld_weight": 0.1}
{"message": "", "levelname": "INFO", "name": "Trainer", "asctime": "2026-04-28 21:41:58,155", "type": "train", "epoch": 7, "batch": 5759, "n_batches": 7774, "time": 0.511, "data_time": 0.0, "lr": 0.001, "loss": -22.304, "recon_loss": -26.988, "kld_loss": 46.842, "kld_weight": 0.1}
{"message": "", "levelname": "INFO", "name": "Trainer", "asctime": "2026-04-28 21:42:05,060", "type": "train", "epoch": 7, "batch": 5839, "n_batches": 7774, "time": 0.78, "data_time": 0.0, "lr": 0.001, "loss": -19.838, "recon_loss": -23.937, "kld_loss": 40.986, "kld_weight": 0.1}
{"message": "", "levelname": "INFO", "name": "Trainer", "asctime": "2026-04-28 21:42:11,510", "type": "train", "epoch": 7, "batch": 5919, "n_batches": 7774, "time": 0.83, "data_time": 0.0, "lr": 0.001, "loss": -18.663, "recon_loss": -22.307, "kld_loss": 36.44, "kld_weight": 0.1}
{"message": "", "levelname": "INFO", "name": "Trainer", "asctime": "2026-04-28 21:42:18,286", "type": "train", "epoch": 7, "batch": 5999, "n_batches": 7774, "time": 0.58, "data_time": 0.0, "lr": 0.001, "loss": -15.367, "recon_loss": -20.567, "kld_loss": 51.997, "kld_weight": 0.1}
{"message": "", "levelname": "INFO", "name": "Trainer", "asctime": "2026-04-28 21:42:24,895", "type": "train", "epoch": 7, "batch": 6079, "n_batches": 7774, "time": 0.686, "data_time": 0.0, "lr": 0.001, "loss": -20.564, "recon_loss": -24.45, "kld_loss": 38.867, "kld_weight": 0.1}
{"message": "", "levelname": "INFO", "name": "Trainer", "asctime": "2026-04-28 21:42:31,548", "type": "train", "epoch": 7, "batch": 6159, "n_batches": 7774, "time": 0.678, "data_time": 0.0, "lr": 0.001, "loss": -23.484, "recon_loss": -27.078, "kld_loss": 35.935, "kld_weight": 0.1}
{"message": "", "levelname": "INFO", "name": "Trainer", "asctime": "2026-04-28 21:42:37,845", "type": "train", "epoch": 7, "batch": 6239, "n_batches": 7774, "time": 0.648, "data_time": 0.0, "lr": 0.001, "loss": -19.147, "recon_loss": -22.741, "kld_loss": 35.94, "kld_weight": 0.1}
{"message": "", "levelname": "INFO", "name": "Trainer", "asctime": "2026-04-28 21:42:43,985", "type": "train", "epoch": 7, "batch": 6319, "n_batches": 7774, "time": 0.583, "data_time": 0.0, "lr": 0.001, "loss": -20.492, "recon_loss": -24.848, "kld_loss": 43.558, "kld_weight": 0.1}
{"message": "", "levelname": "INFO", "name": "Trainer", "asctime": "2026-04-28 21:42:50,549", "type": "train", "epoch": 7, "batch": 6399, "n_batches": 7774, "time": 0.734, "data_time": 0.0, "lr": 0.001, "loss": -16.733, "recon_loss": -20.767, "kld_loss": 40.335, "kld_weight": 0.1}
{"message": "", "levelname": "INFO", "name": "Trainer", "asctime": "2026-04-28 21:42:56,844", "type": "train", "epoch": 7, "batch": 6479, "n_batches": 7774, "time": 0.603, "data_time": 0.0, "lr": 0.001, "loss": -28.069, "recon_loss": -32.012, "kld_loss": 39.434, "kld_weight": 0.1}
{"message": "", "levelname": "INFO", "name": "Trainer", "asctime": "2026-04-28 21:43:03,490", "type": "train", "epoch": 7, "batch": 6559, "n_batches": 7774, "time": 0.753, "data_time": 0.0, "lr": 0.001, "loss": -19.516, "recon_loss": -23.686, "kld_loss": 41.703, "kld_weight": 0.1}
{"message": "", "levelname": "INFO", "name": "Trainer", "asctime": "2026-04-28 21:43:10,417", "type": "train", "epoch": 7, "batch": 6639, "n_batches": 7774, "time": 0.693, "data_time": 0.0, "lr": 0.001, "loss": -26.186, "recon_loss": -29.876, "kld_loss": 36.895, "kld_weight": 0.1}
{"message": "", "levelname": "INFO", "name": "Trainer", "asctime": "2026-04-28 21:43:16,582", "type": "train", "epoch": 7, "batch": 6719, "n_batches": 7774, "time": 0.571, "data_time": 0.0, "lr": 0.001, "loss": -23.103, "recon_loss": -27.063, "kld_loss": 39.596, "kld_weight": 0.1}
{"message": "", "levelname": "INFO", "name": "Trainer", "asctime": "2026-04-28 21:43:22,525", "type": "train", "epoch": 7, "batch": 6799, "n_batches": 7774, "time": 0.533, "data_time": 0.0, "lr": 0.001, "loss": -18.738, "recon_loss": -23.168, "kld_loss": 44.301, "kld_weight": 0.1}
{"message": "", "levelname": "INFO", "name": "Trainer", "asctime": "2026-04-28 21:43:29,216", "type": "train", "epoch": 7, "batch": 6879, "n_batches": 7774, "time": 0.685, "data_time": 0.0, "lr": 0.001, "loss": -23.583, "recon_loss": -28.313, "kld_loss": 47.304, "kld_weight": 0.1}
{"message": "", "levelname": "INFO", "name": "Trainer", "asctime": "2026-04-28 21:43:35,521", "type": "train", "epoch": 7, "batch": 6959, "n_batches": 7774, "time": 0.528, "data_time": 0.0, "lr": 0.001, "loss": -25.663, "recon_loss": -30.119, "kld_loss": 44.559, "kld_weight": 0.1}
{"message": "", "levelname": "INFO", "name": "Trainer", "asctime": "2026-04-28 21:43:41,814", "type": "train", "epoch": 7, "batch": 7039, "n_batches": 7774, "time": 0.747, "data_time": 0.0, "lr": 0.001, "loss": -18.536, "recon_loss": -22.924, "kld_loss": 43.879, "kld_weight": 0.1}
{"message": "", "levelname": "INFO", "name": "Trainer", "asctime": "2026-04-28 21:43:48,103", "type": "train", "epoch": 7, "batch": 7119, "n_batches": 7774, "time": 0.514, "data_time": 0.0, "lr": 0.001, "loss": -22.377, "recon_loss": -26.825, "kld_loss": 44.486, "kld_weight": 0.1}
{"message": "", "levelname": "INFO", "name": "Trainer", "asctime": "2026-04-28 21:43:54,874", "type": "train", "epoch": 7, "batch": 7199, "n_batches": 7774, "time": 0.636, "data_time": 0.0, "lr": 0.001, "loss": -21.915, "recon_loss": -25.906, "kld_loss": 39.907, "kld_weight": 0.1}
{"message": "", "levelname": "INFO", "name": "Trainer", "asctime": "2026-04-28 21:44:01,576", "type": "train", "epoch": 7, "batch": 7279, "n_batches": 7774, "time": 0.61, "data_time": 0.0, "lr": 0.001, "loss": -21.089, "recon_loss": -25.092, "kld_loss": 40.03, "kld_weight": 0.1}
{"message": "", "levelname": "INFO", "name": "Trainer", "asctime": "2026-04-28 21:44:07,432", "type": "train", "epoch": 7, "batch": 7359, "n_batches": 7774, "time": 0.587, "data_time": 0.0, "lr": 0.001, "loss": -22.381, "recon_loss": -26.304, "kld_loss": 39.236, "kld_weight": 0.1}
{"message": "", "levelname": "INFO", "name": "Trainer", "asctime": "2026-04-28 21:44:13,870", "type": "train", "epoch": 7, "batch": 7439, "n_batches": 7774, "time": 0.725, "data_time": 0.0, "lr": 0.001, "loss": -17.238, "recon_loss": -21.216, "kld_loss": 39.781, "kld_weight": 0.1}
{"message": "", "levelname": "INFO", "name": "Trainer", "asctime": "2026-04-28 21:44:20,157", "type": "train", "epoch": 7, "batch": 7519, "n_batches": 7774, "time": 0.645, "data_time": 0.0, "lr": 0.001, "loss": -15.549, "recon_loss": -19.498, "kld_loss": 39.487, "kld_weight": 0.1}
{"message": "", "levelname": "INFO", "name": "Trainer", "asctime": "2026-04-28 21:44:27,002", "type": "train", "epoch": 7, "batch": 7599, "n_batches": 7774, "time": 0.678, "data_time": 0.0, "lr": 0.001, "loss": -27.554, "recon_loss": -31.091, "kld_loss": 35.363, "kld_weight": 0.1}
{"message": "", "levelname": "INFO", "name": "Trainer", "asctime": "2026-04-28 21:44:33,561", "type": "train", "epoch": 7, "batch": 7679, "n_batches": 7774, "time": 0.492, "data_time": 0.0, "lr": 0.001, "loss": -15.415, "recon_loss": -19.893, "kld_loss": 44.784, "kld_weight": 0.1}
{"message": "", "levelname": "INFO", "name": "Trainer", "asctime": "2026-04-28 21:44:40,392", "type": "train", "epoch": 7, "batch": 7759, "n_batches": 7774, "time": 0.71, "data_time": 0.0, "lr": 0.001, "loss": -21.636, "recon_loss": -25.634, "kld_loss": 39.984, "kld_weight": 0.1}
{"message": "", "levelname": "INFO", "name": "Trainer", "asctime": "2026-04-28 21:44:41,249", "type": "train-epoch", "epoch": 8, "loss": -2.65419, "recon_loss": -3.15911, "kld_loss": 5.04921, "kld_weight": 0.1, "time": 634.3}
{"message": "", "levelname": "INFO", "name": "Trainer", "asctime": "2026-04-28 21:46:33,918", "type": "val-epoch", "epoch": 8, "loss": -2.82, "test_loss": 0.243, "recon_loss": -3.308, "kld_loss": 4.888, "kld_weight": 0.1, "note": "loss is teacher-forced CVAE objective; test_loss is prior-only reconstruction", "time": 112.7}
{"message": "", "levelname": "INFO", "name": "Trainer", "asctime": "2026-04-28 21:46:40,354", "type": "train", "epoch": 8, "batch": 79, "n_batches": 7774, "time": 0.802, "data_time": 0.0, "lr": 0.001, "loss": -26.175, "recon_loss": -30.055, "kld_loss": 38.8, "kld_weight": 0.1}
{"message": "", "levelname": "INFO", "name": "Trainer", "asctime": "2026-04-28 21:46:46,967", "type": "train", "epoch": 8, "batch": 159, "n_batches": 7774, "time": 0.693, "data_time": 0.0, "lr": 0.001, "loss": -21.277, "recon_loss": -27.205, "kld_loss": 59.284, "kld_weight": 0.1}
{"message": "", "levelname": "INFO", "name": "Trainer", "asctime": "2026-04-28 21:46:53,558", "type": "train", "epoch": 8, "batch": 239, "n_batches": 7774, "time": 0.523, "data_time": 0.0, "lr": 0.001, "loss": -21.565, "recon_loss": -25.464, "kld_loss": 38.988, "kld_weight": 0.1}
{"message": "", "levelname": "INFO", "name": "Trainer", "asctime": "2026-04-28 21:47:00,405", "type": "train", "epoch": 8, "batch": 319, "n_batches": 7774, "time": 0.69, "data_time": 0.0, "lr": 0.001, "loss": -23.258, "recon_loss": -27.519, "kld_loss": 42.608, "kld_weight": 0.1}
{"message": "", "levelname": "INFO", "name": "Trainer", "asctime": "2026-04-28 21:47:06,760", "type": "train", "epoch": 8, "batch": 399, "n_batches": 7774, "time": 0.76, "data_time": 0.0, "lr": 0.001, "loss": -23.713, "recon_loss": -27.273, "kld_loss": 35.596, "kld_weight": 0.1}
{"message": "", "levelname": "INFO", "name": "Trainer", "asctime": "2026-04-28 21:47:13,350", "type": "train", "epoch": 8, "batch": 479, "n_batches": 7774, "time": 0.515, "data_time": 0.0, "lr": 0.001, "loss": -18.664, "recon_loss": -22.842, "kld_loss": 41.784, "kld_weight": 0.1}
{"message": "", "levelname": "INFO", "name": "Trainer", "asctime": "2026-04-28 21:47:19,850", "type": "train", "epoch": 8, "batch": 559, "n_batches": 7774, "time": 0.609, "data_time": 0.0, "lr": 0.001, "loss": -23.013, "recon_loss": -26.814, "kld_loss": 38.006, "kld_weight": 0.1}
{"message": "", "levelname": "INFO", "name": "Trainer", "asctime": "2026-04-28 21:47:26,494", "type": "train", "epoch": 8, "batch": 639, "n_batches": 7774, "time": 0.713, "data_time": 0.0, "lr": 0.001, "loss": -24.808, "recon_loss": -28.408, "kld_loss": 35.999, "kld_weight": 0.1}
{"message": "", "levelname": "INFO", "name": "Trainer", "asctime": "2026-04-28 21:47:32,633", "type": "train", "epoch": 8, "batch": 719, "n_batches": 7774, "time": 0.41, "data_time": 0.0, "lr": 0.001, "loss": -23.013, "recon_loss": -27.316, "kld_loss": 43.03, "kld_weight": 0.1}
{"message": "", "levelname": "INFO", "name": "Trainer", "asctime": "2026-04-28 21:47:39,430", "type": "train", "epoch": 8, "batch": 799, "n_batches": 7774, "time": 0.687, "data_time": 0.0, "lr": 0.001, "loss": -21.3, "recon_loss": -25.782, "kld_loss": 44.819, "kld_weight": 0.1}
{"message": "", "levelname": "INFO", "name": "Trainer", "asctime": "2026-04-28 21:47:46,307", "type": "train", "epoch": 8, "batch": 879, "n_batches": 7774, "time": 0.568, "data_time": 0.0, "lr": 0.001, "loss": -23.929, "recon_loss": -28.152, "kld_loss": 42.237, "kld_weight": 0.1}
{"message": "", "levelname": "INFO", "name": "Trainer", "asctime": "2026-04-28 21:47:52,559", "type": "train", "epoch": 8, "batch": 959, "n_batches": 7774, "time": 0.631, "data_time": 0.0, "lr": 0.001, "loss": -27.192, "recon_loss": -30.682, "kld_loss": 34.905, "kld_weight": 0.1}
{"message": "", "levelname": "INFO", "name": "Trainer", "asctime": "2026-04-28 21:47:58,615", "type": "train", "epoch": 8, "batch": 1039, "n_batches": 7774, "time": 0.513, "data_time": 0.0, "lr": 0.001, "loss": -23.443, "recon_loss": -27.058, "kld_loss": 36.151, "kld_weight": 0.1}
{"message": "", "levelname": "INFO", "name": "Trainer", "asctime": "2026-04-28 21:48:05,233", "type": "train", "epoch": 8, "batch": 1119, "n_batches": 7774, "time": 0.615, "data_time": 0.0, "lr": 0.001, "loss": -20.287, "recon_loss": -24.557, "kld_loss": 42.691, "kld_weight": 0.1}
{"message": "", "levelname": "INFO", "name": "Trainer", "asctime": "2026-04-28 21:48:11,532", "type": "train", "epoch": 8, "batch": 1199, "n_batches": 7774, "time": 0.54, "data_time": 0.0, "lr": 0.001, "loss": -13.17, "recon_loss": -18.022, "kld_loss": 48.517, "kld_weight": 0.1}
{"message": "", "levelname": "INFO", "name": "Trainer", "asctime": "2026-04-28 21:48:17,400", "type": "train", "epoch": 8, "batch": 1279, "n_batches": 7774, "time": 0.509, "data_time": 0.0, "lr": 0.001, "loss": -19.039, "recon_loss": -22.863, "kld_loss": 38.24, "kld_weight": 0.1}
{"message": "", "levelname": "INFO", "name": "Trainer", "asctime": "2026-04-28 21:48:23,987", "type": "train", "epoch": 8, "batch": 1359, "n_batches": 7774, "time": 0.904, "data_time": 0.0, "lr": 0.001, "loss": -18.563, "recon_loss": -24.143, "kld_loss": 55.797, "kld_weight": 0.1}
{"message": "", "levelname": "INFO", "name": "Trainer", "asctime": "2026-04-28 21:48:30,834", "type": "train", "epoch": 8, "batch": 1439, "n_batches": 7774, "time": 0.902, "data_time": 0.0, "lr": 0.001, "loss": -24.387, "recon_loss": -27.906, "kld_loss": 35.191, "kld_weight": 0.1}
{"message": "", "levelname": "INFO", "name": "Trainer", "asctime": "2026-04-28 21:48:36,906", "type": "train", "epoch": 8, "batch": 1519, "n_batches": 7774, "time": 0.564, "data_time": 0.0, "lr": 0.001, "loss": -23.286, "recon_loss": -27.287, "kld_loss": 40.011, "kld_weight": 0.1}
{"message": "", "levelname": "INFO", "name": "Trainer", "asctime": "2026-04-28 21:48:43,645", "type": "train", "epoch": 8, "batch": 1599, "n_batches": 7774, "time": 0.715, "data_time": 0.0, "lr": 0.001, "loss": -17.304, "recon_loss": -21.902, "kld_loss": 45.982, "kld_weight": 0.1}
{"message": "", "levelname": "INFO", "name": "Trainer", "asctime": "2026-04-28 21:48:50,373", "type": "train", "epoch": 8, "batch": 1679, "n_batches": 7774, "time": 0.809, "data_time": 0.0, "lr": 0.001, "loss": -14.302, "recon_loss": -18.284, "kld_loss": 39.828, "kld_weight": 0.1}
{"message": "", "levelname": "INFO", "name": "Trainer", "asctime": "2026-04-28 21:48:56,754", "type": "train", "epoch": 8, "batch": 1759, "n_batches": 7774, "time": 0.68, "data_time": 0.0, "lr": 0.001, "loss": -18.995, "recon_loss": -23.255, "kld_loss": 42.608, "kld_weight": 0.1}
{"message": "", "levelname": "INFO", "name": "Trainer", "asctime": "2026-04-28 21:49:03,393", "type": "train", "epoch": 8, "batch": 1839, "n_batches": 7774, "time": 0.617, "data_time": 0.0, "lr": 0.001, "loss": -20.993, "recon_loss": -24.879, "kld_loss": 38.862, "kld_weight": 0.1}
{"message": "", "levelname": "INFO", "name": "Trainer", "asctime": "2026-04-28 21:49:09,809", "type": "train", "epoch": 8, "batch": 1919, "n_batches": 7774, "time": 0.855, "data_time": 0.0, "lr": 0.001, "loss": -20.761, "recon_loss": -25.673, "kld_loss": 49.126, "kld_weight": 0.1}
{"message": "", "levelname": "INFO", "name": "Trainer", "asctime": "2026-04-28 21:49:16,576", "type": "train", "epoch": 8, "batch": 1999, "n_batches": 7774, "time": 0.698, "data_time": 0.0, "lr": 0.001, "loss": -20.127, "recon_loss": -24.495, "kld_loss": 43.679, "kld_weight": 0.1}
{"message": "", "levelname": "INFO", "name": "Trainer", "asctime": "2026-04-28 21:49:22,668", "type": "train", "epoch": 8, "batch": 2079, "n_batches": 7774, "time": 0.533, "data_time": 0.0, "lr": 0.001, "loss": -26.242, "recon_loss": -30.13, "kld_loss": 38.876, "kld_weight": 0.1}
{"message": "", "levelname": "INFO", "name": "Trainer", "asctime": "2026-04-28 21:49:29,180", "type": "train", "epoch": 8, "batch": 2159, "n_batches": 7774, "time": 0.645, "data_time": 0.0, "lr": 0.001, "loss": -22.444, "recon_loss": -26.265, "kld_loss": 38.211, "kld_weight": 0.1}
{"message": "", "levelname": "INFO", "name": "Trainer", "asctime": "2026-04-28 21:49:35,804", "type": "train", "epoch": 8, "batch": 2239, "n_batches": 7774, "time": 0.914, "data_time": 0.0, "lr": 0.001, "loss": -23.29, "recon_loss": -27.233, "kld_loss": 39.424, "kld_weight": 0.1}
{"message": "", "levelname": "INFO", "name": "Trainer", "asctime": "2026-04-28 21:49:42,254", "type": "train", "epoch": 8, "batch": 2319, "n_batches": 7774, "time": 0.508, "data_time": 0.0, "lr": 0.001, "loss": -17.858, "recon_loss": -22.052, "kld_loss": 41.937, "kld_weight": 0.1}
{"message": "", "levelname": "INFO", "name": "Trainer", "asctime": "2026-04-28 21:49:48,871", "type": "train", "epoch": 8, "batch": 2399, "n_batches": 7774, "time": 0.7, "data_time": 0.0, "lr": 0.001, "loss": -21.707, "recon_loss": -25.508, "kld_loss": 38.014, "kld_weight": 0.1}
{"message": "", "levelname": "INFO", "name": "Trainer", "asctime": "2026-04-28 21:49:55,364", "type": "train", "epoch": 8, "batch": 2479, "n_batches": 7774, "time": 0.87, "data_time": 0.0, "lr": 0.001, "loss": -22.343, "recon_loss": -26.156, "kld_loss": 38.126, "kld_weight": 0.1}
{"message": "", "levelname": "INFO", "name": "Trainer", "asctime": "2026-04-28 21:50:02,463", "type": "train", "epoch": 8, "batch": 2559, "n_batches": 7774, "time": 0.868, "data_time": 0.0, "lr": 0.001, "loss": -19.622, "recon_loss": -22.905, "kld_loss": 32.832, "kld_weight": 0.1}
{"message": "", "levelname": "INFO", "name": "Trainer", "asctime": "2026-04-28 21:50:08,922", "type": "train", "epoch": 8, "batch": 2639, "n_batches": 7774, "time": 0.304, "data_time": 0.0, "lr": 0.001, "loss": -19.886, "recon_loss": -23.857, "kld_loss": 39.706, "kld_weight": 0.1}
{"message": "", "levelname": "INFO", "name": "Trainer", "asctime": "2026-04-28 21:50:15,100", "type": "train", "epoch": 8, "batch": 2719, "n_batches": 7774, "time": 0.494, "data_time": 0.0, "lr": 0.001, "loss": -23.248, "recon_loss": -26.958, "kld_loss": 37.091, "kld_weight": 0.1}
{"message": "", "levelname": "INFO", "name": "Trainer", "asctime": "2026-04-28 21:50:21,806", "type": "train", "epoch": 8, "batch": 2799, "n_batches": 7774, "time": 0.686, "data_time": 0.0, "lr": 0.001, "loss": -12.441, "recon_loss": -15.981, "kld_loss": 35.402, "kld_weight": 0.1}
{"message": "", "levelname": "INFO", "name": "Trainer", "asctime": "2026-04-28 21:50:28,406", "type": "train", "epoch": 8, "batch": 2879, "n_batches": 7774, "time": 0.659, "data_time": 0.0, "lr": 0.001, "loss": -22.588, "recon_loss": -26.728, "kld_loss": 41.402, "kld_weight": 0.1}
{"message": "", "levelname": "INFO", "name": "Trainer", "asctime": "2026-04-28 21:50:34,750", "type": "train", "epoch": 8, "batch": 2959, "n_batches": 7774, "time": 0.59, "data_time": 0.0, "lr": 0.001, "loss": -24.986, "recon_loss": -29.213, "kld_loss": 42.264, "kld_weight": 0.1}
{"message": "", "levelname": "INFO", "name": "Trainer", "asctime": "2026-04-28 21:50:41,631", "type": "train", "epoch": 8, "batch": 3039, "n_batches": 7774, "time": 0.679, "data_time": 0.0, "lr": 0.001, "loss": -29.326, "recon_loss": -33.55, "kld_loss": 42.245, "kld_weight": 0.1}
{"message": "", "levelname": "INFO", "name": "Trainer", "asctime": "2026-04-28 21:50:48,394", "type": "train", "epoch": 8, "batch": 3119, "n_batches": 7774, "time": 0.705, "data_time": 0.0, "lr": 0.001, "loss": -22.242, "recon_loss": -26.642, "kld_loss": 44.008, "kld_weight": 0.1}
{"message": "", "levelname": "INFO", "name": "Trainer", "asctime": "2026-04-28 21:50:54,551", "type": "train", "epoch": 8, "batch": 3199, "n_batches": 7774, "time": 0.861, "data_time": 0.0, "lr": 0.001, "loss": -23.878, "recon_loss": -27.515, "kld_loss": 36.372, "kld_weight": 0.1}
{"message": "", "levelname": "INFO", "name": "Trainer", "asctime": "2026-04-28 21:51:00,404", "type": "train", "epoch": 8, "batch": 3279, "n_batches": 7774, "time": 0.77, "data_time": 0.0, "lr": 0.001, "loss": -23.689, "recon_loss": -27.534, "kld_loss": 38.454, "kld_weight": 0.1}
{"message": "", "levelname": "INFO", "name": "Trainer", "asctime": "2026-04-28 21:51:06,726", "type": "train", "epoch": 8, "batch": 3359, "n_batches": 7774, "time": 0.697, "data_time": 0.0, "lr": 0.001, "loss": -22.095, "recon_loss": -25.896, "kld_loss": 38.013, "kld_weight": 0.1}
{"message": "", "levelname": "INFO", "name": "Trainer", "asctime": "2026-04-28 21:51:12,804", "type": "train", "epoch": 8, "batch": 3439, "n_batches": 7774, "time": 0.659, "data_time": 0.0, "lr": 0.001, "loss": -19.064, "recon_loss": -22.978, "kld_loss": 39.138, "kld_weight": 0.1}
{"message": "", "levelname": "INFO", "name": "Trainer", "asctime": "2026-04-28 21:51:19,521", "type": "train", "epoch": 8, "batch": 3519, "n_batches": 7774, "time": 0.609, "data_time": 0.0, "lr": 0.001, "loss": -20.926, "recon_loss": -24.806, "kld_loss": 38.798, "kld_weight": 0.1}
{"message": "", "levelname": "INFO", "name": "Trainer", "asctime": "2026-04-28 21:51:26,636", "type": "train", "epoch": 8, "batch": 3599, "n_batches": 7774, "time": 0.794, "data_time": 0.0, "lr": 0.001, "loss": -20.002, "recon_loss": -24.096, "kld_loss": 40.939, "kld_weight": 0.1}
{"message": "", "levelname": "INFO", "name": "Trainer", "asctime": "2026-04-28 21:51:33,260", "type": "train", "epoch": 8, "batch": 3679, "n_batches": 7774, "time": 0.642, "data_time": 0.0, "lr": 0.001, "loss": -24.563, "recon_loss": -28.206, "kld_loss": 36.434, "kld_weight": 0.1}
{"message": "", "levelname": "INFO", "name": "Trainer", "asctime": "2026-04-28 21:51:39,780", "type": "train", "epoch": 8, "batch": 3759, "n_batches": 7774, "time": 0.836, "data_time": 0.0, "lr": 0.001, "loss": -21.648, "recon_loss": -25.413, "kld_loss": 37.645, "kld_weight": 0.1}
{"message": "", "levelname": "INFO", "name": "Trainer", "asctime": "2026-04-28 21:51:45,836", "type": "train", "epoch": 8, "batch": 3839, "n_batches": 7774, "time": 0.652, "data_time": 0.0, "lr": 0.001, "loss": -18.342, "recon_loss": -22.625, "kld_loss": 42.829, "kld_weight": 0.1}
{"message": "", "levelname": "INFO", "name": "Trainer", "asctime": "2026-04-28 21:51:52,339", "type": "train", "epoch": 8, "batch": 3919, "n_batches": 7774, "time": 0.802, "data_time": 0.0, "lr": 0.001, "loss": -25.592, "recon_loss": -29.583, "kld_loss": 39.916, "kld_weight": 0.1}
{"message": "", "levelname": "INFO", "name": "Trainer", "asctime": "2026-04-28 21:51:58,876", "type": "train", "epoch": 8, "batch": 3999, "n_batches": 7774, "time": 0.608, "data_time": 0.0, "lr": 0.001, "loss": -26.742, "recon_loss": -30.473, "kld_loss": 37.31, "kld_weight": 0.1}
{"message": "", "levelname": "INFO", "name": "Trainer", "asctime": "2026-04-28 21:52:05,366", "type": "train", "epoch": 8, "batch": 4079, "n_batches": 7774, "time": 0.583, "data_time": 0.0, "lr": 0.001, "loss": -22.952, "recon_loss": -26.773, "kld_loss": 38.207, "kld_weight": 0.1}
{"message": "", "levelname": "INFO", "name": "Trainer", "asctime": "2026-04-28 21:52:12,094", "type": "train", "epoch": 8, "batch": 4159, "n_batches": 7774, "time": 0.547, "data_time": 0.0, "lr": 0.001, "loss": -22.119, "recon_loss": -26.13, "kld_loss": 40.108, "kld_weight": 0.1}
{"message": "", "levelname": "INFO", "name": "Trainer", "asctime": "2026-04-28 21:52:19,183", "type": "train", "epoch": 8, "batch": 4239, "n_batches": 7774, "time": 0.698, "data_time": 0.0, "lr": 0.001, "loss": -21.459, "recon_loss": -25.623, "kld_loss": 41.635, "kld_weight": 0.1}
{"message": "", "levelname": "INFO", "name": "Trainer", "asctime": "2026-04-28 21:52:25,719", "type": "train", "epoch": 8, "batch": 4319, "n_batches": 7774, "time": 0.495, "data_time": 0.0, "lr": 0.001, "loss": -19.921, "recon_loss": -23.8, "kld_loss": 38.794, "kld_weight": 0.1}
{"message": "", "levelname": "INFO", "name": "Trainer", "asctime": "2026-04-28 21:52:31,779", "type": "train", "epoch": 8, "batch": 4399, "n_batches": 7774, "time": 0.485, "data_time": 0.0, "lr": 0.001, "loss": -19.982, "recon_loss": -25.075, "kld_loss": 50.932, "kld_weight": 0.1}
{"message": "", "levelname": "INFO", "name": "Trainer", "asctime": "2026-04-28 21:52:38,255", "type": "train", "epoch": 8, "batch": 4479, "n_batches": 7774, "time": 0.583, "data_time": 0.0, "lr": 0.001, "loss": -24.053, "recon_loss": -28.246, "kld_loss": 41.925, "kld_weight": 0.1}
{"message": "", "levelname": "INFO", "name": "Trainer", "asctime": "2026-04-28 21:52:44,702", "type": "train", "epoch": 8, "batch": 4559, "n_batches": 7774, "time": 0.775, "data_time": 0.0, "lr": 0.001, "loss": -22.822, "recon_loss": -26.541, "kld_loss": 37.195, "kld_weight": 0.1}
{"message": "", "levelname": "INFO", "name": "Trainer", "asctime": "2026-04-28 21:52:51,939", "type": "train", "epoch": 8, "batch": 4639, "n_batches": 7774, "time": 0.769, "data_time": 0.0, "lr": 0.001, "loss": -24.47, "recon_loss": -28.145, "kld_loss": 36.756, "kld_weight": 0.1}
{"message": "", "levelname": "INFO", "name": "Trainer", "asctime": "2026-04-28 21:52:58,310", "type": "train", "epoch": 8, "batch": 4719, "n_batches": 7774, "time": 0.556, "data_time": 0.0, "lr": 0.001, "loss": -26.135, "recon_loss": -30.14, "kld_loss": 40.056, "kld_weight": 0.1}
{"message": "", "levelname": "INFO", "name": "Trainer", "asctime": "2026-04-28 21:53:04,783", "type": "train", "epoch": 8, "batch": 4799, "n_batches": 7774, "time": 0.591, "data_time": 0.0, "lr": 0.001, "loss": -18.49, "recon_loss": -22.831, "kld_loss": 43.409, "kld_weight": 0.1}
{"message": "", "levelname": "INFO", "name": "Trainer", "asctime": "2026-04-28 21:53:11,295", "type": "train", "epoch": 8, "batch": 4879, "n_batches": 7774, "time": 0.669, "data_time": 0.0, "lr": 0.001, "loss": -26.579, "recon_loss": -30.51, "kld_loss": 39.311, "kld_weight": 0.1}
{"message": "", "levelname": "INFO", "name": "Trainer", "asctime": "2026-04-28 21:53:17,803", "type": "train", "epoch": 8, "batch": 4959, "n_batches": 7774, "time": 0.822, "data_time": 0.0, "lr": 0.001, "loss": -19.238, "recon_loss": -23.565, "kld_loss": 43.265, "kld_weight": 0.1}
{"message": "", "levelname": "INFO", "name": "Trainer", "asctime": "2026-04-28 21:53:24,237", "type": "train", "epoch": 8, "batch": 5039, "n_batches": 7774, "time": 0.791, "data_time": 0.0, "lr": 0.001, "loss": -19.624, "recon_loss": -23.836, "kld_loss": 42.121, "kld_weight": 0.1}
{"message": "", "levelname": "INFO", "name": "Trainer", "asctime": "2026-04-28 21:53:30,492", "type": "train", "epoch": 8, "batch": 5119, "n_batches": 7774, "time": 0.707, "data_time": 0.0, "lr": 0.001, "loss": -22.891, "recon_loss": -27.327, "kld_loss": 44.353, "kld_weight": 0.1}
{"message": "", "levelname": "INFO", "name": "Trainer", "asctime": "2026-04-28 21:53:37,484", "type": "train", "epoch": 8, "batch": 5199, "n_batches": 7774, "time": 0.601, "data_time": 0.0, "lr": 0.001, "loss": -19.785, "recon_loss": -24.062, "kld_loss": 42.779, "kld_weight": 0.1}
{"message": "", "levelname": "INFO", "name": "Trainer", "asctime": "2026-04-28 21:53:44,953", "type": "train", "epoch": 8, "batch": 5279, "n_batches": 7774, "time": 0.63, "data_time": 0.0, "lr": 0.001, "loss": -26.212, "recon_loss": -29.847, "kld_loss": 36.346, "kld_weight": 0.1}
{"message": "", "levelname": "INFO", "name": "Trainer", "asctime": "2026-04-28 21:53:52,148", "type": "train", "epoch": 8, "batch": 5359, "n_batches": 7774, "time": 0.628, "data_time": 0.0, "lr": 0.001, "loss": -20.362, "recon_loss": -24.265, "kld_loss": 39.033, "kld_weight": 0.1}
{"message": "", "levelname": "INFO", "name": "Trainer", "asctime": "2026-04-28 21:53:57,942", "type": "train", "epoch": 8, "batch": 5439, "n_batches": 7774, "time": 0.65, "data_time": 0.0, "lr": 0.001, "loss": -20.278, "recon_loss": -24.39, "kld_loss": 41.123, "kld_weight": 0.1}
{"message": "", "levelname": "INFO", "name": "Trainer", "asctime": "2026-04-28 21:54:04,351", "type": "train", "epoch": 8, "batch": 5519, "n_batches": 7774, "time": 0.485, "data_time": 0.0, "lr": 0.001, "loss": -24.377, "recon_loss": -28.093, "kld_loss": 37.162, "kld_weight": 0.1}
{"message": "", "levelname": "INFO", "name": "Trainer", "asctime": "2026-04-28 21:54:10,885", "type": "train", "epoch": 8, "batch": 5599, "n_batches": 7774, "time": 0.825, "data_time": 0.0, "lr": 0.001, "loss": -23.17, "recon_loss": -27.17, "kld_loss": 39.998, "kld_weight": 0.1}
{"message": "", "levelname": "INFO", "name": "Trainer", "asctime": "2026-04-28 21:54:17,532", "type": "train", "epoch": 8, "batch": 5679, "n_batches": 7774, "time": 0.72, "data_time": 0.0, "lr": 0.001, "loss": -21.76, "recon_loss": -26.301, "kld_loss": 45.41, "kld_weight": 0.1}
{"message": "", "levelname": "INFO", "name": "Trainer", "asctime": "2026-04-28 21:54:23,933", "type": "train", "epoch": 8, "batch": 5759, "n_batches": 7774, "time": 0.641, "data_time": 0.0, "lr": 0.001, "loss": -21.516, "recon_loss": -26.131, "kld_loss": 46.15, "kld_weight": 0.1}
{"message": "", "levelname": "INFO", "name": "Trainer", "asctime": "2026-04-28 21:54:30,904", "type": "train", "epoch": 8, "batch": 5839, "n_batches": 7774, "time": 0.609, "data_time": 0.0, "lr": 0.001, "loss": -25.541, "recon_loss": -29.244, "kld_loss": 37.035, "kld_weight": 0.1}
{"message": "", "levelname": "INFO", "name": "Trainer", "asctime": "2026-04-28 21:54:37,033", "type": "train", "epoch": 8, "batch": 5919, "n_batches": 7774, "time": 0.659, "data_time": 0.0, "lr": 0.001, "loss": -23.277, "recon_loss": -27.158, "kld_loss": 38.813, "kld_weight": 0.1}
{"message": "", "levelname": "INFO", "name": "Trainer", "asctime": "2026-04-28 21:54:43,641", "type": "train", "epoch": 8, "batch": 5999, "n_batches": 7774, "time": 0.56, "data_time": 0.0, "lr": 0.001, "loss": -23.324, "recon_loss": -27.608, "kld_loss": 42.836, "kld_weight": 0.1}
{"message": "", "levelname": "INFO", "name": "Trainer", "asctime": "2026-04-28 21:54:50,097", "type": "train", "epoch": 8, "batch": 6079, "n_batches": 7774, "time": 0.44, "data_time": 0.0, "lr": 0.001, "loss": -22.353, "recon_loss": -26.455, "kld_loss": 41.022, "kld_weight": 0.1}
{"message": "", "levelname": "INFO", "name": "Trainer", "asctime": "2026-04-28 21:54:56,470", "type": "train", "epoch": 8, "batch": 6159, "n_batches": 7774, "time": 0.672, "data_time": 0.0, "lr": 0.001, "loss": -22.085, "recon_loss": -26.483, "kld_loss": 43.974, "kld_weight": 0.1}
{"message": "", "levelname": "INFO", "name": "Trainer", "asctime": "2026-04-28 21:55:02,672", "type": "train", "epoch": 8, "batch": 6239, "n_batches": 7774, "time": 0.528, "data_time": 0.0, "lr": 0.001, "loss": -21.467, "recon_loss": -25.456, "kld_loss": 39.894, "kld_weight": 0.1}
{"message": "", "levelname": "INFO", "name": "Trainer", "asctime": "2026-04-28 21:55:09,303", "type": "train", "epoch": 8, "batch": 6319, "n_batches": 7774, "time": 0.805, "data_time": 0.0, "lr": 0.001, "loss": -22.931, "recon_loss": -27.199, "kld_loss": 42.683, "kld_weight": 0.1}
{"message": "", "levelname": "INFO", "name": "Trainer", "asctime": "2026-04-28 21:55:16,053", "type": "train", "epoch": 8, "batch": 6399, "n_batches": 7774, "time": 0.611, "data_time": 0.0, "lr": 0.001, "loss": -21.73, "recon_loss": -25.531, "kld_loss": 38.019, "kld_weight": 0.1}
{"message": "", "levelname": "INFO", "name": "Trainer", "asctime": "2026-04-28 21:55:22,511", "type": "train", "epoch": 8, "batch": 6479, "n_batches": 7774, "time": 0.795, "data_time": 0.0, "lr": 0.001, "loss": -16.756, "recon_loss": -21.32, "kld_loss": 45.642, "kld_weight": 0.1}
{"message": "", "levelname": "INFO", "name": "Trainer", "asctime": "2026-04-28 21:55:29,136", "type": "train", "epoch": 8, "batch": 6559, "n_batches": 7774, "time": 0.558, "data_time": 0.0, "lr": 0.001, "loss": -20.348, "recon_loss": -24.637, "kld_loss": 42.898, "kld_weight": 0.1}
{"message": "", "levelname": "INFO", "name": "Trainer", "asctime": "2026-04-28 21:55:36,119", "type": "train", "epoch": 8, "batch": 6639, "n_batches": 7774, "time": 0.538, "data_time": 0.0, "lr": 0.001, "loss": -22.593, "recon_loss": -26.348, "kld_loss": 37.554, "kld_weight": 0.1}
{"message": "", "levelname": "INFO", "name": "Trainer", "asctime": "2026-04-28 21:55:43,069", "type": "train", "epoch": 8, "batch": 6719, "n_batches": 7774, "time": 0.599, "data_time": 0.0, "lr": 0.001, "loss": -20.845, "recon_loss": -24.582, "kld_loss": 37.364, "kld_weight": 0.1}
{"message": "", "levelname": "INFO", "name": "Trainer", "asctime": "2026-04-28 21:55:50,189", "type": "train", "epoch": 8, "batch": 6799, "n_batches": 7774, "time": 0.685, "data_time": 0.0, "lr": 0.001, "loss": -19.907, "recon_loss": -24.374, "kld_loss": 44.671, "kld_weight": 0.1}
{"message": "", "levelname": "INFO", "name": "Trainer", "asctime": "2026-04-28 21:55:56,945", "type": "train", "epoch": 8, "batch": 6879, "n_batches": 7774, "time": 0.665, "data_time": 0.0, "lr": 0.001, "loss": -19.973, "recon_loss": -24.105, "kld_loss": 41.314, "kld_weight": 0.1}
{"message": "", "levelname": "INFO", "name": "Trainer", "asctime": "2026-04-28 21:56:03,320", "type": "train", "epoch": 8, "batch": 6959, "n_batches": 7774, "time": 0.826, "data_time": 0.0, "lr": 0.001, "loss": -23.802, "recon_loss": -27.377, "kld_loss": 35.754, "kld_weight": 0.1}
{"message": "", "levelname": "INFO", "name": "Trainer", "asctime": "2026-04-28 21:56:09,636", "type": "train", "epoch": 8, "batch": 7039, "n_batches": 7774, "time": 0.696, "data_time": 0.0, "lr": 0.001, "loss": -21.723, "recon_loss": -26.302, "kld_loss": 45.786, "kld_weight": 0.1}
{"message": "", "levelname": "INFO", "name": "Trainer", "asctime": "2026-04-28 21:56:16,571", "type": "train", "epoch": 8, "batch": 7119, "n_batches": 7774, "time": 0.642, "data_time": 0.0, "lr": 0.001, "loss": -14.133, "recon_loss": -18.769, "kld_loss": 46.357, "kld_weight": 0.1}
{"message": "", "levelname": "INFO", "name": "Trainer", "asctime": "2026-04-28 21:56:23,127", "type": "train", "epoch": 8, "batch": 7199, "n_batches": 7774, "time": 0.592, "data_time": 0.0, "lr": 0.001, "loss": -27.554, "recon_loss": -31.529, "kld_loss": 39.749, "kld_weight": 0.1}
{"message": "", "levelname": "INFO", "name": "Trainer", "asctime": "2026-04-28 21:56:29,306", "type": "train", "epoch": 8, "batch": 7279, "n_batches": 7774, "time": 0.594, "data_time": 0.0, "lr": 0.001, "loss": -20.488, "recon_loss": -24.412, "kld_loss": 39.247, "kld_weight": 0.1}
{"message": "", "levelname": "INFO", "name": "Trainer", "asctime": "2026-04-28 21:56:35,912", "type": "train", "epoch": 8, "batch": 7359, "n_batches": 7774, "time": 0.697, "data_time": 0.0, "lr": 0.001, "loss": -19.198, "recon_loss": -23.511, "kld_loss": 43.132, "kld_weight": 0.1}
{"message": "", "levelname": "INFO", "name": "Trainer", "asctime": "2026-04-28 21:56:42,238", "type": "train", "epoch": 8, "batch": 7439, "n_batches": 7774, "time": 0.661, "data_time": 0.0, "lr": 0.001, "loss": -11.051, "recon_loss": -15.102, "kld_loss": 40.509, "kld_weight": 0.1}
{"message": "", "levelname": "INFO", "name": "Trainer", "asctime": "2026-04-28 21:56:48,729", "type": "train", "epoch": 8, "batch": 7519, "n_batches": 7774, "time": 0.543, "data_time": 0.0, "lr": 0.001, "loss": -20.011, "recon_loss": -24.33, "kld_loss": 43.183, "kld_weight": 0.1}
{"message": "", "levelname": "INFO", "name": "Trainer", "asctime": "2026-04-28 21:56:55,117", "type": "train", "epoch": 8, "batch": 7599, "n_batches": 7774, "time": 0.617, "data_time": 0.0, "lr": 0.001, "loss": -20.842, "recon_loss": -25.175, "kld_loss": 43.336, "kld_weight": 0.1}
{"message": "", "levelname": "INFO", "name": "Trainer", "asctime": "2026-04-28 21:57:01,019", "type": "train", "epoch": 8, "batch": 7679, "n_batches": 7774, "time": 0.569, "data_time": 0.0, "lr": 0.001, "loss": -22.407, "recon_loss": -26.236, "kld_loss": 38.29, "kld_weight": 0.1}
{"message": "", "levelname": "INFO", "name": "Trainer", "asctime": "2026-04-28 21:57:07,855", "type": "train", "epoch": 8, "batch": 7759, "n_batches": 7774, "time": 0.637, "data_time": 0.0, "lr": 0.001, "loss": -21.582, "recon_loss": -26.131, "kld_loss": 45.487, "kld_weight": 0.1}
{"message": "", "levelname": "INFO", "name": "Trainer", "asctime": "2026-04-28 21:57:08,881", "type": "train-epoch", "epoch": 9, "loss": -2.66363, "recon_loss": -3.17721, "kld_loss": 5.13577, "kld_weight": 0.1, "time": 635.0}
{"message": "", "levelname": "INFO", "name": "Trainer", "asctime": "2026-04-28 21:59:02,223", "type": "val-epoch", "epoch": 9, "loss": -2.821, "test_loss": 0.336, "recon_loss": -3.356, "kld_loss": 5.349, "kld_weight": 0.1, "note": "loss is teacher-forced CVAE objective; test_loss is prior-only reconstruction", "time": 113.3}
{"message": "", "levelname": "INFO", "name": "Trainer", "asctime": "2026-04-28 21:59:08,753", "type": "train", "epoch": 9, "batch": 79, "n_batches": 7774, "time": 0.559, "data_time": 0.0, "lr": 0.001, "loss": -22.239, "recon_loss": -26.191, "kld_loss": 39.519, "kld_weight": 0.1}
{"message": "", "levelname": "INFO", "name": "Trainer", "asctime": "2026-04-28 21:59:15,402", "type": "train", "epoch": 9, "batch": 159, "n_batches": 7774, "time": 0.781, "data_time": 0.0, "lr": 0.001, "loss": -16.155, "recon_loss": -20.94, "kld_loss": 47.857, "kld_weight": 0.1}
{"message": "", "levelname": "INFO", "name": "Trainer", "asctime": "2026-04-28 21:59:22,206", "type": "train", "epoch": 9, "batch": 239, "n_batches": 7774, "time": 0.644, "data_time": 0.0, "lr": 0.001, "loss": -19.738, "recon_loss": -23.982, "kld_loss": 42.435, "kld_weight": 0.1}
{"message": "", "levelname": "INFO", "name": "Trainer", "asctime": "2026-04-28 21:59:28,788", "type": "train", "epoch": 9, "batch": 319, "n_batches": 7774, "time": 0.715, "data_time": 0.0, "lr": 0.001, "loss": -19.784, "recon_loss": -23.835, "kld_loss": 40.508, "kld_weight": 0.1}
{"message": "", "levelname": "INFO", "name": "Trainer", "asctime": "2026-04-28 21:59:35,950", "type": "train", "epoch": 9, "batch": 399, "n_batches": 7774, "time": 0.798, "data_time": 0.0, "lr": 0.001, "loss": -27.1, "recon_loss": -30.625, "kld_loss": 35.246, "kld_weight": 0.1}
{"message": "", "levelname": "INFO", "name": "Trainer", "asctime": "2026-04-28 21:59:42,176", "type": "train", "epoch": 9, "batch": 479, "n_batches": 7774, "time": 0.606, "data_time": 0.0, "lr": 0.001, "loss": -15.212, "recon_loss": -19.587, "kld_loss": 43.754, "kld_weight": 0.1}
{"message": "", "levelname": "INFO", "name": "Trainer", "asctime": "2026-04-28 21:59:48,569", "type": "train", "epoch": 9, "batch": 559, "n_batches": 7774, "time": 0.609, "data_time": 0.0, "lr": 0.001, "loss": -19.892, "recon_loss": -24.34, "kld_loss": 44.479, "kld_weight": 0.1}
{"message": "", "levelname": "INFO", "name": "Trainer", "asctime": "2026-04-28 21:59:55,287", "type": "train", "epoch": 9, "batch": 639, "n_batches": 7774, "time": 0.578, "data_time": 0.0, "lr": 0.001, "loss": -23.124, "recon_loss": -27.492, "kld_loss": 43.685, "kld_weight": 0.1}
{"message": "", "levelname": "INFO", "name": "Trainer", "asctime": "2026-04-28 22:00:02,334", "type": "train", "epoch": 9, "batch": 719, "n_batches": 7774, "time": 0.836, "data_time": 0.0, "lr": 0.001, "loss": -22.395, "recon_loss": -26.579, "kld_loss": 41.833, "kld_weight": 0.1}
{"message": "", "levelname": "INFO", "name": "Trainer", "asctime": "2026-04-28 22:00:08,585", "type": "train", "epoch": 9, "batch": 799, "n_batches": 7774, "time": 0.634, "data_time": 0.0, "lr": 0.001, "loss": -20.082, "recon_loss": -24.502, "kld_loss": 44.193, "kld_weight": 0.1}
{"message": "", "levelname": "INFO", "name": "Trainer", "asctime": "2026-04-28 22:00:15,654", "type": "train", "epoch": 9, "batch": 879, "n_batches": 7774, "time": 0.85, "data_time": 0.0, "lr": 0.001, "loss": -17.562, "recon_loss": -22.653, "kld_loss": 50.918, "kld_weight": 0.1}
{"message": "", "levelname": "INFO", "name": "Trainer", "asctime": "2026-04-28 22:00:22,081", "type": "train", "epoch": 9, "batch": 959, "n_batches": 7774, "time": 0.642, "data_time": 0.0, "lr": 0.001, "loss": -24.764, "recon_loss": -28.449, "kld_loss": 36.851, "kld_weight": 0.1}
{"message": "", "levelname": "INFO", "name": "Trainer", "asctime": "2026-04-28 22:00:28,699", "type": "train", "epoch": 9, "batch": 1039, "n_batches": 7774, "time": 0.632, "data_time": 0.0, "lr": 0.001, "loss": -26.144, "recon_loss": -29.677, "kld_loss": 35.33, "kld_weight": 0.1}
{"message": "", "levelname": "INFO", "name": "Trainer", "asctime": "2026-04-28 22:00:35,189", "type": "train", "epoch": 9, "batch": 1119, "n_batches": 7774, "time": 0.445, "data_time": 0.0, "lr": 0.001, "loss": -25.151, "recon_loss": -29.064, "kld_loss": 39.123, "kld_weight": 0.1}
{"message": "", "levelname": "INFO", "name": "Trainer", "asctime": "2026-04-28 22:00:41,612", "type": "train", "epoch": 9, "batch": 1199, "n_batches": 7774, "time": 0.699, "data_time": 0.0, "lr": 0.001, "loss": -22.834, "recon_loss": -26.559, "kld_loss": 37.25, "kld_weight": 0.1}
{"message": "", "levelname": "INFO", "name": "Trainer", "asctime": "2026-04-28 22:00:48,073", "type": "train", "epoch": 9, "batch": 1279, "n_batches": 7774, "time": 0.634, "data_time": 0.0, "lr": 0.001, "loss": -7.561, "recon_loss": -12.058, "kld_loss": 44.975, "kld_weight": 0.1}
{"message": "", "levelname": "INFO", "name": "Trainer", "asctime": "2026-04-28 22:00:54,668", "type": "train", "epoch": 9, "batch": 1359, "n_batches": 7774, "time": 0.686, "data_time": 0.0, "lr": 0.001, "loss": -19.634, "recon_loss": -23.678, "kld_loss": 40.435, "kld_weight": 0.1}
{"message": "", "levelname": "INFO", "name": "Trainer", "asctime": "2026-04-28 22:01:00,962", "type": "train", "epoch": 9, "batch": 1439, "n_batches": 7774, "time": 0.634, "data_time": 0.0, "lr": 0.001, "loss": -25.794, "recon_loss": -30.007, "kld_loss": 42.126, "kld_weight": 0.1}
{"message": "", "levelname": "INFO", "name": "Trainer", "asctime": "2026-04-28 22:01:07,490", "type": "train", "epoch": 9, "batch": 1519, "n_batches": 7774, "time": 0.834, "data_time": 0.0, "lr": 0.001, "loss": -22.703, "recon_loss": -26.523, "kld_loss": 38.205, "kld_weight": 0.1}
{"message": "", "levelname": "INFO", "name": "Trainer", "asctime": "2026-04-28 22:01:13,886", "type": "train", "epoch": 9, "batch": 1599, "n_batches": 7774, "time": 0.616, "data_time": 0.0, "lr": 0.001, "loss": -22.127, "recon_loss": -26.241, "kld_loss": 41.136, "kld_weight": 0.1}
{"message": "", "levelname": "INFO", "name": "Trainer", "asctime": "2026-04-28 22:01:20,451", "type": "train", "epoch": 9, "batch": 1679, "n_batches": 7774, "time": 0.581, "data_time": 0.0, "lr": 0.001, "loss": -24.313, "recon_loss": -28.869, "kld_loss": 45.565, "kld_weight": 0.1}
{"message": "", "levelname": "INFO", "name": "Trainer", "asctime": "2026-04-28 22:01:27,099", "type": "train", "epoch": 9, "batch": 1759, "n_batches": 7774, "time": 0.679, "data_time": 0.0, "lr": 0.001, "loss": -17.342, "recon_loss": -22.734, "kld_loss": 53.92, "kld_weight": 0.1}
{"message": "", "levelname": "INFO", "name": "Trainer", "asctime": "2026-04-28 22:01:33,337", "type": "train", "epoch": 9, "batch": 1839, "n_batches": 7774, "time": 0.616, "data_time": 0.0, "lr": 0.001, "loss": -25.692, "recon_loss": -29.914, "kld_loss": 42.228, "kld_weight": 0.1}
{"message": "", "levelname": "INFO", "name": "Trainer", "asctime": "2026-04-28 22:01:39,345", "type": "train", "epoch": 9, "batch": 1919, "n_batches": 7774, "time": 0.566, "data_time": 0.0, "lr": 0.001, "loss": -20.719, "recon_loss": -24.961, "kld_loss": 42.421, "kld_weight": 0.1}
{"message": "", "levelname": "INFO", "name": "Trainer", "asctime": "2026-04-28 22:01:46,216", "type": "train", "epoch": 9, "batch": 1999, "n_batches": 7774, "time": 0.623, "data_time": 0.0, "lr": 0.001, "loss": -16.253, "recon_loss": -21.692, "kld_loss": 54.385, "kld_weight": 0.1}
{"message": "", "levelname": "INFO", "name": "Trainer", "asctime": "2026-04-28 22:01:53,078", "type": "train", "epoch": 9, "batch": 2079, "n_batches": 7774, "time": 0.769, "data_time": 0.0, "lr": 0.001, "loss": -24.675, "recon_loss": -28.858, "kld_loss": 41.824, "kld_weight": 0.1}
{"message": "", "levelname": "INFO", "name": "Trainer", "asctime": "2026-04-28 22:02:00,217", "type": "train", "epoch": 9, "batch": 2159, "n_batches": 7774, "time": 0.547, "data_time": 0.0, "lr": 0.001, "loss": -18.91, "recon_loss": -23.901, "kld_loss": 49.906, "kld_weight": 0.1}
{"message": "", "levelname": "INFO", "name": "Trainer", "asctime": "2026-04-28 22:02:06,720", "type": "train", "epoch": 9, "batch": 2239, "n_batches": 7774, "time": 0.677, "data_time": 0.0, "lr": 0.001, "loss": -17.324, "recon_loss": -22.374, "kld_loss": 50.5, "kld_weight": 0.1}
{"message": "", "levelname": "INFO", "name": "Trainer", "asctime": "2026-04-28 22:02:13,538", "type": "train", "epoch": 9, "batch": 2319, "n_batches": 7774, "time": 0.586, "data_time": 0.0, "lr": 0.001, "loss": -23.004, "recon_loss": -26.736, "kld_loss": 37.318, "kld_weight": 0.1}
{"message": "", "levelname": "INFO", "name": "Trainer", "asctime": "2026-04-28 22:02:20,012", "type": "train", "epoch": 9, "batch": 2399, "n_batches": 7774, "time": 0.468, "data_time": 0.0, "lr": 0.001, "loss": -21.622, "recon_loss": -25.927, "kld_loss": 43.045, "kld_weight": 0.1}
{"message": "", "levelname": "INFO", "name": "Trainer", "asctime": "2026-04-28 22:02:26,442", "type": "train", "epoch": 9, "batch": 2479, "n_batches": 7774, "time": 0.787, "data_time": 0.0, "lr": 0.001, "loss": -21.707, "recon_loss": -25.986, "kld_loss": 42.795, "kld_weight": 0.1}
{"message": "", "levelname": "INFO", "name": "Trainer", "asctime": "2026-04-28 22:02:33,263", "type": "train", "epoch": 9, "batch": 2559, "n_batches": 7774, "time": 0.572, "data_time": 0.0, "lr": 0.001, "loss": -17.039, "recon_loss": -21.128, "kld_loss": 40.889, "kld_weight": 0.1}
{"message": "", "levelname": "INFO", "name": "Trainer", "asctime": "2026-04-28 22:02:39,958", "type": "train", "epoch": 9, "batch": 2639, "n_batches": 7774, "time": 0.781, "data_time": 0.0, "lr": 0.001, "loss": -19.152, "recon_loss": -23.131, "kld_loss": 39.788, "kld_weight": 0.1}
{"message": "", "levelname": "INFO", "name": "Trainer", "asctime": "2026-04-28 22:02:46,403", "type": "train", "epoch": 9, "batch": 2719, "n_batches": 7774, "time": 0.602, "data_time": 0.0, "lr": 0.001, "loss": -18.118, "recon_loss": -22.135, "kld_loss": 40.168, "kld_weight": 0.1}
{"message": "", "levelname": "INFO", "name": "Trainer", "asctime": "2026-04-28 22:02:53,210", "type": "train", "epoch": 9, "batch": 2799, "n_batches": 7774, "time": 0.538, "data_time": 0.0, "lr": 0.001, "loss": -25.973, "recon_loss": -29.977, "kld_loss": 40.04, "kld_weight": 0.1}
{"message": "", "levelname": "INFO", "name": "Trainer", "asctime": "2026-04-28 22:03:00,146", "type": "train", "epoch": 9, "batch": 2879, "n_batches": 7774, "time": 0.846, "data_time": 0.0, "lr": 0.001, "loss": -20.187, "recon_loss": -24.189, "kld_loss": 40.024, "kld_weight": 0.1}
{"message": "", "levelname": "INFO", "name": "Trainer", "asctime": "2026-04-28 22:03:06,734", "type": "train", "epoch": 9, "batch": 2959, "n_batches": 7774, "time": 0.497, "data_time": 0.0, "lr": 0.001, "loss": -19.657, "recon_loss": -24.167, "kld_loss": 45.1, "kld_weight": 0.1}
{"message": "", "levelname": "INFO", "name": "Trainer", "asctime": "2026-04-28 22:03:13,405", "type": "train", "epoch": 9, "batch": 3039, "n_batches": 7774, "time": 0.556, "data_time": 0.0, "lr": 0.001, "loss": -18.974, "recon_loss": -23.437, "kld_loss": 44.625, "kld_weight": 0.1}
{"message": "", "levelname": "INFO", "name": "Trainer", "asctime": "2026-04-28 22:03:19,841", "type": "train", "epoch": 9, "batch": 3119, "n_batches": 7774, "time": 0.655, "data_time": 0.0, "lr": 0.001, "loss": -18.03, "recon_loss": -22.015, "kld_loss": 39.854, "kld_weight": 0.1}
{"message": "", "levelname": "INFO", "name": "Trainer", "asctime": "2026-04-28 22:03:26,817", "type": "train", "epoch": 9, "batch": 3199, "n_batches": 7774, "time": 0.605, "data_time": 0.0, "lr": 0.001, "loss": -24.023, "recon_loss": -27.646, "kld_loss": 36.229, "kld_weight": 0.1}
{"message": "", "levelname": "INFO", "name": "Trainer", "asctime": "2026-04-28 22:03:32,919", "type": "train", "epoch": 9, "batch": 3279, "n_batches": 7774, "time": 0.647, "data_time": 0.0, "lr": 0.001, "loss": -21.758, "recon_loss": -25.725, "kld_loss": 39.667, "kld_weight": 0.1}
{"message": "", "levelname": "INFO", "name": "Trainer", "asctime": "2026-04-28 22:03:39,358", "type": "train", "epoch": 9, "batch": 3359, "n_batches": 7774, "time": 0.432, "data_time": 0.0, "lr": 0.001, "loss": -20.007, "recon_loss": -24.32, "kld_loss": 43.13, "kld_weight": 0.1}
{"message": "", "levelname": "INFO", "name": "Trainer", "asctime": "2026-04-28 22:03:46,524", "type": "train", "epoch": 9, "batch": 3439, "n_batches": 7774, "time": 0.765, "data_time": 0.0, "lr": 0.001, "loss": -17.066, "recon_loss": -21.72, "kld_loss": 46.534, "kld_weight": 0.1}
{"message": "", "levelname": "INFO", "name": "Trainer", "asctime": "2026-04-28 22:03:52,768", "type": "train", "epoch": 9, "batch": 3519, "n_batches": 7774, "time": 0.562, "data_time": 0.0, "lr": 0.001, "loss": -21.565, "recon_loss": -25.642, "kld_loss": 40.772, "kld_weight": 0.1}
{"message": "", "levelname": "INFO", "name": "Trainer", "asctime": "2026-04-28 22:03:59,362", "type": "train", "epoch": 9, "batch": 3599, "n_batches": 7774, "time": 0.617, "data_time": 0.0, "lr": 0.001, "loss": -23.416, "recon_loss": -28.152, "kld_loss": 47.368, "kld_weight": 0.1}
{"message": "", "levelname": "INFO", "name": "Trainer", "asctime": "2026-04-28 22:04:06,157", "type": "train", "epoch": 9, "batch": 3679, "n_batches": 7774, "time": 0.726, "data_time": 0.0, "lr": 0.001, "loss": -21.763, "recon_loss": -26.272, "kld_loss": 45.094, "kld_weight": 0.1}
{"message": "", "levelname": "INFO", "name": "Trainer", "asctime": "2026-04-28 22:04:12,917", "type": "train", "epoch": 9, "batch": 3759, "n_batches": 7774, "time": 0.582, "data_time": 0.0, "lr": 0.001, "loss": -21.362, "recon_loss": -25.658, "kld_loss": 42.959, "kld_weight": 0.1}
{"message": "", "levelname": "INFO", "name": "Trainer", "asctime": "2026-04-28 22:04:19,541", "type": "train", "epoch": 9, "batch": 3839, "n_batches": 7774, "time": 0.678, "data_time": 0.0, "lr": 0.001, "loss": -19.396, "recon_loss": -23.368, "kld_loss": 39.727, "kld_weight": 0.1}
{"message": "", "levelname": "INFO", "name": "Trainer", "asctime": "2026-04-28 22:04:26,756", "type": "train", "epoch": 9, "batch": 3919, "n_batches": 7774, "time": 0.668, "data_time": 0.0, "lr": 0.001, "loss": -26.496, "recon_loss": -30.724, "kld_loss": 42.278, "kld_weight": 0.1}
{"message": "", "levelname": "INFO", "name": "Trainer", "asctime": "2026-04-28 22:04:33,909", "type": "train", "epoch": 9, "batch": 3999, "n_batches": 7774, "time": 0.854, "data_time": 0.0, "lr": 0.001, "loss": -18.507, "recon_loss": -23.029, "kld_loss": 45.23, "kld_weight": 0.1}
{"message": "", "levelname": "INFO", "name": "Trainer", "asctime": "2026-04-28 22:04:41,409", "type": "train", "epoch": 9, "batch": 4079, "n_batches": 7774, "time": 0.818, "data_time": 0.0, "lr": 0.001, "loss": -23.498, "recon_loss": -27.293, "kld_loss": 37.95, "kld_weight": 0.1}
{"message": "", "levelname": "INFO", "name": "Trainer", "asctime": "2026-04-28 22:04:47,932", "type": "train", "epoch": 9, "batch": 4159, "n_batches": 7774, "time": 0.629, "data_time": 0.0, "lr": 0.001, "loss": -21.781, "recon_loss": -25.798, "kld_loss": 40.167, "kld_weight": 0.1}
{"message": "", "levelname": "INFO", "name": "Trainer", "asctime": "2026-04-28 22:04:54,426", "type": "train", "epoch": 9, "batch": 4239, "n_batches": 7774, "time": 0.536, "data_time": 0.0, "lr": 0.001, "loss": -23.362, "recon_loss": -27.558, "kld_loss": 41.959, "kld_weight": 0.1}
{"message": "", "levelname": "INFO", "name": "Trainer", "asctime": "2026-04-28 22:05:00,570", "type": "train", "epoch": 9, "batch": 4319, "n_batches": 7774, "time": 0.618, "data_time": 0.0, "lr": 0.001, "loss": -16.251, "recon_loss": -20.854, "kld_loss": 46.032, "kld_weight": 0.1}
{"message": "", "levelname": "INFO", "name": "Trainer", "asctime": "2026-04-28 22:05:06,902", "type": "train", "epoch": 9, "batch": 4399, "n_batches": 7774, "time": 0.645, "data_time": 0.0, "lr": 0.001, "loss": -25.426, "recon_loss": -29.735, "kld_loss": 43.093, "kld_weight": 0.1}
{"message": "", "levelname": "INFO", "name": "Trainer", "asctime": "2026-04-28 22:05:13,564", "type": "train", "epoch": 9, "batch": 4479, "n_batches": 7774, "time": 0.691, "data_time": 0.0, "lr": 0.001, "loss": -19.304, "recon_loss": -23.982, "kld_loss": 46.788, "kld_weight": 0.1}
{"message": "", "levelname": "INFO", "name": "Trainer", "asctime": "2026-04-28 22:05:19,845", "type": "train", "epoch": 9, "batch": 4559, "n_batches": 7774, "time": 0.592, "data_time": 0.0, "lr": 0.001, "loss": -22.392, "recon_loss": -26.477, "kld_loss": 40.849, "kld_weight": 0.1}
{"message": "", "levelname": "INFO", "name": "Trainer", "asctime": "2026-04-28 22:05:26,348", "type": "train", "epoch": 9, "batch": 4639, "n_batches": 7774, "time": 0.664, "data_time": 0.0, "lr": 0.001, "loss": -28.741, "recon_loss": -32.783, "kld_loss": 40.42, "kld_weight": 0.1}
{"message": "", "levelname": "INFO", "name": "Trainer", "asctime": "2026-04-28 22:05:33,214", "type": "train", "epoch": 9, "batch": 4719, "n_batches": 7774, "time": 0.75, "data_time": 0.0, "lr": 0.001, "loss": -25.931, "recon_loss": -30.578, "kld_loss": 46.464, "kld_weight": 0.1}
{"message": "", "levelname": "INFO", "name": "Trainer", "asctime": "2026-04-28 22:05:39,477", "type": "train", "epoch": 9, "batch": 4799, "n_batches": 7774, "time": 0.715, "data_time": 0.0, "lr": 0.001, "loss": -26.814, "recon_loss": -30.825, "kld_loss": 40.107, "kld_weight": 0.1}
{"message": "", "levelname": "INFO", "name": "Trainer", "asctime": "2026-04-28 22:05:45,890", "type": "train", "epoch": 9, "batch": 4879, "n_batches": 7774, "time": 0.725, "data_time": 0.0, "lr": 0.001, "loss": -28.435, "recon_loss": -32.224, "kld_loss": 37.887, "kld_weight": 0.1}
{"message": "", "levelname": "INFO", "name": "Trainer", "asctime": "2026-04-28 22:05:52,447", "type": "train", "epoch": 9, "batch": 4959, "n_batches": 7774, "time": 0.579, "data_time": 0.0, "lr": 0.001, "loss": -19.868, "recon_loss": -23.596, "kld_loss": 37.28, "kld_weight": 0.1}
{"message": "", "levelname": "INFO", "name": "Trainer", "asctime": "2026-04-28 22:05:59,332", "type": "train", "epoch": 9, "batch": 5039, "n_batches": 7774, "time": 0.594, "data_time": 0.0, "lr": 0.001, "loss": -21.588, "recon_loss": -26.004, "kld_loss": 44.162, "kld_weight": 0.1}
{"message": "", "levelname": "INFO", "name": "Trainer", "asctime": "2026-04-28 22:06:05,817", "type": "train", "epoch": 9, "batch": 5119, "n_batches": 7774, "time": 0.482, "data_time": 0.0, "lr": 0.001, "loss": -25.677, "recon_loss": -29.543, "kld_loss": 38.653, "kld_weight": 0.1}
{"message": "", "levelname": "INFO", "name": "Trainer", "asctime": "2026-04-28 22:06:12,436", "type": "train", "epoch": 9, "batch": 5199, "n_batches": 7774, "time": 0.531, "data_time": 0.0, "lr": 0.001, "loss": -16.555, "recon_loss": -21.277, "kld_loss": 47.227, "kld_weight": 0.1}
{"message": "", "levelname": "INFO", "name": "Trainer", "asctime": "2026-04-28 22:06:18,529", "type": "train", "epoch": 9, "batch": 5279, "n_batches": 7774, "time": 0.511, "data_time": 0.0, "lr": 0.001, "loss": -23.832, "recon_loss": -28.604, "kld_loss": 47.712, "kld_weight": 0.1}
{"message": "", "levelname": "INFO", "name": "Trainer", "asctime": "2026-04-28 22:06:25,019", "type": "train", "epoch": 9, "batch": 5359, "n_batches": 7774, "time": 0.663, "data_time": 0.0, "lr": 0.001, "loss": -20.918, "recon_loss": -25.08, "kld_loss": 41.626, "kld_weight": 0.1}
{"message": "", "levelname": "INFO", "name": "Trainer", "asctime": "2026-04-28 22:06:31,306", "type": "train", "epoch": 9, "batch": 5439, "n_batches": 7774, "time": 0.726, "data_time": 0.0, "lr": 0.001, "loss": -17.0, "recon_loss": -21.259, "kld_loss": 42.587, "kld_weight": 0.1}
{"message": "", "levelname": "INFO", "name": "Trainer", "asctime": "2026-04-28 22:06:38,117", "type": "train", "epoch": 9, "batch": 5519, "n_batches": 7774, "time": 0.618, "data_time": 0.0, "lr": 0.001, "loss": -18.298, "recon_loss": -22.408, "kld_loss": 41.098, "kld_weight": 0.1}
{"message": "", "levelname": "INFO", "name": "Trainer", "asctime": "2026-04-28 22:06:44,979", "type": "train", "epoch": 9, "batch": 5599, "n_batches": 7774, "time": 0.676, "data_time": 0.0, "lr": 0.001, "loss": -22.362, "recon_loss": -26.401, "kld_loss": 40.393, "kld_weight": 0.1}
{"message": "", "levelname": "INFO", "name": "Trainer", "asctime": "2026-04-28 22:06:51,470", "type": "train", "epoch": 9, "batch": 5679, "n_batches": 7774, "time": 0.658, "data_time": 0.0, "lr": 0.001, "loss": -26.396, "recon_loss": -30.211, "kld_loss": 38.154, "kld_weight": 0.1}
{"message": "", "levelname": "INFO", "name": "Trainer", "asctime": "2026-04-28 22:06:58,115", "type": "train", "epoch": 9, "batch": 5759, "n_batches": 7774, "time": 0.587, "data_time": 0.0, "lr": 0.001, "loss": -23.139, "recon_loss": -28.228, "kld_loss": 50.89, "kld_weight": 0.1}
{"message": "", "levelname": "INFO", "name": "Trainer", "asctime": "2026-04-28 22:07:04,319", "type": "train", "epoch": 9, "batch": 5839, "n_batches": 7774, "time": 0.78, "data_time": 0.0, "lr": 0.001, "loss": -28.235, "recon_loss": -32.448, "kld_loss": 42.128, "kld_weight": 0.1}
{"message": "", "levelname": "INFO", "name": "Trainer", "asctime": "2026-04-28 22:07:10,947", "type": "train", "epoch": 9, "batch": 5919, "n_batches": 7774, "time": 0.613, "data_time": 0.0, "lr": 0.001, "loss": -21.722, "recon_loss": -25.729, "kld_loss": 40.068, "kld_weight": 0.1}
{"message": "", "levelname": "INFO", "name": "Trainer", "asctime": "2026-04-28 22:07:17,387", "type": "train", "epoch": 9, "batch": 5999, "n_batches": 7774, "time": 0.537, "data_time": 0.0, "lr": 0.001, "loss": -21.475, "recon_loss": -25.501, "kld_loss": 40.257, "kld_weight": 0.1}
{"message": "", "levelname": "INFO", "name": "Trainer", "asctime": "2026-04-28 22:07:24,190", "type": "train", "epoch": 9, "batch": 6079, "n_batches": 7774, "time": 0.808, "data_time": 0.0, "lr": 0.001, "loss": -22.011, "recon_loss": -26.369, "kld_loss": 43.585, "kld_weight": 0.1}
{"message": "", "levelname": "INFO", "name": "Trainer", "asctime": "2026-04-28 22:07:31,021", "type": "train", "epoch": 9, "batch": 6159, "n_batches": 7774, "time": 0.669, "data_time": 0.0, "lr": 0.001, "loss": -10.349, "recon_loss": -16.136, "kld_loss": 57.874, "kld_weight": 0.1}
{"message": "", "levelname": "INFO", "name": "Trainer", "asctime": "2026-04-28 22:07:37,353", "type": "train", "epoch": 9, "batch": 6239, "n_batches": 7774, "time": 0.798, "data_time": 0.0, "lr": 0.001, "loss": -21.806, "recon_loss": -26.049, "kld_loss": 42.433, "kld_weight": 0.1}
{"message": "", "levelname": "INFO", "name": "Trainer", "asctime": "2026-04-28 22:07:43,730", "type": "train", "epoch": 9, "batch": 6319, "n_batches": 7774, "time": 0.565, "data_time": 0.0, "lr": 0.001, "loss": -22.947, "recon_loss": -27.134, "kld_loss": 41.865, "kld_weight": 0.1}
{"message": "", "levelname": "INFO", "name": "Trainer", "asctime": "2026-04-28 22:07:49,950", "type": "train", "epoch": 9, "batch": 6399, "n_batches": 7774, "time": 0.77, "data_time": 0.0, "lr": 0.001, "loss": -21.135, "recon_loss": -24.982, "kld_loss": 38.471, "kld_weight": 0.1}
{"message": "", "levelname": "INFO", "name": "Trainer", "asctime": "2026-04-28 22:07:56,220", "type": "train", "epoch": 9, "batch": 6479, "n_batches": 7774, "time": 0.59, "data_time": 0.0, "lr": 0.001, "loss": -23.834, "recon_loss": -27.764, "kld_loss": 39.297, "kld_weight": 0.1}
{"message": "", "levelname": "INFO", "name": "Trainer", "asctime": "2026-04-28 22:08:02,456", "type": "train", "epoch": 9, "batch": 6559, "n_batches": 7774, "time": 0.651, "data_time": 0.0, "lr": 0.001, "loss": -13.669, "recon_loss": -19.62, "kld_loss": 59.51, "kld_weight": 0.1}
{"message": "", "levelname": "INFO", "name": "Trainer", "asctime": "2026-04-28 22:08:09,003", "type": "train", "epoch": 9, "batch": 6639, "n_batches": 7774, "time": 0.557, "data_time": 0.0, "lr": 0.001, "loss": -17.959, "recon_loss": -22.496, "kld_loss": 45.368, "kld_weight": 0.1}
{"message": "", "levelname": "INFO", "name": "Trainer", "asctime": "2026-04-28 22:08:15,115", "type": "train", "epoch": 9, "batch": 6719, "n_batches": 7774, "time": 0.716, "data_time": 0.0, "lr": 0.001, "loss": -17.333, "recon_loss": -21.441, "kld_loss": 41.083, "kld_weight": 0.1}
{"message": "", "levelname": "INFO", "name": "Trainer", "asctime": "2026-04-28 22:08:22,049", "type": "train", "epoch": 9, "batch": 6799, "n_batches": 7774, "time": 0.686, "data_time": 0.0, "lr": 0.001, "loss": -19.598, "recon_loss": -23.646, "kld_loss": 40.48, "kld_weight": 0.1}
{"message": "", "levelname": "INFO", "name": "Trainer", "asctime": "2026-04-28 22:08:28,263", "type": "train", "epoch": 9, "batch": 6879, "n_batches": 7774, "time": 0.564, "data_time": 0.0, "lr": 0.001, "loss": -21.218, "recon_loss": -25.058, "kld_loss": 38.407, "kld_weight": 0.1}
{"message": "", "levelname": "INFO", "name": "Trainer", "asctime": "2026-04-28 22:08:34,572", "type": "train", "epoch": 9, "batch": 6959, "n_batches": 7774, "time": 0.784, "data_time": 0.0, "lr": 0.001, "loss": -24.547, "recon_loss": -28.352, "kld_loss": 38.052, "kld_weight": 0.1}
{"message": "", "levelname": "INFO", "name": "Trainer", "asctime": "2026-04-28 22:08:41,511", "type": "train", "epoch": 9, "batch": 7039, "n_batches": 7774, "time": 0.774, "data_time": 0.0, "lr": 0.001, "loss": -20.462, "recon_loss": -24.503, "kld_loss": 40.407, "kld_weight": 0.1}
{"message": "", "levelname": "INFO", "name": "Trainer", "asctime": "2026-04-28 22:08:48,508", "type": "train", "epoch": 9, "batch": 7119, "n_batches": 7774, "time": 0.707, "data_time": 0.0, "lr": 0.001, "loss": -20.153, "recon_loss": -25.548, "kld_loss": 53.951, "kld_weight": 0.1}
{"message": "", "levelname": "INFO", "name": "Trainer", "asctime": "2026-04-28 22:08:54,896", "type": "train", "epoch": 9, "batch": 7199, "n_batches": 7774, "time": 0.744, "data_time": 0.0, "lr": 0.001, "loss": -22.228, "recon_loss": -26.43, "kld_loss": 42.024, "kld_weight": 0.1}
{"message": "", "levelname": "INFO", "name": "Trainer", "asctime": "2026-04-28 22:09:01,304", "type": "train", "epoch": 9, "batch": 7279, "n_batches": 7774, "time": 0.605, "data_time": 0.0, "lr": 0.001, "loss": -23.21, "recon_loss": -27.563, "kld_loss": 43.529, "kld_weight": 0.1}
{"message": "", "levelname": "INFO", "name": "Trainer", "asctime": "2026-04-28 22:09:07,438", "type": "train", "epoch": 9, "batch": 7359, "n_batches": 7774, "time": 0.64, "data_time": 0.0, "lr": 0.001, "loss": -19.405, "recon_loss": -23.736, "kld_loss": 43.307, "kld_weight": 0.1}
{"message": "", "levelname": "INFO", "name": "Trainer", "asctime": "2026-04-28 22:09:14,276", "type": "train", "epoch": 9, "batch": 7439, "n_batches": 7774, "time": 0.571, "data_time": 0.0, "lr": 0.001, "loss": -21.474, "recon_loss": -25.721, "kld_loss": 42.471, "kld_weight": 0.1}
{"message": "", "levelname": "INFO", "name": "Trainer", "asctime": "2026-04-28 22:09:20,937", "type": "train", "epoch": 9, "batch": 7519, "n_batches": 7774, "time": 0.671, "data_time": 0.0, "lr": 0.001, "loss": -24.683, "recon_loss": -28.6, "kld_loss": 39.173, "kld_weight": 0.1}
{"message": "", "levelname": "INFO", "name": "Trainer", "asctime": "2026-04-28 22:09:27,301", "type": "train", "epoch": 9, "batch": 7599, "n_batches": 7774, "time": 0.586, "data_time": 0.0, "lr": 0.001, "loss": -21.331, "recon_loss": -25.323, "kld_loss": 39.925, "kld_weight": 0.1}
{"message": "", "levelname": "INFO", "name": "Trainer", "asctime": "2026-04-28 22:09:34,133", "type": "train", "epoch": 9, "batch": 7679, "n_batches": 7774, "time": 0.706, "data_time": 0.0, "lr": 0.001, "loss": -17.477, "recon_loss": -21.766, "kld_loss": 42.885, "kld_weight": 0.1}
{"message": "", "levelname": "INFO", "name": "Trainer", "asctime": "2026-04-28 22:09:40,930", "type": "train", "epoch": 9, "batch": 7759, "n_batches": 7774, "time": 0.767, "data_time": 0.0, "lr": 0.001, "loss": -16.384, "recon_loss": -21.033, "kld_loss": 46.489, "kld_weight": 0.1}
{"message": "", "levelname": "INFO", "name": "Trainer", "asctime": "2026-04-28 22:09:42,110", "type": "train-epoch", "epoch": 10, "loss": -2.66215, "recon_loss": -3.18435, "kld_loss": 5.22203, "kld_weight": 0.1, "time": 639.9}
{"message": "", "levelname": "INFO", "name": "Trainer", "asctime": "2026-04-28 22:11:39,470", "type": "val-epoch", "epoch": 10, "loss": -2.846, "test_loss": 0.215, "recon_loss": -3.36, "kld_loss": 5.138, "kld_weight": 0.1, "note": "loss is teacher-forced CVAE objective; test_loss is prior-only reconstruction", "time": 117.4}
{"message": "", "levelname": "INFO", "name": "Trainer", "asctime": "2026-04-28 22:11:46,020", "type": "train", "epoch": 10, "batch": 79, "n_batches": 7774, "time": 0.672, "data_time": 0.0, "lr": 0.0001, "loss": -18.825, "recon_loss": -23.02, "kld_loss": 41.957, "kld_weight": 0.1}
{"message": "", "levelname": "INFO", "name": "Trainer", "asctime": "2026-04-28 22:11:52,628", "type": "train", "epoch": 10, "batch": 159, "n_batches": 7774, "time": 0.538, "data_time": 0.0, "lr": 0.0001, "loss": -20.504, "recon_loss": -24.543, "kld_loss": 40.394, "kld_weight": 0.1}
{"message": "", "levelname": "INFO", "name": "Trainer", "asctime": "2026-04-28 22:11:59,036", "type": "train", "epoch": 10, "batch": 239, "n_batches": 7774, "time": 0.527, "data_time": 0.0, "lr": 0.0001, "loss": -19.503, "recon_loss": -23.363, "kld_loss": 38.6, "kld_weight": 0.1}
{"message": "", "levelname": "INFO", "name": "Trainer", "asctime": "2026-04-28 22:12:05,686", "type": "train", "epoch": 10, "batch": 319, "n_batches": 7774, "time": 0.687, "data_time": 0.0, "lr": 0.0001, "loss": -16.002, "recon_loss": -19.914, "kld_loss": 39.121, "kld_weight": 0.1}
{"message": "", "levelname": "INFO", "name": "Trainer", "asctime": "2026-04-28 22:12:12,540", "type": "train", "epoch": 10, "batch": 399, "n_batches": 7774, "time": 0.66, "data_time": 0.0, "lr": 0.0001, "loss": -22.712, "recon_loss": -26.732, "kld_loss": 40.197, "kld_weight": 0.1}
{"message": "", "levelname": "INFO", "name": "Trainer", "asctime": "2026-04-28 22:12:18,780", "type": "train", "epoch": 10, "batch": 479, "n_batches": 7774, "time": 0.658, "data_time": 0.0, "lr": 0.0001, "loss": -17.127, "recon_loss": -21.032, "kld_loss": 39.047, "kld_weight": 0.1}
{"message": "", "levelname": "INFO", "name": "Trainer", "asctime": "2026-04-28 22:12:25,308", "type": "train", "epoch": 10, "batch": 559, "n_batches": 7774, "time": 0.626, "data_time": 0.0, "lr": 0.0001, "loss": -19.053, "recon_loss": -23.822, "kld_loss": 47.69, "kld_weight": 0.1}
{"message": "", "levelname": "INFO", "name": "Trainer", "asctime": "2026-04-28 22:12:31,682", "type": "train", "epoch": 10, "batch": 639, "n_batches": 7774, "time": 0.625, "data_time": 0.0, "lr": 0.0001, "loss": -20.831, "recon_loss": -24.959, "kld_loss": 41.276, "kld_weight": 0.1}
{"message": "", "levelname": "INFO", "name": "Trainer", "asctime": "2026-04-28 22:12:38,156", "type": "train", "epoch": 10, "batch": 719, "n_batches": 7774, "time": 0.613, "data_time": 0.0, "lr": 0.0001, "loss": -21.645, "recon_loss": -25.459, "kld_loss": 38.141, "kld_weight": 0.1}
{"message": "", "levelname": "INFO", "name": "Trainer", "asctime": "2026-04-28 22:12:44,982", "type": "train", "epoch": 10, "batch": 799, "n_batches": 7774, "time": 0.572, "data_time": 0.0, "lr": 0.0001, "loss": -20.144, "recon_loss": -24.935, "kld_loss": 47.91, "kld_weight": 0.1}
{"message": "", "levelname": "INFO", "name": "Trainer", "asctime": "2026-04-28 22:12:51,687", "type": "train", "epoch": 10, "batch": 879, "n_batches": 7774, "time": 0.796, "data_time": 0.0, "lr": 0.0001, "loss": -17.136, "recon_loss": -22.195, "kld_loss": 50.595, "kld_weight": 0.1}
{"message": "", "levelname": "INFO", "name": "Trainer", "asctime": "2026-04-28 22:12:58,773", "type": "train", "epoch": 10, "batch": 959, "n_batches": 7774, "time": 0.709, "data_time": 0.0, "lr": 0.0001, "loss": -20.555, "recon_loss": -24.742, "kld_loss": 41.873, "kld_weight": 0.1}
{"message": "", "levelname": "INFO", "name": "Trainer", "asctime": "2026-04-28 22:13:04,983", "type": "train", "epoch": 10, "batch": 1039, "n_batches": 7774, "time": 0.691, "data_time": 0.0, "lr": 0.0001, "loss": -21.697, "recon_loss": -26.523, "kld_loss": 48.263, "kld_weight": 0.1}
{"message": "", "levelname": "INFO", "name": "Trainer", "asctime": "2026-04-28 22:13:11,361", "type": "train", "epoch": 10, "batch": 1119, "n_batches": 7774, "time": 0.701, "data_time": 0.0, "lr": 0.0001, "loss": -22.333, "recon_loss": -26.362, "kld_loss": 40.289, "kld_weight": 0.1}
{"message": "", "levelname": "INFO", "name": "Trainer", "asctime": "2026-04-28 22:13:17,725", "type": "train", "epoch": 10, "batch": 1199, "n_batches": 7774, "time": 0.643, "data_time": 0.0, "lr": 0.0001, "loss": -20.804, "recon_loss": -24.766, "kld_loss": 39.623, "kld_weight": 0.1}
{"message": "", "levelname": "INFO", "name": "Trainer", "asctime": "2026-04-28 22:13:24,538", "type": "train", "epoch": 10, "batch": 1279, "n_batches": 7774, "time": 0.588, "data_time": 0.0, "lr": 0.0001, "loss": -21.713, "recon_loss": -25.98, "kld_loss": 42.669, "kld_weight": 0.1}
{"message": "", "levelname": "INFO", "name": "Trainer", "asctime": "2026-04-28 22:13:31,148", "type": "train", "epoch": 10, "batch": 1359, "n_batches": 7774, "time": 0.597, "data_time": 0.0, "lr": 0.0001, "loss": -30.179, "recon_loss": -34.073, "kld_loss": 38.943, "kld_weight": 0.1}
{"message": "", "levelname": "INFO", "name": "Trainer", "asctime": "2026-04-28 22:13:37,691", "type": "train", "epoch": 10, "batch": 1439, "n_batches": 7774, "time": 0.673, "data_time": 0.0, "lr": 0.0001, "loss": -21.863, "recon_loss": -25.871, "kld_loss": 40.082, "kld_weight": 0.1}
{"message": "", "levelname": "INFO", "name": "Trainer", "asctime": "2026-04-28 22:13:44,504", "type": "train", "epoch": 10, "batch": 1519, "n_batches": 7774, "time": 0.629, "data_time": 0.0, "lr": 0.0001, "loss": -26.138, "recon_loss": -30.257, "kld_loss": 41.195, "kld_weight": 0.1}
{"message": "", "levelname": "INFO", "name": "Trainer", "asctime": "2026-04-28 22:13:51,573", "type": "train", "epoch": 10, "batch": 1599, "n_batches": 7774, "time": 0.82, "data_time": 0.0, "lr": 0.0001, "loss": -23.299, "recon_loss": -27.643, "kld_loss": 43.443, "kld_weight": 0.1}
{"message": "", "levelname": "INFO", "name": "Trainer", "asctime": "2026-04-28 22:13:58,593", "type": "train", "epoch": 10, "batch": 1679, "n_batches": 7774, "time": 0.662, "data_time": 0.0, "lr": 0.0001, "loss": -10.348, "recon_loss": -14.815, "kld_loss": 44.671, "kld_weight": 0.1}
{"message": "", "levelname": "INFO", "name": "Trainer", "asctime": "2026-04-28 22:14:05,464", "type": "train", "epoch": 10, "batch": 1759, "n_batches": 7774, "time": 0.843, "data_time": 0.0, "lr": 0.0001, "loss": -17.995, "recon_loss": -21.742, "kld_loss": 37.478, "kld_weight": 0.1}
{"message": "", "levelname": "INFO", "name": "Trainer", "asctime": "2026-04-28 22:14:11,555", "type": "train", "epoch": 10, "batch": 1839, "n_batches": 7774, "time": 0.621, "data_time": 0.0, "lr": 0.0001, "loss": -22.944, "recon_loss": -27.225, "kld_loss": 42.808, "kld_weight": 0.1}
{"message": "", "levelname": "INFO", "name": "Trainer", "asctime": "2026-04-28 22:14:17,902", "type": "train", "epoch": 10, "batch": 1919, "n_batches": 7774, "time": 0.542, "data_time": 0.0, "lr": 0.0001, "loss": -27.118, "recon_loss": -31.546, "kld_loss": 44.274, "kld_weight": 0.1}
{"message": "", "levelname": "INFO", "name": "Trainer", "asctime": "2026-04-28 22:14:24,422", "type": "train", "epoch": 10, "batch": 1999, "n_batches": 7774, "time": 0.693, "data_time": 0.0, "lr": 0.0001, "loss": -24.183, "recon_loss": -28.235, "kld_loss": 40.513, "kld_weight": 0.1}
{"message": "", "levelname": "INFO", "name": "Trainer", "asctime": "2026-04-28 22:14:30,933", "type": "train", "epoch": 10, "batch": 2079, "n_batches": 7774, "time": 0.655, "data_time": 0.0, "lr": 0.0001, "loss": -21.301, "recon_loss": -25.414, "kld_loss": 41.136, "kld_weight": 0.1}
{"message": "", "levelname": "INFO", "name": "Trainer", "asctime": "2026-04-28 22:14:37,656", "type": "train", "epoch": 10, "batch": 2159, "n_batches": 7774, "time": 0.535, "data_time": 0.0, "lr": 0.0001, "loss": -26.698, "recon_loss": -31.004, "kld_loss": 43.063, "kld_weight": 0.1}
{"message": "", "levelname": "INFO", "name": "Trainer", "asctime": "2026-04-28 22:14:43,852", "type": "train", "epoch": 10, "batch": 2239, "n_batches": 7774, "time": 0.672, "data_time": 0.0, "lr": 0.0001, "loss": -20.234, "recon_loss": -24.432, "kld_loss": 41.977, "kld_weight": 0.1}
{"message": "", "levelname": "INFO", "name": "Trainer", "asctime": "2026-04-28 22:14:50,526", "type": "train", "epoch": 10, "batch": 2319, "n_batches": 7774, "time": 0.479, "data_time": 0.0, "lr": 0.0001, "loss": -21.237, "recon_loss": -25.274, "kld_loss": 40.362, "kld_weight": 0.1}
{"message": "", "levelname": "INFO", "name": "Trainer", "asctime": "2026-04-28 22:14:57,269", "type": "train", "epoch": 10, "batch": 2399, "n_batches": 7774, "time": 0.677, "data_time": 0.0, "lr": 0.0001, "loss": -21.458, "recon_loss": -25.512, "kld_loss": 40.544, "kld_weight": 0.1}
{"message": "", "levelname": "INFO", "name": "Trainer", "asctime": "2026-04-28 22:15:03,988", "type": "train", "epoch": 10, "batch": 2479, "n_batches": 7774, "time": 0.687, "data_time": 0.0, "lr": 0.0001, "loss": -16.351, "recon_loss": -20.748, "kld_loss": 43.972, "kld_weight": 0.1}
{"message": "", "levelname": "INFO", "name": "Trainer", "asctime": "2026-04-28 22:15:10,609", "type": "train", "epoch": 10, "batch": 2559, "n_batches": 7774, "time": 0.712, "data_time": 0.0, "lr": 0.0001, "loss": -19.723, "recon_loss": -23.716, "kld_loss": 39.93, "kld_weight": 0.1}
{"message": "", "levelname": "INFO", "name": "Trainer", "asctime": "2026-04-28 22:15:17,454", "type": "train", "epoch": 10, "batch": 2639, "n_batches": 7774, "time": 0.597, "data_time": 0.0, "lr": 0.0001, "loss": -24.023, "recon_loss": -27.842, "kld_loss": 38.192, "kld_weight": 0.1}
{"message": "", "levelname": "INFO", "name": "Trainer", "asctime": "2026-04-28 22:15:24,445", "type": "train", "epoch": 10, "batch": 2719, "n_batches": 7774, "time": 0.605, "data_time": 0.0, "lr": 0.0001, "loss": -24.038, "recon_loss": -28.209, "kld_loss": 41.712, "kld_weight": 0.1}
{"message": "", "levelname": "INFO", "name": "Trainer", "asctime": "2026-04-28 22:15:31,405", "type": "train", "epoch": 10, "batch": 2799, "n_batches": 7774, "time": 0.811, "data_time": 0.0, "lr": 0.0001, "loss": -25.456, "recon_loss": -29.351, "kld_loss": 38.959, "kld_weight": 0.1}
{"message": "", "levelname": "INFO", "name": "Trainer", "asctime": "2026-04-28 22:15:38,401", "type": "train", "epoch": 10, "batch": 2879, "n_batches": 7774, "time": 0.878, "data_time": 0.0, "lr": 0.0001, "loss": -18.416, "recon_loss": -22.305, "kld_loss": 38.886, "kld_weight": 0.1}
{"message": "", "levelname": "INFO", "name": "Trainer", "asctime": "2026-04-28 22:15:44,729", "type": "train", "epoch": 10, "batch": 2959, "n_batches": 7774, "time": 0.575, "data_time": 0.0, "lr": 0.0001, "loss": -23.428, "recon_loss": -27.586, "kld_loss": 41.581, "kld_weight": 0.1}
{"message": "", "levelname": "INFO", "name": "Trainer", "asctime": "2026-04-28 22:15:51,325", "type": "train", "epoch": 10, "batch": 3039, "n_batches": 7774, "time": 0.64, "data_time": 0.0, "lr": 0.0001, "loss": -19.542, "recon_loss": -23.643, "kld_loss": 41.006, "kld_weight": 0.1}
{"message": "", "levelname": "INFO", "name": "Trainer", "asctime": "2026-04-28 22:15:58,073", "type": "train", "epoch": 10, "batch": 3119, "n_batches": 7774, "time": 0.606, "data_time": 0.0, "lr": 0.0001, "loss": -24.564, "recon_loss": -28.708, "kld_loss": 41.439, "kld_weight": 0.1}
{"message": "", "levelname": "INFO", "name": "Trainer", "asctime": "2026-04-28 22:16:04,655", "type": "train", "epoch": 10, "batch": 3199, "n_batches": 7774, "time": 0.453, "data_time": 0.0, "lr": 0.0001, "loss": -29.742, "recon_loss": -33.691, "kld_loss": 39.49, "kld_weight": 0.1}
{"message": "", "levelname": "INFO", "name": "Trainer", "asctime": "2026-04-28 22:16:11,343", "type": "train", "epoch": 10, "batch": 3279, "n_batches": 7774, "time": 0.644, "data_time": 0.0, "lr": 0.0001, "loss": -21.954, "recon_loss": -26.518, "kld_loss": 45.645, "kld_weight": 0.1}
{"message": "", "levelname": "INFO", "name": "Trainer", "asctime": "2026-04-28 22:16:18,468", "type": "train", "epoch": 10, "batch": 3359, "n_batches": 7774, "time": 0.689, "data_time": 0.0, "lr": 0.0001, "loss": -22.088, "recon_loss": -26.017, "kld_loss": 39.299, "kld_weight": 0.1}
{"message": "", "levelname": "INFO", "name": "Trainer", "asctime": "2026-04-28 22:16:25,471", "type": "train", "epoch": 10, "batch": 3439, "n_batches": 7774, "time": 0.647, "data_time": 0.0, "lr": 0.0001, "loss": -23.266, "recon_loss": -27.991, "kld_loss": 47.251, "kld_weight": 0.1}
{"message": "", "levelname": "INFO", "name": "Trainer", "asctime": "2026-04-28 22:16:31,918", "type": "train", "epoch": 10, "batch": 3519, "n_batches": 7774, "time": 0.463, "data_time": 0.0, "lr": 0.0001, "loss": -23.585, "recon_loss": -27.912, "kld_loss": 43.273, "kld_weight": 0.1}
{"message": "", "levelname": "INFO", "name": "Trainer", "asctime": "2026-04-28 22:16:38,358", "type": "train", "epoch": 10, "batch": 3599, "n_batches": 7774, "time": 0.629, "data_time": 0.0, "lr": 0.0001, "loss": -22.865, "recon_loss": -27.08, "kld_loss": 42.15, "kld_weight": 0.1}
{"message": "", "levelname": "INFO", "name": "Trainer", "asctime": "2026-04-28 22:16:45,598", "type": "train", "epoch": 10, "batch": 3679, "n_batches": 7774, "time": 0.717, "data_time": 0.0, "lr": 0.0001, "loss": -25.12, "recon_loss": -29.759, "kld_loss": 46.381, "kld_weight": 0.1}
{"message": "", "levelname": "INFO", "name": "Trainer", "asctime": "2026-04-28 22:16:52,588", "type": "train", "epoch": 10, "batch": 3759, "n_batches": 7774, "time": 0.684, "data_time": 0.0, "lr": 0.0001, "loss": -21.988, "recon_loss": -27.012, "kld_loss": 50.236, "kld_weight": 0.1}
{"message": "", "levelname": "INFO", "name": "Trainer", "asctime": "2026-04-28 22:16:59,262", "type": "train", "epoch": 10, "batch": 3839, "n_batches": 7774, "time": 0.732, "data_time": 0.0, "lr": 0.0001, "loss": -24.874, "recon_loss": -29.393, "kld_loss": 45.186, "kld_weight": 0.1}
{"message": "", "levelname": "INFO", "name": "Trainer", "asctime": "2026-04-28 22:17:05,586", "type": "train", "epoch": 10, "batch": 3919, "n_batches": 7774, "time": 0.654, "data_time": 0.0, "lr": 0.0001, "loss": -29.229, "recon_loss": -33.323, "kld_loss": 40.941, "kld_weight": 0.1}
{"message": "", "levelname": "INFO", "name": "Trainer", "asctime": "2026-04-28 22:17:12,528", "type": "train", "epoch": 10, "batch": 3999, "n_batches": 7774, "time": 0.775, "data_time": 0.0, "lr": 0.0001, "loss": -23.472, "recon_loss": -27.649, "kld_loss": 41.771, "kld_weight": 0.1}
{"message": "", "levelname": "INFO", "name": "Trainer", "asctime": "2026-04-28 22:17:19,107", "type": "train", "epoch": 10, "batch": 4079, "n_batches": 7774, "time": 0.658, "data_time": 0.0, "lr": 0.0001, "loss": -23.939, "recon_loss": -28.063, "kld_loss": 41.244, "kld_weight": 0.1}
{"message": "", "levelname": "INFO", "name": "Trainer", "asctime": "2026-04-28 22:17:25,667", "type": "train", "epoch": 10, "batch": 4159, "n_batches": 7774, "time": 0.61, "data_time": 0.0, "lr": 0.0001, "loss": -26.873, "recon_loss": -31.071, "kld_loss": 41.977, "kld_weight": 0.1}
{"message": "", "levelname": "INFO", "name": "Trainer", "asctime": "2026-04-28 22:17:32,328", "type": "train", "epoch": 10, "batch": 4239, "n_batches": 7774, "time": 0.613, "data_time": 0.0, "lr": 0.0001, "loss": -18.539, "recon_loss": -22.793, "kld_loss": 42.543, "kld_weight": 0.1}
{"message": "", "levelname": "INFO", "name": "Trainer", "asctime": "2026-04-28 22:17:39,581", "type": "train", "epoch": 10, "batch": 4319, "n_batches": 7774, "time": 0.555, "data_time": 0.0, "lr": 0.0001, "loss": -20.963, "recon_loss": -25.269, "kld_loss": 43.06, "kld_weight": 0.1}
{"message": "", "levelname": "INFO", "name": "Trainer", "asctime": "2026-04-28 22:17:46,402", "type": "train", "epoch": 10, "batch": 4399, "n_batches": 7774, "time": 0.829, "data_time": 0.0, "lr": 0.0001, "loss": -26.958, "recon_loss": -31.054, "kld_loss": 40.965, "kld_weight": 0.1}
{"message": "", "levelname": "INFO", "name": "Trainer", "asctime": "2026-04-28 22:17:53,550", "type": "train", "epoch": 10, "batch": 4479, "n_batches": 7774, "time": 0.847, "data_time": 0.0, "lr": 0.0001, "loss": -24.538, "recon_loss": -28.684, "kld_loss": 41.461, "kld_weight": 0.1}
{"message": "", "levelname": "INFO", "name": "Trainer", "asctime": "2026-04-28 22:18:00,819", "type": "train", "epoch": 10, "batch": 4559, "n_batches": 7774, "time": 0.513, "data_time": 0.0, "lr": 0.0001, "loss": -27.648, "recon_loss": -32.054, "kld_loss": 44.061, "kld_weight": 0.1}
{"message": "", "levelname": "INFO", "name": "Trainer", "asctime": "2026-04-28 22:18:07,005", "type": "train", "epoch": 10, "batch": 4639, "n_batches": 7774, "time": 0.683, "data_time": 0.0, "lr": 0.0001, "loss": -22.324, "recon_loss": -26.486, "kld_loss": 41.613, "kld_weight": 0.1}
{"message": "", "levelname": "INFO", "name": "Trainer", "asctime": "2026-04-28 22:18:12,876", "type": "train", "epoch": 10, "batch": 4719, "n_batches": 7774, "time": 0.519, "data_time": 0.0, "lr": 0.0001, "loss": -21.12, "recon_loss": -25.244, "kld_loss": 41.246, "kld_weight": 0.1}
{"message": "", "levelname": "INFO", "name": "Trainer", "asctime": "2026-04-28 22:18:19,953", "type": "train", "epoch": 10, "batch": 4799, "n_batches": 7774, "time": 0.706, "data_time": 0.0, "lr": 0.0001, "loss": -21.284, "recon_loss": -25.313, "kld_loss": 40.289, "kld_weight": 0.1}
{"message": "", "levelname": "INFO", "name": "Trainer", "asctime": "2026-04-28 22:18:26,516", "type": "train", "epoch": 10, "batch": 4879, "n_batches": 7774, "time": 0.759, "data_time": 0.0, "lr": 0.0001, "loss": -24.471, "recon_loss": -28.802, "kld_loss": 43.309, "kld_weight": 0.1}
{"message": "", "levelname": "INFO", "name": "Trainer", "asctime": "2026-04-28 22:18:33,056", "type": "train", "epoch": 10, "batch": 4959, "n_batches": 7774, "time": 0.713, "data_time": 0.0, "lr": 0.0001, "loss": -22.649, "recon_loss": -26.994, "kld_loss": 43.448, "kld_weight": 0.1}
{"message": "", "levelname": "INFO", "name": "Trainer", "asctime": "2026-04-28 22:18:38,912", "type": "train", "epoch": 10, "batch": 5039, "n_batches": 7774, "time": 0.681, "data_time": 0.0, "lr": 0.0001, "loss": -21.835, "recon_loss": -26.276, "kld_loss": 44.418, "kld_weight": 0.1}
{"message": "", "levelname": "INFO", "name": "Trainer", "asctime": "2026-04-28 22:18:45,860", "type": "train", "epoch": 10, "batch": 5119, "n_batches": 7774, "time": 0.82, "data_time": 0.0, "lr": 0.0001, "loss": -21.246, "recon_loss": -25.378, "kld_loss": 41.329, "kld_weight": 0.1}
{"message": "", "levelname": "INFO", "name": "Trainer", "asctime": "2026-04-28 22:18:52,319", "type": "train", "epoch": 10, "batch": 5199, "n_batches": 7774, "time": 0.631, "data_time": 0.0, "lr": 0.0001, "loss": -23.361, "recon_loss": -27.659, "kld_loss": 42.977, "kld_weight": 0.1}
{"message": "", "levelname": "INFO", "name": "Trainer", "asctime": "2026-04-28 22:18:58,991", "type": "train", "epoch": 10, "batch": 5279, "n_batches": 7774, "time": 0.457, "data_time": 0.0, "lr": 0.0001, "loss": -27.043, "recon_loss": -31.352, "kld_loss": 43.096, "kld_weight": 0.1}
{"message": "", "levelname": "INFO", "name": "Trainer", "asctime": "2026-04-28 22:19:05,495", "type": "train", "epoch": 10, "batch": 5359, "n_batches": 7774, "time": 0.604, "data_time": 0.0, "lr": 0.0001, "loss": -23.581, "recon_loss": -28.239, "kld_loss": 46.578, "kld_weight": 0.1}
{"message": "", "levelname": "INFO", "name": "Trainer", "asctime": "2026-04-28 22:19:12,017", "type": "train", "epoch": 10, "batch": 5439, "n_batches": 7774, "time": 0.637, "data_time": 0.0, "lr": 0.0001, "loss": -25.2, "recon_loss": -29.458, "kld_loss": 42.587, "kld_weight": 0.1}
{"message": "", "levelname": "INFO", "name": "Trainer", "asctime": "2026-04-28 22:19:19,089", "type": "train", "epoch": 10, "batch": 5519, "n_batches": 7774, "time": 0.805, "data_time": 0.0, "lr": 0.0001, "loss": -20.293, "recon_loss": -24.442, "kld_loss": 41.49, "kld_weight": 0.1}
{"message": "", "levelname": "INFO", "name": "Trainer", "asctime": "2026-04-28 22:19:25,872", "type": "train", "epoch": 10, "batch": 5599, "n_batches": 7774, "time": 0.65, "data_time": 0.0, "lr": 0.0001, "loss": -21.301, "recon_loss": -25.59, "kld_loss": 42.886, "kld_weight": 0.1}
{"message": "", "levelname": "INFO", "name": "Trainer", "asctime": "2026-04-28 22:19:32,760", "type": "train", "epoch": 10, "batch": 5679, "n_batches": 7774, "time": 0.736, "data_time": 0.0, "lr": 0.0001, "loss": -22.803, "recon_loss": -27.259, "kld_loss": 44.555, "kld_weight": 0.1}
{"message": "", "levelname": "INFO", "name": "Trainer", "asctime": "2026-04-28 22:19:39,559", "type": "train", "epoch": 10, "batch": 5759, "n_batches": 7774, "time": 0.812, "data_time": 0.0, "lr": 0.0001, "loss": -24.689, "recon_loss": -28.787, "kld_loss": 40.979, "kld_weight": 0.1}
{"message": "", "levelname": "INFO", "name": "Trainer", "asctime": "2026-04-28 22:19:45,696", "type": "train", "epoch": 10, "batch": 5839, "n_batches": 7774, "time": 0.581, "data_time": 0.0, "lr": 0.0001, "loss": -25.087, "recon_loss": -29.209, "kld_loss": 41.22, "kld_weight": 0.1}
{"message": "", "levelname": "INFO", "name": "Trainer", "asctime": "2026-04-28 22:19:52,182", "type": "train", "epoch": 10, "batch": 5919, "n_batches": 7774, "time": 0.516, "data_time": 0.0, "lr": 0.0001, "loss": -26.529, "recon_loss": -31.028, "kld_loss": 44.995, "kld_weight": 0.1}
{"message": "", "levelname": "INFO", "name": "Trainer", "asctime": "2026-04-28 22:19:59,273", "type": "train", "epoch": 10, "batch": 5999, "n_batches": 7774, "time": 0.661, "data_time": 0.0, "lr": 0.0001, "loss": -28.577, "recon_loss": -32.755, "kld_loss": 41.781, "kld_weight": 0.1}
{"message": "", "levelname": "INFO", "name": "Trainer", "asctime": "2026-04-28 22:20:06,268", "type": "train", "epoch": 10, "batch": 6079, "n_batches": 7774, "time": 0.549, "data_time": 0.0, "lr": 0.0001, "loss": -23.195, "recon_loss": -27.353, "kld_loss": 41.583, "kld_weight": 0.1}
{"message": "", "levelname": "INFO", "name": "Trainer", "asctime": "2026-04-28 22:20:13,561", "type": "train", "epoch": 10, "batch": 6159, "n_batches": 7774, "time": 0.802, "data_time": 0.0, "lr": 0.0001, "loss": -19.989, "recon_loss": -25.215, "kld_loss": 52.26, "kld_weight": 0.1}
{"message": "", "levelname": "INFO", "name": "Trainer", "asctime": "2026-04-28 22:20:20,525", "type": "train", "epoch": 10, "batch": 6239, "n_batches": 7774, "time": 0.751, "data_time": 0.0, "lr": 0.0001, "loss": -26.927, "recon_loss": -30.954, "kld_loss": 40.266, "kld_weight": 0.1}
{"message": "", "levelname": "INFO", "name": "Trainer", "asctime": "2026-04-28 22:20:27,187", "type": "train", "epoch": 10, "batch": 6319, "n_batches": 7774, "time": 0.808, "data_time": 0.0, "lr": 0.0001, "loss": -23.878, "recon_loss": -28.197, "kld_loss": 43.196, "kld_weight": 0.1}
{"message": "", "levelname": "INFO", "name": "Trainer", "asctime": "2026-04-28 22:20:33,922", "type": "train", "epoch": 10, "batch": 6399, "n_batches": 7774, "time": 0.708, "data_time": 0.0, "lr": 0.0001, "loss": -22.673, "recon_loss": -27.551, "kld_loss": 48.779, "kld_weight": 0.1}
{"message": "", "levelname": "INFO", "name": "Trainer", "asctime": "2026-04-28 22:20:40,687", "type": "train", "epoch": 10, "batch": 6479, "n_batches": 7774, "time": 0.548, "data_time": 0.0, "lr": 0.0001, "loss": -21.483, "recon_loss": -26.317, "kld_loss": 48.336, "kld_weight": 0.1}
{"message": "", "levelname": "INFO", "name": "Trainer", "asctime": "2026-04-28 22:20:47,083", "type": "train", "epoch": 10, "batch": 6559, "n_batches": 7774, "time": 0.626, "data_time": 0.0, "lr": 0.0001, "loss": -20.252, "recon_loss": -24.406, "kld_loss": 41.542, "kld_weight": 0.1}
{"message": "", "levelname": "INFO", "name": "Trainer", "asctime": "2026-04-28 22:20:53,434", "type": "train", "epoch": 10, "batch": 6639, "n_batches": 7774, "time": 0.682, "data_time": 0.0, "lr": 0.0001, "loss": -24.705, "recon_loss": -28.812, "kld_loss": 41.063, "kld_weight": 0.1}
{"message": "", "levelname": "INFO", "name": "Trainer", "asctime": "2026-04-28 22:21:00,182", "type": "train", "epoch": 10, "batch": 6719, "n_batches": 7774, "time": 0.708, "data_time": 0.0, "lr": 0.0001, "loss": -17.767, "recon_loss": -21.925, "kld_loss": 41.586, "kld_weight": 0.1}
{"message": "", "levelname": "INFO", "name": "Trainer", "asctime": "2026-04-28 22:21:06,665", "type": "train", "epoch": 10, "batch": 6799, "n_batches": 7774, "time": 0.52, "data_time": 0.0, "lr": 0.0001, "loss": -27.649, "recon_loss": -31.682, "kld_loss": 40.327, "kld_weight": 0.1}
{"message": "", "levelname": "INFO", "name": "Trainer", "asctime": "2026-04-28 22:21:14,103", "type": "train", "epoch": 10, "batch": 6879, "n_batches": 7774, "time": 0.9, "data_time": 0.0, "lr": 0.0001, "loss": -22.612, "recon_loss": -26.907, "kld_loss": 42.951, "kld_weight": 0.1}
{"message": "", "levelname": "INFO", "name": "Trainer", "asctime": "2026-04-28 22:21:21,007", "type": "train", "epoch": 10, "batch": 6959, "n_batches": 7774, "time": 0.912, "data_time": 0.0, "lr": 0.0001, "loss": -20.509, "recon_loss": -24.668, "kld_loss": 41.584, "kld_weight": 0.1}
{"message": "", "levelname": "INFO", "name": "Trainer", "asctime": "2026-04-28 22:21:27,984", "type": "train", "epoch": 10, "batch": 7039, "n_batches": 7774, "time": 0.649, "data_time": 0.0, "lr": 0.0001, "loss": -21.157, "recon_loss": -25.257, "kld_loss": 40.999, "kld_weight": 0.1}
{"message": "", "levelname": "INFO", "name": "Trainer", "asctime": "2026-04-28 22:21:34,373", "type": "train", "epoch": 10, "batch": 7119, "n_batches": 7774, "time": 0.628, "data_time": 0.0, "lr": 0.0001, "loss": -23.147, "recon_loss": -27.575, "kld_loss": 44.275, "kld_weight": 0.1}
{"message": "", "levelname": "INFO", "name": "Trainer", "asctime": "2026-04-28 22:21:40,377", "type": "train", "epoch": 10, "batch": 7199, "n_batches": 7774, "time": 0.524, "data_time": 0.0, "lr": 0.0001, "loss": -25.438, "recon_loss": -29.57, "kld_loss": 41.324, "kld_weight": 0.1}
{"message": "", "levelname": "INFO", "name": "Trainer", "asctime": "2026-04-28 22:21:46,922", "type": "train", "epoch": 10, "batch": 7279, "n_batches": 7774, "time": 0.59, "data_time": 0.0, "lr": 0.0001, "loss": -20.756, "recon_loss": -25.706, "kld_loss": 49.498, "kld_weight": 0.1}
{"message": "", "levelname": "INFO", "name": "Trainer", "asctime": "2026-04-28 22:21:53,487", "type": "train", "epoch": 10, "batch": 7359, "n_batches": 7774, "time": 0.567, "data_time": 0.0, "lr": 0.0001, "loss": -25.986, "recon_loss": -30.69, "kld_loss": 47.04, "kld_weight": 0.1}
{"message": "", "levelname": "INFO", "name": "Trainer", "asctime": "2026-04-28 22:21:59,700", "type": "train", "epoch": 10, "batch": 7439, "n_batches": 7774, "time": 0.646, "data_time": 0.0, "lr": 0.0001, "loss": -26.089, "recon_loss": -30.245, "kld_loss": 41.563, "kld_weight": 0.1}
{"message": "", "levelname": "INFO", "name": "Trainer", "asctime": "2026-04-28 22:22:06,347", "type": "train", "epoch": 10, "batch": 7519, "n_batches": 7774, "time": 0.644, "data_time": 0.0, "lr": 0.0001, "loss": -22.941, "recon_loss": -27.115, "kld_loss": 41.747, "kld_weight": 0.1}
{"message": "", "levelname": "INFO", "name": "Trainer", "asctime": "2026-04-28 22:22:13,054", "type": "train", "epoch": 10, "batch": 7599, "n_batches": 7774, "time": 0.648, "data_time": 0.0, "lr": 0.0001, "loss": -16.03, "recon_loss": -20.909, "kld_loss": 48.79, "kld_weight": 0.1}
{"message": "", "levelname": "INFO", "name": "Trainer", "asctime": "2026-04-28 22:22:19,722", "type": "train", "epoch": 10, "batch": 7679, "n_batches": 7774, "time": 0.62, "data_time": 0.0, "lr": 0.0001, "loss": -32.746, "recon_loss": -37.015, "kld_loss": 42.684, "kld_weight": 0.1}
{"message": "", "levelname": "INFO", "name": "Trainer", "asctime": "2026-04-28 22:22:26,298", "type": "train", "epoch": 10, "batch": 7759, "n_batches": 7774, "time": 0.67, "data_time": 0.0, "lr": 0.0001, "loss": -16.453, "recon_loss": -21.245, "kld_loss": 47.921, "kld_weight": 0.1}
{"message": "", "levelname": "INFO", "name": "Trainer", "asctime": "2026-04-28 22:22:27,316", "type": "train-epoch", "epoch": 11, "loss": -2.77459, "recon_loss": -3.31532, "kld_loss": 5.40731, "kld_weight": 0.1, "time": 647.8}
{"message": "", "levelname": "INFO", "name": "Trainer", "asctime": "2026-04-28 22:24:23,863", "type": "val-epoch", "epoch": 11, "loss": -2.922, "test_loss": 0.219, "recon_loss": -3.465, "kld_loss": 5.431, "kld_weight": 0.1, "note": "loss is teacher-forced CVAE objective; test_loss is prior-only reconstruction", "time": 116.5}
{"message": "", "levelname": "INFO", "name": "Trainer", "asctime": "2026-04-28 22:24:30,915", "type": "train", "epoch": 11, "batch": 79, "n_batches": 7774, "time": 0.651, "data_time": 0.0, "lr": 0.0001, "loss": -20.912, "recon_loss": -25.114, "kld_loss": 42.02, "kld_weight": 0.1}
{"message": "", "levelname": "INFO", "name": "Trainer", "asctime": "2026-04-28 22:24:37,873", "type": "train", "epoch": 11, "batch": 159, "n_batches": 7774, "time": 0.809, "data_time": 0.0, "lr": 0.0001, "loss": -25.191, "recon_loss": -29.724, "kld_loss": 45.334, "kld_weight": 0.1}
{"message": "", "levelname": "INFO", "name": "Trainer", "asctime": "2026-04-28 22:24:44,926", "type": "train", "epoch": 11, "batch": 239, "n_batches": 7774, "time": 0.638, "data_time": 0.0, "lr": 0.0001, "loss": -17.909, "recon_loss": -22.874, "kld_loss": 49.649, "kld_weight": 0.1}
{"message": "", "levelname": "INFO", "name": "Trainer", "asctime": "2026-04-28 22:24:50,713", "type": "train", "epoch": 11, "batch": 319, "n_batches": 7774, "time": 0.492, "data_time": 0.0, "lr": 0.0001, "loss": -20.369, "recon_loss": -25.024, "kld_loss": 46.548, "kld_weight": 0.1}
{"message": "", "levelname": "INFO", "name": "Trainer", "asctime": "2026-04-28 22:24:57,302", "type": "train", "epoch": 11, "batch": 399, "n_batches": 7774, "time": 0.845, "data_time": 0.0, "lr": 0.0001, "loss": -30.943, "recon_loss": -35.216, "kld_loss": 42.723, "kld_weight": 0.1}
{"message": "", "levelname": "INFO", "name": "Trainer", "asctime": "2026-04-28 22:25:03,745", "type": "train", "epoch": 11, "batch": 479, "n_batches": 7774, "time": 0.627, "data_time": 0.0, "lr": 0.0001, "loss": -30.039, "recon_loss": -34.472, "kld_loss": 44.329, "kld_weight": 0.1}
{"message": "", "levelname": "INFO", "name": "Trainer", "asctime": "2026-04-28 22:25:10,318", "type": "train", "epoch": 11, "batch": 559, "n_batches": 7774, "time": 0.501, "data_time": 0.0, "lr": 0.0001, "loss": -24.14, "recon_loss": -28.239, "kld_loss": 40.993, "kld_weight": 0.1}
{"message": "", "levelname": "INFO", "name": "Trainer", "asctime": "2026-04-28 22:25:16,957", "type": "train", "epoch": 11, "batch": 639, "n_batches": 7774, "time": 0.538, "data_time": 0.0, "lr": 0.0001, "loss": -23.444, "recon_loss": -27.793, "kld_loss": 43.49, "kld_weight": 0.1}
{"message": "", "levelname": "INFO", "name": "Trainer", "asctime": "2026-04-28 22:25:23,655", "type": "train", "epoch": 11, "batch": 719, "n_batches": 7774, "time": 0.611, "data_time": 0.0, "lr": 0.0001, "loss": -19.648, "recon_loss": -23.853, "kld_loss": 42.044, "kld_weight": 0.1}
{"message": "", "levelname": "INFO", "name": "Trainer", "asctime": "2026-04-28 22:25:30,364", "type": "train", "epoch": 11, "batch": 799, "n_batches": 7774, "time": 0.618, "data_time": 0.0, "lr": 0.0001, "loss": -21.99, "recon_loss": -26.085, "kld_loss": 40.951, "kld_weight": 0.1}
{"message": "", "levelname": "INFO", "name": "Trainer", "asctime": "2026-04-28 22:25:36,626", "type": "train", "epoch": 11, "batch": 879, "n_batches": 7774, "time": 0.823, "data_time": 0.0, "lr": 0.0001, "loss": -20.293, "recon_loss": -25.991, "kld_loss": 56.983, "kld_weight": 0.1}
{"message": "", "levelname": "INFO", "name": "Trainer", "asctime": "2026-04-28 22:25:42,756", "type": "train", "epoch": 11, "batch": 959, "n_batches": 7774, "time": 0.664, "data_time": 0.0, "lr": 0.0001, "loss": -22.871, "recon_loss": -27.112, "kld_loss": 42.418, "kld_weight": 0.1}
{"message": "", "levelname": "INFO", "name": "Trainer", "asctime": "2026-04-28 22:25:49,507", "type": "train", "epoch": 11, "batch": 1039, "n_batches": 7774, "time": 0.623, "data_time": 0.0, "lr": 0.0001, "loss": -21.774, "recon_loss": -25.893, "kld_loss": 41.194, "kld_weight": 0.1}
{"message": "", "levelname": "INFO", "name": "Trainer", "asctime": "2026-04-28 22:25:56,408", "type": "train", "epoch": 11, "batch": 1119, "n_batches": 7774, "time": 0.758, "data_time": 0.0, "lr": 0.0001, "loss": -12.928, "recon_loss": -17.12, "kld_loss": 41.916, "kld_weight": 0.1}
{"message": "", "levelname": "INFO", "name": "Trainer", "asctime": "2026-04-28 22:26:02,894", "type": "train", "epoch": 11, "batch": 1199, "n_batches": 7774, "time": 0.528, "data_time": 0.0, "lr": 0.0001, "loss": -23.393, "recon_loss": -27.526, "kld_loss": 41.329, "kld_weight": 0.1}
{"message": "", "levelname": "INFO", "name": "Trainer", "asctime": "2026-04-28 22:26:10,013", "type": "train", "epoch": 11, "batch": 1279, "n_batches": 7774, "time": 0.713, "data_time": 0.0, "lr": 0.0001, "loss": -19.961, "recon_loss": -23.988, "kld_loss": 40.274, "kld_weight": 0.1}
{"message": "", "levelname": "INFO", "name": "Trainer", "asctime": "2026-04-28 22:26:16,885", "type": "train", "epoch": 11, "batch": 1359, "n_batches": 7774, "time": 0.582, "data_time": 0.0, "lr": 0.0001, "loss": -24.249, "recon_loss": -28.894, "kld_loss": 46.451, "kld_weight": 0.1}
{"message": "", "levelname": "INFO", "name": "Trainer", "asctime": "2026-04-28 22:26:23,357", "type": "train", "epoch": 11, "batch": 1439, "n_batches": 7774, "time": 0.689, "data_time": 0.0, "lr": 0.0001, "loss": -22.881, "recon_loss": -27.019, "kld_loss": 41.373, "kld_weight": 0.1}
{"message": "", "levelname": "INFO", "name": "Trainer", "asctime": "2026-04-28 22:26:30,396", "type": "train", "epoch": 11, "batch": 1519, "n_batches": 7774, "time": 0.511, "data_time": 0.0, "lr": 0.0001, "loss": -26.845, "recon_loss": -31.574, "kld_loss": 47.29, "kld_weight": 0.1}
{"message": "", "levelname": "INFO", "name": "Trainer", "asctime": "2026-04-28 22:26:36,693", "type": "train", "epoch": 11, "batch": 1599, "n_batches": 7774, "time": 0.622, "data_time": 0.0, "lr": 0.0001, "loss": -14.543, "recon_loss": -18.921, "kld_loss": 43.787, "kld_weight": 0.1}
{"message": "", "levelname": "INFO", "name": "Trainer", "asctime": "2026-04-28 22:26:43,564", "type": "train", "epoch": 11, "batch": 1679, "n_batches": 7774, "time": 0.586, "data_time": 0.0, "lr": 0.0001, "loss": -21.744, "recon_loss": -26.669, "kld_loss": 49.244, "kld_weight": 0.1}
{"message": "", "levelname": "INFO", "name": "Trainer", "asctime": "2026-04-28 22:26:49,687", "type": "train", "epoch": 11, "batch": 1759, "n_batches": 7774, "time": 0.558, "data_time": 0.0, "lr": 0.0001, "loss": -23.228, "recon_loss": -27.539, "kld_loss": 43.113, "kld_weight": 0.1}
{"message": "", "levelname": "INFO", "name": "Trainer", "asctime": "2026-04-28 22:26:56,450", "type": "train", "epoch": 11, "batch": 1839, "n_batches": 7774, "time": 0.595, "data_time": 0.0, "lr": 0.0001, "loss": -18.233, "recon_loss": -23.174, "kld_loss": 49.402, "kld_weight": 0.1}
{"message": "", "levelname": "INFO", "name": "Trainer", "asctime": "2026-04-28 22:27:03,006", "type": "train", "epoch": 11, "batch": 1919, "n_batches": 7774, "time": 0.641, "data_time": 0.0, "lr": 0.0001, "loss": -16.021, "recon_loss": -21.066, "kld_loss": 50.45, "kld_weight": 0.1}
{"message": "", "levelname": "INFO", "name": "Trainer", "asctime": "2026-04-28 22:27:09,949", "type": "train", "epoch": 11, "batch": 1999, "n_batches": 7774, "time": 0.682, "data_time": 0.0, "lr": 0.0001, "loss": -26.141, "recon_loss": -30.302, "kld_loss": 41.612, "kld_weight": 0.1}
{"message": "", "levelname": "INFO", "name": "Trainer", "asctime": "2026-04-28 22:27:17,017", "type": "train", "epoch": 11, "batch": 2079, "n_batches": 7774, "time": 0.669, "data_time": 0.0, "lr": 0.0001, "loss": -13.001, "recon_loss": -16.923, "kld_loss": 39.218, "kld_weight": 0.1}
{"message": "", "levelname": "INFO", "name": "Trainer", "asctime": "2026-04-28 22:27:23,007", "type": "train", "epoch": 11, "batch": 2159, "n_batches": 7774, "time": 0.477, "data_time": 0.0, "lr": 0.0001, "loss": -20.498, "recon_loss": -24.995, "kld_loss": 44.977, "kld_weight": 0.1}
{"message": "", "levelname": "INFO", "name": "Trainer", "asctime": "2026-04-28 22:27:29,651", "type": "train", "epoch": 11, "batch": 2239, "n_batches": 7774, "time": 0.526, "data_time": 0.0, "lr": 0.0001, "loss": -29.578, "recon_loss": -33.801, "kld_loss": 42.233, "kld_weight": 0.1}
{"message": "", "levelname": "INFO", "name": "Trainer", "asctime": "2026-04-28 22:27:36,610", "type": "train", "epoch": 11, "batch": 2319, "n_batches": 7774, "time": 0.673, "data_time": 0.0, "lr": 0.0001, "loss": -22.893, "recon_loss": -27.742, "kld_loss": 48.486, "kld_weight": 0.1}
{"message": "", "levelname": "INFO", "name": "Trainer", "asctime": "2026-04-28 22:27:42,716", "type": "train", "epoch": 11, "batch": 2399, "n_batches": 7774, "time": 0.594, "data_time": 0.0, "lr": 0.0001, "loss": -25.224, "recon_loss": -29.416, "kld_loss": 41.915, "kld_weight": 0.1}
{"message": "", "levelname": "INFO", "name": "Trainer", "asctime": "2026-04-28 22:27:49,426", "type": "train", "epoch": 11, "batch": 2479, "n_batches": 7774, "time": 0.577, "data_time": 0.0, "lr": 0.0001, "loss": -18.112, "recon_loss": -23.041, "kld_loss": 49.288, "kld_weight": 0.1}
{"message": "", "levelname": "INFO", "name": "Trainer", "asctime": "2026-04-28 22:27:56,123", "type": "train", "epoch": 11, "batch": 2559, "n_batches": 7774, "time": 0.708, "data_time": 0.0, "lr": 0.0001, "loss": -20.14, "recon_loss": -24.155, "kld_loss": 40.149, "kld_weight": 0.1}
{"message": "", "levelname": "INFO", "name": "Trainer", "asctime": "2026-04-28 22:28:02,733", "type": "train", "epoch": 11, "batch": 2639, "n_batches": 7774, "time": 0.564, "data_time": 0.0, "lr": 0.0001, "loss": -25.033, "recon_loss": -29.221, "kld_loss": 41.874, "kld_weight": 0.1}
{"message": "", "levelname": "INFO", "name": "Trainer", "asctime": "2026-04-28 22:28:09,318", "type": "train", "epoch": 11, "batch": 2719, "n_batches": 7774, "time": 0.788, "data_time": 0.0, "lr": 0.0001, "loss": -22.033, "recon_loss": -26.79, "kld_loss": 47.576, "kld_weight": 0.1}
{"message": "", "levelname": "INFO", "name": "Trainer", "asctime": "2026-04-28 22:28:16,387", "type": "train", "epoch": 11, "batch": 2799, "n_batches": 7774, "time": 0.7, "data_time": 0.0, "lr": 0.0001, "loss": -28.601, "recon_loss": -33.177, "kld_loss": 45.76, "kld_weight": 0.1}
{"message": "", "levelname": "INFO", "name": "Trainer", "asctime": "2026-04-28 22:28:22,944", "type": "train", "epoch": 11, "batch": 2879, "n_batches": 7774, "time": 0.555, "data_time": 0.0, "lr": 0.0001, "loss": -19.135, "recon_loss": -24.668, "kld_loss": 55.329, "kld_weight": 0.1}
{"message": "", "levelname": "INFO", "name": "Trainer", "asctime": "2026-04-28 22:28:29,097", "type": "train", "epoch": 11, "batch": 2959, "n_batches": 7774, "time": 0.668, "data_time": 0.0, "lr": 0.0001, "loss": -23.009, "recon_loss": -27.354, "kld_loss": 43.447, "kld_weight": 0.1}
{"message": "", "levelname": "INFO", "name": "Trainer", "asctime": "2026-04-28 22:28:35,537", "type": "train", "epoch": 11, "batch": 3039, "n_batches": 7774, "time": 0.635, "data_time": 0.0, "lr": 0.0001, "loss": -30.44, "recon_loss": -34.759, "kld_loss": 43.185, "kld_weight": 0.1}
{"message": "", "levelname": "INFO", "name": "Trainer", "asctime": "2026-04-28 22:28:42,156", "type": "train", "epoch": 11, "batch": 3119, "n_batches": 7774, "time": 0.705, "data_time": 0.0, "lr": 0.0001, "loss": -19.505, "recon_loss": -23.781, "kld_loss": 42.758, "kld_weight": 0.1}
{"message": "", "levelname": "INFO", "name": "Trainer", "asctime": "2026-04-28 22:28:49,003", "type": "train", "epoch": 11, "batch": 3199, "n_batches": 7774, "time": 0.698, "data_time": 0.0, "lr": 0.0001, "loss": -24.204, "recon_loss": -28.441, "kld_loss": 42.375, "kld_weight": 0.1}
{"message": "", "levelname": "INFO", "name": "Trainer", "asctime": "2026-04-28 22:28:55,805", "type": "train", "epoch": 11, "batch": 3279, "n_batches": 7774, "time": 0.559, "data_time": 0.0, "lr": 0.0001, "loss": -24.374, "recon_loss": -28.737, "kld_loss": 43.629, "kld_weight": 0.1}
{"message": "", "levelname": "INFO", "name": "Trainer", "asctime": "2026-04-28 22:29:03,046", "type": "train", "epoch": 11, "batch": 3359, "n_batches": 7774, "time": 0.935, "data_time": 0.0, "lr": 0.0001, "loss": -23.487, "recon_loss": -28.335, "kld_loss": 48.48, "kld_weight": 0.1}
{"message": "", "levelname": "INFO", "name": "Trainer", "asctime": "2026-04-28 22:29:10,067", "type": "train", "epoch": 11, "batch": 3439, "n_batches": 7774, "time": 0.82, "data_time": 0.0, "lr": 0.0001, "loss": -27.54, "recon_loss": -31.662, "kld_loss": 41.215, "kld_weight": 0.1}
{"message": "", "levelname": "INFO", "name": "Trainer", "asctime": "2026-04-28 22:29:16,219", "type": "train", "epoch": 11, "batch": 3519, "n_batches": 7774, "time": 0.629, "data_time": 0.0, "lr": 0.0001, "loss": -20.391, "recon_loss": -24.698, "kld_loss": 43.072, "kld_weight": 0.1}
{"message": "", "levelname": "INFO", "name": "Trainer", "asctime": "2026-04-28 22:29:22,673", "type": "train", "epoch": 11, "batch": 3599, "n_batches": 7774, "time": 0.616, "data_time": 0.0, "lr": 0.0001, "loss": -31.898, "recon_loss": -36.186, "kld_loss": 42.883, "kld_weight": 0.1}
{"message": "", "levelname": "INFO", "name": "Trainer", "asctime": "2026-04-28 22:29:29,255", "type": "train", "epoch": 11, "batch": 3679, "n_batches": 7774, "time": 0.65, "data_time": 0.0, "lr": 0.0001, "loss": -25.713, "recon_loss": -30.464, "kld_loss": 47.514, "kld_weight": 0.1}
{"message": "", "levelname": "INFO", "name": "Trainer", "asctime": "2026-04-28 22:29:36,490", "type": "train", "epoch": 11, "batch": 3759, "n_batches": 7774, "time": 0.757, "data_time": 0.0, "lr": 0.0001, "loss": -23.059, "recon_loss": -27.271, "kld_loss": 42.121, "kld_weight": 0.1}
{"message": "", "levelname": "INFO", "name": "Trainer", "asctime": "2026-04-28 22:29:43,313", "type": "train", "epoch": 11, "batch": 3839, "n_batches": 7774, "time": 0.728, "data_time": 0.0, "lr": 0.0001, "loss": -25.416, "recon_loss": -30.066, "kld_loss": 46.499, "kld_weight": 0.1}
{"message": "", "levelname": "INFO", "name": "Trainer", "asctime": "2026-04-28 22:29:50,722", "type": "train", "epoch": 11, "batch": 3919, "n_batches": 7774, "time": 0.666, "data_time": 0.0, "lr": 0.0001, "loss": -26.208, "recon_loss": -30.797, "kld_loss": 45.897, "kld_weight": 0.1}
{"message": "", "levelname": "INFO", "name": "Trainer", "asctime": "2026-04-28 22:29:57,288", "type": "train", "epoch": 11, "batch": 3999, "n_batches": 7774, "time": 0.763, "data_time": 0.0, "lr": 0.0001, "loss": -26.641, "recon_loss": -30.903, "kld_loss": 42.62, "kld_weight": 0.1}
{"message": "", "levelname": "INFO", "name": "Trainer", "asctime": "2026-04-28 22:30:03,885", "type": "train", "epoch": 11, "batch": 4079, "n_batches": 7774, "time": 0.694, "data_time": 0.0, "lr": 0.0001, "loss": -22.275, "recon_loss": -26.551, "kld_loss": 42.759, "kld_weight": 0.1}
{"message": "", "levelname": "INFO", "name": "Trainer", "asctime": "2026-04-28 22:30:10,693", "type": "train", "epoch": 11, "batch": 4159, "n_batches": 7774, "time": 0.757, "data_time": 0.0, "lr": 0.0001, "loss": -20.904, "recon_loss": -26.132, "kld_loss": 52.282, "kld_weight": 0.1}
{"message": "", "levelname": "INFO", "name": "Trainer", "asctime": "2026-04-28 22:30:17,180", "type": "train", "epoch": 11, "batch": 4239, "n_batches": 7774, "time": 0.594, "data_time": 0.0, "lr": 0.0001, "loss": -14.584, "recon_loss": -19.737, "kld_loss": 51.524, "kld_weight": 0.1}
{"message": "", "levelname": "INFO", "name": "Trainer", "asctime": "2026-04-28 22:30:23,923", "type": "train", "epoch": 11, "batch": 4319, "n_batches": 7774, "time": 0.777, "data_time": 0.0, "lr": 0.0001, "loss": -24.841, "recon_loss": -29.269, "kld_loss": 44.28, "kld_weight": 0.1}
{"message": "", "levelname": "INFO", "name": "Trainer", "asctime": "2026-04-28 22:30:31,004", "type": "train", "epoch": 11, "batch": 4399, "n_batches": 7774, "time": 0.926, "data_time": 0.0, "lr": 0.0001, "loss": -24.55, "recon_loss": -28.807, "kld_loss": 42.568, "kld_weight": 0.1}
{"message": "", "levelname": "INFO", "name": "Trainer", "asctime": "2026-04-28 22:30:37,675", "type": "train", "epoch": 11, "batch": 4479, "n_batches": 7774, "time": 0.551, "data_time": 0.0, "lr": 0.0001, "loss": -20.023, "recon_loss": -24.284, "kld_loss": 42.606, "kld_weight": 0.1}
{"message": "", "levelname": "INFO", "name": "Trainer", "asctime": "2026-04-28 22:30:44,222", "type": "train", "epoch": 11, "batch": 4559, "n_batches": 7774, "time": 0.411, "data_time": 0.0, "lr": 0.0001, "loss": -23.035, "recon_loss": -27.5, "kld_loss": 44.646, "kld_weight": 0.1}
{"message": "", "levelname": "INFO", "name": "Trainer", "asctime": "2026-04-28 22:30:51,000", "type": "train", "epoch": 11, "batch": 4639, "n_batches": 7774, "time": 0.659, "data_time": 0.0, "lr": 0.0001, "loss": -19.187, "recon_loss": -23.193, "kld_loss": 40.064, "kld_weight": 0.1}
{"message": "", "levelname": "INFO", "name": "Trainer", "asctime": "2026-04-28 22:30:56,885", "type": "train", "epoch": 11, "batch": 4719, "n_batches": 7774, "time": 0.636, "data_time": 0.0, "lr": 0.0001, "loss": -20.218, "recon_loss": -24.424, "kld_loss": 42.06, "kld_weight": 0.1}
{"message": "", "levelname": "INFO", "name": "Trainer", "asctime": "2026-04-28 22:31:02,983", "type": "train", "epoch": 11, "batch": 4799, "n_batches": 7774, "time": 0.392, "data_time": 0.0, "lr": 0.0001, "loss": -21.431, "recon_loss": -26.007, "kld_loss": 45.762, "kld_weight": 0.1}
{"message": "", "levelname": "INFO", "name": "Trainer", "asctime": "2026-04-28 22:31:09,099", "type": "train", "epoch": 11, "batch": 4879, "n_batches": 7774, "time": 0.537, "data_time": 0.0, "lr": 0.0001, "loss": -21.788, "recon_loss": -26.45, "kld_loss": 46.623, "kld_weight": 0.1}
{"message": "", "levelname": "INFO", "name": "Trainer", "asctime": "2026-04-28 22:31:15,044", "type": "train", "epoch": 11, "batch": 4959, "n_batches": 7774, "time": 0.56, "data_time": 0.0, "lr": 0.0001, "loss": -23.531, "recon_loss": -28.568, "kld_loss": 50.373, "kld_weight": 0.1}
{"message": "", "levelname": "INFO", "name": "Trainer", "asctime": "2026-04-28 22:31:21,595", "type": "train", "epoch": 11, "batch": 5039, "n_batches": 7774, "time": 0.74, "data_time": 0.0, "lr": 0.0001, "loss": -19.67, "recon_loss": -23.81, "kld_loss": 41.401, "kld_weight": 0.1}
{"message": "", "levelname": "INFO", "name": "Trainer", "asctime": "2026-04-28 22:31:28,603", "type": "train", "epoch": 11, "batch": 5119, "n_batches": 7774, "time": 0.752, "data_time": 0.0, "lr": 0.0001, "loss": -25.175, "recon_loss": -29.616, "kld_loss": 44.41, "kld_weight": 0.1}
{"message": "", "levelname": "INFO", "name": "Trainer", "asctime": "2026-04-28 22:31:36,025", "type": "train", "epoch": 11, "batch": 5199, "n_batches": 7774, "time": 0.596, "data_time": 0.0, "lr": 0.0001, "loss": -21.669, "recon_loss": -25.804, "kld_loss": 41.347, "kld_weight": 0.1}
{"message": "", "levelname": "INFO", "name": "Trainer", "asctime": "2026-04-28 22:31:42,567", "type": "train", "epoch": 11, "batch": 5279, "n_batches": 7774, "time": 0.676, "data_time": 0.0, "lr": 0.0001, "loss": -16.933, "recon_loss": -21.128, "kld_loss": 41.953, "kld_weight": 0.1}
{"message": "", "levelname": "INFO", "name": "Trainer", "asctime": "2026-04-28 22:31:49,398", "type": "train", "epoch": 11, "batch": 5359, "n_batches": 7774, "time": 0.706, "data_time": 0.0, "lr": 0.0001, "loss": -25.048, "recon_loss": -29.744, "kld_loss": 46.96, "kld_weight": 0.1}
{"message": "", "levelname": "INFO", "name": "Trainer", "asctime": "2026-04-28 22:31:55,852", "type": "train", "epoch": 11, "batch": 5439, "n_batches": 7774, "time": 0.872, "data_time": 0.0, "lr": 0.0001, "loss": -22.105, "recon_loss": -26.51, "kld_loss": 44.043, "kld_weight": 0.1}
{"message": "", "levelname": "INFO", "name": "Trainer", "asctime": "2026-04-28 22:32:01,427", "type": "train", "epoch": 11, "batch": 5519, "n_batches": 7774, "time": 0.542, "data_time": 0.0, "lr": 0.0001, "loss": -23.843, "recon_loss": -27.923, "kld_loss": 40.805, "kld_weight": 0.1}
{"message": "", "levelname": "INFO", "name": "Trainer", "asctime": "2026-04-28 22:32:08,132", "type": "train", "epoch": 11, "batch": 5599, "n_batches": 7774, "time": 0.611, "data_time": 0.0, "lr": 0.0001, "loss": -27.421, "recon_loss": -31.628, "kld_loss": 42.065, "kld_weight": 0.1}
{"message": "", "levelname": "INFO", "name": "Trainer", "asctime": "2026-04-28 22:32:14,489", "type": "train", "epoch": 11, "batch": 5679, "n_batches": 7774, "time": 0.555, "data_time": 0.0, "lr": 0.0001, "loss": -21.933, "recon_loss": -26.469, "kld_loss": 45.363, "kld_weight": 0.1}
{"message": "", "levelname": "INFO", "name": "Trainer", "asctime": "2026-04-28 22:32:21,115", "type": "train", "epoch": 11, "batch": 5759, "n_batches": 7774, "time": 0.647, "data_time": 0.0, "lr": 0.0001, "loss": -19.431, "recon_loss": -23.753, "kld_loss": 43.224, "kld_weight": 0.1}
{"message": "", "levelname": "INFO", "name": "Trainer", "asctime": "2026-04-28 22:32:27,836", "type": "train", "epoch": 11, "batch": 5839, "n_batches": 7774, "time": 0.559, "data_time": 0.0, "lr": 0.0001, "loss": -23.594, "recon_loss": -27.762, "kld_loss": 41.681, "kld_weight": 0.1}
{"message": "", "levelname": "INFO", "name": "Trainer", "asctime": "2026-04-28 22:32:34,199", "type": "train", "epoch": 11, "batch": 5919, "n_batches": 7774, "time": 0.616, "data_time": 0.0, "lr": 0.0001, "loss": -18.819, "recon_loss": -23.434, "kld_loss": 46.155, "kld_weight": 0.1}
{"message": "", "levelname": "INFO", "name": "Trainer", "asctime": "2026-04-28 22:32:40,845", "type": "train", "epoch": 11, "batch": 5999, "n_batches": 7774, "time": 0.453, "data_time": 0.0, "lr": 0.0001, "loss": -19.213, "recon_loss": -23.698, "kld_loss": 44.852, "kld_weight": 0.1}
{"message": "", "levelname": "INFO", "name": "Trainer", "asctime": "2026-04-28 22:32:47,593", "type": "train", "epoch": 11, "batch": 6079, "n_batches": 7774, "time": 0.842, "data_time": 0.0, "lr": 0.0001, "loss": -28.241, "recon_loss": -32.87, "kld_loss": 46.294, "kld_weight": 0.1}
{"message": "", "levelname": "INFO", "name": "Trainer", "asctime": "2026-04-28 22:32:54,471", "type": "train", "epoch": 11, "batch": 6159, "n_batches": 7774, "time": 0.671, "data_time": 0.0, "lr": 0.0001, "loss": -24.096, "recon_loss": -28.441, "kld_loss": 43.447, "kld_weight": 0.1}
{"message": "", "levelname": "INFO", "name": "Trainer", "asctime": "2026-04-28 22:33:01,175", "type": "train", "epoch": 11, "batch": 6239, "n_batches": 7774, "time": 0.493, "data_time": 0.0, "lr": 0.0001, "loss": -23.976, "recon_loss": -28.213, "kld_loss": 42.37, "kld_weight": 0.1}
{"message": "", "levelname": "INFO", "name": "Trainer", "asctime": "2026-04-28 22:33:07,561", "type": "train", "epoch": 11, "batch": 6319, "n_batches": 7774, "time": 0.643, "data_time": 0.0, "lr": 0.0001, "loss": -30.391, "recon_loss": -34.606, "kld_loss": 42.147, "kld_weight": 0.1}
{"message": "", "levelname": "INFO", "name": "Trainer", "asctime": "2026-04-28 22:33:14,535", "type": "train", "epoch": 11, "batch": 6399, "n_batches": 7774, "time": 0.731, "data_time": 0.0, "lr": 0.0001, "loss": -25.218, "recon_loss": -29.573, "kld_loss": 43.551, "kld_weight": 0.1}
{"message": "", "levelname": "INFO", "name": "Trainer", "asctime": "2026-04-28 22:33:20,806", "type": "train", "epoch": 11, "batch": 6479, "n_batches": 7774, "time": 0.566, "data_time": 0.0, "lr": 0.0001, "loss": -24.02, "recon_loss": -28.483, "kld_loss": 44.63, "kld_weight": 0.1}
{"message": "", "levelname": "INFO", "name": "Trainer", "asctime": "2026-04-28 22:33:27,493", "type": "train", "epoch": 11, "batch": 6559, "n_batches": 7774, "time": 0.531, "data_time": 0.0, "lr": 0.0001, "loss": -21.26, "recon_loss": -25.415, "kld_loss": 41.55, "kld_weight": 0.1}
{"message": "", "levelname": "INFO", "name": "Trainer", "asctime": "2026-04-28 22:33:34,986", "type": "train", "epoch": 11, "batch": 6639, "n_batches": 7774, "time": 0.761, "data_time": 0.0, "lr": 0.0001, "loss": -25.55, "recon_loss": -29.946, "kld_loss": 43.959, "kld_weight": 0.1}
{"message": "", "levelname": "INFO", "name": "Trainer", "asctime": "2026-04-28 22:33:41,405", "type": "train", "epoch": 11, "batch": 6719, "n_batches": 7774, "time": 0.531, "data_time": 0.0, "lr": 0.0001, "loss": -24.7, "recon_loss": -29.048, "kld_loss": 43.478, "kld_weight": 0.1}
{"message": "", "levelname": "INFO", "name": "Trainer", "asctime": "2026-04-28 22:33:48,266", "type": "train", "epoch": 11, "batch": 6799, "n_batches": 7774, "time": 0.747, "data_time": 0.0, "lr": 0.0001, "loss": -27.572, "recon_loss": -31.764, "kld_loss": 41.922, "kld_weight": 0.1}
{"message": "", "levelname": "INFO", "name": "Trainer", "asctime": "2026-04-28 22:33:55,842", "type": "train", "epoch": 11, "batch": 6879, "n_batches": 7774, "time": 0.868, "data_time": 0.0, "lr": 0.0001, "loss": -20.117, "recon_loss": -24.143, "kld_loss": 40.259, "kld_weight": 0.1}
{"message": "", "levelname": "INFO", "name": "Trainer", "asctime": "2026-04-28 22:34:02,482", "type": "train", "epoch": 11, "batch": 6959, "n_batches": 7774, "time": 0.669, "data_time": 0.0, "lr": 0.0001, "loss": -23.048, "recon_loss": -28.207, "kld_loss": 51.595, "kld_weight": 0.1}
{"message": "", "levelname": "INFO", "name": "Trainer", "asctime": "2026-04-28 22:34:09,200", "type": "train", "epoch": 11, "batch": 7039, "n_batches": 7774, "time": 0.616, "data_time": 0.0, "lr": 0.0001, "loss": -19.821, "recon_loss": -24.045, "kld_loss": 42.237, "kld_weight": 0.1}
{"message": "", "levelname": "INFO", "name": "Trainer", "asctime": "2026-04-28 22:34:15,979", "type": "train", "epoch": 11, "batch": 7119, "n_batches": 7774, "time": 0.651, "data_time": 0.0, "lr": 0.0001, "loss": -23.582, "recon_loss": -27.814, "kld_loss": 42.325, "kld_weight": 0.1}
{"message": "", "levelname": "INFO", "name": "Trainer", "asctime": "2026-04-28 22:34:22,423", "type": "train", "epoch": 11, "batch": 7199, "n_batches": 7774, "time": 0.66, "data_time": 0.0, "lr": 0.0001, "loss": -18.428, "recon_loss": -23.781, "kld_loss": 53.528, "kld_weight": 0.1}
{"message": "", "levelname": "INFO", "name": "Trainer", "asctime": "2026-04-28 22:34:28,538", "type": "train", "epoch": 11, "batch": 7279, "n_batches": 7774, "time": 0.572, "data_time": 0.0, "lr": 0.0001, "loss": -26.078, "recon_loss": -30.269, "kld_loss": 41.918, "kld_weight": 0.1}
{"message": "", "levelname": "INFO", "name": "Trainer", "asctime": "2026-04-28 22:34:34,793", "type": "train", "epoch": 11, "batch": 7359, "n_batches": 7774, "time": 0.648, "data_time": 0.0, "lr": 0.0001, "loss": -21.447, "recon_loss": -25.948, "kld_loss": 45.016, "kld_weight": 0.1}
{"message": "", "levelname": "INFO", "name": "Trainer", "asctime": "2026-04-28 22:34:41,788", "type": "train", "epoch": 11, "batch": 7439, "n_batches": 7774, "time": 0.718, "data_time": 0.0, "lr": 0.0001, "loss": -29.427, "recon_loss": -34.156, "kld_loss": 47.29, "kld_weight": 0.1}
{"message": "", "levelname": "INFO", "name": "Trainer", "asctime": "2026-04-28 22:34:48,604", "type": "train", "epoch": 11, "batch": 7519, "n_batches": 7774, "time": 0.641, "data_time": 0.0, "lr": 0.0001, "loss": -29.008, "recon_loss": -33.483, "kld_loss": 44.758, "kld_weight": 0.1}
{"message": "", "levelname": "INFO", "name": "Trainer", "asctime": "2026-04-28 22:34:54,890", "type": "train", "epoch": 11, "batch": 7599, "n_batches": 7774, "time": 0.614, "data_time": 0.0, "lr": 0.0001, "loss": -26.377, "recon_loss": -30.766, "kld_loss": 43.888, "kld_weight": 0.1}
{"message": "", "levelname": "INFO", "name": "Trainer", "asctime": "2026-04-28 22:35:01,547", "type": "train", "epoch": 11, "batch": 7679, "n_batches": 7774, "time": 0.644, "data_time": 0.0, "lr": 0.0001, "loss": -24.17, "recon_loss": -28.511, "kld_loss": 43.406, "kld_weight": 0.1}
{"message": "", "levelname": "INFO", "name": "Trainer", "asctime": "2026-04-28 22:35:08,462", "type": "train", "epoch": 11, "batch": 7759, "n_batches": 7774, "time": 0.703, "data_time": 0.0, "lr": 0.0001, "loss": -18.473, "recon_loss": -23.004, "kld_loss": 45.316, "kld_weight": 0.1}
{"message": "", "levelname": "INFO", "name": "Trainer", "asctime": "2026-04-28 22:35:09,563", "type": "train-epoch", "epoch": 12, "loss": -2.78155, "recon_loss": -3.33394, "kld_loss": 5.52383, "kld_weight": 0.1, "time": 645.7}
{"message": "", "levelname": "INFO", "name": "Trainer", "asctime": "2026-04-28 22:37:08,763", "type": "val-epoch", "epoch": 12, "loss": -2.928, "test_loss": 0.221, "recon_loss": -3.481, "kld_loss": 5.531, "kld_weight": 0.1, "note": "loss is teacher-forced CVAE objective; test_loss is prior-only reconstruction", "time": 119.2}
{"message": "", "levelname": "INFO", "name": "Trainer", "asctime": "2026-04-28 22:37:15,467", "type": "train", "epoch": 12, "batch": 79, "n_batches": 7774, "time": 0.591, "data_time": 0.0, "lr": 0.0001, "loss": -23.947, "recon_loss": -28.545, "kld_loss": 45.975, "kld_weight": 0.1}
{"message": "", "levelname": "INFO", "name": "Trainer", "asctime": "2026-04-28 22:37:22,464", "type": "train", "epoch": 12, "batch": 159, "n_batches": 7774, "time": 0.675, "data_time": 0.0, "lr": 0.0001, "loss": -20.582, "recon_loss": -24.635, "kld_loss": 40.535, "kld_weight": 0.1}
{"message": "", "levelname": "INFO", "name": "Trainer", "asctime": "2026-04-28 22:37:29,015", "type": "train", "epoch": 12, "batch": 239, "n_batches": 7774, "time": 0.463, "data_time": 0.0, "lr": 0.0001, "loss": -17.266, "recon_loss": -22.267, "kld_loss": 50.01, "kld_weight": 0.1}
{"message": "", "levelname": "INFO", "name": "Trainer", "asctime": "2026-04-28 22:37:35,779", "type": "train", "epoch": 12, "batch": 319, "n_batches": 7774, "time": 0.685, "data_time": 0.0, "lr": 0.0001, "loss": -26.203, "recon_loss": -30.311, "kld_loss": 41.077, "kld_weight": 0.1}
{"message": "", "levelname": "INFO", "name": "Trainer", "asctime": "2026-04-28 22:37:42,926", "type": "train", "epoch": 12, "batch": 399, "n_batches": 7774, "time": 0.66, "data_time": 0.0, "lr": 0.0001, "loss": -21.95, "recon_loss": -26.293, "kld_loss": 43.429, "kld_weight": 0.1}
{"message": "", "levelname": "INFO", "name": "Trainer", "asctime": "2026-04-28 22:37:49,452", "type": "train", "epoch": 12, "batch": 479, "n_batches": 7774, "time": 0.816, "data_time": 0.0, "lr": 0.0001, "loss": -20.378, "recon_loss": -26.332, "kld_loss": 59.548, "kld_weight": 0.1}
{"message": "", "levelname": "INFO", "name": "Trainer", "asctime": "2026-04-28 22:37:56,145", "type": "train", "epoch": 12, "batch": 559, "n_batches": 7774, "time": 0.892, "data_time": 0.0, "lr": 0.0001, "loss": -21.923, "recon_loss": -25.936, "kld_loss": 40.127, "kld_weight": 0.1}
{"message": "", "levelname": "INFO", "name": "Trainer", "asctime": "2026-04-28 22:38:02,897", "type": "train", "epoch": 12, "batch": 639, "n_batches": 7774, "time": 0.812, "data_time": 0.0, "lr": 0.0001, "loss": -22.938, "recon_loss": -27.613, "kld_loss": 46.747, "kld_weight": 0.1}
{"message": "", "levelname": "INFO", "name": "Trainer", "asctime": "2026-04-28 22:38:09,460", "type": "train", "epoch": 12, "batch": 719, "n_batches": 7774, "time": 0.471, "data_time": 0.0, "lr": 0.0001, "loss": -20.979, "recon_loss": -25.534, "kld_loss": 45.55, "kld_weight": 0.1}
{"message": "", "levelname": "INFO", "name": "Trainer", "asctime": "2026-04-28 22:38:16,522", "type": "train", "epoch": 12, "batch": 799, "n_batches": 7774, "time": 0.649, "data_time": 0.0, "lr": 0.0001, "loss": -25.586, "recon_loss": -29.477, "kld_loss": 38.913, "kld_weight": 0.1}
{"message": "", "levelname": "INFO", "name": "Trainer", "asctime": "2026-04-28 22:38:24,054", "type": "train", "epoch": 12, "batch": 879, "n_batches": 7774, "time": 0.839, "data_time": 0.0, "lr": 0.0001, "loss": -17.372, "recon_loss": -21.956, "kld_loss": 45.84, "kld_weight": 0.1}
{"message": "", "levelname": "INFO", "name": "Trainer", "asctime": "2026-04-28 22:38:30,423", "type": "train", "epoch": 12, "batch": 959, "n_batches": 7774, "time": 0.6, "data_time": 0.0, "lr": 0.0001, "loss": -20.289, "recon_loss": -24.793, "kld_loss": 45.041, "kld_weight": 0.1}
{"message": "", "levelname": "INFO", "name": "Trainer", "asctime": "2026-04-28 22:38:38,000", "type": "train", "epoch": 12, "batch": 1039, "n_batches": 7774, "time": 0.651, "data_time": 0.0, "lr": 0.0001, "loss": -22.875, "recon_loss": -27.682, "kld_loss": 48.072, "kld_weight": 0.1}
{"message": "", "levelname": "INFO", "name": "Trainer", "asctime": "2026-04-28 22:38:44,776", "type": "train", "epoch": 12, "batch": 1119, "n_batches": 7774, "time": 0.501, "data_time": 0.0, "lr": 0.0001, "loss": -14.573, "recon_loss": -19.554, "kld_loss": 49.81, "kld_weight": 0.1}
{"message": "", "levelname": "INFO", "name": "Trainer", "asctime": "2026-04-28 22:38:50,878", "type": "train", "epoch": 12, "batch": 1199, "n_batches": 7774, "time": 0.604, "data_time": 0.0, "lr": 0.0001, "loss": -16.668, "recon_loss": -21.802, "kld_loss": 51.333, "kld_weight": 0.1}
{"message": "", "levelname": "INFO", "name": "Trainer", "asctime": "2026-04-28 22:38:57,102", "type": "train", "epoch": 12, "batch": 1279, "n_batches": 7774, "time": 0.56, "data_time": 0.0, "lr": 0.0001, "loss": -19.027, "recon_loss": -25.954, "kld_loss": 69.272, "kld_weight": 0.1}
{"message": "", "levelname": "INFO", "name": "Trainer", "asctime": "2026-04-28 22:39:03,862", "type": "train", "epoch": 12, "batch": 1359, "n_batches": 7774, "time": 0.649, "data_time": 0.0, "lr": 0.0001, "loss": -22.935, "recon_loss": -27.469, "kld_loss": 45.333, "kld_weight": 0.1}
{"message": "", "levelname": "INFO", "name": "Trainer", "asctime": "2026-04-28 22:39:10,948", "type": "train", "epoch": 12, "batch": 1439, "n_batches": 7774, "time": 0.642, "data_time": 0.0, "lr": 0.0001, "loss": -25.727, "recon_loss": -29.832, "kld_loss": 41.05, "kld_weight": 0.1}
{"message": "", "levelname": "INFO", "name": "Trainer", "asctime": "2026-04-28 22:39:18,099", "type": "train", "epoch": 12, "batch": 1519, "n_batches": 7774, "time": 0.503, "data_time": 0.0, "lr": 0.0001, "loss": -15.629, "recon_loss": -19.788, "kld_loss": 41.598, "kld_weight": 0.1}
{"message": "", "levelname": "INFO", "name": "Trainer", "asctime": "2026-04-28 22:39:24,666", "type": "train", "epoch": 12, "batch": 1599, "n_batches": 7774, "time": 0.637, "data_time": 0.0, "lr": 0.0001, "loss": -25.237, "recon_loss": -29.912, "kld_loss": 46.752, "kld_weight": 0.1}
{"message": "", "levelname": "INFO", "name": "Trainer", "asctime": "2026-04-28 22:39:31,478", "type": "train", "epoch": 12, "batch": 1679, "n_batches": 7774, "time": 0.644, "data_time": 0.0, "lr": 0.0001, "loss": -20.522, "recon_loss": -24.865, "kld_loss": 43.432, "kld_weight": 0.1}
{"message": "", "levelname": "INFO", "name": "Trainer", "asctime": "2026-04-28 22:39:37,953", "type": "train", "epoch": 12, "batch": 1759, "n_batches": 7774, "time": 0.677, "data_time": 0.0, "lr": 0.0001, "loss": -21.043, "recon_loss": -26.117, "kld_loss": 50.742, "kld_weight": 0.1}
{"message": "", "levelname": "INFO", "name": "Trainer", "asctime": "2026-04-28 22:39:44,852", "type": "train", "epoch": 12, "batch": 1839, "n_batches": 7774, "time": 0.77, "data_time": 0.0, "lr": 0.0001, "loss": -20.289, "recon_loss": -24.801, "kld_loss": 45.122, "kld_weight": 0.1}
{"message": "", "levelname": "INFO", "name": "Trainer", "asctime": "2026-04-28 22:39:51,327", "type": "train", "epoch": 12, "batch": 1919, "n_batches": 7774, "time": 0.731, "data_time": 0.0, "lr": 0.0001, "loss": -26.981, "recon_loss": -31.551, "kld_loss": 45.701, "kld_weight": 0.1}
{"message": "", "levelname": "INFO", "name": "Trainer", "asctime": "2026-04-28 22:39:57,829", "type": "train", "epoch": 12, "batch": 1999, "n_batches": 7774, "time": 0.891, "data_time": 0.0, "lr": 0.0001, "loss": -25.672, "recon_loss": -30.394, "kld_loss": 47.226, "kld_weight": 0.1}
{"message": "", "levelname": "INFO", "name": "Trainer", "asctime": "2026-04-28 22:40:04,520", "type": "train", "epoch": 12, "batch": 2079, "n_batches": 7774, "time": 0.676, "data_time": 0.0, "lr": 0.0001, "loss": -21.541, "recon_loss": -26.066, "kld_loss": 45.252, "kld_weight": 0.1}
{"message": "", "levelname": "INFO", "name": "Trainer", "asctime": "2026-04-28 22:40:11,037", "type": "train", "epoch": 12, "batch": 2159, "n_batches": 7774, "time": 0.875, "data_time": 0.0, "lr": 0.0001, "loss": -16.074, "recon_loss": -20.458, "kld_loss": 43.838, "kld_weight": 0.1}
{"message": "", "levelname": "INFO", "name": "Trainer", "asctime": "2026-04-28 22:40:18,265", "type": "train", "epoch": 12, "batch": 2239, "n_batches": 7774, "time": 0.64, "data_time": 0.0, "lr": 0.0001, "loss": -19.698, "recon_loss": -24.423, "kld_loss": 47.247, "kld_weight": 0.1}
{"message": "", "levelname": "INFO", "name": "Trainer", "asctime": "2026-04-28 22:40:24,838", "type": "train", "epoch": 12, "batch": 2319, "n_batches": 7774, "time": 0.691, "data_time": 0.0, "lr": 0.0001, "loss": -23.321, "recon_loss": -27.427, "kld_loss": 41.053, "kld_weight": 0.1}
{"message": "", "levelname": "INFO", "name": "Trainer", "asctime": "2026-04-28 22:40:30,949", "type": "train", "epoch": 12, "batch": 2399, "n_batches": 7774, "time": 0.584, "data_time": 0.0, "lr": 0.0001, "loss": -21.012, "recon_loss": -25.59, "kld_loss": 45.781, "kld_weight": 0.1}
{"message": "", "levelname": "INFO", "name": "Trainer", "asctime": "2026-04-28 22:40:36,931", "type": "train", "epoch": 12, "batch": 2479, "n_batches": 7774, "time": 0.661, "data_time": 0.0, "lr": 0.0001, "loss": -25.634, "recon_loss": -29.677, "kld_loss": 40.433, "kld_weight": 0.1}
{"message": "", "levelname": "INFO", "name": "Trainer", "asctime": "2026-04-28 22:40:43,542", "type": "train", "epoch": 12, "batch": 2559, "n_batches": 7774, "time": 0.663, "data_time": 0.0, "lr": 0.0001, "loss": -20.701, "recon_loss": -25.664, "kld_loss": 49.635, "kld_weight": 0.1}
{"message": "", "levelname": "INFO", "name": "Trainer", "asctime": "2026-04-28 22:40:50,090", "type": "train", "epoch": 12, "batch": 2639, "n_batches": 7774, "time": 0.826, "data_time": 0.0, "lr": 0.0001, "loss": -23.206, "recon_loss": -27.497, "kld_loss": 42.905, "kld_weight": 0.1}
{"message": "", "levelname": "INFO", "name": "Trainer", "asctime": "2026-04-28 22:40:56,975", "type": "train", "epoch": 12, "batch": 2719, "n_batches": 7774, "time": 0.829, "data_time": 0.0, "lr": 0.0001, "loss": -20.359, "recon_loss": -24.935, "kld_loss": 45.763, "kld_weight": 0.1}
{"message": "", "levelname": "INFO", "name": "Trainer", "asctime": "2026-04-28 22:41:03,700", "type": "train", "epoch": 12, "batch": 2799, "n_batches": 7774, "time": 0.62, "data_time": 0.0, "lr": 0.0001, "loss": -22.343, "recon_loss": -26.555, "kld_loss": 42.125, "kld_weight": 0.1}
{"message": "", "levelname": "INFO", "name": "Trainer", "asctime": "2026-04-28 22:41:10,421", "type": "train", "epoch": 12, "batch": 2879, "n_batches": 7774, "time": 0.685, "data_time": 0.0, "lr": 0.0001, "loss": -25.212, "recon_loss": -29.717, "kld_loss": 45.052, "kld_weight": 0.1}
{"message": "", "levelname": "INFO", "name": "Trainer", "asctime": "2026-04-28 22:41:16,871", "type": "train", "epoch": 12, "batch": 2959, "n_batches": 7774, "time": 0.605, "data_time": 0.0, "lr": 0.0001, "loss": -22.433, "recon_loss": -26.889, "kld_loss": 44.557, "kld_weight": 0.1}
{"message": "", "levelname": "INFO", "name": "Trainer", "asctime": "2026-04-28 22:41:24,199", "type": "train", "epoch": 12, "batch": 3039, "n_batches": 7774, "time": 0.832, "data_time": 0.0, "lr": 0.0001, "loss": -25.19, "recon_loss": -29.465, "kld_loss": 42.751, "kld_weight": 0.1}
{"message": "", "levelname": "INFO", "name": "Trainer", "asctime": "2026-04-28 22:41:31,467", "type": "train", "epoch": 12, "batch": 3119, "n_batches": 7774, "time": 0.64, "data_time": 0.0, "lr": 0.0001, "loss": -20.434, "recon_loss": -24.75, "kld_loss": 43.168, "kld_weight": 0.1}
{"message": "", "levelname": "INFO", "name": "Trainer", "asctime": "2026-04-28 22:41:37,854", "type": "train", "epoch": 12, "batch": 3199, "n_batches": 7774, "time": 0.832, "data_time": 0.0, "lr": 0.0001, "loss": -23.452, "recon_loss": -27.792, "kld_loss": 43.397, "kld_weight": 0.1}
{"message": "", "levelname": "INFO", "name": "Trainer", "asctime": "2026-04-28 22:41:45,033", "type": "train", "epoch": 12, "batch": 3279, "n_batches": 7774, "time": 0.636, "data_time": 0.0, "lr": 0.0001, "loss": -22.644, "recon_loss": -26.65, "kld_loss": 40.058, "kld_weight": 0.1}
{"message": "", "levelname": "INFO", "name": "Trainer", "asctime": "2026-04-28 22:41:52,192", "type": "train", "epoch": 12, "batch": 3359, "n_batches": 7774, "time": 0.671, "data_time": 0.0, "lr": 0.0001, "loss": -22.421, "recon_loss": -26.798, "kld_loss": 43.773, "kld_weight": 0.1}
{"message": "", "levelname": "INFO", "name": "Trainer", "asctime": "2026-04-28 22:41:58,613", "type": "train", "epoch": 12, "batch": 3439, "n_batches": 7774, "time": 0.612, "data_time": 0.0, "lr": 0.0001, "loss": -22.043, "recon_loss": -26.358, "kld_loss": 43.146, "kld_weight": 0.1}
{"message": "", "levelname": "INFO", "name": "Trainer", "asctime": "2026-04-28 22:42:05,139", "type": "train", "epoch": 12, "batch": 3519, "n_batches": 7774, "time": 0.609, "data_time": 0.0, "lr": 0.0001, "loss": -20.65, "recon_loss": -25.272, "kld_loss": 46.221, "kld_weight": 0.1}
{"message": "", "levelname": "INFO", "name": "Trainer", "asctime": "2026-04-28 22:42:12,214", "type": "train", "epoch": 12, "batch": 3599, "n_batches": 7774, "time": 0.542, "data_time": 0.0, "lr": 0.0001, "loss": -26.429, "recon_loss": -30.496, "kld_loss": 40.676, "kld_weight": 0.1}
{"message": "", "levelname": "INFO", "name": "Trainer", "asctime": "2026-04-28 22:42:18,766", "type": "train", "epoch": 12, "batch": 3679, "n_batches": 7774, "time": 0.71, "data_time": 0.0, "lr": 0.0001, "loss": -21.011, "recon_loss": -25.733, "kld_loss": 47.223, "kld_weight": 0.1}
{"message": "", "levelname": "INFO", "name": "Trainer", "asctime": "2026-04-28 22:42:25,963", "type": "train", "epoch": 12, "batch": 3759, "n_batches": 7774, "time": 0.659, "data_time": 0.0, "lr": 0.0001, "loss": -22.145, "recon_loss": -27.688, "kld_loss": 55.425, "kld_weight": 0.1}
{"message": "", "levelname": "INFO", "name": "Trainer", "asctime": "2026-04-28 22:42:33,038", "type": "train", "epoch": 12, "batch": 3839, "n_batches": 7774, "time": 0.6, "data_time": 0.0, "lr": 0.0001, "loss": -23.431, "recon_loss": -27.647, "kld_loss": 42.164, "kld_weight": 0.1}
{"message": "", "levelname": "INFO", "name": "Trainer", "asctime": "2026-04-28 22:42:39,495", "type": "train", "epoch": 12, "batch": 3919, "n_batches": 7774, "time": 0.517, "data_time": 0.0, "lr": 0.0001, "loss": -25.235, "recon_loss": -29.623, "kld_loss": 43.882, "kld_weight": 0.1}
{"message": "", "levelname": "INFO", "name": "Trainer", "asctime": "2026-04-28 22:42:45,584", "type": "train", "epoch": 12, "batch": 3999, "n_batches": 7774, "time": 0.481, "data_time": 0.0, "lr": 0.0001, "loss": -19.344, "recon_loss": -23.764, "kld_loss": 44.205, "kld_weight": 0.1}
{"message": "", "levelname": "INFO", "name": "Trainer", "asctime": "2026-04-28 22:42:52,523", "type": "train", "epoch": 12, "batch": 4079, "n_batches": 7774, "time": 0.658, "data_time": 0.0, "lr": 0.0001, "loss": -22.106, "recon_loss": -26.493, "kld_loss": 43.869, "kld_weight": 0.1}
{"message": "", "levelname": "INFO", "name": "Trainer", "asctime": "2026-04-28 22:42:59,456", "type": "train", "epoch": 12, "batch": 4159, "n_batches": 7774, "time": 0.682, "data_time": 0.0, "lr": 0.0001, "loss": -20.308, "recon_loss": -24.719, "kld_loss": 44.116, "kld_weight": 0.1}
{"message": "", "levelname": "INFO", "name": "Trainer", "asctime": "2026-04-28 22:43:07,047", "type": "train", "epoch": 12, "batch": 4239, "n_batches": 7774, "time": 0.846, "data_time": 0.0, "lr": 0.0001, "loss": -19.649, "recon_loss": -23.894, "kld_loss": 42.451, "kld_weight": 0.1}
{"message": "", "levelname": "INFO", "name": "Trainer", "asctime": "2026-04-28 22:43:13,832", "type": "train", "epoch": 12, "batch": 4319, "n_batches": 7774, "time": 0.644, "data_time": 0.0, "lr": 0.0001, "loss": -26.668, "recon_loss": -30.749, "kld_loss": 40.806, "kld_weight": 0.1}
{"message": "", "levelname": "INFO", "name": "Trainer", "asctime": "2026-04-28 22:43:20,887", "type": "train", "epoch": 12, "batch": 4399, "n_batches": 7774, "time": 0.647, "data_time": 0.0, "lr": 0.0001, "loss": -20.467, "recon_loss": -24.99, "kld_loss": 45.237, "kld_weight": 0.1}
{"message": "", "levelname": "INFO", "name": "Trainer", "asctime": "2026-04-28 22:43:27,399", "type": "train", "epoch": 12, "batch": 4479, "n_batches": 7774, "time": 0.648, "data_time": 0.0, "lr": 0.0001, "loss": -25.025, "recon_loss": -29.728, "kld_loss": 47.027, "kld_weight": 0.1}
{"message": "", "levelname": "INFO", "name": "Trainer", "asctime": "2026-04-28 22:43:35,310", "type": "train", "epoch": 12, "batch": 4559, "n_batches": 7774, "time": 0.547, "data_time": 0.0, "lr": 0.0001, "loss": -16.832, "recon_loss": -21.697, "kld_loss": 48.651, "kld_weight": 0.1}
{"message": "", "levelname": "INFO", "name": "Trainer", "asctime": "2026-04-28 22:43:42,034", "type": "train", "epoch": 12, "batch": 4639, "n_batches": 7774, "time": 0.936, "data_time": 0.0, "lr": 0.0001, "loss": -21.259, "recon_loss": -25.743, "kld_loss": 44.843, "kld_weight": 0.1}
{"message": "", "levelname": "INFO", "name": "Trainer", "asctime": "2026-04-28 22:43:49,554", "type": "train", "epoch": 12, "batch": 4719, "n_batches": 7774, "time": 0.733, "data_time": 0.0, "lr": 0.0001, "loss": -22.984, "recon_loss": -27.24, "kld_loss": 42.561, "kld_weight": 0.1}
{"message": "", "levelname": "INFO", "name": "Trainer", "asctime": "2026-04-28 22:43:56,411", "type": "train", "epoch": 12, "batch": 4799, "n_batches": 7774, "time": 0.613, "data_time": 0.0, "lr": 0.0001, "loss": -21.958, "recon_loss": -26.202, "kld_loss": 42.441, "kld_weight": 0.1}
{"message": "", "levelname": "INFO", "name": "Trainer", "asctime": "2026-04-28 22:44:02,975", "type": "train", "epoch": 12, "batch": 4879, "n_batches": 7774, "time": 0.495, "data_time": 0.0, "lr": 0.0001, "loss": -20.402, "recon_loss": -24.59, "kld_loss": 41.883, "kld_weight": 0.1}
{"message": "", "levelname": "INFO", "name": "Trainer", "asctime": "2026-04-28 22:44:09,704", "type": "train", "epoch": 12, "batch": 4959, "n_batches": 7774, "time": 0.643, "data_time": 0.0, "lr": 0.0001, "loss": -18.31, "recon_loss": -23.051, "kld_loss": 47.41, "kld_weight": 0.1}
{"message": "", "levelname": "INFO", "name": "Trainer", "asctime": "2026-04-28 22:44:17,385", "type": "train", "epoch": 12, "batch": 5039, "n_batches": 7774, "time": 0.697, "data_time": 0.0, "lr": 0.0001, "loss": -18.413, "recon_loss": -23.244, "kld_loss": 48.311, "kld_weight": 0.1}
{"message": "", "levelname": "INFO", "name": "Trainer", "asctime": "2026-04-28 22:44:23,595", "type": "train", "epoch": 12, "batch": 5119, "n_batches": 7774, "time": 0.536, "data_time": 0.0, "lr": 0.0001, "loss": -23.635, "recon_loss": -28.32, "kld_loss": 46.855, "kld_weight": 0.1}
{"message": "", "levelname": "INFO", "name": "Trainer", "asctime": "2026-04-28 22:44:30,808", "type": "train", "epoch": 12, "batch": 5199, "n_batches": 7774, "time": 0.622, "data_time": 0.0, "lr": 0.0001, "loss": -27.683, "recon_loss": -31.937, "kld_loss": 42.545, "kld_weight": 0.1}
{"message": "", "levelname": "INFO", "name": "Trainer", "asctime": "2026-04-28 22:44:37,289", "type": "train", "epoch": 12, "batch": 5279, "n_batches": 7774, "time": 0.623, "data_time": 0.0, "lr": 0.0001, "loss": -21.907, "recon_loss": -26.048, "kld_loss": 41.411, "kld_weight": 0.1}
{"message": "", "levelname": "INFO", "name": "Trainer", "asctime": "2026-04-28 22:44:43,982", "type": "train", "epoch": 12, "batch": 5359, "n_batches": 7774, "time": 0.903, "data_time": 0.0, "lr": 0.0001, "loss": -26.445, "recon_loss": -30.602, "kld_loss": 41.578, "kld_weight": 0.1}
{"message": "", "levelname": "INFO", "name": "Trainer", "asctime": "2026-04-28 22:44:50,272", "type": "train", "epoch": 12, "batch": 5439, "n_batches": 7774, "time": 0.525, "data_time": 0.0, "lr": 0.0001, "loss": -25.461, "recon_loss": -29.517, "kld_loss": 40.566, "kld_weight": 0.1}
{"message": "", "levelname": "INFO", "name": "Trainer", "asctime": "2026-04-28 22:44:57,381", "type": "train", "epoch": 12, "batch": 5519, "n_batches": 7774, "time": 0.682, "data_time": 0.0, "lr": 0.0001, "loss": -22.131, "recon_loss": -26.592, "kld_loss": 44.607, "kld_weight": 0.1}
{"message": "", "levelname": "INFO", "name": "Trainer", "asctime": "2026-04-28 22:45:04,723", "type": "train", "epoch": 12, "batch": 5599, "n_batches": 7774, "time": 0.643, "data_time": 0.0, "lr": 0.0001, "loss": -19.102, "recon_loss": -23.428, "kld_loss": 43.253, "kld_weight": 0.1}
{"message": "", "levelname": "INFO", "name": "Trainer", "asctime": "2026-04-28 22:45:11,935", "type": "train", "epoch": 12, "batch": 5679, "n_batches": 7774, "time": 0.606, "data_time": 0.0, "lr": 0.0001, "loss": -22.163, "recon_loss": -26.373, "kld_loss": 42.103, "kld_weight": 0.1}
{"message": "", "levelname": "INFO", "name": "Trainer", "asctime": "2026-04-28 22:45:18,332", "type": "train", "epoch": 12, "batch": 5759, "n_batches": 7774, "time": 0.655, "data_time": 0.0, "lr": 0.0001, "loss": -25.988, "recon_loss": -30.321, "kld_loss": 43.328, "kld_weight": 0.1}
{"message": "", "levelname": "INFO", "name": "Trainer", "asctime": "2026-04-28 22:45:24,626", "type": "train", "epoch": 12, "batch": 5839, "n_batches": 7774, "time": 0.607, "data_time": 0.0, "lr": 0.0001, "loss": -24.787, "recon_loss": -29.444, "kld_loss": 46.566, "kld_weight": 0.1}
{"message": "", "levelname": "INFO", "name": "Trainer", "asctime": "2026-04-28 22:45:31,212", "type": "train", "epoch": 12, "batch": 5919, "n_batches": 7774, "time": 0.831, "data_time": 0.0, "lr": 0.0001, "loss": -22.774, "recon_loss": -27.561, "kld_loss": 47.877, "kld_weight": 0.1}
{"message": "", "levelname": "INFO", "name": "Trainer", "asctime": "2026-04-28 22:45:37,622", "type": "train", "epoch": 12, "batch": 5999, "n_batches": 7774, "time": 0.602, "data_time": 0.0, "lr": 0.0001, "loss": -22.918, "recon_loss": -27.003, "kld_loss": 40.846, "kld_weight": 0.1}
{"message": "", "levelname": "INFO", "name": "Trainer", "asctime": "2026-04-28 22:45:44,404", "type": "train", "epoch": 12, "batch": 6079, "n_batches": 7774, "time": 0.729, "data_time": 0.0, "lr": 0.0001, "loss": -26.561, "recon_loss": -30.857, "kld_loss": 42.959, "kld_weight": 0.1}
{"message": "", "levelname": "INFO", "name": "Trainer", "asctime": "2026-04-28 22:45:50,560", "type": "train", "epoch": 12, "batch": 6159, "n_batches": 7774, "time": 0.6, "data_time": 0.0, "lr": 0.0001, "loss": -20.647, "recon_loss": -24.789, "kld_loss": 41.419, "kld_weight": 0.1}
{"message": "", "levelname": "INFO", "name": "Trainer", "asctime": "2026-04-28 22:45:57,486", "type": "train", "epoch": 12, "batch": 6239, "n_batches": 7774, "time": 0.656, "data_time": 0.0, "lr": 0.0001, "loss": -17.997, "recon_loss": -22.202, "kld_loss": 42.045, "kld_weight": 0.1}
{"message": "", "levelname": "INFO", "name": "Trainer", "asctime": "2026-04-28 22:46:03,920", "type": "train", "epoch": 12, "batch": 6319, "n_batches": 7774, "time": 0.827, "data_time": 0.0, "lr": 0.0001, "loss": -22.424, "recon_loss": -26.681, "kld_loss": 42.574, "kld_weight": 0.1}
{"message": "", "levelname": "INFO", "name": "Trainer", "asctime": "2026-04-28 22:46:10,471", "type": "train", "epoch": 12, "batch": 6399, "n_batches": 7774, "time": 0.728, "data_time": 0.0, "lr": 0.0001, "loss": -12.832, "recon_loss": -17.169, "kld_loss": 43.375, "kld_weight": 0.1}
{"message": "", "levelname": "INFO", "name": "Trainer", "asctime": "2026-04-28 22:46:17,131", "type": "train", "epoch": 12, "batch": 6479, "n_batches": 7774, "time": 0.568, "data_time": 0.0, "lr": 0.0001, "loss": -25.781, "recon_loss": -29.831, "kld_loss": 40.504, "kld_weight": 0.1}
{"message": "", "levelname": "INFO", "name": "Trainer", "asctime": "2026-04-28 22:46:23,849", "type": "train", "epoch": 12, "batch": 6559, "n_batches": 7774, "time": 0.684, "data_time": 0.0, "lr": 0.0001, "loss": -23.432, "recon_loss": -27.676, "kld_loss": 42.435, "kld_weight": 0.1}
{"message": "", "levelname": "INFO", "name": "Trainer", "asctime": "2026-04-28 22:46:30,230", "type": "train", "epoch": 12, "batch": 6639, "n_batches": 7774, "time": 0.71, "data_time": 0.0, "lr": 0.0001, "loss": -12.535, "recon_loss": -17.027, "kld_loss": 44.922, "kld_weight": 0.1}
{"message": "", "levelname": "INFO", "name": "Trainer", "asctime": "2026-04-28 22:46:36,687", "type": "train", "epoch": 12, "batch": 6719, "n_batches": 7774, "time": 0.774, "data_time": 0.0, "lr": 0.0001, "loss": -21.772, "recon_loss": -26.305, "kld_loss": 45.331, "kld_weight": 0.1}
{"message": "", "levelname": "INFO", "name": "Trainer", "asctime": "2026-04-28 22:46:42,771", "type": "train", "epoch": 12, "batch": 6799, "n_batches": 7774, "time": 0.674, "data_time": 0.0, "lr": 0.0001, "loss": -21.202, "recon_loss": -25.755, "kld_loss": 45.523, "kld_weight": 0.1}
{"message": "", "levelname": "INFO", "name": "Trainer", "asctime": "2026-04-28 22:46:49,343", "type": "train", "epoch": 12, "batch": 6879, "n_batches": 7774, "time": 0.709, "data_time": 0.0, "lr": 0.0001, "loss": -20.538, "recon_loss": -25.288, "kld_loss": 47.497, "kld_weight": 0.1}
{"message": "", "levelname": "INFO", "name": "Trainer", "asctime": "2026-04-28 22:46:56,025", "type": "train", "epoch": 12, "batch": 6959, "n_batches": 7774, "time": 0.798, "data_time": 0.0, "lr": 0.0001, "loss": -23.833, "recon_loss": -29.787, "kld_loss": 59.534, "kld_weight": 0.1}
{"message": "", "levelname": "INFO", "name": "Trainer", "asctime": "2026-04-28 22:47:02,518", "type": "train", "epoch": 12, "batch": 7039, "n_batches": 7774, "time": 0.631, "data_time": 0.0, "lr": 0.0001, "loss": -20.952, "recon_loss": -25.511, "kld_loss": 45.593, "kld_weight": 0.1}
{"message": "", "levelname": "INFO", "name": "Trainer", "asctime": "2026-04-28 22:47:09,162", "type": "train", "epoch": 12, "batch": 7119, "n_batches": 7774, "time": 0.647, "data_time": 0.0, "lr": 0.0001, "loss": -21.332, "recon_loss": -25.399, "kld_loss": 40.675, "kld_weight": 0.1}
{"message": "", "levelname": "INFO", "name": "Trainer", "asctime": "2026-04-28 22:47:16,081", "type": "train", "epoch": 12, "batch": 7199, "n_batches": 7774, "time": 0.685, "data_time": 0.0, "lr": 0.0001, "loss": -16.723, "recon_loss": -21.626, "kld_loss": 49.032, "kld_weight": 0.1}
{"message": "", "levelname": "INFO", "name": "Trainer", "asctime": "2026-04-28 22:47:22,940", "type": "train", "epoch": 12, "batch": 7279, "n_batches": 7774, "time": 0.652, "data_time": 0.0, "lr": 0.0001, "loss": -21.677, "recon_loss": -25.84, "kld_loss": 41.628, "kld_weight": 0.1}
{"message": "", "levelname": "INFO", "name": "Trainer", "asctime": "2026-04-28 22:47:29,332", "type": "train", "epoch": 12, "batch": 7359, "n_batches": 7774, "time": 0.621, "data_time": 0.0, "lr": 0.0001, "loss": -17.663, "recon_loss": -21.671, "kld_loss": 40.084, "kld_weight": 0.1}
{"message": "", "levelname": "INFO", "name": "Trainer", "asctime": "2026-04-28 22:47:35,981", "type": "train", "epoch": 12, "batch": 7439, "n_batches": 7774, "time": 0.543, "data_time": 0.0, "lr": 0.0001, "loss": -26.169, "recon_loss": -30.684, "kld_loss": 45.15, "kld_weight": 0.1}
{"message": "", "levelname": "INFO", "name": "Trainer", "asctime": "2026-04-28 22:47:43,171", "type": "train", "epoch": 12, "batch": 7519, "n_batches": 7774, "time": 0.608, "data_time": 0.0, "lr": 0.0001, "loss": -21.821, "recon_loss": -26.068, "kld_loss": 42.463, "kld_weight": 0.1}
{"message": "", "levelname": "INFO", "name": "Trainer", "asctime": "2026-04-28 22:47:49,847", "type": "train", "epoch": 12, "batch": 7599, "n_batches": 7774, "time": 0.576, "data_time": 0.0, "lr": 0.0001, "loss": -19.544, "recon_loss": -23.946, "kld_loss": 44.025, "kld_weight": 0.1}
{"message": "", "levelname": "INFO", "name": "Trainer", "asctime": "2026-04-28 22:47:55,850", "type": "train", "epoch": 12, "batch": 7679, "n_batches": 7774, "time": 0.613, "data_time": 0.0, "lr": 0.0001, "loss": -20.88, "recon_loss": -25.091, "kld_loss": 42.114, "kld_weight": 0.1}
{"message": "", "levelname": "INFO", "name": "Trainer", "asctime": "2026-04-28 22:48:02,189", "type": "train", "epoch": 12, "batch": 7759, "n_batches": 7774, "time": 0.755, "data_time": 0.0, "lr": 0.0001, "loss": -18.548, "recon_loss": -22.782, "kld_loss": 42.337, "kld_weight": 0.1}
{"message": "", "levelname": "INFO", "name": "Trainer", "asctime": "2026-04-28 22:48:03,402", "type": "train-epoch", "epoch": 13, "loss": -2.78817, "recon_loss": -3.3461, "kld_loss": 5.57922, "kld_weight": 0.1, "time": 654.6}
{"message": "", "levelname": "INFO", "name": "Trainer", "asctime": "2026-04-28 22:50:01,006", "type": "val-epoch", "epoch": 13, "loss": -2.931, "test_loss": 0.183, "recon_loss": -3.482, "kld_loss": 5.511, "kld_weight": 0.1, "note": "loss is teacher-forced CVAE objective; test_loss is prior-only reconstruction", "time": 117.6}
{"message": "", "levelname": "INFO", "name": "Trainer", "asctime": "2026-04-28 22:50:07,446", "type": "train", "epoch": 13, "batch": 79, "n_batches": 7774, "time": 0.619, "data_time": 0.0, "lr": 0.0001, "loss": -24.131, "recon_loss": -28.475, "kld_loss": 43.448, "kld_weight": 0.1}
{"message": "", "levelname": "INFO", "name": "Trainer", "asctime": "2026-04-28 22:50:14,181", "type": "train", "epoch": 13, "batch": 159, "n_batches": 7774, "time": 0.59, "data_time": 0.0, "lr": 0.0001, "loss": -22.586, "recon_loss": -27.035, "kld_loss": 44.494, "kld_weight": 0.1}
{"message": "", "levelname": "INFO", "name": "Trainer", "asctime": "2026-04-28 22:50:20,105", "type": "train", "epoch": 13, "batch": 239, "n_batches": 7774, "time": 0.558, "data_time": 0.0, "lr": 0.0001, "loss": -14.573, "recon_loss": -19.057, "kld_loss": 44.843, "kld_weight": 0.1}
{"message": "", "levelname": "INFO", "name": "Trainer", "asctime": "2026-04-28 22:50:26,568", "type": "train", "epoch": 13, "batch": 319, "n_batches": 7774, "time": 0.538, "data_time": 0.0, "lr": 0.0001, "loss": -14.351, "recon_loss": -19.239, "kld_loss": 48.878, "kld_weight": 0.1}
{"message": "", "levelname": "INFO", "name": "Trainer", "asctime": "2026-04-28 22:50:32,900", "type": "train", "epoch": 13, "batch": 399, "n_batches": 7774, "time": 0.502, "data_time": 0.0, "lr": 0.0001, "loss": -22.197, "recon_loss": -26.682, "kld_loss": 44.849, "kld_weight": 0.1}
{"message": "", "levelname": "INFO", "name": "Trainer", "asctime": "2026-04-28 22:50:39,049", "type": "train", "epoch": 13, "batch": 479, "n_batches": 7774, "time": 0.683, "data_time": 0.0, "lr": 0.0001, "loss": -15.22, "recon_loss": -19.535, "kld_loss": 43.151, "kld_weight": 0.1}
{"message": "", "levelname": "INFO", "name": "Trainer", "asctime": "2026-04-28 22:50:45,356", "type": "train", "epoch": 13, "batch": 559, "n_batches": 7774, "time": 0.692, "data_time": 0.0, "lr": 0.0001, "loss": -23.161, "recon_loss": -27.405, "kld_loss": 42.443, "kld_weight": 0.1}
{"message": "", "levelname": "INFO", "name": "Trainer", "asctime": "2026-04-28 22:50:51,496", "type": "train", "epoch": 13, "batch": 639, "n_batches": 7774, "time": 0.55, "data_time": 0.0, "lr": 0.0001, "loss": -20.868, "recon_loss": -25.316, "kld_loss": 44.479, "kld_weight": 0.1}
{"message": "", "levelname": "INFO", "name": "Trainer", "asctime": "2026-04-28 22:50:58,159", "type": "train", "epoch": 13, "batch": 719, "n_batches": 7774, "time": 0.827, "data_time": 0.0, "lr": 0.0001, "loss": -25.527, "recon_loss": -30.056, "kld_loss": 45.29, "kld_weight": 0.1}
{"message": "", "levelname": "INFO", "name": "Trainer", "asctime": "2026-04-28 22:51:04,669", "type": "train", "epoch": 13, "batch": 799, "n_batches": 7774, "time": 0.793, "data_time": 0.0, "lr": 0.0001, "loss": -26.015, "recon_loss": -30.838, "kld_loss": 48.231, "kld_weight": 0.1}
{"message": "", "levelname": "INFO", "name": "Trainer", "asctime": "2026-04-28 22:51:11,255", "type": "train", "epoch": 13, "batch": 879, "n_batches": 7774, "time": 0.836, "data_time": 0.0, "lr": 0.0001, "loss": -23.817, "recon_loss": -27.947, "kld_loss": 41.306, "kld_weight": 0.1}
{"message": "", "levelname": "INFO", "name": "Trainer", "asctime": "2026-04-28 22:51:17,773", "type": "train", "epoch": 13, "batch": 959, "n_batches": 7774, "time": 0.515, "data_time": 0.0, "lr": 0.0001, "loss": -19.311, "recon_loss": -24.346, "kld_loss": 50.346, "kld_weight": 0.1}
{"message": "", "levelname": "INFO", "name": "Trainer", "asctime": "2026-04-28 22:51:23,837", "type": "train", "epoch": 13, "batch": 1039, "n_batches": 7774, "time": 0.694, "data_time": 0.0, "lr": 0.0001, "loss": -16.504, "recon_loss": -20.47, "kld_loss": 39.664, "kld_weight": 0.1}
{"message": "", "levelname": "INFO", "name": "Trainer", "asctime": "2026-04-28 22:51:30,949", "type": "train", "epoch": 13, "batch": 1119, "n_batches": 7774, "time": 0.715, "data_time": 0.0, "lr": 0.0001, "loss": -20.168, "recon_loss": -24.818, "kld_loss": 46.502, "kld_weight": 0.1}
{"message": "", "levelname": "INFO", "name": "Trainer", "asctime": "2026-04-28 22:51:37,429", "type": "train", "epoch": 13, "batch": 1199, "n_batches": 7774, "time": 0.498, "data_time": 0.0, "lr": 0.0001, "loss": -22.569, "recon_loss": -26.592, "kld_loss": 40.236, "kld_weight": 0.1}
{"message": "", "levelname": "INFO", "name": "Trainer", "asctime": "2026-04-28 22:51:43,628", "type": "train", "epoch": 13, "batch": 1279, "n_batches": 7774, "time": 0.516, "data_time": 0.0, "lr": 0.0001, "loss": -20.52, "recon_loss": -24.815, "kld_loss": 42.953, "kld_weight": 0.1}
{"message": "", "levelname": "INFO", "name": "Trainer", "asctime": "2026-04-28 22:51:50,118", "type": "train", "epoch": 13, "batch": 1359, "n_batches": 7774, "time": 0.639, "data_time": 0.0, "lr": 0.0001, "loss": -21.503, "recon_loss": -26.831, "kld_loss": 53.28, "kld_weight": 0.1}
{"message": "", "levelname": "INFO", "name": "Trainer", "asctime": "2026-04-28 22:51:57,065", "type": "train", "epoch": 13, "batch": 1439, "n_batches": 7774, "time": 0.774, "data_time": 0.0, "lr": 0.0001, "loss": -17.724, "recon_loss": -22.213, "kld_loss": 44.896, "kld_weight": 0.1}
{"message": "", "levelname": "INFO", "name": "Trainer", "asctime": "2026-04-28 22:52:03,571", "type": "train", "epoch": 13, "batch": 1519, "n_batches": 7774, "time": 0.511, "data_time": 0.0, "lr": 0.0001, "loss": -23.588, "recon_loss": -27.925, "kld_loss": 43.375, "kld_weight": 0.1}
{"message": "", "levelname": "INFO", "name": "Trainer", "asctime": "2026-04-28 22:52:10,619", "type": "train", "epoch": 13, "batch": 1599, "n_batches": 7774, "time": 0.7, "data_time": 0.0, "lr": 0.0001, "loss": -21.415, "recon_loss": -25.649, "kld_loss": 42.338, "kld_weight": 0.1}
{"message": "", "levelname": "INFO", "name": "Trainer", "asctime": "2026-04-28 22:52:17,039", "type": "train", "epoch": 13, "batch": 1679, "n_batches": 7774, "time": 0.649, "data_time": 0.0, "lr": 0.0001, "loss": -26.602, "recon_loss": -31.059, "kld_loss": 44.569, "kld_weight": 0.1}
{"message": "", "levelname": "INFO", "name": "Trainer", "asctime": "2026-04-28 22:52:23,214", "type": "train", "epoch": 13, "batch": 1759, "n_batches": 7774, "time": 0.683, "data_time": 0.0, "lr": 0.0001, "loss": -10.267, "recon_loss": -15.155, "kld_loss": 48.881, "kld_weight": 0.1}
{"message": "", "levelname": "INFO", "name": "Trainer", "asctime": "2026-04-28 22:52:29,992", "type": "train", "epoch": 13, "batch": 1839, "n_batches": 7774, "time": 0.726, "data_time": 0.0, "lr": 0.0001, "loss": -19.448, "recon_loss": -23.9, "kld_loss": 44.515, "kld_weight": 0.1}
{"message": "", "levelname": "INFO", "name": "Trainer", "asctime": "2026-04-28 22:52:36,768", "type": "train", "epoch": 13, "batch": 1919, "n_batches": 7774, "time": 0.593, "data_time": 0.0, "lr": 0.0001, "loss": -15.889, "recon_loss": -20.355, "kld_loss": 44.652, "kld_weight": 0.1}
{"message": "", "levelname": "INFO", "name": "Trainer", "asctime": "2026-04-28 22:52:43,703", "type": "train", "epoch": 13, "batch": 1999, "n_batches": 7774, "time": 0.702, "data_time": 0.0, "lr": 0.0001, "loss": -19.438, "recon_loss": -23.807, "kld_loss": 43.696, "kld_weight": 0.1}
{"message": "", "levelname": "INFO", "name": "Trainer", "asctime": "2026-04-28 22:52:51,125", "type": "train", "epoch": 13, "batch": 2079, "n_batches": 7774, "time": 0.663, "data_time": 0.0, "lr": 0.0001, "loss": -24.275, "recon_loss": -29.05, "kld_loss": 47.745, "kld_weight": 0.1}
{"message": "", "levelname": "INFO", "name": "Trainer", "asctime": "2026-04-28 22:52:58,345", "type": "train", "epoch": 13, "batch": 2159, "n_batches": 7774, "time": 0.67, "data_time": 0.0, "lr": 0.0001, "loss": -15.095, "recon_loss": -20.131, "kld_loss": 50.359, "kld_weight": 0.1}
{"message": "", "levelname": "INFO", "name": "Trainer", "asctime": "2026-04-28 22:53:05,344", "type": "train", "epoch": 13, "batch": 2239, "n_batches": 7774, "time": 0.685, "data_time": 0.0, "lr": 0.0001, "loss": -23.052, "recon_loss": -27.968, "kld_loss": 49.16, "kld_weight": 0.1}
{"message": "", "levelname": "INFO", "name": "Trainer", "asctime": "2026-04-28 22:53:12,220", "type": "train", "epoch": 13, "batch": 2319, "n_batches": 7774, "time": 0.592, "data_time": 0.0, "lr": 0.0001, "loss": -21.843, "recon_loss": -26.532, "kld_loss": 46.893, "kld_weight": 0.1}
{"message": "", "levelname": "INFO", "name": "Trainer", "asctime": "2026-04-28 22:53:18,753", "type": "train", "epoch": 13, "batch": 2399, "n_batches": 7774, "time": 0.821, "data_time": 0.0, "lr": 0.0001, "loss": -20.608, "recon_loss": -25.152, "kld_loss": 45.439, "kld_weight": 0.1}
{"message": "", "levelname": "INFO", "name": "Trainer", "asctime": "2026-04-28 22:53:25,694", "type": "train", "epoch": 13, "batch": 2479, "n_batches": 7774, "time": 0.56, "data_time": 0.0, "lr": 0.0001, "loss": -26.59, "recon_loss": -30.989, "kld_loss": 43.996, "kld_weight": 0.1}
{"message": "", "levelname": "INFO", "name": "Trainer", "asctime": "2026-04-28 22:53:33,246", "type": "train", "epoch": 13, "batch": 2559, "n_batches": 7774, "time": 0.721, "data_time": 0.0, "lr": 0.0001, "loss": -27.075, "recon_loss": -31.265, "kld_loss": 41.9, "kld_weight": 0.1}
{"message": "", "levelname": "INFO", "name": "Trainer", "asctime": "2026-04-28 22:53:40,498", "type": "train", "epoch": 13, "batch": 2639, "n_batches": 7774, "time": 0.885, "data_time": 0.0, "lr": 0.0001, "loss": -25.437, "recon_loss": -30.026, "kld_loss": 45.89, "kld_weight": 0.1}
{"message": "", "levelname": "INFO", "name": "Trainer", "asctime": "2026-04-28 22:53:47,559", "type": "train", "epoch": 13, "batch": 2719, "n_batches": 7774, "time": 0.638, "data_time": 0.0, "lr": 0.0001, "loss": -22.934, "recon_loss": -27.546, "kld_loss": 46.127, "kld_weight": 0.1}
{"message": "", "levelname": "INFO", "name": "Trainer", "asctime": "2026-04-28 22:53:54,856", "type": "train", "epoch": 13, "batch": 2799, "n_batches": 7774, "time": 0.777, "data_time": 0.0, "lr": 0.0001, "loss": -24.79, "recon_loss": -29.003, "kld_loss": 42.13, "kld_weight": 0.1}
{"message": "", "levelname": "INFO", "name": "Trainer", "asctime": "2026-04-28 22:54:02,276", "type": "train", "epoch": 13, "batch": 2879, "n_batches": 7774, "time": 0.741, "data_time": 0.0, "lr": 0.0001, "loss": -20.713, "recon_loss": -25.295, "kld_loss": 45.813, "kld_weight": 0.1}
{"message": "", "levelname": "INFO", "name": "Trainer", "asctime": "2026-04-28 22:54:09,255", "type": "train", "epoch": 13, "batch": 2959, "n_batches": 7774, "time": 0.756, "data_time": 0.0, "lr": 0.0001, "loss": -25.942, "recon_loss": -30.377, "kld_loss": 44.351, "kld_weight": 0.1}
{"message": "", "levelname": "INFO", "name": "Trainer", "asctime": "2026-04-28 22:54:15,654", "type": "train", "epoch": 13, "batch": 3039, "n_batches": 7774, "time": 0.77, "data_time": 0.0, "lr": 0.0001, "loss": -20.567, "recon_loss": -25.277, "kld_loss": 47.1, "kld_weight": 0.1}
{"message": "", "levelname": "INFO", "name": "Trainer", "asctime": "2026-04-28 22:54:21,584", "type": "train", "epoch": 13, "batch": 3119, "n_batches": 7774, "time": 0.614, "data_time": 0.0, "lr": 0.0001, "loss": -24.65, "recon_loss": -29.137, "kld_loss": 44.873, "kld_weight": 0.1}
{"message": "", "levelname": "INFO", "name": "Trainer", "asctime": "2026-04-28 22:54:28,964", "type": "train", "epoch": 13, "batch": 3199, "n_batches": 7774, "time": 0.845, "data_time": 0.0, "lr": 0.0001, "loss": -23.168, "recon_loss": -27.554, "kld_loss": 43.868, "kld_weight": 0.1}
{"message": "", "levelname": "INFO", "name": "Trainer", "asctime": "2026-04-28 22:54:35,247", "type": "train", "epoch": 13, "batch": 3279, "n_batches": 7774, "time": 0.553, "data_time": 0.0, "lr": 0.0001, "loss": -23.906, "recon_loss": -28.616, "kld_loss": 47.099, "kld_weight": 0.1}
{"message": "", "levelname": "INFO", "name": "Trainer", "asctime": "2026-04-28 22:54:42,349", "type": "train", "epoch": 13, "batch": 3359, "n_batches": 7774, "time": 0.718, "data_time": 0.0, "lr": 0.0001, "loss": -18.935, "recon_loss": -23.721, "kld_loss": 47.866, "kld_weight": 0.1}
{"message": "", "levelname": "INFO", "name": "Trainer", "asctime": "2026-04-28 22:54:49,094", "type": "train", "epoch": 13, "batch": 3439, "n_batches": 7774, "time": 0.841, "data_time": 0.0, "lr": 0.0001, "loss": -25.53, "recon_loss": -29.803, "kld_loss": 42.738, "kld_weight": 0.1}
{"message": "", "levelname": "INFO", "name": "Trainer", "asctime": "2026-04-28 22:54:56,168", "type": "train", "epoch": 13, "batch": 3519, "n_batches": 7774, "time": 0.805, "data_time": 0.0, "lr": 0.0001, "loss": -22.638, "recon_loss": -26.856, "kld_loss": 42.179, "kld_weight": 0.1}
{"message": "", "levelname": "INFO", "name": "Trainer", "asctime": "2026-04-28 22:55:02,266", "type": "train", "epoch": 13, "batch": 3599, "n_batches": 7774, "time": 0.411, "data_time": 0.0, "lr": 0.0001, "loss": -23.421, "recon_loss": -27.474, "kld_loss": 40.531, "kld_weight": 0.1}
{"message": "", "levelname": "INFO", "name": "Trainer", "asctime": "2026-04-28 22:55:09,006", "type": "train", "epoch": 13, "batch": 3679, "n_batches": 7774, "time": 0.676, "data_time": 0.0, "lr": 0.0001, "loss": -17.716, "recon_loss": -22.372, "kld_loss": 46.557, "kld_weight": 0.1}
{"message": "", "levelname": "INFO", "name": "Trainer", "asctime": "2026-04-28 22:55:15,334", "type": "train", "epoch": 13, "batch": 3759, "n_batches": 7774, "time": 0.616, "data_time": 0.0, "lr": 0.0001, "loss": -26.609, "recon_loss": -31.279, "kld_loss": 46.702, "kld_weight": 0.1}
{"message": "", "levelname": "INFO", "name": "Trainer", "asctime": "2026-04-28 22:55:21,483", "type": "train", "epoch": 13, "batch": 3839, "n_batches": 7774, "time": 0.583, "data_time": 0.0, "lr": 0.0001, "loss": -23.617, "recon_loss": -28.184, "kld_loss": 45.668, "kld_weight": 0.1}
{"message": "", "levelname": "INFO", "name": "Trainer", "asctime": "2026-04-28 22:55:28,230", "type": "train", "epoch": 13, "batch": 3919, "n_batches": 7774, "time": 0.594, "data_time": 0.0, "lr": 0.0001, "loss": -18.615, "recon_loss": -22.742, "kld_loss": 41.266, "kld_weight": 0.1}
{"message": "", "levelname": "INFO", "name": "Trainer", "asctime": "2026-04-28 22:55:35,119", "type": "train", "epoch": 13, "batch": 3999, "n_batches": 7774, "time": 0.705, "data_time": 0.0, "lr": 0.0001, "loss": -31.029, "recon_loss": -35.777, "kld_loss": 47.481, "kld_weight": 0.1}
{"message": "", "levelname": "INFO", "name": "Trainer", "asctime": "2026-04-28 22:55:42,076", "type": "train", "epoch": 13, "batch": 4079, "n_batches": 7774, "time": 0.793, "data_time": 0.0, "lr": 0.0001, "loss": -22.267, "recon_loss": -28.107, "kld_loss": 58.4, "kld_weight": 0.1}
{"message": "", "levelname": "INFO", "name": "Trainer", "asctime": "2026-04-28 22:55:48,841", "type": "train", "epoch": 13, "batch": 4159, "n_batches": 7774, "time": 0.637, "data_time": 0.0, "lr": 0.0001, "loss": -23.805, "recon_loss": -28.263, "kld_loss": 44.587, "kld_weight": 0.1}
{"message": "", "levelname": "INFO", "name": "Trainer", "asctime": "2026-04-28 22:55:55,906", "type": "train", "epoch": 13, "batch": 4239, "n_batches": 7774, "time": 0.841, "data_time": 0.0, "lr": 0.0001, "loss": -22.841, "recon_loss": -27.452, "kld_loss": 46.112, "kld_weight": 0.1}
{"message": "", "levelname": "INFO", "name": "Trainer", "asctime": "2026-04-28 22:56:02,648", "type": "train", "epoch": 13, "batch": 4319, "n_batches": 7774, "time": 0.697, "data_time": 0.0, "lr": 0.0001, "loss": -21.353, "recon_loss": -25.985, "kld_loss": 46.32, "kld_weight": 0.1}
{"message": "", "levelname": "INFO", "name": "Trainer", "asctime": "2026-04-28 22:56:09,130", "type": "train", "epoch": 13, "batch": 4399, "n_batches": 7774, "time": 0.57, "data_time": 0.0, "lr": 0.0001, "loss": -22.517, "recon_loss": -27.049, "kld_loss": 45.325, "kld_weight": 0.1}
{"message": "", "levelname": "INFO", "name": "Trainer", "asctime": "2026-04-28 22:56:16,349", "type": "train", "epoch": 13, "batch": 4479, "n_batches": 7774, "time": 0.711, "data_time": 0.0, "lr": 0.0001, "loss": -28.614, "recon_loss": -32.984, "kld_loss": 43.705, "kld_weight": 0.1}
{"message": "", "levelname": "INFO", "name": "Trainer", "asctime": "2026-04-28 22:56:23,197", "type": "train", "epoch": 13, "batch": 4559, "n_batches": 7774, "time": 0.673, "data_time": 0.0, "lr": 0.0001, "loss": -19.041, "recon_loss": -23.132, "kld_loss": 40.913, "kld_weight": 0.1}
{"message": "", "levelname": "INFO", "name": "Trainer", "asctime": "2026-04-28 22:56:29,720", "type": "train", "epoch": 13, "batch": 4639, "n_batches": 7774, "time": 0.789, "data_time": 0.0, "lr": 0.0001, "loss": -19.111, "recon_loss": -24.566, "kld_loss": 54.55, "kld_weight": 0.1}
{"message": "", "levelname": "INFO", "name": "Trainer", "asctime": "2026-04-28 22:56:36,585", "type": "train", "epoch": 13, "batch": 4719, "n_batches": 7774, "time": 0.707, "data_time": 0.0, "lr": 0.0001, "loss": -23.23, "recon_loss": -27.811, "kld_loss": 45.816, "kld_weight": 0.1}
{"message": "", "levelname": "INFO", "name": "Trainer", "asctime": "2026-04-28 22:56:42,878", "type": "train", "epoch": 13, "batch": 4799, "n_batches": 7774, "time": 0.673, "data_time": 0.0, "lr": 0.0001, "loss": -26.491, "recon_loss": -30.592, "kld_loss": 41.007, "kld_weight": 0.1}
{"message": "", "levelname": "INFO", "name": "Trainer", "asctime": "2026-04-28 22:56:49,607", "type": "train", "epoch": 13, "batch": 4879, "n_batches": 7774, "time": 0.58, "data_time": 0.0, "lr": 0.0001, "loss": -18.733, "recon_loss": -23.649, "kld_loss": 49.163, "kld_weight": 0.1}
{"message": "", "levelname": "INFO", "name": "Trainer", "asctime": "2026-04-28 22:56:55,948", "type": "train", "epoch": 13, "batch": 4959, "n_batches": 7774, "time": 0.566, "data_time": 0.0, "lr": 0.0001, "loss": -15.15, "recon_loss": -19.615, "kld_loss": 44.658, "kld_weight": 0.1}
{"message": "", "levelname": "INFO", "name": "Trainer", "asctime": "2026-04-28 22:57:02,064", "type": "train", "epoch": 13, "batch": 5039, "n_batches": 7774, "time": 0.644, "data_time": 0.0, "lr": 0.0001, "loss": -25.327, "recon_loss": -29.6, "kld_loss": 42.729, "kld_weight": 0.1}
{"message": "", "levelname": "INFO", "name": "Trainer", "asctime": "2026-04-28 22:57:08,364", "type": "train", "epoch": 13, "batch": 5119, "n_batches": 7774, "time": 0.653, "data_time": 0.0, "lr": 0.0001, "loss": -22.038, "recon_loss": -26.096, "kld_loss": 40.585, "kld_weight": 0.1}
{"message": "", "levelname": "INFO", "name": "Trainer", "asctime": "2026-04-28 22:57:14,843", "type": "train", "epoch": 13, "batch": 5199, "n_batches": 7774, "time": 0.549, "data_time": 0.0, "lr": 0.0001, "loss": -27.057, "recon_loss": -31.244, "kld_loss": 41.869, "kld_weight": 0.1}
{"message": "", "levelname": "INFO", "name": "Trainer", "asctime": "2026-04-28 22:57:22,021", "type": "train", "epoch": 13, "batch": 5279, "n_batches": 7774, "time": 0.764, "data_time": 0.0, "lr": 0.0001, "loss": -23.526, "recon_loss": -28.01, "kld_loss": 44.837, "kld_weight": 0.1}
{"message": "", "levelname": "INFO", "name": "Trainer", "asctime": "2026-04-28 22:57:28,844", "type": "train", "epoch": 13, "batch": 5359, "n_batches": 7774, "time": 0.602, "data_time": 0.0, "lr": 0.0001, "loss": -22.221, "recon_loss": -26.733, "kld_loss": 45.121, "kld_weight": 0.1}
{"message": "", "levelname": "INFO", "name": "Trainer", "asctime": "2026-04-28 22:57:35,425", "type": "train", "epoch": 13, "batch": 5439, "n_batches": 7774, "time": 0.728, "data_time": 0.0, "lr": 0.0001, "loss": -28.178, "recon_loss": -32.31, "kld_loss": 41.314, "kld_weight": 0.1}
{"message": "", "levelname": "INFO", "name": "Trainer", "asctime": "2026-04-28 22:57:41,837", "type": "train", "epoch": 13, "batch": 5519, "n_batches": 7774, "time": 0.51, "data_time": 0.0, "lr": 0.0001, "loss": -28.016, "recon_loss": -32.572, "kld_loss": 45.558, "kld_weight": 0.1}
{"message": "", "levelname": "INFO", "name": "Trainer", "asctime": "2026-04-28 22:57:48,304", "type": "train", "epoch": 13, "batch": 5599, "n_batches": 7774, "time": 0.656, "data_time": 0.0, "lr": 0.0001, "loss": -26.19, "recon_loss": -30.518, "kld_loss": 43.277, "kld_weight": 0.1}
{"message": "", "levelname": "INFO", "name": "Trainer", "asctime": "2026-04-28 22:57:54,913", "type": "train", "epoch": 13, "batch": 5679, "n_batches": 7774, "time": 0.52, "data_time": 0.0, "lr": 0.0001, "loss": -19.67, "recon_loss": -24.353, "kld_loss": 46.826, "kld_weight": 0.1}
{"message": "", "levelname": "INFO", "name": "Trainer", "asctime": "2026-04-28 22:58:01,331", "type": "train", "epoch": 13, "batch": 5759, "n_batches": 7774, "time": 0.548, "data_time": 0.0, "lr": 0.0001, "loss": -28.008, "recon_loss": -32.839, "kld_loss": 48.312, "kld_weight": 0.1}
{"message": "", "levelname": "INFO", "name": "Trainer", "asctime": "2026-04-28 22:58:08,107", "type": "train", "epoch": 13, "batch": 5839, "n_batches": 7774, "time": 0.578, "data_time": 0.0, "lr": 0.0001, "loss": -21.866, "recon_loss": -27.033, "kld_loss": 51.673, "kld_weight": 0.1}
{"message": "", "levelname": "INFO", "name": "Trainer", "asctime": "2026-04-28 22:58:14,778", "type": "train", "epoch": 13, "batch": 5919, "n_batches": 7774, "time": 0.541, "data_time": 0.0, "lr": 0.0001, "loss": -25.925, "recon_loss": -30.355, "kld_loss": 44.302, "kld_weight": 0.1}
{"message": "", "levelname": "INFO", "name": "Trainer", "asctime": "2026-04-28 22:58:21,051", "type": "train", "epoch": 13, "batch": 5999, "n_batches": 7774, "time": 0.538, "data_time": 0.0, "lr": 0.0001, "loss": -20.762, "recon_loss": -25.397, "kld_loss": 46.35, "kld_weight": 0.1}
{"message": "", "levelname": "INFO", "name": "Trainer", "asctime": "2026-04-28 22:58:28,050", "type": "train", "epoch": 13, "batch": 6079, "n_batches": 7774, "time": 0.846, "data_time": 0.0, "lr": 0.0001, "loss": -28.64, "recon_loss": -33.254, "kld_loss": 46.134, "kld_weight": 0.1}
{"message": "", "levelname": "INFO", "name": "Trainer", "asctime": "2026-04-28 22:58:34,460", "type": "train", "epoch": 13, "batch": 6159, "n_batches": 7774, "time": 0.674, "data_time": 0.0, "lr": 0.0001, "loss": -20.403, "recon_loss": -24.706, "kld_loss": 43.031, "kld_weight": 0.1}
{"message": "", "levelname": "INFO", "name": "Trainer", "asctime": "2026-04-28 22:58:40,903", "type": "train", "epoch": 13, "batch": 6239, "n_batches": 7774, "time": 0.659, "data_time": 0.0, "lr": 0.0001, "loss": -19.525, "recon_loss": -24.011, "kld_loss": 44.862, "kld_weight": 0.1}
{"message": "", "levelname": "INFO", "name": "Trainer", "asctime": "2026-04-28 22:58:48,166", "type": "train", "epoch": 13, "batch": 6319, "n_batches": 7774, "time": 0.662, "data_time": 0.0, "lr": 0.0001, "loss": -26.782, "recon_loss": -31.228, "kld_loss": 44.459, "kld_weight": 0.1}
{"message": "", "levelname": "INFO", "name": "Trainer", "asctime": "2026-04-28 22:58:55,061", "type": "train", "epoch": 13, "batch": 6399, "n_batches": 7774, "time": 0.733, "data_time": 0.0, "lr": 0.0001, "loss": -23.867, "recon_loss": -28.791, "kld_loss": 49.245, "kld_weight": 0.1}
{"message": "", "levelname": "INFO", "name": "Trainer", "asctime": "2026-04-28 22:59:02,315", "type": "train", "epoch": 13, "batch": 6479, "n_batches": 7774, "time": 0.54, "data_time": 0.0, "lr": 0.0001, "loss": -16.285, "recon_loss": -21.145, "kld_loss": 48.6, "kld_weight": 0.1}
{"message": "", "levelname": "INFO", "name": "Trainer", "asctime": "2026-04-28 22:59:09,484", "type": "train", "epoch": 13, "batch": 6559, "n_batches": 7774, "time": 0.664, "data_time": 0.0, "lr": 0.0001, "loss": -15.755, "recon_loss": -20.145, "kld_loss": 43.903, "kld_weight": 0.1}
{"message": "", "levelname": "INFO", "name": "Trainer", "asctime": "2026-04-28 22:59:16,984", "type": "train", "epoch": 13, "batch": 6639, "n_batches": 7774, "time": 0.618, "data_time": 0.0, "lr": 0.0001, "loss": -25.15, "recon_loss": -29.636, "kld_loss": 44.861, "kld_weight": 0.1}
{"message": "", "levelname": "INFO", "name": "Trainer", "asctime": "2026-04-28 22:59:23,295", "type": "train", "epoch": 13, "batch": 6719, "n_batches": 7774, "time": 0.623, "data_time": 0.0, "lr": 0.0001, "loss": -23.504, "recon_loss": -27.675, "kld_loss": 41.71, "kld_weight": 0.1}
{"message": "", "levelname": "INFO", "name": "Trainer", "asctime": "2026-04-28 22:59:29,458", "type": "train", "epoch": 13, "batch": 6799, "n_batches": 7774, "time": 0.658, "data_time": 0.0, "lr": 0.0001, "loss": -24.129, "recon_loss": -28.23, "kld_loss": 41.005, "kld_weight": 0.1}
{"message": "", "levelname": "INFO", "name": "Trainer", "asctime": "2026-04-28 22:59:35,554", "type": "train", "epoch": 13, "batch": 6879, "n_batches": 7774, "time": 0.558, "data_time": 0.0, "lr": 0.0001, "loss": -25.046, "recon_loss": -29.324, "kld_loss": 42.774, "kld_weight": 0.1}
{"message": "", "levelname": "INFO", "name": "Trainer", "asctime": "2026-04-28 22:59:41,707", "type": "train", "epoch": 13, "batch": 6959, "n_batches": 7774, "time": 0.478, "data_time": 0.0, "lr": 0.0001, "loss": -22.147, "recon_loss": -26.973, "kld_loss": 48.264, "kld_weight": 0.1}
{"message": "", "levelname": "INFO", "name": "Trainer", "asctime": "2026-04-28 22:59:48,411", "type": "train", "epoch": 13, "batch": 7039, "n_batches": 7774, "time": 0.799, "data_time": 0.0, "lr": 0.0001, "loss": -23.774, "recon_loss": -27.86, "kld_loss": 40.862, "kld_weight": 0.1}
{"message": "", "levelname": "INFO", "name": "Trainer", "asctime": "2026-04-28 22:59:55,068", "type": "train", "epoch": 13, "batch": 7119, "n_batches": 7774, "time": 0.635, "data_time": 0.0, "lr": 0.0001, "loss": -23.603, "recon_loss": -27.748, "kld_loss": 41.452, "kld_weight": 0.1}
{"message": "", "levelname": "INFO", "name": "Trainer", "asctime": "2026-04-28 23:00:01,621", "type": "train", "epoch": 13, "batch": 7199, "n_batches": 7774, "time": 0.686, "data_time": 0.0, "lr": 0.0001, "loss": -21.924, "recon_loss": -25.912, "kld_loss": 39.88, "kld_weight": 0.1}
{"message": "", "levelname": "INFO", "name": "Trainer", "asctime": "2026-04-28 23:00:08,258", "type": "train", "epoch": 13, "batch": 7279, "n_batches": 7774, "time": 0.663, "data_time": 0.0, "lr": 0.0001, "loss": -24.798, "recon_loss": -29.012, "kld_loss": 42.134, "kld_weight": 0.1}
{"message": "", "levelname": "INFO", "name": "Trainer", "asctime": "2026-04-28 23:00:14,902", "type": "train", "epoch": 13, "batch": 7359, "n_batches": 7774, "time": 0.65, "data_time": 0.0, "lr": 0.0001, "loss": -17.799, "recon_loss": -22.238, "kld_loss": 44.388, "kld_weight": 0.1}
{"message": "", "levelname": "INFO", "name": "Trainer", "asctime": "2026-04-28 23:00:20,817", "type": "train", "epoch": 13, "batch": 7439, "n_batches": 7774, "time": 0.545, "data_time": 0.0, "lr": 0.0001, "loss": -21.419, "recon_loss": -26.463, "kld_loss": 50.44, "kld_weight": 0.1}
{"message": "", "levelname": "INFO", "name": "Trainer", "asctime": "2026-04-28 23:00:27,269", "type": "train", "epoch": 13, "batch": 7519, "n_batches": 7774, "time": 0.625, "data_time": 0.0, "lr": 0.0001, "loss": -22.224, "recon_loss": -27.023, "kld_loss": 47.996, "kld_weight": 0.1}
{"message": "", "levelname": "INFO", "name": "Trainer", "asctime": "2026-04-28 23:00:33,424", "type": "train", "epoch": 13, "batch": 7599, "n_batches": 7774, "time": 0.564, "data_time": 0.0, "lr": 0.0001, "loss": -17.795, "recon_loss": -22.427, "kld_loss": 46.32, "kld_weight": 0.1}
{"message": "", "levelname": "INFO", "name": "Trainer", "asctime": "2026-04-28 23:00:39,927", "type": "train", "epoch": 13, "batch": 7679, "n_batches": 7774, "time": 0.7, "data_time": 0.0, "lr": 0.0001, "loss": -23.13, "recon_loss": -27.47, "kld_loss": 43.4, "kld_weight": 0.1}
{"message": "", "levelname": "INFO", "name": "Trainer", "asctime": "2026-04-28 23:00:46,482", "type": "train", "epoch": 13, "batch": 7759, "n_batches": 7774, "time": 0.672, "data_time": 0.0, "lr": 0.0001, "loss": -20.563, "recon_loss": -24.803, "kld_loss": 42.401, "kld_weight": 0.1}
{"message": "", "levelname": "INFO", "name": "Trainer", "asctime": "2026-04-28 23:00:47,577", "type": "train-epoch", "epoch": 14, "loss": -2.79411, "recon_loss": -3.35437, "kld_loss": 5.60253, "kld_weight": 0.1, "time": 646.6}
{"message": "", "levelname": "INFO", "name": "Trainer", "asctime": "2026-04-28 23:02:41,487", "type": "val-epoch", "epoch": 14, "loss": -2.943, "test_loss": 0.222, "recon_loss": -3.499, "kld_loss": 5.557, "kld_weight": 0.1, "note": "loss is teacher-forced CVAE objective; test_loss is prior-only reconstruction", "time": 113.9}
{"message": "", "levelname": "INFO", "name": "Trainer", "asctime": "2026-04-28 23:02:48,107", "type": "train", "epoch": 14, "batch": 79, "n_batches": 7774, "time": 0.508, "data_time": 0.0, "lr": 0.0001, "loss": -27.315, "recon_loss": -31.43, "kld_loss": 41.15, "kld_weight": 0.1}
{"message": "", "levelname": "INFO", "name": "Trainer", "asctime": "2026-04-28 23:02:54,985", "type": "train", "epoch": 14, "batch": 159, "n_batches": 7774, "time": 0.716, "data_time": 0.0, "lr": 0.0001, "loss": -18.45, "recon_loss": -23.13, "kld_loss": 46.795, "kld_weight": 0.1}
{"message": "", "levelname": "INFO", "name": "Trainer", "asctime": "2026-04-28 23:03:01,900", "type": "train", "epoch": 14, "batch": 239, "n_batches": 7774, "time": 0.619, "data_time": 0.0, "lr": 0.0001, "loss": -23.61, "recon_loss": -28.014, "kld_loss": 44.033, "kld_weight": 0.1}
{"message": "", "levelname": "INFO", "name": "Trainer", "asctime": "2026-04-28 23:03:08,475", "type": "train", "epoch": 14, "batch": 319, "n_batches": 7774, "time": 0.662, "data_time": 0.0, "lr": 0.0001, "loss": -23.312, "recon_loss": -27.862, "kld_loss": 45.491, "kld_weight": 0.1}
{"message": "", "levelname": "INFO", "name": "Trainer", "asctime": "2026-04-28 23:03:15,210", "type": "train", "epoch": 14, "batch": 399, "n_batches": 7774, "time": 0.701, "data_time": 0.0, "lr": 0.0001, "loss": -17.494, "recon_loss": -21.68, "kld_loss": 41.859, "kld_weight": 0.1}
{"message": "", "levelname": "INFO", "name": "Trainer", "asctime": "2026-04-28 23:03:22,164", "type": "train", "epoch": 14, "batch": 479, "n_batches": 7774, "time": 0.605, "data_time": 0.0, "lr": 0.0001, "loss": -22.02, "recon_loss": -26.542, "kld_loss": 45.211, "kld_weight": 0.1}
{"message": "", "levelname": "INFO", "name": "Trainer", "asctime": "2026-04-28 23:03:28,648", "type": "train", "epoch": 14, "batch": 559, "n_batches": 7774, "time": 0.442, "data_time": 0.0, "lr": 0.0001, "loss": -25.249, "recon_loss": -29.291, "kld_loss": 40.417, "kld_weight": 0.1}
{"message": "", "levelname": "INFO", "name": "Trainer", "asctime": "2026-04-28 23:03:35,601", "type": "train", "epoch": 14, "batch": 639, "n_batches": 7774, "time": 0.612, "data_time": 0.0, "lr": 0.0001, "loss": -24.972, "recon_loss": -29.26, "kld_loss": 42.882, "kld_weight": 0.1}
{"message": "", "levelname": "INFO", "name": "Trainer", "asctime": "2026-04-28 23:03:42,483", "type": "train", "epoch": 14, "batch": 719, "n_batches": 7774, "time": 0.66, "data_time": 0.0, "lr": 0.0001, "loss": -20.885, "recon_loss": -26.415, "kld_loss": 55.302, "kld_weight": 0.1}
{"message": "", "levelname": "INFO", "name": "Trainer", "asctime": "2026-04-28 23:03:49,028", "type": "train", "epoch": 14, "batch": 799, "n_batches": 7774, "time": 0.625, "data_time": 0.0, "lr": 0.0001, "loss": -15.388, "recon_loss": -20.099, "kld_loss": 47.118, "kld_weight": 0.1}
{"message": "", "levelname": "INFO", "name": "Trainer", "asctime": "2026-04-28 23:03:55,219", "type": "train", "epoch": 14, "batch": 879, "n_batches": 7774, "time": 0.37, "data_time": 0.0, "lr": 0.0001, "loss": -24.488, "recon_loss": -28.579, "kld_loss": 40.913, "kld_weight": 0.1}
{"message": "", "levelname": "INFO", "name": "Trainer", "asctime": "2026-04-28 23:04:02,072", "type": "train", "epoch": 14, "batch": 959, "n_batches": 7774, "time": 0.727, "data_time": 0.0, "lr": 0.0001, "loss": -22.76, "recon_loss": -26.967, "kld_loss": 42.068, "kld_weight": 0.1}
{"message": "", "levelname": "INFO", "name": "Trainer", "asctime": "2026-04-28 23:04:08,340", "type": "train", "epoch": 14, "batch": 1039, "n_batches": 7774, "time": 0.535, "data_time": 0.0, "lr": 0.0001, "loss": -21.729, "recon_loss": -26.065, "kld_loss": 43.359, "kld_weight": 0.1}
{"message": "", "levelname": "INFO", "name": "Trainer", "asctime": "2026-04-28 23:04:14,296", "type": "train", "epoch": 14, "batch": 1119, "n_batches": 7774, "time": 0.687, "data_time": 0.0, "lr": 0.0001, "loss": -22.867, "recon_loss": -27.402, "kld_loss": 45.356, "kld_weight": 0.1}
{"message": "", "levelname": "INFO", "name": "Trainer", "asctime": "2026-04-28 23:04:20,622", "type": "train", "epoch": 14, "batch": 1199, "n_batches": 7774, "time": 0.635, "data_time": 0.0, "lr": 0.0001, "loss": -19.577, "recon_loss": -24.592, "kld_loss": 50.153, "kld_weight": 0.1}
{"message": "", "levelname": "INFO", "name": "Trainer", "asctime": "2026-04-28 23:04:27,181", "type": "train", "epoch": 14, "batch": 1279, "n_batches": 7774, "time": 0.636, "data_time": 0.0, "lr": 0.0001, "loss": -25.148, "recon_loss": -29.656, "kld_loss": 45.081, "kld_weight": 0.1}
{"message": "", "levelname": "INFO", "name": "Trainer", "asctime": "2026-04-28 23:04:33,861", "type": "train", "epoch": 14, "batch": 1359, "n_batches": 7774, "time": 0.7, "data_time": 0.0, "lr": 0.0001, "loss": -24.137, "recon_loss": -28.483, "kld_loss": 43.456, "kld_weight": 0.1}
{"message": "", "levelname": "INFO", "name": "Trainer", "asctime": "2026-04-28 23:04:39,726", "type": "train", "epoch": 14, "batch": 1439, "n_batches": 7774, "time": 0.436, "data_time": 0.0, "lr": 0.0001, "loss": -20.836, "recon_loss": -25.342, "kld_loss": 45.064, "kld_weight": 0.1}
{"message": "", "levelname": "INFO", "name": "Trainer", "asctime": "2026-04-28 23:04:45,867", "type": "train", "epoch": 14, "batch": 1519, "n_batches": 7774, "time": 0.527, "data_time": 0.0, "lr": 0.0001, "loss": -22.533, "recon_loss": -28.219, "kld_loss": 56.864, "kld_weight": 0.1}
{"message": "", "levelname": "INFO", "name": "Trainer", "asctime": "2026-04-28 23:04:52,244", "type": "train", "epoch": 14, "batch": 1599, "n_batches": 7774, "time": 0.411, "data_time": 0.0, "lr": 0.0001, "loss": -24.333, "recon_loss": -28.681, "kld_loss": 43.482, "kld_weight": 0.1}
{"message": "", "levelname": "INFO", "name": "Trainer", "asctime": "2026-04-28 23:04:58,861", "type": "train", "epoch": 14, "batch": 1679, "n_batches": 7774, "time": 0.675, "data_time": 0.0, "lr": 0.0001, "loss": -24.3, "recon_loss": -29.402, "kld_loss": 51.022, "kld_weight": 0.1}
{"message": "", "levelname": "INFO", "name": "Trainer", "asctime": "2026-04-28 23:05:05,230", "type": "train", "epoch": 14, "batch": 1759, "n_batches": 7774, "time": 0.55, "data_time": 0.0, "lr": 0.0001, "loss": -19.402, "recon_loss": -23.844, "kld_loss": 44.423, "kld_weight": 0.1}
{"message": "", "levelname": "INFO", "name": "Trainer", "asctime": "2026-04-28 23:05:12,238", "type": "train", "epoch": 14, "batch": 1839, "n_batches": 7774, "time": 0.821, "data_time": 0.0, "lr": 0.0001, "loss": -21.797, "recon_loss": -26.792, "kld_loss": 49.958, "kld_weight": 0.1}
{"message": "", "levelname": "INFO", "name": "Trainer", "asctime": "2026-04-28 23:05:18,467", "type": "train", "epoch": 14, "batch": 1919, "n_batches": 7774, "time": 0.585, "data_time": 0.0, "lr": 0.0001, "loss": -24.221, "recon_loss": -28.332, "kld_loss": 41.114, "kld_weight": 0.1}
{"message": "", "levelname": "INFO", "name": "Trainer", "asctime": "2026-04-28 23:05:24,827", "type": "train", "epoch": 14, "batch": 1999, "n_batches": 7774, "time": 0.577, "data_time": 0.0, "lr": 0.0001, "loss": -25.073, "recon_loss": -29.264, "kld_loss": 41.912, "kld_weight": 0.1}
{"message": "", "levelname": "INFO", "name": "Trainer", "asctime": "2026-04-28 23:05:31,816", "type": "train", "epoch": 14, "batch": 2079, "n_batches": 7774, "time": 0.565, "data_time": 0.0, "lr": 0.0001, "loss": -22.736, "recon_loss": -26.919, "kld_loss": 41.833, "kld_weight": 0.1}
{"message": "", "levelname": "INFO", "name": "Trainer", "asctime": "2026-04-28 23:05:38,242", "type": "train", "epoch": 14, "batch": 2159, "n_batches": 7774, "time": 0.806, "data_time": 0.0, "lr": 0.0001, "loss": -20.717, "recon_loss": -25.562, "kld_loss": 48.443, "kld_weight": 0.1}
{"message": "", "levelname": "INFO", "name": "Trainer", "asctime": "2026-04-28 23:05:45,090", "type": "train", "epoch": 14, "batch": 2239, "n_batches": 7774, "time": 0.847, "data_time": 0.0, "lr": 0.0001, "loss": -24.779, "recon_loss": -29.362, "kld_loss": 45.834, "kld_weight": 0.1}
{"message": "", "levelname": "INFO", "name": "Trainer", "asctime": "2026-04-28 23:05:51,695", "type": "train", "epoch": 14, "batch": 2319, "n_batches": 7774, "time": 0.747, "data_time": 0.0, "lr": 0.0001, "loss": -26.026, "recon_loss": -30.373, "kld_loss": 43.466, "kld_weight": 0.1}
{"message": "", "levelname": "INFO", "name": "Trainer", "asctime": "2026-04-28 23:05:58,249", "type": "train", "epoch": 14, "batch": 2399, "n_batches": 7774, "time": 0.554, "data_time": 0.0, "lr": 0.0001, "loss": -16.58, "recon_loss": -21.441, "kld_loss": 48.604, "kld_weight": 0.1}
{"message": "", "levelname": "INFO", "name": "Trainer", "asctime": "2026-04-28 23:06:05,202", "type": "train", "epoch": 14, "batch": 2479, "n_batches": 7774, "time": 0.696, "data_time": 0.0, "lr": 0.0001, "loss": -17.749, "recon_loss": -22.333, "kld_loss": 45.839, "kld_weight": 0.1}
{"message": "", "levelname": "INFO", "name": "Trainer", "asctime": "2026-04-28 23:06:12,057", "type": "train", "epoch": 14, "batch": 2559, "n_batches": 7774, "time": 0.821, "data_time": 0.0, "lr": 0.0001, "loss": -20.968, "recon_loss": -25.607, "kld_loss": 46.386, "kld_weight": 0.1}
{"message": "", "levelname": "INFO", "name": "Trainer", "asctime": "2026-04-28 23:06:18,394", "type": "train", "epoch": 14, "batch": 2639, "n_batches": 7774, "time": 0.758, "data_time": 0.0, "lr": 0.0001, "loss": -16.895, "recon_loss": -22.309, "kld_loss": 54.141, "kld_weight": 0.1}
{"message": "", "levelname": "INFO", "name": "Trainer", "asctime": "2026-04-28 23:06:24,972", "type": "train", "epoch": 14, "batch": 2719, "n_batches": 7774, "time": 0.642, "data_time": 0.0, "lr": 0.0001, "loss": -16.709, "recon_loss": -21.051, "kld_loss": 43.421, "kld_weight": 0.1}
{"message": "", "levelname": "INFO", "name": "Trainer", "asctime": "2026-04-28 23:06:31,763", "type": "train", "epoch": 14, "batch": 2799, "n_batches": 7774, "time": 0.682, "data_time": 0.0, "lr": 0.0001, "loss": -22.546, "recon_loss": -26.622, "kld_loss": 40.761, "kld_weight": 0.1}
{"message": "", "levelname": "INFO", "name": "Trainer", "asctime": "2026-04-28 23:06:38,434", "type": "train", "epoch": 14, "batch": 2879, "n_batches": 7774, "time": 0.643, "data_time": 0.0, "lr": 0.0001, "loss": -21.922, "recon_loss": -26.229, "kld_loss": 43.078, "kld_weight": 0.1}
{"message": "", "levelname": "INFO", "name": "Trainer", "asctime": "2026-04-28 23:06:44,656", "type": "train", "epoch": 14, "batch": 2959, "n_batches": 7774, "time": 0.546, "data_time": 0.0, "lr": 0.0001, "loss": -14.928, "recon_loss": -20.008, "kld_loss": 50.798, "kld_weight": 0.1}
{"message": "", "levelname": "INFO", "name": "Trainer", "asctime": "2026-04-28 23:06:51,684", "type": "train", "epoch": 14, "batch": 3039, "n_batches": 7774, "time": 0.706, "data_time": 0.0, "lr": 0.0001, "loss": -25.9, "recon_loss": -30.215, "kld_loss": 43.152, "kld_weight": 0.1}
{"message": "", "levelname": "INFO", "name": "Trainer", "asctime": "2026-04-28 23:06:58,442", "type": "train", "epoch": 14, "batch": 3119, "n_batches": 7774, "time": 0.5, "data_time": 0.0, "lr": 0.0001, "loss": -22.066, "recon_loss": -26.421, "kld_loss": 43.553, "kld_weight": 0.1}
{"message": "", "levelname": "INFO", "name": "Trainer", "asctime": "2026-04-28 23:07:05,411", "type": "train", "epoch": 14, "batch": 3199, "n_batches": 7774, "time": 0.617, "data_time": 0.0, "lr": 0.0001, "loss": -26.345, "recon_loss": -30.682, "kld_loss": 43.372, "kld_weight": 0.1}
{"message": "", "levelname": "INFO", "name": "Trainer", "asctime": "2026-04-28 23:07:12,369", "type": "train", "epoch": 14, "batch": 3279, "n_batches": 7774, "time": 0.697, "data_time": 0.0, "lr": 0.0001, "loss": -27.066, "recon_loss": -31.566, "kld_loss": 44.996, "kld_weight": 0.1}
{"message": "", "levelname": "INFO", "name": "Trainer", "asctime": "2026-04-28 23:07:19,430", "type": "train", "epoch": 14, "batch": 3359, "n_batches": 7774, "time": 0.456, "data_time": 0.0, "lr": 0.0001, "loss": -22.069, "recon_loss": -26.207, "kld_loss": 41.379, "kld_weight": 0.1}
{"message": "", "levelname": "INFO", "name": "Trainer", "asctime": "2026-04-28 23:07:26,188", "type": "train", "epoch": 14, "batch": 3439, "n_batches": 7774, "time": 0.701, "data_time": 0.0, "lr": 0.0001, "loss": -19.771, "recon_loss": -24.024, "kld_loss": 42.53, "kld_weight": 0.1}
{"message": "", "levelname": "INFO", "name": "Trainer", "asctime": "2026-04-28 23:07:32,454", "type": "train", "epoch": 14, "batch": 3519, "n_batches": 7774, "time": 0.839, "data_time": 0.0, "lr": 0.0001, "loss": -24.234, "recon_loss": -28.456, "kld_loss": 42.22, "kld_weight": 0.1}
{"message": "", "levelname": "INFO", "name": "Trainer", "asctime": "2026-04-28 23:07:39,611", "type": "train", "epoch": 14, "batch": 3599, "n_batches": 7774, "time": 0.676, "data_time": 0.0, "lr": 0.0001, "loss": -22.715, "recon_loss": -26.878, "kld_loss": 41.633, "kld_weight": 0.1}
{"message": "", "levelname": "INFO", "name": "Trainer", "asctime": "2026-04-28 23:07:46,160", "type": "train", "epoch": 14, "batch": 3679, "n_batches": 7774, "time": 0.656, "data_time": 0.0, "lr": 0.0001, "loss": -21.444, "recon_loss": -26.248, "kld_loss": 48.042, "kld_weight": 0.1}
{"message": "", "levelname": "INFO", "name": "Trainer", "asctime": "2026-04-28 23:07:52,814", "type": "train", "epoch": 14, "batch": 3759, "n_batches": 7774, "time": 0.663, "data_time": 0.0, "lr": 0.0001, "loss": -17.253, "recon_loss": -24.124, "kld_loss": 68.709, "kld_weight": 0.1}
{"message": "", "levelname": "INFO", "name": "Trainer", "asctime": "2026-04-28 23:07:59,860", "type": "train", "epoch": 14, "batch": 3839, "n_batches": 7774, "time": 0.547, "data_time": 0.0, "lr": 0.0001, "loss": -22.77, "recon_loss": -27.122, "kld_loss": 43.522, "kld_weight": 0.1}
{"message": "", "levelname": "INFO", "name": "Trainer", "asctime": "2026-04-28 23:08:06,091", "type": "train", "epoch": 14, "batch": 3919, "n_batches": 7774, "time": 0.678, "data_time": 0.0, "lr": 0.0001, "loss": -26.921, "recon_loss": -31.181, "kld_loss": 42.599, "kld_weight": 0.1}
{"message": "", "levelname": "INFO", "name": "Trainer", "asctime": "2026-04-28 23:08:12,325", "type": "train", "epoch": 14, "batch": 3999, "n_batches": 7774, "time": 0.85, "data_time": 0.0, "lr": 0.0001, "loss": -26.188, "recon_loss": -31.081, "kld_loss": 48.934, "kld_weight": 0.1}
{"message": "", "levelname": "INFO", "name": "Trainer", "asctime": "2026-04-28 23:08:18,555", "type": "train", "epoch": 14, "batch": 4079, "n_batches": 7774, "time": 0.553, "data_time": 0.0, "lr": 0.0001, "loss": -21.358, "recon_loss": -25.42, "kld_loss": 40.616, "kld_weight": 0.1}
{"message": "", "levelname": "INFO", "name": "Trainer", "asctime": "2026-04-28 23:08:24,395", "type": "train", "epoch": 14, "batch": 4159, "n_batches": 7774, "time": 0.68, "data_time": 0.0, "lr": 0.0001, "loss": -19.226, "recon_loss": -24.546, "kld_loss": 53.199, "kld_weight": 0.1}
{"message": "", "levelname": "INFO", "name": "Trainer", "asctime": "2026-04-28 23:08:31,263", "type": "train", "epoch": 14, "batch": 4239, "n_batches": 7774, "time": 0.65, "data_time": 0.0, "lr": 0.0001, "loss": -21.795, "recon_loss": -26.106, "kld_loss": 43.104, "kld_weight": 0.1}
{"message": "", "levelname": "INFO", "name": "Trainer", "asctime": "2026-04-28 23:08:37,752", "type": "train", "epoch": 14, "batch": 4319, "n_batches": 7774, "time": 0.599, "data_time": 0.0, "lr": 0.0001, "loss": -11.027, "recon_loss": -15.197, "kld_loss": 41.702, "kld_weight": 0.1}
{"message": "", "levelname": "INFO", "name": "Trainer", "asctime": "2026-04-28 23:08:44,316", "type": "train", "epoch": 14, "batch": 4399, "n_batches": 7774, "time": 0.842, "data_time": 0.0, "lr": 0.0001, "loss": -21.203, "recon_loss": -25.769, "kld_loss": 45.663, "kld_weight": 0.1}
{"message": "", "levelname": "INFO", "name": "Trainer", "asctime": "2026-04-28 23:08:50,523", "type": "train", "epoch": 14, "batch": 4479, "n_batches": 7774, "time": 0.518, "data_time": 0.0, "lr": 0.0001, "loss": -22.366, "recon_loss": -27.464, "kld_loss": 50.981, "kld_weight": 0.1}
{"message": "", "levelname": "INFO", "name": "Trainer", "asctime": "2026-04-28 23:08:56,820", "type": "train", "epoch": 14, "batch": 4559, "n_batches": 7774, "time": 0.777, "data_time": 0.0, "lr": 0.0001, "loss": -22.095, "recon_loss": -26.685, "kld_loss": 45.9, "kld_weight": 0.1}
{"message": "", "levelname": "INFO", "name": "Trainer", "asctime": "2026-04-28 23:09:03,152", "type": "train", "epoch": 14, "batch": 4639, "n_batches": 7774, "time": 0.561, "data_time": 0.0, "lr": 0.0001, "loss": -20.048, "recon_loss": -24.42, "kld_loss": 43.717, "kld_weight": 0.1}
{"message": "", "levelname": "INFO", "name": "Trainer", "asctime": "2026-04-28 23:09:10,187", "type": "train", "epoch": 14, "batch": 4719, "n_batches": 7774, "time": 0.723, "data_time": 0.0, "lr": 0.0001, "loss": -22.368, "recon_loss": -26.476, "kld_loss": 41.074, "kld_weight": 0.1}
{"message": "", "levelname": "INFO", "name": "Trainer", "asctime": "2026-04-28 23:09:16,401", "type": "train", "epoch": 14, "batch": 4799, "n_batches": 7774, "time": 0.547, "data_time": 0.0, "lr": 0.0001, "loss": -26.152, "recon_loss": -30.425, "kld_loss": 42.727, "kld_weight": 0.1}
{"message": "", "levelname": "INFO", "name": "Trainer", "asctime": "2026-04-28 23:09:22,476", "type": "train", "epoch": 14, "batch": 4879, "n_batches": 7774, "time": 0.655, "data_time": 0.0, "lr": 0.0001, "loss": -23.521, "recon_loss": -27.844, "kld_loss": 43.225, "kld_weight": 0.1}
{"message": "", "levelname": "INFO", "name": "Trainer", "asctime": "2026-04-28 23:09:28,939", "type": "train", "epoch": 14, "batch": 4959, "n_batches": 7774, "time": 0.598, "data_time": 0.0, "lr": 0.0001, "loss": -25.389, "recon_loss": -29.492, "kld_loss": 41.033, "kld_weight": 0.1}
{"message": "", "levelname": "INFO", "name": "Trainer", "asctime": "2026-04-28 23:09:35,590", "type": "train", "epoch": 14, "batch": 5039, "n_batches": 7774, "time": 0.756, "data_time": 0.0, "lr": 0.0001, "loss": -21.893, "recon_loss": -26.249, "kld_loss": 43.567, "kld_weight": 0.1}
{"message": "", "levelname": "INFO", "name": "Trainer", "asctime": "2026-04-28 23:09:42,081", "type": "train", "epoch": 14, "batch": 5119, "n_batches": 7774, "time": 0.713, "data_time": 0.0, "lr": 0.0001, "loss": -24.031, "recon_loss": -28.458, "kld_loss": 44.27, "kld_weight": 0.1}
{"message": "", "levelname": "INFO", "name": "Trainer", "asctime": "2026-04-28 23:09:48,481", "type": "train", "epoch": 14, "batch": 5199, "n_batches": 7774, "time": 0.823, "data_time": 0.0, "lr": 0.0001, "loss": -26.835, "recon_loss": -31.539, "kld_loss": 47.047, "kld_weight": 0.1}
{"message": "", "levelname": "INFO", "name": "Trainer", "asctime": "2026-04-28 23:09:55,121", "type": "train", "epoch": 14, "batch": 5279, "n_batches": 7774, "time": 0.692, "data_time": 0.0, "lr": 0.0001, "loss": -24.168, "recon_loss": -29.181, "kld_loss": 50.127, "kld_weight": 0.1}
{"message": "", "levelname": "INFO", "name": "Trainer", "asctime": "2026-04-28 23:10:01,624", "type": "train", "epoch": 14, "batch": 5359, "n_batches": 7774, "time": 0.793, "data_time": 0.0, "lr": 0.0001, "loss": -14.055, "recon_loss": -18.427, "kld_loss": 43.721, "kld_weight": 0.1}
{"message": "", "levelname": "INFO", "name": "Trainer", "asctime": "2026-04-28 23:10:08,592", "type": "train", "epoch": 14, "batch": 5439, "n_batches": 7774, "time": 0.626, "data_time": 0.0, "lr": 0.0001, "loss": -21.243, "recon_loss": -25.847, "kld_loss": 46.037, "kld_weight": 0.1}
{"message": "", "levelname": "INFO", "name": "Trainer", "asctime": "2026-04-28 23:10:14,901", "type": "train", "epoch": 14, "batch": 5519, "n_batches": 7774, "time": 0.658, "data_time": 0.0, "lr": 0.0001, "loss": -13.273, "recon_loss": -17.82, "kld_loss": 45.472, "kld_weight": 0.1}
{"message": "", "levelname": "INFO", "name": "Trainer", "asctime": "2026-04-28 23:10:20,882", "type": "train", "epoch": 14, "batch": 5599, "n_batches": 7774, "time": 0.74, "data_time": 0.0, "lr": 0.0001, "loss": -13.169, "recon_loss": -18.074, "kld_loss": 49.048, "kld_weight": 0.1}
{"message": "", "levelname": "INFO", "name": "Trainer", "asctime": "2026-04-28 23:10:27,682", "type": "train", "epoch": 14, "batch": 5679, "n_batches": 7774, "time": 0.552, "data_time": 0.0, "lr": 0.0001, "loss": -24.662, "recon_loss": -28.646, "kld_loss": 39.833, "kld_weight": 0.1}
{"message": "", "levelname": "INFO", "name": "Trainer", "asctime": "2026-04-28 23:10:34,248", "type": "train", "epoch": 14, "batch": 5759, "n_batches": 7774, "time": 0.619, "data_time": 0.0, "lr": 0.0001, "loss": -24.52, "recon_loss": -29.02, "kld_loss": 45.009, "kld_weight": 0.1}
{"message": "", "levelname": "INFO", "name": "Trainer", "asctime": "2026-04-28 23:10:40,684", "type": "train", "epoch": 14, "batch": 5839, "n_batches": 7774, "time": 0.623, "data_time": 0.0, "lr": 0.0001, "loss": -27.591, "recon_loss": -31.88, "kld_loss": 42.892, "kld_weight": 0.1}
{"message": "", "levelname": "INFO", "name": "Trainer", "asctime": "2026-04-28 23:10:47,327", "type": "train", "epoch": 14, "batch": 5919, "n_batches": 7774, "time": 0.776, "data_time": 0.0, "lr": 0.0001, "loss": -19.54, "recon_loss": -25.543, "kld_loss": 60.029, "kld_weight": 0.1}
{"message": "", "levelname": "INFO", "name": "Trainer", "asctime": "2026-04-28 23:10:54,207", "type": "train", "epoch": 14, "batch": 5999, "n_batches": 7774, "time": 0.568, "data_time": 0.0, "lr": 0.0001, "loss": -26.337, "recon_loss": -30.853, "kld_loss": 45.162, "kld_weight": 0.1}
{"message": "", "levelname": "INFO", "name": "Trainer", "asctime": "2026-04-28 23:11:00,674", "type": "train", "epoch": 14, "batch": 6079, "n_batches": 7774, "time": 0.55, "data_time": 0.0, "lr": 0.0001, "loss": -24.071, "recon_loss": -28.061, "kld_loss": 39.893, "kld_weight": 0.1}
{"message": "", "levelname": "INFO", "name": "Trainer", "asctime": "2026-04-28 23:11:07,370", "type": "train", "epoch": 14, "batch": 6159, "n_batches": 7774, "time": 0.865, "data_time": 0.0, "lr": 0.0001, "loss": -19.385, "recon_loss": -24.309, "kld_loss": 49.236, "kld_weight": 0.1}
{"message": "", "levelname": "INFO", "name": "Trainer", "asctime": "2026-04-28 23:11:13,414", "type": "train", "epoch": 14, "batch": 6239, "n_batches": 7774, "time": 0.525, "data_time": 0.0, "lr": 0.0001, "loss": -28.715, "recon_loss": -32.97, "kld_loss": 42.552, "kld_weight": 0.1}
{"message": "", "levelname": "INFO", "name": "Trainer", "asctime": "2026-04-28 23:11:19,542", "type": "train", "epoch": 14, "batch": 6319, "n_batches": 7774, "time": 0.601, "data_time": 0.0, "lr": 0.0001, "loss": -28.443, "recon_loss": -32.77, "kld_loss": 43.268, "kld_weight": 0.1}
{"message": "", "levelname": "INFO", "name": "Trainer", "asctime": "2026-04-28 23:11:25,415", "type": "train", "epoch": 14, "batch": 6399, "n_batches": 7774, "time": 0.488, "data_time": 0.0, "lr": 0.0001, "loss": -17.925, "recon_loss": -22.477, "kld_loss": 45.517, "kld_weight": 0.1}
{"message": "", "levelname": "INFO", "name": "Trainer", "asctime": "2026-04-28 23:11:32,103", "type": "train", "epoch": 14, "batch": 6479, "n_batches": 7774, "time": 0.628, "data_time": 0.0, "lr": 0.0001, "loss": -25.003, "recon_loss": -29.412, "kld_loss": 44.093, "kld_weight": 0.1}
{"message": "", "levelname": "INFO", "name": "Trainer", "asctime": "2026-04-28 23:11:38,560", "type": "train", "epoch": 14, "batch": 6559, "n_batches": 7774, "time": 0.698, "data_time": 0.0, "lr": 0.0001, "loss": -21.468, "recon_loss": -25.507, "kld_loss": 40.394, "kld_weight": 0.1}
{"message": "", "levelname": "INFO", "name": "Trainer", "asctime": "2026-04-28 23:11:45,295", "type": "train", "epoch": 14, "batch": 6639, "n_batches": 7774, "time": 0.688, "data_time": 0.0, "lr": 0.0001, "loss": -18.711, "recon_loss": -23.016, "kld_loss": 43.046, "kld_weight": 0.1}
{"message": "", "levelname": "INFO", "name": "Trainer", "asctime": "2026-04-28 23:11:51,377", "type": "train", "epoch": 14, "batch": 6719, "n_batches": 7774, "time": 0.39, "data_time": 0.0, "lr": 0.0001, "loss": -20.518, "recon_loss": -26.154, "kld_loss": 56.355, "kld_weight": 0.1}
{"message": "", "levelname": "INFO", "name": "Trainer", "asctime": "2026-04-28 23:11:57,702", "type": "train", "epoch": 14, "batch": 6799, "n_batches": 7774, "time": 0.629, "data_time": 0.0, "lr": 0.0001, "loss": -25.775, "recon_loss": -30.0, "kld_loss": 42.253, "kld_weight": 0.1}
{"message": "", "levelname": "INFO", "name": "Trainer", "asctime": "2026-04-28 23:12:04,611", "type": "train", "epoch": 14, "batch": 6879, "n_batches": 7774, "time": 0.833, "data_time": 0.0, "lr": 0.0001, "loss": -24.237, "recon_loss": -28.765, "kld_loss": 45.284, "kld_weight": 0.1}
{"message": "", "levelname": "INFO", "name": "Trainer", "asctime": "2026-04-28 23:12:10,827", "type": "train", "epoch": 14, "batch": 6959, "n_batches": 7774, "time": 0.594, "data_time": 0.0, "lr": 0.0001, "loss": -25.694, "recon_loss": -30.079, "kld_loss": 43.848, "kld_weight": 0.1}
{"message": "", "levelname": "INFO", "name": "Trainer", "asctime": "2026-04-28 23:12:17,223", "type": "train", "epoch": 14, "batch": 7039, "n_batches": 7774, "time": 0.5, "data_time": 0.0, "lr": 0.0001, "loss": -26.028, "recon_loss": -30.305, "kld_loss": 42.771, "kld_weight": 0.1}
{"message": "", "levelname": "INFO", "name": "Trainer", "asctime": "2026-04-28 23:12:23,636", "type": "train", "epoch": 14, "batch": 7119, "n_batches": 7774, "time": 0.703, "data_time": 0.0, "lr": 0.0001, "loss": -21.222, "recon_loss": -25.907, "kld_loss": 46.847, "kld_weight": 0.1}
{"message": "", "levelname": "INFO", "name": "Trainer", "asctime": "2026-04-28 23:12:30,497", "type": "train", "epoch": 14, "batch": 7199, "n_batches": 7774, "time": 0.699, "data_time": 0.0, "lr": 0.0001, "loss": -25.876, "recon_loss": -30.379, "kld_loss": 45.037, "kld_weight": 0.1}
{"message": "", "levelname": "INFO", "name": "Trainer", "asctime": "2026-04-28 23:12:37,319", "type": "train", "epoch": 14, "batch": 7279, "n_batches": 7774, "time": 0.629, "data_time": 0.0, "lr": 0.0001, "loss": -19.352, "recon_loss": -24.107, "kld_loss": 47.55, "kld_weight": 0.1}
{"message": "", "levelname": "INFO", "name": "Trainer", "asctime": "2026-04-28 23:12:43,991", "type": "train", "epoch": 14, "batch": 7359, "n_batches": 7774, "time": 0.594, "data_time": 0.0, "lr": 0.0001, "loss": -27.575, "recon_loss": -32.015, "kld_loss": 44.406, "kld_weight": 0.1}
{"message": "", "levelname": "INFO", "name": "Trainer", "asctime": "2026-04-28 23:12:50,471", "type": "train", "epoch": 14, "batch": 7439, "n_batches": 7774, "time": 0.797, "data_time": 0.0, "lr": 0.0001, "loss": -30.199, "recon_loss": -34.888, "kld_loss": 46.892, "kld_weight": 0.1}
{"message": "", "levelname": "INFO", "name": "Trainer", "asctime": "2026-04-28 23:12:57,300", "type": "train", "epoch": 14, "batch": 7519, "n_batches": 7774, "time": 0.76, "data_time": 0.0, "lr": 0.0001, "loss": -20.542, "recon_loss": -24.934, "kld_loss": 43.919, "kld_weight": 0.1}
{"message": "", "levelname": "INFO", "name": "Trainer", "asctime": "2026-04-28 23:13:04,432", "type": "train", "epoch": 14, "batch": 7599, "n_batches": 7774, "time": 0.702, "data_time": 0.0, "lr": 0.0001, "loss": -23.04, "recon_loss": -27.211, "kld_loss": 41.707, "kld_weight": 0.1}
{"message": "", "levelname": "INFO", "name": "Trainer", "asctime": "2026-04-28 23:13:11,228", "type": "train", "epoch": 14, "batch": 7679, "n_batches": 7774, "time": 0.668, "data_time": 0.0, "lr": 0.0001, "loss": -21.408, "recon_loss": -26.196, "kld_loss": 47.883, "kld_weight": 0.1}
{"message": "", "levelname": "INFO", "name": "Trainer", "asctime": "2026-04-28 23:13:17,571", "type": "train", "epoch": 14, "batch": 7759, "n_batches": 7774, "time": 0.68, "data_time": 0.0, "lr": 0.0001, "loss": -28.439, "recon_loss": -32.971, "kld_loss": 45.322, "kld_weight": 0.1}
{"message": "", "levelname": "INFO", "name": "Trainer", "asctime": "2026-04-28 23:13:18,822", "type": "train-epoch", "epoch": 15, "loss": -2.79748, "recon_loss": -3.36022, "kld_loss": 5.62735, "kld_weight": 0.1, "time": 637.3}
{"message": "", "levelname": "INFO", "name": "Trainer", "asctime": "2026-04-28 23:15:12,819", "type": "val-epoch", "epoch": 15, "loss": -2.942, "test_loss": 0.184, "recon_loss": -3.503, "kld_loss": 5.612, "kld_weight": 0.1, "note": "loss is teacher-forced CVAE objective; test_loss is prior-only reconstruction", "time": 114.0}
