{"message": "", "levelname": "INFO", "name": "root", "asctime": "2026-04-15 19:11:33,325", "type": "process", "argv": ["/NAS/School/CS7643/DL-Final-Project/trajnetpluspluscvae/trajnetbaselines/lstm/trainer.py", "--path", "output", "--epochs", "25", "--save_every", "5", "--batch_size", "8", "--lr", "1e-3", "--step_size", "10", "--sample", "1.0", "--seed", "42", "--type", "social", "-o", "lstm_social_20260415_163022"], "args": {"epochs": 25, "save_every": 5, "obs_length": 9, "pred_length": 12, "start_length": 0, "batch_size": 8, "lr": 0.001, "step_size": 10, "output": "TEST_BLOCK/output/lstm_social_lstm_social_20260415_163022.pkl", "disable_cuda": false, "path": "output", "goals": false, "loss": "pred", "type": "social", "sample": 1.0, "seed": 42, "augment": false, "normalize_scene": false, "augment_noise": false, "obs_dropout": false, "load_state": null, "load_full_state": null, "nonstrict_load_state": null, "hidden_dim": 128, "coordinate_embedding_dim": 64, "pool_dim": 256, "goal_dim": 64, "cell_side": 0.6, "n": 12, "layer_dims": [512], "embedding_arch": "one_layer", "pool_constant": 0, "norm_pool": false, "front": false, "latent_dim": 16, "norm": 0, "no_vel": false, "spatial_dim": 32, "vel_dim": 32, "neigh": 4, "mp_iters": 5, "col_wt": 0.0, "col_distance": 0.2}, "version": "0.1.0", "hostname": "xander-code-machine"}
{"message": "", "levelname": "INFO", "name": "Trainer", "asctime": "2026-04-15 19:12:23,103", "type": "train", "epoch": 0, "batch": 79, "n_batches": 7774, "time": 3.525, "data_time": 0.001, "lr": 0.001, "loss": -2.622}
{"message": "", "levelname": "INFO", "name": "Trainer", "asctime": "2026-04-15 19:13:01,396", "type": "train", "epoch": 0, "batch": 159, "n_batches": 7774, "time": 4.337, "data_time": 0.001, "lr": 0.001, "loss": -5.837}
{"message": "", "levelname": "INFO", "name": "Trainer", "asctime": "2026-04-15 19:13:39,361", "type": "train", "epoch": 0, "batch": 239, "n_batches": 7774, "time": 3.837, "data_time": 0.001, "lr": 0.001, "loss": 0.539}
{"message": "", "levelname": "INFO", "name": "Trainer", "asctime": "2026-04-15 19:14:18,722", "type": "train", "epoch": 0, "batch": 319, "n_batches": 7774, "time": 6.03, "data_time": 0.001, "lr": 0.001, "loss": -3.334}
{"message": "", "levelname": "INFO", "name": "Trainer", "asctime": "2026-04-15 19:15:05,773", "type": "train", "epoch": 0, "batch": 399, "n_batches": 7774, "time": 3.454, "data_time": 0.0, "lr": 0.001, "loss": -10.992}
{"message": "", "levelname": "INFO", "name": "Trainer", "asctime": "2026-04-15 19:15:50,617", "type": "train", "epoch": 0, "batch": 479, "n_batches": 7774, "time": 4.312, "data_time": 0.001, "lr": 0.001, "loss": -8.009}
{"message": "", "levelname": "INFO", "name": "Trainer", "asctime": "2026-04-15 19:16:34,598", "type": "train", "epoch": 0, "batch": 559, "n_batches": 7774, "time": 4.935, "data_time": 0.0, "lr": 0.001, "loss": -10.724}
{"message": "", "levelname": "INFO", "name": "Trainer", "asctime": "2026-04-15 19:17:18,441", "type": "train", "epoch": 0, "batch": 639, "n_batches": 7774, "time": 3.4, "data_time": 0.001, "lr": 0.001, "loss": -11.717}
{"message": "", "levelname": "INFO", "name": "Trainer", "asctime": "2026-04-15 19:17:56,039", "type": "train", "epoch": 0, "batch": 719, "n_batches": 7774, "time": 4.605, "data_time": 0.001, "lr": 0.001, "loss": -8.712}
{"message": "", "levelname": "INFO", "name": "Trainer", "asctime": "2026-04-15 19:18:39,965", "type": "train", "epoch": 0, "batch": 799, "n_batches": 7774, "time": 3.947, "data_time": 0.001, "lr": 0.001, "loss": -13.159}
{"message": "", "levelname": "INFO", "name": "Trainer", "asctime": "2026-04-15 19:19:20,311", "type": "train", "epoch": 0, "batch": 879, "n_batches": 7774, "time": 3.638, "data_time": 0.001, "lr": 0.001, "loss": -12.019}
{"message": "", "levelname": "INFO", "name": "Trainer", "asctime": "2026-04-15 19:20:07,644", "type": "train", "epoch": 0, "batch": 959, "n_batches": 7774, "time": 6.08, "data_time": 0.001, "lr": 0.001, "loss": -11.522}
{"message": "", "levelname": "INFO", "name": "Trainer", "asctime": "2026-04-15 19:20:51,854", "type": "train", "epoch": 0, "batch": 1039, "n_batches": 7774, "time": 4.412, "data_time": 0.001, "lr": 0.001, "loss": -8.01}
{"message": "", "levelname": "INFO", "name": "Trainer", "asctime": "2026-04-15 19:21:30,633", "type": "train", "epoch": 0, "batch": 1119, "n_batches": 7774, "time": 4.222, "data_time": 0.0, "lr": 0.001, "loss": -8.451}
{"message": "", "levelname": "INFO", "name": "Trainer", "asctime": "2026-04-15 19:22:04,573", "type": "train", "epoch": 0, "batch": 1199, "n_batches": 7774, "time": 2.08, "data_time": 0.001, "lr": 0.001, "loss": -13.066}
{"message": "", "levelname": "INFO", "name": "Trainer", "asctime": "2026-04-15 19:22:52,334", "type": "train", "epoch": 0, "batch": 1279, "n_batches": 7774, "time": 4.397, "data_time": 0.001, "lr": 0.001, "loss": -1.829}
{"message": "", "levelname": "INFO", "name": "Trainer", "asctime": "2026-04-15 19:23:31,096", "type": "train", "epoch": 0, "batch": 1359, "n_batches": 7774, "time": 3.771, "data_time": 0.001, "lr": 0.001, "loss": -8.357}
{"message": "", "levelname": "INFO", "name": "Trainer", "asctime": "2026-04-15 19:24:13,076", "type": "train", "epoch": 0, "batch": 1439, "n_batches": 7774, "time": 3.357, "data_time": 0.001, "lr": 0.001, "loss": -7.447}
{"message": "", "levelname": "INFO", "name": "Trainer", "asctime": "2026-04-15 19:24:45,103", "type": "train", "epoch": 0, "batch": 1519, "n_batches": 7774, "time": 3.518, "data_time": 0.0, "lr": 0.001, "loss": -9.622}
{"message": "", "levelname": "INFO", "name": "Trainer", "asctime": "2026-04-15 19:25:27,569", "type": "train", "epoch": 0, "batch": 1599, "n_batches": 7774, "time": 8.61, "data_time": 0.001, "lr": 0.001, "loss": -13.194}
{"message": "", "levelname": "INFO", "name": "Trainer", "asctime": "2026-04-15 19:26:02,135", "type": "train", "epoch": 0, "batch": 1679, "n_batches": 7774, "time": 3.313, "data_time": 0.001, "lr": 0.001, "loss": -6.739}
{"message": "", "levelname": "INFO", "name": "Trainer", "asctime": "2026-04-15 19:26:36,534", "type": "train", "epoch": 0, "batch": 1759, "n_batches": 7774, "time": 3.247, "data_time": 0.001, "lr": 0.001, "loss": -10.972}
{"message": "", "levelname": "INFO", "name": "Trainer", "asctime": "2026-04-15 19:27:18,308", "type": "train", "epoch": 0, "batch": 1839, "n_batches": 7774, "time": 2.691, "data_time": 0.001, "lr": 0.001, "loss": -4.918}
{"message": "", "levelname": "INFO", "name": "Trainer", "asctime": "2026-04-15 19:28:04,511", "type": "train", "epoch": 0, "batch": 1919, "n_batches": 7774, "time": 7.156, "data_time": 0.003, "lr": 0.001, "loss": -8.19}
{"message": "", "levelname": "INFO", "name": "Trainer", "asctime": "2026-04-15 19:28:44,287", "type": "train", "epoch": 0, "batch": 1999, "n_batches": 7774, "time": 3.972, "data_time": 0.0, "lr": 0.001, "loss": -12.036}
{"message": "", "levelname": "INFO", "name": "Trainer", "asctime": "2026-04-15 19:29:25,192", "type": "train", "epoch": 0, "batch": 2079, "n_batches": 7774, "time": 4.665, "data_time": 0.001, "lr": 0.001, "loss": -10.601}
{"message": "", "levelname": "INFO", "name": "Trainer", "asctime": "2026-04-15 19:30:06,194", "type": "train", "epoch": 0, "batch": 2159, "n_batches": 7774, "time": 3.789, "data_time": 0.001, "lr": 0.001, "loss": -6.641}
{"message": "", "levelname": "INFO", "name": "Trainer", "asctime": "2026-04-15 19:30:46,686", "type": "train", "epoch": 0, "batch": 2239, "n_batches": 7774, "time": 4.914, "data_time": 0.001, "lr": 0.001, "loss": -10.579}
{"message": "", "levelname": "INFO", "name": "Trainer", "asctime": "2026-04-15 19:31:23,776", "type": "train", "epoch": 0, "batch": 2319, "n_batches": 7774, "time": 4.053, "data_time": 0.001, "lr": 0.001, "loss": -10.449}
{"message": "", "levelname": "INFO", "name": "Trainer", "asctime": "2026-04-15 19:31:55,620", "type": "train", "epoch": 0, "batch": 2399, "n_batches": 7774, "time": 2.035, "data_time": 0.001, "lr": 0.001, "loss": -9.894}
{"message": "", "levelname": "INFO", "name": "Trainer", "asctime": "2026-04-15 19:32:24,342", "type": "train", "epoch": 0, "batch": 2479, "n_batches": 7774, "time": 4.826, "data_time": 0.001, "lr": 0.001, "loss": -14.539}
{"message": "", "levelname": "INFO", "name": "Trainer", "asctime": "2026-04-15 19:33:05,402", "type": "train", "epoch": 0, "batch": 2559, "n_batches": 7774, "time": 3.713, "data_time": 0.001, "lr": 0.001, "loss": -8.83}
{"message": "", "levelname": "INFO", "name": "Trainer", "asctime": "2026-04-15 19:33:46,252", "type": "train", "epoch": 0, "batch": 2639, "n_batches": 7774, "time": 3.956, "data_time": 0.001, "lr": 0.001, "loss": -11.758}
{"message": "", "levelname": "INFO", "name": "Trainer", "asctime": "2026-04-15 19:34:21,262", "type": "train", "epoch": 0, "batch": 2719, "n_batches": 7774, "time": 3.764, "data_time": 0.001, "lr": 0.001, "loss": -12.443}
{"message": "", "levelname": "INFO", "name": "Trainer", "asctime": "2026-04-15 19:34:55,147", "type": "train", "epoch": 0, "batch": 2799, "n_batches": 7774, "time": 3.419, "data_time": 0.001, "lr": 0.001, "loss": -9.106}
{"message": "", "levelname": "INFO", "name": "Trainer", "asctime": "2026-04-15 19:35:33,274", "type": "train", "epoch": 0, "batch": 2879, "n_batches": 7774, "time": 6.225, "data_time": 0.001, "lr": 0.001, "loss": -10.957}
{"message": "", "levelname": "INFO", "name": "Trainer", "asctime": "2026-04-15 19:36:04,906", "type": "train", "epoch": 0, "batch": 2959, "n_batches": 7774, "time": 3.716, "data_time": 0.001, "lr": 0.001, "loss": -9.732}
{"message": "", "levelname": "INFO", "name": "Trainer", "asctime": "2026-04-15 19:36:36,418", "type": "train", "epoch": 0, "batch": 3039, "n_batches": 7774, "time": 2.432, "data_time": 0.001, "lr": 0.001, "loss": -16.195}
{"message": "", "levelname": "INFO", "name": "Trainer", "asctime": "2026-04-15 19:37:07,814", "type": "train", "epoch": 0, "batch": 3119, "n_batches": 7774, "time": 2.565, "data_time": 0.001, "lr": 0.001, "loss": -12.99}
{"message": "", "levelname": "INFO", "name": "Trainer", "asctime": "2026-04-15 19:37:55,679", "type": "train", "epoch": 0, "batch": 3199, "n_batches": 7774, "time": 5.141, "data_time": 0.001, "lr": 0.001, "loss": -10.147}
{"message": "", "levelname": "INFO", "name": "Trainer", "asctime": "2026-04-15 19:38:38,360", "type": "train", "epoch": 0, "batch": 3279, "n_batches": 7774, "time": 3.708, "data_time": 0.001, "lr": 0.001, "loss": -4.921}
{"message": "", "levelname": "INFO", "name": "Trainer", "asctime": "2026-04-15 19:39:19,959", "type": "train", "epoch": 0, "batch": 3359, "n_batches": 7774, "time": 3.201, "data_time": 0.0, "lr": 0.001, "loss": -12.337}
{"message": "", "levelname": "INFO", "name": "Trainer", "asctime": "2026-04-15 19:39:53,417", "type": "train", "epoch": 0, "batch": 3439, "n_batches": 7774, "time": 7.458, "data_time": 0.001, "lr": 0.001, "loss": -10.401}
{"message": "", "levelname": "INFO", "name": "Trainer", "asctime": "2026-04-15 19:40:32,442", "type": "train", "epoch": 0, "batch": 3519, "n_batches": 7774, "time": 5.367, "data_time": 0.001, "lr": 0.001, "loss": -15.463}
{"message": "", "levelname": "INFO", "name": "Trainer", "asctime": "2026-04-15 19:41:16,987", "type": "train", "epoch": 0, "batch": 3599, "n_batches": 7774, "time": 3.412, "data_time": 0.001, "lr": 0.001, "loss": -13.459}
{"message": "", "levelname": "INFO", "name": "Trainer", "asctime": "2026-04-15 19:41:49,618", "type": "train", "epoch": 0, "batch": 3679, "n_batches": 7774, "time": 2.617, "data_time": 0.001, "lr": 0.001, "loss": -15.923}
{"message": "", "levelname": "INFO", "name": "Trainer", "asctime": "2026-04-15 19:42:19,881", "type": "train", "epoch": 0, "batch": 3759, "n_batches": 7774, "time": 3.959, "data_time": 0.001, "lr": 0.001, "loss": -12.748}
{"message": "", "levelname": "INFO", "name": "Trainer", "asctime": "2026-04-15 19:42:49,022", "type": "train", "epoch": 0, "batch": 3839, "n_batches": 7774, "time": 3.342, "data_time": 0.0, "lr": 0.001, "loss": -13.003}
{"message": "", "levelname": "INFO", "name": "Trainer", "asctime": "2026-04-15 19:43:24,926", "type": "train", "epoch": 0, "batch": 3919, "n_batches": 7774, "time": 3.73, "data_time": 0.001, "lr": 0.001, "loss": -10.3}
{"message": "", "levelname": "INFO", "name": "Trainer", "asctime": "2026-04-15 19:44:12,025", "type": "train", "epoch": 0, "batch": 3999, "n_batches": 7774, "time": 6.432, "data_time": 0.001, "lr": 0.001, "loss": -12.626}
{"message": "", "levelname": "INFO", "name": "Trainer", "asctime": "2026-04-15 19:44:55,441", "type": "train", "epoch": 0, "batch": 4079, "n_batches": 7774, "time": 3.31, "data_time": 0.001, "lr": 0.001, "loss": -13.348}
{"message": "", "levelname": "INFO", "name": "Trainer", "asctime": "2026-04-15 19:45:27,530", "type": "train", "epoch": 0, "batch": 4159, "n_batches": 7774, "time": 3.954, "data_time": 0.001, "lr": 0.001, "loss": -13.888}
{"message": "", "levelname": "INFO", "name": "Trainer", "asctime": "2026-04-15 19:45:56,931", "type": "train", "epoch": 0, "batch": 4239, "n_batches": 7774, "time": 2.592, "data_time": 0.0, "lr": 0.001, "loss": -11.927}
{"message": "", "levelname": "INFO", "name": "Trainer", "asctime": "2026-04-15 19:46:34,244", "type": "train", "epoch": 0, "batch": 4319, "n_batches": 7774, "time": 2.122, "data_time": 0.001, "lr": 0.001, "loss": -16.772}
{"message": "", "levelname": "INFO", "name": "Trainer", "asctime": "2026-04-15 19:47:15,930", "type": "train", "epoch": 0, "batch": 4399, "n_batches": 7774, "time": 4.237, "data_time": 0.001, "lr": 0.001, "loss": -14.52}
{"message": "", "levelname": "INFO", "name": "Trainer", "asctime": "2026-04-15 19:47:58,644", "type": "train", "epoch": 0, "batch": 4479, "n_batches": 7774, "time": 5.962, "data_time": 0.001, "lr": 0.001, "loss": -14.688}
{"message": "", "levelname": "INFO", "name": "Trainer", "asctime": "2026-04-15 19:48:42,979", "type": "train", "epoch": 0, "batch": 4559, "n_batches": 7774, "time": 4.55, "data_time": 0.0, "lr": 0.001, "loss": -7.822}
{"message": "", "levelname": "INFO", "name": "Trainer", "asctime": "2026-04-15 19:49:15,234", "type": "train", "epoch": 0, "batch": 4639, "n_batches": 7774, "time": 4.258, "data_time": 0.001, "lr": 0.001, "loss": -12.307}
{"message": "", "levelname": "INFO", "name": "Trainer", "asctime": "2026-04-15 19:49:48,492", "type": "train", "epoch": 0, "batch": 4719, "n_batches": 7774, "time": 2.346, "data_time": 0.001, "lr": 0.001, "loss": -14.052}
{"message": "", "levelname": "INFO", "name": "Trainer", "asctime": "2026-04-15 19:50:20,642", "type": "train", "epoch": 0, "batch": 4799, "n_batches": 7774, "time": 4.022, "data_time": 0.0, "lr": 0.001, "loss": -18.217}
{"message": "", "levelname": "INFO", "name": "Trainer", "asctime": "2026-04-15 19:51:13,528", "type": "train", "epoch": 0, "batch": 4879, "n_batches": 7774, "time": 3.229, "data_time": 0.0, "lr": 0.001, "loss": -13.199}
{"message": "", "levelname": "INFO", "name": "Trainer", "asctime": "2026-04-15 19:51:45,854", "type": "train", "epoch": 0, "batch": 4959, "n_batches": 7774, "time": 2.764, "data_time": 0.001, "lr": 0.001, "loss": -20.98}
{"message": "", "levelname": "INFO", "name": "Trainer", "asctime": "2026-04-15 19:52:14,477", "type": "train", "epoch": 0, "batch": 5039, "n_batches": 7774, "time": 3.49, "data_time": 0.001, "lr": 0.001, "loss": -15.061}
{"message": "", "levelname": "INFO", "name": "Trainer", "asctime": "2026-04-15 19:52:48,656", "type": "train", "epoch": 0, "batch": 5119, "n_batches": 7774, "time": 2.427, "data_time": 0.001, "lr": 0.001, "loss": -12.598}
{"message": "", "levelname": "INFO", "name": "Trainer", "asctime": "2026-04-15 19:53:14,647", "type": "train", "epoch": 0, "batch": 5199, "n_batches": 7774, "time": 2.421, "data_time": 0.001, "lr": 0.001, "loss": -6.574}
{"message": "", "levelname": "INFO", "name": "Trainer", "asctime": "2026-04-15 19:53:47,929", "type": "train", "epoch": 0, "batch": 5279, "n_batches": 7774, "time": 3.303, "data_time": 0.0, "lr": 0.001, "loss": -12.757}
{"message": "", "levelname": "INFO", "name": "Trainer", "asctime": "2026-04-15 19:54:25,841", "type": "train", "epoch": 0, "batch": 5359, "n_batches": 7774, "time": 4.839, "data_time": 0.001, "lr": 0.001, "loss": -8.955}
{"message": "", "levelname": "INFO", "name": "Trainer", "asctime": "2026-04-15 19:55:04,617", "type": "train", "epoch": 0, "batch": 5439, "n_batches": 7774, "time": 3.063, "data_time": 0.001, "lr": 0.001, "loss": -12.361}
{"message": "", "levelname": "INFO", "name": "Trainer", "asctime": "2026-04-15 19:55:42,854", "type": "train", "epoch": 0, "batch": 5519, "n_batches": 7774, "time": 2.954, "data_time": 0.004, "lr": 0.001, "loss": -14.424}
{"message": "", "levelname": "INFO", "name": "Trainer", "asctime": "2026-04-15 19:56:09,752", "type": "train", "epoch": 0, "batch": 5599, "n_batches": 7774, "time": 1.713, "data_time": 0.001, "lr": 0.001, "loss": -12.764}
{"message": "", "levelname": "INFO", "name": "Trainer", "asctime": "2026-04-15 19:56:52,401", "type": "train", "epoch": 0, "batch": 5679, "n_batches": 7774, "time": 8.166, "data_time": 0.002, "lr": 0.001, "loss": -17.187}
{"message": "", "levelname": "INFO", "name": "Trainer", "asctime": "2026-04-15 19:57:44,617", "type": "train", "epoch": 0, "batch": 5759, "n_batches": 7774, "time": 4.013, "data_time": 0.0, "lr": 0.001, "loss": -12.521}
{"message": "", "levelname": "INFO", "name": "Trainer", "asctime": "2026-04-15 19:58:22,033", "type": "train", "epoch": 0, "batch": 5839, "n_batches": 7774, "time": 2.847, "data_time": 0.0, "lr": 0.001, "loss": -16.309}
{"message": "", "levelname": "INFO", "name": "Trainer", "asctime": "2026-04-15 19:59:01,986", "type": "train", "epoch": 0, "batch": 5919, "n_batches": 7774, "time": 4.544, "data_time": 0.001, "lr": 0.001, "loss": -7.954}
{"message": "", "levelname": "INFO", "name": "Trainer", "asctime": "2026-04-15 19:59:43,529", "type": "train", "epoch": 0, "batch": 5999, "n_batches": 7774, "time": 4.587, "data_time": 0.001, "lr": 0.001, "loss": -17.264}
{"message": "", "levelname": "INFO", "name": "Trainer", "asctime": "2026-04-15 20:00:19,125", "type": "train", "epoch": 0, "batch": 6079, "n_batches": 7774, "time": 4.083, "data_time": 0.0, "lr": 0.001, "loss": -16.299}
{"message": "", "levelname": "INFO", "name": "Trainer", "asctime": "2026-04-15 20:01:05,037", "type": "train", "epoch": 0, "batch": 6159, "n_batches": 7774, "time": 3.463, "data_time": 0.0, "lr": 0.001, "loss": -12.997}
{"message": "", "levelname": "INFO", "name": "Trainer", "asctime": "2026-04-15 20:01:49,395", "type": "train", "epoch": 0, "batch": 6239, "n_batches": 7774, "time": 4.926, "data_time": 0.0, "lr": 0.001, "loss": -16.307}
{"message": "", "levelname": "INFO", "name": "Trainer", "asctime": "2026-04-15 20:02:28,121", "type": "train", "epoch": 0, "batch": 6319, "n_batches": 7774, "time": 2.495, "data_time": 0.001, "lr": 0.001, "loss": -12.448}
{"message": "", "levelname": "INFO", "name": "Trainer", "asctime": "2026-04-15 20:03:08,090", "type": "train", "epoch": 0, "batch": 6399, "n_batches": 7774, "time": 3.531, "data_time": 0.001, "lr": 0.001, "loss": -18.631}
{"message": "", "levelname": "INFO", "name": "Trainer", "asctime": "2026-04-15 20:03:40,602", "type": "train", "epoch": 0, "batch": 6479, "n_batches": 7774, "time": 2.955, "data_time": 0.001, "lr": 0.001, "loss": -14.184}
{"message": "", "levelname": "INFO", "name": "Trainer", "asctime": "2026-04-15 20:04:18,525", "type": "train", "epoch": 0, "batch": 6559, "n_batches": 7774, "time": 3.522, "data_time": 0.002, "lr": 0.001, "loss": -14.78}
{"message": "", "levelname": "INFO", "name": "Trainer", "asctime": "2026-04-15 20:04:56,236", "type": "train", "epoch": 0, "batch": 6639, "n_batches": 7774, "time": 3.329, "data_time": 0.001, "lr": 0.001, "loss": -10.46}
{"message": "", "levelname": "INFO", "name": "Trainer", "asctime": "2026-04-15 20:05:46,604", "type": "train", "epoch": 0, "batch": 6719, "n_batches": 7774, "time": 3.393, "data_time": 0.001, "lr": 0.001, "loss": -13.421}
{"message": "", "levelname": "INFO", "name": "Trainer", "asctime": "2026-04-15 20:06:32,811", "type": "train", "epoch": 0, "batch": 6799, "n_batches": 7774, "time": 6.001, "data_time": 0.001, "lr": 0.001, "loss": -12.698}
{"message": "", "levelname": "INFO", "name": "Trainer", "asctime": "2026-04-15 20:07:08,154", "type": "train", "epoch": 0, "batch": 6879, "n_batches": 7774, "time": 3.457, "data_time": 0.001, "lr": 0.001, "loss": -16.587}
{"message": "", "levelname": "INFO", "name": "Trainer", "asctime": "2026-04-15 20:07:44,303", "type": "train", "epoch": 0, "batch": 6959, "n_batches": 7774, "time": 5.661, "data_time": 0.001, "lr": 0.001, "loss": -18.966}
{"message": "", "levelname": "INFO", "name": "Trainer", "asctime": "2026-04-15 20:08:18,603", "type": "train", "epoch": 0, "batch": 7039, "n_batches": 7774, "time": 3.502, "data_time": 0.0, "lr": 0.001, "loss": -15.045}
{"message": "", "levelname": "INFO", "name": "Trainer", "asctime": "2026-04-15 20:08:56,921", "type": "train", "epoch": 0, "batch": 7119, "n_batches": 7774, "time": 5.106, "data_time": 0.001, "lr": 0.001, "loss": -16.205}
{"message": "", "levelname": "INFO", "name": "Trainer", "asctime": "2026-04-15 20:09:40,955", "type": "train", "epoch": 0, "batch": 7199, "n_batches": 7774, "time": 4.017, "data_time": 0.001, "lr": 0.001, "loss": -6.687}
{"message": "", "levelname": "INFO", "name": "Trainer", "asctime": "2026-04-15 20:10:21,387", "type": "train", "epoch": 0, "batch": 7279, "n_batches": 7774, "time": 5.371, "data_time": 0.0, "lr": 0.001, "loss": -18.601}
{"message": "", "levelname": "INFO", "name": "Trainer", "asctime": "2026-04-15 20:11:03,626", "type": "train", "epoch": 0, "batch": 7359, "n_batches": 7774, "time": 4.269, "data_time": 0.001, "lr": 0.001, "loss": -15.656}
{"message": "", "levelname": "INFO", "name": "Trainer", "asctime": "2026-04-15 20:11:40,085", "type": "train", "epoch": 0, "batch": 7439, "n_batches": 7774, "time": 3.439, "data_time": 0.001, "lr": 0.001, "loss": -12.538}
{"message": "", "levelname": "INFO", "name": "Trainer", "asctime": "2026-04-15 20:12:17,693", "type": "train", "epoch": 0, "batch": 7519, "n_batches": 7774, "time": 3.551, "data_time": 0.001, "lr": 0.001, "loss": -9.486}
{"message": "", "levelname": "INFO", "name": "Trainer", "asctime": "2026-04-15 20:12:49,214", "type": "train", "epoch": 0, "batch": 7599, "n_batches": 7774, "time": 2.869, "data_time": 0.001, "lr": 0.001, "loss": -14.681}
{"message": "", "levelname": "INFO", "name": "Trainer", "asctime": "2026-04-15 20:13:20,349", "type": "train", "epoch": 0, "batch": 7679, "n_batches": 7774, "time": 3.296, "data_time": 0.0, "lr": 0.001, "loss": -9.558}
{"message": "", "levelname": "INFO", "name": "Trainer", "asctime": "2026-04-15 20:13:54,754", "type": "train", "epoch": 0, "batch": 7759, "n_batches": 7774, "time": 2.803, "data_time": 0.001, "lr": 0.001, "loss": -20.612}
{"message": "", "levelname": "INFO", "name": "Trainer", "asctime": "2026-04-15 20:14:00,083", "type": "train-epoch", "epoch": 1, "loss": -1.52897, "time": 3736.9}
{"message": "", "levelname": "INFO", "name": "Trainer", "asctime": "2026-04-15 20:22:11,619", "type": "val-epoch", "epoch": 1, "loss": -1.773, "test_loss": -1.639, "time": 491.5}
{"message": "", "levelname": "INFO", "name": "Trainer", "asctime": "2026-04-15 20:22:46,752", "type": "train", "epoch": 1, "batch": 79, "n_batches": 7774, "time": 2.984, "data_time": 0.001, "lr": 0.001, "loss": -18.371}
{"message": "", "levelname": "INFO", "name": "Trainer", "asctime": "2026-04-15 20:23:22,476", "type": "train", "epoch": 1, "batch": 159, "n_batches": 7774, "time": 2.188, "data_time": 0.001, "lr": 0.001, "loss": -19.492}
{"message": "", "levelname": "INFO", "name": "Trainer", "asctime": "2026-04-15 20:23:56,114", "type": "train", "epoch": 1, "batch": 239, "n_batches": 7774, "time": 3.325, "data_time": 0.001, "lr": 0.001, "loss": -17.973}
{"message": "", "levelname": "INFO", "name": "Trainer", "asctime": "2026-04-15 20:24:32,118", "type": "train", "epoch": 1, "batch": 319, "n_batches": 7774, "time": 2.906, "data_time": 0.001, "lr": 0.001, "loss": -16.28}
{"message": "", "levelname": "INFO", "name": "Trainer", "asctime": "2026-04-15 20:25:07,450", "type": "train", "epoch": 1, "batch": 399, "n_batches": 7774, "time": 3.581, "data_time": 0.001, "lr": 0.001, "loss": -15.805}
{"message": "", "levelname": "INFO", "name": "Trainer", "asctime": "2026-04-15 20:25:43,753", "type": "train", "epoch": 1, "batch": 479, "n_batches": 7774, "time": 2.587, "data_time": 0.0, "lr": 0.001, "loss": -19.567}
{"message": "", "levelname": "INFO", "name": "Trainer", "asctime": "2026-04-15 20:26:13,695", "type": "train", "epoch": 1, "batch": 559, "n_batches": 7774, "time": 2.547, "data_time": 0.001, "lr": 0.001, "loss": -13.343}
{"message": "", "levelname": "INFO", "name": "Trainer", "asctime": "2026-04-15 20:26:47,043", "type": "train", "epoch": 1, "batch": 639, "n_batches": 7774, "time": 4.253, "data_time": 0.001, "lr": 0.001, "loss": -11.974}
{"message": "", "levelname": "INFO", "name": "Trainer", "asctime": "2026-04-15 20:27:21,077", "type": "train", "epoch": 1, "batch": 719, "n_batches": 7774, "time": 3.804, "data_time": 0.001, "lr": 0.001, "loss": -5.845}
{"message": "", "levelname": "INFO", "name": "Trainer", "asctime": "2026-04-15 20:27:55,072", "type": "train", "epoch": 1, "batch": 799, "n_batches": 7774, "time": 4.464, "data_time": 0.001, "lr": 0.001, "loss": -16.783}
{"message": "", "levelname": "INFO", "name": "Trainer", "asctime": "2026-04-15 20:28:31,772", "type": "train", "epoch": 1, "batch": 879, "n_batches": 7774, "time": 4.094, "data_time": 0.001, "lr": 0.001, "loss": -20.565}
{"message": "", "levelname": "INFO", "name": "Trainer", "asctime": "2026-04-15 20:29:07,055", "type": "train", "epoch": 1, "batch": 959, "n_batches": 7774, "time": 2.95, "data_time": 0.001, "lr": 0.001, "loss": -16.296}
{"message": "", "levelname": "INFO", "name": "Trainer", "asctime": "2026-04-15 20:29:47,014", "type": "train", "epoch": 1, "batch": 1039, "n_batches": 7774, "time": 3.024, "data_time": 0.001, "lr": 0.001, "loss": -14.511}
{"message": "", "levelname": "INFO", "name": "Trainer", "asctime": "2026-04-15 20:30:22,827", "type": "train", "epoch": 1, "batch": 1119, "n_batches": 7774, "time": 2.906, "data_time": 0.001, "lr": 0.001, "loss": -15.229}
{"message": "", "levelname": "INFO", "name": "Trainer", "asctime": "2026-04-15 20:30:54,340", "type": "train", "epoch": 1, "batch": 1199, "n_batches": 7774, "time": 2.946, "data_time": 0.002, "lr": 0.001, "loss": -15.701}
{"message": "", "levelname": "INFO", "name": "Trainer", "asctime": "2026-04-15 20:31:32,413", "type": "train", "epoch": 1, "batch": 1279, "n_batches": 7774, "time": 3.541, "data_time": 0.0, "lr": 0.001, "loss": -16.562}
{"message": "", "levelname": "INFO", "name": "Trainer", "asctime": "2026-04-15 20:32:11,476", "type": "train", "epoch": 1, "batch": 1359, "n_batches": 7774, "time": 3.789, "data_time": 0.001, "lr": 0.001, "loss": -18.274}
{"message": "", "levelname": "INFO", "name": "Trainer", "asctime": "2026-04-15 20:32:45,710", "type": "train", "epoch": 1, "batch": 1439, "n_batches": 7774, "time": 2.442, "data_time": 0.0, "lr": 0.001, "loss": -17.024}
{"message": "", "levelname": "INFO", "name": "Trainer", "asctime": "2026-04-15 20:33:19,239", "type": "train", "epoch": 1, "batch": 1519, "n_batches": 7774, "time": 2.137, "data_time": 0.001, "lr": 0.001, "loss": -21.611}
{"message": "", "levelname": "INFO", "name": "Trainer", "asctime": "2026-04-15 20:33:52,232", "type": "train", "epoch": 1, "batch": 1599, "n_batches": 7774, "time": 3.423, "data_time": 0.001, "lr": 0.001, "loss": -12.103}
{"message": "", "levelname": "INFO", "name": "Trainer", "asctime": "2026-04-15 20:34:23,499", "type": "train", "epoch": 1, "batch": 1679, "n_batches": 7774, "time": 3.319, "data_time": 0.001, "lr": 0.001, "loss": -14.332}
{"message": "", "levelname": "INFO", "name": "Trainer", "asctime": "2026-04-15 20:34:55,331", "type": "train", "epoch": 1, "batch": 1759, "n_batches": 7774, "time": 3.392, "data_time": 0.001, "lr": 0.001, "loss": -8.338}
{"message": "", "levelname": "INFO", "name": "Trainer", "asctime": "2026-04-15 20:35:23,609", "type": "train", "epoch": 1, "batch": 1839, "n_batches": 7774, "time": 2.885, "data_time": 0.001, "lr": 0.001, "loss": -14.986}
{"message": "", "levelname": "INFO", "name": "Trainer", "asctime": "2026-04-15 20:35:55,692", "type": "train", "epoch": 1, "batch": 1919, "n_batches": 7774, "time": 2.431, "data_time": 0.001, "lr": 0.001, "loss": -17.076}
{"message": "", "levelname": "INFO", "name": "Trainer", "asctime": "2026-04-15 20:36:24,903", "type": "train", "epoch": 1, "batch": 1999, "n_batches": 7774, "time": 2.298, "data_time": 0.001, "lr": 0.001, "loss": -21.587}
{"message": "", "levelname": "INFO", "name": "Trainer", "asctime": "2026-04-15 20:36:56,521", "type": "train", "epoch": 1, "batch": 2079, "n_batches": 7774, "time": 3.649, "data_time": 0.001, "lr": 0.001, "loss": -18.101}
{"message": "", "levelname": "INFO", "name": "Trainer", "asctime": "2026-04-15 20:37:28,896", "type": "train", "epoch": 1, "batch": 2159, "n_batches": 7774, "time": 4.24, "data_time": 0.001, "lr": 0.001, "loss": -16.664}
{"message": "", "levelname": "INFO", "name": "Trainer", "asctime": "2026-04-15 20:38:01,043", "type": "train", "epoch": 1, "batch": 2239, "n_batches": 7774, "time": 3.459, "data_time": 0.001, "lr": 0.001, "loss": -21.542}
{"message": "", "levelname": "INFO", "name": "Trainer", "asctime": "2026-04-15 20:38:30,993", "type": "train", "epoch": 1, "batch": 2319, "n_batches": 7774, "time": 3.217, "data_time": 0.001, "lr": 0.001, "loss": -18.543}
{"message": "", "levelname": "INFO", "name": "Trainer", "asctime": "2026-04-15 20:39:02,482", "type": "train", "epoch": 1, "batch": 2399, "n_batches": 7774, "time": 2.432, "data_time": 0.001, "lr": 0.001, "loss": -15.654}
{"message": "", "levelname": "INFO", "name": "Trainer", "asctime": "2026-04-15 20:39:34,985", "type": "train", "epoch": 1, "batch": 2479, "n_batches": 7774, "time": 2.778, "data_time": 0.0, "lr": 0.001, "loss": -12.974}
{"message": "", "levelname": "INFO", "name": "Trainer", "asctime": "2026-04-15 20:40:07,202", "type": "train", "epoch": 1, "batch": 2559, "n_batches": 7774, "time": 3.289, "data_time": 0.003, "lr": 0.001, "loss": -19.574}
{"message": "", "levelname": "INFO", "name": "Trainer", "asctime": "2026-04-15 20:40:40,446", "type": "train", "epoch": 1, "batch": 2639, "n_batches": 7774, "time": 3.387, "data_time": 0.001, "lr": 0.001, "loss": -9.563}
{"message": "", "levelname": "INFO", "name": "Trainer", "asctime": "2026-04-15 20:41:12,040", "type": "train", "epoch": 1, "batch": 2719, "n_batches": 7774, "time": 3.826, "data_time": 0.001, "lr": 0.001, "loss": -17.441}
{"message": "", "levelname": "INFO", "name": "Trainer", "asctime": "2026-04-15 20:41:46,210", "type": "train", "epoch": 1, "batch": 2799, "n_batches": 7774, "time": 3.612, "data_time": 0.001, "lr": 0.001, "loss": -20.685}
{"message": "", "levelname": "INFO", "name": "Trainer", "asctime": "2026-04-15 20:42:16,421", "type": "train", "epoch": 1, "batch": 2879, "n_batches": 7774, "time": 2.909, "data_time": 0.001, "lr": 0.001, "loss": -24.043}
{"message": "", "levelname": "INFO", "name": "Trainer", "asctime": "2026-04-15 20:42:44,802", "type": "train", "epoch": 1, "batch": 2959, "n_batches": 7774, "time": 2.378, "data_time": 0.0, "lr": 0.001, "loss": -12.338}
{"message": "", "levelname": "INFO", "name": "Trainer", "asctime": "2026-04-15 20:43:15,802", "type": "train", "epoch": 1, "batch": 3039, "n_batches": 7774, "time": 3.405, "data_time": 0.001, "lr": 0.001, "loss": -13.21}
{"message": "", "levelname": "INFO", "name": "Trainer", "asctime": "2026-04-15 20:43:41,572", "type": "train", "epoch": 1, "batch": 3119, "n_batches": 7774, "time": 2.246, "data_time": 0.001, "lr": 0.001, "loss": -17.491}
{"message": "", "levelname": "INFO", "name": "Trainer", "asctime": "2026-04-15 20:44:12,552", "type": "train", "epoch": 1, "batch": 3199, "n_batches": 7774, "time": 3.464, "data_time": 0.001, "lr": 0.001, "loss": -16.404}
{"message": "", "levelname": "INFO", "name": "Trainer", "asctime": "2026-04-15 20:44:43,345", "type": "train", "epoch": 1, "batch": 3279, "n_batches": 7774, "time": 3.782, "data_time": 0.001, "lr": 0.001, "loss": -20.292}
{"message": "", "levelname": "INFO", "name": "Trainer", "asctime": "2026-04-15 20:45:15,873", "type": "train", "epoch": 1, "batch": 3359, "n_batches": 7774, "time": 4.193, "data_time": 0.0, "lr": 0.001, "loss": -19.04}
{"message": "", "levelname": "INFO", "name": "Trainer", "asctime": "2026-04-15 20:45:43,389", "type": "train", "epoch": 1, "batch": 3439, "n_batches": 7774, "time": 3.401, "data_time": 0.001, "lr": 0.001, "loss": -17.796}
{"message": "", "levelname": "INFO", "name": "Trainer", "asctime": "2026-04-15 20:46:14,577", "type": "train", "epoch": 1, "batch": 3519, "n_batches": 7774, "time": 2.722, "data_time": 0.001, "lr": 0.001, "loss": -18.253}
{"message": "", "levelname": "INFO", "name": "Trainer", "asctime": "2026-04-15 20:46:45,004", "type": "train", "epoch": 1, "batch": 3599, "n_batches": 7774, "time": 2.546, "data_time": 0.0, "lr": 0.001, "loss": -20.844}
{"message": "", "levelname": "INFO", "name": "Trainer", "asctime": "2026-04-15 20:47:16,416", "type": "train", "epoch": 1, "batch": 3679, "n_batches": 7774, "time": 2.293, "data_time": 0.0, "lr": 0.001, "loss": -22.618}
{"message": "", "levelname": "INFO", "name": "Trainer", "asctime": "2026-04-15 20:47:50,091", "type": "train", "epoch": 1, "batch": 3759, "n_batches": 7774, "time": 4.624, "data_time": 0.001, "lr": 0.001, "loss": -10.516}
{"message": "", "levelname": "INFO", "name": "Trainer", "asctime": "2026-04-15 20:48:22,509", "type": "train", "epoch": 1, "batch": 3839, "n_batches": 7774, "time": 2.925, "data_time": 0.001, "lr": 0.001, "loss": -13.723}
{"message": "", "levelname": "INFO", "name": "Trainer", "asctime": "2026-04-15 20:48:53,964", "type": "train", "epoch": 1, "batch": 3919, "n_batches": 7774, "time": 2.603, "data_time": 0.001, "lr": 0.001, "loss": -12.836}
{"message": "", "levelname": "INFO", "name": "Trainer", "asctime": "2026-04-15 20:49:25,196", "type": "train", "epoch": 1, "batch": 3999, "n_batches": 7774, "time": 3.874, "data_time": 0.001, "lr": 0.001, "loss": -18.668}
{"message": "", "levelname": "INFO", "name": "Trainer", "asctime": "2026-04-15 20:49:56,364", "type": "train", "epoch": 1, "batch": 4079, "n_batches": 7774, "time": 3.21, "data_time": 0.001, "lr": 0.001, "loss": -15.528}
{"message": "", "levelname": "INFO", "name": "Trainer", "asctime": "2026-04-15 20:50:29,894", "type": "train", "epoch": 1, "batch": 4159, "n_batches": 7774, "time": 3.518, "data_time": 0.001, "lr": 0.001, "loss": -15.896}
{"message": "", "levelname": "INFO", "name": "Trainer", "asctime": "2026-04-15 20:51:00,816", "type": "train", "epoch": 1, "batch": 4239, "n_batches": 7774, "time": 2.183, "data_time": 0.0, "lr": 0.001, "loss": -23.289}
{"message": "", "levelname": "INFO", "name": "Trainer", "asctime": "2026-04-15 20:51:31,564", "type": "train", "epoch": 1, "batch": 4319, "n_batches": 7774, "time": 3.749, "data_time": 0.001, "lr": 0.001, "loss": -20.742}
{"message": "", "levelname": "INFO", "name": "Trainer", "asctime": "2026-04-15 20:51:59,690", "type": "train", "epoch": 1, "batch": 4399, "n_batches": 7774, "time": 2.627, "data_time": 0.001, "lr": 0.001, "loss": -11.324}
{"message": "", "levelname": "INFO", "name": "Trainer", "asctime": "2026-04-15 20:52:28,446", "type": "train", "epoch": 1, "batch": 4479, "n_batches": 7774, "time": 3.812, "data_time": 0.001, "lr": 0.001, "loss": -15.807}
{"message": "", "levelname": "INFO", "name": "Trainer", "asctime": "2026-04-15 20:52:56,748", "type": "train", "epoch": 1, "batch": 4559, "n_batches": 7774, "time": 2.941, "data_time": 0.001, "lr": 0.001, "loss": -19.279}
{"message": "", "levelname": "INFO", "name": "Trainer", "asctime": "2026-04-15 20:53:30,444", "type": "train", "epoch": 1, "batch": 4639, "n_batches": 7774, "time": 2.919, "data_time": 0.001, "lr": 0.001, "loss": -20.41}
{"message": "", "levelname": "INFO", "name": "Trainer", "asctime": "2026-04-15 20:54:05,173", "type": "train", "epoch": 1, "batch": 4719, "n_batches": 7774, "time": 3.426, "data_time": 0.001, "lr": 0.001, "loss": -15.048}
{"message": "", "levelname": "INFO", "name": "Trainer", "asctime": "2026-04-15 20:54:45,261", "type": "train", "epoch": 1, "batch": 4799, "n_batches": 7774, "time": 4.531, "data_time": 0.001, "lr": 0.001, "loss": -15.186}
{"message": "", "levelname": "INFO", "name": "Trainer", "asctime": "2026-04-15 20:55:23,074", "type": "train", "epoch": 1, "batch": 4879, "n_batches": 7774, "time": 3.63, "data_time": 0.001, "lr": 0.001, "loss": -17.303}
{"message": "", "levelname": "INFO", "name": "Trainer", "asctime": "2026-04-15 20:56:00,840", "type": "train", "epoch": 1, "batch": 4959, "n_batches": 7774, "time": 5.298, "data_time": 0.001, "lr": 0.001, "loss": -16.853}
{"message": "", "levelname": "INFO", "name": "Trainer", "asctime": "2026-04-15 20:56:39,287", "type": "train", "epoch": 1, "batch": 5039, "n_batches": 7774, "time": 3.895, "data_time": 0.0, "lr": 0.001, "loss": -10.528}
{"message": "", "levelname": "INFO", "name": "Trainer", "asctime": "2026-04-15 20:57:22,429", "type": "train", "epoch": 1, "batch": 5119, "n_batches": 7774, "time": 3.64, "data_time": 0.001, "lr": 0.001, "loss": -18.592}
{"message": "", "levelname": "INFO", "name": "Trainer", "asctime": "2026-04-15 20:57:53,553", "type": "train", "epoch": 1, "batch": 5199, "n_batches": 7774, "time": 3.112, "data_time": 0.001, "lr": 0.001, "loss": -16.297}
{"message": "", "levelname": "INFO", "name": "Trainer", "asctime": "2026-04-15 20:58:31,536", "type": "train", "epoch": 1, "batch": 5279, "n_batches": 7774, "time": 3.323, "data_time": 0.001, "lr": 0.001, "loss": -17.432}
{"message": "", "levelname": "INFO", "name": "Trainer", "asctime": "2026-04-15 20:59:09,488", "type": "train", "epoch": 1, "batch": 5359, "n_batches": 7774, "time": 3.976, "data_time": 0.001, "lr": 0.001, "loss": -17.022}
{"message": "", "levelname": "INFO", "name": "Trainer", "asctime": "2026-04-15 20:59:46,009", "type": "train", "epoch": 1, "batch": 5439, "n_batches": 7774, "time": 4.874, "data_time": 0.001, "lr": 0.001, "loss": -20.687}
{"message": "", "levelname": "INFO", "name": "Trainer", "asctime": "2026-04-15 21:00:27,625", "type": "train", "epoch": 1, "batch": 5519, "n_batches": 7774, "time": 3.229, "data_time": 0.001, "lr": 0.001, "loss": -19.837}
{"message": "", "levelname": "INFO", "name": "Trainer", "asctime": "2026-04-15 21:01:03,573", "type": "train", "epoch": 1, "batch": 5599, "n_batches": 7774, "time": 2.438, "data_time": 0.0, "lr": 0.001, "loss": -20.129}
{"message": "", "levelname": "INFO", "name": "Trainer", "asctime": "2026-04-15 21:01:39,322", "type": "train", "epoch": 1, "batch": 5679, "n_batches": 7774, "time": 4.221, "data_time": 0.0, "lr": 0.001, "loss": -23.017}
{"message": "", "levelname": "INFO", "name": "Trainer", "asctime": "2026-04-15 21:02:22,112", "type": "train", "epoch": 1, "batch": 5759, "n_batches": 7774, "time": 4.713, "data_time": 0.001, "lr": 0.001, "loss": -17.963}
{"message": "", "levelname": "INFO", "name": "Trainer", "asctime": "2026-04-15 21:03:01,876", "type": "train", "epoch": 1, "batch": 5839, "n_batches": 7774, "time": 4.065, "data_time": 0.001, "lr": 0.001, "loss": -13.622}
{"message": "", "levelname": "INFO", "name": "Trainer", "asctime": "2026-04-15 21:03:33,802", "type": "train", "epoch": 1, "batch": 5919, "n_batches": 7774, "time": 3.659, "data_time": 0.001, "lr": 0.001, "loss": -22.457}
{"message": "", "levelname": "INFO", "name": "Trainer", "asctime": "2026-04-15 21:04:07,060", "type": "train", "epoch": 1, "batch": 5999, "n_batches": 7774, "time": 2.986, "data_time": 0.001, "lr": 0.001, "loss": -13.15}
{"message": "", "levelname": "INFO", "name": "Trainer", "asctime": "2026-04-15 21:04:44,555", "type": "train", "epoch": 1, "batch": 6079, "n_batches": 7774, "time": 4.792, "data_time": 0.001, "lr": 0.001, "loss": -19.277}
{"message": "", "levelname": "INFO", "name": "Trainer", "asctime": "2026-04-15 21:05:19,465", "type": "train", "epoch": 1, "batch": 6159, "n_batches": 7774, "time": 3.607, "data_time": 0.001, "lr": 0.001, "loss": -15.408}
{"message": "", "levelname": "INFO", "name": "Trainer", "asctime": "2026-04-15 21:05:57,935", "type": "train", "epoch": 1, "batch": 6239, "n_batches": 7774, "time": 4.231, "data_time": 0.001, "lr": 0.001, "loss": -12.467}
{"message": "", "levelname": "INFO", "name": "Trainer", "asctime": "2026-04-15 21:06:39,908", "type": "train", "epoch": 1, "batch": 6319, "n_batches": 7774, "time": 3.106, "data_time": 0.001, "lr": 0.001, "loss": -25.372}
{"message": "", "levelname": "INFO", "name": "Trainer", "asctime": "2026-04-15 21:07:16,081", "type": "train", "epoch": 1, "batch": 6399, "n_batches": 7774, "time": 3.955, "data_time": 0.001, "lr": 0.001, "loss": -17.489}
{"message": "", "levelname": "INFO", "name": "Trainer", "asctime": "2026-04-15 21:07:55,498", "type": "train", "epoch": 1, "batch": 6479, "n_batches": 7774, "time": 3.88, "data_time": 0.001, "lr": 0.001, "loss": -14.761}
{"message": "", "levelname": "INFO", "name": "Trainer", "asctime": "2026-04-15 21:08:35,629", "type": "train", "epoch": 1, "batch": 6559, "n_batches": 7774, "time": 3.229, "data_time": 0.0, "lr": 0.001, "loss": -20.505}
{"message": "", "levelname": "INFO", "name": "Trainer", "asctime": "2026-04-15 21:09:09,169", "type": "train", "epoch": 1, "batch": 6639, "n_batches": 7774, "time": 3.633, "data_time": 0.001, "lr": 0.001, "loss": -20.589}
{"message": "", "levelname": "INFO", "name": "Trainer", "asctime": "2026-04-15 21:09:39,961", "type": "train", "epoch": 1, "batch": 6719, "n_batches": 7774, "time": 3.941, "data_time": 0.001, "lr": 0.001, "loss": -24.7}
{"message": "", "levelname": "INFO", "name": "Trainer", "asctime": "2026-04-15 21:10:10,774", "type": "train", "epoch": 1, "batch": 6799, "n_batches": 7774, "time": 3.221, "data_time": 0.0, "lr": 0.001, "loss": -19.815}
{"message": "", "levelname": "INFO", "name": "Trainer", "asctime": "2026-04-15 21:10:52,437", "type": "train", "epoch": 1, "batch": 6879, "n_batches": 7774, "time": 4.238, "data_time": 0.001, "lr": 0.001, "loss": -8.692}
{"message": "", "levelname": "INFO", "name": "Trainer", "asctime": "2026-04-15 21:11:30,867", "type": "train", "epoch": 1, "batch": 6959, "n_batches": 7774, "time": 4.292, "data_time": 0.001, "lr": 0.001, "loss": -11.132}
{"message": "", "levelname": "INFO", "name": "Trainer", "asctime": "2026-04-15 21:12:10,991", "type": "train", "epoch": 1, "batch": 7039, "n_batches": 7774, "time": 3.279, "data_time": 0.0, "lr": 0.001, "loss": -19.909}
{"message": "", "levelname": "INFO", "name": "Trainer", "asctime": "2026-04-15 21:12:53,212", "type": "train", "epoch": 1, "batch": 7119, "n_batches": 7774, "time": 4.651, "data_time": 0.001, "lr": 0.001, "loss": -17.637}
{"message": "", "levelname": "INFO", "name": "Trainer", "asctime": "2026-04-15 21:13:30,466", "type": "train", "epoch": 1, "batch": 7199, "n_batches": 7774, "time": 3.529, "data_time": 0.001, "lr": 0.001, "loss": -15.456}
{"message": "", "levelname": "INFO", "name": "Trainer", "asctime": "2026-04-15 21:14:09,218", "type": "train", "epoch": 1, "batch": 7279, "n_batches": 7774, "time": 4.551, "data_time": 0.0, "lr": 0.001, "loss": -14.522}
{"message": "", "levelname": "INFO", "name": "Trainer", "asctime": "2026-04-15 21:14:51,103", "type": "train", "epoch": 1, "batch": 7359, "n_batches": 7774, "time": 4.002, "data_time": 0.001, "lr": 0.001, "loss": -15.366}
{"message": "", "levelname": "INFO", "name": "Trainer", "asctime": "2026-04-15 21:15:41,114", "type": "train", "epoch": 1, "batch": 7439, "n_batches": 7774, "time": 5.743, "data_time": 0.001, "lr": 0.001, "loss": -12.232}
{"message": "", "levelname": "INFO", "name": "Trainer", "asctime": "2026-04-15 21:16:20,268", "type": "train", "epoch": 1, "batch": 7519, "n_batches": 7774, "time": 3.854, "data_time": 0.001, "lr": 0.001, "loss": -21.378}
{"message": "", "levelname": "INFO", "name": "Trainer", "asctime": "2026-04-15 21:16:57,891", "type": "train", "epoch": 1, "batch": 7599, "n_batches": 7774, "time": 3.566, "data_time": 0.001, "lr": 0.001, "loss": -14.895}
{"message": "", "levelname": "INFO", "name": "Trainer", "asctime": "2026-04-15 21:17:33,110", "type": "train", "epoch": 1, "batch": 7679, "n_batches": 7774, "time": 2.865, "data_time": 0.001, "lr": 0.001, "loss": -15.415}
{"message": "", "levelname": "INFO", "name": "Trainer", "asctime": "2026-04-15 21:18:10,744", "type": "train", "epoch": 1, "batch": 7759, "n_batches": 7774, "time": 3.303, "data_time": 0.001, "lr": 0.001, "loss": -18.99}
{"message": "", "levelname": "INFO", "name": "Trainer", "asctime": "2026-04-15 21:18:18,005", "type": "train-epoch", "epoch": 2, "loss": -2.08875, "time": 3366.4}
{"message": "", "levelname": "INFO", "name": "Trainer", "asctime": "2026-04-15 21:26:02,874", "type": "val-epoch", "epoch": 2, "loss": -1.715, "test_loss": -1.6, "time": 464.9}
{"message": "", "levelname": "INFO", "name": "Trainer", "asctime": "2026-04-15 21:26:40,044", "type": "train", "epoch": 2, "batch": 79, "n_batches": 7774, "time": 4.018, "data_time": 0.001, "lr": 0.001, "loss": -18.861}
{"message": "", "levelname": "INFO", "name": "Trainer", "asctime": "2026-04-15 21:27:17,581", "type": "train", "epoch": 2, "batch": 159, "n_batches": 7774, "time": 3.566, "data_time": 0.001, "lr": 0.001, "loss": -16.758}
{"message": "", "levelname": "INFO", "name": "Trainer", "asctime": "2026-04-15 21:27:54,456", "type": "train", "epoch": 2, "batch": 239, "n_batches": 7774, "time": 3.248, "data_time": 0.001, "lr": 0.001, "loss": -19.105}
{"message": "", "levelname": "INFO", "name": "Trainer", "asctime": "2026-04-15 21:28:26,668", "type": "train", "epoch": 2, "batch": 319, "n_batches": 7774, "time": 2.406, "data_time": 0.001, "lr": 0.001, "loss": -23.304}
{"message": "", "levelname": "INFO", "name": "Trainer", "asctime": "2026-04-15 21:29:02,291", "type": "train", "epoch": 2, "batch": 399, "n_batches": 7774, "time": 3.352, "data_time": 0.001, "lr": 0.001, "loss": -13.065}
{"message": "", "levelname": "INFO", "name": "Trainer", "asctime": "2026-04-15 21:29:38,815", "type": "train", "epoch": 2, "batch": 479, "n_batches": 7774, "time": 5.169, "data_time": 0.001, "lr": 0.001, "loss": -16.274}
{"message": "", "levelname": "INFO", "name": "Trainer", "asctime": "2026-04-15 21:30:17,962", "type": "train", "epoch": 2, "batch": 559, "n_batches": 7774, "time": 5.174, "data_time": 0.0, "lr": 0.001, "loss": -17.383}
{"message": "", "levelname": "INFO", "name": "Trainer", "asctime": "2026-04-15 21:30:51,981", "type": "train", "epoch": 2, "batch": 639, "n_batches": 7774, "time": 2.236, "data_time": 0.0, "lr": 0.001, "loss": -18.075}
{"message": "", "levelname": "INFO", "name": "Trainer", "asctime": "2026-04-15 21:31:34,042", "type": "train", "epoch": 2, "batch": 719, "n_batches": 7774, "time": 3.269, "data_time": 0.001, "lr": 0.001, "loss": -21.738}
{"message": "", "levelname": "INFO", "name": "Trainer", "asctime": "2026-04-15 21:32:15,039", "type": "train", "epoch": 2, "batch": 799, "n_batches": 7774, "time": 3.645, "data_time": 0.001, "lr": 0.001, "loss": -18.691}
{"message": "", "levelname": "INFO", "name": "Trainer", "asctime": "2026-04-15 21:32:48,205", "type": "train", "epoch": 2, "batch": 879, "n_batches": 7774, "time": 3.117, "data_time": 0.001, "lr": 0.001, "loss": -19.461}
{"message": "", "levelname": "INFO", "name": "Trainer", "asctime": "2026-04-15 21:33:18,035", "type": "train", "epoch": 2, "batch": 959, "n_batches": 7774, "time": 2.908, "data_time": 0.001, "lr": 0.001, "loss": -16.908}
{"message": "", "levelname": "INFO", "name": "Trainer", "asctime": "2026-04-15 21:33:50,026", "type": "train", "epoch": 2, "batch": 1039, "n_batches": 7774, "time": 3.029, "data_time": 0.001, "lr": 0.001, "loss": -24.452}
{"message": "", "levelname": "INFO", "name": "Trainer", "asctime": "2026-04-15 21:34:31,658", "type": "train", "epoch": 2, "batch": 1119, "n_batches": 7774, "time": 4.39, "data_time": 0.001, "lr": 0.001, "loss": -19.896}
{"message": "", "levelname": "INFO", "name": "Trainer", "asctime": "2026-04-15 21:35:06,511", "type": "train", "epoch": 2, "batch": 1199, "n_batches": 7774, "time": 2.079, "data_time": 0.001, "lr": 0.001, "loss": -25.236}
{"message": "", "levelname": "INFO", "name": "Trainer", "asctime": "2026-04-15 21:35:42,903", "type": "train", "epoch": 2, "batch": 1279, "n_batches": 7774, "time": 3.79, "data_time": 0.001, "lr": 0.001, "loss": -24.744}
{"message": "", "levelname": "INFO", "name": "Trainer", "asctime": "2026-04-15 21:36:13,899", "type": "train", "epoch": 2, "batch": 1359, "n_batches": 7774, "time": 2.679, "data_time": 0.001, "lr": 0.001, "loss": -17.466}
{"message": "", "levelname": "INFO", "name": "Trainer", "asctime": "2026-04-15 21:36:50,501", "type": "train", "epoch": 2, "batch": 1439, "n_batches": 7774, "time": 3.676, "data_time": 0.001, "lr": 0.001, "loss": -24.481}
{"message": "", "levelname": "INFO", "name": "Trainer", "asctime": "2026-04-15 21:37:26,318", "type": "train", "epoch": 2, "batch": 1519, "n_batches": 7774, "time": 3.746, "data_time": 0.001, "lr": 0.001, "loss": -12.045}
{"message": "", "levelname": "INFO", "name": "Trainer", "asctime": "2026-04-15 21:37:57,097", "type": "train", "epoch": 2, "batch": 1599, "n_batches": 7774, "time": 3.653, "data_time": 0.001, "lr": 0.001, "loss": -20.028}
{"message": "", "levelname": "INFO", "name": "Trainer", "asctime": "2026-04-15 21:38:30,763", "type": "train", "epoch": 2, "batch": 1679, "n_batches": 7774, "time": 3.241, "data_time": 0.001, "lr": 0.001, "loss": -22.392}
{"message": "", "levelname": "INFO", "name": "Trainer", "asctime": "2026-04-15 21:39:06,029", "type": "train", "epoch": 2, "batch": 1759, "n_batches": 7774, "time": 4.088, "data_time": 0.001, "lr": 0.001, "loss": -19.717}
{"message": "", "levelname": "INFO", "name": "Trainer", "asctime": "2026-04-15 21:39:42,860", "type": "train", "epoch": 2, "batch": 1839, "n_batches": 7774, "time": 3.317, "data_time": 0.0, "lr": 0.001, "loss": -20.338}
{"message": "", "levelname": "INFO", "name": "Trainer", "asctime": "2026-04-15 21:40:27,425", "type": "train", "epoch": 2, "batch": 1919, "n_batches": 7774, "time": 5.314, "data_time": 0.001, "lr": 0.001, "loss": -20.056}
{"message": "", "levelname": "INFO", "name": "Trainer", "asctime": "2026-04-15 21:41:23,968", "type": "train", "epoch": 2, "batch": 1999, "n_batches": 7774, "time": 6.228, "data_time": 0.001, "lr": 0.001, "loss": -21.224}
{"message": "", "levelname": "INFO", "name": "Trainer", "asctime": "2026-04-15 21:42:06,413", "type": "train", "epoch": 2, "batch": 2079, "n_batches": 7774, "time": 4.191, "data_time": 0.001, "lr": 0.001, "loss": -18.908}
{"message": "", "levelname": "INFO", "name": "Trainer", "asctime": "2026-04-15 21:42:54,107", "type": "train", "epoch": 2, "batch": 2159, "n_batches": 7774, "time": 5.413, "data_time": 0.002, "lr": 0.001, "loss": -12.88}
{"message": "", "levelname": "INFO", "name": "Trainer", "asctime": "2026-04-15 21:43:31,945", "type": "train", "epoch": 2, "batch": 2239, "n_batches": 7774, "time": 2.674, "data_time": 0.001, "lr": 0.001, "loss": -20.444}
{"message": "", "levelname": "INFO", "name": "Trainer", "asctime": "2026-04-15 21:44:08,259", "type": "train", "epoch": 2, "batch": 2319, "n_batches": 7774, "time": 2.812, "data_time": 0.002, "lr": 0.001, "loss": -21.276}
{"message": "", "levelname": "INFO", "name": "Trainer", "asctime": "2026-04-15 21:44:39,272", "type": "train", "epoch": 2, "batch": 2399, "n_batches": 7774, "time": 4.321, "data_time": 0.001, "lr": 0.001, "loss": -22.424}
{"message": "", "levelname": "INFO", "name": "Trainer", "asctime": "2026-04-15 21:45:24,499", "type": "train", "epoch": 2, "batch": 2479, "n_batches": 7774, "time": 4.67, "data_time": 0.001, "lr": 0.001, "loss": -22.858}
{"message": "", "levelname": "INFO", "name": "Trainer", "asctime": "2026-04-15 21:46:05,912", "type": "train", "epoch": 2, "batch": 2559, "n_batches": 7774, "time": 3.688, "data_time": 0.001, "lr": 0.001, "loss": -20.968}
{"message": "", "levelname": "INFO", "name": "Trainer", "asctime": "2026-04-15 21:46:41,393", "type": "train", "epoch": 2, "batch": 2639, "n_batches": 7774, "time": 3.885, "data_time": 0.001, "lr": 0.001, "loss": -20.369}
{"message": "", "levelname": "INFO", "name": "Trainer", "asctime": "2026-04-15 21:47:13,500", "type": "train", "epoch": 2, "batch": 2719, "n_batches": 7774, "time": 3.595, "data_time": 0.001, "lr": 0.001, "loss": -20.026}
{"message": "", "levelname": "INFO", "name": "Trainer", "asctime": "2026-04-15 21:47:46,477", "type": "train", "epoch": 2, "batch": 2799, "n_batches": 7774, "time": 3.079, "data_time": 0.001, "lr": 0.001, "loss": -18.125}
{"message": "", "levelname": "INFO", "name": "Trainer", "asctime": "2026-04-15 21:48:21,497", "type": "train", "epoch": 2, "batch": 2879, "n_batches": 7774, "time": 3.589, "data_time": 0.001, "lr": 0.001, "loss": -16.827}
{"message": "", "levelname": "INFO", "name": "Trainer", "asctime": "2026-04-15 21:48:57,406", "type": "train", "epoch": 2, "batch": 2959, "n_batches": 7774, "time": 3.145, "data_time": 0.001, "lr": 0.001, "loss": -20.296}
{"message": "", "levelname": "INFO", "name": "Trainer", "asctime": "2026-04-15 21:49:35,745", "type": "train", "epoch": 2, "batch": 3039, "n_batches": 7774, "time": 3.807, "data_time": 0.0, "lr": 0.001, "loss": -18.578}
{"message": "", "levelname": "INFO", "name": "Trainer", "asctime": "2026-04-15 21:50:22,677", "type": "train", "epoch": 2, "batch": 3119, "n_batches": 7774, "time": 5.785, "data_time": 0.001, "lr": 0.001, "loss": -29.082}
{"message": "", "levelname": "INFO", "name": "Trainer", "asctime": "2026-04-15 21:51:17,935", "type": "train", "epoch": 2, "batch": 3199, "n_batches": 7774, "time": 4.994, "data_time": 0.001, "lr": 0.001, "loss": -26.459}
{"message": "", "levelname": "INFO", "name": "Trainer", "asctime": "2026-04-15 21:51:54,716", "type": "train", "epoch": 2, "batch": 3279, "n_batches": 7774, "time": 5.599, "data_time": 0.001, "lr": 0.001, "loss": -14.036}
{"message": "", "levelname": "INFO", "name": "Trainer", "asctime": "2026-04-15 21:52:40,478", "type": "train", "epoch": 2, "batch": 3359, "n_batches": 7774, "time": 6.475, "data_time": 0.001, "lr": 0.001, "loss": -19.627}
{"message": "", "levelname": "INFO", "name": "Trainer", "asctime": "2026-04-15 21:53:33,369", "type": "train", "epoch": 2, "batch": 3439, "n_batches": 7774, "time": 4.884, "data_time": 0.001, "lr": 0.001, "loss": -19.94}
{"message": "", "levelname": "INFO", "name": "Trainer", "asctime": "2026-04-15 21:54:17,628", "type": "train", "epoch": 2, "batch": 3519, "n_batches": 7774, "time": 5.364, "data_time": 0.001, "lr": 0.001, "loss": -22.021}
{"message": "", "levelname": "INFO", "name": "Trainer", "asctime": "2026-04-15 21:55:05,288", "type": "train", "epoch": 2, "batch": 3599, "n_batches": 7774, "time": 6.252, "data_time": 0.001, "lr": 0.001, "loss": -21.125}
{"message": "", "levelname": "INFO", "name": "Trainer", "asctime": "2026-04-15 21:55:52,483", "type": "train", "epoch": 2, "batch": 3679, "n_batches": 7774, "time": 4.503, "data_time": 0.001, "lr": 0.001, "loss": -26.928}
{"message": "", "levelname": "INFO", "name": "Trainer", "asctime": "2026-04-15 21:56:41,470", "type": "train", "epoch": 2, "batch": 3759, "n_batches": 7774, "time": 5.71, "data_time": 0.0, "lr": 0.001, "loss": -21.137}
{"message": "", "levelname": "INFO", "name": "Trainer", "asctime": "2026-04-15 21:57:20,768", "type": "train", "epoch": 2, "batch": 3839, "n_batches": 7774, "time": 1.982, "data_time": 0.001, "lr": 0.001, "loss": -24.736}
{"message": "", "levelname": "INFO", "name": "Trainer", "asctime": "2026-04-15 21:58:02,400", "type": "train", "epoch": 2, "batch": 3919, "n_batches": 7774, "time": 5.412, "data_time": 0.001, "lr": 0.001, "loss": -21.715}
{"message": "", "levelname": "INFO", "name": "Trainer", "asctime": "2026-04-15 21:58:46,341", "type": "train", "epoch": 2, "batch": 3999, "n_batches": 7774, "time": 6.894, "data_time": 0.001, "lr": 0.001, "loss": -21.543}
{"message": "", "levelname": "INFO", "name": "Trainer", "asctime": "2026-04-15 21:59:33,979", "type": "train", "epoch": 2, "batch": 4079, "n_batches": 7774, "time": 4.579, "data_time": 0.001, "lr": 0.001, "loss": -24.245}
{"message": "", "levelname": "INFO", "name": "Trainer", "asctime": "2026-04-15 22:00:07,048", "type": "train", "epoch": 2, "batch": 4159, "n_batches": 7774, "time": 3.11, "data_time": 0.001, "lr": 0.001, "loss": -19.833}
{"message": "", "levelname": "INFO", "name": "Trainer", "asctime": "2026-04-15 22:00:50,218", "type": "train", "epoch": 2, "batch": 4239, "n_batches": 7774, "time": 2.912, "data_time": 0.0, "lr": 0.001, "loss": -17.37}
{"message": "", "levelname": "INFO", "name": "Trainer", "asctime": "2026-04-15 22:01:28,560", "type": "train", "epoch": 2, "batch": 4319, "n_batches": 7774, "time": 4.108, "data_time": 0.001, "lr": 0.001, "loss": -11.882}
{"message": "", "levelname": "INFO", "name": "Trainer", "asctime": "2026-04-15 22:02:05,999", "type": "train", "epoch": 2, "batch": 4399, "n_batches": 7774, "time": 5.392, "data_time": 0.001, "lr": 0.001, "loss": -21.009}
{"message": "", "levelname": "INFO", "name": "Trainer", "asctime": "2026-04-15 22:02:50,171", "type": "train", "epoch": 2, "batch": 4479, "n_batches": 7774, "time": 5.653, "data_time": 0.001, "lr": 0.001, "loss": -18.09}
{"message": "", "levelname": "INFO", "name": "Trainer", "asctime": "2026-04-15 22:03:28,956", "type": "train", "epoch": 2, "batch": 4559, "n_batches": 7774, "time": 4.966, "data_time": 0.001, "lr": 0.001, "loss": -23.624}
{"message": "", "levelname": "INFO", "name": "Trainer", "asctime": "2026-04-15 22:03:56,027", "type": "train", "epoch": 2, "batch": 4639, "n_batches": 7774, "time": 3.139, "data_time": 0.001, "lr": 0.001, "loss": -24.219}
{"message": "", "levelname": "INFO", "name": "Trainer", "asctime": "2026-04-15 22:04:28,953", "type": "train", "epoch": 2, "batch": 4719, "n_batches": 7774, "time": 3.936, "data_time": 0.001, "lr": 0.001, "loss": -23.232}
{"message": "", "levelname": "INFO", "name": "Trainer", "asctime": "2026-04-15 22:05:06,762", "type": "train", "epoch": 2, "batch": 4799, "n_batches": 7774, "time": 3.401, "data_time": 0.0, "lr": 0.001, "loss": -17.896}
{"message": "", "levelname": "INFO", "name": "Trainer", "asctime": "2026-04-15 22:05:46,652", "type": "train", "epoch": 2, "batch": 4879, "n_batches": 7774, "time": 3.972, "data_time": 0.001, "lr": 0.001, "loss": -21.618}
{"message": "", "levelname": "INFO", "name": "Trainer", "asctime": "2026-04-15 22:06:27,400", "type": "train", "epoch": 2, "batch": 4959, "n_batches": 7774, "time": 4.587, "data_time": 0.001, "lr": 0.001, "loss": -23.243}
{"message": "", "levelname": "INFO", "name": "Trainer", "asctime": "2026-04-15 22:07:10,400", "type": "train", "epoch": 2, "batch": 5039, "n_batches": 7774, "time": 2.905, "data_time": 0.0, "lr": 0.001, "loss": -26.198}
{"message": "", "levelname": "INFO", "name": "Trainer", "asctime": "2026-04-15 22:07:55,020", "type": "train", "epoch": 2, "batch": 5119, "n_batches": 7774, "time": 4.636, "data_time": 0.0, "lr": 0.001, "loss": -22.722}
{"message": "", "levelname": "INFO", "name": "Trainer", "asctime": "2026-04-15 22:08:32,088", "type": "train", "epoch": 2, "batch": 5199, "n_batches": 7774, "time": 2.661, "data_time": 0.0, "lr": 0.001, "loss": -18.437}
{"message": "", "levelname": "INFO", "name": "Trainer", "asctime": "2026-04-15 22:09:04,734", "type": "train", "epoch": 2, "batch": 5279, "n_batches": 7774, "time": 2.701, "data_time": 0.001, "lr": 0.001, "loss": -16.488}
{"message": "", "levelname": "INFO", "name": "Trainer", "asctime": "2026-04-15 22:09:31,788", "type": "train", "epoch": 2, "batch": 5359, "n_batches": 7774, "time": 2.309, "data_time": 0.001, "lr": 0.001, "loss": -21.874}
{"message": "", "levelname": "INFO", "name": "Trainer", "asctime": "2026-04-15 22:10:11,477", "type": "train", "epoch": 2, "batch": 5439, "n_batches": 7774, "time": 5.225, "data_time": 0.003, "lr": 0.001, "loss": -22.352}
{"message": "", "levelname": "INFO", "name": "Trainer", "asctime": "2026-04-15 22:10:55,370", "type": "train", "epoch": 2, "batch": 5519, "n_batches": 7774, "time": 3.567, "data_time": 0.001, "lr": 0.001, "loss": -26.024}
{"message": "", "levelname": "INFO", "name": "Trainer", "asctime": "2026-04-15 22:11:34,581", "type": "train", "epoch": 2, "batch": 5599, "n_batches": 7774, "time": 3.284, "data_time": 0.001, "lr": 0.001, "loss": -25.351}
{"message": "", "levelname": "INFO", "name": "Trainer", "asctime": "2026-04-15 22:12:12,680", "type": "train", "epoch": 2, "batch": 5679, "n_batches": 7774, "time": 2.65, "data_time": 0.001, "lr": 0.001, "loss": -21.831}
{"message": "", "levelname": "INFO", "name": "Trainer", "asctime": "2026-04-15 22:12:47,351", "type": "train", "epoch": 2, "batch": 5759, "n_batches": 7774, "time": 3.915, "data_time": 0.001, "lr": 0.001, "loss": -19.851}
{"message": "", "levelname": "INFO", "name": "Trainer", "asctime": "2026-04-15 22:13:28,076", "type": "train", "epoch": 2, "batch": 5839, "n_batches": 7774, "time": 3.952, "data_time": 0.001, "lr": 0.001, "loss": -23.968}
{"message": "", "levelname": "INFO", "name": "Trainer", "asctime": "2026-04-15 22:14:09,148", "type": "train", "epoch": 2, "batch": 5919, "n_batches": 7774, "time": 5.601, "data_time": 0.001, "lr": 0.001, "loss": -15.628}
{"message": "", "levelname": "INFO", "name": "Trainer", "asctime": "2026-04-15 22:14:44,940", "type": "train", "epoch": 2, "batch": 5999, "n_batches": 7774, "time": 3.266, "data_time": 0.001, "lr": 0.001, "loss": -24.345}
{"message": "", "levelname": "INFO", "name": "Trainer", "asctime": "2026-04-15 22:15:21,742", "type": "train", "epoch": 2, "batch": 6079, "n_batches": 7774, "time": 3.999, "data_time": 0.0, "lr": 0.001, "loss": -22.739}
{"message": "", "levelname": "INFO", "name": "Trainer", "asctime": "2026-04-15 22:16:01,227", "type": "train", "epoch": 2, "batch": 6159, "n_batches": 7774, "time": 4.053, "data_time": 0.001, "lr": 0.001, "loss": -21.846}
{"message": "", "levelname": "INFO", "name": "Trainer", "asctime": "2026-04-15 22:16:39,207", "type": "train", "epoch": 2, "batch": 6239, "n_batches": 7774, "time": 3.842, "data_time": 0.001, "lr": 0.001, "loss": -24.728}
{"message": "", "levelname": "INFO", "name": "Trainer", "asctime": "2026-04-15 22:17:19,805", "type": "train", "epoch": 2, "batch": 6319, "n_batches": 7774, "time": 4.584, "data_time": 0.001, "lr": 0.001, "loss": -25.062}
{"message": "", "levelname": "INFO", "name": "Trainer", "asctime": "2026-04-15 22:17:57,667", "type": "train", "epoch": 2, "batch": 6399, "n_batches": 7774, "time": 2.974, "data_time": 0.0, "lr": 0.001, "loss": -19.546}
{"message": "", "levelname": "INFO", "name": "Trainer", "asctime": "2026-04-15 22:18:36,759", "type": "train", "epoch": 2, "batch": 6479, "n_batches": 7774, "time": 3.435, "data_time": 0.0, "lr": 0.001, "loss": -23.661}
{"message": "", "levelname": "INFO", "name": "Trainer", "asctime": "2026-04-15 22:19:18,283", "type": "train", "epoch": 2, "batch": 6559, "n_batches": 7774, "time": 3.928, "data_time": 0.001, "lr": 0.001, "loss": -24.613}
{"message": "", "levelname": "INFO", "name": "Trainer", "asctime": "2026-04-15 22:19:56,982", "type": "train", "epoch": 2, "batch": 6639, "n_batches": 7774, "time": 4.49, "data_time": 0.001, "lr": 0.001, "loss": -25.725}
{"message": "", "levelname": "INFO", "name": "Trainer", "asctime": "2026-04-15 22:20:34,533", "type": "train", "epoch": 2, "batch": 6719, "n_batches": 7774, "time": 3.665, "data_time": 0.001, "lr": 0.001, "loss": -21.357}
{"message": "", "levelname": "INFO", "name": "Trainer", "asctime": "2026-04-15 22:21:09,783", "type": "train", "epoch": 2, "batch": 6799, "n_batches": 7774, "time": 3.619, "data_time": 0.0, "lr": 0.001, "loss": -21.287}
{"message": "", "levelname": "INFO", "name": "Trainer", "asctime": "2026-04-15 22:21:52,779", "type": "train", "epoch": 2, "batch": 6879, "n_batches": 7774, "time": 4.875, "data_time": 0.001, "lr": 0.001, "loss": -18.766}
{"message": "", "levelname": "INFO", "name": "Trainer", "asctime": "2026-04-15 22:22:43,038", "type": "train", "epoch": 2, "batch": 6959, "n_batches": 7774, "time": 3.353, "data_time": 0.001, "lr": 0.001, "loss": -24.832}
{"message": "", "levelname": "INFO", "name": "Trainer", "asctime": "2026-04-15 22:23:20,490", "type": "train", "epoch": 2, "batch": 7039, "n_batches": 7774, "time": 2.969, "data_time": 0.0, "lr": 0.001, "loss": -22.35}
{"message": "", "levelname": "INFO", "name": "Trainer", "asctime": "2026-04-15 22:23:56,495", "type": "train", "epoch": 2, "batch": 7119, "n_batches": 7774, "time": 3.54, "data_time": 0.001, "lr": 0.001, "loss": -20.062}
{"message": "", "levelname": "INFO", "name": "Trainer", "asctime": "2026-04-15 22:24:39,198", "type": "train", "epoch": 2, "batch": 7199, "n_batches": 7774, "time": 4.535, "data_time": 0.001, "lr": 0.001, "loss": -23.405}
{"message": "", "levelname": "INFO", "name": "Trainer", "asctime": "2026-04-15 22:25:19,159", "type": "train", "epoch": 2, "batch": 7279, "n_batches": 7774, "time": 3.66, "data_time": 0.001, "lr": 0.001, "loss": -24.764}
{"message": "", "levelname": "INFO", "name": "Trainer", "asctime": "2026-04-15 22:25:55,338", "type": "train", "epoch": 2, "batch": 7359, "n_batches": 7774, "time": 3.768, "data_time": 0.0, "lr": 0.001, "loss": -23.458}
{"message": "", "levelname": "INFO", "name": "Trainer", "asctime": "2026-04-15 22:26:27,829", "type": "train", "epoch": 2, "batch": 7439, "n_batches": 7774, "time": 3.634, "data_time": 0.0, "lr": 0.001, "loss": -19.152}
{"message": "", "levelname": "INFO", "name": "Trainer", "asctime": "2026-04-15 22:27:05,817", "type": "train", "epoch": 2, "batch": 7519, "n_batches": 7774, "time": 2.766, "data_time": 0.001, "lr": 0.001, "loss": -21.713}
{"message": "", "levelname": "INFO", "name": "Trainer", "asctime": "2026-04-15 22:27:39,971", "type": "train", "epoch": 2, "batch": 7599, "n_batches": 7774, "time": 3.724, "data_time": 0.0, "lr": 0.001, "loss": -25.057}
{"message": "", "levelname": "INFO", "name": "Trainer", "asctime": "2026-04-15 22:28:17,208", "type": "train", "epoch": 2, "batch": 7679, "n_batches": 7774, "time": 4.087, "data_time": 0.002, "lr": 0.001, "loss": -17.347}
{"message": "", "levelname": "INFO", "name": "Trainer", "asctime": "2026-04-15 22:28:51,724", "type": "train", "epoch": 2, "batch": 7759, "n_batches": 7774, "time": 2.673, "data_time": 0.001, "lr": 0.001, "loss": -22.029}
{"message": "", "levelname": "INFO", "name": "Trainer", "asctime": "2026-04-15 22:28:58,191", "type": "train-epoch", "epoch": 3, "loss": -2.60487, "time": 3775.3}
{"message": "", "levelname": "INFO", "name": "Trainer", "asctime": "2026-04-15 22:37:01,142", "type": "val-epoch", "epoch": 3, "loss": -1.366, "test_loss": -1.128, "time": 483.0}
{"message": "", "levelname": "INFO", "name": "Trainer", "asctime": "2026-04-15 22:37:41,163", "type": "train", "epoch": 3, "batch": 79, "n_batches": 7774, "time": 4.535, "data_time": 0.001, "lr": 0.001, "loss": -22.325}
{"message": "", "levelname": "INFO", "name": "Trainer", "asctime": "2026-04-15 22:38:34,052", "type": "train", "epoch": 3, "batch": 159, "n_batches": 7774, "time": 6.426, "data_time": 0.001, "lr": 0.001, "loss": -26.187}
{"message": "", "levelname": "INFO", "name": "Trainer", "asctime": "2026-04-15 22:39:12,743", "type": "train", "epoch": 3, "batch": 239, "n_batches": 7774, "time": 3.254, "data_time": 0.001, "lr": 0.001, "loss": -25.932}
{"message": "", "levelname": "INFO", "name": "Trainer", "asctime": "2026-04-15 22:39:55,582", "type": "train", "epoch": 3, "batch": 319, "n_batches": 7774, "time": 5.359, "data_time": 0.001, "lr": 0.001, "loss": -27.438}
{"message": "", "levelname": "INFO", "name": "Trainer", "asctime": "2026-04-15 22:40:42,084", "type": "train", "epoch": 3, "batch": 399, "n_batches": 7774, "time": 4.366, "data_time": 0.001, "lr": 0.001, "loss": -20.414}
{"message": "", "levelname": "INFO", "name": "Trainer", "asctime": "2026-04-15 22:41:37,301", "type": "train", "epoch": 3, "batch": 479, "n_batches": 7774, "time": 5.527, "data_time": 0.0, "lr": 0.001, "loss": -19.576}
{"message": "", "levelname": "INFO", "name": "Trainer", "asctime": "2026-04-15 22:42:25,038", "type": "train", "epoch": 3, "batch": 559, "n_batches": 7774, "time": 3.627, "data_time": 0.001, "lr": 0.001, "loss": -19.161}
{"message": "", "levelname": "INFO", "name": "Trainer", "asctime": "2026-04-15 22:43:16,630", "type": "train", "epoch": 3, "batch": 639, "n_batches": 7774, "time": 4.486, "data_time": 0.0, "lr": 0.001, "loss": -26.118}
{"message": "", "levelname": "INFO", "name": "Trainer", "asctime": "2026-04-15 22:44:11,416", "type": "train", "epoch": 3, "batch": 719, "n_batches": 7774, "time": 4.42, "data_time": 0.001, "lr": 0.001, "loss": -25.545}
{"message": "", "levelname": "INFO", "name": "Trainer", "asctime": "2026-04-15 22:44:57,557", "type": "train", "epoch": 3, "batch": 799, "n_batches": 7774, "time": 3.174, "data_time": 0.001, "lr": 0.001, "loss": -25.949}
{"message": "", "levelname": "INFO", "name": "Trainer", "asctime": "2026-04-15 22:45:36,728", "type": "train", "epoch": 3, "batch": 879, "n_batches": 7774, "time": 5.733, "data_time": 0.001, "lr": 0.001, "loss": -20.174}
{"message": "", "levelname": "INFO", "name": "Trainer", "asctime": "2026-04-15 22:46:21,165", "type": "train", "epoch": 3, "batch": 959, "n_batches": 7774, "time": 4.655, "data_time": 0.001, "lr": 0.001, "loss": -28.31}
{"message": "", "levelname": "INFO", "name": "Trainer", "asctime": "2026-04-15 22:47:15,113", "type": "train", "epoch": 3, "batch": 1039, "n_batches": 7774, "time": 4.617, "data_time": 0.001, "lr": 0.001, "loss": -26.512}
{"message": "", "levelname": "INFO", "name": "Trainer", "asctime": "2026-04-15 22:47:58,439", "type": "train", "epoch": 3, "batch": 1119, "n_batches": 7774, "time": 4.782, "data_time": 0.001, "lr": 0.001, "loss": -27.049}
{"message": "", "levelname": "INFO", "name": "Trainer", "asctime": "2026-04-15 22:48:37,606", "type": "train", "epoch": 3, "batch": 1199, "n_batches": 7774, "time": 3.297, "data_time": 0.001, "lr": 0.001, "loss": -30.617}
{"message": "", "levelname": "INFO", "name": "Trainer", "asctime": "2026-04-15 22:49:15,808", "type": "train", "epoch": 3, "batch": 1279, "n_batches": 7774, "time": 3.861, "data_time": 0.001, "lr": 0.001, "loss": -28.343}
{"message": "", "levelname": "INFO", "name": "Trainer", "asctime": "2026-04-15 22:49:49,983", "type": "train", "epoch": 3, "batch": 1359, "n_batches": 7774, "time": 2.593, "data_time": 0.001, "lr": 0.001, "loss": -25.069}
{"message": "", "levelname": "INFO", "name": "Trainer", "asctime": "2026-04-15 22:50:16,620", "type": "train", "epoch": 3, "batch": 1439, "n_batches": 7774, "time": 2.927, "data_time": 0.001, "lr": 0.001, "loss": -23.49}
{"message": "", "levelname": "INFO", "name": "Trainer", "asctime": "2026-04-15 22:50:46,604", "type": "train", "epoch": 3, "batch": 1519, "n_batches": 7774, "time": 3.041, "data_time": 0.001, "lr": 0.001, "loss": -23.123}
{"message": "", "levelname": "INFO", "name": "Trainer", "asctime": "2026-04-15 22:51:19,210", "type": "train", "epoch": 3, "batch": 1599, "n_batches": 7774, "time": 2.306, "data_time": 0.001, "lr": 0.001, "loss": -25.065}
{"message": "", "levelname": "INFO", "name": "Trainer", "asctime": "2026-04-15 22:51:45,444", "type": "train", "epoch": 3, "batch": 1679, "n_batches": 7774, "time": 2.611, "data_time": 0.0, "lr": 0.001, "loss": -27.324}
{"message": "", "levelname": "INFO", "name": "Trainer", "asctime": "2026-04-15 22:52:14,244", "type": "train", "epoch": 3, "batch": 1759, "n_batches": 7774, "time": 2.857, "data_time": 0.001, "lr": 0.001, "loss": -25.283}
{"message": "", "levelname": "INFO", "name": "Trainer", "asctime": "2026-04-15 22:52:45,071", "type": "train", "epoch": 3, "batch": 1839, "n_batches": 7774, "time": 3.083, "data_time": 0.001, "lr": 0.001, "loss": -23.346}
{"message": "", "levelname": "INFO", "name": "Trainer", "asctime": "2026-04-15 22:53:19,290", "type": "train", "epoch": 3, "batch": 1919, "n_batches": 7774, "time": 4.078, "data_time": 0.001, "lr": 0.001, "loss": -19.988}
{"message": "", "levelname": "INFO", "name": "Trainer", "asctime": "2026-04-15 22:53:47,770", "type": "train", "epoch": 3, "batch": 1999, "n_batches": 7774, "time": 2.334, "data_time": 0.001, "lr": 0.001, "loss": -26.478}
{"message": "", "levelname": "INFO", "name": "Trainer", "asctime": "2026-04-15 22:54:16,478", "type": "train", "epoch": 3, "batch": 2079, "n_batches": 7774, "time": 3.361, "data_time": 0.001, "lr": 0.001, "loss": -17.818}
{"message": "", "levelname": "INFO", "name": "Trainer", "asctime": "2026-04-15 22:54:47,711", "type": "train", "epoch": 3, "batch": 2159, "n_batches": 7774, "time": 3.327, "data_time": 0.001, "lr": 0.001, "loss": -26.44}
{"message": "", "levelname": "INFO", "name": "Trainer", "asctime": "2026-04-15 22:55:17,367", "type": "train", "epoch": 3, "batch": 2239, "n_batches": 7774, "time": 2.83, "data_time": 0.001, "lr": 0.001, "loss": -22.93}
{"message": "", "levelname": "INFO", "name": "Trainer", "asctime": "2026-04-15 22:55:47,198", "type": "train", "epoch": 3, "batch": 2319, "n_batches": 7774, "time": 3.02, "data_time": 0.001, "lr": 0.001, "loss": -19.381}
{"message": "", "levelname": "INFO", "name": "Trainer", "asctime": "2026-04-15 22:56:20,060", "type": "train", "epoch": 3, "batch": 2399, "n_batches": 7774, "time": 4.26, "data_time": 0.001, "lr": 0.001, "loss": -18.587}
{"message": "", "levelname": "INFO", "name": "Trainer", "asctime": "2026-04-15 22:56:55,997", "type": "train", "epoch": 3, "batch": 2479, "n_batches": 7774, "time": 3.544, "data_time": 0.001, "lr": 0.001, "loss": -15.757}
{"message": "", "levelname": "INFO", "name": "Trainer", "asctime": "2026-04-15 22:57:29,689", "type": "train", "epoch": 3, "batch": 2559, "n_batches": 7774, "time": 3.006, "data_time": 0.0, "lr": 0.001, "loss": -22.191}
{"message": "", "levelname": "INFO", "name": "Trainer", "asctime": "2026-04-15 22:58:01,095", "type": "train", "epoch": 3, "batch": 2639, "n_batches": 7774, "time": 4.642, "data_time": 0.001, "lr": 0.001, "loss": -26.802}
{"message": "", "levelname": "INFO", "name": "Trainer", "asctime": "2026-04-15 22:58:31,479", "type": "train", "epoch": 3, "batch": 2719, "n_batches": 7774, "time": 2.633, "data_time": 0.0, "lr": 0.001, "loss": -19.252}
{"message": "", "levelname": "INFO", "name": "Trainer", "asctime": "2026-04-15 22:59:03,905", "type": "train", "epoch": 3, "batch": 2799, "n_batches": 7774, "time": 3.831, "data_time": 0.0, "lr": 0.001, "loss": -26.588}
{"message": "", "levelname": "INFO", "name": "Trainer", "asctime": "2026-04-15 22:59:33,597", "type": "train", "epoch": 3, "batch": 2879, "n_batches": 7774, "time": 2.544, "data_time": 0.001, "lr": 0.001, "loss": -18.553}
{"message": "", "levelname": "INFO", "name": "Trainer", "asctime": "2026-04-15 22:59:56,465", "type": "train", "epoch": 3, "batch": 2959, "n_batches": 7774, "time": 2.27, "data_time": 0.001, "lr": 0.001, "loss": -27.494}
{"message": "", "levelname": "INFO", "name": "Trainer", "asctime": "2026-04-15 23:00:25,760", "type": "train", "epoch": 3, "batch": 3039, "n_batches": 7774, "time": 2.334, "data_time": 0.0, "lr": 0.001, "loss": -24.828}
{"message": "", "levelname": "INFO", "name": "Trainer", "asctime": "2026-04-15 23:00:54,393", "type": "train", "epoch": 3, "batch": 3119, "n_batches": 7774, "time": 2.195, "data_time": 0.001, "lr": 0.001, "loss": -24.915}
{"message": "", "levelname": "INFO", "name": "Trainer", "asctime": "2026-04-15 23:01:21,536", "type": "train", "epoch": 3, "batch": 3199, "n_batches": 7774, "time": 2.747, "data_time": 0.001, "lr": 0.001, "loss": -21.708}
{"message": "", "levelname": "INFO", "name": "Trainer", "asctime": "2026-04-15 23:01:52,635", "type": "train", "epoch": 3, "batch": 3279, "n_batches": 7774, "time": 2.459, "data_time": 0.001, "lr": 0.001, "loss": -26.565}
{"message": "", "levelname": "INFO", "name": "Trainer", "asctime": "2026-04-15 23:02:22,157", "type": "train", "epoch": 3, "batch": 3359, "n_batches": 7774, "time": 3.039, "data_time": 0.0, "lr": 0.001, "loss": -16.39}
{"message": "", "levelname": "INFO", "name": "Trainer", "asctime": "2026-04-15 23:02:49,884", "type": "train", "epoch": 3, "batch": 3439, "n_batches": 7774, "time": 2.226, "data_time": 0.001, "lr": 0.001, "loss": -27.333}
{"message": "", "levelname": "INFO", "name": "Trainer", "asctime": "2026-04-15 23:03:23,448", "type": "train", "epoch": 3, "batch": 3519, "n_batches": 7774, "time": 3.183, "data_time": 0.001, "lr": 0.001, "loss": -23.469}
{"message": "", "levelname": "INFO", "name": "Trainer", "asctime": "2026-04-15 23:03:55,048", "type": "train", "epoch": 3, "batch": 3599, "n_batches": 7774, "time": 3.106, "data_time": 0.0, "lr": 0.001, "loss": -29.614}
{"message": "", "levelname": "INFO", "name": "Trainer", "asctime": "2026-04-15 23:04:23,290", "type": "train", "epoch": 3, "batch": 3679, "n_batches": 7774, "time": 1.964, "data_time": 0.001, "lr": 0.001, "loss": -23.21}
{"message": "", "levelname": "INFO", "name": "Trainer", "asctime": "2026-04-15 23:04:52,683", "type": "train", "epoch": 3, "batch": 3759, "n_batches": 7774, "time": 2.495, "data_time": 0.0, "lr": 0.001, "loss": -19.907}
{"message": "", "levelname": "INFO", "name": "Trainer", "asctime": "2026-04-15 23:05:24,490", "type": "train", "epoch": 3, "batch": 3839, "n_batches": 7774, "time": 4.368, "data_time": 0.001, "lr": 0.001, "loss": -25.388}
{"message": "", "levelname": "INFO", "name": "Trainer", "asctime": "2026-04-15 23:05:53,575", "type": "train", "epoch": 3, "batch": 3919, "n_batches": 7774, "time": 2.426, "data_time": 0.001, "lr": 0.001, "loss": -23.027}
{"message": "", "levelname": "INFO", "name": "Trainer", "asctime": "2026-04-15 23:06:20,089", "type": "train", "epoch": 3, "batch": 3999, "n_batches": 7774, "time": 3.079, "data_time": 0.001, "lr": 0.001, "loss": -23.389}
{"message": "", "levelname": "INFO", "name": "Trainer", "asctime": "2026-04-15 23:06:50,035", "type": "train", "epoch": 3, "batch": 4079, "n_batches": 7774, "time": 3.289, "data_time": 0.001, "lr": 0.001, "loss": -31.173}
{"message": "", "levelname": "INFO", "name": "Trainer", "asctime": "2026-04-15 23:07:21,518", "type": "train", "epoch": 3, "batch": 4159, "n_batches": 7774, "time": 2.04, "data_time": 0.001, "lr": 0.001, "loss": -20.176}
{"message": "", "levelname": "INFO", "name": "Trainer", "asctime": "2026-04-15 23:07:50,783", "type": "train", "epoch": 3, "batch": 4239, "n_batches": 7774, "time": 3.906, "data_time": 0.002, "lr": 0.001, "loss": -22.94}
{"message": "", "levelname": "INFO", "name": "Trainer", "asctime": "2026-04-15 23:08:28,555", "type": "train", "epoch": 3, "batch": 4319, "n_batches": 7774, "time": 3.422, "data_time": 0.001, "lr": 0.001, "loss": -26.24}
{"message": "", "levelname": "INFO", "name": "Trainer", "asctime": "2026-04-15 23:08:55,242", "type": "train", "epoch": 3, "batch": 4399, "n_batches": 7774, "time": 1.719, "data_time": 0.0, "lr": 0.001, "loss": -20.848}
{"message": "", "levelname": "INFO", "name": "Trainer", "asctime": "2026-04-15 23:09:28,081", "type": "train", "epoch": 3, "batch": 4479, "n_batches": 7774, "time": 3.658, "data_time": 0.001, "lr": 0.001, "loss": -25.481}
{"message": "", "levelname": "INFO", "name": "Trainer", "asctime": "2026-04-15 23:09:55,721", "type": "train", "epoch": 3, "batch": 4559, "n_batches": 7774, "time": 2.198, "data_time": 0.001, "lr": 0.001, "loss": -17.838}
{"message": "", "levelname": "INFO", "name": "Trainer", "asctime": "2026-04-15 23:10:24,538", "type": "train", "epoch": 3, "batch": 4639, "n_batches": 7774, "time": 2.705, "data_time": 0.001, "lr": 0.001, "loss": -26.071}
{"message": "", "levelname": "INFO", "name": "Trainer", "asctime": "2026-04-15 23:10:54,084", "type": "train", "epoch": 3, "batch": 4719, "n_batches": 7774, "time": 2.016, "data_time": 0.001, "lr": 0.001, "loss": -27.284}
{"message": "", "levelname": "INFO", "name": "Trainer", "asctime": "2026-04-15 23:11:23,429", "type": "train", "epoch": 3, "batch": 4799, "n_batches": 7774, "time": 2.624, "data_time": 0.001, "lr": 0.001, "loss": -26.176}
{"message": "", "levelname": "INFO", "name": "Trainer", "asctime": "2026-04-15 23:12:00,834", "type": "train", "epoch": 3, "batch": 4879, "n_batches": 7774, "time": 2.512, "data_time": 0.001, "lr": 0.001, "loss": -19.178}
{"message": "", "levelname": "INFO", "name": "Trainer", "asctime": "2026-04-15 23:12:33,789", "type": "train", "epoch": 3, "batch": 4959, "n_batches": 7774, "time": 5.7, "data_time": 0.001, "lr": 0.001, "loss": -29.387}
{"message": "", "levelname": "INFO", "name": "Trainer", "asctime": "2026-04-15 23:13:06,486", "type": "train", "epoch": 3, "batch": 5039, "n_batches": 7774, "time": 2.707, "data_time": 0.001, "lr": 0.001, "loss": -25.718}
{"message": "", "levelname": "INFO", "name": "Trainer", "asctime": "2026-04-15 23:13:39,165", "type": "train", "epoch": 3, "batch": 5119, "n_batches": 7774, "time": 3.146, "data_time": 0.001, "lr": 0.001, "loss": -31.484}
{"message": "", "levelname": "INFO", "name": "Trainer", "asctime": "2026-04-15 23:14:12,876", "type": "train", "epoch": 3, "batch": 5199, "n_batches": 7774, "time": 2.98, "data_time": 0.001, "lr": 0.001, "loss": -25.556}
{"message": "", "levelname": "INFO", "name": "Trainer", "asctime": "2026-04-15 23:14:46,311", "type": "train", "epoch": 3, "batch": 5279, "n_batches": 7774, "time": 2.534, "data_time": 0.001, "lr": 0.001, "loss": -25.635}
{"message": "", "levelname": "INFO", "name": "Trainer", "asctime": "2026-04-15 23:15:17,356", "type": "train", "epoch": 3, "batch": 5359, "n_batches": 7774, "time": 2.186, "data_time": 0.001, "lr": 0.001, "loss": -24.529}
{"message": "", "levelname": "INFO", "name": "Trainer", "asctime": "2026-04-15 23:15:49,106", "type": "train", "epoch": 3, "batch": 5439, "n_batches": 7774, "time": 2.913, "data_time": 0.001, "lr": 0.001, "loss": -25.046}
{"message": "", "levelname": "INFO", "name": "Trainer", "asctime": "2026-04-15 23:16:15,447", "type": "train", "epoch": 3, "batch": 5519, "n_batches": 7774, "time": 3.252, "data_time": 0.001, "lr": 0.001, "loss": -24.905}
{"message": "", "levelname": "INFO", "name": "Trainer", "asctime": "2026-04-15 23:16:47,341", "type": "train", "epoch": 3, "batch": 5599, "n_batches": 7774, "time": 2.627, "data_time": 0.001, "lr": 0.001, "loss": -21.465}
{"message": "", "levelname": "INFO", "name": "Trainer", "asctime": "2026-04-15 23:17:16,343", "type": "train", "epoch": 3, "batch": 5679, "n_batches": 7774, "time": 3.621, "data_time": 0.001, "lr": 0.001, "loss": -20.582}
{"message": "", "levelname": "INFO", "name": "Trainer", "asctime": "2026-04-15 23:17:49,829", "type": "train", "epoch": 3, "batch": 5759, "n_batches": 7774, "time": 2.802, "data_time": 0.0, "lr": 0.001, "loss": -25.081}
{"message": "", "levelname": "INFO", "name": "Trainer", "asctime": "2026-04-15 23:18:23,091", "type": "train", "epoch": 3, "batch": 5839, "n_batches": 7774, "time": 3.5, "data_time": 0.001, "lr": 0.001, "loss": -30.274}
{"message": "", "levelname": "INFO", "name": "Trainer", "asctime": "2026-04-15 23:18:55,013", "type": "train", "epoch": 3, "batch": 5919, "n_batches": 7774, "time": 4.013, "data_time": 0.001, "lr": 0.001, "loss": -23.099}
{"message": "", "levelname": "INFO", "name": "Trainer", "asctime": "2026-04-15 23:19:26,831", "type": "train", "epoch": 3, "batch": 5999, "n_batches": 7774, "time": 2.482, "data_time": 0.001, "lr": 0.001, "loss": -28.797}
{"message": "", "levelname": "INFO", "name": "Trainer", "asctime": "2026-04-15 23:19:55,058", "type": "train", "epoch": 3, "batch": 6079, "n_batches": 7774, "time": 3.137, "data_time": 0.001, "lr": 0.001, "loss": -22.009}
{"message": "", "levelname": "INFO", "name": "Trainer", "asctime": "2026-04-15 23:20:26,180", "type": "train", "epoch": 3, "batch": 6159, "n_batches": 7774, "time": 2.78, "data_time": 0.001, "lr": 0.001, "loss": -15.04}
{"message": "", "levelname": "INFO", "name": "Trainer", "asctime": "2026-04-15 23:20:57,042", "type": "train", "epoch": 3, "batch": 6239, "n_batches": 7774, "time": 2.342, "data_time": 0.001, "lr": 0.001, "loss": -20.385}
{"message": "", "levelname": "INFO", "name": "Trainer", "asctime": "2026-04-15 23:21:23,937", "type": "train", "epoch": 3, "batch": 6319, "n_batches": 7774, "time": 2.412, "data_time": 0.001, "lr": 0.001, "loss": -28.364}
{"message": "", "levelname": "INFO", "name": "Trainer", "asctime": "2026-04-15 23:21:56,889", "type": "train", "epoch": 3, "batch": 6399, "n_batches": 7774, "time": 3.947, "data_time": 0.001, "lr": 0.001, "loss": -24.488}
{"message": "", "levelname": "INFO", "name": "Trainer", "asctime": "2026-04-15 23:22:26,798", "type": "train", "epoch": 3, "batch": 6479, "n_batches": 7774, "time": 3.751, "data_time": 0.001, "lr": 0.001, "loss": -27.016}
{"message": "", "levelname": "INFO", "name": "Trainer", "asctime": "2026-04-15 23:22:57,255", "type": "train", "epoch": 3, "batch": 6559, "n_batches": 7774, "time": 2.974, "data_time": 0.001, "lr": 0.001, "loss": -29.873}
{"message": "", "levelname": "INFO", "name": "Trainer", "asctime": "2026-04-15 23:23:28,518", "type": "train", "epoch": 3, "batch": 6639, "n_batches": 7774, "time": 2.956, "data_time": 0.001, "lr": 0.001, "loss": -24.402}
{"message": "", "levelname": "INFO", "name": "Trainer", "asctime": "2026-04-15 23:23:57,969", "type": "train", "epoch": 3, "batch": 6719, "n_batches": 7774, "time": 3.132, "data_time": 0.001, "lr": 0.001, "loss": -22.108}
{"message": "", "levelname": "INFO", "name": "Trainer", "asctime": "2026-04-15 23:24:31,936", "type": "train", "epoch": 3, "batch": 6799, "n_batches": 7774, "time": 4.339, "data_time": 0.001, "lr": 0.001, "loss": -21.596}
{"message": "", "levelname": "INFO", "name": "Trainer", "asctime": "2026-04-15 23:25:05,005", "type": "train", "epoch": 3, "batch": 6879, "n_batches": 7774, "time": 4.818, "data_time": 0.001, "lr": 0.001, "loss": -24.342}
{"message": "", "levelname": "INFO", "name": "Trainer", "asctime": "2026-04-15 23:25:37,291", "type": "train", "epoch": 3, "batch": 6959, "n_batches": 7774, "time": 2.959, "data_time": 0.0, "lr": 0.001, "loss": -26.875}
{"message": "", "levelname": "INFO", "name": "Trainer", "asctime": "2026-04-15 23:26:07,609", "type": "train", "epoch": 3, "batch": 7039, "n_batches": 7774, "time": 3.375, "data_time": 0.0, "lr": 0.001, "loss": -23.515}
{"message": "", "levelname": "INFO", "name": "Trainer", "asctime": "2026-04-15 23:26:36,130", "type": "train", "epoch": 3, "batch": 7119, "n_batches": 7774, "time": 3.691, "data_time": 0.0, "lr": 0.001, "loss": -22.383}
{"message": "", "levelname": "INFO", "name": "Trainer", "asctime": "2026-04-15 23:27:09,345", "type": "train", "epoch": 3, "batch": 7199, "n_batches": 7774, "time": 2.997, "data_time": 0.001, "lr": 0.001, "loss": -27.92}
{"message": "", "levelname": "INFO", "name": "Trainer", "asctime": "2026-04-15 23:27:40,276", "type": "train", "epoch": 3, "batch": 7279, "n_batches": 7774, "time": 2.817, "data_time": 0.0, "lr": 0.001, "loss": -26.772}
{"message": "", "levelname": "INFO", "name": "Trainer", "asctime": "2026-04-15 23:28:10,976", "type": "train", "epoch": 3, "batch": 7359, "n_batches": 7774, "time": 3.195, "data_time": 0.0, "lr": 0.001, "loss": -26.185}
{"message": "", "levelname": "INFO", "name": "Trainer", "asctime": "2026-04-15 23:28:37,739", "type": "train", "epoch": 3, "batch": 7439, "n_batches": 7774, "time": 2.885, "data_time": 0.001, "lr": 0.001, "loss": -22.423}
{"message": "", "levelname": "INFO", "name": "Trainer", "asctime": "2026-04-15 23:29:05,072", "type": "train", "epoch": 3, "batch": 7519, "n_batches": 7774, "time": 2.615, "data_time": 0.001, "lr": 0.001, "loss": -21.816}
{"message": "", "levelname": "INFO", "name": "Trainer", "asctime": "2026-04-15 23:29:35,060", "type": "train", "epoch": 3, "batch": 7599, "n_batches": 7774, "time": 3.354, "data_time": 0.003, "lr": 0.001, "loss": -26.039}
{"message": "", "levelname": "INFO", "name": "Trainer", "asctime": "2026-04-15 23:30:00,189", "type": "train", "epoch": 3, "batch": 7679, "n_batches": 7774, "time": 3.283, "data_time": 0.001, "lr": 0.001, "loss": -24.332}
{"message": "", "levelname": "INFO", "name": "Trainer", "asctime": "2026-04-15 23:30:29,699", "type": "train", "epoch": 3, "batch": 7759, "n_batches": 7774, "time": 4.083, "data_time": 0.001, "lr": 0.001, "loss": -18.61}
{"message": "", "levelname": "INFO", "name": "Trainer", "asctime": "2026-04-15 23:30:35,773", "type": "train-epoch", "epoch": 4, "loss": -3.05113, "time": 3214.6}
{"message": "", "levelname": "INFO", "name": "Trainer", "asctime": "2026-04-15 23:37:38,067", "type": "val-epoch", "epoch": 4, "loss": -1.071, "test_loss": -0.873, "time": 422.3}
{"message": "", "levelname": "INFO", "name": "Trainer", "asctime": "2026-04-15 23:38:02,754", "type": "train", "epoch": 4, "batch": 79, "n_batches": 7774, "time": 2.662, "data_time": 0.001, "lr": 0.001, "loss": -26.613}
{"message": "", "levelname": "INFO", "name": "Trainer", "asctime": "2026-04-15 23:38:28,492", "type": "train", "epoch": 4, "batch": 159, "n_batches": 7774, "time": 3.244, "data_time": 0.001, "lr": 0.001, "loss": -30.994}
{"message": "", "levelname": "INFO", "name": "Trainer", "asctime": "2026-04-15 23:39:00,040", "type": "train", "epoch": 4, "batch": 239, "n_batches": 7774, "time": 3.395, "data_time": 0.001, "lr": 0.001, "loss": -26.646}
{"message": "", "levelname": "INFO", "name": "Trainer", "asctime": "2026-04-15 23:39:28,991", "type": "train", "epoch": 4, "batch": 319, "n_batches": 7774, "time": 4.255, "data_time": 0.001, "lr": 0.001, "loss": -26.825}
{"message": "", "levelname": "INFO", "name": "Trainer", "asctime": "2026-04-15 23:40:00,907", "type": "train", "epoch": 4, "batch": 399, "n_batches": 7774, "time": 2.783, "data_time": 0.001, "lr": 0.001, "loss": -28.626}
{"message": "", "levelname": "INFO", "name": "Trainer", "asctime": "2026-04-15 23:40:27,350", "type": "train", "epoch": 4, "batch": 479, "n_batches": 7774, "time": 2.405, "data_time": 0.001, "lr": 0.001, "loss": -28.405}
{"message": "", "levelname": "INFO", "name": "Trainer", "asctime": "2026-04-15 23:40:54,150", "type": "train", "epoch": 4, "batch": 559, "n_batches": 7774, "time": 2.92, "data_time": 0.001, "lr": 0.001, "loss": -19.019}
{"message": "", "levelname": "INFO", "name": "Trainer", "asctime": "2026-04-15 23:41:25,464", "type": "train", "epoch": 4, "batch": 639, "n_batches": 7774, "time": 3.915, "data_time": 0.001, "lr": 0.001, "loss": -25.422}
{"message": "", "levelname": "INFO", "name": "Trainer", "asctime": "2026-04-15 23:41:59,408", "type": "train", "epoch": 4, "batch": 719, "n_batches": 7774, "time": 3.913, "data_time": 0.001, "lr": 0.001, "loss": -23.201}
{"message": "", "levelname": "INFO", "name": "Trainer", "asctime": "2026-04-15 23:42:31,364", "type": "train", "epoch": 4, "batch": 799, "n_batches": 7774, "time": 4.201, "data_time": 0.001, "lr": 0.001, "loss": -30.584}
{"message": "", "levelname": "INFO", "name": "Trainer", "asctime": "2026-04-15 23:43:04,581", "type": "train", "epoch": 4, "batch": 879, "n_batches": 7774, "time": 3.146, "data_time": 0.001, "lr": 0.001, "loss": -21.857}
{"message": "", "levelname": "INFO", "name": "Trainer", "asctime": "2026-04-15 23:43:35,514", "type": "train", "epoch": 4, "batch": 959, "n_batches": 7774, "time": 2.616, "data_time": 0.001, "lr": 0.001, "loss": -30.826}
{"message": "", "levelname": "INFO", "name": "Trainer", "asctime": "2026-04-15 23:44:02,819", "type": "train", "epoch": 4, "batch": 1039, "n_batches": 7774, "time": 1.85, "data_time": 0.001, "lr": 0.001, "loss": -27.602}
{"message": "", "levelname": "INFO", "name": "Trainer", "asctime": "2026-04-15 23:44:32,119", "type": "train", "epoch": 4, "batch": 1119, "n_batches": 7774, "time": 3.038, "data_time": 0.001, "lr": 0.001, "loss": -22.195}
{"message": "", "levelname": "INFO", "name": "Trainer", "asctime": "2026-04-15 23:45:02,934", "type": "train", "epoch": 4, "batch": 1199, "n_batches": 7774, "time": 2.675, "data_time": 0.001, "lr": 0.001, "loss": -24.506}
{"message": "", "levelname": "INFO", "name": "Trainer", "asctime": "2026-04-15 23:45:30,653", "type": "train", "epoch": 4, "batch": 1279, "n_batches": 7774, "time": 2.636, "data_time": 0.001, "lr": 0.001, "loss": -28.672}
{"message": "", "levelname": "INFO", "name": "Trainer", "asctime": "2026-04-15 23:46:03,498", "type": "train", "epoch": 4, "batch": 1359, "n_batches": 7774, "time": 3.458, "data_time": 0.001, "lr": 0.001, "loss": -26.691}
{"message": "", "levelname": "INFO", "name": "Trainer", "asctime": "2026-04-15 23:46:30,365", "type": "train", "epoch": 4, "batch": 1439, "n_batches": 7774, "time": 3.149, "data_time": 0.001, "lr": 0.001, "loss": -23.115}
{"message": "", "levelname": "INFO", "name": "Trainer", "asctime": "2026-04-15 23:47:00,432", "type": "train", "epoch": 4, "batch": 1519, "n_batches": 7774, "time": 3.206, "data_time": 0.001, "lr": 0.001, "loss": -26.867}
{"message": "", "levelname": "INFO", "name": "Trainer", "asctime": "2026-04-15 23:47:29,628", "type": "train", "epoch": 4, "batch": 1599, "n_batches": 7774, "time": 3.616, "data_time": 0.001, "lr": 0.001, "loss": -23.649}
{"message": "", "levelname": "INFO", "name": "Trainer", "asctime": "2026-04-15 23:47:57,204", "type": "train", "epoch": 4, "batch": 1679, "n_batches": 7774, "time": 2.706, "data_time": 0.001, "lr": 0.001, "loss": -25.311}
{"message": "", "levelname": "INFO", "name": "Trainer", "asctime": "2026-04-15 23:48:25,442", "type": "train", "epoch": 4, "batch": 1759, "n_batches": 7774, "time": 1.807, "data_time": 0.001, "lr": 0.001, "loss": -23.456}
{"message": "", "levelname": "INFO", "name": "Trainer", "asctime": "2026-04-15 23:48:51,438", "type": "train", "epoch": 4, "batch": 1839, "n_batches": 7774, "time": 1.964, "data_time": 0.001, "lr": 0.001, "loss": -30.479}
{"message": "", "levelname": "INFO", "name": "Trainer", "asctime": "2026-04-15 23:49:20,935", "type": "train", "epoch": 4, "batch": 1919, "n_batches": 7774, "time": 3.291, "data_time": 0.001, "lr": 0.001, "loss": -20.452}
{"message": "", "levelname": "INFO", "name": "Trainer", "asctime": "2026-04-15 23:49:53,255", "type": "train", "epoch": 4, "batch": 1999, "n_batches": 7774, "time": 2.923, "data_time": 0.001, "lr": 0.001, "loss": -25.338}
{"message": "", "levelname": "INFO", "name": "Trainer", "asctime": "2026-04-15 23:50:21,961", "type": "train", "epoch": 4, "batch": 2079, "n_batches": 7774, "time": 3.018, "data_time": 0.001, "lr": 0.001, "loss": -31.029}
{"message": "", "levelname": "INFO", "name": "Trainer", "asctime": "2026-04-15 23:50:52,143", "type": "train", "epoch": 4, "batch": 2159, "n_batches": 7774, "time": 2.421, "data_time": 0.0, "lr": 0.001, "loss": -27.95}
{"message": "", "levelname": "INFO", "name": "Trainer", "asctime": "2026-04-15 23:51:24,558", "type": "train", "epoch": 4, "batch": 2239, "n_batches": 7774, "time": 2.993, "data_time": 0.001, "lr": 0.001, "loss": -28.29}
{"message": "", "levelname": "INFO", "name": "Trainer", "asctime": "2026-04-15 23:51:56,740", "type": "train", "epoch": 4, "batch": 2319, "n_batches": 7774, "time": 3.024, "data_time": 0.001, "lr": 0.001, "loss": -31.987}
{"message": "", "levelname": "INFO", "name": "Trainer", "asctime": "2026-04-15 23:52:23,448", "type": "train", "epoch": 4, "batch": 2399, "n_batches": 7774, "time": 2.232, "data_time": 0.0, "lr": 0.001, "loss": -31.183}
{"message": "", "levelname": "INFO", "name": "Trainer", "asctime": "2026-04-15 23:52:55,036", "type": "train", "epoch": 4, "batch": 2479, "n_batches": 7774, "time": 2.356, "data_time": 0.001, "lr": 0.001, "loss": -24.801}
{"message": "", "levelname": "INFO", "name": "Trainer", "asctime": "2026-04-15 23:53:22,006", "type": "train", "epoch": 4, "batch": 2559, "n_batches": 7774, "time": 2.666, "data_time": 0.001, "lr": 0.001, "loss": -28.817}
{"message": "", "levelname": "INFO", "name": "Trainer", "asctime": "2026-04-15 23:53:49,886", "type": "train", "epoch": 4, "batch": 2639, "n_batches": 7774, "time": 2.977, "data_time": 0.0, "lr": 0.001, "loss": -30.025}
{"message": "", "levelname": "INFO", "name": "Trainer", "asctime": "2026-04-15 23:54:26,379", "type": "train", "epoch": 4, "batch": 2719, "n_batches": 7774, "time": 2.579, "data_time": 0.001, "lr": 0.001, "loss": -25.527}
{"message": "", "levelname": "INFO", "name": "Trainer", "asctime": "2026-04-15 23:54:57,225", "type": "train", "epoch": 4, "batch": 2799, "n_batches": 7774, "time": 2.239, "data_time": 0.001, "lr": 0.001, "loss": -25.828}
{"message": "", "levelname": "INFO", "name": "Trainer", "asctime": "2026-04-15 23:55:24,276", "type": "train", "epoch": 4, "batch": 2879, "n_batches": 7774, "time": 2.194, "data_time": 0.001, "lr": 0.001, "loss": -34.113}
{"message": "", "levelname": "INFO", "name": "Trainer", "asctime": "2026-04-15 23:55:57,011", "type": "train", "epoch": 4, "batch": 2959, "n_batches": 7774, "time": 3.062, "data_time": 0.001, "lr": 0.001, "loss": -29.454}
{"message": "", "levelname": "INFO", "name": "Trainer", "asctime": "2026-04-15 23:56:24,829", "type": "train", "epoch": 4, "batch": 3039, "n_batches": 7774, "time": 2.964, "data_time": 0.001, "lr": 0.001, "loss": -28.144}
{"message": "", "levelname": "INFO", "name": "Trainer", "asctime": "2026-04-15 23:56:52,899", "type": "train", "epoch": 4, "batch": 3119, "n_batches": 7774, "time": 2.616, "data_time": 0.001, "lr": 0.001, "loss": -26.681}
{"message": "", "levelname": "INFO", "name": "Trainer", "asctime": "2026-04-15 23:57:24,122", "type": "train", "epoch": 4, "batch": 3199, "n_batches": 7774, "time": 3.15, "data_time": 0.001, "lr": 0.001, "loss": -28.708}
{"message": "", "levelname": "INFO", "name": "Trainer", "asctime": "2026-04-15 23:57:54,930", "type": "train", "epoch": 4, "batch": 3279, "n_batches": 7774, "time": 3.209, "data_time": 0.001, "lr": 0.001, "loss": -19.819}
{"message": "", "levelname": "INFO", "name": "Trainer", "asctime": "2026-04-15 23:58:25,536", "type": "train", "epoch": 4, "batch": 3359, "n_batches": 7774, "time": 2.277, "data_time": 0.001, "lr": 0.001, "loss": -27.675}
{"message": "", "levelname": "INFO", "name": "Trainer", "asctime": "2026-04-15 23:58:57,115", "type": "train", "epoch": 4, "batch": 3439, "n_batches": 7774, "time": 3.119, "data_time": 0.001, "lr": 0.001, "loss": -31.561}
{"message": "", "levelname": "INFO", "name": "Trainer", "asctime": "2026-04-15 23:59:31,615", "type": "train", "epoch": 4, "batch": 3519, "n_batches": 7774, "time": 3.132, "data_time": 0.001, "lr": 0.001, "loss": -28.454}
{"message": "", "levelname": "INFO", "name": "Trainer", "asctime": "2026-04-15 23:59:58,966", "type": "train", "epoch": 4, "batch": 3599, "n_batches": 7774, "time": 2.568, "data_time": 0.0, "lr": 0.001, "loss": -29.748}
{"message": "", "levelname": "INFO", "name": "Trainer", "asctime": "2026-04-16 00:00:30,209", "type": "train", "epoch": 4, "batch": 3679, "n_batches": 7774, "time": 1.95, "data_time": 0.002, "lr": 0.001, "loss": -25.235}
{"message": "", "levelname": "INFO", "name": "Trainer", "asctime": "2026-04-16 00:00:58,210", "type": "train", "epoch": 4, "batch": 3759, "n_batches": 7774, "time": 2.512, "data_time": 0.001, "lr": 0.001, "loss": -27.058}
{"message": "", "levelname": "INFO", "name": "Trainer", "asctime": "2026-04-16 00:01:23,264", "type": "train", "epoch": 4, "batch": 3839, "n_batches": 7774, "time": 2.59, "data_time": 0.001, "lr": 0.001, "loss": -22.153}
{"message": "", "levelname": "INFO", "name": "Trainer", "asctime": "2026-04-16 00:01:47,495", "type": "train", "epoch": 4, "batch": 3919, "n_batches": 7774, "time": 1.891, "data_time": 0.001, "lr": 0.001, "loss": -26.264}
{"message": "", "levelname": "INFO", "name": "Trainer", "asctime": "2026-04-16 00:02:18,327", "type": "train", "epoch": 4, "batch": 3999, "n_batches": 7774, "time": 3.173, "data_time": 0.002, "lr": 0.001, "loss": -29.924}
{"message": "", "levelname": "INFO", "name": "Trainer", "asctime": "2026-04-16 00:02:48,922", "type": "train", "epoch": 4, "batch": 4079, "n_batches": 7774, "time": 3.948, "data_time": 0.001, "lr": 0.001, "loss": -29.006}
{"message": "", "levelname": "INFO", "name": "Trainer", "asctime": "2026-04-16 00:03:21,278", "type": "train", "epoch": 4, "batch": 4159, "n_batches": 7774, "time": 2.906, "data_time": 0.001, "lr": 0.001, "loss": -29.438}
{"message": "", "levelname": "INFO", "name": "Trainer", "asctime": "2026-04-16 00:03:51,207", "type": "train", "epoch": 4, "batch": 4239, "n_batches": 7774, "time": 3.125, "data_time": 0.001, "lr": 0.001, "loss": -32.125}
{"message": "", "levelname": "INFO", "name": "Trainer", "asctime": "2026-04-16 00:04:21,394", "type": "train", "epoch": 4, "batch": 4319, "n_batches": 7774, "time": 1.828, "data_time": 0.001, "lr": 0.001, "loss": -30.806}
{"message": "", "levelname": "INFO", "name": "Trainer", "asctime": "2026-04-16 00:04:51,205", "type": "train", "epoch": 4, "batch": 4399, "n_batches": 7774, "time": 4.57, "data_time": 0.001, "lr": 0.001, "loss": -21.162}
{"message": "", "levelname": "INFO", "name": "Trainer", "asctime": "2026-04-16 00:05:24,473", "type": "train", "epoch": 4, "batch": 4479, "n_batches": 7774, "time": 3.0, "data_time": 0.001, "lr": 0.001, "loss": -22.317}
{"message": "", "levelname": "INFO", "name": "Trainer", "asctime": "2026-04-16 00:05:52,145", "type": "train", "epoch": 4, "batch": 4559, "n_batches": 7774, "time": 2.955, "data_time": 0.001, "lr": 0.001, "loss": -29.013}
{"message": "", "levelname": "INFO", "name": "Trainer", "asctime": "2026-04-16 00:06:23,974", "type": "train", "epoch": 4, "batch": 4639, "n_batches": 7774, "time": 4.757, "data_time": 0.003, "lr": 0.001, "loss": -28.48}
{"message": "", "levelname": "INFO", "name": "Trainer", "asctime": "2026-04-16 00:06:50,835", "type": "train", "epoch": 4, "batch": 4719, "n_batches": 7774, "time": 2.295, "data_time": 0.001, "lr": 0.001, "loss": -25.955}
{"message": "", "levelname": "INFO", "name": "Trainer", "asctime": "2026-04-16 00:07:13,575", "type": "train", "epoch": 4, "batch": 4799, "n_batches": 7774, "time": 1.732, "data_time": 0.0, "lr": 0.001, "loss": -25.436}
{"message": "", "levelname": "INFO", "name": "Trainer", "asctime": "2026-04-16 00:07:47,021", "type": "train", "epoch": 4, "batch": 4879, "n_batches": 7774, "time": 3.046, "data_time": 0.001, "lr": 0.001, "loss": -25.523}
{"message": "", "levelname": "INFO", "name": "Trainer", "asctime": "2026-04-16 00:08:19,158", "type": "train", "epoch": 4, "batch": 4959, "n_batches": 7774, "time": 3.027, "data_time": 0.001, "lr": 0.001, "loss": -25.152}
{"message": "", "levelname": "INFO", "name": "Trainer", "asctime": "2026-04-16 00:08:48,619", "type": "train", "epoch": 4, "batch": 5039, "n_batches": 7774, "time": 2.993, "data_time": 0.001, "lr": 0.001, "loss": -30.003}
{"message": "", "levelname": "INFO", "name": "Trainer", "asctime": "2026-04-16 00:09:16,554", "type": "train", "epoch": 4, "batch": 5119, "n_batches": 7774, "time": 3.242, "data_time": 0.0, "lr": 0.001, "loss": -33.959}
{"message": "", "levelname": "INFO", "name": "Trainer", "asctime": "2026-04-16 00:09:48,580", "type": "train", "epoch": 4, "batch": 5199, "n_batches": 7774, "time": 3.897, "data_time": 0.001, "lr": 0.001, "loss": -26.801}
{"message": "", "levelname": "INFO", "name": "Trainer", "asctime": "2026-04-16 00:10:19,762", "type": "train", "epoch": 4, "batch": 5279, "n_batches": 7774, "time": 2.573, "data_time": 0.001, "lr": 0.001, "loss": -34.176}
{"message": "", "levelname": "INFO", "name": "Trainer", "asctime": "2026-04-16 00:10:49,653", "type": "train", "epoch": 4, "batch": 5359, "n_batches": 7774, "time": 2.749, "data_time": 0.004, "lr": 0.001, "loss": -32.011}
{"message": "", "levelname": "INFO", "name": "Trainer", "asctime": "2026-04-16 00:11:22,352", "type": "train", "epoch": 4, "batch": 5439, "n_batches": 7774, "time": 2.96, "data_time": 0.001, "lr": 0.001, "loss": -27.226}
{"message": "", "levelname": "INFO", "name": "Trainer", "asctime": "2026-04-16 00:11:50,855", "type": "train", "epoch": 4, "batch": 5519, "n_batches": 7774, "time": 4.338, "data_time": 0.001, "lr": 0.001, "loss": -29.184}
{"message": "", "levelname": "INFO", "name": "Trainer", "asctime": "2026-04-16 00:12:21,479", "type": "train", "epoch": 4, "batch": 5599, "n_batches": 7774, "time": 2.484, "data_time": 0.001, "lr": 0.001, "loss": -28.501}
{"message": "", "levelname": "INFO", "name": "Trainer", "asctime": "2026-04-16 00:12:55,740", "type": "train", "epoch": 4, "batch": 5679, "n_batches": 7774, "time": 2.129, "data_time": 0.001, "lr": 0.001, "loss": -25.911}
{"message": "", "levelname": "INFO", "name": "Trainer", "asctime": "2026-04-16 00:13:30,830", "type": "train", "epoch": 4, "batch": 5759, "n_batches": 7774, "time": 3.149, "data_time": 0.001, "lr": 0.001, "loss": -32.543}
{"message": "", "levelname": "INFO", "name": "Trainer", "asctime": "2026-04-16 00:14:00,177", "type": "train", "epoch": 4, "batch": 5839, "n_batches": 7774, "time": 2.251, "data_time": 0.0, "lr": 0.001, "loss": -31.15}
{"message": "", "levelname": "INFO", "name": "Trainer", "asctime": "2026-04-16 00:14:28,300", "type": "train", "epoch": 4, "batch": 5919, "n_batches": 7774, "time": 3.228, "data_time": 0.001, "lr": 0.001, "loss": -27.668}
{"message": "", "levelname": "INFO", "name": "Trainer", "asctime": "2026-04-16 00:14:55,901", "type": "train", "epoch": 4, "batch": 5999, "n_batches": 7774, "time": 3.14, "data_time": 0.001, "lr": 0.001, "loss": -29.238}
{"message": "", "levelname": "INFO", "name": "Trainer", "asctime": "2026-04-16 00:15:20,443", "type": "train", "epoch": 4, "batch": 6079, "n_batches": 7774, "time": 2.415, "data_time": 0.001, "lr": 0.001, "loss": -28.582}
{"message": "", "levelname": "INFO", "name": "Trainer", "asctime": "2026-04-16 00:15:51,530", "type": "train", "epoch": 4, "batch": 6159, "n_batches": 7774, "time": 4.465, "data_time": 0.001, "lr": 0.001, "loss": -27.401}
{"message": "", "levelname": "INFO", "name": "Trainer", "asctime": "2026-04-16 00:16:24,471", "type": "train", "epoch": 4, "batch": 6239, "n_batches": 7774, "time": 2.22, "data_time": 0.001, "lr": 0.001, "loss": -29.325}
{"message": "", "levelname": "INFO", "name": "Trainer", "asctime": "2026-04-16 00:16:56,307", "type": "train", "epoch": 4, "batch": 6319, "n_batches": 7774, "time": 4.825, "data_time": 0.001, "lr": 0.001, "loss": -25.515}
{"message": "", "levelname": "INFO", "name": "Trainer", "asctime": "2026-04-16 00:17:26,627", "type": "train", "epoch": 4, "batch": 6399, "n_batches": 7774, "time": 3.493, "data_time": 0.001, "lr": 0.001, "loss": -29.876}
{"message": "", "levelname": "INFO", "name": "Trainer", "asctime": "2026-04-16 00:17:58,735", "type": "train", "epoch": 4, "batch": 6479, "n_batches": 7774, "time": 4.114, "data_time": 0.001, "lr": 0.001, "loss": -26.324}
{"message": "", "levelname": "INFO", "name": "Trainer", "asctime": "2026-04-16 00:18:28,760", "type": "train", "epoch": 4, "batch": 6559, "n_batches": 7774, "time": 2.443, "data_time": 0.001, "lr": 0.001, "loss": -24.388}
{"message": "", "levelname": "INFO", "name": "Trainer", "asctime": "2026-04-16 00:18:55,705", "type": "train", "epoch": 4, "batch": 6639, "n_batches": 7774, "time": 2.458, "data_time": 0.001, "lr": 0.001, "loss": -27.78}
{"message": "", "levelname": "INFO", "name": "Trainer", "asctime": "2026-04-16 00:19:21,366", "type": "train", "epoch": 4, "batch": 6719, "n_batches": 7774, "time": 2.847, "data_time": 0.001, "lr": 0.001, "loss": -25.98}
{"message": "", "levelname": "INFO", "name": "Trainer", "asctime": "2026-04-16 00:19:53,425", "type": "train", "epoch": 4, "batch": 6799, "n_batches": 7774, "time": 5.321, "data_time": 0.001, "lr": 0.001, "loss": -25.939}
{"message": "", "levelname": "INFO", "name": "Trainer", "asctime": "2026-04-16 00:20:24,212", "type": "train", "epoch": 4, "batch": 6879, "n_batches": 7774, "time": 2.053, "data_time": 0.001, "lr": 0.001, "loss": -31.009}
{"message": "", "levelname": "INFO", "name": "Trainer", "asctime": "2026-04-16 00:20:50,642", "type": "train", "epoch": 4, "batch": 6959, "n_batches": 7774, "time": 2.69, "data_time": 0.001, "lr": 0.001, "loss": -29.062}
{"message": "", "levelname": "INFO", "name": "Trainer", "asctime": "2026-04-16 00:21:20,480", "type": "train", "epoch": 4, "batch": 7039, "n_batches": 7774, "time": 2.51, "data_time": 0.004, "lr": 0.001, "loss": -26.339}
{"message": "", "levelname": "INFO", "name": "Trainer", "asctime": "2026-04-16 00:21:50,184", "type": "train", "epoch": 4, "batch": 7119, "n_batches": 7774, "time": 2.948, "data_time": 0.001, "lr": 0.001, "loss": -19.138}
{"message": "", "levelname": "INFO", "name": "Trainer", "asctime": "2026-04-16 00:22:23,747", "type": "train", "epoch": 4, "batch": 7199, "n_batches": 7774, "time": 4.017, "data_time": 0.001, "lr": 0.001, "loss": -25.965}
{"message": "", "levelname": "INFO", "name": "Trainer", "asctime": "2026-04-16 00:22:49,438", "type": "train", "epoch": 4, "batch": 7279, "n_batches": 7774, "time": 2.102, "data_time": 0.001, "lr": 0.001, "loss": -32.285}
{"message": "", "levelname": "INFO", "name": "Trainer", "asctime": "2026-04-16 00:23:22,728", "type": "train", "epoch": 4, "batch": 7359, "n_batches": 7774, "time": 2.972, "data_time": 0.001, "lr": 0.001, "loss": -32.2}
{"message": "", "levelname": "INFO", "name": "Trainer", "asctime": "2026-04-16 00:23:53,949", "type": "train", "epoch": 4, "batch": 7439, "n_batches": 7774, "time": 3.464, "data_time": 0.0, "lr": 0.001, "loss": -23.825}
{"message": "", "levelname": "INFO", "name": "Trainer", "asctime": "2026-04-16 00:24:26,998", "type": "train", "epoch": 4, "batch": 7519, "n_batches": 7774, "time": 3.081, "data_time": 0.002, "lr": 0.001, "loss": -30.039}
{"message": "", "levelname": "INFO", "name": "Trainer", "asctime": "2026-04-16 00:24:57,053", "type": "train", "epoch": 4, "batch": 7599, "n_batches": 7774, "time": 4.143, "data_time": 0.0, "lr": 0.001, "loss": -27.247}
{"message": "", "levelname": "INFO", "name": "Trainer", "asctime": "2026-04-16 00:25:26,718", "type": "train", "epoch": 4, "batch": 7679, "n_batches": 7774, "time": 3.172, "data_time": 0.001, "lr": 0.001, "loss": -26.973}
{"message": "", "levelname": "INFO", "name": "Trainer", "asctime": "2026-04-16 00:25:56,809", "type": "train", "epoch": 4, "batch": 7759, "n_batches": 7774, "time": 2.357, "data_time": 0.001, "lr": 0.001, "loss": -25.998}
{"message": "", "levelname": "INFO", "name": "Trainer", "asctime": "2026-04-16 00:26:01,943", "type": "train-epoch", "epoch": 5, "loss": -3.39263, "time": 2903.9}
{"message": "", "levelname": "INFO", "name": "Trainer", "asctime": "2026-04-16 00:32:38,735", "type": "val-epoch", "epoch": 5, "loss": -0.64, "test_loss": -0.44, "time": 396.8}
{"message": "", "levelname": "INFO", "name": "Trainer", "asctime": "2026-04-16 00:33:08,173", "type": "train", "epoch": 5, "batch": 79, "n_batches": 7774, "time": 2.466, "data_time": 0.001, "lr": 0.001, "loss": -31.571}
{"message": "", "levelname": "INFO", "name": "Trainer", "asctime": "2026-04-16 00:33:39,513", "type": "train", "epoch": 5, "batch": 159, "n_batches": 7774, "time": 2.917, "data_time": 0.001, "lr": 0.001, "loss": -23.054}
{"message": "", "levelname": "INFO", "name": "Trainer", "asctime": "2026-04-16 00:34:13,215", "type": "train", "epoch": 5, "batch": 239, "n_batches": 7774, "time": 3.511, "data_time": 0.001, "lr": 0.001, "loss": -25.172}
{"message": "", "levelname": "INFO", "name": "Trainer", "asctime": "2026-04-16 00:34:43,150", "type": "train", "epoch": 5, "batch": 319, "n_batches": 7774, "time": 4.274, "data_time": 0.0, "lr": 0.001, "loss": -20.625}
{"message": "", "levelname": "INFO", "name": "Trainer", "asctime": "2026-04-16 00:35:15,858", "type": "train", "epoch": 5, "batch": 399, "n_batches": 7774, "time": 4.005, "data_time": 0.001, "lr": 0.001, "loss": -29.837}
{"message": "", "levelname": "INFO", "name": "Trainer", "asctime": "2026-04-16 00:35:45,349", "type": "train", "epoch": 5, "batch": 479, "n_batches": 7774, "time": 3.182, "data_time": 0.001, "lr": 0.001, "loss": -34.016}
{"message": "", "levelname": "INFO", "name": "Trainer", "asctime": "2026-04-16 00:36:14,117", "type": "train", "epoch": 5, "batch": 559, "n_batches": 7774, "time": 2.776, "data_time": 0.001, "lr": 0.001, "loss": -24.442}
{"message": "", "levelname": "INFO", "name": "Trainer", "asctime": "2026-04-16 00:36:42,363", "type": "train", "epoch": 5, "batch": 639, "n_batches": 7774, "time": 3.799, "data_time": 0.001, "lr": 0.001, "loss": -25.138}
{"message": "", "levelname": "INFO", "name": "Trainer", "asctime": "2026-04-16 00:37:11,180", "type": "train", "epoch": 5, "batch": 719, "n_batches": 7774, "time": 2.984, "data_time": 0.001, "lr": 0.001, "loss": -31.044}
{"message": "", "levelname": "INFO", "name": "Trainer", "asctime": "2026-04-16 00:37:41,656", "type": "train", "epoch": 5, "batch": 799, "n_batches": 7774, "time": 3.425, "data_time": 0.0, "lr": 0.001, "loss": -29.402}
{"message": "", "levelname": "INFO", "name": "Trainer", "asctime": "2026-04-16 00:38:11,877", "type": "train", "epoch": 5, "batch": 879, "n_batches": 7774, "time": 3.147, "data_time": 0.001, "lr": 0.001, "loss": -29.284}
{"message": "", "levelname": "INFO", "name": "Trainer", "asctime": "2026-04-16 00:38:44,785", "type": "train", "epoch": 5, "batch": 959, "n_batches": 7774, "time": 2.901, "data_time": 0.004, "lr": 0.001, "loss": -35.274}
{"message": "", "levelname": "INFO", "name": "Trainer", "asctime": "2026-04-16 00:39:17,109", "type": "train", "epoch": 5, "batch": 1039, "n_batches": 7774, "time": 4.079, "data_time": 0.001, "lr": 0.001, "loss": -23.07}
{"message": "", "levelname": "INFO", "name": "Trainer", "asctime": "2026-04-16 00:39:51,465", "type": "train", "epoch": 5, "batch": 1119, "n_batches": 7774, "time": 4.022, "data_time": 0.001, "lr": 0.001, "loss": -31.655}
{"message": "", "levelname": "INFO", "name": "Trainer", "asctime": "2026-04-16 00:40:24,488", "type": "train", "epoch": 5, "batch": 1199, "n_batches": 7774, "time": 2.783, "data_time": 0.001, "lr": 0.001, "loss": -28.791}
{"message": "", "levelname": "INFO", "name": "Trainer", "asctime": "2026-04-16 00:40:53,281", "type": "train", "epoch": 5, "batch": 1279, "n_batches": 7774, "time": 2.199, "data_time": 0.001, "lr": 0.001, "loss": -28.78}
{"message": "", "levelname": "INFO", "name": "Trainer", "asctime": "2026-04-16 00:41:19,307", "type": "train", "epoch": 5, "batch": 1359, "n_batches": 7774, "time": 2.809, "data_time": 0.0, "lr": 0.001, "loss": -31.684}
{"message": "", "levelname": "INFO", "name": "Trainer", "asctime": "2026-04-16 00:41:49,397", "type": "train", "epoch": 5, "batch": 1439, "n_batches": 7774, "time": 2.602, "data_time": 0.0, "lr": 0.001, "loss": -29.993}
{"message": "", "levelname": "INFO", "name": "Trainer", "asctime": "2026-04-16 00:42:14,858", "type": "train", "epoch": 5, "batch": 1519, "n_batches": 7774, "time": 2.009, "data_time": 0.001, "lr": 0.001, "loss": -24.824}
{"message": "", "levelname": "INFO", "name": "Trainer", "asctime": "2026-04-16 00:42:47,586", "type": "train", "epoch": 5, "batch": 1599, "n_batches": 7774, "time": 2.896, "data_time": 0.001, "lr": 0.001, "loss": -35.353}
{"message": "", "levelname": "INFO", "name": "Trainer", "asctime": "2026-04-16 00:43:15,700", "type": "train", "epoch": 5, "batch": 1679, "n_batches": 7774, "time": 2.305, "data_time": 0.001, "lr": 0.001, "loss": -32.666}
{"message": "", "levelname": "INFO", "name": "Trainer", "asctime": "2026-04-16 00:43:46,151", "type": "train", "epoch": 5, "batch": 1759, "n_batches": 7774, "time": 2.259, "data_time": 0.0, "lr": 0.001, "loss": -27.553}
{"message": "", "levelname": "INFO", "name": "Trainer", "asctime": "2026-04-16 00:44:15,149", "type": "train", "epoch": 5, "batch": 1839, "n_batches": 7774, "time": 3.005, "data_time": 0.004, "lr": 0.001, "loss": -24.536}
{"message": "", "levelname": "INFO", "name": "Trainer", "asctime": "2026-04-16 00:44:47,986", "type": "train", "epoch": 5, "batch": 1919, "n_batches": 7774, "time": 3.81, "data_time": 0.001, "lr": 0.001, "loss": -32.015}
{"message": "", "levelname": "INFO", "name": "Trainer", "asctime": "2026-04-16 00:45:20,742", "type": "train", "epoch": 5, "batch": 1999, "n_batches": 7774, "time": 2.633, "data_time": 0.001, "lr": 0.001, "loss": -27.756}
{"message": "", "levelname": "INFO", "name": "Trainer", "asctime": "2026-04-16 00:45:53,985", "type": "train", "epoch": 5, "batch": 2079, "n_batches": 7774, "time": 3.41, "data_time": 0.001, "lr": 0.001, "loss": -30.624}
{"message": "", "levelname": "INFO", "name": "Trainer", "asctime": "2026-04-16 00:46:22,616", "type": "train", "epoch": 5, "batch": 2159, "n_batches": 7774, "time": 2.515, "data_time": 0.001, "lr": 0.001, "loss": -26.948}
{"message": "", "levelname": "INFO", "name": "Trainer", "asctime": "2026-04-16 00:46:52,652", "type": "train", "epoch": 5, "batch": 2239, "n_batches": 7774, "time": 3.513, "data_time": 0.001, "lr": 0.001, "loss": -33.143}
{"message": "", "levelname": "INFO", "name": "Trainer", "asctime": "2026-04-16 00:47:24,391", "type": "train", "epoch": 5, "batch": 2319, "n_batches": 7774, "time": 2.865, "data_time": 0.001, "lr": 0.001, "loss": -31.27}
{"message": "", "levelname": "INFO", "name": "Trainer", "asctime": "2026-04-16 00:47:57,997", "type": "train", "epoch": 5, "batch": 2399, "n_batches": 7774, "time": 3.459, "data_time": 0.001, "lr": 0.001, "loss": -33.056}
{"message": "", "levelname": "INFO", "name": "Trainer", "asctime": "2026-04-16 00:48:29,121", "type": "train", "epoch": 5, "batch": 2479, "n_batches": 7774, "time": 2.65, "data_time": 0.001, "lr": 0.001, "loss": -30.11}
{"message": "", "levelname": "INFO", "name": "Trainer", "asctime": "2026-04-16 00:48:55,783", "type": "train", "epoch": 5, "batch": 2559, "n_batches": 7774, "time": 3.505, "data_time": 0.001, "lr": 0.001, "loss": -32.157}
{"message": "", "levelname": "INFO", "name": "Trainer", "asctime": "2026-04-16 00:49:26,163", "type": "train", "epoch": 5, "batch": 2639, "n_batches": 7774, "time": 2.897, "data_time": 0.001, "lr": 0.001, "loss": -33.755}
{"message": "", "levelname": "INFO", "name": "Trainer", "asctime": "2026-04-16 00:49:56,388", "type": "train", "epoch": 5, "batch": 2719, "n_batches": 7774, "time": 3.16, "data_time": 0.001, "lr": 0.001, "loss": -29.541}
{"message": "", "levelname": "INFO", "name": "Trainer", "asctime": "2026-04-16 00:50:25,254", "type": "train", "epoch": 5, "batch": 2799, "n_batches": 7774, "time": 3.559, "data_time": 0.001, "lr": 0.001, "loss": -30.701}
{"message": "", "levelname": "INFO", "name": "Trainer", "asctime": "2026-04-16 00:50:55,608", "type": "train", "epoch": 5, "batch": 2879, "n_batches": 7774, "time": 1.871, "data_time": 0.001, "lr": 0.001, "loss": -27.007}
{"message": "", "levelname": "INFO", "name": "Trainer", "asctime": "2026-04-16 00:51:24,117", "type": "train", "epoch": 5, "batch": 2959, "n_batches": 7774, "time": 2.647, "data_time": 0.001, "lr": 0.001, "loss": -27.583}
{"message": "", "levelname": "INFO", "name": "Trainer", "asctime": "2026-04-16 00:51:51,229", "type": "train", "epoch": 5, "batch": 3039, "n_batches": 7774, "time": 2.449, "data_time": 0.0, "lr": 0.001, "loss": -27.832}
{"message": "", "levelname": "INFO", "name": "Trainer", "asctime": "2026-04-16 00:52:27,567", "type": "train", "epoch": 5, "batch": 3119, "n_batches": 7774, "time": 2.713, "data_time": 0.001, "lr": 0.001, "loss": -28.58}
{"message": "", "levelname": "INFO", "name": "Trainer", "asctime": "2026-04-16 00:52:58,074", "type": "train", "epoch": 5, "batch": 3199, "n_batches": 7774, "time": 3.27, "data_time": 0.001, "lr": 0.001, "loss": -28.846}
{"message": "", "levelname": "INFO", "name": "Trainer", "asctime": "2026-04-16 00:53:31,178", "type": "train", "epoch": 5, "batch": 3279, "n_batches": 7774, "time": 3.253, "data_time": 0.001, "lr": 0.001, "loss": -26.139}
{"message": "", "levelname": "INFO", "name": "Trainer", "asctime": "2026-04-16 00:53:59,283", "type": "train", "epoch": 5, "batch": 3359, "n_batches": 7774, "time": 2.682, "data_time": 0.001, "lr": 0.001, "loss": -29.451}
{"message": "", "levelname": "INFO", "name": "Trainer", "asctime": "2026-04-16 00:54:29,148", "type": "train", "epoch": 5, "batch": 3439, "n_batches": 7774, "time": 2.974, "data_time": 0.004, "lr": 0.001, "loss": -29.033}
{"message": "", "levelname": "INFO", "name": "Trainer", "asctime": "2026-04-16 00:55:03,231", "type": "train", "epoch": 5, "batch": 3519, "n_batches": 7774, "time": 3.799, "data_time": 0.001, "lr": 0.001, "loss": -29.756}
{"message": "", "levelname": "INFO", "name": "Trainer", "asctime": "2026-04-16 00:55:32,036", "type": "train", "epoch": 5, "batch": 3599, "n_batches": 7774, "time": 3.52, "data_time": 0.001, "lr": 0.001, "loss": -21.32}
{"message": "", "levelname": "INFO", "name": "Trainer", "asctime": "2026-04-16 00:56:02,337", "type": "train", "epoch": 5, "batch": 3679, "n_batches": 7774, "time": 2.543, "data_time": 0.001, "lr": 0.001, "loss": -32.997}
{"message": "", "levelname": "INFO", "name": "Trainer", "asctime": "2026-04-16 00:56:31,136", "type": "train", "epoch": 5, "batch": 3759, "n_batches": 7774, "time": 2.773, "data_time": 0.001, "lr": 0.001, "loss": -25.745}
{"message": "", "levelname": "INFO", "name": "Trainer", "asctime": "2026-04-16 00:56:57,764", "type": "train", "epoch": 5, "batch": 3839, "n_batches": 7774, "time": 1.943, "data_time": 0.001, "lr": 0.001, "loss": -34.236}
{"message": "", "levelname": "INFO", "name": "Trainer", "asctime": "2026-04-16 00:57:26,601", "type": "train", "epoch": 5, "batch": 3919, "n_batches": 7774, "time": 4.241, "data_time": 0.001, "lr": 0.001, "loss": -33.735}
{"message": "", "levelname": "INFO", "name": "Trainer", "asctime": "2026-04-16 00:57:56,350", "type": "train", "epoch": 5, "batch": 3999, "n_batches": 7774, "time": 3.054, "data_time": 0.001, "lr": 0.001, "loss": -32.893}
{"message": "", "levelname": "INFO", "name": "Trainer", "asctime": "2026-04-16 00:58:29,479", "type": "train", "epoch": 5, "batch": 4079, "n_batches": 7774, "time": 2.482, "data_time": 0.001, "lr": 0.001, "loss": -20.64}
{"message": "", "levelname": "INFO", "name": "Trainer", "asctime": "2026-04-16 00:58:58,872", "type": "train", "epoch": 5, "batch": 4159, "n_batches": 7774, "time": 3.143, "data_time": 0.001, "lr": 0.001, "loss": -26.85}
{"message": "", "levelname": "INFO", "name": "Trainer", "asctime": "2026-04-16 00:59:35,096", "type": "train", "epoch": 5, "batch": 4239, "n_batches": 7774, "time": 2.931, "data_time": 0.001, "lr": 0.001, "loss": -32.487}
{"message": "", "levelname": "INFO", "name": "Trainer", "asctime": "2026-04-16 01:00:05,809", "type": "train", "epoch": 5, "batch": 4319, "n_batches": 7774, "time": 2.666, "data_time": 0.001, "lr": 0.001, "loss": -30.621}
{"message": "", "levelname": "INFO", "name": "Trainer", "asctime": "2026-04-16 01:00:35,754", "type": "train", "epoch": 5, "batch": 4399, "n_batches": 7774, "time": 3.381, "data_time": 0.001, "lr": 0.001, "loss": -27.9}
{"message": "", "levelname": "INFO", "name": "Trainer", "asctime": "2026-04-16 01:01:05,244", "type": "train", "epoch": 5, "batch": 4479, "n_batches": 7774, "time": 3.194, "data_time": 0.001, "lr": 0.001, "loss": -24.037}
{"message": "", "levelname": "INFO", "name": "Trainer", "asctime": "2026-04-16 01:01:33,222", "type": "train", "epoch": 5, "batch": 4559, "n_batches": 7774, "time": 3.087, "data_time": 0.001, "lr": 0.001, "loss": -26.816}
{"message": "", "levelname": "INFO", "name": "Trainer", "asctime": "2026-04-16 01:02:05,209", "type": "train", "epoch": 5, "batch": 4639, "n_batches": 7774, "time": 2.926, "data_time": 0.001, "lr": 0.001, "loss": -20.44}
{"message": "", "levelname": "INFO", "name": "Trainer", "asctime": "2026-04-16 01:02:34,456", "type": "train", "epoch": 5, "batch": 4719, "n_batches": 7774, "time": 2.22, "data_time": 0.001, "lr": 0.001, "loss": -34.04}
{"message": "", "levelname": "INFO", "name": "Trainer", "asctime": "2026-04-16 01:03:06,263", "type": "train", "epoch": 5, "batch": 4799, "n_batches": 7774, "time": 1.874, "data_time": 0.0, "lr": 0.001, "loss": -32.718}
{"message": "", "levelname": "INFO", "name": "Trainer", "asctime": "2026-04-16 01:03:40,280", "type": "train", "epoch": 5, "batch": 4879, "n_batches": 7774, "time": 3.22, "data_time": 0.001, "lr": 0.001, "loss": -32.116}
{"message": "", "levelname": "INFO", "name": "Trainer", "asctime": "2026-04-16 01:04:11,046", "type": "train", "epoch": 5, "batch": 4959, "n_batches": 7774, "time": 2.146, "data_time": 0.001, "lr": 0.001, "loss": -30.231}
{"message": "", "levelname": "INFO", "name": "Trainer", "asctime": "2026-04-16 01:04:42,296", "type": "train", "epoch": 5, "batch": 5039, "n_batches": 7774, "time": 3.037, "data_time": 0.001, "lr": 0.001, "loss": -30.232}
{"message": "", "levelname": "INFO", "name": "Trainer", "asctime": "2026-04-16 01:05:09,005", "type": "train", "epoch": 5, "batch": 5119, "n_batches": 7774, "time": 2.626, "data_time": 0.001, "lr": 0.001, "loss": -26.32}
{"message": "", "levelname": "INFO", "name": "Trainer", "asctime": "2026-04-16 01:05:37,629", "type": "train", "epoch": 5, "batch": 5199, "n_batches": 7774, "time": 2.209, "data_time": 0.001, "lr": 0.001, "loss": -30.066}
{"message": "", "levelname": "INFO", "name": "Trainer", "asctime": "2026-04-16 01:06:06,456", "type": "train", "epoch": 5, "batch": 5279, "n_batches": 7774, "time": 2.641, "data_time": 0.001, "lr": 0.001, "loss": -20.072}
{"message": "", "levelname": "INFO", "name": "Trainer", "asctime": "2026-04-16 01:06:33,560", "type": "train", "epoch": 5, "batch": 5359, "n_batches": 7774, "time": 2.805, "data_time": 0.001, "lr": 0.001, "loss": -30.051}
{"message": "", "levelname": "INFO", "name": "Trainer", "asctime": "2026-04-16 01:07:03,929", "type": "train", "epoch": 5, "batch": 5439, "n_batches": 7774, "time": 2.108, "data_time": 0.001, "lr": 0.001, "loss": -21.396}
{"message": "", "levelname": "INFO", "name": "Trainer", "asctime": "2026-04-16 01:07:29,069", "type": "train", "epoch": 5, "batch": 5519, "n_batches": 7774, "time": 2.29, "data_time": 0.001, "lr": 0.001, "loss": -30.231}
{"message": "", "levelname": "INFO", "name": "Trainer", "asctime": "2026-04-16 01:08:05,134", "type": "train", "epoch": 5, "batch": 5599, "n_batches": 7774, "time": 2.933, "data_time": 0.0, "lr": 0.001, "loss": -24.854}
{"message": "", "levelname": "INFO", "name": "Trainer", "asctime": "2026-04-16 01:08:33,728", "type": "train", "epoch": 5, "batch": 5679, "n_batches": 7774, "time": 3.828, "data_time": 0.001, "lr": 0.001, "loss": -25.281}
{"message": "", "levelname": "INFO", "name": "Trainer", "asctime": "2026-04-16 01:09:04,662", "type": "train", "epoch": 5, "batch": 5759, "n_batches": 7774, "time": 2.46, "data_time": 0.001, "lr": 0.001, "loss": -26.937}
{"message": "", "levelname": "INFO", "name": "Trainer", "asctime": "2026-04-16 01:09:37,172", "type": "train", "epoch": 5, "batch": 5839, "n_batches": 7774, "time": 2.257, "data_time": 0.0, "lr": 0.001, "loss": -23.685}
{"message": "", "levelname": "INFO", "name": "Trainer", "asctime": "2026-04-16 01:10:07,417", "type": "train", "epoch": 5, "batch": 5919, "n_batches": 7774, "time": 3.805, "data_time": 0.001, "lr": 0.001, "loss": -34.701}
{"message": "", "levelname": "INFO", "name": "Trainer", "asctime": "2026-04-16 01:10:36,749", "type": "train", "epoch": 5, "batch": 5999, "n_batches": 7774, "time": 2.442, "data_time": 0.001, "lr": 0.001, "loss": -24.373}
{"message": "", "levelname": "INFO", "name": "Trainer", "asctime": "2026-04-16 01:11:10,962", "type": "train", "epoch": 5, "batch": 6079, "n_batches": 7774, "time": 3.533, "data_time": 0.001, "lr": 0.001, "loss": -28.124}
{"message": "", "levelname": "INFO", "name": "Trainer", "asctime": "2026-04-16 01:11:42,114", "type": "train", "epoch": 5, "batch": 6159, "n_batches": 7774, "time": 3.631, "data_time": 0.001, "lr": 0.001, "loss": -28.864}
{"message": "", "levelname": "INFO", "name": "Trainer", "asctime": "2026-04-16 01:12:11,607", "type": "train", "epoch": 5, "batch": 6239, "n_batches": 7774, "time": 2.032, "data_time": 0.001, "lr": 0.001, "loss": -31.011}
{"message": "", "levelname": "INFO", "name": "Trainer", "asctime": "2026-04-16 01:12:41,384", "type": "train", "epoch": 5, "batch": 6319, "n_batches": 7774, "time": 2.272, "data_time": 0.001, "lr": 0.001, "loss": -34.448}
{"message": "", "levelname": "INFO", "name": "Trainer", "asctime": "2026-04-16 01:13:08,825", "type": "train", "epoch": 5, "batch": 6399, "n_batches": 7774, "time": 2.845, "data_time": 0.0, "lr": 0.001, "loss": -31.501}
{"message": "", "levelname": "INFO", "name": "Trainer", "asctime": "2026-04-16 01:13:40,864", "type": "train", "epoch": 5, "batch": 6479, "n_batches": 7774, "time": 3.148, "data_time": 0.001, "lr": 0.001, "loss": -30.254}
{"message": "", "levelname": "INFO", "name": "Trainer", "asctime": "2026-04-16 01:14:06,255", "type": "train", "epoch": 5, "batch": 6559, "n_batches": 7774, "time": 2.246, "data_time": 0.001, "lr": 0.001, "loss": -33.748}
{"message": "", "levelname": "INFO", "name": "Trainer", "asctime": "2026-04-16 01:14:40,083", "type": "train", "epoch": 5, "batch": 6639, "n_batches": 7774, "time": 2.656, "data_time": 0.001, "lr": 0.001, "loss": -29.509}
{"message": "", "levelname": "INFO", "name": "Trainer", "asctime": "2026-04-16 01:15:12,316", "type": "train", "epoch": 5, "batch": 6719, "n_batches": 7774, "time": 2.401, "data_time": 0.001, "lr": 0.001, "loss": -27.558}
{"message": "", "levelname": "INFO", "name": "Trainer", "asctime": "2026-04-16 01:15:43,882", "type": "train", "epoch": 5, "batch": 6799, "n_batches": 7774, "time": 2.956, "data_time": 0.001, "lr": 0.001, "loss": -27.261}
{"message": "", "levelname": "INFO", "name": "Trainer", "asctime": "2026-04-16 01:16:12,065", "type": "train", "epoch": 5, "batch": 6879, "n_batches": 7774, "time": 2.568, "data_time": 0.001, "lr": 0.001, "loss": -36.501}
{"message": "", "levelname": "INFO", "name": "Trainer", "asctime": "2026-04-16 01:16:45,380", "type": "train", "epoch": 5, "batch": 6959, "n_batches": 7774, "time": 3.756, "data_time": 0.001, "lr": 0.001, "loss": -31.032}
{"message": "", "levelname": "INFO", "name": "Trainer", "asctime": "2026-04-16 01:17:14,974", "type": "train", "epoch": 5, "batch": 7039, "n_batches": 7774, "time": 3.71, "data_time": 0.001, "lr": 0.001, "loss": -28.301}
{"message": "", "levelname": "INFO", "name": "Trainer", "asctime": "2026-04-16 01:17:43,893", "type": "train", "epoch": 5, "batch": 7119, "n_batches": 7774, "time": 2.219, "data_time": 0.001, "lr": 0.001, "loss": -29.766}
{"message": "", "levelname": "INFO", "name": "Trainer", "asctime": "2026-04-16 01:18:07,781", "type": "train", "epoch": 5, "batch": 7199, "n_batches": 7774, "time": 2.483, "data_time": 0.001, "lr": 0.001, "loss": -28.122}
{"message": "", "levelname": "INFO", "name": "Trainer", "asctime": "2026-04-16 01:18:38,208", "type": "train", "epoch": 5, "batch": 7279, "n_batches": 7774, "time": 2.312, "data_time": 0.0, "lr": 0.001, "loss": -31.038}
{"message": "", "levelname": "INFO", "name": "Trainer", "asctime": "2026-04-16 01:19:10,338", "type": "train", "epoch": 5, "batch": 7359, "n_batches": 7774, "time": 4.563, "data_time": 0.001, "lr": 0.001, "loss": -27.459}
{"message": "", "levelname": "INFO", "name": "Trainer", "asctime": "2026-04-16 01:19:41,787", "type": "train", "epoch": 5, "batch": 7439, "n_batches": 7774, "time": 3.329, "data_time": 0.001, "lr": 0.001, "loss": -32.78}
{"message": "", "levelname": "INFO", "name": "Trainer", "asctime": "2026-04-16 01:20:07,399", "type": "train", "epoch": 5, "batch": 7519, "n_batches": 7774, "time": 2.05, "data_time": 0.001, "lr": 0.001, "loss": -27.307}
{"message": "", "levelname": "INFO", "name": "Trainer", "asctime": "2026-04-16 01:20:40,754", "type": "train", "epoch": 5, "batch": 7599, "n_batches": 7774, "time": 3.314, "data_time": 0.001, "lr": 0.001, "loss": -28.854}
{"message": "", "levelname": "INFO", "name": "Trainer", "asctime": "2026-04-16 01:21:10,601", "type": "train", "epoch": 5, "batch": 7679, "n_batches": 7774, "time": 3.453, "data_time": 0.004, "lr": 0.001, "loss": -28.052}
{"message": "", "levelname": "INFO", "name": "Trainer", "asctime": "2026-04-16 01:21:37,061", "type": "train", "epoch": 5, "batch": 7759, "n_batches": 7774, "time": 2.898, "data_time": 0.001, "lr": 0.001, "loss": -25.792}
{"message": "", "levelname": "INFO", "name": "Trainer", "asctime": "2026-04-16 01:21:41,518", "type": "train-epoch", "epoch": 6, "loss": -3.65357, "time": 2942.6}
{"message": "", "levelname": "INFO", "name": "Trainer", "asctime": "2026-04-16 01:28:36,005", "type": "val-epoch", "epoch": 6, "loss": -0.632, "test_loss": -0.455, "time": 414.5}
{"message": "", "levelname": "INFO", "name": "Trainer", "asctime": "2026-04-16 01:29:08,990", "type": "train", "epoch": 6, "batch": 79, "n_batches": 7774, "time": 2.752, "data_time": 0.001, "lr": 0.001, "loss": -35.088}
{"message": "", "levelname": "INFO", "name": "Trainer", "asctime": "2026-04-16 01:29:37,926", "type": "train", "epoch": 6, "batch": 159, "n_batches": 7774, "time": 3.227, "data_time": 0.001, "lr": 0.001, "loss": -32.941}
{"message": "", "levelname": "INFO", "name": "Trainer", "asctime": "2026-04-16 01:30:12,538", "type": "train", "epoch": 6, "batch": 239, "n_batches": 7774, "time": 3.055, "data_time": 0.001, "lr": 0.001, "loss": -31.198}
{"message": "", "levelname": "INFO", "name": "Trainer", "asctime": "2026-04-16 01:30:47,856", "type": "train", "epoch": 6, "batch": 319, "n_batches": 7774, "time": 4.24, "data_time": 0.001, "lr": 0.001, "loss": -30.278}
{"message": "", "levelname": "INFO", "name": "Trainer", "asctime": "2026-04-16 01:31:21,377", "type": "train", "epoch": 6, "batch": 399, "n_batches": 7774, "time": 1.838, "data_time": 0.001, "lr": 0.001, "loss": -32.16}
{"message": "", "levelname": "INFO", "name": "Trainer", "asctime": "2026-04-16 01:31:50,896", "type": "train", "epoch": 6, "batch": 479, "n_batches": 7774, "time": 2.736, "data_time": 0.001, "lr": 0.001, "loss": -34.639}
{"message": "", "levelname": "INFO", "name": "Trainer", "asctime": "2026-04-16 01:32:18,337", "type": "train", "epoch": 6, "batch": 559, "n_batches": 7774, "time": 3.854, "data_time": 0.0, "lr": 0.001, "loss": -29.895}
{"message": "", "levelname": "INFO", "name": "Trainer", "asctime": "2026-04-16 01:32:48,272", "type": "train", "epoch": 6, "batch": 639, "n_batches": 7774, "time": 2.867, "data_time": 0.001, "lr": 0.001, "loss": -32.372}
{"message": "", "levelname": "INFO", "name": "Trainer", "asctime": "2026-04-16 01:33:17,830", "type": "train", "epoch": 6, "batch": 719, "n_batches": 7774, "time": 2.936, "data_time": 0.001, "lr": 0.001, "loss": -34.135}
{"message": "", "levelname": "INFO", "name": "Trainer", "asctime": "2026-04-16 01:33:51,444", "type": "train", "epoch": 6, "batch": 799, "n_batches": 7774, "time": 3.883, "data_time": 0.001, "lr": 0.001, "loss": -33.504}
{"message": "", "levelname": "INFO", "name": "Trainer", "asctime": "2026-04-16 01:34:23,078", "type": "train", "epoch": 6, "batch": 879, "n_batches": 7774, "time": 3.42, "data_time": 0.001, "lr": 0.001, "loss": -32.385}
{"message": "", "levelname": "INFO", "name": "Trainer", "asctime": "2026-04-16 01:34:52,634", "type": "train", "epoch": 6, "batch": 959, "n_batches": 7774, "time": 3.23, "data_time": 0.001, "lr": 0.001, "loss": -32.956}
{"message": "", "levelname": "INFO", "name": "Trainer", "asctime": "2026-04-16 01:35:25,439", "type": "train", "epoch": 6, "batch": 1039, "n_batches": 7774, "time": 3.819, "data_time": 0.001, "lr": 0.001, "loss": -30.881}
{"message": "", "levelname": "INFO", "name": "Trainer", "asctime": "2026-04-16 01:35:57,653", "type": "train", "epoch": 6, "batch": 1119, "n_batches": 7774, "time": 2.425, "data_time": 0.001, "lr": 0.001, "loss": -35.183}
{"message": "", "levelname": "INFO", "name": "Trainer", "asctime": "2026-04-16 01:36:26,428", "type": "train", "epoch": 6, "batch": 1199, "n_batches": 7774, "time": 2.071, "data_time": 0.001, "lr": 0.001, "loss": -27.719}
{"message": "", "levelname": "INFO", "name": "Trainer", "asctime": "2026-04-16 01:36:54,023", "type": "train", "epoch": 6, "batch": 1279, "n_batches": 7774, "time": 3.24, "data_time": 0.001, "lr": 0.001, "loss": -31.616}
{"message": "", "levelname": "INFO", "name": "Trainer", "asctime": "2026-04-16 01:37:21,917", "type": "train", "epoch": 6, "batch": 1359, "n_batches": 7774, "time": 2.5, "data_time": 0.001, "lr": 0.001, "loss": -33.068}
{"message": "", "levelname": "INFO", "name": "Trainer", "asctime": "2026-04-16 01:37:53,567", "type": "train", "epoch": 6, "batch": 1439, "n_batches": 7774, "time": 3.359, "data_time": 0.001, "lr": 0.001, "loss": -24.717}
{"message": "", "levelname": "INFO", "name": "Trainer", "asctime": "2026-04-16 01:38:22,115", "type": "train", "epoch": 6, "batch": 1519, "n_batches": 7774, "time": 2.81, "data_time": 0.001, "lr": 0.001, "loss": -31.915}
{"message": "", "levelname": "INFO", "name": "Trainer", "asctime": "2026-04-16 01:38:51,423", "type": "train", "epoch": 6, "batch": 1599, "n_batches": 7774, "time": 2.85, "data_time": 0.001, "lr": 0.001, "loss": -27.781}
{"message": "", "levelname": "INFO", "name": "Trainer", "asctime": "2026-04-16 01:39:21,106", "type": "train", "epoch": 6, "batch": 1679, "n_batches": 7774, "time": 2.288, "data_time": 0.001, "lr": 0.001, "loss": -32.142}
{"message": "", "levelname": "INFO", "name": "Trainer", "asctime": "2026-04-16 01:39:52,081", "type": "train", "epoch": 6, "batch": 1759, "n_batches": 7774, "time": 3.283, "data_time": 0.001, "lr": 0.001, "loss": -29.996}
{"message": "", "levelname": "INFO", "name": "Trainer", "asctime": "2026-04-16 01:40:23,404", "type": "train", "epoch": 6, "batch": 1839, "n_batches": 7774, "time": 3.317, "data_time": 0.003, "lr": 0.001, "loss": -23.875}
{"message": "", "levelname": "INFO", "name": "Trainer", "asctime": "2026-04-16 01:40:51,041", "type": "train", "epoch": 6, "batch": 1919, "n_batches": 7774, "time": 2.472, "data_time": 0.001, "lr": 0.001, "loss": -36.704}
{"message": "", "levelname": "INFO", "name": "Trainer", "asctime": "2026-04-16 01:41:22,876", "type": "train", "epoch": 6, "batch": 1999, "n_batches": 7774, "time": 4.669, "data_time": 0.001, "lr": 0.001, "loss": -29.956}
{"message": "", "levelname": "INFO", "name": "Trainer", "asctime": "2026-04-16 01:41:56,718", "type": "train", "epoch": 6, "batch": 2079, "n_batches": 7774, "time": 4.53, "data_time": 0.001, "lr": 0.001, "loss": -24.524}
{"message": "", "levelname": "INFO", "name": "Trainer", "asctime": "2026-04-16 01:42:25,190", "type": "train", "epoch": 6, "batch": 2159, "n_batches": 7774, "time": 2.189, "data_time": 0.001, "lr": 0.001, "loss": -33.88}
{"message": "", "levelname": "INFO", "name": "Trainer", "asctime": "2026-04-16 01:42:51,331", "type": "train", "epoch": 6, "batch": 2239, "n_batches": 7774, "time": 2.815, "data_time": 0.0, "lr": 0.001, "loss": -33.553}
{"message": "", "levelname": "INFO", "name": "Trainer", "asctime": "2026-04-16 01:43:19,478", "type": "train", "epoch": 6, "batch": 2319, "n_batches": 7774, "time": 3.971, "data_time": 0.0, "lr": 0.001, "loss": -35.781}
{"message": "", "levelname": "INFO", "name": "Trainer", "asctime": "2026-04-16 01:43:52,558", "type": "train", "epoch": 6, "batch": 2399, "n_batches": 7774, "time": 3.477, "data_time": 0.001, "lr": 0.001, "loss": -28.275}
{"message": "", "levelname": "INFO", "name": "Trainer", "asctime": "2026-04-16 01:44:26,037", "type": "train", "epoch": 6, "batch": 2479, "n_batches": 7774, "time": 3.632, "data_time": 0.001, "lr": 0.001, "loss": -25.539}
{"message": "", "levelname": "INFO", "name": "Trainer", "asctime": "2026-04-16 01:44:58,992", "type": "train", "epoch": 6, "batch": 2559, "n_batches": 7774, "time": 2.833, "data_time": 0.0, "lr": 0.001, "loss": -32.555}
{"message": "", "levelname": "INFO", "name": "Trainer", "asctime": "2026-04-16 01:45:33,614", "type": "train", "epoch": 6, "batch": 2639, "n_batches": 7774, "time": 2.766, "data_time": 0.0, "lr": 0.001, "loss": -33.18}
{"message": "", "levelname": "INFO", "name": "Trainer", "asctime": "2026-04-16 01:46:03,436", "type": "train", "epoch": 6, "batch": 2719, "n_batches": 7774, "time": 2.991, "data_time": 0.001, "lr": 0.001, "loss": -29.734}
{"message": "", "levelname": "INFO", "name": "Trainer", "asctime": "2026-04-16 01:46:37,415", "type": "train", "epoch": 6, "batch": 2799, "n_batches": 7774, "time": 3.182, "data_time": 0.0, "lr": 0.001, "loss": -29.503}
{"message": "", "levelname": "INFO", "name": "Trainer", "asctime": "2026-04-16 01:47:10,564", "type": "train", "epoch": 6, "batch": 2879, "n_batches": 7774, "time": 2.558, "data_time": 0.0, "lr": 0.001, "loss": -34.477}
{"message": "", "levelname": "INFO", "name": "Trainer", "asctime": "2026-04-16 01:47:41,880", "type": "train", "epoch": 6, "batch": 2959, "n_batches": 7774, "time": 3.024, "data_time": 0.001, "lr": 0.001, "loss": -29.701}
{"message": "", "levelname": "INFO", "name": "Trainer", "asctime": "2026-04-16 01:48:12,772", "type": "train", "epoch": 6, "batch": 3039, "n_batches": 7774, "time": 3.691, "data_time": 0.0, "lr": 0.001, "loss": -28.091}
{"message": "", "levelname": "INFO", "name": "Trainer", "asctime": "2026-04-16 01:48:43,839", "type": "train", "epoch": 6, "batch": 3119, "n_batches": 7774, "time": 3.164, "data_time": 0.001, "lr": 0.001, "loss": -27.82}
{"message": "", "levelname": "INFO", "name": "Trainer", "asctime": "2026-04-16 01:49:18,825", "type": "train", "epoch": 6, "batch": 3199, "n_batches": 7774, "time": 3.392, "data_time": 0.001, "lr": 0.001, "loss": -34.902}
{"message": "", "levelname": "INFO", "name": "Trainer", "asctime": "2026-04-16 01:49:51,946", "type": "train", "epoch": 6, "batch": 3279, "n_batches": 7774, "time": 3.05, "data_time": 0.0, "lr": 0.001, "loss": -33.589}
{"message": "", "levelname": "INFO", "name": "Trainer", "asctime": "2026-04-16 01:50:21,364", "type": "train", "epoch": 6, "batch": 3359, "n_batches": 7774, "time": 1.587, "data_time": 0.001, "lr": 0.001, "loss": -27.369}
{"message": "", "levelname": "INFO", "name": "Trainer", "asctime": "2026-04-16 01:50:54,634", "type": "train", "epoch": 6, "batch": 3439, "n_batches": 7774, "time": 2.908, "data_time": 0.001, "lr": 0.001, "loss": -28.738}
{"message": "", "levelname": "INFO", "name": "Trainer", "asctime": "2026-04-16 01:51:25,890", "type": "train", "epoch": 6, "batch": 3519, "n_batches": 7774, "time": 2.978, "data_time": 0.0, "lr": 0.001, "loss": -30.401}
{"message": "", "levelname": "INFO", "name": "Trainer", "asctime": "2026-04-16 01:51:54,594", "type": "train", "epoch": 6, "batch": 3599, "n_batches": 7774, "time": 2.658, "data_time": 0.001, "lr": 0.001, "loss": -32.708}
{"message": "", "levelname": "INFO", "name": "Trainer", "asctime": "2026-04-16 01:52:25,459", "type": "train", "epoch": 6, "batch": 3679, "n_batches": 7774, "time": 2.298, "data_time": 0.001, "lr": 0.001, "loss": -27.937}
{"message": "", "levelname": "INFO", "name": "Trainer", "asctime": "2026-04-16 01:52:54,250", "type": "train", "epoch": 6, "batch": 3759, "n_batches": 7774, "time": 2.874, "data_time": 0.001, "lr": 0.001, "loss": -37.055}
{"message": "", "levelname": "INFO", "name": "Trainer", "asctime": "2026-04-16 01:53:22,400", "type": "train", "epoch": 6, "batch": 3839, "n_batches": 7774, "time": 3.967, "data_time": 0.001, "lr": 0.001, "loss": -27.927}
{"message": "", "levelname": "INFO", "name": "Trainer", "asctime": "2026-04-16 01:53:53,047", "type": "train", "epoch": 6, "batch": 3919, "n_batches": 7774, "time": 2.87, "data_time": 0.001, "lr": 0.001, "loss": -32.594}
{"message": "", "levelname": "INFO", "name": "Trainer", "asctime": "2026-04-16 01:54:24,494", "type": "train", "epoch": 6, "batch": 3999, "n_batches": 7774, "time": 2.928, "data_time": 0.001, "lr": 0.001, "loss": -30.416}
{"message": "", "levelname": "INFO", "name": "Trainer", "asctime": "2026-04-16 01:54:52,844", "type": "train", "epoch": 6, "batch": 4079, "n_batches": 7774, "time": 2.379, "data_time": 0.001, "lr": 0.001, "loss": -30.095}
{"message": "", "levelname": "INFO", "name": "Trainer", "asctime": "2026-04-16 01:55:20,999", "type": "train", "epoch": 6, "batch": 4159, "n_batches": 7774, "time": 2.0, "data_time": 0.001, "lr": 0.001, "loss": -35.018}
{"message": "", "levelname": "INFO", "name": "Trainer", "asctime": "2026-04-16 01:55:48,825", "type": "train", "epoch": 6, "batch": 4239, "n_batches": 7774, "time": 3.538, "data_time": 0.001, "lr": 0.001, "loss": -33.038}
{"message": "", "levelname": "INFO", "name": "Trainer", "asctime": "2026-04-16 01:56:21,506", "type": "train", "epoch": 6, "batch": 4319, "n_batches": 7774, "time": 2.514, "data_time": 0.001, "lr": 0.001, "loss": -37.268}
{"message": "", "levelname": "INFO", "name": "Trainer", "asctime": "2026-04-16 01:56:52,406", "type": "train", "epoch": 6, "batch": 4399, "n_batches": 7774, "time": 2.343, "data_time": 0.004, "lr": 0.001, "loss": -33.933}
{"message": "", "levelname": "INFO", "name": "Trainer", "asctime": "2026-04-16 01:57:21,439", "type": "train", "epoch": 6, "batch": 4479, "n_batches": 7774, "time": 3.3, "data_time": 0.001, "lr": 0.001, "loss": -32.685}
{"message": "", "levelname": "INFO", "name": "Trainer", "asctime": "2026-04-16 01:57:50,708", "type": "train", "epoch": 6, "batch": 4559, "n_batches": 7774, "time": 3.279, "data_time": 0.0, "lr": 0.001, "loss": -26.479}
{"message": "", "levelname": "INFO", "name": "Trainer", "asctime": "2026-04-16 01:58:22,595", "type": "train", "epoch": 6, "batch": 4639, "n_batches": 7774, "time": 3.297, "data_time": 0.001, "lr": 0.001, "loss": -31.229}
{"message": "", "levelname": "INFO", "name": "Trainer", "asctime": "2026-04-16 01:58:54,778", "type": "train", "epoch": 6, "batch": 4719, "n_batches": 7774, "time": 3.809, "data_time": 0.001, "lr": 0.001, "loss": -34.572}
{"message": "", "levelname": "INFO", "name": "Trainer", "asctime": "2026-04-16 01:59:25,178", "type": "train", "epoch": 6, "batch": 4799, "n_batches": 7774, "time": 2.742, "data_time": 0.001, "lr": 0.001, "loss": -33.043}
{"message": "", "levelname": "INFO", "name": "Trainer", "asctime": "2026-04-16 01:59:53,969", "type": "train", "epoch": 6, "batch": 4879, "n_batches": 7774, "time": 4.041, "data_time": 0.001, "lr": 0.001, "loss": -35.413}
{"message": "", "levelname": "INFO", "name": "Trainer", "asctime": "2026-04-16 02:00:26,701", "type": "train", "epoch": 6, "batch": 4959, "n_batches": 7774, "time": 3.546, "data_time": 0.001, "lr": 0.001, "loss": -32.347}
{"message": "", "levelname": "INFO", "name": "Trainer", "asctime": "2026-04-16 02:00:56,087", "type": "train", "epoch": 6, "batch": 5039, "n_batches": 7774, "time": 3.197, "data_time": 0.001, "lr": 0.001, "loss": -32.825}
{"message": "", "levelname": "INFO", "name": "Trainer", "asctime": "2026-04-16 02:01:30,045", "type": "train", "epoch": 6, "batch": 5119, "n_batches": 7774, "time": 2.366, "data_time": 0.001, "lr": 0.001, "loss": -35.955}
{"message": "", "levelname": "INFO", "name": "Trainer", "asctime": "2026-04-16 02:02:01,298", "type": "train", "epoch": 6, "batch": 5199, "n_batches": 7774, "time": 2.614, "data_time": 0.001, "lr": 0.001, "loss": -33.661}
{"message": "", "levelname": "INFO", "name": "Trainer", "asctime": "2026-04-16 02:02:29,524", "type": "train", "epoch": 6, "batch": 5279, "n_batches": 7774, "time": 4.281, "data_time": 0.0, "lr": 0.001, "loss": -29.124}
{"message": "", "levelname": "INFO", "name": "Trainer", "asctime": "2026-04-16 02:03:00,209", "type": "train", "epoch": 6, "batch": 5359, "n_batches": 7774, "time": 3.041, "data_time": 0.001, "lr": 0.001, "loss": -33.798}
{"message": "", "levelname": "INFO", "name": "Trainer", "asctime": "2026-04-16 02:03:32,242", "type": "train", "epoch": 6, "batch": 5439, "n_batches": 7774, "time": 2.781, "data_time": 0.001, "lr": 0.001, "loss": -30.208}
{"message": "", "levelname": "INFO", "name": "Trainer", "asctime": "2026-04-16 02:04:08,447", "type": "train", "epoch": 6, "batch": 5519, "n_batches": 7774, "time": 3.224, "data_time": 0.001, "lr": 0.001, "loss": -34.533}
{"message": "", "levelname": "INFO", "name": "Trainer", "asctime": "2026-04-16 02:04:43,873", "type": "train", "epoch": 6, "batch": 5599, "n_batches": 7774, "time": 3.161, "data_time": 0.001, "lr": 0.001, "loss": -35.403}
{"message": "", "levelname": "INFO", "name": "Trainer", "asctime": "2026-04-16 02:05:14,491", "type": "train", "epoch": 6, "batch": 5679, "n_batches": 7774, "time": 3.193, "data_time": 0.001, "lr": 0.001, "loss": -31.372}
{"message": "", "levelname": "INFO", "name": "Trainer", "asctime": "2026-04-16 02:05:46,825", "type": "train", "epoch": 6, "batch": 5759, "n_batches": 7774, "time": 2.973, "data_time": 0.001, "lr": 0.001, "loss": -31.966}
{"message": "", "levelname": "INFO", "name": "Trainer", "asctime": "2026-04-16 02:06:14,932", "type": "train", "epoch": 6, "batch": 5839, "n_batches": 7774, "time": 2.706, "data_time": 0.001, "lr": 0.001, "loss": -29.75}
{"message": "", "levelname": "INFO", "name": "Trainer", "asctime": "2026-04-16 02:06:42,681", "type": "train", "epoch": 6, "batch": 5919, "n_batches": 7774, "time": 2.079, "data_time": 0.001, "lr": 0.001, "loss": -31.431}
{"message": "", "levelname": "INFO", "name": "Trainer", "asctime": "2026-04-16 02:07:11,377", "type": "train", "epoch": 6, "batch": 5999, "n_batches": 7774, "time": 2.25, "data_time": 0.0, "lr": 0.001, "loss": -28.167}
{"message": "", "levelname": "INFO", "name": "Trainer", "asctime": "2026-04-16 02:07:37,455", "type": "train", "epoch": 6, "batch": 6079, "n_batches": 7774, "time": 2.808, "data_time": 0.001, "lr": 0.001, "loss": -35.583}
{"message": "", "levelname": "INFO", "name": "Trainer", "asctime": "2026-04-16 02:08:10,988", "type": "train", "epoch": 6, "batch": 6159, "n_batches": 7774, "time": 3.652, "data_time": 0.001, "lr": 0.001, "loss": -35.558}
{"message": "", "levelname": "INFO", "name": "Trainer", "asctime": "2026-04-16 02:08:42,458", "type": "train", "epoch": 6, "batch": 6239, "n_batches": 7774, "time": 2.371, "data_time": 0.0, "lr": 0.001, "loss": -32.226}
{"message": "", "levelname": "INFO", "name": "Trainer", "asctime": "2026-04-16 02:09:13,614", "type": "train", "epoch": 6, "batch": 6319, "n_batches": 7774, "time": 3.308, "data_time": 0.001, "lr": 0.001, "loss": -36.017}
{"message": "", "levelname": "INFO", "name": "Trainer", "asctime": "2026-04-16 02:09:41,435", "type": "train", "epoch": 6, "batch": 6399, "n_batches": 7774, "time": 3.035, "data_time": 0.001, "lr": 0.001, "loss": -32.025}
{"message": "", "levelname": "INFO", "name": "Trainer", "asctime": "2026-04-16 02:10:15,861", "type": "train", "epoch": 6, "batch": 6479, "n_batches": 7774, "time": 3.749, "data_time": 0.001, "lr": 0.001, "loss": -30.577}
{"message": "", "levelname": "INFO", "name": "Trainer", "asctime": "2026-04-16 02:10:48,561", "type": "train", "epoch": 6, "batch": 6559, "n_batches": 7774, "time": 3.12, "data_time": 0.001, "lr": 0.001, "loss": -33.269}
{"message": "", "levelname": "INFO", "name": "Trainer", "asctime": "2026-04-16 02:11:22,756", "type": "train", "epoch": 6, "batch": 6639, "n_batches": 7774, "time": 4.022, "data_time": 0.001, "lr": 0.001, "loss": -34.72}
{"message": "", "levelname": "INFO", "name": "Trainer", "asctime": "2026-04-16 02:11:54,034", "type": "train", "epoch": 6, "batch": 6719, "n_batches": 7774, "time": 2.544, "data_time": 0.001, "lr": 0.001, "loss": -31.05}
{"message": "", "levelname": "INFO", "name": "Trainer", "asctime": "2026-04-16 02:12:27,010", "type": "train", "epoch": 6, "batch": 6799, "n_batches": 7774, "time": 3.634, "data_time": 0.001, "lr": 0.001, "loss": -30.836}
{"message": "", "levelname": "INFO", "name": "Trainer", "asctime": "2026-04-16 02:13:01,345", "type": "train", "epoch": 6, "batch": 6879, "n_batches": 7774, "time": 2.751, "data_time": 0.001, "lr": 0.001, "loss": -34.469}
{"message": "", "levelname": "INFO", "name": "Trainer", "asctime": "2026-04-16 02:13:33,779", "type": "train", "epoch": 6, "batch": 6959, "n_batches": 7774, "time": 4.021, "data_time": 0.001, "lr": 0.001, "loss": -35.439}
{"message": "", "levelname": "INFO", "name": "Trainer", "asctime": "2026-04-16 02:14:03,945", "type": "train", "epoch": 6, "batch": 7039, "n_batches": 7774, "time": 3.03, "data_time": 0.001, "lr": 0.001, "loss": -29.453}
{"message": "", "levelname": "INFO", "name": "Trainer", "asctime": "2026-04-16 02:14:34,906", "type": "train", "epoch": 6, "batch": 7119, "n_batches": 7774, "time": 3.143, "data_time": 0.001, "lr": 0.001, "loss": -25.489}
{"message": "", "levelname": "INFO", "name": "Trainer", "asctime": "2026-04-16 02:15:03,173", "type": "train", "epoch": 6, "batch": 7199, "n_batches": 7774, "time": 3.489, "data_time": 0.001, "lr": 0.001, "loss": -30.126}
{"message": "", "levelname": "INFO", "name": "Trainer", "asctime": "2026-04-16 02:15:35,271", "type": "train", "epoch": 6, "batch": 7279, "n_batches": 7774, "time": 4.158, "data_time": 0.001, "lr": 0.001, "loss": -27.319}
{"message": "", "levelname": "INFO", "name": "Trainer", "asctime": "2026-04-16 02:16:09,676", "type": "train", "epoch": 6, "batch": 7359, "n_batches": 7774, "time": 3.537, "data_time": 0.0, "lr": 0.001, "loss": -30.093}
{"message": "", "levelname": "INFO", "name": "Trainer", "asctime": "2026-04-16 02:16:42,942", "type": "train", "epoch": 6, "batch": 7439, "n_batches": 7774, "time": 3.37, "data_time": 0.001, "lr": 0.001, "loss": -24.533}
{"message": "", "levelname": "INFO", "name": "Trainer", "asctime": "2026-04-16 02:17:15,694", "type": "train", "epoch": 6, "batch": 7519, "n_batches": 7774, "time": 3.516, "data_time": 0.001, "lr": 0.001, "loss": -33.977}
{"message": "", "levelname": "INFO", "name": "Trainer", "asctime": "2026-04-16 02:17:42,077", "type": "train", "epoch": 6, "batch": 7599, "n_batches": 7774, "time": 1.975, "data_time": 0.001, "lr": 0.001, "loss": -21.706}
{"message": "", "levelname": "INFO", "name": "Trainer", "asctime": "2026-04-16 02:18:14,231", "type": "train", "epoch": 6, "batch": 7679, "n_batches": 7774, "time": 3.481, "data_time": 0.001, "lr": 0.001, "loss": -29.031}
{"message": "", "levelname": "INFO", "name": "Trainer", "asctime": "2026-04-16 02:18:46,116", "type": "train", "epoch": 6, "batch": 7759, "n_batches": 7774, "time": 3.786, "data_time": 0.001, "lr": 0.001, "loss": -32.248}
{"message": "", "levelname": "INFO", "name": "Trainer", "asctime": "2026-04-16 02:18:51,778", "type": "train-epoch", "epoch": 7, "loss": -3.86922, "time": 3015.8}
{"message": "", "levelname": "INFO", "name": "Trainer", "asctime": "2026-04-16 02:25:50,075", "type": "val-epoch", "epoch": 7, "loss": -0.496, "test_loss": -0.265, "time": 418.3}
{"message": "", "levelname": "INFO", "name": "Trainer", "asctime": "2026-04-16 02:26:18,924", "type": "train", "epoch": 7, "batch": 79, "n_batches": 7774, "time": 3.881, "data_time": 0.001, "lr": 0.001, "loss": -30.831}
{"message": "", "levelname": "INFO", "name": "Trainer", "asctime": "2026-04-16 02:26:48,988", "type": "train", "epoch": 7, "batch": 159, "n_batches": 7774, "time": 3.732, "data_time": 0.001, "lr": 0.001, "loss": -36.37}
{"message": "", "levelname": "INFO", "name": "Trainer", "asctime": "2026-04-16 02:27:23,431", "type": "train", "epoch": 7, "batch": 239, "n_batches": 7774, "time": 2.979, "data_time": 0.001, "lr": 0.001, "loss": -33.544}
{"message": "", "levelname": "INFO", "name": "Trainer", "asctime": "2026-04-16 02:27:54,168", "type": "train", "epoch": 7, "batch": 319, "n_batches": 7774, "time": 3.882, "data_time": 0.001, "lr": 0.001, "loss": -29.969}
{"message": "", "levelname": "INFO", "name": "Trainer", "asctime": "2026-04-16 02:28:28,041", "type": "train", "epoch": 7, "batch": 399, "n_batches": 7774, "time": 2.499, "data_time": 0.001, "lr": 0.001, "loss": -35.436}
{"message": "", "levelname": "INFO", "name": "Trainer", "asctime": "2026-04-16 02:29:04,220", "type": "train", "epoch": 7, "batch": 479, "n_batches": 7774, "time": 3.217, "data_time": 0.001, "lr": 0.001, "loss": -37.008}
{"message": "", "levelname": "INFO", "name": "Trainer", "asctime": "2026-04-16 02:29:33,894", "type": "train", "epoch": 7, "batch": 559, "n_batches": 7774, "time": 2.742, "data_time": 0.001, "lr": 0.001, "loss": -30.862}
{"message": "", "levelname": "INFO", "name": "Trainer", "asctime": "2026-04-16 02:30:09,056", "type": "train", "epoch": 7, "batch": 639, "n_batches": 7774, "time": 3.394, "data_time": 0.0, "lr": 0.001, "loss": -25.527}
{"message": "", "levelname": "INFO", "name": "Trainer", "asctime": "2026-04-16 02:30:37,749", "type": "train", "epoch": 7, "batch": 719, "n_batches": 7774, "time": 2.706, "data_time": 0.001, "lr": 0.001, "loss": -35.258}
{"message": "", "levelname": "INFO", "name": "Trainer", "asctime": "2026-04-16 02:31:09,223", "type": "train", "epoch": 7, "batch": 799, "n_batches": 7774, "time": 3.223, "data_time": 0.001, "lr": 0.001, "loss": -28.822}
{"message": "", "levelname": "INFO", "name": "Trainer", "asctime": "2026-04-16 02:31:35,506", "type": "train", "epoch": 7, "batch": 879, "n_batches": 7774, "time": 2.398, "data_time": 0.001, "lr": 0.001, "loss": -32.231}
{"message": "", "levelname": "INFO", "name": "Trainer", "asctime": "2026-04-16 02:32:04,927", "type": "train", "epoch": 7, "batch": 959, "n_batches": 7774, "time": 2.068, "data_time": 0.001, "lr": 0.001, "loss": -32.63}
{"message": "", "levelname": "INFO", "name": "Trainer", "asctime": "2026-04-16 02:32:40,642", "type": "train", "epoch": 7, "batch": 1039, "n_batches": 7774, "time": 4.266, "data_time": 0.0, "lr": 0.001, "loss": -30.788}
{"message": "", "levelname": "INFO", "name": "Trainer", "asctime": "2026-04-16 02:33:09,810", "type": "train", "epoch": 7, "batch": 1119, "n_batches": 7774, "time": 2.224, "data_time": 0.001, "lr": 0.001, "loss": -33.703}
{"message": "", "levelname": "INFO", "name": "Trainer", "asctime": "2026-04-16 02:33:38,862", "type": "train", "epoch": 7, "batch": 1199, "n_batches": 7774, "time": 2.156, "data_time": 0.001, "lr": 0.001, "loss": -28.473}
{"message": "", "levelname": "INFO", "name": "Trainer", "asctime": "2026-04-16 02:34:08,056", "type": "train", "epoch": 7, "batch": 1279, "n_batches": 7774, "time": 3.301, "data_time": 0.001, "lr": 0.001, "loss": -35.925}
{"message": "", "levelname": "INFO", "name": "Trainer", "asctime": "2026-04-16 02:34:37,944", "type": "train", "epoch": 7, "batch": 1359, "n_batches": 7774, "time": 3.054, "data_time": 0.0, "lr": 0.001, "loss": -27.983}
{"message": "", "levelname": "INFO", "name": "Trainer", "asctime": "2026-04-16 02:35:09,617", "type": "train", "epoch": 7, "batch": 1439, "n_batches": 7774, "time": 3.542, "data_time": 0.001, "lr": 0.001, "loss": -29.734}
{"message": "", "levelname": "INFO", "name": "Trainer", "asctime": "2026-04-16 02:35:43,076", "type": "train", "epoch": 7, "batch": 1519, "n_batches": 7774, "time": 2.96, "data_time": 0.001, "lr": 0.001, "loss": -32.63}
{"message": "", "levelname": "INFO", "name": "Trainer", "asctime": "2026-04-16 02:36:14,527", "type": "train", "epoch": 7, "batch": 1599, "n_batches": 7774, "time": 3.845, "data_time": 0.001, "lr": 0.001, "loss": -25.66}
{"message": "", "levelname": "INFO", "name": "Trainer", "asctime": "2026-04-16 02:36:44,535", "type": "train", "epoch": 7, "batch": 1679, "n_batches": 7774, "time": 2.504, "data_time": 0.0, "lr": 0.001, "loss": -33.902}
{"message": "", "levelname": "INFO", "name": "Trainer", "asctime": "2026-04-16 02:37:14,146", "type": "train", "epoch": 7, "batch": 1759, "n_batches": 7774, "time": 2.577, "data_time": 0.001, "lr": 0.001, "loss": -32.232}
{"message": "", "levelname": "INFO", "name": "Trainer", "asctime": "2026-04-16 02:37:39,810", "type": "train", "epoch": 7, "batch": 1839, "n_batches": 7774, "time": 3.235, "data_time": 0.001, "lr": 0.001, "loss": -34.321}
{"message": "", "levelname": "INFO", "name": "Trainer", "asctime": "2026-04-16 02:38:13,442", "type": "train", "epoch": 7, "batch": 1919, "n_batches": 7774, "time": 4.224, "data_time": 0.001, "lr": 0.001, "loss": -16.796}
{"message": "", "levelname": "INFO", "name": "Trainer", "asctime": "2026-04-16 02:38:45,078", "type": "train", "epoch": 7, "batch": 1999, "n_batches": 7774, "time": 2.182, "data_time": 0.0, "lr": 0.001, "loss": -30.273}
{"message": "", "levelname": "INFO", "name": "Trainer", "asctime": "2026-04-16 02:39:13,415", "type": "train", "epoch": 7, "batch": 2079, "n_batches": 7774, "time": 4.031, "data_time": 0.001, "lr": 0.001, "loss": -30.769}
{"message": "", "levelname": "INFO", "name": "Trainer", "asctime": "2026-04-16 02:39:44,344", "type": "train", "epoch": 7, "batch": 2159, "n_batches": 7774, "time": 4.11, "data_time": 0.001, "lr": 0.001, "loss": -27.772}
{"message": "", "levelname": "INFO", "name": "Trainer", "asctime": "2026-04-16 02:40:20,584", "type": "train", "epoch": 7, "batch": 2239, "n_batches": 7774, "time": 3.854, "data_time": 0.001, "lr": 0.001, "loss": -37.592}
{"message": "", "levelname": "INFO", "name": "Trainer", "asctime": "2026-04-16 02:40:52,526", "type": "train", "epoch": 7, "batch": 2319, "n_batches": 7774, "time": 2.387, "data_time": 0.001, "lr": 0.001, "loss": -35.472}
{"message": "", "levelname": "INFO", "name": "Trainer", "asctime": "2026-04-16 02:41:19,197", "type": "train", "epoch": 7, "batch": 2399, "n_batches": 7774, "time": 2.131, "data_time": 0.001, "lr": 0.001, "loss": -36.561}
{"message": "", "levelname": "INFO", "name": "Trainer", "asctime": "2026-04-16 02:41:49,644", "type": "train", "epoch": 7, "batch": 2479, "n_batches": 7774, "time": 2.169, "data_time": 0.0, "lr": 0.001, "loss": -34.093}
{"message": "", "levelname": "INFO", "name": "Trainer", "asctime": "2026-04-16 02:42:18,560", "type": "train", "epoch": 7, "batch": 2559, "n_batches": 7774, "time": 3.548, "data_time": 0.001, "lr": 0.001, "loss": -26.989}
{"message": "", "levelname": "INFO", "name": "Trainer", "asctime": "2026-04-16 02:42:48,042", "type": "train", "epoch": 7, "batch": 2639, "n_batches": 7774, "time": 3.005, "data_time": 0.001, "lr": 0.001, "loss": -34.207}
{"message": "", "levelname": "INFO", "name": "Trainer", "asctime": "2026-04-16 02:43:17,499", "type": "train", "epoch": 7, "batch": 2719, "n_batches": 7774, "time": 2.963, "data_time": 0.001, "lr": 0.001, "loss": -34.323}
{"message": "", "levelname": "INFO", "name": "Trainer", "asctime": "2026-04-16 02:43:48,099", "type": "train", "epoch": 7, "batch": 2799, "n_batches": 7774, "time": 3.761, "data_time": 0.0, "lr": 0.001, "loss": -31.426}
{"message": "", "levelname": "INFO", "name": "Trainer", "asctime": "2026-04-16 02:44:14,466", "type": "train", "epoch": 7, "batch": 2879, "n_batches": 7774, "time": 2.53, "data_time": 0.0, "lr": 0.001, "loss": -35.153}
{"message": "", "levelname": "INFO", "name": "Trainer", "asctime": "2026-04-16 02:44:46,021", "type": "train", "epoch": 7, "batch": 2959, "n_batches": 7774, "time": 3.798, "data_time": 0.0, "lr": 0.001, "loss": -37.993}
{"message": "", "levelname": "INFO", "name": "Trainer", "asctime": "2026-04-16 02:45:16,083", "type": "train", "epoch": 7, "batch": 3039, "n_batches": 7774, "time": 2.242, "data_time": 0.001, "lr": 0.001, "loss": -29.919}
{"message": "", "levelname": "INFO", "name": "Trainer", "asctime": "2026-04-16 02:45:43,335", "type": "train", "epoch": 7, "batch": 3119, "n_batches": 7774, "time": 2.174, "data_time": 0.001, "lr": 0.001, "loss": -32.326}
{"message": "", "levelname": "INFO", "name": "Trainer", "asctime": "2026-04-16 02:46:15,467", "type": "train", "epoch": 7, "batch": 3199, "n_batches": 7774, "time": 2.538, "data_time": 0.001, "lr": 0.001, "loss": -35.617}
{"message": "", "levelname": "INFO", "name": "Trainer", "asctime": "2026-04-16 02:46:48,967", "type": "train", "epoch": 7, "batch": 3279, "n_batches": 7774, "time": 2.531, "data_time": 0.001, "lr": 0.001, "loss": -32.538}
{"message": "", "levelname": "INFO", "name": "Trainer", "asctime": "2026-04-16 02:47:17,418", "type": "train", "epoch": 7, "batch": 3359, "n_batches": 7774, "time": 2.761, "data_time": 0.0, "lr": 0.001, "loss": -34.819}
{"message": "", "levelname": "INFO", "name": "Trainer", "asctime": "2026-04-16 02:47:42,838", "type": "train", "epoch": 7, "batch": 3439, "n_batches": 7774, "time": 2.265, "data_time": 0.001, "lr": 0.001, "loss": -31.752}
{"message": "", "levelname": "INFO", "name": "Trainer", "asctime": "2026-04-16 02:48:12,339", "type": "train", "epoch": 7, "batch": 3519, "n_batches": 7774, "time": 2.794, "data_time": 0.001, "lr": 0.001, "loss": -28.713}
{"message": "", "levelname": "INFO", "name": "Trainer", "asctime": "2026-04-16 02:48:41,545", "type": "train", "epoch": 7, "batch": 3599, "n_batches": 7774, "time": 2.5, "data_time": 0.0, "lr": 0.001, "loss": -29.357}
{"message": "", "levelname": "INFO", "name": "Trainer", "asctime": "2026-04-16 02:49:09,538", "type": "train", "epoch": 7, "batch": 3679, "n_batches": 7774, "time": 2.818, "data_time": 0.0, "lr": 0.001, "loss": -31.939}
{"message": "", "levelname": "INFO", "name": "Trainer", "asctime": "2026-04-16 02:49:41,502", "type": "train", "epoch": 7, "batch": 3759, "n_batches": 7774, "time": 3.042, "data_time": 0.001, "lr": 0.001, "loss": -33.205}
{"message": "", "levelname": "INFO", "name": "Trainer", "asctime": "2026-04-16 02:50:10,754", "type": "train", "epoch": 7, "batch": 3839, "n_batches": 7774, "time": 2.44, "data_time": 0.0, "lr": 0.001, "loss": -24.976}
{"message": "", "levelname": "INFO", "name": "Trainer", "asctime": "2026-04-16 02:50:41,362", "type": "train", "epoch": 7, "batch": 3919, "n_batches": 7774, "time": 2.967, "data_time": 0.0, "lr": 0.001, "loss": -32.43}
{"message": "", "levelname": "INFO", "name": "Trainer", "asctime": "2026-04-16 02:51:15,267", "type": "train", "epoch": 7, "batch": 3999, "n_batches": 7774, "time": 3.555, "data_time": 0.001, "lr": 0.001, "loss": -36.728}
{"message": "", "levelname": "INFO", "name": "Trainer", "asctime": "2026-04-16 02:51:46,850", "type": "train", "epoch": 7, "batch": 4079, "n_batches": 7774, "time": 2.884, "data_time": 0.001, "lr": 0.001, "loss": -36.155}
{"message": "", "levelname": "INFO", "name": "Trainer", "asctime": "2026-04-16 02:52:19,188", "type": "train", "epoch": 7, "batch": 4159, "n_batches": 7774, "time": 3.056, "data_time": 0.001, "lr": 0.001, "loss": -34.566}
{"message": "", "levelname": "INFO", "name": "Trainer", "asctime": "2026-04-16 02:52:47,040", "type": "train", "epoch": 7, "batch": 4239, "n_batches": 7774, "time": 2.053, "data_time": 0.001, "lr": 0.001, "loss": -33.326}
{"message": "", "levelname": "INFO", "name": "Trainer", "asctime": "2026-04-16 02:53:18,833", "type": "train", "epoch": 7, "batch": 4319, "n_batches": 7774, "time": 2.522, "data_time": 0.001, "lr": 0.001, "loss": -33.24}
{"message": "", "levelname": "INFO", "name": "Trainer", "asctime": "2026-04-16 02:53:52,275", "type": "train", "epoch": 7, "batch": 4399, "n_batches": 7774, "time": 3.042, "data_time": 0.001, "lr": 0.001, "loss": -30.964}
{"message": "", "levelname": "INFO", "name": "Trainer", "asctime": "2026-04-16 02:54:22,111", "type": "train", "epoch": 7, "batch": 4479, "n_batches": 7774, "time": 3.222, "data_time": 0.001, "lr": 0.001, "loss": -34.412}
{"message": "", "levelname": "INFO", "name": "Trainer", "asctime": "2026-04-16 02:54:53,745", "type": "train", "epoch": 7, "batch": 4559, "n_batches": 7774, "time": 2.785, "data_time": 0.001, "lr": 0.001, "loss": -35.956}
{"message": "", "levelname": "INFO", "name": "Trainer", "asctime": "2026-04-16 02:55:23,957", "type": "train", "epoch": 7, "batch": 4639, "n_batches": 7774, "time": 2.927, "data_time": 0.001, "lr": 0.001, "loss": -33.564}
{"message": "", "levelname": "INFO", "name": "Trainer", "asctime": "2026-04-16 02:55:49,450", "type": "train", "epoch": 7, "batch": 4719, "n_batches": 7774, "time": 2.291, "data_time": 0.001, "lr": 0.001, "loss": -38.127}
{"message": "", "levelname": "INFO", "name": "Trainer", "asctime": "2026-04-16 02:56:18,345", "type": "train", "epoch": 7, "batch": 4799, "n_batches": 7774, "time": 2.72, "data_time": 0.001, "lr": 0.001, "loss": -34.966}
{"message": "", "levelname": "INFO", "name": "Trainer", "asctime": "2026-04-16 02:56:48,870", "type": "train", "epoch": 7, "batch": 4879, "n_batches": 7774, "time": 2.013, "data_time": 0.001, "lr": 0.001, "loss": -32.915}
{"message": "", "levelname": "INFO", "name": "Trainer", "asctime": "2026-04-16 02:57:19,564", "type": "train", "epoch": 7, "batch": 4959, "n_batches": 7774, "time": 3.201, "data_time": 0.001, "lr": 0.001, "loss": -31.645}
{"message": "", "levelname": "INFO", "name": "Trainer", "asctime": "2026-04-16 02:57:52,946", "type": "train", "epoch": 7, "batch": 5039, "n_batches": 7774, "time": 4.131, "data_time": 0.001, "lr": 0.001, "loss": -28.422}
{"message": "", "levelname": "INFO", "name": "Trainer", "asctime": "2026-04-16 02:58:23,343", "type": "train", "epoch": 7, "batch": 5119, "n_batches": 7774, "time": 2.45, "data_time": 0.0, "lr": 0.001, "loss": -35.743}
{"message": "", "levelname": "INFO", "name": "Trainer", "asctime": "2026-04-16 02:58:54,048", "type": "train", "epoch": 7, "batch": 5199, "n_batches": 7774, "time": 2.922, "data_time": 0.0, "lr": 0.001, "loss": -34.493}
{"message": "", "levelname": "INFO", "name": "Trainer", "asctime": "2026-04-16 02:59:21,850", "type": "train", "epoch": 7, "batch": 5279, "n_batches": 7774, "time": 3.44, "data_time": 0.0, "lr": 0.001, "loss": -30.039}
{"message": "", "levelname": "INFO", "name": "Trainer", "asctime": "2026-04-16 02:59:58,187", "type": "train", "epoch": 7, "batch": 5359, "n_batches": 7774, "time": 4.544, "data_time": 0.001, "lr": 0.001, "loss": -35.165}
{"message": "", "levelname": "INFO", "name": "Trainer", "asctime": "2026-04-16 03:00:27,314", "type": "train", "epoch": 7, "batch": 5439, "n_batches": 7774, "time": 2.322, "data_time": 0.001, "lr": 0.001, "loss": -21.241}
{"message": "", "levelname": "INFO", "name": "Trainer", "asctime": "2026-04-16 03:00:58,018", "type": "train", "epoch": 7, "batch": 5519, "n_batches": 7774, "time": 2.61, "data_time": 0.001, "lr": 0.001, "loss": -34.982}
{"message": "", "levelname": "INFO", "name": "Trainer", "asctime": "2026-04-16 03:01:27,145", "type": "train", "epoch": 7, "batch": 5599, "n_batches": 7774, "time": 1.326, "data_time": 0.001, "lr": 0.001, "loss": -29.621}
{"message": "", "levelname": "INFO", "name": "Trainer", "asctime": "2026-04-16 03:02:00,508", "type": "train", "epoch": 7, "batch": 5679, "n_batches": 7774, "time": 4.109, "data_time": 0.001, "lr": 0.001, "loss": -33.187}
{"message": "", "levelname": "INFO", "name": "Trainer", "asctime": "2026-04-16 03:02:34,554", "type": "train", "epoch": 7, "batch": 5759, "n_batches": 7774, "time": 3.984, "data_time": 0.001, "lr": 0.001, "loss": -21.826}
{"message": "", "levelname": "INFO", "name": "Trainer", "asctime": "2026-04-16 03:03:02,295", "type": "train", "epoch": 7, "batch": 5839, "n_batches": 7774, "time": 2.608, "data_time": 0.001, "lr": 0.001, "loss": -29.665}
{"message": "", "levelname": "INFO", "name": "Trainer", "asctime": "2026-04-16 03:03:29,065", "type": "train", "epoch": 7, "batch": 5919, "n_batches": 7774, "time": 2.208, "data_time": 0.002, "lr": 0.001, "loss": -34.595}
{"message": "", "levelname": "INFO", "name": "Trainer", "asctime": "2026-04-16 03:03:57,697", "type": "train", "epoch": 7, "batch": 5999, "n_batches": 7774, "time": 3.005, "data_time": 0.001, "lr": 0.001, "loss": -35.592}
{"message": "", "levelname": "INFO", "name": "Trainer", "asctime": "2026-04-16 03:04:24,455", "type": "train", "epoch": 7, "batch": 6079, "n_batches": 7774, "time": 3.115, "data_time": 0.001, "lr": 0.001, "loss": -28.074}
{"message": "", "levelname": "INFO", "name": "Trainer", "asctime": "2026-04-16 03:04:57,841", "type": "train", "epoch": 7, "batch": 6159, "n_batches": 7774, "time": 2.942, "data_time": 0.001, "lr": 0.001, "loss": -34.265}
{"message": "", "levelname": "INFO", "name": "Trainer", "asctime": "2026-04-16 03:05:26,563", "type": "train", "epoch": 7, "batch": 6239, "n_batches": 7774, "time": 2.203, "data_time": 0.001, "lr": 0.001, "loss": -30.462}
{"message": "", "levelname": "INFO", "name": "Trainer", "asctime": "2026-04-16 03:06:00,195", "type": "train", "epoch": 7, "batch": 6319, "n_batches": 7774, "time": 3.227, "data_time": 0.001, "lr": 0.001, "loss": -29.633}
{"message": "", "levelname": "INFO", "name": "Trainer", "asctime": "2026-04-16 03:06:30,698", "type": "train", "epoch": 7, "batch": 6399, "n_batches": 7774, "time": 2.085, "data_time": 0.001, "lr": 0.001, "loss": -28.181}
{"message": "", "levelname": "INFO", "name": "Trainer", "asctime": "2026-04-16 03:06:56,585", "type": "train", "epoch": 7, "batch": 6479, "n_batches": 7774, "time": 3.432, "data_time": 0.001, "lr": 0.001, "loss": -35.492}
{"message": "", "levelname": "INFO", "name": "Trainer", "asctime": "2026-04-16 03:07:27,642", "type": "train", "epoch": 7, "batch": 6559, "n_batches": 7774, "time": 3.427, "data_time": 0.001, "lr": 0.001, "loss": -28.984}
{"message": "", "levelname": "INFO", "name": "Trainer", "asctime": "2026-04-16 03:07:55,406", "type": "train", "epoch": 7, "batch": 6639, "n_batches": 7774, "time": 2.465, "data_time": 0.001, "lr": 0.001, "loss": -29.827}
{"message": "", "levelname": "INFO", "name": "Trainer", "asctime": "2026-04-16 03:08:29,449", "type": "train", "epoch": 7, "batch": 6719, "n_batches": 7774, "time": 4.499, "data_time": 0.001, "lr": 0.001, "loss": -31.337}
{"message": "", "levelname": "INFO", "name": "Trainer", "asctime": "2026-04-16 03:08:59,732", "type": "train", "epoch": 7, "batch": 6799, "n_batches": 7774, "time": 2.698, "data_time": 0.001, "lr": 0.001, "loss": -32.484}
{"message": "", "levelname": "INFO", "name": "Trainer", "asctime": "2026-04-16 03:09:31,554", "type": "train", "epoch": 7, "batch": 6879, "n_batches": 7774, "time": 3.643, "data_time": 0.001, "lr": 0.001, "loss": -35.391}
{"message": "", "levelname": "INFO", "name": "Trainer", "asctime": "2026-04-16 03:10:04,769", "type": "train", "epoch": 7, "batch": 6959, "n_batches": 7774, "time": 3.322, "data_time": 0.001, "lr": 0.001, "loss": -27.124}
{"message": "", "levelname": "INFO", "name": "Trainer", "asctime": "2026-04-16 03:10:28,728", "type": "train", "epoch": 7, "batch": 7039, "n_batches": 7774, "time": 2.433, "data_time": 0.001, "lr": 0.001, "loss": -29.35}
{"message": "", "levelname": "INFO", "name": "Trainer", "asctime": "2026-04-16 03:11:00,660", "type": "train", "epoch": 7, "batch": 7119, "n_batches": 7774, "time": 4.175, "data_time": 0.001, "lr": 0.001, "loss": -31.991}
{"message": "", "levelname": "INFO", "name": "Trainer", "asctime": "2026-04-16 03:11:30,134", "type": "train", "epoch": 7, "batch": 7199, "n_batches": 7774, "time": 2.99, "data_time": 0.001, "lr": 0.001, "loss": -35.083}
{"message": "", "levelname": "INFO", "name": "Trainer", "asctime": "2026-04-16 03:12:05,317", "type": "train", "epoch": 7, "batch": 7279, "n_batches": 7774, "time": 3.411, "data_time": 0.0, "lr": 0.001, "loss": -34.147}
{"message": "", "levelname": "INFO", "name": "Trainer", "asctime": "2026-04-16 03:12:41,687", "type": "train", "epoch": 7, "batch": 7359, "n_batches": 7774, "time": 3.576, "data_time": 0.0, "lr": 0.001, "loss": -36.107}
{"message": "", "levelname": "INFO", "name": "Trainer", "asctime": "2026-04-16 03:13:13,994", "type": "train", "epoch": 7, "batch": 7439, "n_batches": 7774, "time": 3.432, "data_time": 0.001, "lr": 0.001, "loss": -33.256}
{"message": "", "levelname": "INFO", "name": "Trainer", "asctime": "2026-04-16 03:13:45,851", "type": "train", "epoch": 7, "batch": 7519, "n_batches": 7774, "time": 3.316, "data_time": 0.0, "lr": 0.001, "loss": -31.386}
{"message": "", "levelname": "INFO", "name": "Trainer", "asctime": "2026-04-16 03:14:16,718", "type": "train", "epoch": 7, "batch": 7599, "n_batches": 7774, "time": 3.248, "data_time": 0.0, "lr": 0.001, "loss": -31.602}
{"message": "", "levelname": "INFO", "name": "Trainer", "asctime": "2026-04-16 03:14:47,457", "type": "train", "epoch": 7, "batch": 7679, "n_batches": 7774, "time": 2.897, "data_time": 0.001, "lr": 0.001, "loss": -31.406}
{"message": "", "levelname": "INFO", "name": "Trainer", "asctime": "2026-04-16 03:15:19,379", "type": "train", "epoch": 7, "batch": 7759, "n_batches": 7774, "time": 2.383, "data_time": 0.0, "lr": 0.001, "loss": -34.207}
{"message": "", "levelname": "INFO", "name": "Trainer", "asctime": "2026-04-16 03:15:25,049", "type": "train-epoch", "epoch": 8, "loss": -4.0393, "time": 2975.0}
{"message": "", "levelname": "INFO", "name": "Trainer", "asctime": "2026-04-16 03:22:26,268", "type": "val-epoch", "epoch": 8, "loss": 0.025, "test_loss": 0.201, "time": 421.2}
{"message": "", "levelname": "INFO", "name": "Trainer", "asctime": "2026-04-16 03:22:57,238", "type": "train", "epoch": 8, "batch": 79, "n_batches": 7774, "time": 4.457, "data_time": 0.001, "lr": 0.001, "loss": -38.284}
{"message": "", "levelname": "INFO", "name": "Trainer", "asctime": "2026-04-16 03:23:27,056", "type": "train", "epoch": 8, "batch": 159, "n_batches": 7774, "time": 2.371, "data_time": 0.001, "lr": 0.001, "loss": -29.642}
{"message": "", "levelname": "INFO", "name": "Trainer", "asctime": "2026-04-16 03:23:57,221", "type": "train", "epoch": 8, "batch": 239, "n_batches": 7774, "time": 3.459, "data_time": 0.001, "lr": 0.001, "loss": -35.022}
{"message": "", "levelname": "INFO", "name": "Trainer", "asctime": "2026-04-16 03:24:31,275", "type": "train", "epoch": 8, "batch": 319, "n_batches": 7774, "time": 3.288, "data_time": 0.001, "lr": 0.001, "loss": -38.438}
{"message": "", "levelname": "INFO", "name": "Trainer", "asctime": "2026-04-16 03:24:59,731", "type": "train", "epoch": 8, "batch": 399, "n_batches": 7774, "time": 3.408, "data_time": 0.001, "lr": 0.001, "loss": -27.248}
{"message": "", "levelname": "INFO", "name": "Trainer", "asctime": "2026-04-16 03:25:26,553", "type": "train", "epoch": 8, "batch": 479, "n_batches": 7774, "time": 2.527, "data_time": 0.004, "lr": 0.001, "loss": -36.092}
{"message": "", "levelname": "INFO", "name": "Trainer", "asctime": "2026-04-16 03:25:56,655", "type": "train", "epoch": 8, "batch": 559, "n_batches": 7774, "time": 2.199, "data_time": 0.001, "lr": 0.001, "loss": -34.045}
{"message": "", "levelname": "INFO", "name": "Trainer", "asctime": "2026-04-16 03:26:29,910", "type": "train", "epoch": 8, "batch": 639, "n_batches": 7774, "time": 2.735, "data_time": 0.001, "lr": 0.001, "loss": -36.713}
{"message": "", "levelname": "INFO", "name": "Trainer", "asctime": "2026-04-16 03:27:00,893", "type": "train", "epoch": 8, "batch": 719, "n_batches": 7774, "time": 2.858, "data_time": 0.001, "lr": 0.001, "loss": -35.134}
{"message": "", "levelname": "INFO", "name": "Trainer", "asctime": "2026-04-16 03:27:35,108", "type": "train", "epoch": 8, "batch": 799, "n_batches": 7774, "time": 2.152, "data_time": 0.001, "lr": 0.001, "loss": -26.346}
{"message": "", "levelname": "INFO", "name": "Trainer", "asctime": "2026-04-16 03:28:06,423", "type": "train", "epoch": 8, "batch": 879, "n_batches": 7774, "time": 2.462, "data_time": 0.001, "lr": 0.001, "loss": -29.321}
{"message": "", "levelname": "INFO", "name": "Trainer", "asctime": "2026-04-16 03:28:37,713", "type": "train", "epoch": 8, "batch": 959, "n_batches": 7774, "time": 4.129, "data_time": 0.001, "lr": 0.001, "loss": -34.493}
{"message": "", "levelname": "INFO", "name": "Trainer", "asctime": "2026-04-16 03:29:08,958", "type": "train", "epoch": 8, "batch": 1039, "n_batches": 7774, "time": 3.729, "data_time": 0.001, "lr": 0.001, "loss": -28.881}
{"message": "", "levelname": "INFO", "name": "Trainer", "asctime": "2026-04-16 03:29:37,256", "type": "train", "epoch": 8, "batch": 1119, "n_batches": 7774, "time": 2.789, "data_time": 0.001, "lr": 0.001, "loss": -33.881}
{"message": "", "levelname": "INFO", "name": "Trainer", "asctime": "2026-04-16 03:30:09,049", "type": "train", "epoch": 8, "batch": 1199, "n_batches": 7774, "time": 4.062, "data_time": 0.001, "lr": 0.001, "loss": -40.267}
{"message": "", "levelname": "INFO", "name": "Trainer", "asctime": "2026-04-16 03:30:37,216", "type": "train", "epoch": 8, "batch": 1279, "n_batches": 7774, "time": 3.417, "data_time": 0.001, "lr": 0.001, "loss": -37.604}
{"message": "", "levelname": "INFO", "name": "Trainer", "asctime": "2026-04-16 03:31:10,693", "type": "train", "epoch": 8, "batch": 1359, "n_batches": 7774, "time": 3.988, "data_time": 0.001, "lr": 0.001, "loss": -37.787}
{"message": "", "levelname": "INFO", "name": "Trainer", "asctime": "2026-04-16 03:31:40,957", "type": "train", "epoch": 8, "batch": 1439, "n_batches": 7774, "time": 2.452, "data_time": 0.001, "lr": 0.001, "loss": -31.786}
{"message": "", "levelname": "INFO", "name": "Trainer", "asctime": "2026-04-16 03:32:10,398", "type": "train", "epoch": 8, "batch": 1519, "n_batches": 7774, "time": 2.373, "data_time": 0.001, "lr": 0.001, "loss": -33.806}
{"message": "", "levelname": "INFO", "name": "Trainer", "asctime": "2026-04-16 03:32:37,767", "type": "train", "epoch": 8, "batch": 1599, "n_batches": 7774, "time": 3.277, "data_time": 0.001, "lr": 0.001, "loss": -29.367}
{"message": "", "levelname": "INFO", "name": "Trainer", "asctime": "2026-04-16 03:33:03,114", "type": "train", "epoch": 8, "batch": 1679, "n_batches": 7774, "time": 3.426, "data_time": 0.001, "lr": 0.001, "loss": -30.291}
{"message": "", "levelname": "INFO", "name": "Trainer", "asctime": "2026-04-16 03:33:36,523", "type": "train", "epoch": 8, "batch": 1759, "n_batches": 7774, "time": 3.369, "data_time": 0.001, "lr": 0.001, "loss": -33.852}
{"message": "", "levelname": "INFO", "name": "Trainer", "asctime": "2026-04-16 03:34:06,416", "type": "train", "epoch": 8, "batch": 1839, "n_batches": 7774, "time": 2.874, "data_time": 0.001, "lr": 0.001, "loss": -29.759}
{"message": "", "levelname": "INFO", "name": "Trainer", "asctime": "2026-04-16 03:34:35,090", "type": "train", "epoch": 8, "batch": 1919, "n_batches": 7774, "time": 3.123, "data_time": 0.001, "lr": 0.001, "loss": -35.559}
{"message": "", "levelname": "INFO", "name": "Trainer", "asctime": "2026-04-16 03:35:03,590", "type": "train", "epoch": 8, "batch": 1999, "n_batches": 7774, "time": 3.609, "data_time": 0.001, "lr": 0.001, "loss": -35.448}
{"message": "", "levelname": "INFO", "name": "Trainer", "asctime": "2026-04-16 03:35:36,611", "type": "train", "epoch": 8, "batch": 2079, "n_batches": 7774, "time": 3.909, "data_time": 0.001, "lr": 0.001, "loss": -39.302}
{"message": "", "levelname": "INFO", "name": "Trainer", "asctime": "2026-04-16 03:36:09,177", "type": "train", "epoch": 8, "batch": 2159, "n_batches": 7774, "time": 2.579, "data_time": 0.0, "lr": 0.001, "loss": -33.064}
{"message": "", "levelname": "INFO", "name": "Trainer", "asctime": "2026-04-16 03:36:34,143", "type": "train", "epoch": 8, "batch": 2239, "n_batches": 7774, "time": 2.246, "data_time": 0.001, "lr": 0.001, "loss": -31.228}
{"message": "", "levelname": "INFO", "name": "Trainer", "asctime": "2026-04-16 03:37:00,961", "type": "train", "epoch": 8, "batch": 2319, "n_batches": 7774, "time": 3.188, "data_time": 0.001, "lr": 0.001, "loss": -34.153}
{"message": "", "levelname": "INFO", "name": "Trainer", "asctime": "2026-04-16 03:37:32,644", "type": "train", "epoch": 8, "batch": 2399, "n_batches": 7774, "time": 2.991, "data_time": 0.001, "lr": 0.001, "loss": -35.46}
{"message": "", "levelname": "INFO", "name": "Trainer", "asctime": "2026-04-16 03:37:59,841", "type": "train", "epoch": 8, "batch": 2479, "n_batches": 7774, "time": 2.896, "data_time": 0.001, "lr": 0.001, "loss": -33.19}
{"message": "", "levelname": "INFO", "name": "Trainer", "asctime": "2026-04-16 03:38:34,871", "type": "train", "epoch": 8, "batch": 2559, "n_batches": 7774, "time": 3.871, "data_time": 0.001, "lr": 0.001, "loss": -31.714}
{"message": "", "levelname": "INFO", "name": "Trainer", "asctime": "2026-04-16 03:39:06,834", "type": "train", "epoch": 8, "batch": 2639, "n_batches": 7774, "time": 4.063, "data_time": 0.001, "lr": 0.001, "loss": -34.611}
{"message": "", "levelname": "INFO", "name": "Trainer", "asctime": "2026-04-16 03:39:37,573", "type": "train", "epoch": 8, "batch": 2719, "n_batches": 7774, "time": 3.0, "data_time": 0.001, "lr": 0.001, "loss": -36.258}
{"message": "", "levelname": "INFO", "name": "Trainer", "asctime": "2026-04-16 03:40:10,870", "type": "train", "epoch": 8, "batch": 2799, "n_batches": 7774, "time": 3.197, "data_time": 0.001, "lr": 0.001, "loss": -35.295}
{"message": "", "levelname": "INFO", "name": "Trainer", "asctime": "2026-04-16 03:40:42,681", "type": "train", "epoch": 8, "batch": 2879, "n_batches": 7774, "time": 3.037, "data_time": 0.001, "lr": 0.001, "loss": -35.831}
{"message": "", "levelname": "INFO", "name": "Trainer", "asctime": "2026-04-16 03:41:15,195", "type": "train", "epoch": 8, "batch": 2959, "n_batches": 7774, "time": 3.08, "data_time": 0.001, "lr": 0.001, "loss": -34.333}
{"message": "", "levelname": "INFO", "name": "Trainer", "asctime": "2026-04-16 03:41:49,055", "type": "train", "epoch": 8, "batch": 3039, "n_batches": 7774, "time": 3.531, "data_time": 0.001, "lr": 0.001, "loss": -37.362}
{"message": "", "levelname": "INFO", "name": "Trainer", "asctime": "2026-04-16 03:42:19,967", "type": "train", "epoch": 8, "batch": 3119, "n_batches": 7774, "time": 3.393, "data_time": 0.0, "lr": 0.001, "loss": -29.872}
{"message": "", "levelname": "INFO", "name": "Trainer", "asctime": "2026-04-16 03:42:49,167", "type": "train", "epoch": 8, "batch": 3199, "n_batches": 7774, "time": 3.188, "data_time": 0.001, "lr": 0.001, "loss": -36.01}
{"message": "", "levelname": "INFO", "name": "Trainer", "asctime": "2026-04-16 03:43:21,264", "type": "train", "epoch": 8, "batch": 3279, "n_batches": 7774, "time": 2.993, "data_time": 0.001, "lr": 0.001, "loss": -36.172}
{"message": "", "levelname": "INFO", "name": "Trainer", "asctime": "2026-04-16 03:43:54,538", "type": "train", "epoch": 8, "batch": 3359, "n_batches": 7774, "time": 2.685, "data_time": 0.001, "lr": 0.001, "loss": -27.438}
{"message": "", "levelname": "INFO", "name": "Trainer", "asctime": "2026-04-16 03:44:25,367", "type": "train", "epoch": 8, "batch": 3439, "n_batches": 7774, "time": 3.469, "data_time": 0.001, "lr": 0.001, "loss": -34.624}
{"message": "", "levelname": "INFO", "name": "Trainer", "asctime": "2026-04-16 03:45:01,837", "type": "train", "epoch": 8, "batch": 3519, "n_batches": 7774, "time": 4.671, "data_time": 0.001, "lr": 0.001, "loss": -32.31}
{"message": "", "levelname": "INFO", "name": "Trainer", "asctime": "2026-04-16 03:45:31,922", "type": "train", "epoch": 8, "batch": 3599, "n_batches": 7774, "time": 2.331, "data_time": 0.0, "lr": 0.001, "loss": -34.691}
{"message": "", "levelname": "INFO", "name": "Trainer", "asctime": "2026-04-16 03:46:03,377", "type": "train", "epoch": 8, "batch": 3679, "n_batches": 7774, "time": 2.814, "data_time": 0.001, "lr": 0.001, "loss": -36.15}
{"message": "", "levelname": "INFO", "name": "Trainer", "asctime": "2026-04-16 03:46:29,015", "type": "train", "epoch": 8, "batch": 3759, "n_batches": 7774, "time": 2.186, "data_time": 0.001, "lr": 0.001, "loss": -39.486}
{"message": "", "levelname": "INFO", "name": "Trainer", "asctime": "2026-04-16 03:46:58,419", "type": "train", "epoch": 8, "batch": 3839, "n_batches": 7774, "time": 3.655, "data_time": 0.001, "lr": 0.001, "loss": -38.337}
{"message": "", "levelname": "INFO", "name": "Trainer", "asctime": "2026-04-16 03:47:28,234", "type": "train", "epoch": 8, "batch": 3919, "n_batches": 7774, "time": 2.404, "data_time": 0.001, "lr": 0.001, "loss": -38.204}
{"message": "", "levelname": "INFO", "name": "Trainer", "asctime": "2026-04-16 03:48:00,817", "type": "train", "epoch": 8, "batch": 3999, "n_batches": 7774, "time": 3.089, "data_time": 0.001, "lr": 0.001, "loss": -28.334}
{"message": "", "levelname": "INFO", "name": "Trainer", "asctime": "2026-04-16 03:48:30,911", "type": "train", "epoch": 8, "batch": 4079, "n_batches": 7774, "time": 2.545, "data_time": 0.001, "lr": 0.001, "loss": -28.845}
{"message": "", "levelname": "INFO", "name": "Trainer", "asctime": "2026-04-16 03:49:05,983", "type": "train", "epoch": 8, "batch": 4159, "n_batches": 7774, "time": 3.373, "data_time": 0.001, "lr": 0.001, "loss": -31.958}
{"message": "", "levelname": "INFO", "name": "Trainer", "asctime": "2026-04-16 03:49:38,043", "type": "train", "epoch": 8, "batch": 4239, "n_batches": 7774, "time": 3.55, "data_time": 0.001, "lr": 0.001, "loss": -38.672}
{"message": "", "levelname": "INFO", "name": "Trainer", "asctime": "2026-04-16 03:50:07,326", "type": "train", "epoch": 8, "batch": 4319, "n_batches": 7774, "time": 3.196, "data_time": 0.001, "lr": 0.001, "loss": -34.524}
{"message": "", "levelname": "INFO", "name": "Trainer", "asctime": "2026-04-16 03:50:37,073", "type": "train", "epoch": 8, "batch": 4399, "n_batches": 7774, "time": 3.348, "data_time": 0.001, "lr": 0.001, "loss": -35.555}
{"message": "", "levelname": "INFO", "name": "Trainer", "asctime": "2026-04-16 03:51:07,552", "type": "train", "epoch": 8, "batch": 4479, "n_batches": 7774, "time": 3.31, "data_time": 0.001, "lr": 0.001, "loss": -34.135}
{"message": "", "levelname": "INFO", "name": "Trainer", "asctime": "2026-04-16 03:51:36,417", "type": "train", "epoch": 8, "batch": 4559, "n_batches": 7774, "time": 2.712, "data_time": 0.001, "lr": 0.001, "loss": -36.153}
{"message": "", "levelname": "INFO", "name": "Trainer", "asctime": "2026-04-16 03:52:09,520", "type": "train", "epoch": 8, "batch": 4639, "n_batches": 7774, "time": 3.173, "data_time": 0.001, "lr": 0.001, "loss": -31.498}
{"message": "", "levelname": "INFO", "name": "Trainer", "asctime": "2026-04-16 03:52:40,114", "type": "train", "epoch": 8, "batch": 4719, "n_batches": 7774, "time": 2.972, "data_time": 0.001, "lr": 0.001, "loss": -31.562}
{"message": "", "levelname": "INFO", "name": "Trainer", "asctime": "2026-04-16 03:53:10,411", "type": "train", "epoch": 8, "batch": 4799, "n_batches": 7774, "time": 3.102, "data_time": 0.0, "lr": 0.001, "loss": -30.296}
{"message": "", "levelname": "INFO", "name": "Trainer", "asctime": "2026-04-16 03:53:43,873", "type": "train", "epoch": 8, "batch": 4879, "n_batches": 7774, "time": 2.435, "data_time": 0.001, "lr": 0.001, "loss": -34.934}
{"message": "", "levelname": "INFO", "name": "Trainer", "asctime": "2026-04-16 03:54:15,709", "type": "train", "epoch": 8, "batch": 4959, "n_batches": 7774, "time": 3.834, "data_time": 0.001, "lr": 0.001, "loss": -33.636}
{"message": "", "levelname": "INFO", "name": "Trainer", "asctime": "2026-04-16 03:54:49,816", "type": "train", "epoch": 8, "batch": 5039, "n_batches": 7774, "time": 2.58, "data_time": 0.001, "lr": 0.001, "loss": -33.743}
{"message": "", "levelname": "INFO", "name": "Trainer", "asctime": "2026-04-16 03:55:17,610", "type": "train", "epoch": 8, "batch": 5119, "n_batches": 7774, "time": 2.369, "data_time": 0.0, "lr": 0.001, "loss": -31.724}
{"message": "", "levelname": "INFO", "name": "Trainer", "asctime": "2026-04-16 03:55:51,928", "type": "train", "epoch": 8, "batch": 5199, "n_batches": 7774, "time": 2.476, "data_time": 0.001, "lr": 0.001, "loss": -29.316}
{"message": "", "levelname": "INFO", "name": "Trainer", "asctime": "2026-04-16 03:56:20,866", "type": "train", "epoch": 8, "batch": 5279, "n_batches": 7774, "time": 2.164, "data_time": 0.001, "lr": 0.001, "loss": -33.321}
{"message": "", "levelname": "INFO", "name": "Trainer", "asctime": "2026-04-16 03:56:52,249", "type": "train", "epoch": 8, "batch": 5359, "n_batches": 7774, "time": 2.957, "data_time": 0.0, "lr": 0.001, "loss": -36.489}
{"message": "", "levelname": "INFO", "name": "Trainer", "asctime": "2026-04-16 03:57:23,706", "type": "train", "epoch": 8, "batch": 5439, "n_batches": 7774, "time": 3.086, "data_time": 0.001, "lr": 0.001, "loss": -34.958}
{"message": "", "levelname": "INFO", "name": "Trainer", "asctime": "2026-04-16 03:57:50,563", "type": "train", "epoch": 8, "batch": 5519, "n_batches": 7774, "time": 3.65, "data_time": 0.001, "lr": 0.001, "loss": -22.197}
{"message": "", "levelname": "INFO", "name": "Trainer", "asctime": "2026-04-16 03:58:23,949", "type": "train", "epoch": 8, "batch": 5599, "n_batches": 7774, "time": 4.193, "data_time": 0.001, "lr": 0.001, "loss": -33.34}
{"message": "", "levelname": "INFO", "name": "Trainer", "asctime": "2026-04-16 03:58:59,803", "type": "train", "epoch": 8, "batch": 5679, "n_batches": 7774, "time": 3.32, "data_time": 0.001, "lr": 0.001, "loss": -30.207}
{"message": "", "levelname": "INFO", "name": "Trainer", "asctime": "2026-04-16 03:59:30,389", "type": "train", "epoch": 8, "batch": 5759, "n_batches": 7774, "time": 1.964, "data_time": 0.001, "lr": 0.001, "loss": -28.478}
{"message": "", "levelname": "INFO", "name": "Trainer", "asctime": "2026-04-16 03:59:58,667", "type": "train", "epoch": 8, "batch": 5839, "n_batches": 7774, "time": 2.961, "data_time": 0.001, "lr": 0.001, "loss": -30.807}
{"message": "", "levelname": "INFO", "name": "Trainer", "asctime": "2026-04-16 04:00:31,190", "type": "train", "epoch": 8, "batch": 5919, "n_batches": 7774, "time": 2.773, "data_time": 0.001, "lr": 0.001, "loss": -33.291}
{"message": "", "levelname": "INFO", "name": "Trainer", "asctime": "2026-04-16 04:01:06,515", "type": "train", "epoch": 8, "batch": 5999, "n_batches": 7774, "time": 3.532, "data_time": 0.001, "lr": 0.001, "loss": -38.791}
{"message": "", "levelname": "INFO", "name": "Trainer", "asctime": "2026-04-16 04:01:34,262", "type": "train", "epoch": 8, "batch": 6079, "n_batches": 7774, "time": 2.392, "data_time": 0.0, "lr": 0.001, "loss": -33.944}
{"message": "", "levelname": "INFO", "name": "Trainer", "asctime": "2026-04-16 04:02:00,596", "type": "train", "epoch": 8, "batch": 6159, "n_batches": 7774, "time": 2.395, "data_time": 0.001, "lr": 0.001, "loss": -34.507}
{"message": "", "levelname": "INFO", "name": "Trainer", "asctime": "2026-04-16 04:02:33,820", "type": "train", "epoch": 8, "batch": 6239, "n_batches": 7774, "time": 3.518, "data_time": 0.001, "lr": 0.001, "loss": -37.688}
{"message": "", "levelname": "INFO", "name": "Trainer", "asctime": "2026-04-16 04:03:04,226", "type": "train", "epoch": 8, "batch": 6319, "n_batches": 7774, "time": 3.34, "data_time": 0.0, "lr": 0.001, "loss": -25.943}
{"message": "", "levelname": "INFO", "name": "Trainer", "asctime": "2026-04-16 04:03:31,032", "type": "train", "epoch": 8, "batch": 6399, "n_batches": 7774, "time": 3.019, "data_time": 0.001, "lr": 0.001, "loss": -34.543}
{"message": "", "levelname": "INFO", "name": "Trainer", "asctime": "2026-04-16 04:04:01,036", "type": "train", "epoch": 8, "batch": 6479, "n_batches": 7774, "time": 2.036, "data_time": 0.001, "lr": 0.001, "loss": -30.494}
{"message": "", "levelname": "INFO", "name": "Trainer", "asctime": "2026-04-16 04:04:35,155", "type": "train", "epoch": 8, "batch": 6559, "n_batches": 7774, "time": 3.172, "data_time": 0.001, "lr": 0.001, "loss": -35.799}
{"message": "", "levelname": "INFO", "name": "Trainer", "asctime": "2026-04-16 04:05:06,094", "type": "train", "epoch": 8, "batch": 6639, "n_batches": 7774, "time": 2.812, "data_time": 0.001, "lr": 0.001, "loss": -37.292}
{"message": "", "levelname": "INFO", "name": "Trainer", "asctime": "2026-04-16 04:05:37,976", "type": "train", "epoch": 8, "batch": 6719, "n_batches": 7774, "time": 3.194, "data_time": 0.001, "lr": 0.001, "loss": -36.453}
{"message": "", "levelname": "INFO", "name": "Trainer", "asctime": "2026-04-16 04:06:07,219", "type": "train", "epoch": 8, "batch": 6799, "n_batches": 7774, "time": 3.111, "data_time": 0.003, "lr": 0.001, "loss": -29.887}
{"message": "", "levelname": "INFO", "name": "Trainer", "asctime": "2026-04-16 04:06:35,489", "type": "train", "epoch": 8, "batch": 6879, "n_batches": 7774, "time": 2.854, "data_time": 0.003, "lr": 0.001, "loss": -37.386}
{"message": "", "levelname": "INFO", "name": "Trainer", "asctime": "2026-04-16 04:07:07,386", "type": "train", "epoch": 8, "batch": 6959, "n_batches": 7774, "time": 3.415, "data_time": 0.001, "lr": 0.001, "loss": -37.39}
{"message": "", "levelname": "INFO", "name": "Trainer", "asctime": "2026-04-16 04:07:43,706", "type": "train", "epoch": 8, "batch": 7039, "n_batches": 7774, "time": 3.169, "data_time": 0.001, "lr": 0.001, "loss": -34.522}
{"message": "", "levelname": "INFO", "name": "Trainer", "asctime": "2026-04-16 04:08:16,903", "type": "train", "epoch": 8, "batch": 7119, "n_batches": 7774, "time": 3.299, "data_time": 0.004, "lr": 0.001, "loss": -26.476}
{"message": "", "levelname": "INFO", "name": "Trainer", "asctime": "2026-04-16 04:08:48,609", "type": "train", "epoch": 8, "batch": 7199, "n_batches": 7774, "time": 2.558, "data_time": 0.001, "lr": 0.001, "loss": -37.434}
{"message": "", "levelname": "INFO", "name": "Trainer", "asctime": "2026-04-16 04:09:19,461", "type": "train", "epoch": 8, "batch": 7279, "n_batches": 7774, "time": 3.968, "data_time": 0.0, "lr": 0.001, "loss": -36.984}
{"message": "", "levelname": "INFO", "name": "Trainer", "asctime": "2026-04-16 04:09:56,155", "type": "train", "epoch": 8, "batch": 7359, "n_batches": 7774, "time": 3.778, "data_time": 0.001, "lr": 0.001, "loss": -33.445}
{"message": "", "levelname": "INFO", "name": "Trainer", "asctime": "2026-04-16 04:10:28,772", "type": "train", "epoch": 8, "batch": 7439, "n_batches": 7774, "time": 3.335, "data_time": 0.001, "lr": 0.001, "loss": -30.454}
{"message": "", "levelname": "INFO", "name": "Trainer", "asctime": "2026-04-16 04:10:55,900", "type": "train", "epoch": 8, "batch": 7519, "n_batches": 7774, "time": 2.263, "data_time": 0.0, "lr": 0.001, "loss": -35.671}
{"message": "", "levelname": "INFO", "name": "Trainer", "asctime": "2026-04-16 04:11:23,024", "type": "train", "epoch": 8, "batch": 7599, "n_batches": 7774, "time": 2.984, "data_time": 0.001, "lr": 0.001, "loss": -31.621}
{"message": "", "levelname": "INFO", "name": "Trainer", "asctime": "2026-04-16 04:11:52,156", "type": "train", "epoch": 8, "batch": 7679, "n_batches": 7774, "time": 2.87, "data_time": 0.001, "lr": 0.001, "loss": -33.899}
{"message": "", "levelname": "INFO", "name": "Trainer", "asctime": "2026-04-16 04:12:20,882", "type": "train", "epoch": 8, "batch": 7759, "n_batches": 7774, "time": 2.753, "data_time": 0.001, "lr": 0.001, "loss": -29.629}
{"message": "", "levelname": "INFO", "name": "Trainer", "asctime": "2026-04-16 04:12:26,446", "type": "train-epoch", "epoch": 9, "loss": -4.18638, "time": 3000.2}
{"message": "", "levelname": "INFO", "name": "Trainer", "asctime": "2026-04-16 04:19:36,526", "type": "val-epoch", "epoch": 9, "loss": 0.08, "test_loss": 0.265, "time": 430.1}
{"message": "", "levelname": "INFO", "name": "Trainer", "asctime": "2026-04-16 04:20:07,908", "type": "train", "epoch": 9, "batch": 79, "n_batches": 7774, "time": 3.549, "data_time": 0.001, "lr": 0.001, "loss": -35.933}
{"message": "", "levelname": "INFO", "name": "Trainer", "asctime": "2026-04-16 04:20:36,871", "type": "train", "epoch": 9, "batch": 159, "n_batches": 7774, "time": 2.412, "data_time": 0.0, "lr": 0.001, "loss": -29.295}
{"message": "", "levelname": "INFO", "name": "Trainer", "asctime": "2026-04-16 04:21:05,445", "type": "train", "epoch": 9, "batch": 239, "n_batches": 7774, "time": 2.805, "data_time": 0.001, "lr": 0.001, "loss": -38.242}
{"message": "", "levelname": "INFO", "name": "Trainer", "asctime": "2026-04-16 04:21:33,495", "type": "train", "epoch": 9, "batch": 319, "n_batches": 7774, "time": 2.519, "data_time": 0.001, "lr": 0.001, "loss": -29.033}
{"message": "", "levelname": "INFO", "name": "Trainer", "asctime": "2026-04-16 04:22:03,808", "type": "train", "epoch": 9, "batch": 399, "n_batches": 7774, "time": 2.138, "data_time": 0.001, "lr": 0.001, "loss": -36.157}
{"message": "", "levelname": "INFO", "name": "Trainer", "asctime": "2026-04-16 04:22:28,228", "type": "train", "epoch": 9, "batch": 479, "n_batches": 7774, "time": 2.068, "data_time": 0.001, "lr": 0.001, "loss": -31.953}
{"message": "", "levelname": "INFO", "name": "Trainer", "asctime": "2026-04-16 04:22:55,019", "type": "train", "epoch": 9, "batch": 559, "n_batches": 7774, "time": 1.95, "data_time": 0.001, "lr": 0.001, "loss": -36.35}
{"message": "", "levelname": "INFO", "name": "Trainer", "asctime": "2026-04-16 04:23:25,365", "type": "train", "epoch": 9, "batch": 639, "n_batches": 7774, "time": 1.983, "data_time": 0.001, "lr": 0.001, "loss": -38.713}
{"message": "", "levelname": "INFO", "name": "Trainer", "asctime": "2026-04-16 04:23:56,632", "type": "train", "epoch": 9, "batch": 719, "n_batches": 7774, "time": 3.092, "data_time": 0.001, "lr": 0.001, "loss": -38.934}
{"message": "", "levelname": "INFO", "name": "Trainer", "asctime": "2026-04-16 04:24:28,252", "type": "train", "epoch": 9, "batch": 799, "n_batches": 7774, "time": 3.739, "data_time": 0.0, "lr": 0.001, "loss": -36.51}
{"message": "", "levelname": "INFO", "name": "Trainer", "asctime": "2026-04-16 04:24:59,295", "type": "train", "epoch": 9, "batch": 879, "n_batches": 7774, "time": 3.344, "data_time": 0.001, "lr": 0.001, "loss": -36.042}
{"message": "", "levelname": "INFO", "name": "Trainer", "asctime": "2026-04-16 04:25:31,271", "type": "train", "epoch": 9, "batch": 959, "n_batches": 7774, "time": 3.787, "data_time": 0.001, "lr": 0.001, "loss": -30.908}
{"message": "", "levelname": "INFO", "name": "Trainer", "asctime": "2026-04-16 04:26:01,753", "type": "train", "epoch": 9, "batch": 1039, "n_batches": 7774, "time": 2.028, "data_time": 0.001, "lr": 0.001, "loss": -35.875}
{"message": "", "levelname": "INFO", "name": "Trainer", "asctime": "2026-04-16 04:26:30,968", "type": "train", "epoch": 9, "batch": 1119, "n_batches": 7774, "time": 2.845, "data_time": 0.003, "lr": 0.001, "loss": -29.126}
{"message": "", "levelname": "INFO", "name": "Trainer", "asctime": "2026-04-16 04:26:56,462", "type": "train", "epoch": 9, "batch": 1199, "n_batches": 7774, "time": 2.363, "data_time": 0.001, "lr": 0.001, "loss": -32.389}
{"message": "", "levelname": "INFO", "name": "Trainer", "asctime": "2026-04-16 04:27:26,175", "type": "train", "epoch": 9, "batch": 1279, "n_batches": 7774, "time": 3.183, "data_time": 0.001, "lr": 0.001, "loss": -40.911}
{"message": "", "levelname": "INFO", "name": "Trainer", "asctime": "2026-04-16 04:27:54,916", "type": "train", "epoch": 9, "batch": 1359, "n_batches": 7774, "time": 2.777, "data_time": 0.001, "lr": 0.001, "loss": -32.417}
{"message": "", "levelname": "INFO", "name": "Trainer", "asctime": "2026-04-16 04:28:23,278", "type": "train", "epoch": 9, "batch": 1439, "n_batches": 7774, "time": 2.673, "data_time": 0.0, "lr": 0.001, "loss": -37.012}
{"message": "", "levelname": "INFO", "name": "Trainer", "asctime": "2026-04-16 04:28:57,161", "type": "train", "epoch": 9, "batch": 1519, "n_batches": 7774, "time": 3.078, "data_time": 0.0, "lr": 0.001, "loss": -29.109}
{"message": "", "levelname": "INFO", "name": "Trainer", "asctime": "2026-04-16 04:29:29,875", "type": "train", "epoch": 9, "batch": 1599, "n_batches": 7774, "time": 3.906, "data_time": 0.001, "lr": 0.001, "loss": -36.643}
{"message": "", "levelname": "INFO", "name": "Trainer", "asctime": "2026-04-16 04:30:01,298", "type": "train", "epoch": 9, "batch": 1679, "n_batches": 7774, "time": 3.069, "data_time": 0.001, "lr": 0.001, "loss": -34.573}
{"message": "", "levelname": "INFO", "name": "Trainer", "asctime": "2026-04-16 04:30:32,557", "type": "train", "epoch": 9, "batch": 1759, "n_batches": 7774, "time": 3.508, "data_time": 0.001, "lr": 0.001, "loss": -35.619}
{"message": "", "levelname": "INFO", "name": "Trainer", "asctime": "2026-04-16 04:31:06,904", "type": "train", "epoch": 9, "batch": 1839, "n_batches": 7774, "time": 3.169, "data_time": 0.001, "lr": 0.001, "loss": -33.315}
{"message": "", "levelname": "INFO", "name": "Trainer", "asctime": "2026-04-16 04:31:30,635", "type": "train", "epoch": 9, "batch": 1919, "n_batches": 7774, "time": 2.793, "data_time": 0.001, "lr": 0.001, "loss": -35.617}
{"message": "", "levelname": "INFO", "name": "Trainer", "asctime": "2026-04-16 04:31:59,661", "type": "train", "epoch": 9, "batch": 1999, "n_batches": 7774, "time": 3.181, "data_time": 0.001, "lr": 0.001, "loss": -39.421}
{"message": "", "levelname": "INFO", "name": "Trainer", "asctime": "2026-04-16 04:32:30,195", "type": "train", "epoch": 9, "batch": 2079, "n_batches": 7774, "time": 3.082, "data_time": 0.001, "lr": 0.001, "loss": -35.306}
{"message": "", "levelname": "INFO", "name": "Trainer", "asctime": "2026-04-16 04:33:00,548", "type": "train", "epoch": 9, "batch": 2159, "n_batches": 7774, "time": 2.332, "data_time": 0.001, "lr": 0.001, "loss": -31.413}
{"message": "", "levelname": "INFO", "name": "Trainer", "asctime": "2026-04-16 04:33:32,753", "type": "train", "epoch": 9, "batch": 2239, "n_batches": 7774, "time": 2.397, "data_time": 0.001, "lr": 0.001, "loss": -35.97}
{"message": "", "levelname": "INFO", "name": "Trainer", "asctime": "2026-04-16 04:34:05,947", "type": "train", "epoch": 9, "batch": 2319, "n_batches": 7774, "time": 3.922, "data_time": 0.0, "lr": 0.001, "loss": -39.751}
{"message": "", "levelname": "INFO", "name": "Trainer", "asctime": "2026-04-16 04:34:34,784", "type": "train", "epoch": 9, "batch": 2399, "n_batches": 7774, "time": 2.947, "data_time": 0.001, "lr": 0.001, "loss": -29.606}
{"message": "", "levelname": "INFO", "name": "Trainer", "asctime": "2026-04-16 04:35:08,328", "type": "train", "epoch": 9, "batch": 2479, "n_batches": 7774, "time": 3.763, "data_time": 0.0, "lr": 0.001, "loss": -32.357}
{"message": "", "levelname": "INFO", "name": "Trainer", "asctime": "2026-04-16 04:35:37,202", "type": "train", "epoch": 9, "batch": 2559, "n_batches": 7774, "time": 3.371, "data_time": 0.001, "lr": 0.001, "loss": -32.48}
{"message": "", "levelname": "INFO", "name": "Trainer", "asctime": "2026-04-16 04:36:07,122", "type": "train", "epoch": 9, "batch": 2639, "n_batches": 7774, "time": 3.692, "data_time": 0.001, "lr": 0.001, "loss": -34.427}
{"message": "", "levelname": "INFO", "name": "Trainer", "asctime": "2026-04-16 04:36:41,522", "type": "train", "epoch": 9, "batch": 2719, "n_batches": 7774, "time": 3.118, "data_time": 0.004, "lr": 0.001, "loss": -42.202}
{"message": "", "levelname": "INFO", "name": "Trainer", "asctime": "2026-04-16 04:37:12,067", "type": "train", "epoch": 9, "batch": 2799, "n_batches": 7774, "time": 2.895, "data_time": 0.001, "lr": 0.001, "loss": -34.638}
{"message": "", "levelname": "INFO", "name": "Trainer", "asctime": "2026-04-16 04:37:40,735", "type": "train", "epoch": 9, "batch": 2879, "n_batches": 7774, "time": 3.11, "data_time": 0.001, "lr": 0.001, "loss": -38.599}
{"message": "", "levelname": "INFO", "name": "Trainer", "asctime": "2026-04-16 04:38:09,455", "type": "train", "epoch": 9, "batch": 2959, "n_batches": 7774, "time": 2.218, "data_time": 0.001, "lr": 0.001, "loss": -34.017}
{"message": "", "levelname": "INFO", "name": "Trainer", "asctime": "2026-04-16 04:38:39,237", "type": "train", "epoch": 9, "batch": 3039, "n_batches": 7774, "time": 2.949, "data_time": 0.001, "lr": 0.001, "loss": -38.259}
{"message": "", "levelname": "INFO", "name": "Trainer", "asctime": "2026-04-16 04:39:11,121", "type": "train", "epoch": 9, "batch": 3119, "n_batches": 7774, "time": 2.327, "data_time": 0.0, "lr": 0.001, "loss": -37.052}
{"message": "", "levelname": "INFO", "name": "Trainer", "asctime": "2026-04-16 04:39:43,916", "type": "train", "epoch": 9, "batch": 3199, "n_batches": 7774, "time": 3.106, "data_time": 0.001, "lr": 0.001, "loss": -32.792}
{"message": "", "levelname": "INFO", "name": "Trainer", "asctime": "2026-04-16 04:40:14,977", "type": "train", "epoch": 9, "batch": 3279, "n_batches": 7774, "time": 2.734, "data_time": 0.001, "lr": 0.001, "loss": -36.963}
{"message": "", "levelname": "INFO", "name": "Trainer", "asctime": "2026-04-16 04:40:43,587", "type": "train", "epoch": 9, "batch": 3359, "n_batches": 7774, "time": 3.189, "data_time": 0.001, "lr": 0.001, "loss": -35.625}
{"message": "", "levelname": "INFO", "name": "Trainer", "asctime": "2026-04-16 04:41:11,819", "type": "train", "epoch": 9, "batch": 3439, "n_batches": 7774, "time": 2.886, "data_time": 0.001, "lr": 0.001, "loss": -38.645}
{"message": "", "levelname": "INFO", "name": "Trainer", "asctime": "2026-04-16 04:41:38,846", "type": "train", "epoch": 9, "batch": 3519, "n_batches": 7774, "time": 1.987, "data_time": 0.004, "lr": 0.001, "loss": -30.44}
{"message": "", "levelname": "INFO", "name": "Trainer", "asctime": "2026-04-16 04:42:12,071", "type": "train", "epoch": 9, "batch": 3599, "n_batches": 7774, "time": 3.423, "data_time": 0.0, "lr": 0.001, "loss": -35.35}
{"message": "", "levelname": "INFO", "name": "Trainer", "asctime": "2026-04-16 04:42:44,181", "type": "train", "epoch": 9, "batch": 3679, "n_batches": 7774, "time": 3.208, "data_time": 0.001, "lr": 0.001, "loss": -36.525}
{"message": "", "levelname": "INFO", "name": "Trainer", "asctime": "2026-04-16 04:43:15,116", "type": "train", "epoch": 9, "batch": 3759, "n_batches": 7774, "time": 2.358, "data_time": 0.0, "lr": 0.001, "loss": -31.141}
{"message": "", "levelname": "INFO", "name": "Trainer", "asctime": "2026-04-16 04:43:50,431", "type": "train", "epoch": 9, "batch": 3839, "n_batches": 7774, "time": 4.946, "data_time": 0.001, "lr": 0.001, "loss": -34.464}
{"message": "", "levelname": "INFO", "name": "Trainer", "asctime": "2026-04-16 04:44:16,271", "type": "train", "epoch": 9, "batch": 3919, "n_batches": 7774, "time": 4.189, "data_time": 0.0, "lr": 0.001, "loss": -33.035}
{"message": "", "levelname": "INFO", "name": "Trainer", "asctime": "2026-04-16 04:44:44,995", "type": "train", "epoch": 9, "batch": 3999, "n_batches": 7774, "time": 1.806, "data_time": 0.004, "lr": 0.001, "loss": -38.09}
{"message": "", "levelname": "INFO", "name": "Trainer", "asctime": "2026-04-16 04:45:18,764", "type": "train", "epoch": 9, "batch": 4079, "n_batches": 7774, "time": 5.014, "data_time": 0.001, "lr": 0.001, "loss": -30.33}
{"message": "", "levelname": "INFO", "name": "Trainer", "asctime": "2026-04-16 04:45:50,565", "type": "train", "epoch": 9, "batch": 4159, "n_batches": 7774, "time": 3.595, "data_time": 0.001, "lr": 0.001, "loss": -33.28}
{"message": "", "levelname": "INFO", "name": "Trainer", "asctime": "2026-04-16 04:46:20,562", "type": "train", "epoch": 9, "batch": 4239, "n_batches": 7774, "time": 4.423, "data_time": 0.001, "lr": 0.001, "loss": -37.34}
{"message": "", "levelname": "INFO", "name": "Trainer", "asctime": "2026-04-16 04:46:54,198", "type": "train", "epoch": 9, "batch": 4319, "n_batches": 7774, "time": 3.263, "data_time": 0.001, "lr": 0.001, "loss": -36.626}
{"message": "", "levelname": "INFO", "name": "Trainer", "asctime": "2026-04-16 04:47:25,035", "type": "train", "epoch": 9, "batch": 4399, "n_batches": 7774, "time": 4.46, "data_time": 0.001, "lr": 0.001, "loss": -32.255}
{"message": "", "levelname": "INFO", "name": "Trainer", "asctime": "2026-04-16 04:47:59,270", "type": "train", "epoch": 9, "batch": 4479, "n_batches": 7774, "time": 2.899, "data_time": 0.001, "lr": 0.001, "loss": -30.6}
{"message": "", "levelname": "INFO", "name": "Trainer", "asctime": "2026-04-16 04:48:28,029", "type": "train", "epoch": 9, "batch": 4559, "n_batches": 7774, "time": 2.897, "data_time": 0.001, "lr": 0.001, "loss": -34.376}
{"message": "", "levelname": "INFO", "name": "Trainer", "asctime": "2026-04-16 04:48:57,335", "type": "train", "epoch": 9, "batch": 4639, "n_batches": 7774, "time": 3.493, "data_time": 0.001, "lr": 0.001, "loss": -39.201}
{"message": "", "levelname": "INFO", "name": "Trainer", "asctime": "2026-04-16 04:49:27,058", "type": "train", "epoch": 9, "batch": 4719, "n_batches": 7774, "time": 4.306, "data_time": 0.001, "lr": 0.001, "loss": -35.211}
{"message": "", "levelname": "INFO", "name": "Trainer", "asctime": "2026-04-16 04:50:02,588", "type": "train", "epoch": 9, "batch": 4799, "n_batches": 7774, "time": 2.678, "data_time": 0.001, "lr": 0.001, "loss": -28.086}
{"message": "", "levelname": "INFO", "name": "Trainer", "asctime": "2026-04-16 04:50:29,560", "type": "train", "epoch": 9, "batch": 4879, "n_batches": 7774, "time": 2.446, "data_time": 0.001, "lr": 0.001, "loss": -33.127}
{"message": "", "levelname": "INFO", "name": "Trainer", "asctime": "2026-04-16 04:51:01,939", "type": "train", "epoch": 9, "batch": 4959, "n_batches": 7774, "time": 3.463, "data_time": 0.001, "lr": 0.001, "loss": -31.181}
{"message": "", "levelname": "INFO", "name": "Trainer", "asctime": "2026-04-16 04:51:31,412", "type": "train", "epoch": 9, "batch": 5039, "n_batches": 7774, "time": 3.204, "data_time": 0.001, "lr": 0.001, "loss": -42.875}
{"message": "", "levelname": "INFO", "name": "Trainer", "asctime": "2026-04-16 04:52:04,580", "type": "train", "epoch": 9, "batch": 5119, "n_batches": 7774, "time": 3.298, "data_time": 0.0, "lr": 0.001, "loss": -32.63}
{"message": "", "levelname": "INFO", "name": "Trainer", "asctime": "2026-04-16 04:52:34,477", "type": "train", "epoch": 9, "batch": 5199, "n_batches": 7774, "time": 2.629, "data_time": 0.001, "lr": 0.001, "loss": -34.84}
{"message": "", "levelname": "INFO", "name": "Trainer", "asctime": "2026-04-16 04:53:08,843", "type": "train", "epoch": 9, "batch": 5279, "n_batches": 7774, "time": 3.1, "data_time": 0.001, "lr": 0.001, "loss": -33.154}
{"message": "", "levelname": "INFO", "name": "Trainer", "asctime": "2026-04-16 04:53:38,854", "type": "train", "epoch": 9, "batch": 5359, "n_batches": 7774, "time": 1.437, "data_time": 0.001, "lr": 0.001, "loss": -32.415}
{"message": "", "levelname": "INFO", "name": "Trainer", "asctime": "2026-04-16 04:54:02,493", "type": "train", "epoch": 9, "batch": 5439, "n_batches": 7774, "time": 2.085, "data_time": 0.001, "lr": 0.001, "loss": -32.654}
{"message": "", "levelname": "INFO", "name": "Trainer", "asctime": "2026-04-16 04:54:31,624", "type": "train", "epoch": 9, "batch": 5519, "n_batches": 7774, "time": 2.344, "data_time": 0.001, "lr": 0.001, "loss": -33.766}
{"message": "", "levelname": "INFO", "name": "Trainer", "asctime": "2026-04-16 04:55:06,630", "type": "train", "epoch": 9, "batch": 5599, "n_batches": 7774, "time": 4.36, "data_time": 0.0, "lr": 0.001, "loss": -35.526}
{"message": "", "levelname": "INFO", "name": "Trainer", "asctime": "2026-04-16 04:55:37,103", "type": "train", "epoch": 9, "batch": 5679, "n_batches": 7774, "time": 3.679, "data_time": 0.001, "lr": 0.001, "loss": -36.502}
{"message": "", "levelname": "INFO", "name": "Trainer", "asctime": "2026-04-16 04:56:06,732", "type": "train", "epoch": 9, "batch": 5759, "n_batches": 7774, "time": 2.981, "data_time": 0.001, "lr": 0.001, "loss": -33.451}
{"message": "", "levelname": "INFO", "name": "Trainer", "asctime": "2026-04-16 04:56:38,973", "type": "train", "epoch": 9, "batch": 5839, "n_batches": 7774, "time": 3.339, "data_time": 0.003, "lr": 0.001, "loss": -36.984}
{"message": "", "levelname": "INFO", "name": "Trainer", "asctime": "2026-04-16 04:57:11,122", "type": "train", "epoch": 9, "batch": 5919, "n_batches": 7774, "time": 2.883, "data_time": 0.001, "lr": 0.001, "loss": -40.172}
{"message": "", "levelname": "INFO", "name": "Trainer", "asctime": "2026-04-16 04:57:42,968", "type": "train", "epoch": 9, "batch": 5999, "n_batches": 7774, "time": 2.04, "data_time": 0.001, "lr": 0.001, "loss": -29.314}
{"message": "", "levelname": "INFO", "name": "Trainer", "asctime": "2026-04-16 04:58:10,048", "type": "train", "epoch": 9, "batch": 6079, "n_batches": 7774, "time": 2.029, "data_time": 0.001, "lr": 0.001, "loss": -34.088}
{"message": "", "levelname": "INFO", "name": "Trainer", "asctime": "2026-04-16 04:58:42,196", "type": "train", "epoch": 9, "batch": 6159, "n_batches": 7774, "time": 3.133, "data_time": 0.001, "lr": 0.001, "loss": -31.051}
{"message": "", "levelname": "INFO", "name": "Trainer", "asctime": "2026-04-16 04:59:16,272", "type": "train", "epoch": 9, "batch": 6239, "n_batches": 7774, "time": 4.427, "data_time": 0.001, "lr": 0.001, "loss": -34.555}
{"message": "", "levelname": "INFO", "name": "Trainer", "asctime": "2026-04-16 04:59:47,886", "type": "train", "epoch": 9, "batch": 6319, "n_batches": 7774, "time": 3.797, "data_time": 0.001, "lr": 0.001, "loss": -31.233}
{"message": "", "levelname": "INFO", "name": "Trainer", "asctime": "2026-04-16 05:00:18,691", "type": "train", "epoch": 9, "batch": 6399, "n_batches": 7774, "time": 2.716, "data_time": 0.0, "lr": 0.001, "loss": -37.435}
{"message": "", "levelname": "INFO", "name": "Trainer", "asctime": "2026-04-16 05:00:47,293", "type": "train", "epoch": 9, "batch": 6479, "n_batches": 7774, "time": 2.344, "data_time": 0.0, "lr": 0.001, "loss": -34.711}
{"message": "", "levelname": "INFO", "name": "Trainer", "asctime": "2026-04-16 05:01:19,839", "type": "train", "epoch": 9, "batch": 6559, "n_batches": 7774, "time": 3.358, "data_time": 0.001, "lr": 0.001, "loss": -37.559}
{"message": "", "levelname": "INFO", "name": "Trainer", "asctime": "2026-04-16 05:01:51,530", "type": "train", "epoch": 9, "batch": 6639, "n_batches": 7774, "time": 3.078, "data_time": 0.001, "lr": 0.001, "loss": -27.692}
{"message": "", "levelname": "INFO", "name": "Trainer", "asctime": "2026-04-16 05:02:20,800", "type": "train", "epoch": 9, "batch": 6719, "n_batches": 7774, "time": 2.809, "data_time": 0.001, "lr": 0.001, "loss": -34.665}
{"message": "", "levelname": "INFO", "name": "Trainer", "asctime": "2026-04-16 05:02:51,677", "type": "train", "epoch": 9, "batch": 6799, "n_batches": 7774, "time": 2.539, "data_time": 0.001, "lr": 0.001, "loss": -32.439}
{"message": "", "levelname": "INFO", "name": "Trainer", "asctime": "2026-04-16 05:03:19,557", "type": "train", "epoch": 9, "batch": 6879, "n_batches": 7774, "time": 2.871, "data_time": 0.001, "lr": 0.001, "loss": -35.79}
{"message": "", "levelname": "INFO", "name": "Trainer", "asctime": "2026-04-16 05:03:50,906", "type": "train", "epoch": 9, "batch": 6959, "n_batches": 7774, "time": 2.636, "data_time": 0.002, "lr": 0.001, "loss": -34.089}
{"message": "", "levelname": "INFO", "name": "Trainer", "asctime": "2026-04-16 05:04:23,239", "type": "train", "epoch": 9, "batch": 7039, "n_batches": 7774, "time": 2.682, "data_time": 0.001, "lr": 0.001, "loss": -36.456}
{"message": "", "levelname": "INFO", "name": "Trainer", "asctime": "2026-04-16 05:04:55,772", "type": "train", "epoch": 9, "batch": 7119, "n_batches": 7774, "time": 3.166, "data_time": 0.0, "lr": 0.001, "loss": -33.986}
{"message": "", "levelname": "INFO", "name": "Trainer", "asctime": "2026-04-16 05:05:23,990", "type": "train", "epoch": 9, "batch": 7199, "n_batches": 7774, "time": 2.154, "data_time": 0.001, "lr": 0.001, "loss": -26.63}
{"message": "", "levelname": "INFO", "name": "Trainer", "asctime": "2026-04-16 05:05:54,906", "type": "train", "epoch": 9, "batch": 7279, "n_batches": 7774, "time": 2.611, "data_time": 0.0, "lr": 0.001, "loss": -31.416}
{"message": "", "levelname": "INFO", "name": "Trainer", "asctime": "2026-04-16 05:06:23,019", "type": "train", "epoch": 9, "batch": 7359, "n_batches": 7774, "time": 2.99, "data_time": 0.001, "lr": 0.001, "loss": -37.386}
{"message": "", "levelname": "INFO", "name": "Trainer", "asctime": "2026-04-16 05:06:50,932", "type": "train", "epoch": 9, "batch": 7439, "n_batches": 7774, "time": 3.477, "data_time": 0.0, "lr": 0.001, "loss": -32.506}
{"message": "", "levelname": "INFO", "name": "Trainer", "asctime": "2026-04-16 05:07:23,840", "type": "train", "epoch": 9, "batch": 7519, "n_batches": 7774, "time": 3.643, "data_time": 0.001, "lr": 0.001, "loss": -37.533}
{"message": "", "levelname": "INFO", "name": "Trainer", "asctime": "2026-04-16 05:07:54,864", "type": "train", "epoch": 9, "batch": 7599, "n_batches": 7774, "time": 2.899, "data_time": 0.001, "lr": 0.001, "loss": -30.84}
{"message": "", "levelname": "INFO", "name": "Trainer", "asctime": "2026-04-16 05:08:25,100", "type": "train", "epoch": 9, "batch": 7679, "n_batches": 7774, "time": 2.536, "data_time": 0.001, "lr": 0.001, "loss": -40.124}
{"message": "", "levelname": "INFO", "name": "Trainer", "asctime": "2026-04-16 05:08:58,534", "type": "train", "epoch": 9, "batch": 7759, "n_batches": 7774, "time": 4.226, "data_time": 0.001, "lr": 0.001, "loss": -32.631}
{"message": "", "levelname": "INFO", "name": "Trainer", "asctime": "2026-04-16 05:09:03,759", "type": "train-epoch", "epoch": 10, "loss": -4.34628, "time": 2967.2}
{"message": "", "levelname": "INFO", "name": "Trainer", "asctime": "2026-04-16 05:15:46,349", "type": "val-epoch", "epoch": 10, "loss": 0.539, "test_loss": 0.723, "time": 402.6}
{"message": "", "levelname": "INFO", "name": "Trainer", "asctime": "2026-04-16 05:16:17,416", "type": "train", "epoch": 10, "batch": 79, "n_batches": 7774, "time": 3.581, "data_time": 0.001, "lr": 0.0001, "loss": -34.852}
{"message": "", "levelname": "INFO", "name": "Trainer", "asctime": "2026-04-16 05:16:45,905", "type": "train", "epoch": 10, "batch": 159, "n_batches": 7774, "time": 2.395, "data_time": 0.001, "lr": 0.0001, "loss": -35.982}
{"message": "", "levelname": "INFO", "name": "Trainer", "asctime": "2026-04-16 05:17:17,668", "type": "train", "epoch": 10, "batch": 239, "n_batches": 7774, "time": 3.358, "data_time": 0.001, "lr": 0.0001, "loss": -36.508}
{"message": "", "levelname": "INFO", "name": "Trainer", "asctime": "2026-04-16 05:17:45,789", "type": "train", "epoch": 10, "batch": 319, "n_batches": 7774, "time": 2.609, "data_time": 0.001, "lr": 0.0001, "loss": -39.122}
{"message": "", "levelname": "INFO", "name": "Trainer", "asctime": "2026-04-16 05:18:15,701", "type": "train", "epoch": 10, "batch": 399, "n_batches": 7774, "time": 3.612, "data_time": 0.001, "lr": 0.0001, "loss": -34.3}
{"message": "", "levelname": "INFO", "name": "Trainer", "asctime": "2026-04-16 05:18:48,529", "type": "train", "epoch": 10, "batch": 479, "n_batches": 7774, "time": 2.939, "data_time": 0.001, "lr": 0.0001, "loss": -35.942}
{"message": "", "levelname": "INFO", "name": "Trainer", "asctime": "2026-04-16 05:19:16,637", "type": "train", "epoch": 10, "batch": 559, "n_batches": 7774, "time": 3.012, "data_time": 0.001, "lr": 0.0001, "loss": -37.89}
{"message": "", "levelname": "INFO", "name": "Trainer", "asctime": "2026-04-16 05:19:47,376", "type": "train", "epoch": 10, "batch": 639, "n_batches": 7774, "time": 2.625, "data_time": 0.001, "lr": 0.0001, "loss": -39.131}
{"message": "", "levelname": "INFO", "name": "Trainer", "asctime": "2026-04-16 05:20:21,798", "type": "train", "epoch": 10, "batch": 719, "n_batches": 7774, "time": 2.933, "data_time": 0.001, "lr": 0.0001, "loss": -33.966}
{"message": "", "levelname": "INFO", "name": "Trainer", "asctime": "2026-04-16 05:20:56,588", "type": "train", "epoch": 10, "batch": 799, "n_batches": 7774, "time": 4.509, "data_time": 0.001, "lr": 0.0001, "loss": -34.946}
{"message": "", "levelname": "INFO", "name": "Trainer", "asctime": "2026-04-16 05:21:30,208", "type": "train", "epoch": 10, "batch": 879, "n_batches": 7774, "time": 3.761, "data_time": 0.001, "lr": 0.0001, "loss": -28.512}
{"message": "", "levelname": "INFO", "name": "Trainer", "asctime": "2026-04-16 05:22:01,659", "type": "train", "epoch": 10, "batch": 959, "n_batches": 7774, "time": 3.337, "data_time": 0.001, "lr": 0.0001, "loss": -34.946}
{"message": "", "levelname": "INFO", "name": "Trainer", "asctime": "2026-04-16 05:22:36,680", "type": "train", "epoch": 10, "batch": 1039, "n_batches": 7774, "time": 3.406, "data_time": 0.001, "lr": 0.0001, "loss": -36.956}
{"message": "", "levelname": "INFO", "name": "Trainer", "asctime": "2026-04-16 05:23:07,818", "type": "train", "epoch": 10, "batch": 1119, "n_batches": 7774, "time": 3.875, "data_time": 0.0, "lr": 0.0001, "loss": -41.536}
{"message": "", "levelname": "INFO", "name": "Trainer", "asctime": "2026-04-16 05:23:38,204", "type": "train", "epoch": 10, "batch": 1199, "n_batches": 7774, "time": 2.527, "data_time": 0.001, "lr": 0.0001, "loss": -40.488}
{"message": "", "levelname": "INFO", "name": "Trainer", "asctime": "2026-04-16 05:24:07,025", "type": "train", "epoch": 10, "batch": 1279, "n_batches": 7774, "time": 3.263, "data_time": 0.001, "lr": 0.0001, "loss": -37.766}
{"message": "", "levelname": "INFO", "name": "Trainer", "asctime": "2026-04-16 05:24:37,477", "type": "train", "epoch": 10, "batch": 1359, "n_batches": 7774, "time": 3.615, "data_time": 0.001, "lr": 0.0001, "loss": -39.105}
{"message": "", "levelname": "INFO", "name": "Trainer", "asctime": "2026-04-16 05:25:09,830", "type": "train", "epoch": 10, "batch": 1439, "n_batches": 7774, "time": 3.683, "data_time": 0.001, "lr": 0.0001, "loss": -38.545}
{"message": "", "levelname": "INFO", "name": "Trainer", "asctime": "2026-04-16 05:25:41,420", "type": "train", "epoch": 10, "batch": 1519, "n_batches": 7774, "time": 4.305, "data_time": 0.001, "lr": 0.0001, "loss": -33.516}
{"message": "", "levelname": "INFO", "name": "Trainer", "asctime": "2026-04-16 05:26:10,667", "type": "train", "epoch": 10, "batch": 1599, "n_batches": 7774, "time": 3.367, "data_time": 0.001, "lr": 0.0001, "loss": -36.171}
{"message": "", "levelname": "INFO", "name": "Trainer", "asctime": "2026-04-16 05:26:41,851", "type": "train", "epoch": 10, "batch": 1679, "n_batches": 7774, "time": 3.113, "data_time": 0.0, "lr": 0.0001, "loss": -32.418}
{"message": "", "levelname": "INFO", "name": "Trainer", "asctime": "2026-04-16 05:27:16,384", "type": "train", "epoch": 10, "batch": 1759, "n_batches": 7774, "time": 2.181, "data_time": 0.0, "lr": 0.0001, "loss": -33.404}
{"message": "", "levelname": "INFO", "name": "Trainer", "asctime": "2026-04-16 05:27:48,802", "type": "train", "epoch": 10, "batch": 1839, "n_batches": 7774, "time": 2.309, "data_time": 0.0, "lr": 0.0001, "loss": -36.456}
{"message": "", "levelname": "INFO", "name": "Trainer", "asctime": "2026-04-16 05:28:21,114", "type": "train", "epoch": 10, "batch": 1919, "n_batches": 7774, "time": 3.525, "data_time": 0.001, "lr": 0.0001, "loss": -40.478}
{"message": "", "levelname": "INFO", "name": "Trainer", "asctime": "2026-04-16 05:28:54,599", "type": "train", "epoch": 10, "batch": 1999, "n_batches": 7774, "time": 2.877, "data_time": 0.001, "lr": 0.0001, "loss": -38.193}
{"message": "", "levelname": "INFO", "name": "Trainer", "asctime": "2026-04-16 05:29:23,254", "type": "train", "epoch": 10, "batch": 2079, "n_batches": 7774, "time": 3.159, "data_time": 0.001, "lr": 0.0001, "loss": -33.75}
{"message": "", "levelname": "INFO", "name": "Trainer", "asctime": "2026-04-16 05:29:51,196", "type": "train", "epoch": 10, "batch": 2159, "n_batches": 7774, "time": 4.089, "data_time": 0.001, "lr": 0.0001, "loss": -39.759}
{"message": "", "levelname": "INFO", "name": "Trainer", "asctime": "2026-04-16 05:30:22,430", "type": "train", "epoch": 10, "batch": 2239, "n_batches": 7774, "time": 3.148, "data_time": 0.001, "lr": 0.0001, "loss": -39.003}
{"message": "", "levelname": "INFO", "name": "Trainer", "asctime": "2026-04-16 05:30:56,224", "type": "train", "epoch": 10, "batch": 2319, "n_batches": 7774, "time": 3.691, "data_time": 0.0, "lr": 0.0001, "loss": -37.578}
{"message": "", "levelname": "INFO", "name": "Trainer", "asctime": "2026-04-16 05:31:30,466", "type": "train", "epoch": 10, "batch": 2399, "n_batches": 7774, "time": 3.08, "data_time": 0.001, "lr": 0.0001, "loss": -28.209}
{"message": "", "levelname": "INFO", "name": "Trainer", "asctime": "2026-04-16 05:32:03,404", "type": "train", "epoch": 10, "batch": 2479, "n_batches": 7774, "time": 3.649, "data_time": 0.001, "lr": 0.0001, "loss": -41.972}
{"message": "", "levelname": "INFO", "name": "Trainer", "asctime": "2026-04-16 05:32:33,044", "type": "train", "epoch": 10, "batch": 2559, "n_batches": 7774, "time": 2.544, "data_time": 0.001, "lr": 0.0001, "loss": -39.878}
{"message": "", "levelname": "INFO", "name": "Trainer", "asctime": "2026-04-16 05:32:59,058", "type": "train", "epoch": 10, "batch": 2639, "n_batches": 7774, "time": 1.968, "data_time": 0.001, "lr": 0.0001, "loss": -32.363}
{"message": "", "levelname": "INFO", "name": "Trainer", "asctime": "2026-04-16 05:33:32,032", "type": "train", "epoch": 10, "batch": 2719, "n_batches": 7774, "time": 3.725, "data_time": 0.001, "lr": 0.0001, "loss": -36.117}
{"message": "", "levelname": "INFO", "name": "Trainer", "asctime": "2026-04-16 05:34:03,799", "type": "train", "epoch": 10, "batch": 2799, "n_batches": 7774, "time": 3.517, "data_time": 0.001, "lr": 0.0001, "loss": -44.745}
{"message": "", "levelname": "INFO", "name": "Trainer", "asctime": "2026-04-16 05:34:34,298", "type": "train", "epoch": 10, "batch": 2879, "n_batches": 7774, "time": 3.243, "data_time": 0.001, "lr": 0.0001, "loss": -36.834}
{"message": "", "levelname": "INFO", "name": "Trainer", "asctime": "2026-04-16 05:35:05,718", "type": "train", "epoch": 10, "batch": 2959, "n_batches": 7774, "time": 3.339, "data_time": 0.001, "lr": 0.0001, "loss": -37.104}
{"message": "", "levelname": "INFO", "name": "Trainer", "asctime": "2026-04-16 05:35:34,983", "type": "train", "epoch": 10, "batch": 3039, "n_batches": 7774, "time": 2.75, "data_time": 0.001, "lr": 0.0001, "loss": -39.454}
{"message": "", "levelname": "INFO", "name": "Trainer", "asctime": "2026-04-16 05:36:04,831", "type": "train", "epoch": 10, "batch": 3119, "n_batches": 7774, "time": 3.259, "data_time": 0.001, "lr": 0.0001, "loss": -36.299}
{"message": "", "levelname": "INFO", "name": "Trainer", "asctime": "2026-04-16 05:36:38,450", "type": "train", "epoch": 10, "batch": 3199, "n_batches": 7774, "time": 3.865, "data_time": 0.001, "lr": 0.0001, "loss": -39.124}
{"message": "", "levelname": "INFO", "name": "Trainer", "asctime": "2026-04-16 05:37:10,844", "type": "train", "epoch": 10, "batch": 3279, "n_batches": 7774, "time": 3.493, "data_time": 0.0, "lr": 0.0001, "loss": -36.633}
{"message": "", "levelname": "INFO", "name": "Trainer", "asctime": "2026-04-16 05:37:40,166", "type": "train", "epoch": 10, "batch": 3359, "n_batches": 7774, "time": 2.866, "data_time": 0.001, "lr": 0.0001, "loss": -37.664}
{"message": "", "levelname": "INFO", "name": "Trainer", "asctime": "2026-04-16 05:38:11,041", "type": "train", "epoch": 10, "batch": 3439, "n_batches": 7774, "time": 3.373, "data_time": 0.001, "lr": 0.0001, "loss": -35.583}
{"message": "", "levelname": "INFO", "name": "Trainer", "asctime": "2026-04-16 05:38:45,619", "type": "train", "epoch": 10, "batch": 3519, "n_batches": 7774, "time": 3.331, "data_time": 0.001, "lr": 0.0001, "loss": -35.716}
{"message": "", "levelname": "INFO", "name": "Trainer", "asctime": "2026-04-16 05:39:23,197", "type": "train", "epoch": 10, "batch": 3599, "n_batches": 7774, "time": 3.138, "data_time": 0.004, "lr": 0.0001, "loss": -35.548}
{"message": "", "levelname": "INFO", "name": "Trainer", "asctime": "2026-04-16 05:39:55,475", "type": "train", "epoch": 10, "batch": 3679, "n_batches": 7774, "time": 3.717, "data_time": 0.001, "lr": 0.0001, "loss": -44.471}
{"message": "", "levelname": "INFO", "name": "Trainer", "asctime": "2026-04-16 05:40:25,408", "type": "train", "epoch": 10, "batch": 3759, "n_batches": 7774, "time": 3.648, "data_time": 0.001, "lr": 0.0001, "loss": -40.708}
{"message": "", "levelname": "INFO", "name": "Trainer", "asctime": "2026-04-16 05:40:53,692", "type": "train", "epoch": 10, "batch": 3839, "n_batches": 7774, "time": 2.211, "data_time": 0.001, "lr": 0.0001, "loss": -41.465}
{"message": "", "levelname": "INFO", "name": "Trainer", "asctime": "2026-04-16 05:41:23,177", "type": "train", "epoch": 10, "batch": 3919, "n_batches": 7774, "time": 3.399, "data_time": 0.001, "lr": 0.0001, "loss": -40.915}
{"message": "", "levelname": "INFO", "name": "Trainer", "asctime": "2026-04-16 05:41:50,658", "type": "train", "epoch": 10, "batch": 3999, "n_batches": 7774, "time": 2.136, "data_time": 0.001, "lr": 0.0001, "loss": -35.233}
{"message": "", "levelname": "INFO", "name": "Trainer", "asctime": "2026-04-16 05:42:21,454", "type": "train", "epoch": 10, "batch": 4079, "n_batches": 7774, "time": 3.279, "data_time": 0.001, "lr": 0.0001, "loss": -37.858}
{"message": "", "levelname": "INFO", "name": "Trainer", "asctime": "2026-04-16 05:42:51,430", "type": "train", "epoch": 10, "batch": 4159, "n_batches": 7774, "time": 2.95, "data_time": 0.001, "lr": 0.0001, "loss": -25.537}
{"message": "", "levelname": "INFO", "name": "Trainer", "asctime": "2026-04-16 05:43:23,014", "type": "train", "epoch": 10, "batch": 4239, "n_batches": 7774, "time": 3.849, "data_time": 0.0, "lr": 0.0001, "loss": -36.173}
{"message": "", "levelname": "INFO", "name": "Trainer", "asctime": "2026-04-16 05:43:55,012", "type": "train", "epoch": 10, "batch": 4319, "n_batches": 7774, "time": 2.474, "data_time": 0.001, "lr": 0.0001, "loss": -37.213}
{"message": "", "levelname": "INFO", "name": "Trainer", "asctime": "2026-04-16 05:44:27,376", "type": "train", "epoch": 10, "batch": 4399, "n_batches": 7774, "time": 1.917, "data_time": 0.001, "lr": 0.0001, "loss": -40.631}
{"message": "", "levelname": "INFO", "name": "Trainer", "asctime": "2026-04-16 05:44:57,028", "type": "train", "epoch": 10, "batch": 4479, "n_batches": 7774, "time": 2.906, "data_time": 0.001, "lr": 0.0001, "loss": -43.479}
{"message": "", "levelname": "INFO", "name": "Trainer", "asctime": "2026-04-16 05:45:29,102", "type": "train", "epoch": 10, "batch": 4559, "n_batches": 7774, "time": 3.003, "data_time": 0.001, "lr": 0.0001, "loss": -39.118}
{"message": "", "levelname": "INFO", "name": "Trainer", "asctime": "2026-04-16 05:46:02,579", "type": "train", "epoch": 10, "batch": 4639, "n_batches": 7774, "time": 4.0, "data_time": 0.0, "lr": 0.0001, "loss": -36.044}
{"message": "", "levelname": "INFO", "name": "Trainer", "asctime": "2026-04-16 05:46:26,981", "type": "train", "epoch": 10, "batch": 4719, "n_batches": 7774, "time": 2.502, "data_time": 0.001, "lr": 0.0001, "loss": -38.095}
{"message": "", "levelname": "INFO", "name": "Trainer", "asctime": "2026-04-16 05:46:55,483", "type": "train", "epoch": 10, "batch": 4799, "n_batches": 7774, "time": 2.786, "data_time": 0.0, "lr": 0.0001, "loss": -39.971}
{"message": "", "levelname": "INFO", "name": "Trainer", "asctime": "2026-04-16 05:47:28,691", "type": "train", "epoch": 10, "batch": 4879, "n_batches": 7774, "time": 2.84, "data_time": 0.0, "lr": 0.0001, "loss": -37.67}
{"message": "", "levelname": "INFO", "name": "Trainer", "asctime": "2026-04-16 05:47:57,625", "type": "train", "epoch": 10, "batch": 4959, "n_batches": 7774, "time": 2.242, "data_time": 0.001, "lr": 0.0001, "loss": -39.649}
{"message": "", "levelname": "INFO", "name": "Trainer", "asctime": "2026-04-16 05:48:27,884", "type": "train", "epoch": 10, "batch": 5039, "n_batches": 7774, "time": 2.681, "data_time": 0.001, "lr": 0.0001, "loss": -39.761}
{"message": "", "levelname": "INFO", "name": "Trainer", "asctime": "2026-04-16 05:48:59,091", "type": "train", "epoch": 10, "batch": 5119, "n_batches": 7774, "time": 3.374, "data_time": 0.001, "lr": 0.0001, "loss": -42.788}
{"message": "", "levelname": "INFO", "name": "Trainer", "asctime": "2026-04-16 05:49:34,459", "type": "train", "epoch": 10, "batch": 5199, "n_batches": 7774, "time": 3.309, "data_time": 0.001, "lr": 0.0001, "loss": -31.877}
{"message": "", "levelname": "INFO", "name": "Trainer", "asctime": "2026-04-16 05:50:05,418", "type": "train", "epoch": 10, "batch": 5279, "n_batches": 7774, "time": 2.811, "data_time": 0.001, "lr": 0.0001, "loss": -44.889}
{"message": "", "levelname": "INFO", "name": "Trainer", "asctime": "2026-04-16 05:50:34,859", "type": "train", "epoch": 10, "batch": 5359, "n_batches": 7774, "time": 3.521, "data_time": 0.001, "lr": 0.0001, "loss": -33.914}
{"message": "", "levelname": "INFO", "name": "Trainer", "asctime": "2026-04-16 05:51:10,052", "type": "train", "epoch": 10, "batch": 5439, "n_batches": 7774, "time": 2.012, "data_time": 0.001, "lr": 0.0001, "loss": -37.962}
{"message": "", "levelname": "INFO", "name": "Trainer", "asctime": "2026-04-16 05:51:38,635", "type": "train", "epoch": 10, "batch": 5519, "n_batches": 7774, "time": 3.514, "data_time": 0.001, "lr": 0.0001, "loss": -44.24}
{"message": "", "levelname": "INFO", "name": "Trainer", "asctime": "2026-04-16 05:52:12,269", "type": "train", "epoch": 10, "batch": 5599, "n_batches": 7774, "time": 2.894, "data_time": 0.0, "lr": 0.0001, "loss": -38.998}
{"message": "", "levelname": "INFO", "name": "Trainer", "asctime": "2026-04-16 05:52:44,395", "type": "train", "epoch": 10, "batch": 5679, "n_batches": 7774, "time": 3.309, "data_time": 0.001, "lr": 0.0001, "loss": -38.21}
{"message": "", "levelname": "INFO", "name": "Trainer", "asctime": "2026-04-16 05:53:17,918", "type": "train", "epoch": 10, "batch": 5759, "n_batches": 7774, "time": 3.711, "data_time": 0.0, "lr": 0.0001, "loss": -33.554}
{"message": "", "levelname": "INFO", "name": "Trainer", "asctime": "2026-04-16 05:53:48,746", "type": "train", "epoch": 10, "batch": 5839, "n_batches": 7774, "time": 2.732, "data_time": 0.001, "lr": 0.0001, "loss": -40.544}
{"message": "", "levelname": "INFO", "name": "Trainer", "asctime": "2026-04-16 05:54:17,944", "type": "train", "epoch": 10, "batch": 5919, "n_batches": 7774, "time": 4.062, "data_time": 0.001, "lr": 0.0001, "loss": -38.971}
{"message": "", "levelname": "INFO", "name": "Trainer", "asctime": "2026-04-16 05:54:49,893", "type": "train", "epoch": 10, "batch": 5999, "n_batches": 7774, "time": 3.832, "data_time": 0.001, "lr": 0.0001, "loss": -41.795}
{"message": "", "levelname": "INFO", "name": "Trainer", "asctime": "2026-04-16 05:55:21,431", "type": "train", "epoch": 10, "batch": 6079, "n_batches": 7774, "time": 2.744, "data_time": 0.001, "lr": 0.0001, "loss": -43.046}
{"message": "", "levelname": "INFO", "name": "Trainer", "asctime": "2026-04-16 05:55:54,353", "type": "train", "epoch": 10, "batch": 6159, "n_batches": 7774, "time": 4.458, "data_time": 0.001, "lr": 0.0001, "loss": -43.325}
{"message": "", "levelname": "INFO", "name": "Trainer", "asctime": "2026-04-16 05:56:24,990", "type": "train", "epoch": 10, "batch": 6239, "n_batches": 7774, "time": 2.498, "data_time": 0.0, "lr": 0.0001, "loss": -41.4}
{"message": "", "levelname": "INFO", "name": "Trainer", "asctime": "2026-04-16 05:56:52,463", "type": "train", "epoch": 10, "batch": 6319, "n_batches": 7774, "time": 2.303, "data_time": 0.001, "lr": 0.0001, "loss": -38.265}
{"message": "", "levelname": "INFO", "name": "Trainer", "asctime": "2026-04-16 05:57:22,431", "type": "train", "epoch": 10, "batch": 6399, "n_batches": 7774, "time": 2.539, "data_time": 0.0, "lr": 0.0001, "loss": -35.815}
{"message": "", "levelname": "INFO", "name": "Trainer", "asctime": "2026-04-16 05:57:50,736", "type": "train", "epoch": 10, "batch": 6479, "n_batches": 7774, "time": 2.537, "data_time": 0.0, "lr": 0.0001, "loss": -35.579}
{"message": "", "levelname": "INFO", "name": "Trainer", "asctime": "2026-04-16 05:58:21,005", "type": "train", "epoch": 10, "batch": 6559, "n_batches": 7774, "time": 2.311, "data_time": 0.001, "lr": 0.0001, "loss": -40.53}
{"message": "", "levelname": "INFO", "name": "Trainer", "asctime": "2026-04-16 05:58:51,815", "type": "train", "epoch": 10, "batch": 6639, "n_batches": 7774, "time": 3.439, "data_time": 0.004, "lr": 0.0001, "loss": -41.653}
{"message": "", "levelname": "INFO", "name": "Trainer", "asctime": "2026-04-16 05:59:26,700", "type": "train", "epoch": 10, "batch": 6719, "n_batches": 7774, "time": 3.835, "data_time": 0.001, "lr": 0.0001, "loss": -40.935}
{"message": "", "levelname": "INFO", "name": "Trainer", "asctime": "2026-04-16 06:00:02,568", "type": "train", "epoch": 10, "batch": 6799, "n_batches": 7774, "time": 3.606, "data_time": 0.001, "lr": 0.0001, "loss": -42.588}
{"message": "", "levelname": "INFO", "name": "Trainer", "asctime": "2026-04-16 06:00:35,832", "type": "train", "epoch": 10, "batch": 6879, "n_batches": 7774, "time": 2.037, "data_time": 0.001, "lr": 0.0001, "loss": -42.302}
{"message": "", "levelname": "INFO", "name": "Trainer", "asctime": "2026-04-16 06:01:07,914", "type": "train", "epoch": 10, "batch": 6959, "n_batches": 7774, "time": 4.154, "data_time": 0.001, "lr": 0.0001, "loss": -36.324}
{"message": "", "levelname": "INFO", "name": "Trainer", "asctime": "2026-04-16 06:01:44,723", "type": "train", "epoch": 10, "batch": 7039, "n_batches": 7774, "time": 3.504, "data_time": 0.001, "lr": 0.0001, "loss": -36.646}
{"message": "", "levelname": "INFO", "name": "Trainer", "asctime": "2026-04-16 06:02:21,877", "type": "train", "epoch": 10, "batch": 7119, "n_batches": 7774, "time": 3.779, "data_time": 0.001, "lr": 0.0001, "loss": -43.339}
{"message": "", "levelname": "INFO", "name": "Trainer", "asctime": "2026-04-16 06:02:55,602", "type": "train", "epoch": 10, "batch": 7199, "n_batches": 7774, "time": 3.272, "data_time": 0.001, "lr": 0.0001, "loss": -38.512}
{"message": "", "levelname": "INFO", "name": "Trainer", "asctime": "2026-04-16 06:03:24,087", "type": "train", "epoch": 10, "batch": 7279, "n_batches": 7774, "time": 4.335, "data_time": 0.001, "lr": 0.0001, "loss": -36.458}
{"message": "", "levelname": "INFO", "name": "Trainer", "asctime": "2026-04-16 06:03:56,063", "type": "train", "epoch": 10, "batch": 7359, "n_batches": 7774, "time": 2.751, "data_time": 0.001, "lr": 0.0001, "loss": -35.209}
{"message": "", "levelname": "INFO", "name": "Trainer", "asctime": "2026-04-16 06:04:25,666", "type": "train", "epoch": 10, "batch": 7439, "n_batches": 7774, "time": 1.962, "data_time": 0.001, "lr": 0.0001, "loss": -39.874}
{"message": "", "levelname": "INFO", "name": "Trainer", "asctime": "2026-04-16 06:04:58,210", "type": "train", "epoch": 10, "batch": 7519, "n_batches": 7774, "time": 3.352, "data_time": 0.002, "lr": 0.0001, "loss": -37.139}
{"message": "", "levelname": "INFO", "name": "Trainer", "asctime": "2026-04-16 06:05:27,099", "type": "train", "epoch": 10, "batch": 7599, "n_batches": 7774, "time": 3.225, "data_time": 0.001, "lr": 0.0001, "loss": -41.832}
{"message": "", "levelname": "INFO", "name": "Trainer", "asctime": "2026-04-16 06:05:56,130", "type": "train", "epoch": 10, "batch": 7679, "n_batches": 7774, "time": 2.995, "data_time": 0.0, "lr": 0.0001, "loss": -38.295}
{"message": "", "levelname": "INFO", "name": "Trainer", "asctime": "2026-04-16 06:06:27,876", "type": "train", "epoch": 10, "batch": 7759, "n_batches": 7774, "time": 3.401, "data_time": 0.0, "lr": 0.0001, "loss": -43.798}
{"message": "", "levelname": "INFO", "name": "Trainer", "asctime": "2026-04-16 06:06:32,362", "type": "train-epoch", "epoch": 11, "loss": -4.797, "time": 3045.9}
{"message": "", "levelname": "INFO", "name": "Trainer", "asctime": "2026-04-16 06:13:38,908", "type": "val-epoch", "epoch": 11, "loss": 0.974, "test_loss": 1.126, "time": 426.5}
{"message": "", "levelname": "INFO", "name": "Trainer", "asctime": "2026-04-16 06:14:08,368", "type": "train", "epoch": 11, "batch": 79, "n_batches": 7774, "time": 3.222, "data_time": 0.004, "lr": 0.0001, "loss": -42.517}
{"message": "", "levelname": "INFO", "name": "Trainer", "asctime": "2026-04-16 06:14:40,855", "type": "train", "epoch": 11, "batch": 159, "n_batches": 7774, "time": 3.488, "data_time": 0.001, "lr": 0.0001, "loss": -40.915}
{"message": "", "levelname": "INFO", "name": "Trainer", "asctime": "2026-04-16 06:15:17,369", "type": "train", "epoch": 11, "batch": 239, "n_batches": 7774, "time": 5.635, "data_time": 0.0, "lr": 0.0001, "loss": -41.845}
{"message": "", "levelname": "INFO", "name": "Trainer", "asctime": "2026-04-16 06:15:49,603", "type": "train", "epoch": 11, "batch": 319, "n_batches": 7774, "time": 2.326, "data_time": 0.001, "lr": 0.0001, "loss": -42.754}
{"message": "", "levelname": "INFO", "name": "Trainer", "asctime": "2026-04-16 06:16:19,549", "type": "train", "epoch": 11, "batch": 399, "n_batches": 7774, "time": 2.625, "data_time": 0.0, "lr": 0.0001, "loss": -40.544}
{"message": "", "levelname": "INFO", "name": "Trainer", "asctime": "2026-04-16 06:16:53,109", "type": "train", "epoch": 11, "batch": 479, "n_batches": 7774, "time": 3.124, "data_time": 0.001, "lr": 0.0001, "loss": -43.048}
{"message": "", "levelname": "INFO", "name": "Trainer", "asctime": "2026-04-16 06:17:21,893", "type": "train", "epoch": 11, "batch": 559, "n_batches": 7774, "time": 3.234, "data_time": 0.0, "lr": 0.0001, "loss": -40.743}
{"message": "", "levelname": "INFO", "name": "Trainer", "asctime": "2026-04-16 06:17:52,174", "type": "train", "epoch": 11, "batch": 639, "n_batches": 7774, "time": 2.044, "data_time": 0.001, "lr": 0.0001, "loss": -35.739}
{"message": "", "levelname": "INFO", "name": "Trainer", "asctime": "2026-04-16 06:18:20,453", "type": "train", "epoch": 11, "batch": 719, "n_batches": 7774, "time": 2.34, "data_time": 0.0, "lr": 0.0001, "loss": -43.223}
{"message": "", "levelname": "INFO", "name": "Trainer", "asctime": "2026-04-16 06:18:55,624", "type": "train", "epoch": 11, "batch": 799, "n_batches": 7774, "time": 4.657, "data_time": 0.001, "lr": 0.0001, "loss": -34.459}
{"message": "", "levelname": "INFO", "name": "Trainer", "asctime": "2026-04-16 06:19:33,727", "type": "train", "epoch": 11, "batch": 879, "n_batches": 7774, "time": 3.229, "data_time": 0.001, "lr": 0.0001, "loss": -38.314}
{"message": "", "levelname": "INFO", "name": "Trainer", "asctime": "2026-04-16 06:20:07,273", "type": "train", "epoch": 11, "batch": 959, "n_batches": 7774, "time": 3.541, "data_time": 0.001, "lr": 0.0001, "loss": -39.454}
{"message": "", "levelname": "INFO", "name": "Trainer", "asctime": "2026-04-16 06:20:38,658", "type": "train", "epoch": 11, "batch": 1039, "n_batches": 7774, "time": 2.49, "data_time": 0.001, "lr": 0.0001, "loss": -44.961}
{"message": "", "levelname": "INFO", "name": "Trainer", "asctime": "2026-04-16 06:21:09,799", "type": "train", "epoch": 11, "batch": 1119, "n_batches": 7774, "time": 2.807, "data_time": 0.0, "lr": 0.0001, "loss": -38.522}
{"message": "", "levelname": "INFO", "name": "Trainer", "asctime": "2026-04-16 06:21:38,250", "type": "train", "epoch": 11, "batch": 1199, "n_batches": 7774, "time": 2.94, "data_time": 0.001, "lr": 0.0001, "loss": -44.619}
{"message": "", "levelname": "INFO", "name": "Trainer", "asctime": "2026-04-16 06:22:08,962", "type": "train", "epoch": 11, "batch": 1279, "n_batches": 7774, "time": 2.907, "data_time": 0.0, "lr": 0.0001, "loss": -47.112}
{"message": "", "levelname": "INFO", "name": "Trainer", "asctime": "2026-04-16 06:22:41,205", "type": "train", "epoch": 11, "batch": 1359, "n_batches": 7774, "time": 2.89, "data_time": 0.001, "lr": 0.0001, "loss": -43.216}
{"message": "", "levelname": "INFO", "name": "Trainer", "asctime": "2026-04-16 06:23:12,682", "type": "train", "epoch": 11, "batch": 1439, "n_batches": 7774, "time": 2.541, "data_time": 0.001, "lr": 0.0001, "loss": -41.152}
{"message": "", "levelname": "INFO", "name": "Trainer", "asctime": "2026-04-16 06:23:41,408", "type": "train", "epoch": 11, "batch": 1519, "n_batches": 7774, "time": 2.32, "data_time": 0.001, "lr": 0.0001, "loss": -40.74}
{"message": "", "levelname": "INFO", "name": "Trainer", "asctime": "2026-04-16 06:24:15,434", "type": "train", "epoch": 11, "batch": 1599, "n_batches": 7774, "time": 3.656, "data_time": 0.001, "lr": 0.0001, "loss": -42.191}
{"message": "", "levelname": "INFO", "name": "Trainer", "asctime": "2026-04-16 06:24:47,282", "type": "train", "epoch": 11, "batch": 1679, "n_batches": 7774, "time": 1.656, "data_time": 0.001, "lr": 0.0001, "loss": -37.869}
{"message": "", "levelname": "INFO", "name": "Trainer", "asctime": "2026-04-16 06:25:19,638", "type": "train", "epoch": 11, "batch": 1759, "n_batches": 7774, "time": 3.313, "data_time": 0.001, "lr": 0.0001, "loss": -43.962}
{"message": "", "levelname": "INFO", "name": "Trainer", "asctime": "2026-04-16 06:25:48,238", "type": "train", "epoch": 11, "batch": 1839, "n_batches": 7774, "time": 2.396, "data_time": 0.001, "lr": 0.0001, "loss": -44.687}
{"message": "", "levelname": "INFO", "name": "Trainer", "asctime": "2026-04-16 06:26:19,304", "type": "train", "epoch": 11, "batch": 1919, "n_batches": 7774, "time": 3.146, "data_time": 0.001, "lr": 0.0001, "loss": -45.84}
{"message": "", "levelname": "INFO", "name": "Trainer", "asctime": "2026-04-16 06:26:46,186", "type": "train", "epoch": 11, "batch": 1999, "n_batches": 7774, "time": 2.91, "data_time": 0.001, "lr": 0.0001, "loss": -32.073}
{"message": "", "levelname": "INFO", "name": "Trainer", "asctime": "2026-04-16 06:27:17,270", "type": "train", "epoch": 11, "batch": 2079, "n_batches": 7774, "time": 3.959, "data_time": 0.001, "lr": 0.0001, "loss": -43.801}
{"message": "", "levelname": "INFO", "name": "Trainer", "asctime": "2026-04-16 06:27:45,513", "type": "train", "epoch": 11, "batch": 2159, "n_batches": 7774, "time": 3.911, "data_time": 0.0, "lr": 0.0001, "loss": -38.823}
{"message": "", "levelname": "INFO", "name": "Trainer", "asctime": "2026-04-16 06:28:14,481", "type": "train", "epoch": 11, "batch": 2239, "n_batches": 7774, "time": 3.869, "data_time": 0.001, "lr": 0.0001, "loss": -40.483}
{"message": "", "levelname": "INFO", "name": "Trainer", "asctime": "2026-04-16 06:28:47,191", "type": "train", "epoch": 11, "batch": 2319, "n_batches": 7774, "time": 4.381, "data_time": 0.001, "lr": 0.0001, "loss": -45.184}
{"message": "", "levelname": "INFO", "name": "Trainer", "asctime": "2026-04-16 06:29:16,922", "type": "train", "epoch": 11, "batch": 2399, "n_batches": 7774, "time": 3.387, "data_time": 0.001, "lr": 0.0001, "loss": -38.47}
{"message": "", "levelname": "INFO", "name": "Trainer", "asctime": "2026-04-16 06:29:45,610", "type": "train", "epoch": 11, "batch": 2479, "n_batches": 7774, "time": 1.834, "data_time": 0.0, "lr": 0.0001, "loss": -39.793}
{"message": "", "levelname": "INFO", "name": "Trainer", "asctime": "2026-04-16 06:30:22,059", "type": "train", "epoch": 11, "batch": 2559, "n_batches": 7774, "time": 4.541, "data_time": 0.001, "lr": 0.0001, "loss": -46.354}
{"message": "", "levelname": "INFO", "name": "Trainer", "asctime": "2026-04-16 06:30:51,468", "type": "train", "epoch": 11, "batch": 2639, "n_batches": 7774, "time": 3.227, "data_time": 0.0, "lr": 0.0001, "loss": -42.23}
{"message": "", "levelname": "INFO", "name": "Trainer", "asctime": "2026-04-16 06:31:23,030", "type": "train", "epoch": 11, "batch": 2719, "n_batches": 7774, "time": 2.673, "data_time": 0.002, "lr": 0.0001, "loss": -42.298}
{"message": "", "levelname": "INFO", "name": "Trainer", "asctime": "2026-04-16 06:31:48,894", "type": "train", "epoch": 11, "batch": 2799, "n_batches": 7774, "time": 3.357, "data_time": 0.001, "lr": 0.0001, "loss": -45.812}
{"message": "", "levelname": "INFO", "name": "Trainer", "asctime": "2026-04-16 06:32:16,598", "type": "train", "epoch": 11, "batch": 2879, "n_batches": 7774, "time": 2.596, "data_time": 0.001, "lr": 0.0001, "loss": -38.771}
{"message": "", "levelname": "INFO", "name": "Trainer", "asctime": "2026-04-16 06:32:43,548", "type": "train", "epoch": 11, "batch": 2959, "n_batches": 7774, "time": 2.205, "data_time": 0.0, "lr": 0.0001, "loss": -40.653}
{"message": "", "levelname": "INFO", "name": "Trainer", "asctime": "2026-04-16 06:33:14,178", "type": "train", "epoch": 11, "batch": 3039, "n_batches": 7774, "time": 4.579, "data_time": 0.001, "lr": 0.0001, "loss": -34.819}
{"message": "", "levelname": "INFO", "name": "Trainer", "asctime": "2026-04-16 06:33:43,135", "type": "train", "epoch": 11, "batch": 3119, "n_batches": 7774, "time": 2.047, "data_time": 0.001, "lr": 0.0001, "loss": -40.497}
{"message": "", "levelname": "INFO", "name": "Trainer", "asctime": "2026-04-16 06:34:09,585", "type": "train", "epoch": 11, "batch": 3199, "n_batches": 7774, "time": 2.705, "data_time": 0.0, "lr": 0.0001, "loss": -43.678}
{"message": "", "levelname": "INFO", "name": "Trainer", "asctime": "2026-04-16 06:34:41,947", "type": "train", "epoch": 11, "batch": 3279, "n_batches": 7774, "time": 3.496, "data_time": 0.001, "lr": 0.0001, "loss": -43.068}
{"message": "", "levelname": "INFO", "name": "Trainer", "asctime": "2026-04-16 06:35:11,400", "type": "train", "epoch": 11, "batch": 3359, "n_batches": 7774, "time": 2.605, "data_time": 0.001, "lr": 0.0001, "loss": -44.907}
{"message": "", "levelname": "INFO", "name": "Trainer", "asctime": "2026-04-16 06:35:44,982", "type": "train", "epoch": 11, "batch": 3439, "n_batches": 7774, "time": 2.682, "data_time": 0.001, "lr": 0.0001, "loss": -41.608}
{"message": "", "levelname": "INFO", "name": "Trainer", "asctime": "2026-04-16 06:36:13,071", "type": "train", "epoch": 11, "batch": 3519, "n_batches": 7774, "time": 2.646, "data_time": 0.001, "lr": 0.0001, "loss": -38.541}
{"message": "", "levelname": "INFO", "name": "Trainer", "asctime": "2026-04-16 06:36:40,570", "type": "train", "epoch": 11, "batch": 3599, "n_batches": 7774, "time": 2.4, "data_time": 0.001, "lr": 0.0001, "loss": -42.439}
{"message": "", "levelname": "INFO", "name": "Trainer", "asctime": "2026-04-16 06:37:12,948", "type": "train", "epoch": 11, "batch": 3679, "n_batches": 7774, "time": 3.749, "data_time": 0.001, "lr": 0.0001, "loss": -43.488}
{"message": "", "levelname": "INFO", "name": "Trainer", "asctime": "2026-04-16 06:37:41,983", "type": "train", "epoch": 11, "batch": 3759, "n_batches": 7774, "time": 1.955, "data_time": 0.001, "lr": 0.0001, "loss": -39.401}
{"message": "", "levelname": "INFO", "name": "Trainer", "asctime": "2026-04-16 06:38:12,256", "type": "train", "epoch": 11, "batch": 3839, "n_batches": 7774, "time": 4.072, "data_time": 0.003, "lr": 0.0001, "loss": -43.578}
{"message": "", "levelname": "INFO", "name": "Trainer", "asctime": "2026-04-16 06:38:41,716", "type": "train", "epoch": 11, "batch": 3919, "n_batches": 7774, "time": 2.375, "data_time": 0.001, "lr": 0.0001, "loss": -37.746}
{"message": "", "levelname": "INFO", "name": "Trainer", "asctime": "2026-04-16 06:39:12,231", "type": "train", "epoch": 11, "batch": 3999, "n_batches": 7774, "time": 4.421, "data_time": 0.001, "lr": 0.0001, "loss": -42.166}
{"message": "", "levelname": "INFO", "name": "Trainer", "asctime": "2026-04-16 06:39:43,573", "type": "train", "epoch": 11, "batch": 4079, "n_batches": 7774, "time": 3.41, "data_time": 0.001, "lr": 0.0001, "loss": -43.635}
{"message": "", "levelname": "INFO", "name": "Trainer", "asctime": "2026-04-16 06:40:19,091", "type": "train", "epoch": 11, "batch": 4159, "n_batches": 7774, "time": 3.122, "data_time": 0.001, "lr": 0.0001, "loss": -39.149}
{"message": "", "levelname": "INFO", "name": "Trainer", "asctime": "2026-04-16 06:40:47,111", "type": "train", "epoch": 11, "batch": 4239, "n_batches": 7774, "time": 3.712, "data_time": 0.001, "lr": 0.0001, "loss": -41.007}
{"message": "", "levelname": "INFO", "name": "Trainer", "asctime": "2026-04-16 06:41:13,246", "type": "train", "epoch": 11, "batch": 4319, "n_batches": 7774, "time": 2.825, "data_time": 0.001, "lr": 0.0001, "loss": -36.642}
{"message": "", "levelname": "INFO", "name": "Trainer", "asctime": "2026-04-16 06:41:44,080", "type": "train", "epoch": 11, "batch": 4399, "n_batches": 7774, "time": 3.014, "data_time": 0.001, "lr": 0.0001, "loss": -41.457}
{"message": "", "levelname": "INFO", "name": "Trainer", "asctime": "2026-04-16 06:42:14,394", "type": "train", "epoch": 11, "batch": 4479, "n_batches": 7774, "time": 3.025, "data_time": 0.001, "lr": 0.0001, "loss": -41.673}
{"message": "", "levelname": "INFO", "name": "Trainer", "asctime": "2026-04-16 06:42:44,367", "type": "train", "epoch": 11, "batch": 4559, "n_batches": 7774, "time": 3.069, "data_time": 0.001, "lr": 0.0001, "loss": -36.541}
{"message": "", "levelname": "INFO", "name": "Trainer", "asctime": "2026-04-16 06:43:15,979", "type": "train", "epoch": 11, "batch": 4639, "n_batches": 7774, "time": 2.556, "data_time": 0.001, "lr": 0.0001, "loss": -47.242}
{"message": "", "levelname": "INFO", "name": "Trainer", "asctime": "2026-04-16 06:43:45,752", "type": "train", "epoch": 11, "batch": 4719, "n_batches": 7774, "time": 3.695, "data_time": 0.001, "lr": 0.0001, "loss": -47.098}
{"message": "", "levelname": "INFO", "name": "Trainer", "asctime": "2026-04-16 06:44:15,759", "type": "train", "epoch": 11, "batch": 4799, "n_batches": 7774, "time": 3.777, "data_time": 0.001, "lr": 0.0001, "loss": -45.642}
{"message": "", "levelname": "INFO", "name": "Trainer", "asctime": "2026-04-16 06:44:43,982", "type": "train", "epoch": 11, "batch": 4879, "n_batches": 7774, "time": 3.336, "data_time": 0.001, "lr": 0.0001, "loss": -41.338}
{"message": "", "levelname": "INFO", "name": "Trainer", "asctime": "2026-04-16 06:45:17,247", "type": "train", "epoch": 11, "batch": 4959, "n_batches": 7774, "time": 2.432, "data_time": 0.001, "lr": 0.0001, "loss": -45.392}
{"message": "", "levelname": "INFO", "name": "Trainer", "asctime": "2026-04-16 06:45:49,166", "type": "train", "epoch": 11, "batch": 5039, "n_batches": 7774, "time": 3.272, "data_time": 0.001, "lr": 0.0001, "loss": -42.408}
{"message": "", "levelname": "INFO", "name": "Trainer", "asctime": "2026-04-16 06:46:23,082", "type": "train", "epoch": 11, "batch": 5119, "n_batches": 7774, "time": 3.365, "data_time": 0.001, "lr": 0.0001, "loss": -39.449}
{"message": "", "levelname": "INFO", "name": "Trainer", "asctime": "2026-04-16 06:46:57,481", "type": "train", "epoch": 11, "batch": 5199, "n_batches": 7774, "time": 4.506, "data_time": 0.001, "lr": 0.0001, "loss": -38.419}
{"message": "", "levelname": "INFO", "name": "Trainer", "asctime": "2026-04-16 06:47:26,984", "type": "train", "epoch": 11, "batch": 5279, "n_batches": 7774, "time": 3.446, "data_time": 0.001, "lr": 0.0001, "loss": -37.853}
{"message": "", "levelname": "INFO", "name": "Trainer", "asctime": "2026-04-16 06:47:57,069", "type": "train", "epoch": 11, "batch": 5359, "n_batches": 7774, "time": 1.87, "data_time": 0.001, "lr": 0.0001, "loss": -37.323}
{"message": "", "levelname": "INFO", "name": "Trainer", "asctime": "2026-04-16 06:48:21,864", "type": "train", "epoch": 11, "batch": 5439, "n_batches": 7774, "time": 2.829, "data_time": 0.001, "lr": 0.0001, "loss": -41.831}
{"message": "", "levelname": "INFO", "name": "Trainer", "asctime": "2026-04-16 06:48:54,113", "type": "train", "epoch": 11, "batch": 5519, "n_batches": 7774, "time": 2.747, "data_time": 0.001, "lr": 0.0001, "loss": -42.05}
{"message": "", "levelname": "INFO", "name": "Trainer", "asctime": "2026-04-16 06:49:21,634", "type": "train", "epoch": 11, "batch": 5599, "n_batches": 7774, "time": 2.191, "data_time": 0.001, "lr": 0.0001, "loss": -39.469}
{"message": "", "levelname": "INFO", "name": "Trainer", "asctime": "2026-04-16 06:49:49,236", "type": "train", "epoch": 11, "batch": 5679, "n_batches": 7774, "time": 3.485, "data_time": 0.0, "lr": 0.0001, "loss": -42.938}
{"message": "", "levelname": "INFO", "name": "Trainer", "asctime": "2026-04-16 06:50:20,379", "type": "train", "epoch": 11, "batch": 5759, "n_batches": 7774, "time": 2.378, "data_time": 0.001, "lr": 0.0001, "loss": -39.638}
{"message": "", "levelname": "INFO", "name": "Trainer", "asctime": "2026-04-16 06:50:52,710", "type": "train", "epoch": 11, "batch": 5839, "n_batches": 7774, "time": 3.949, "data_time": 0.001, "lr": 0.0001, "loss": -45.93}
{"message": "", "levelname": "INFO", "name": "Trainer", "asctime": "2026-04-16 06:51:20,018", "type": "train", "epoch": 11, "batch": 5919, "n_batches": 7774, "time": 3.421, "data_time": 0.001, "lr": 0.0001, "loss": -40.927}
{"message": "", "levelname": "INFO", "name": "Trainer", "asctime": "2026-04-16 06:51:51,391", "type": "train", "epoch": 11, "batch": 5999, "n_batches": 7774, "time": 2.909, "data_time": 0.0, "lr": 0.0001, "loss": -41.128}
{"message": "", "levelname": "INFO", "name": "Trainer", "asctime": "2026-04-16 06:52:25,354", "type": "train", "epoch": 11, "batch": 6079, "n_batches": 7774, "time": 3.263, "data_time": 0.004, "lr": 0.0001, "loss": -45.851}
{"message": "", "levelname": "INFO", "name": "Trainer", "asctime": "2026-04-16 06:52:54,789", "type": "train", "epoch": 11, "batch": 6159, "n_batches": 7774, "time": 2.951, "data_time": 0.001, "lr": 0.0001, "loss": -42.457}
{"message": "", "levelname": "INFO", "name": "Trainer", "asctime": "2026-04-16 06:53:26,028", "type": "train", "epoch": 11, "batch": 6239, "n_batches": 7774, "time": 2.676, "data_time": 0.001, "lr": 0.0001, "loss": -46.378}
{"message": "", "levelname": "INFO", "name": "Trainer", "asctime": "2026-04-16 06:53:54,321", "type": "train", "epoch": 11, "batch": 6319, "n_batches": 7774, "time": 2.395, "data_time": 0.0, "lr": 0.0001, "loss": -40.226}
{"message": "", "levelname": "INFO", "name": "Trainer", "asctime": "2026-04-16 06:54:24,250", "type": "train", "epoch": 11, "batch": 6399, "n_batches": 7774, "time": 2.946, "data_time": 0.0, "lr": 0.0001, "loss": -43.6}
{"message": "", "levelname": "INFO", "name": "Trainer", "asctime": "2026-04-16 06:54:58,154", "type": "train", "epoch": 11, "batch": 6479, "n_batches": 7774, "time": 2.749, "data_time": 0.001, "lr": 0.0001, "loss": -42.003}
{"message": "", "levelname": "INFO", "name": "Trainer", "asctime": "2026-04-16 06:55:28,903", "type": "train", "epoch": 11, "batch": 6559, "n_batches": 7774, "time": 2.212, "data_time": 0.001, "lr": 0.0001, "loss": -39.389}
{"message": "", "levelname": "INFO", "name": "Trainer", "asctime": "2026-04-16 06:55:54,313", "type": "train", "epoch": 11, "batch": 6639, "n_batches": 7774, "time": 2.865, "data_time": 0.0, "lr": 0.0001, "loss": -40.048}
{"message": "", "levelname": "INFO", "name": "Trainer", "asctime": "2026-04-16 06:56:23,163", "type": "train", "epoch": 11, "batch": 6719, "n_batches": 7774, "time": 3.169, "data_time": 0.0, "lr": 0.0001, "loss": -39.986}
{"message": "", "levelname": "INFO", "name": "Trainer", "asctime": "2026-04-16 06:56:55,403", "type": "train", "epoch": 11, "batch": 6799, "n_batches": 7774, "time": 3.515, "data_time": 0.0, "lr": 0.0001, "loss": -46.817}
{"message": "", "levelname": "INFO", "name": "Trainer", "asctime": "2026-04-16 06:57:26,349", "type": "train", "epoch": 11, "batch": 6879, "n_batches": 7774, "time": 3.003, "data_time": 0.0, "lr": 0.0001, "loss": -38.163}
{"message": "", "levelname": "INFO", "name": "Trainer", "asctime": "2026-04-16 06:57:56,352", "type": "train", "epoch": 11, "batch": 6959, "n_batches": 7774, "time": 3.028, "data_time": 0.001, "lr": 0.0001, "loss": -43.179}
{"message": "", "levelname": "INFO", "name": "Trainer", "asctime": "2026-04-16 06:58:24,735", "type": "train", "epoch": 11, "batch": 7039, "n_batches": 7774, "time": 3.527, "data_time": 0.001, "lr": 0.0001, "loss": -45.349}
{"message": "", "levelname": "INFO", "name": "Trainer", "asctime": "2026-04-16 06:58:55,233", "type": "train", "epoch": 11, "batch": 7119, "n_batches": 7774, "time": 2.776, "data_time": 0.001, "lr": 0.0001, "loss": -42.299}
{"message": "", "levelname": "INFO", "name": "Trainer", "asctime": "2026-04-16 06:59:29,254", "type": "train", "epoch": 11, "batch": 7199, "n_batches": 7774, "time": 4.225, "data_time": 0.001, "lr": 0.0001, "loss": -40.879}
{"message": "", "levelname": "INFO", "name": "Trainer", "asctime": "2026-04-16 07:00:09,306", "type": "train", "epoch": 11, "batch": 7279, "n_batches": 7774, "time": 2.658, "data_time": 0.003, "lr": 0.0001, "loss": -44.7}
{"message": "", "levelname": "INFO", "name": "Trainer", "asctime": "2026-04-16 07:00:41,320", "type": "train", "epoch": 11, "batch": 7359, "n_batches": 7774, "time": 4.145, "data_time": 0.001, "lr": 0.0001, "loss": -42.592}
{"message": "", "levelname": "INFO", "name": "Trainer", "asctime": "2026-04-16 07:01:13,373", "type": "train", "epoch": 11, "batch": 7439, "n_batches": 7774, "time": 3.611, "data_time": 0.001, "lr": 0.0001, "loss": -46.051}
{"message": "", "levelname": "INFO", "name": "Trainer", "asctime": "2026-04-16 07:01:45,966", "type": "train", "epoch": 11, "batch": 7519, "n_batches": 7774, "time": 3.632, "data_time": 0.0, "lr": 0.0001, "loss": -42.281}
{"message": "", "levelname": "INFO", "name": "Trainer", "asctime": "2026-04-16 07:02:14,594", "type": "train", "epoch": 11, "batch": 7599, "n_batches": 7774, "time": 3.394, "data_time": 0.001, "lr": 0.0001, "loss": -42.78}
{"message": "", "levelname": "INFO", "name": "Trainer", "asctime": "2026-04-16 07:02:47,163", "type": "train", "epoch": 11, "batch": 7679, "n_batches": 7774, "time": 3.182, "data_time": 0.001, "lr": 0.0001, "loss": -44.011}
{"message": "", "levelname": "INFO", "name": "Trainer", "asctime": "2026-04-16 07:03:16,252", "type": "train", "epoch": 11, "batch": 7759, "n_batches": 7774, "time": 2.315, "data_time": 0.0, "lr": 0.0001, "loss": -37.592}
{"message": "", "levelname": "INFO", "name": "Trainer", "asctime": "2026-04-16 07:03:21,694", "type": "train-epoch", "epoch": 12, "loss": -5.15822, "time": 2982.8}
{"message": "", "levelname": "INFO", "name": "Trainer", "asctime": "2026-04-16 07:10:09,575", "type": "val-epoch", "epoch": 12, "loss": 1.33, "test_loss": 1.457, "time": 407.9}
{"message": "", "levelname": "INFO", "name": "Trainer", "asctime": "2026-04-16 07:10:42,051", "type": "train", "epoch": 12, "batch": 79, "n_batches": 7774, "time": 3.224, "data_time": 0.001, "lr": 0.0001, "loss": -43.606}
{"message": "", "levelname": "INFO", "name": "Trainer", "asctime": "2026-04-16 07:11:13,349", "type": "train", "epoch": 12, "batch": 159, "n_batches": 7774, "time": 4.557, "data_time": 0.001, "lr": 0.0001, "loss": -44.729}
{"message": "", "levelname": "INFO", "name": "Trainer", "asctime": "2026-04-16 07:11:43,733", "type": "train", "epoch": 12, "batch": 239, "n_batches": 7774, "time": 4.326, "data_time": 0.001, "lr": 0.0001, "loss": -38.564}
{"message": "", "levelname": "INFO", "name": "Trainer", "asctime": "2026-04-16 07:12:14,516", "type": "train", "epoch": 12, "batch": 319, "n_batches": 7774, "time": 3.092, "data_time": 0.001, "lr": 0.0001, "loss": -45.518}
{"message": "", "levelname": "INFO", "name": "Trainer", "asctime": "2026-04-16 07:12:45,662", "type": "train", "epoch": 12, "batch": 399, "n_batches": 7774, "time": 2.682, "data_time": 0.001, "lr": 0.0001, "loss": -47.923}
{"message": "", "levelname": "INFO", "name": "Trainer", "asctime": "2026-04-16 07:13:17,158", "type": "train", "epoch": 12, "batch": 479, "n_batches": 7774, "time": 2.642, "data_time": 0.001, "lr": 0.0001, "loss": -44.465}
{"message": "", "levelname": "INFO", "name": "Trainer", "asctime": "2026-04-16 07:13:47,427", "type": "train", "epoch": 12, "batch": 559, "n_batches": 7774, "time": 2.808, "data_time": 0.0, "lr": 0.0001, "loss": -45.599}
{"message": "", "levelname": "INFO", "name": "Trainer", "asctime": "2026-04-16 07:14:15,186", "type": "train", "epoch": 12, "batch": 639, "n_batches": 7774, "time": 3.098, "data_time": 0.001, "lr": 0.0001, "loss": -45.356}
{"message": "", "levelname": "INFO", "name": "Trainer", "asctime": "2026-04-16 07:14:46,440", "type": "train", "epoch": 12, "batch": 719, "n_batches": 7774, "time": 2.851, "data_time": 0.001, "lr": 0.0001, "loss": -43.785}
{"message": "", "levelname": "INFO", "name": "Trainer", "asctime": "2026-04-16 07:15:15,449", "type": "train", "epoch": 12, "batch": 799, "n_batches": 7774, "time": 2.492, "data_time": 0.0, "lr": 0.0001, "loss": -47.11}
{"message": "", "levelname": "INFO", "name": "Trainer", "asctime": "2026-04-16 07:15:48,960", "type": "train", "epoch": 12, "batch": 879, "n_batches": 7774, "time": 3.46, "data_time": 0.004, "lr": 0.0001, "loss": -44.991}
{"message": "", "levelname": "INFO", "name": "Trainer", "asctime": "2026-04-16 07:16:19,354", "type": "train", "epoch": 12, "batch": 959, "n_batches": 7774, "time": 3.229, "data_time": 0.001, "lr": 0.0001, "loss": -41.116}
{"message": "", "levelname": "INFO", "name": "Trainer", "asctime": "2026-04-16 07:16:50,779", "type": "train", "epoch": 12, "batch": 1039, "n_batches": 7774, "time": 2.989, "data_time": 0.0, "lr": 0.0001, "loss": -44.457}
{"message": "", "levelname": "INFO", "name": "Trainer", "asctime": "2026-04-16 07:17:21,255", "type": "train", "epoch": 12, "batch": 1119, "n_batches": 7774, "time": 3.192, "data_time": 0.001, "lr": 0.0001, "loss": -46.625}
{"message": "", "levelname": "INFO", "name": "Trainer", "asctime": "2026-04-16 07:17:52,875", "type": "train", "epoch": 12, "batch": 1199, "n_batches": 7774, "time": 3.431, "data_time": 0.0, "lr": 0.0001, "loss": -47.239}
{"message": "", "levelname": "INFO", "name": "Trainer", "asctime": "2026-04-16 07:18:21,987", "type": "train", "epoch": 12, "batch": 1279, "n_batches": 7774, "time": 2.481, "data_time": 0.001, "lr": 0.0001, "loss": -42.548}
{"message": "", "levelname": "INFO", "name": "Trainer", "asctime": "2026-04-16 07:18:53,088", "type": "train", "epoch": 12, "batch": 1359, "n_batches": 7774, "time": 3.204, "data_time": 0.0, "lr": 0.0001, "loss": -41.52}
{"message": "", "levelname": "INFO", "name": "Trainer", "asctime": "2026-04-16 07:19:21,068", "type": "train", "epoch": 12, "batch": 1439, "n_batches": 7774, "time": 2.637, "data_time": 0.0, "lr": 0.0001, "loss": -46.986}
{"message": "", "levelname": "INFO", "name": "Trainer", "asctime": "2026-04-16 07:19:52,972", "type": "train", "epoch": 12, "batch": 1519, "n_batches": 7774, "time": 2.219, "data_time": 0.001, "lr": 0.0001, "loss": -43.637}
{"message": "", "levelname": "INFO", "name": "Trainer", "asctime": "2026-04-16 07:20:24,543", "type": "train", "epoch": 12, "batch": 1599, "n_batches": 7774, "time": 3.641, "data_time": 0.001, "lr": 0.0001, "loss": -41.537}
{"message": "", "levelname": "INFO", "name": "Trainer", "asctime": "2026-04-16 07:20:55,121", "type": "train", "epoch": 12, "batch": 1679, "n_batches": 7774, "time": 3.055, "data_time": 0.001, "lr": 0.0001, "loss": -46.211}
{"message": "", "levelname": "INFO", "name": "Trainer", "asctime": "2026-04-16 07:21:26,853", "type": "train", "epoch": 12, "batch": 1759, "n_batches": 7774, "time": 2.656, "data_time": 0.001, "lr": 0.0001, "loss": -44.151}
{"message": "", "levelname": "INFO", "name": "Trainer", "asctime": "2026-04-16 07:21:56,992", "type": "train", "epoch": 12, "batch": 1839, "n_batches": 7774, "time": 3.073, "data_time": 0.001, "lr": 0.0001, "loss": -42.861}
{"message": "", "levelname": "INFO", "name": "Trainer", "asctime": "2026-04-16 07:22:27,015", "type": "train", "epoch": 12, "batch": 1919, "n_batches": 7774, "time": 2.709, "data_time": 0.001, "lr": 0.0001, "loss": -46.132}
{"message": "", "levelname": "INFO", "name": "Trainer", "asctime": "2026-04-16 07:22:57,796", "type": "train", "epoch": 12, "batch": 1999, "n_batches": 7774, "time": 2.36, "data_time": 0.001, "lr": 0.0001, "loss": -43.615}
{"message": "", "levelname": "INFO", "name": "Trainer", "asctime": "2026-04-16 07:23:30,186", "type": "train", "epoch": 12, "batch": 2079, "n_batches": 7774, "time": 2.843, "data_time": 0.001, "lr": 0.0001, "loss": -47.207}
{"message": "", "levelname": "INFO", "name": "Trainer", "asctime": "2026-04-16 07:24:00,488", "type": "train", "epoch": 12, "batch": 2159, "n_batches": 7774, "time": 2.86, "data_time": 0.0, "lr": 0.0001, "loss": -40.392}
{"message": "", "levelname": "INFO", "name": "Trainer", "asctime": "2026-04-16 07:24:34,063", "type": "train", "epoch": 12, "batch": 2239, "n_batches": 7774, "time": 4.666, "data_time": 0.0, "lr": 0.0001, "loss": -46.692}
{"message": "", "levelname": "INFO", "name": "Trainer", "asctime": "2026-04-16 07:25:04,897", "type": "train", "epoch": 12, "batch": 2319, "n_batches": 7774, "time": 2.987, "data_time": 0.001, "lr": 0.0001, "loss": -42.188}
{"message": "", "levelname": "INFO", "name": "Trainer", "asctime": "2026-04-16 07:25:37,641", "type": "train", "epoch": 12, "batch": 2399, "n_batches": 7774, "time": 2.6, "data_time": 0.001, "lr": 0.0001, "loss": -40.367}
{"message": "", "levelname": "INFO", "name": "Trainer", "asctime": "2026-04-16 07:26:04,460", "type": "train", "epoch": 12, "batch": 2479, "n_batches": 7774, "time": 1.466, "data_time": 0.001, "lr": 0.0001, "loss": -43.504}
{"message": "", "levelname": "INFO", "name": "Trainer", "asctime": "2026-04-16 07:26:32,401", "type": "train", "epoch": 12, "batch": 2559, "n_batches": 7774, "time": 2.81, "data_time": 0.001, "lr": 0.0001, "loss": -44.345}
{"message": "", "levelname": "INFO", "name": "Trainer", "asctime": "2026-04-16 07:27:01,269", "type": "train", "epoch": 12, "batch": 2639, "n_batches": 7774, "time": 2.718, "data_time": 0.0, "lr": 0.0001, "loss": -43.302}
{"message": "", "levelname": "INFO", "name": "Trainer", "asctime": "2026-04-16 07:27:30,644", "type": "train", "epoch": 12, "batch": 2719, "n_batches": 7774, "time": 1.849, "data_time": 0.0, "lr": 0.0001, "loss": -38.579}
{"message": "", "levelname": "INFO", "name": "Trainer", "asctime": "2026-04-16 07:27:59,225", "type": "train", "epoch": 12, "batch": 2799, "n_batches": 7774, "time": 2.405, "data_time": 0.0, "lr": 0.0001, "loss": -44.942}
{"message": "", "levelname": "INFO", "name": "Trainer", "asctime": "2026-04-16 07:28:28,629", "type": "train", "epoch": 12, "batch": 2879, "n_batches": 7774, "time": 2.295, "data_time": 0.001, "lr": 0.0001, "loss": -39.294}
{"message": "", "levelname": "INFO", "name": "Trainer", "asctime": "2026-04-16 07:28:58,985", "type": "train", "epoch": 12, "batch": 2959, "n_batches": 7774, "time": 2.317, "data_time": 0.001, "lr": 0.0001, "loss": -44.618}
{"message": "", "levelname": "INFO", "name": "Trainer", "asctime": "2026-04-16 07:29:26,989", "type": "train", "epoch": 12, "batch": 3039, "n_batches": 7774, "time": 3.492, "data_time": 0.001, "lr": 0.0001, "loss": -48.438}
{"message": "", "levelname": "INFO", "name": "Trainer", "asctime": "2026-04-16 07:29:55,194", "type": "train", "epoch": 12, "batch": 3119, "n_batches": 7774, "time": 3.312, "data_time": 0.001, "lr": 0.0001, "loss": -42.036}
{"message": "", "levelname": "INFO", "name": "Trainer", "asctime": "2026-04-16 07:30:24,788", "type": "train", "epoch": 12, "batch": 3199, "n_batches": 7774, "time": 2.583, "data_time": 0.002, "lr": 0.0001, "loss": -41.676}
{"message": "", "levelname": "INFO", "name": "Trainer", "asctime": "2026-04-16 07:30:58,307", "type": "train", "epoch": 12, "batch": 3279, "n_batches": 7774, "time": 3.982, "data_time": 0.001, "lr": 0.0001, "loss": -37.23}
{"message": "", "levelname": "INFO", "name": "Trainer", "asctime": "2026-04-16 07:31:34,087", "type": "train", "epoch": 12, "batch": 3359, "n_batches": 7774, "time": 2.802, "data_time": 0.001, "lr": 0.0001, "loss": -47.819}
{"message": "", "levelname": "INFO", "name": "Trainer", "asctime": "2026-04-16 07:32:11,193", "type": "train", "epoch": 12, "batch": 3439, "n_batches": 7774, "time": 4.126, "data_time": 0.001, "lr": 0.0001, "loss": -34.016}
{"message": "", "levelname": "INFO", "name": "Trainer", "asctime": "2026-04-16 07:32:37,091", "type": "train", "epoch": 12, "batch": 3519, "n_batches": 7774, "time": 1.946, "data_time": 0.001, "lr": 0.0001, "loss": -40.241}
{"message": "", "levelname": "INFO", "name": "Trainer", "asctime": "2026-04-16 07:33:07,797", "type": "train", "epoch": 12, "batch": 3599, "n_batches": 7774, "time": 3.767, "data_time": 0.0, "lr": 0.0001, "loss": -31.295}
{"message": "", "levelname": "INFO", "name": "Trainer", "asctime": "2026-04-16 07:33:34,959", "type": "train", "epoch": 12, "batch": 3679, "n_batches": 7774, "time": 2.805, "data_time": 0.001, "lr": 0.0001, "loss": -46.603}
{"message": "", "levelname": "INFO", "name": "Trainer", "asctime": "2026-04-16 07:34:02,679", "type": "train", "epoch": 12, "batch": 3759, "n_batches": 7774, "time": 3.019, "data_time": 0.001, "lr": 0.0001, "loss": -38.033}
{"message": "", "levelname": "INFO", "name": "Trainer", "asctime": "2026-04-16 07:34:32,589", "type": "train", "epoch": 12, "batch": 3839, "n_batches": 7774, "time": 2.728, "data_time": 0.0, "lr": 0.0001, "loss": -44.921}
{"message": "", "levelname": "INFO", "name": "Trainer", "asctime": "2026-04-16 07:35:02,721", "type": "train", "epoch": 12, "batch": 3919, "n_batches": 7774, "time": 2.796, "data_time": 0.001, "lr": 0.0001, "loss": -42.339}
{"message": "", "levelname": "INFO", "name": "Trainer", "asctime": "2026-04-16 07:35:30,070", "type": "train", "epoch": 12, "batch": 3999, "n_batches": 7774, "time": 2.956, "data_time": 0.001, "lr": 0.0001, "loss": -40.353}
{"message": "", "levelname": "INFO", "name": "Trainer", "asctime": "2026-04-16 07:35:58,915", "type": "train", "epoch": 12, "batch": 4079, "n_batches": 7774, "time": 3.172, "data_time": 0.002, "lr": 0.0001, "loss": -41.52}
{"message": "", "levelname": "INFO", "name": "Trainer", "asctime": "2026-04-16 07:36:31,004", "type": "train", "epoch": 12, "batch": 4159, "n_batches": 7774, "time": 3.251, "data_time": 0.0, "lr": 0.0001, "loss": -45.074}
{"message": "", "levelname": "INFO", "name": "Trainer", "asctime": "2026-04-16 07:37:01,601", "type": "train", "epoch": 12, "batch": 4239, "n_batches": 7774, "time": 2.239, "data_time": 0.001, "lr": 0.0001, "loss": -44.44}
{"message": "", "levelname": "INFO", "name": "Trainer", "asctime": "2026-04-16 07:37:29,274", "type": "train", "epoch": 12, "batch": 4319, "n_batches": 7774, "time": 3.026, "data_time": 0.001, "lr": 0.0001, "loss": -41.063}
{"message": "", "levelname": "INFO", "name": "Trainer", "asctime": "2026-04-16 07:38:03,385", "type": "train", "epoch": 12, "batch": 4399, "n_batches": 7774, "time": 5.508, "data_time": 0.001, "lr": 0.0001, "loss": -43.823}
{"message": "", "levelname": "INFO", "name": "Trainer", "asctime": "2026-04-16 07:38:32,488", "type": "train", "epoch": 12, "batch": 4479, "n_batches": 7774, "time": 3.756, "data_time": 0.0, "lr": 0.0001, "loss": -44.509}
{"message": "", "levelname": "INFO", "name": "Trainer", "asctime": "2026-04-16 07:39:06,589", "type": "train", "epoch": 12, "batch": 4559, "n_batches": 7774, "time": 2.355, "data_time": 0.0, "lr": 0.0001, "loss": -39.556}
{"message": "", "levelname": "INFO", "name": "Trainer", "asctime": "2026-04-16 07:39:36,297", "type": "train", "epoch": 12, "batch": 4639, "n_batches": 7774, "time": 3.131, "data_time": 0.001, "lr": 0.0001, "loss": -43.481}
{"message": "", "levelname": "INFO", "name": "Trainer", "asctime": "2026-04-16 07:40:08,647", "type": "train", "epoch": 12, "batch": 4719, "n_batches": 7774, "time": 3.211, "data_time": 0.002, "lr": 0.0001, "loss": -43.472}
{"message": "", "levelname": "INFO", "name": "Trainer", "asctime": "2026-04-16 07:40:38,459", "type": "train", "epoch": 12, "batch": 4799, "n_batches": 7774, "time": 1.91, "data_time": 0.001, "lr": 0.0001, "loss": -45.746}
{"message": "", "levelname": "INFO", "name": "Trainer", "asctime": "2026-04-16 07:41:06,746", "type": "train", "epoch": 12, "batch": 4879, "n_batches": 7774, "time": 3.281, "data_time": 0.001, "lr": 0.0001, "loss": -38.538}
{"message": "", "levelname": "INFO", "name": "Trainer", "asctime": "2026-04-16 07:41:33,520", "type": "train", "epoch": 12, "batch": 4959, "n_batches": 7774, "time": 2.374, "data_time": 0.001, "lr": 0.0001, "loss": -45.352}
{"message": "", "levelname": "INFO", "name": "Trainer", "asctime": "2026-04-16 07:42:03,076", "type": "train", "epoch": 12, "batch": 5039, "n_batches": 7774, "time": 3.424, "data_time": 0.001, "lr": 0.0001, "loss": -45.231}
{"message": "", "levelname": "INFO", "name": "Trainer", "asctime": "2026-04-16 07:42:31,334", "type": "train", "epoch": 12, "batch": 5119, "n_batches": 7774, "time": 3.961, "data_time": 0.001, "lr": 0.0001, "loss": -41.909}
{"message": "", "levelname": "INFO", "name": "Trainer", "asctime": "2026-04-16 07:42:58,542", "type": "train", "epoch": 12, "batch": 5199, "n_batches": 7774, "time": 2.433, "data_time": 0.001, "lr": 0.0001, "loss": -45.185}
{"message": "", "levelname": "INFO", "name": "Trainer", "asctime": "2026-04-16 07:43:30,898", "type": "train", "epoch": 12, "batch": 5279, "n_batches": 7774, "time": 3.171, "data_time": 0.001, "lr": 0.0001, "loss": -39.818}
{"message": "", "levelname": "INFO", "name": "Trainer", "asctime": "2026-04-16 07:44:03,720", "type": "train", "epoch": 12, "batch": 5359, "n_batches": 7774, "time": 2.749, "data_time": 0.001, "lr": 0.0001, "loss": -46.186}
{"message": "", "levelname": "INFO", "name": "Trainer", "asctime": "2026-04-16 07:44:33,839", "type": "train", "epoch": 12, "batch": 5439, "n_batches": 7774, "time": 2.39, "data_time": 0.001, "lr": 0.0001, "loss": -41.814}
{"message": "", "levelname": "INFO", "name": "Trainer", "asctime": "2026-04-16 07:45:00,597", "type": "train", "epoch": 12, "batch": 5519, "n_batches": 7774, "time": 1.88, "data_time": 0.001, "lr": 0.0001, "loss": -41.642}
{"message": "", "levelname": "INFO", "name": "Trainer", "asctime": "2026-04-16 07:45:34,134", "type": "train", "epoch": 12, "batch": 5599, "n_batches": 7774, "time": 3.109, "data_time": 0.001, "lr": 0.0001, "loss": -44.363}
{"message": "", "levelname": "INFO", "name": "Trainer", "asctime": "2026-04-16 07:46:06,981", "type": "train", "epoch": 12, "batch": 5679, "n_batches": 7774, "time": 3.706, "data_time": 0.0, "lr": 0.0001, "loss": -41.955}
{"message": "", "levelname": "INFO", "name": "Trainer", "asctime": "2026-04-16 07:46:36,052", "type": "train", "epoch": 12, "batch": 5759, "n_batches": 7774, "time": 2.951, "data_time": 0.001, "lr": 0.0001, "loss": -39.295}
{"message": "", "levelname": "INFO", "name": "Trainer", "asctime": "2026-04-16 07:47:04,264", "type": "train", "epoch": 12, "batch": 5839, "n_batches": 7774, "time": 3.096, "data_time": 0.001, "lr": 0.0001, "loss": -45.927}
{"message": "", "levelname": "INFO", "name": "Trainer", "asctime": "2026-04-16 07:47:37,461", "type": "train", "epoch": 12, "batch": 5919, "n_batches": 7774, "time": 2.227, "data_time": 0.001, "lr": 0.0001, "loss": -38.759}
{"message": "", "levelname": "INFO", "name": "Trainer", "asctime": "2026-04-16 07:48:07,032", "type": "train", "epoch": 12, "batch": 5999, "n_batches": 7774, "time": 2.953, "data_time": 0.001, "lr": 0.0001, "loss": -45.599}
{"message": "", "levelname": "INFO", "name": "Trainer", "asctime": "2026-04-16 07:48:37,882", "type": "train", "epoch": 12, "batch": 6079, "n_batches": 7774, "time": 3.323, "data_time": 0.001, "lr": 0.0001, "loss": -47.069}
{"message": "", "levelname": "INFO", "name": "Trainer", "asctime": "2026-04-16 07:49:10,605", "type": "train", "epoch": 12, "batch": 6159, "n_batches": 7774, "time": 2.167, "data_time": 0.004, "lr": 0.0001, "loss": -47.516}
{"message": "", "levelname": "INFO", "name": "Trainer", "asctime": "2026-04-16 07:49:40,936", "type": "train", "epoch": 12, "batch": 6239, "n_batches": 7774, "time": 2.813, "data_time": 0.001, "lr": 0.0001, "loss": -44.021}
{"message": "", "levelname": "INFO", "name": "Trainer", "asctime": "2026-04-16 07:50:09,712", "type": "train", "epoch": 12, "batch": 6319, "n_batches": 7774, "time": 2.909, "data_time": 0.001, "lr": 0.0001, "loss": -48.83}
{"message": "", "levelname": "INFO", "name": "Trainer", "asctime": "2026-04-16 07:50:40,738", "type": "train", "epoch": 12, "batch": 6399, "n_batches": 7774, "time": 2.337, "data_time": 0.0, "lr": 0.0001, "loss": -41.643}
{"message": "", "levelname": "INFO", "name": "Trainer", "asctime": "2026-04-16 07:51:08,246", "type": "train", "epoch": 12, "batch": 6479, "n_batches": 7774, "time": 3.241, "data_time": 0.001, "lr": 0.0001, "loss": -44.159}
{"message": "", "levelname": "INFO", "name": "Trainer", "asctime": "2026-04-16 07:51:35,773", "type": "train", "epoch": 12, "batch": 6559, "n_batches": 7774, "time": 2.703, "data_time": 0.001, "lr": 0.0001, "loss": -45.58}
{"message": "", "levelname": "INFO", "name": "Trainer", "asctime": "2026-04-16 07:52:09,810", "type": "train", "epoch": 12, "batch": 6639, "n_batches": 7774, "time": 2.798, "data_time": 0.003, "lr": 0.0001, "loss": -43.079}
{"message": "", "levelname": "INFO", "name": "Trainer", "asctime": "2026-04-16 07:52:41,165", "type": "train", "epoch": 12, "batch": 6719, "n_batches": 7774, "time": 3.584, "data_time": 0.001, "lr": 0.0001, "loss": -40.325}
{"message": "", "levelname": "INFO", "name": "Trainer", "asctime": "2026-04-16 07:53:14,920", "type": "train", "epoch": 12, "batch": 6799, "n_batches": 7774, "time": 2.726, "data_time": 0.0, "lr": 0.0001, "loss": -44.829}
{"message": "", "levelname": "INFO", "name": "Trainer", "asctime": "2026-04-16 07:53:45,798", "type": "train", "epoch": 12, "batch": 6879, "n_batches": 7774, "time": 2.937, "data_time": 0.0, "lr": 0.0001, "loss": -43.172}
{"message": "", "levelname": "INFO", "name": "Trainer", "asctime": "2026-04-16 07:54:15,030", "type": "train", "epoch": 12, "batch": 6959, "n_batches": 7774, "time": 2.293, "data_time": 0.001, "lr": 0.0001, "loss": -46.266}
{"message": "", "levelname": "INFO", "name": "Trainer", "asctime": "2026-04-16 07:54:40,891", "type": "train", "epoch": 12, "batch": 7039, "n_batches": 7774, "time": 1.648, "data_time": 0.0, "lr": 0.0001, "loss": -46.105}
{"message": "", "levelname": "INFO", "name": "Trainer", "asctime": "2026-04-16 07:55:10,817", "type": "train", "epoch": 12, "batch": 7119, "n_batches": 7774, "time": 3.465, "data_time": 0.001, "lr": 0.0001, "loss": -45.193}
{"message": "", "levelname": "INFO", "name": "Trainer", "asctime": "2026-04-16 07:55:38,599", "type": "train", "epoch": 12, "batch": 7199, "n_batches": 7774, "time": 2.041, "data_time": 0.001, "lr": 0.0001, "loss": -41.765}
{"message": "", "levelname": "INFO", "name": "Trainer", "asctime": "2026-04-16 07:56:03,041", "type": "train", "epoch": 12, "batch": 7279, "n_batches": 7774, "time": 2.685, "data_time": 0.001, "lr": 0.0001, "loss": -44.642}
{"message": "", "levelname": "INFO", "name": "Trainer", "asctime": "2026-04-16 07:56:34,485", "type": "train", "epoch": 12, "batch": 7359, "n_batches": 7774, "time": 3.808, "data_time": 0.001, "lr": 0.0001, "loss": -49.209}
{"message": "", "levelname": "INFO", "name": "Trainer", "asctime": "2026-04-16 07:57:02,552", "type": "train", "epoch": 12, "batch": 7439, "n_batches": 7774, "time": 3.195, "data_time": 0.001, "lr": 0.0001, "loss": -45.533}
{"message": "", "levelname": "INFO", "name": "Trainer", "asctime": "2026-04-16 07:57:33,947", "type": "train", "epoch": 12, "batch": 7519, "n_batches": 7774, "time": 4.249, "data_time": 0.001, "lr": 0.0001, "loss": -49.886}
{"message": "", "levelname": "INFO", "name": "Trainer", "asctime": "2026-04-16 07:58:05,420", "type": "train", "epoch": 12, "batch": 7599, "n_batches": 7774, "time": 2.752, "data_time": 0.001, "lr": 0.0001, "loss": -44.357}
{"message": "", "levelname": "INFO", "name": "Trainer", "asctime": "2026-04-16 07:58:37,908", "type": "train", "epoch": 12, "batch": 7679, "n_batches": 7774, "time": 2.739, "data_time": 0.004, "lr": 0.0001, "loss": -42.887}
{"message": "", "levelname": "INFO", "name": "Trainer", "asctime": "2026-04-16 07:59:07,405", "type": "train", "epoch": 12, "batch": 7759, "n_batches": 7774, "time": 2.805, "data_time": 0.001, "lr": 0.0001, "loss": -42.941}
{"message": "", "levelname": "INFO", "name": "Trainer", "asctime": "2026-04-16 07:59:11,762", "type": "train-epoch", "epoch": 13, "loss": -5.38109, "time": 2942.2}
{"message": "", "levelname": "INFO", "name": "Trainer", "asctime": "2026-04-16 08:06:04,674", "type": "val-epoch", "epoch": 13, "loss": 1.58, "test_loss": 1.692, "time": 412.9}
{"message": "", "levelname": "INFO", "name": "Trainer", "asctime": "2026-04-16 08:06:32,099", "type": "train", "epoch": 13, "batch": 79, "n_batches": 7774, "time": 1.748, "data_time": 0.001, "lr": 0.0001, "loss": -49.378}
{"message": "", "levelname": "INFO", "name": "Trainer", "asctime": "2026-04-16 08:07:00,475", "type": "train", "epoch": 13, "batch": 159, "n_batches": 7774, "time": 2.698, "data_time": 0.001, "lr": 0.0001, "loss": -43.464}
{"message": "", "levelname": "INFO", "name": "Trainer", "asctime": "2026-04-16 08:07:33,589", "type": "train", "epoch": 13, "batch": 239, "n_batches": 7774, "time": 2.434, "data_time": 0.001, "lr": 0.0001, "loss": -47.837}
{"message": "", "levelname": "INFO", "name": "Trainer", "asctime": "2026-04-16 08:08:03,499", "type": "train", "epoch": 13, "batch": 319, "n_batches": 7774, "time": 3.88, "data_time": 0.0, "lr": 0.0001, "loss": -44.642}
{"message": "", "levelname": "INFO", "name": "Trainer", "asctime": "2026-04-16 08:08:33,051", "type": "train", "epoch": 13, "batch": 399, "n_batches": 7774, "time": 2.561, "data_time": 0.0, "lr": 0.0001, "loss": -44.996}
{"message": "", "levelname": "INFO", "name": "Trainer", "asctime": "2026-04-16 08:09:04,278", "type": "train", "epoch": 13, "batch": 479, "n_batches": 7774, "time": 3.302, "data_time": 0.0, "lr": 0.0001, "loss": -46.295}
{"message": "", "levelname": "INFO", "name": "Trainer", "asctime": "2026-04-16 08:09:34,082", "type": "train", "epoch": 13, "batch": 559, "n_batches": 7774, "time": 2.827, "data_time": 0.004, "lr": 0.0001, "loss": -46.363}
{"message": "", "levelname": "INFO", "name": "Trainer", "asctime": "2026-04-16 08:10:07,228", "type": "train", "epoch": 13, "batch": 639, "n_batches": 7774, "time": 4.52, "data_time": 0.002, "lr": 0.0001, "loss": -46.117}
{"message": "", "levelname": "INFO", "name": "Trainer", "asctime": "2026-04-16 08:10:38,127", "type": "train", "epoch": 13, "batch": 719, "n_batches": 7774, "time": 3.015, "data_time": 0.001, "lr": 0.0001, "loss": -36.699}
{"message": "", "levelname": "INFO", "name": "Trainer", "asctime": "2026-04-16 08:11:09,409", "type": "train", "epoch": 13, "batch": 799, "n_batches": 7774, "time": 3.382, "data_time": 0.001, "lr": 0.0001, "loss": -47.285}
{"message": "", "levelname": "INFO", "name": "Trainer", "asctime": "2026-04-16 08:11:38,541", "type": "train", "epoch": 13, "batch": 879, "n_batches": 7774, "time": 3.248, "data_time": 0.001, "lr": 0.0001, "loss": -43.111}
{"message": "", "levelname": "INFO", "name": "Trainer", "asctime": "2026-04-16 08:12:07,076", "type": "train", "epoch": 13, "batch": 959, "n_batches": 7774, "time": 2.413, "data_time": 0.001, "lr": 0.0001, "loss": -48.016}
{"message": "", "levelname": "INFO", "name": "Trainer", "asctime": "2026-04-16 08:12:37,779", "type": "train", "epoch": 13, "batch": 1039, "n_batches": 7774, "time": 2.22, "data_time": 0.001, "lr": 0.0001, "loss": -43.533}
{"message": "", "levelname": "INFO", "name": "Trainer", "asctime": "2026-04-16 08:13:05,947", "type": "train", "epoch": 13, "batch": 1119, "n_batches": 7774, "time": 2.879, "data_time": 0.001, "lr": 0.0001, "loss": -44.236}
{"message": "", "levelname": "INFO", "name": "Trainer", "asctime": "2026-04-16 08:13:38,657", "type": "train", "epoch": 13, "batch": 1199, "n_batches": 7774, "time": 3.301, "data_time": 0.001, "lr": 0.0001, "loss": -37.643}
{"message": "", "levelname": "INFO", "name": "Trainer", "asctime": "2026-04-16 08:14:07,279", "type": "train", "epoch": 13, "batch": 1279, "n_batches": 7774, "time": 2.658, "data_time": 0.001, "lr": 0.0001, "loss": -46.105}
{"message": "", "levelname": "INFO", "name": "Trainer", "asctime": "2026-04-16 08:14:36,441", "type": "train", "epoch": 13, "batch": 1359, "n_batches": 7774, "time": 3.936, "data_time": 0.0, "lr": 0.0001, "loss": -45.424}
{"message": "", "levelname": "INFO", "name": "Trainer", "asctime": "2026-04-16 08:15:13,170", "type": "train", "epoch": 13, "batch": 1439, "n_batches": 7774, "time": 3.018, "data_time": 0.001, "lr": 0.0001, "loss": -39.314}
{"message": "", "levelname": "INFO", "name": "Trainer", "asctime": "2026-04-16 08:15:46,472", "type": "train", "epoch": 13, "batch": 1519, "n_batches": 7774, "time": 2.549, "data_time": 0.0, "lr": 0.0001, "loss": -45.563}
{"message": "", "levelname": "INFO", "name": "Trainer", "asctime": "2026-04-16 08:16:12,991", "type": "train", "epoch": 13, "batch": 1599, "n_batches": 7774, "time": 3.518, "data_time": 0.001, "lr": 0.0001, "loss": -41.12}
{"message": "", "levelname": "INFO", "name": "Trainer", "asctime": "2026-04-16 08:16:45,503", "type": "train", "epoch": 13, "batch": 1679, "n_batches": 7774, "time": 2.86, "data_time": 0.001, "lr": 0.0001, "loss": -41.289}
{"message": "", "levelname": "INFO", "name": "Trainer", "asctime": "2026-04-16 08:17:16,205", "type": "train", "epoch": 13, "batch": 1759, "n_batches": 7774, "time": 2.723, "data_time": 0.001, "lr": 0.0001, "loss": -45.858}
{"message": "", "levelname": "INFO", "name": "Trainer", "asctime": "2026-04-16 08:17:52,936", "type": "train", "epoch": 13, "batch": 1839, "n_batches": 7774, "time": 3.507, "data_time": 0.0, "lr": 0.0001, "loss": -45.873}
{"message": "", "levelname": "INFO", "name": "Trainer", "asctime": "2026-04-16 08:18:22,201", "type": "train", "epoch": 13, "batch": 1919, "n_batches": 7774, "time": 3.387, "data_time": 0.001, "lr": 0.0001, "loss": -47.243}
{"message": "", "levelname": "INFO", "name": "Trainer", "asctime": "2026-04-16 08:18:53,506", "type": "train", "epoch": 13, "batch": 1999, "n_batches": 7774, "time": 1.547, "data_time": 0.001, "lr": 0.0001, "loss": -46.989}
{"message": "", "levelname": "INFO", "name": "Trainer", "asctime": "2026-04-16 08:19:26,460", "type": "train", "epoch": 13, "batch": 2079, "n_batches": 7774, "time": 2.067, "data_time": 0.001, "lr": 0.0001, "loss": -46.775}
{"message": "", "levelname": "INFO", "name": "Trainer", "asctime": "2026-04-16 08:19:59,489", "type": "train", "epoch": 13, "batch": 2159, "n_batches": 7774, "time": 4.712, "data_time": 0.001, "lr": 0.0001, "loss": -48.349}
{"message": "", "levelname": "INFO", "name": "Trainer", "asctime": "2026-04-16 08:20:30,202", "type": "train", "epoch": 13, "batch": 2239, "n_batches": 7774, "time": 2.166, "data_time": 0.001, "lr": 0.0001, "loss": -49.967}
{"message": "", "levelname": "INFO", "name": "Trainer", "asctime": "2026-04-16 08:20:57,070", "type": "train", "epoch": 13, "batch": 2319, "n_batches": 7774, "time": 2.438, "data_time": 0.001, "lr": 0.0001, "loss": -48.466}
{"message": "", "levelname": "INFO", "name": "Trainer", "asctime": "2026-04-16 08:21:25,294", "type": "train", "epoch": 13, "batch": 2399, "n_batches": 7774, "time": 2.652, "data_time": 0.001, "lr": 0.0001, "loss": -46.083}
{"message": "", "levelname": "INFO", "name": "Trainer", "asctime": "2026-04-16 08:21:59,093", "type": "train", "epoch": 13, "batch": 2479, "n_batches": 7774, "time": 3.876, "data_time": 0.001, "lr": 0.0001, "loss": -41.599}
{"message": "", "levelname": "INFO", "name": "Trainer", "asctime": "2026-04-16 08:22:29,760", "type": "train", "epoch": 13, "batch": 2559, "n_batches": 7774, "time": 3.294, "data_time": 0.001, "lr": 0.0001, "loss": -40.738}
{"message": "", "levelname": "INFO", "name": "Trainer", "asctime": "2026-04-16 08:22:58,024", "type": "train", "epoch": 13, "batch": 2639, "n_batches": 7774, "time": 3.023, "data_time": 0.001, "lr": 0.0001, "loss": -48.237}
{"message": "", "levelname": "INFO", "name": "Trainer", "asctime": "2026-04-16 08:23:28,060", "type": "train", "epoch": 13, "batch": 2719, "n_batches": 7774, "time": 3.799, "data_time": 0.001, "lr": 0.0001, "loss": -49.616}
{"message": "", "levelname": "INFO", "name": "Trainer", "asctime": "2026-04-16 08:23:58,545", "type": "train", "epoch": 13, "batch": 2799, "n_batches": 7774, "time": 2.025, "data_time": 0.001, "lr": 0.0001, "loss": -44.981}
{"message": "", "levelname": "INFO", "name": "Trainer", "asctime": "2026-04-16 08:24:27,641", "type": "train", "epoch": 13, "batch": 2879, "n_batches": 7774, "time": 3.853, "data_time": 0.001, "lr": 0.0001, "loss": -47.531}
{"message": "", "levelname": "INFO", "name": "Trainer", "asctime": "2026-04-16 08:25:04,541", "type": "train", "epoch": 13, "batch": 2959, "n_batches": 7774, "time": 3.992, "data_time": 0.001, "lr": 0.0001, "loss": -45.968}
{"message": "", "levelname": "INFO", "name": "Trainer", "asctime": "2026-04-16 08:25:38,144", "type": "train", "epoch": 13, "batch": 3039, "n_batches": 7774, "time": 3.053, "data_time": 0.001, "lr": 0.0001, "loss": -49.062}
{"message": "", "levelname": "INFO", "name": "Trainer", "asctime": "2026-04-16 08:26:04,912", "type": "train", "epoch": 13, "batch": 3119, "n_batches": 7774, "time": 3.329, "data_time": 0.001, "lr": 0.0001, "loss": -47.306}
{"message": "", "levelname": "INFO", "name": "Trainer", "asctime": "2026-04-16 08:26:35,055", "type": "train", "epoch": 13, "batch": 3199, "n_batches": 7774, "time": 3.581, "data_time": 0.001, "lr": 0.0001, "loss": -49.36}
{"message": "", "levelname": "INFO", "name": "Trainer", "asctime": "2026-04-16 08:27:07,308", "type": "train", "epoch": 13, "batch": 3279, "n_batches": 7774, "time": 3.067, "data_time": 0.001, "lr": 0.0001, "loss": -41.39}
{"message": "", "levelname": "INFO", "name": "Trainer", "asctime": "2026-04-16 08:27:38,453", "type": "train", "epoch": 13, "batch": 3359, "n_batches": 7774, "time": 2.42, "data_time": 0.001, "lr": 0.0001, "loss": -45.492}
{"message": "", "levelname": "INFO", "name": "Trainer", "asctime": "2026-04-16 08:28:07,246", "type": "train", "epoch": 13, "batch": 3439, "n_batches": 7774, "time": 2.367, "data_time": 0.0, "lr": 0.0001, "loss": -44.61}
{"message": "", "levelname": "INFO", "name": "Trainer", "asctime": "2026-04-16 08:28:37,067", "type": "train", "epoch": 13, "batch": 3519, "n_batches": 7774, "time": 3.021, "data_time": 0.001, "lr": 0.0001, "loss": -46.562}
{"message": "", "levelname": "INFO", "name": "Trainer", "asctime": "2026-04-16 08:29:09,783", "type": "train", "epoch": 13, "batch": 3599, "n_batches": 7774, "time": 3.375, "data_time": 0.001, "lr": 0.0001, "loss": -43.517}
{"message": "", "levelname": "INFO", "name": "Trainer", "asctime": "2026-04-16 08:29:41,131", "type": "train", "epoch": 13, "batch": 3679, "n_batches": 7774, "time": 3.499, "data_time": 0.001, "lr": 0.0001, "loss": -40.072}
{"message": "", "levelname": "INFO", "name": "Trainer", "asctime": "2026-04-16 08:30:14,294", "type": "train", "epoch": 13, "batch": 3759, "n_batches": 7774, "time": 3.909, "data_time": 0.001, "lr": 0.0001, "loss": -46.022}
{"message": "", "levelname": "INFO", "name": "Trainer", "asctime": "2026-04-16 08:30:46,343", "type": "train", "epoch": 13, "batch": 3839, "n_batches": 7774, "time": 2.316, "data_time": 0.0, "lr": 0.0001, "loss": -43.184}
{"message": "", "levelname": "INFO", "name": "Trainer", "asctime": "2026-04-16 08:31:20,039", "type": "train", "epoch": 13, "batch": 3919, "n_batches": 7774, "time": 2.867, "data_time": 0.001, "lr": 0.0001, "loss": -43.776}
{"message": "", "levelname": "INFO", "name": "Trainer", "asctime": "2026-04-16 08:31:49,782", "type": "train", "epoch": 13, "batch": 3999, "n_batches": 7774, "time": 3.621, "data_time": 0.001, "lr": 0.0001, "loss": -45.034}
{"message": "", "levelname": "INFO", "name": "Trainer", "asctime": "2026-04-16 08:32:14,170", "type": "train", "epoch": 13, "batch": 4079, "n_batches": 7774, "time": 2.362, "data_time": 0.001, "lr": 0.0001, "loss": -43.727}
{"message": "", "levelname": "INFO", "name": "Trainer", "asctime": "2026-04-16 08:32:44,570", "type": "train", "epoch": 13, "batch": 4159, "n_batches": 7774, "time": 2.531, "data_time": 0.0, "lr": 0.0001, "loss": -47.968}
{"message": "", "levelname": "INFO", "name": "Trainer", "asctime": "2026-04-16 08:33:14,230", "type": "train", "epoch": 13, "batch": 4239, "n_batches": 7774, "time": 3.356, "data_time": 0.001, "lr": 0.0001, "loss": -43.405}
{"message": "", "levelname": "INFO", "name": "Trainer", "asctime": "2026-04-16 08:33:47,230", "type": "train", "epoch": 13, "batch": 4319, "n_batches": 7774, "time": 3.241, "data_time": 0.001, "lr": 0.0001, "loss": -47.688}
{"message": "", "levelname": "INFO", "name": "Trainer", "asctime": "2026-04-16 08:34:16,803", "type": "train", "epoch": 13, "batch": 4399, "n_batches": 7774, "time": 2.803, "data_time": 0.001, "lr": 0.0001, "loss": -41.959}
{"message": "", "levelname": "INFO", "name": "Trainer", "asctime": "2026-04-16 08:34:48,528", "type": "train", "epoch": 13, "batch": 4479, "n_batches": 7774, "time": 3.17, "data_time": 0.0, "lr": 0.0001, "loss": -42.4}
{"message": "", "levelname": "INFO", "name": "Trainer", "asctime": "2026-04-16 08:35:17,479", "type": "train", "epoch": 13, "batch": 4559, "n_batches": 7774, "time": 3.275, "data_time": 0.001, "lr": 0.0001, "loss": -45.744}
{"message": "", "levelname": "INFO", "name": "Trainer", "asctime": "2026-04-16 08:35:45,828", "type": "train", "epoch": 13, "batch": 4639, "n_batches": 7774, "time": 2.485, "data_time": 0.001, "lr": 0.0001, "loss": -50.252}
{"message": "", "levelname": "INFO", "name": "Trainer", "asctime": "2026-04-16 08:36:19,502", "type": "train", "epoch": 13, "batch": 4719, "n_batches": 7774, "time": 3.703, "data_time": 0.001, "lr": 0.0001, "loss": -43.44}
{"message": "", "levelname": "INFO", "name": "Trainer", "asctime": "2026-04-16 08:36:51,564", "type": "train", "epoch": 13, "batch": 4799, "n_batches": 7774, "time": 3.311, "data_time": 0.0, "lr": 0.0001, "loss": -42.111}
{"message": "", "levelname": "INFO", "name": "Trainer", "asctime": "2026-04-16 08:37:23,276", "type": "train", "epoch": 13, "batch": 4879, "n_batches": 7774, "time": 2.788, "data_time": 0.0, "lr": 0.0001, "loss": -43.824}
{"message": "", "levelname": "INFO", "name": "Trainer", "asctime": "2026-04-16 08:37:53,525", "type": "train", "epoch": 13, "batch": 4959, "n_batches": 7774, "time": 4.025, "data_time": 0.001, "lr": 0.0001, "loss": -44.612}
{"message": "", "levelname": "INFO", "name": "Trainer", "asctime": "2026-04-16 08:38:25,008", "type": "train", "epoch": 13, "batch": 5039, "n_batches": 7774, "time": 2.287, "data_time": 0.001, "lr": 0.0001, "loss": -40.738}
{"message": "", "levelname": "INFO", "name": "Trainer", "asctime": "2026-04-16 08:38:52,649", "type": "train", "epoch": 13, "batch": 5119, "n_batches": 7774, "time": 2.712, "data_time": 0.0, "lr": 0.0001, "loss": -34.268}
{"message": "", "levelname": "INFO", "name": "Trainer", "asctime": "2026-04-16 08:39:20,453", "type": "train", "epoch": 13, "batch": 5199, "n_batches": 7774, "time": 1.896, "data_time": 0.001, "lr": 0.0001, "loss": -46.127}
{"message": "", "levelname": "INFO", "name": "Trainer", "asctime": "2026-04-16 08:39:47,191", "type": "train", "epoch": 13, "batch": 5279, "n_batches": 7774, "time": 3.417, "data_time": 0.001, "lr": 0.0001, "loss": -44.316}
{"message": "", "levelname": "INFO", "name": "Trainer", "asctime": "2026-04-16 08:40:22,116", "type": "train", "epoch": 13, "batch": 5359, "n_batches": 7774, "time": 4.434, "data_time": 0.001, "lr": 0.0001, "loss": -42.003}
{"message": "", "levelname": "INFO", "name": "Trainer", "asctime": "2026-04-16 08:40:50,646", "type": "train", "epoch": 13, "batch": 5439, "n_batches": 7774, "time": 3.016, "data_time": 0.001, "lr": 0.0001, "loss": -45.502}
{"message": "", "levelname": "INFO", "name": "Trainer", "asctime": "2026-04-16 08:41:22,862", "type": "train", "epoch": 13, "batch": 5519, "n_batches": 7774, "time": 4.405, "data_time": 0.0, "lr": 0.0001, "loss": -45.141}
{"message": "", "levelname": "INFO", "name": "Trainer", "asctime": "2026-04-16 08:41:53,636", "type": "train", "epoch": 13, "batch": 5599, "n_batches": 7774, "time": 2.76, "data_time": 0.001, "lr": 0.0001, "loss": -48.532}
{"message": "", "levelname": "INFO", "name": "Trainer", "asctime": "2026-04-16 08:42:28,254", "type": "train", "epoch": 13, "batch": 5679, "n_batches": 7774, "time": 2.676, "data_time": 0.001, "lr": 0.0001, "loss": -44.254}
{"message": "", "levelname": "INFO", "name": "Trainer", "asctime": "2026-04-16 08:43:03,013", "type": "train", "epoch": 13, "batch": 5759, "n_batches": 7774, "time": 2.854, "data_time": 0.001, "lr": 0.0001, "loss": -46.115}
{"message": "", "levelname": "INFO", "name": "Trainer", "asctime": "2026-04-16 08:43:31,733", "type": "train", "epoch": 13, "batch": 5839, "n_batches": 7774, "time": 1.81, "data_time": 0.0, "lr": 0.0001, "loss": -40.77}
{"message": "", "levelname": "INFO", "name": "Trainer", "asctime": "2026-04-16 08:44:01,516", "type": "train", "epoch": 13, "batch": 5919, "n_batches": 7774, "time": 3.009, "data_time": 0.001, "lr": 0.0001, "loss": -45.923}
{"message": "", "levelname": "INFO", "name": "Trainer", "asctime": "2026-04-16 08:44:30,821", "type": "train", "epoch": 13, "batch": 5999, "n_batches": 7774, "time": 2.812, "data_time": 0.0, "lr": 0.0001, "loss": -49.982}
{"message": "", "levelname": "INFO", "name": "Trainer", "asctime": "2026-04-16 08:44:57,068", "type": "train", "epoch": 13, "batch": 6079, "n_batches": 7774, "time": 1.778, "data_time": 0.001, "lr": 0.0001, "loss": -47.47}
{"message": "", "levelname": "INFO", "name": "Trainer", "asctime": "2026-04-16 08:45:28,895", "type": "train", "epoch": 13, "batch": 6159, "n_batches": 7774, "time": 3.334, "data_time": 0.002, "lr": 0.0001, "loss": -47.486}
{"message": "", "levelname": "INFO", "name": "Trainer", "asctime": "2026-04-16 08:46:02,202", "type": "train", "epoch": 13, "batch": 6239, "n_batches": 7774, "time": 2.412, "data_time": 0.001, "lr": 0.0001, "loss": -47.343}
{"message": "", "levelname": "INFO", "name": "Trainer", "asctime": "2026-04-16 08:46:29,228", "type": "train", "epoch": 13, "batch": 6319, "n_batches": 7774, "time": 2.691, "data_time": 0.001, "lr": 0.0001, "loss": -44.355}
{"message": "", "levelname": "INFO", "name": "Trainer", "asctime": "2026-04-16 08:46:58,269", "type": "train", "epoch": 13, "batch": 6399, "n_batches": 7774, "time": 3.378, "data_time": 0.001, "lr": 0.0001, "loss": -46.46}
{"message": "", "levelname": "INFO", "name": "Trainer", "asctime": "2026-04-16 08:47:35,322", "type": "train", "epoch": 13, "batch": 6479, "n_batches": 7774, "time": 3.416, "data_time": 0.001, "lr": 0.0001, "loss": -41.268}
{"message": "", "levelname": "INFO", "name": "Trainer", "asctime": "2026-04-16 08:48:08,053", "type": "train", "epoch": 13, "batch": 6559, "n_batches": 7774, "time": 2.706, "data_time": 0.001, "lr": 0.0001, "loss": -46.712}
{"message": "", "levelname": "INFO", "name": "Trainer", "asctime": "2026-04-16 08:48:40,881", "type": "train", "epoch": 13, "batch": 6639, "n_batches": 7774, "time": 2.761, "data_time": 0.001, "lr": 0.0001, "loss": -45.395}
{"message": "", "levelname": "INFO", "name": "Trainer", "asctime": "2026-04-16 08:49:06,012", "type": "train", "epoch": 13, "batch": 6719, "n_batches": 7774, "time": 2.479, "data_time": 0.002, "lr": 0.0001, "loss": -40.865}
{"message": "", "levelname": "INFO", "name": "Trainer", "asctime": "2026-04-16 08:49:29,626", "type": "train", "epoch": 13, "batch": 6799, "n_batches": 7774, "time": 2.347, "data_time": 0.001, "lr": 0.0001, "loss": -39.46}
{"message": "", "levelname": "INFO", "name": "Trainer", "asctime": "2026-04-16 08:50:00,946", "type": "train", "epoch": 13, "batch": 6879, "n_batches": 7774, "time": 3.304, "data_time": 0.001, "lr": 0.0001, "loss": -34.985}
{"message": "", "levelname": "INFO", "name": "Trainer", "asctime": "2026-04-16 08:50:32,453", "type": "train", "epoch": 13, "batch": 6959, "n_batches": 7774, "time": 2.974, "data_time": 0.001, "lr": 0.0001, "loss": -46.726}
{"message": "", "levelname": "INFO", "name": "Trainer", "asctime": "2026-04-16 08:51:01,772", "type": "train", "epoch": 13, "batch": 7039, "n_batches": 7774, "time": 2.345, "data_time": 0.001, "lr": 0.0001, "loss": -43.987}
{"message": "", "levelname": "INFO", "name": "Trainer", "asctime": "2026-04-16 08:51:30,283", "type": "train", "epoch": 13, "batch": 7119, "n_batches": 7774, "time": 3.755, "data_time": 0.0, "lr": 0.0001, "loss": -35.546}
{"message": "", "levelname": "INFO", "name": "Trainer", "asctime": "2026-04-16 08:52:04,204", "type": "train", "epoch": 13, "batch": 7199, "n_batches": 7774, "time": 2.899, "data_time": 0.001, "lr": 0.0001, "loss": -42.78}
{"message": "", "levelname": "INFO", "name": "Trainer", "asctime": "2026-04-16 08:52:36,344", "type": "train", "epoch": 13, "batch": 7279, "n_batches": 7774, "time": 3.76, "data_time": 0.001, "lr": 0.0001, "loss": -46.716}
{"message": "", "levelname": "INFO", "name": "Trainer", "asctime": "2026-04-16 08:53:06,534", "type": "train", "epoch": 13, "batch": 7359, "n_batches": 7774, "time": 3.738, "data_time": 0.001, "lr": 0.0001, "loss": -46.872}
{"message": "", "levelname": "INFO", "name": "Trainer", "asctime": "2026-04-16 08:53:35,491", "type": "train", "epoch": 13, "batch": 7439, "n_batches": 7774, "time": 3.082, "data_time": 0.001, "lr": 0.0001, "loss": -40.93}
{"message": "", "levelname": "INFO", "name": "Trainer", "asctime": "2026-04-16 08:54:04,032", "type": "train", "epoch": 13, "batch": 7519, "n_batches": 7774, "time": 3.08, "data_time": 0.001, "lr": 0.0001, "loss": -34.674}
{"message": "", "levelname": "INFO", "name": "Trainer", "asctime": "2026-04-16 08:54:38,079", "type": "train", "epoch": 13, "batch": 7599, "n_batches": 7774, "time": 4.138, "data_time": 0.002, "lr": 0.0001, "loss": -46.625}
{"message": "", "levelname": "INFO", "name": "Trainer", "asctime": "2026-04-16 08:55:06,955", "type": "train", "epoch": 13, "batch": 7679, "n_batches": 7774, "time": 2.951, "data_time": 0.001, "lr": 0.0001, "loss": -48.581}
{"message": "", "levelname": "INFO", "name": "Trainer", "asctime": "2026-04-16 08:55:38,635", "type": "train", "epoch": 13, "batch": 7759, "n_batches": 7774, "time": 3.088, "data_time": 0.001, "lr": 0.0001, "loss": -35.278}
{"message": "", "levelname": "INFO", "name": "Trainer", "asctime": "2026-04-16 08:55:43,951", "type": "train-epoch", "epoch": 14, "loss": -5.53317, "time": 2979.3}
{"message": "", "levelname": "INFO", "name": "Trainer", "asctime": "2026-04-16 09:02:38,687", "type": "val-epoch", "epoch": 14, "loss": 1.75, "test_loss": 1.848, "time": 414.7}
{"message": "", "levelname": "INFO", "name": "Trainer", "asctime": "2026-04-16 09:03:10,051", "type": "train", "epoch": 14, "batch": 79, "n_batches": 7774, "time": 3.643, "data_time": 0.0, "lr": 0.0001, "loss": -43.488}
{"message": "", "levelname": "INFO", "name": "Trainer", "asctime": "2026-04-16 09:03:40,300", "type": "train", "epoch": 14, "batch": 159, "n_batches": 7774, "time": 3.351, "data_time": 0.001, "lr": 0.0001, "loss": -48.775}
{"message": "", "levelname": "INFO", "name": "Trainer", "asctime": "2026-04-16 09:04:08,722", "type": "train", "epoch": 14, "batch": 239, "n_batches": 7774, "time": 2.921, "data_time": 0.001, "lr": 0.0001, "loss": -46.683}
{"message": "", "levelname": "INFO", "name": "Trainer", "asctime": "2026-04-16 09:04:37,622", "type": "train", "epoch": 14, "batch": 319, "n_batches": 7774, "time": 3.298, "data_time": 0.001, "lr": 0.0001, "loss": -46.388}
{"message": "", "levelname": "INFO", "name": "Trainer", "asctime": "2026-04-16 09:05:10,783", "type": "train", "epoch": 14, "batch": 399, "n_batches": 7774, "time": 2.494, "data_time": 0.001, "lr": 0.0001, "loss": -47.943}
{"message": "", "levelname": "INFO", "name": "Trainer", "asctime": "2026-04-16 09:05:41,836", "type": "train", "epoch": 14, "batch": 479, "n_batches": 7774, "time": 2.696, "data_time": 0.001, "lr": 0.0001, "loss": -46.121}
{"message": "", "levelname": "INFO", "name": "Trainer", "asctime": "2026-04-16 09:06:10,734", "type": "train", "epoch": 14, "batch": 559, "n_batches": 7774, "time": 2.687, "data_time": 0.001, "lr": 0.0001, "loss": -46.215}
{"message": "", "levelname": "INFO", "name": "Trainer", "asctime": "2026-04-16 09:06:43,518", "type": "train", "epoch": 14, "batch": 639, "n_batches": 7774, "time": 3.679, "data_time": 0.001, "lr": 0.0001, "loss": -41.733}
{"message": "", "levelname": "INFO", "name": "Trainer", "asctime": "2026-04-16 09:07:15,239", "type": "train", "epoch": 14, "batch": 719, "n_batches": 7774, "time": 3.185, "data_time": 0.001, "lr": 0.0001, "loss": -49.779}
{"message": "", "levelname": "INFO", "name": "Trainer", "asctime": "2026-04-16 09:07:46,363", "type": "train", "epoch": 14, "batch": 799, "n_batches": 7774, "time": 2.187, "data_time": 0.001, "lr": 0.0001, "loss": -41.999}
{"message": "", "levelname": "INFO", "name": "Trainer", "asctime": "2026-04-16 09:08:19,026", "type": "train", "epoch": 14, "batch": 879, "n_batches": 7774, "time": 4.025, "data_time": 0.001, "lr": 0.0001, "loss": -45.176}
{"message": "", "levelname": "INFO", "name": "Trainer", "asctime": "2026-04-16 09:08:52,426", "type": "train", "epoch": 14, "batch": 959, "n_batches": 7774, "time": 3.265, "data_time": 0.001, "lr": 0.0001, "loss": -31.932}
{"message": "", "levelname": "INFO", "name": "Trainer", "asctime": "2026-04-16 09:09:19,418", "type": "train", "epoch": 14, "batch": 1039, "n_batches": 7774, "time": 2.8, "data_time": 0.001, "lr": 0.0001, "loss": -40.616}
{"message": "", "levelname": "INFO", "name": "Trainer", "asctime": "2026-04-16 09:09:52,410", "type": "train", "epoch": 14, "batch": 1119, "n_batches": 7774, "time": 3.773, "data_time": 0.001, "lr": 0.0001, "loss": -47.29}
{"message": "", "levelname": "INFO", "name": "Trainer", "asctime": "2026-04-16 09:10:25,749", "type": "train", "epoch": 14, "batch": 1199, "n_batches": 7774, "time": 2.145, "data_time": 0.001, "lr": 0.0001, "loss": -46.812}
{"message": "", "levelname": "INFO", "name": "Trainer", "asctime": "2026-04-16 09:10:55,849", "type": "train", "epoch": 14, "batch": 1279, "n_batches": 7774, "time": 2.934, "data_time": 0.001, "lr": 0.0001, "loss": -48.067}
{"message": "", "levelname": "INFO", "name": "Trainer", "asctime": "2026-04-16 09:11:23,016", "type": "train", "epoch": 14, "batch": 1359, "n_batches": 7774, "time": 2.511, "data_time": 0.001, "lr": 0.0001, "loss": -48.308}
{"message": "", "levelname": "INFO", "name": "Trainer", "asctime": "2026-04-16 09:11:51,155", "type": "train", "epoch": 14, "batch": 1439, "n_batches": 7774, "time": 3.581, "data_time": 0.001, "lr": 0.0001, "loss": -46.619}
{"message": "", "levelname": "INFO", "name": "Trainer", "asctime": "2026-04-16 09:12:21,120", "type": "train", "epoch": 14, "batch": 1519, "n_batches": 7774, "time": 3.319, "data_time": 0.001, "lr": 0.0001, "loss": -48.032}
{"message": "", "levelname": "INFO", "name": "Trainer", "asctime": "2026-04-16 09:12:49,892", "type": "train", "epoch": 14, "batch": 1599, "n_batches": 7774, "time": 3.503, "data_time": 0.001, "lr": 0.0001, "loss": -46.374}
{"message": "", "levelname": "INFO", "name": "Trainer", "asctime": "2026-04-16 09:13:23,745", "type": "train", "epoch": 14, "batch": 1679, "n_batches": 7774, "time": 4.278, "data_time": 0.001, "lr": 0.0001, "loss": -47.5}
{"message": "", "levelname": "INFO", "name": "Trainer", "asctime": "2026-04-16 09:13:56,920", "type": "train", "epoch": 14, "batch": 1759, "n_batches": 7774, "time": 4.654, "data_time": 0.001, "lr": 0.0001, "loss": -43.851}
{"message": "", "levelname": "INFO", "name": "Trainer", "asctime": "2026-04-16 09:14:24,768", "type": "train", "epoch": 14, "batch": 1839, "n_batches": 7774, "time": 1.712, "data_time": 0.001, "lr": 0.0001, "loss": -50.438}
{"message": "", "levelname": "INFO", "name": "Trainer", "asctime": "2026-04-16 09:14:53,122", "type": "train", "epoch": 14, "batch": 1919, "n_batches": 7774, "time": 2.977, "data_time": 0.001, "lr": 0.0001, "loss": -46.02}
{"message": "", "levelname": "INFO", "name": "Trainer", "asctime": "2026-04-16 09:15:22,225", "type": "train", "epoch": 14, "batch": 1999, "n_batches": 7774, "time": 2.927, "data_time": 0.001, "lr": 0.0001, "loss": -46.979}
{"message": "", "levelname": "INFO", "name": "Trainer", "asctime": "2026-04-16 09:15:56,322", "type": "train", "epoch": 14, "batch": 2079, "n_batches": 7774, "time": 3.457, "data_time": 0.001, "lr": 0.0001, "loss": -47.906}
{"message": "", "levelname": "INFO", "name": "Trainer", "asctime": "2026-04-16 09:16:29,915", "type": "train", "epoch": 14, "batch": 2159, "n_batches": 7774, "time": 3.733, "data_time": 0.001, "lr": 0.0001, "loss": -44.678}
{"message": "", "levelname": "INFO", "name": "Trainer", "asctime": "2026-04-16 09:16:59,849", "type": "train", "epoch": 14, "batch": 2239, "n_batches": 7774, "time": 3.365, "data_time": 0.001, "lr": 0.0001, "loss": -44.813}
{"message": "", "levelname": "INFO", "name": "Trainer", "asctime": "2026-04-16 09:17:32,344", "type": "train", "epoch": 14, "batch": 2319, "n_batches": 7774, "time": 3.109, "data_time": 0.001, "lr": 0.0001, "loss": -41.229}
{"message": "", "levelname": "INFO", "name": "Trainer", "asctime": "2026-04-16 09:18:03,303", "type": "train", "epoch": 14, "batch": 2399, "n_batches": 7774, "time": 3.154, "data_time": 0.001, "lr": 0.0001, "loss": -46.861}
{"message": "", "levelname": "INFO", "name": "Trainer", "asctime": "2026-04-16 09:18:30,992", "type": "train", "epoch": 14, "batch": 2479, "n_batches": 7774, "time": 3.207, "data_time": 0.001, "lr": 0.0001, "loss": -48.365}
{"message": "", "levelname": "INFO", "name": "Trainer", "asctime": "2026-04-16 09:19:02,752", "type": "train", "epoch": 14, "batch": 2559, "n_batches": 7774, "time": 2.04, "data_time": 0.001, "lr": 0.0001, "loss": -42.715}
{"message": "", "levelname": "INFO", "name": "Trainer", "asctime": "2026-04-16 09:19:32,017", "type": "train", "epoch": 14, "batch": 2639, "n_batches": 7774, "time": 3.622, "data_time": 0.001, "lr": 0.0001, "loss": -48.25}
{"message": "", "levelname": "INFO", "name": "Trainer", "asctime": "2026-04-16 09:20:02,651", "type": "train", "epoch": 14, "batch": 2719, "n_batches": 7774, "time": 3.571, "data_time": 0.001, "lr": 0.0001, "loss": -43.124}
{"message": "", "levelname": "INFO", "name": "Trainer", "asctime": "2026-04-16 09:20:33,377", "type": "train", "epoch": 14, "batch": 2799, "n_batches": 7774, "time": 3.065, "data_time": 0.001, "lr": 0.0001, "loss": -40.53}
{"message": "", "levelname": "INFO", "name": "Trainer", "asctime": "2026-04-16 09:21:07,528", "type": "train", "epoch": 14, "batch": 2879, "n_batches": 7774, "time": 3.618, "data_time": 0.0, "lr": 0.0001, "loss": -43.404}
{"message": "", "levelname": "INFO", "name": "Trainer", "asctime": "2026-04-16 09:21:42,285", "type": "train", "epoch": 14, "batch": 2959, "n_batches": 7774, "time": 3.295, "data_time": 0.001, "lr": 0.0001, "loss": -40.004}
{"message": "", "levelname": "INFO", "name": "Trainer", "asctime": "2026-04-16 09:22:17,337", "type": "train", "epoch": 14, "batch": 3039, "n_batches": 7774, "time": 3.835, "data_time": 0.001, "lr": 0.0001, "loss": -45.579}
{"message": "", "levelname": "INFO", "name": "Trainer", "asctime": "2026-04-16 09:22:52,871", "type": "train", "epoch": 14, "batch": 3119, "n_batches": 7774, "time": 4.251, "data_time": 0.003, "lr": 0.0001, "loss": -45.805}
{"message": "", "levelname": "INFO", "name": "Trainer", "asctime": "2026-04-16 09:23:23,355", "type": "train", "epoch": 14, "batch": 3199, "n_batches": 7774, "time": 2.807, "data_time": 0.001, "lr": 0.0001, "loss": -48.829}
{"message": "", "levelname": "INFO", "name": "Trainer", "asctime": "2026-04-16 09:23:51,916", "type": "train", "epoch": 14, "batch": 3279, "n_batches": 7774, "time": 2.77, "data_time": 0.0, "lr": 0.0001, "loss": -48.692}
{"message": "", "levelname": "INFO", "name": "Trainer", "asctime": "2026-04-16 09:24:20,473", "type": "train", "epoch": 14, "batch": 3359, "n_batches": 7774, "time": 3.079, "data_time": 0.001, "lr": 0.0001, "loss": -43.175}
{"message": "", "levelname": "INFO", "name": "Trainer", "asctime": "2026-04-16 09:24:53,756", "type": "train", "epoch": 14, "batch": 3439, "n_batches": 7774, "time": 3.821, "data_time": 0.001, "lr": 0.0001, "loss": -40.603}
{"message": "", "levelname": "INFO", "name": "Trainer", "asctime": "2026-04-16 09:25:23,345", "type": "train", "epoch": 14, "batch": 3519, "n_batches": 7774, "time": 3.242, "data_time": 0.001, "lr": 0.0001, "loss": -46.868}
{"message": "", "levelname": "INFO", "name": "Trainer", "asctime": "2026-04-16 09:25:50,804", "type": "train", "epoch": 14, "batch": 3599, "n_batches": 7774, "time": 2.693, "data_time": 0.001, "lr": 0.0001, "loss": -48.166}
{"message": "", "levelname": "INFO", "name": "Trainer", "asctime": "2026-04-16 09:26:23,020", "type": "train", "epoch": 14, "batch": 3679, "n_batches": 7774, "time": 3.316, "data_time": 0.001, "lr": 0.0001, "loss": -48.81}
{"message": "", "levelname": "INFO", "name": "Trainer", "asctime": "2026-04-16 09:26:52,277", "type": "train", "epoch": 14, "batch": 3759, "n_batches": 7774, "time": 2.348, "data_time": 0.002, "lr": 0.0001, "loss": -40.822}
{"message": "", "levelname": "INFO", "name": "Trainer", "asctime": "2026-04-16 09:27:21,579", "type": "train", "epoch": 14, "batch": 3839, "n_batches": 7774, "time": 2.955, "data_time": 0.001, "lr": 0.0001, "loss": -44.602}
{"message": "", "levelname": "INFO", "name": "Trainer", "asctime": "2026-04-16 09:27:48,834", "type": "train", "epoch": 14, "batch": 3919, "n_batches": 7774, "time": 2.006, "data_time": 0.001, "lr": 0.0001, "loss": -46.274}
{"message": "", "levelname": "INFO", "name": "Trainer", "asctime": "2026-04-16 09:28:12,258", "type": "train", "epoch": 14, "batch": 3999, "n_batches": 7774, "time": 4.391, "data_time": 0.001, "lr": 0.0001, "loss": -49.816}
{"message": "", "levelname": "INFO", "name": "Trainer", "asctime": "2026-04-16 09:28:46,313", "type": "train", "epoch": 14, "batch": 4079, "n_batches": 7774, "time": 2.921, "data_time": 0.001, "lr": 0.0001, "loss": -48.869}
{"message": "", "levelname": "INFO", "name": "Trainer", "asctime": "2026-04-16 09:29:20,582", "type": "train", "epoch": 14, "batch": 4159, "n_batches": 7774, "time": 3.628, "data_time": 0.001, "lr": 0.0001, "loss": -41.439}
{"message": "", "levelname": "INFO", "name": "Trainer", "asctime": "2026-04-16 09:29:48,601", "type": "train", "epoch": 14, "batch": 4239, "n_batches": 7774, "time": 3.852, "data_time": 0.001, "lr": 0.0001, "loss": -45.452}
{"message": "", "levelname": "INFO", "name": "Trainer", "asctime": "2026-04-16 09:30:23,185", "type": "train", "epoch": 14, "batch": 4319, "n_batches": 7774, "time": 3.935, "data_time": 0.001, "lr": 0.0001, "loss": -42.53}
{"message": "", "levelname": "INFO", "name": "Trainer", "asctime": "2026-04-16 09:30:56,093", "type": "train", "epoch": 14, "batch": 4399, "n_batches": 7774, "time": 3.327, "data_time": 0.001, "lr": 0.0001, "loss": -44.645}
{"message": "", "levelname": "INFO", "name": "Trainer", "asctime": "2026-04-16 09:31:28,647", "type": "train", "epoch": 14, "batch": 4479, "n_batches": 7774, "time": 3.66, "data_time": 0.001, "lr": 0.0001, "loss": -36.817}
{"message": "", "levelname": "INFO", "name": "Trainer", "asctime": "2026-04-16 09:32:01,251", "type": "train", "epoch": 14, "batch": 4559, "n_batches": 7774, "time": 3.443, "data_time": 0.003, "lr": 0.0001, "loss": -46.269}
{"message": "", "levelname": "INFO", "name": "Trainer", "asctime": "2026-04-16 09:32:31,438", "type": "train", "epoch": 14, "batch": 4639, "n_batches": 7774, "time": 2.623, "data_time": 0.001, "lr": 0.0001, "loss": -44.608}
{"message": "", "levelname": "INFO", "name": "Trainer", "asctime": "2026-04-16 09:33:03,840", "type": "train", "epoch": 14, "batch": 4719, "n_batches": 7774, "time": 3.272, "data_time": 0.001, "lr": 0.0001, "loss": -49.72}
{"message": "", "levelname": "INFO", "name": "Trainer", "asctime": "2026-04-16 09:33:36,154", "type": "train", "epoch": 14, "batch": 4799, "n_batches": 7774, "time": 2.003, "data_time": 0.001, "lr": 0.0001, "loss": -46.826}
{"message": "", "levelname": "INFO", "name": "Trainer", "asctime": "2026-04-16 09:34:06,628", "type": "train", "epoch": 14, "batch": 4879, "n_batches": 7774, "time": 3.662, "data_time": 0.004, "lr": 0.0001, "loss": -46.921}
{"message": "", "levelname": "INFO", "name": "Trainer", "asctime": "2026-04-16 09:34:37,862", "type": "train", "epoch": 14, "batch": 4959, "n_batches": 7774, "time": 3.745, "data_time": 0.001, "lr": 0.0001, "loss": -46.639}
{"message": "", "levelname": "INFO", "name": "Trainer", "asctime": "2026-04-16 09:35:09,350", "type": "train", "epoch": 14, "batch": 5039, "n_batches": 7774, "time": 2.517, "data_time": 0.001, "lr": 0.0001, "loss": -39.802}
{"message": "", "levelname": "INFO", "name": "Trainer", "asctime": "2026-04-16 09:35:39,012", "type": "train", "epoch": 14, "batch": 5119, "n_batches": 7774, "time": 3.213, "data_time": 0.001, "lr": 0.0001, "loss": -49.185}
{"message": "", "levelname": "INFO", "name": "Trainer", "asctime": "2026-04-16 09:36:06,994", "type": "train", "epoch": 14, "batch": 5199, "n_batches": 7774, "time": 2.719, "data_time": 0.003, "lr": 0.0001, "loss": -50.167}
{"message": "", "levelname": "INFO", "name": "Trainer", "asctime": "2026-04-16 09:36:36,464", "type": "train", "epoch": 14, "batch": 5279, "n_batches": 7774, "time": 2.11, "data_time": 0.001, "lr": 0.0001, "loss": -46.917}
{"message": "", "levelname": "INFO", "name": "Trainer", "asctime": "2026-04-16 09:37:08,800", "type": "train", "epoch": 14, "batch": 5359, "n_batches": 7774, "time": 3.706, "data_time": 0.001, "lr": 0.0001, "loss": -49.274}
{"message": "", "levelname": "INFO", "name": "Trainer", "asctime": "2026-04-16 09:37:39,595", "type": "train", "epoch": 14, "batch": 5439, "n_batches": 7774, "time": 2.607, "data_time": 0.001, "lr": 0.0001, "loss": -45.623}
{"message": "", "levelname": "INFO", "name": "Trainer", "asctime": "2026-04-16 09:38:13,833", "type": "train", "epoch": 14, "batch": 5519, "n_batches": 7774, "time": 3.916, "data_time": 0.001, "lr": 0.0001, "loss": -46.545}
{"message": "", "levelname": "INFO", "name": "Trainer", "asctime": "2026-04-16 09:38:36,370", "type": "train", "epoch": 14, "batch": 5599, "n_batches": 7774, "time": 1.637, "data_time": 0.0, "lr": 0.0001, "loss": -48.537}
{"message": "", "levelname": "INFO", "name": "Trainer", "asctime": "2026-04-16 09:39:06,489", "type": "train", "epoch": 14, "batch": 5679, "n_batches": 7774, "time": 3.532, "data_time": 0.001, "lr": 0.0001, "loss": -45.824}
{"message": "", "levelname": "INFO", "name": "Trainer", "asctime": "2026-04-16 09:39:36,563", "type": "train", "epoch": 14, "batch": 5759, "n_batches": 7774, "time": 3.648, "data_time": 0.001, "lr": 0.0001, "loss": -45.352}
{"message": "", "levelname": "INFO", "name": "Trainer", "asctime": "2026-04-16 09:40:07,277", "type": "train", "epoch": 14, "batch": 5839, "n_batches": 7774, "time": 2.568, "data_time": 0.001, "lr": 0.0001, "loss": -42.507}
{"message": "", "levelname": "INFO", "name": "Trainer", "asctime": "2026-04-16 09:40:36,566", "type": "train", "epoch": 14, "batch": 5919, "n_batches": 7774, "time": 3.846, "data_time": 0.001, "lr": 0.0001, "loss": -45.96}
{"message": "", "levelname": "INFO", "name": "Trainer", "asctime": "2026-04-16 09:41:08,603", "type": "train", "epoch": 14, "batch": 5999, "n_batches": 7774, "time": 3.324, "data_time": 0.001, "lr": 0.0001, "loss": -43.321}
{"message": "", "levelname": "INFO", "name": "Trainer", "asctime": "2026-04-16 09:41:40,361", "type": "train", "epoch": 14, "batch": 6079, "n_batches": 7774, "time": 4.254, "data_time": 0.001, "lr": 0.0001, "loss": -44.707}
{"message": "", "levelname": "INFO", "name": "Trainer", "asctime": "2026-04-16 09:42:06,618", "type": "train", "epoch": 14, "batch": 6159, "n_batches": 7774, "time": 2.47, "data_time": 0.001, "lr": 0.0001, "loss": -49.779}
{"message": "", "levelname": "INFO", "name": "Trainer", "asctime": "2026-04-16 09:42:35,594", "type": "train", "epoch": 14, "batch": 6239, "n_batches": 7774, "time": 2.371, "data_time": 0.001, "lr": 0.0001, "loss": -49.177}
{"message": "", "levelname": "INFO", "name": "Trainer", "asctime": "2026-04-16 09:43:04,445", "type": "train", "epoch": 14, "batch": 6319, "n_batches": 7774, "time": 2.902, "data_time": 0.001, "lr": 0.0001, "loss": -46.264}
{"message": "", "levelname": "INFO", "name": "Trainer", "asctime": "2026-04-16 09:43:37,044", "type": "train", "epoch": 14, "batch": 6399, "n_batches": 7774, "time": 2.548, "data_time": 0.001, "lr": 0.0001, "loss": -41.431}
{"message": "", "levelname": "INFO", "name": "Trainer", "asctime": "2026-04-16 09:44:05,809", "type": "train", "epoch": 14, "batch": 6479, "n_batches": 7774, "time": 2.808, "data_time": 0.001, "lr": 0.0001, "loss": -49.167}
{"message": "", "levelname": "INFO", "name": "Trainer", "asctime": "2026-04-16 09:44:35,742", "type": "train", "epoch": 14, "batch": 6559, "n_batches": 7774, "time": 3.402, "data_time": 0.001, "lr": 0.0001, "loss": -48.904}
{"message": "", "levelname": "INFO", "name": "Trainer", "asctime": "2026-04-16 09:45:08,283", "type": "train", "epoch": 14, "batch": 6639, "n_batches": 7774, "time": 2.855, "data_time": 0.001, "lr": 0.0001, "loss": -44.074}
{"message": "", "levelname": "INFO", "name": "Trainer", "asctime": "2026-04-16 09:45:35,632", "type": "train", "epoch": 14, "batch": 6719, "n_batches": 7774, "time": 3.411, "data_time": 0.001, "lr": 0.0001, "loss": -46.868}
{"message": "", "levelname": "INFO", "name": "Trainer", "asctime": "2026-04-16 09:46:05,032", "type": "train", "epoch": 14, "batch": 6799, "n_batches": 7774, "time": 4.488, "data_time": 0.001, "lr": 0.0001, "loss": -45.416}
{"message": "", "levelname": "INFO", "name": "Trainer", "asctime": "2026-04-16 09:46:32,394", "type": "train", "epoch": 14, "batch": 6879, "n_batches": 7774, "time": 2.845, "data_time": 0.001, "lr": 0.0001, "loss": -46.394}
{"message": "", "levelname": "INFO", "name": "Trainer", "asctime": "2026-04-16 09:47:03,669", "type": "train", "epoch": 14, "batch": 6959, "n_batches": 7774, "time": 2.763, "data_time": 0.001, "lr": 0.0001, "loss": -49.233}
{"message": "", "levelname": "INFO", "name": "Trainer", "asctime": "2026-04-16 09:47:37,026", "type": "train", "epoch": 14, "batch": 7039, "n_batches": 7774, "time": 3.004, "data_time": 0.001, "lr": 0.0001, "loss": -46.441}
{"message": "", "levelname": "INFO", "name": "Trainer", "asctime": "2026-04-16 09:48:02,842", "type": "train", "epoch": 14, "batch": 7119, "n_batches": 7774, "time": 2.157, "data_time": 0.001, "lr": 0.0001, "loss": -46.448}
{"message": "", "levelname": "INFO", "name": "Trainer", "asctime": "2026-04-16 09:48:33,125", "type": "train", "epoch": 14, "batch": 7199, "n_batches": 7774, "time": 2.815, "data_time": 0.001, "lr": 0.0001, "loss": -50.495}
{"message": "", "levelname": "INFO", "name": "Trainer", "asctime": "2026-04-16 09:49:02,451", "type": "train", "epoch": 14, "batch": 7279, "n_batches": 7774, "time": 3.25, "data_time": 0.001, "lr": 0.0001, "loss": -46.324}
{"message": "", "levelname": "INFO", "name": "Trainer", "asctime": "2026-04-16 09:49:32,188", "type": "train", "epoch": 14, "batch": 7359, "n_batches": 7774, "time": 2.921, "data_time": 0.0, "lr": 0.0001, "loss": -43.155}
{"message": "", "levelname": "INFO", "name": "Trainer", "asctime": "2026-04-16 09:50:03,871", "type": "train", "epoch": 14, "batch": 7439, "n_batches": 7774, "time": 3.858, "data_time": 0.001, "lr": 0.0001, "loss": -48.926}
{"message": "", "levelname": "INFO", "name": "Trainer", "asctime": "2026-04-16 09:50:36,361", "type": "train", "epoch": 14, "batch": 7519, "n_batches": 7774, "time": 2.645, "data_time": 0.001, "lr": 0.0001, "loss": -44.013}
{"message": "", "levelname": "INFO", "name": "Trainer", "asctime": "2026-04-16 09:51:05,349", "type": "train", "epoch": 14, "batch": 7599, "n_batches": 7774, "time": 3.559, "data_time": 0.001, "lr": 0.0001, "loss": -42.091}
{"message": "", "levelname": "INFO", "name": "Trainer", "asctime": "2026-04-16 09:51:32,346", "type": "train", "epoch": 14, "batch": 7679, "n_batches": 7774, "time": 2.417, "data_time": 0.001, "lr": 0.0001, "loss": -44.994}
{"message": "", "levelname": "INFO", "name": "Trainer", "asctime": "2026-04-16 09:52:02,041", "type": "train", "epoch": 14, "batch": 7759, "n_batches": 7774, "time": 3.782, "data_time": 0.001, "lr": 0.0001, "loss": -47.274}
{"message": "", "levelname": "INFO", "name": "Trainer", "asctime": "2026-04-16 09:52:07,353", "type": "train-epoch", "epoch": 15, "loss": -5.65174, "time": 2968.7}
{"message": "", "levelname": "INFO", "name": "Trainer", "asctime": "2026-04-16 09:59:11,274", "type": "val-epoch", "epoch": 15, "loss": 1.868, "test_loss": 1.948, "time": 423.9}
{"message": "", "levelname": "INFO", "name": "Trainer", "asctime": "2026-04-16 09:59:44,424", "type": "train", "epoch": 15, "batch": 79, "n_batches": 7774, "time": 3.249, "data_time": 0.001, "lr": 0.0001, "loss": -47.884}
{"message": "", "levelname": "INFO", "name": "Trainer", "asctime": "2026-04-16 10:00:19,124", "type": "train", "epoch": 15, "batch": 159, "n_batches": 7774, "time": 2.649, "data_time": 0.001, "lr": 0.0001, "loss": -48.236}
{"message": "", "levelname": "INFO", "name": "Trainer", "asctime": "2026-04-16 10:00:47,567", "type": "train", "epoch": 15, "batch": 239, "n_batches": 7774, "time": 2.448, "data_time": 0.001, "lr": 0.0001, "loss": -49.588}
{"message": "", "levelname": "INFO", "name": "Trainer", "asctime": "2026-04-16 10:01:14,965", "type": "train", "epoch": 15, "batch": 319, "n_batches": 7774, "time": 2.797, "data_time": 0.0, "lr": 0.0001, "loss": -47.867}
{"message": "", "levelname": "INFO", "name": "Trainer", "asctime": "2026-04-16 10:01:47,215", "type": "train", "epoch": 15, "batch": 399, "n_batches": 7774, "time": 3.803, "data_time": 0.001, "lr": 0.0001, "loss": -50.149}
{"message": "", "levelname": "INFO", "name": "Trainer", "asctime": "2026-04-16 10:02:19,764", "type": "train", "epoch": 15, "batch": 479, "n_batches": 7774, "time": 3.245, "data_time": 0.001, "lr": 0.0001, "loss": -45.437}
{"message": "", "levelname": "INFO", "name": "Trainer", "asctime": "2026-04-16 10:02:49,995", "type": "train", "epoch": 15, "batch": 559, "n_batches": 7774, "time": 2.569, "data_time": 0.001, "lr": 0.0001, "loss": -46.621}
{"message": "", "levelname": "INFO", "name": "Trainer", "asctime": "2026-04-16 10:03:18,829", "type": "train", "epoch": 15, "batch": 639, "n_batches": 7774, "time": 2.13, "data_time": 0.0, "lr": 0.0001, "loss": -45.153}
{"message": "", "levelname": "INFO", "name": "Trainer", "asctime": "2026-04-16 10:03:39,919", "type": "train", "epoch": 15, "batch": 719, "n_batches": 7774, "time": 1.692, "data_time": 0.0, "lr": 0.0001, "loss": -45.797}
{"message": "", "levelname": "INFO", "name": "Trainer", "asctime": "2026-04-16 10:04:09,864", "type": "train", "epoch": 15, "batch": 799, "n_batches": 7774, "time": 2.481, "data_time": 0.001, "lr": 0.0001, "loss": -49.554}
{"message": "", "levelname": "INFO", "name": "Trainer", "asctime": "2026-04-16 10:04:41,238", "type": "train", "epoch": 15, "batch": 879, "n_batches": 7774, "time": 3.296, "data_time": 0.001, "lr": 0.0001, "loss": -48.804}
{"message": "", "levelname": "INFO", "name": "Trainer", "asctime": "2026-04-16 10:05:13,883", "type": "train", "epoch": 15, "batch": 959, "n_batches": 7774, "time": 3.554, "data_time": 0.001, "lr": 0.0001, "loss": -47.489}
{"message": "", "levelname": "INFO", "name": "Trainer", "asctime": "2026-04-16 10:05:43,748", "type": "train", "epoch": 15, "batch": 1039, "n_batches": 7774, "time": 3.705, "data_time": 0.001, "lr": 0.0001, "loss": -44.215}
{"message": "", "levelname": "INFO", "name": "Trainer", "asctime": "2026-04-16 10:06:12,474", "type": "train", "epoch": 15, "batch": 1119, "n_batches": 7774, "time": 3.421, "data_time": 0.001, "lr": 0.0001, "loss": -38.925}
{"message": "", "levelname": "INFO", "name": "Trainer", "asctime": "2026-04-16 10:06:44,472", "type": "train", "epoch": 15, "batch": 1199, "n_batches": 7774, "time": 3.634, "data_time": 0.001, "lr": 0.0001, "loss": -42.096}
{"message": "", "levelname": "INFO", "name": "Trainer", "asctime": "2026-04-16 10:07:17,446", "type": "train", "epoch": 15, "batch": 1279, "n_batches": 7774, "time": 3.503, "data_time": 0.001, "lr": 0.0001, "loss": -46.195}
{"message": "", "levelname": "INFO", "name": "Trainer", "asctime": "2026-04-16 10:07:44,853", "type": "train", "epoch": 15, "batch": 1359, "n_batches": 7774, "time": 2.321, "data_time": 0.001, "lr": 0.0001, "loss": -48.798}
{"message": "", "levelname": "INFO", "name": "Trainer", "asctime": "2026-04-16 10:08:18,436", "type": "train", "epoch": 15, "batch": 1439, "n_batches": 7774, "time": 2.557, "data_time": 0.001, "lr": 0.0001, "loss": -50.962}
{"message": "", "levelname": "INFO", "name": "Trainer", "asctime": "2026-04-16 10:08:53,772", "type": "train", "epoch": 15, "batch": 1519, "n_batches": 7774, "time": 2.857, "data_time": 0.0, "lr": 0.0001, "loss": -44.715}
{"message": "", "levelname": "INFO", "name": "Trainer", "asctime": "2026-04-16 10:09:25,598", "type": "train", "epoch": 15, "batch": 1599, "n_batches": 7774, "time": 2.601, "data_time": 0.001, "lr": 0.0001, "loss": -49.622}
{"message": "", "levelname": "INFO", "name": "Trainer", "asctime": "2026-04-16 10:09:55,222", "type": "train", "epoch": 15, "batch": 1679, "n_batches": 7774, "time": 3.487, "data_time": 0.0, "lr": 0.0001, "loss": -44.34}
{"message": "", "levelname": "INFO", "name": "Trainer", "asctime": "2026-04-16 10:10:26,650", "type": "train", "epoch": 15, "batch": 1759, "n_batches": 7774, "time": 2.185, "data_time": 0.001, "lr": 0.0001, "loss": -44.739}
{"message": "", "levelname": "INFO", "name": "Trainer", "asctime": "2026-04-16 10:10:58,727", "type": "train", "epoch": 15, "batch": 1839, "n_batches": 7774, "time": 3.664, "data_time": 0.003, "lr": 0.0001, "loss": -45.1}
{"message": "", "levelname": "INFO", "name": "Trainer", "asctime": "2026-04-16 10:11:27,370", "type": "train", "epoch": 15, "batch": 1919, "n_batches": 7774, "time": 4.012, "data_time": 0.001, "lr": 0.0001, "loss": -48.969}
{"message": "", "levelname": "INFO", "name": "Trainer", "asctime": "2026-04-16 10:12:00,247", "type": "train", "epoch": 15, "batch": 1999, "n_batches": 7774, "time": 3.356, "data_time": 0.001, "lr": 0.0001, "loss": -47.497}
{"message": "", "levelname": "INFO", "name": "Trainer", "asctime": "2026-04-16 10:12:32,205", "type": "train", "epoch": 15, "batch": 2079, "n_batches": 7774, "time": 3.272, "data_time": 0.001, "lr": 0.0001, "loss": -43.938}
{"message": "", "levelname": "INFO", "name": "Trainer", "asctime": "2026-04-16 10:13:05,978", "type": "train", "epoch": 15, "batch": 2159, "n_batches": 7774, "time": 3.367, "data_time": 0.001, "lr": 0.0001, "loss": -47.108}
{"message": "", "levelname": "INFO", "name": "Trainer", "asctime": "2026-04-16 10:13:40,768", "type": "train", "epoch": 15, "batch": 2239, "n_batches": 7774, "time": 3.59, "data_time": 0.0, "lr": 0.0001, "loss": -47.666}
{"message": "", "levelname": "INFO", "name": "Trainer", "asctime": "2026-04-16 10:14:13,785", "type": "train", "epoch": 15, "batch": 2319, "n_batches": 7774, "time": 4.107, "data_time": 0.002, "lr": 0.0001, "loss": -48.744}
{"message": "", "levelname": "INFO", "name": "Trainer", "asctime": "2026-04-16 10:14:42,718", "type": "train", "epoch": 15, "batch": 2399, "n_batches": 7774, "time": 3.111, "data_time": 0.001, "lr": 0.0001, "loss": -48.073}
{"message": "", "levelname": "INFO", "name": "Trainer", "asctime": "2026-04-16 10:15:11,495", "type": "train", "epoch": 15, "batch": 2479, "n_batches": 7774, "time": 3.347, "data_time": 0.001, "lr": 0.0001, "loss": -49.43}
{"message": "", "levelname": "INFO", "name": "Trainer", "asctime": "2026-04-16 10:15:43,751", "type": "train", "epoch": 15, "batch": 2559, "n_batches": 7774, "time": 3.222, "data_time": 0.0, "lr": 0.0001, "loss": -45.176}
{"message": "", "levelname": "INFO", "name": "Trainer", "asctime": "2026-04-16 10:16:17,758", "type": "train", "epoch": 15, "batch": 2639, "n_batches": 7774, "time": 4.345, "data_time": 0.001, "lr": 0.0001, "loss": -50.299}
{"message": "", "levelname": "INFO", "name": "Trainer", "asctime": "2026-04-16 10:16:50,348", "type": "train", "epoch": 15, "batch": 2719, "n_batches": 7774, "time": 4.042, "data_time": 0.001, "lr": 0.0001, "loss": -49.616}
{"message": "", "levelname": "INFO", "name": "Trainer", "asctime": "2026-04-16 10:17:23,011", "type": "train", "epoch": 15, "batch": 2799, "n_batches": 7774, "time": 4.409, "data_time": 0.002, "lr": 0.0001, "loss": -41.644}
{"message": "", "levelname": "INFO", "name": "Trainer", "asctime": "2026-04-16 10:17:53,918", "type": "train", "epoch": 15, "batch": 2879, "n_batches": 7774, "time": 3.163, "data_time": 0.001, "lr": 0.0001, "loss": -45.678}
{"message": "", "levelname": "INFO", "name": "Trainer", "asctime": "2026-04-16 10:18:20,515", "type": "train", "epoch": 15, "batch": 2959, "n_batches": 7774, "time": 2.421, "data_time": 0.001, "lr": 0.0001, "loss": -47.15}
{"message": "", "levelname": "INFO", "name": "Trainer", "asctime": "2026-04-16 10:18:53,619", "type": "train", "epoch": 15, "batch": 3039, "n_batches": 7774, "time": 4.568, "data_time": 0.001, "lr": 0.0001, "loss": -48.391}
{"message": "", "levelname": "INFO", "name": "Trainer", "asctime": "2026-04-16 10:19:25,207", "type": "train", "epoch": 15, "batch": 3119, "n_batches": 7774, "time": 2.941, "data_time": 0.003, "lr": 0.0001, "loss": -45.74}
{"message": "", "levelname": "INFO", "name": "Trainer", "asctime": "2026-04-16 10:19:55,222", "type": "train", "epoch": 15, "batch": 3199, "n_batches": 7774, "time": 2.852, "data_time": 0.004, "lr": 0.0001, "loss": -45.789}
{"message": "", "levelname": "INFO", "name": "Trainer", "asctime": "2026-04-16 10:20:25,774", "type": "train", "epoch": 15, "batch": 3279, "n_batches": 7774, "time": 3.116, "data_time": 0.001, "lr": 0.0001, "loss": -47.69}
{"message": "", "levelname": "INFO", "name": "Trainer", "asctime": "2026-04-16 10:21:01,245", "type": "train", "epoch": 15, "batch": 3359, "n_batches": 7774, "time": 4.366, "data_time": 0.001, "lr": 0.0001, "loss": -45.951}
{"message": "", "levelname": "INFO", "name": "Trainer", "asctime": "2026-04-16 10:21:36,201", "type": "train", "epoch": 15, "batch": 3439, "n_batches": 7774, "time": 3.383, "data_time": 0.001, "lr": 0.0001, "loss": -41.068}
{"message": "", "levelname": "INFO", "name": "Trainer", "asctime": "2026-04-16 10:22:05,186", "type": "train", "epoch": 15, "batch": 3519, "n_batches": 7774, "time": 3.826, "data_time": 0.001, "lr": 0.0001, "loss": -49.949}
{"message": "", "levelname": "INFO", "name": "Trainer", "asctime": "2026-04-16 10:22:33,378", "type": "train", "epoch": 15, "batch": 3599, "n_batches": 7774, "time": 2.625, "data_time": 0.001, "lr": 0.0001, "loss": -50.97}
{"message": "", "levelname": "INFO", "name": "Trainer", "asctime": "2026-04-16 10:23:04,287", "type": "train", "epoch": 15, "batch": 3679, "n_batches": 7774, "time": 3.746, "data_time": 0.001, "lr": 0.0001, "loss": -49.905}
{"message": "", "levelname": "INFO", "name": "Trainer", "asctime": "2026-04-16 10:23:32,224", "type": "train", "epoch": 15, "batch": 3759, "n_batches": 7774, "time": 2.8, "data_time": 0.001, "lr": 0.0001, "loss": -48.789}
{"message": "", "levelname": "INFO", "name": "Trainer", "asctime": "2026-04-16 10:23:59,998", "type": "train", "epoch": 15, "batch": 3839, "n_batches": 7774, "time": 4.716, "data_time": 0.001, "lr": 0.0001, "loss": -45.444}
{"message": "", "levelname": "INFO", "name": "Trainer", "asctime": "2026-04-16 10:24:29,541", "type": "train", "epoch": 15, "batch": 3919, "n_batches": 7774, "time": 3.543, "data_time": 0.001, "lr": 0.0001, "loss": -44.123}
{"message": "", "levelname": "INFO", "name": "Trainer", "asctime": "2026-04-16 10:24:58,974", "type": "train", "epoch": 15, "batch": 3999, "n_batches": 7774, "time": 4.054, "data_time": 0.001, "lr": 0.0001, "loss": -38.924}
{"message": "", "levelname": "INFO", "name": "Trainer", "asctime": "2026-04-16 10:25:30,669", "type": "train", "epoch": 15, "batch": 4079, "n_batches": 7774, "time": 2.207, "data_time": 0.0, "lr": 0.0001, "loss": -44.035}
{"message": "", "levelname": "INFO", "name": "Trainer", "asctime": "2026-04-16 10:26:05,302", "type": "train", "epoch": 15, "batch": 4159, "n_batches": 7774, "time": 3.019, "data_time": 0.0, "lr": 0.0001, "loss": -38.937}
{"message": "", "levelname": "INFO", "name": "Trainer", "asctime": "2026-04-16 10:26:34,254", "type": "train", "epoch": 15, "batch": 4239, "n_batches": 7774, "time": 2.353, "data_time": 0.001, "lr": 0.0001, "loss": -47.522}
{"message": "", "levelname": "INFO", "name": "Trainer", "asctime": "2026-04-16 10:27:08,464", "type": "train", "epoch": 15, "batch": 4319, "n_batches": 7774, "time": 3.33, "data_time": 0.001, "lr": 0.0001, "loss": -47.409}
{"message": "", "levelname": "INFO", "name": "Trainer", "asctime": "2026-04-16 10:27:37,123", "type": "train", "epoch": 15, "batch": 4399, "n_batches": 7774, "time": 2.66, "data_time": 0.001, "lr": 0.0001, "loss": -47.417}
{"message": "", "levelname": "INFO", "name": "Trainer", "asctime": "2026-04-16 10:28:09,622", "type": "train", "epoch": 15, "batch": 4479, "n_batches": 7774, "time": 3.235, "data_time": 0.001, "lr": 0.0001, "loss": -46.999}
{"message": "", "levelname": "INFO", "name": "Trainer", "asctime": "2026-04-16 10:28:43,407", "type": "train", "epoch": 15, "batch": 4559, "n_batches": 7774, "time": 3.032, "data_time": 0.001, "lr": 0.0001, "loss": -49.402}
{"message": "", "levelname": "INFO", "name": "Trainer", "asctime": "2026-04-16 10:29:21,315", "type": "train", "epoch": 15, "batch": 4639, "n_batches": 7774, "time": 4.281, "data_time": 0.001, "lr": 0.0001, "loss": -45.864}
{"message": "", "levelname": "INFO", "name": "Trainer", "asctime": "2026-04-16 10:29:54,018", "type": "train", "epoch": 15, "batch": 4719, "n_batches": 7774, "time": 3.214, "data_time": 0.001, "lr": 0.0001, "loss": -48.9}
{"message": "", "levelname": "INFO", "name": "Trainer", "asctime": "2026-04-16 10:30:26,120", "type": "train", "epoch": 15, "batch": 4799, "n_batches": 7774, "time": 3.477, "data_time": 0.001, "lr": 0.0001, "loss": -42.112}
{"message": "", "levelname": "INFO", "name": "Trainer", "asctime": "2026-04-16 10:31:02,779", "type": "train", "epoch": 15, "batch": 4879, "n_batches": 7774, "time": 3.743, "data_time": 0.001, "lr": 0.0001, "loss": -45.056}
{"message": "", "levelname": "INFO", "name": "Trainer", "asctime": "2026-04-16 10:31:37,648", "type": "train", "epoch": 15, "batch": 4959, "n_batches": 7774, "time": 2.664, "data_time": 0.004, "lr": 0.0001, "loss": -44.285}
{"message": "", "levelname": "INFO", "name": "Trainer", "asctime": "2026-04-16 10:32:09,705", "type": "train", "epoch": 15, "batch": 5039, "n_batches": 7774, "time": 2.917, "data_time": 0.0, "lr": 0.0001, "loss": -41.023}
{"message": "", "levelname": "INFO", "name": "Trainer", "asctime": "2026-04-16 10:32:43,279", "type": "train", "epoch": 15, "batch": 5119, "n_batches": 7774, "time": 2.676, "data_time": 0.0, "lr": 0.0001, "loss": -48.35}
{"message": "", "levelname": "INFO", "name": "Trainer", "asctime": "2026-04-16 10:33:15,882", "type": "train", "epoch": 15, "batch": 5199, "n_batches": 7774, "time": 3.914, "data_time": 0.001, "lr": 0.0001, "loss": -47.036}
{"message": "", "levelname": "INFO", "name": "Trainer", "asctime": "2026-04-16 10:33:46,286", "type": "train", "epoch": 15, "batch": 5279, "n_batches": 7774, "time": 3.61, "data_time": 0.0, "lr": 0.0001, "loss": -44.18}
{"message": "", "levelname": "INFO", "name": "Trainer", "asctime": "2026-04-16 10:34:19,265", "type": "train", "epoch": 15, "batch": 5359, "n_batches": 7774, "time": 2.998, "data_time": 0.0, "lr": 0.0001, "loss": -45.71}
{"message": "", "levelname": "INFO", "name": "Trainer", "asctime": "2026-04-16 10:34:52,941", "type": "train", "epoch": 15, "batch": 5439, "n_batches": 7774, "time": 4.065, "data_time": 0.001, "lr": 0.0001, "loss": -49.152}
{"message": "", "levelname": "INFO", "name": "Trainer", "asctime": "2026-04-16 10:35:22,878", "type": "train", "epoch": 15, "batch": 5519, "n_batches": 7774, "time": 4.16, "data_time": 0.001, "lr": 0.0001, "loss": -40.681}
{"message": "", "levelname": "INFO", "name": "Trainer", "asctime": "2026-04-16 10:35:49,263", "type": "train", "epoch": 15, "batch": 5599, "n_batches": 7774, "time": 3.141, "data_time": 0.0, "lr": 0.0001, "loss": -51.067}
{"message": "", "levelname": "INFO", "name": "Trainer", "asctime": "2026-04-16 10:36:21,900", "type": "train", "epoch": 15, "batch": 5679, "n_batches": 7774, "time": 3.944, "data_time": 0.001, "lr": 0.0001, "loss": -44.803}
{"message": "", "levelname": "INFO", "name": "Trainer", "asctime": "2026-04-16 10:36:54,351", "type": "train", "epoch": 15, "batch": 5759, "n_batches": 7774, "time": 2.939, "data_time": 0.0, "lr": 0.0001, "loss": -35.776}
{"message": "", "levelname": "INFO", "name": "Trainer", "asctime": "2026-04-16 10:37:24,077", "type": "train", "epoch": 15, "batch": 5839, "n_batches": 7774, "time": 2.507, "data_time": 0.001, "lr": 0.0001, "loss": -47.918}
{"message": "", "levelname": "INFO", "name": "Trainer", "asctime": "2026-04-16 10:37:56,663", "type": "train", "epoch": 15, "batch": 5919, "n_batches": 7774, "time": 4.266, "data_time": 0.001, "lr": 0.0001, "loss": -43.406}
{"message": "", "levelname": "INFO", "name": "Trainer", "asctime": "2026-04-16 10:38:27,249", "type": "train", "epoch": 15, "batch": 5999, "n_batches": 7774, "time": 3.79, "data_time": 0.001, "lr": 0.0001, "loss": -45.544}
{"message": "", "levelname": "INFO", "name": "Trainer", "asctime": "2026-04-16 10:39:00,552", "type": "train", "epoch": 15, "batch": 6079, "n_batches": 7774, "time": 2.798, "data_time": 0.001, "lr": 0.0001, "loss": -43.392}
{"message": "", "levelname": "INFO", "name": "Trainer", "asctime": "2026-04-16 10:39:31,312", "type": "train", "epoch": 15, "batch": 6159, "n_batches": 7774, "time": 3.726, "data_time": 0.001, "lr": 0.0001, "loss": -49.056}
{"message": "", "levelname": "INFO", "name": "Trainer", "asctime": "2026-04-16 10:39:58,800", "type": "train", "epoch": 15, "batch": 6239, "n_batches": 7774, "time": 2.138, "data_time": 0.001, "lr": 0.0001, "loss": -50.863}
{"message": "", "levelname": "INFO", "name": "Trainer", "asctime": "2026-04-16 10:40:24,340", "type": "train", "epoch": 15, "batch": 6319, "n_batches": 7774, "time": 2.686, "data_time": 0.001, "lr": 0.0001, "loss": -50.066}
{"message": "", "levelname": "INFO", "name": "Trainer", "asctime": "2026-04-16 10:40:53,791", "type": "train", "epoch": 15, "batch": 6399, "n_batches": 7774, "time": 2.763, "data_time": 0.001, "lr": 0.0001, "loss": -36.632}
{"message": "", "levelname": "INFO", "name": "Trainer", "asctime": "2026-04-16 10:41:29,395", "type": "train", "epoch": 15, "batch": 6479, "n_batches": 7774, "time": 2.614, "data_time": 0.001, "lr": 0.0001, "loss": -48.935}
{"message": "", "levelname": "INFO", "name": "Trainer", "asctime": "2026-04-16 10:42:04,089", "type": "train", "epoch": 15, "batch": 6559, "n_batches": 7774, "time": 3.383, "data_time": 0.001, "lr": 0.0001, "loss": -48.811}
{"message": "", "levelname": "INFO", "name": "Trainer", "asctime": "2026-04-16 10:42:31,310", "type": "train", "epoch": 15, "batch": 6639, "n_batches": 7774, "time": 2.094, "data_time": 0.0, "lr": 0.0001, "loss": -47.893}
{"message": "", "levelname": "INFO", "name": "Trainer", "asctime": "2026-04-16 10:43:02,509", "type": "train", "epoch": 15, "batch": 6719, "n_batches": 7774, "time": 4.93, "data_time": 0.001, "lr": 0.0001, "loss": -41.516}
{"message": "", "levelname": "INFO", "name": "Trainer", "asctime": "2026-04-16 10:43:32,715", "type": "train", "epoch": 15, "batch": 6799, "n_batches": 7774, "time": 3.373, "data_time": 0.001, "lr": 0.0001, "loss": -44.371}
{"message": "", "levelname": "INFO", "name": "Trainer", "asctime": "2026-04-16 10:44:01,579", "type": "train", "epoch": 15, "batch": 6879, "n_batches": 7774, "time": 3.129, "data_time": 0.004, "lr": 0.0001, "loss": -45.582}
{"message": "", "levelname": "INFO", "name": "Trainer", "asctime": "2026-04-16 10:44:31,495", "type": "train", "epoch": 15, "batch": 6959, "n_batches": 7774, "time": 3.478, "data_time": 0.0, "lr": 0.0001, "loss": -47.066}
{"message": "", "levelname": "INFO", "name": "Trainer", "asctime": "2026-04-16 10:45:00,644", "type": "train", "epoch": 15, "batch": 7039, "n_batches": 7774, "time": 2.774, "data_time": 0.0, "lr": 0.0001, "loss": -49.319}
{"message": "", "levelname": "INFO", "name": "Trainer", "asctime": "2026-04-16 10:45:33,513", "type": "train", "epoch": 15, "batch": 7119, "n_batches": 7774, "time": 4.256, "data_time": 0.0, "lr": 0.0001, "loss": -51.671}
{"message": "", "levelname": "INFO", "name": "Trainer", "asctime": "2026-04-16 10:46:01,938", "type": "train", "epoch": 15, "batch": 7199, "n_batches": 7774, "time": 2.729, "data_time": 0.001, "lr": 0.0001, "loss": -50.054}
{"message": "", "levelname": "INFO", "name": "Trainer", "asctime": "2026-04-16 10:46:36,393", "type": "train", "epoch": 15, "batch": 7279, "n_batches": 7774, "time": 2.837, "data_time": 0.001, "lr": 0.0001, "loss": -45.546}
{"message": "", "levelname": "INFO", "name": "Trainer", "asctime": "2026-04-16 10:47:06,975", "type": "train", "epoch": 15, "batch": 7359, "n_batches": 7774, "time": 3.192, "data_time": 0.001, "lr": 0.0001, "loss": -53.113}
{"message": "", "levelname": "INFO", "name": "Trainer", "asctime": "2026-04-16 10:47:40,592", "type": "train", "epoch": 15, "batch": 7439, "n_batches": 7774, "time": 3.063, "data_time": 0.001, "lr": 0.0001, "loss": -49.162}
{"message": "", "levelname": "INFO", "name": "Trainer", "asctime": "2026-04-16 10:48:10,047", "type": "train", "epoch": 15, "batch": 7519, "n_batches": 7774, "time": 2.553, "data_time": 0.001, "lr": 0.0001, "loss": -38.473}
{"message": "", "levelname": "INFO", "name": "Trainer", "asctime": "2026-04-16 10:48:40,191", "type": "train", "epoch": 15, "batch": 7599, "n_batches": 7774, "time": 3.501, "data_time": 0.001, "lr": 0.0001, "loss": -50.234}
{"message": "", "levelname": "INFO", "name": "Trainer", "asctime": "2026-04-16 10:49:10,642", "type": "train", "epoch": 15, "batch": 7679, "n_batches": 7774, "time": 3.2, "data_time": 0.001, "lr": 0.0001, "loss": -48.619}
{"message": "", "levelname": "INFO", "name": "Trainer", "asctime": "2026-04-16 10:49:44,773", "type": "train", "epoch": 15, "batch": 7759, "n_batches": 7774, "time": 3.174, "data_time": 0.001, "lr": 0.0001, "loss": -50.668}
{"message": "", "levelname": "INFO", "name": "Trainer", "asctime": "2026-04-16 10:49:49,703", "type": "train-epoch", "epoch": 16, "loss": -5.75689, "time": 3038.3}
{"message": "", "levelname": "INFO", "name": "Trainer", "asctime": "2026-04-16 10:56:46,193", "type": "val-epoch", "epoch": 16, "loss": 1.959, "test_loss": 2.05, "time": 416.5}
{"message": "", "levelname": "INFO", "name": "Trainer", "asctime": "2026-04-16 10:57:15,973", "type": "train", "epoch": 16, "batch": 79, "n_batches": 7774, "time": 2.769, "data_time": 0.001, "lr": 0.0001, "loss": -47.299}
{"message": "", "levelname": "INFO", "name": "Trainer", "asctime": "2026-04-16 10:57:45,881", "type": "train", "epoch": 16, "batch": 159, "n_batches": 7774, "time": 2.861, "data_time": 0.0, "lr": 0.0001, "loss": -46.19}
{"message": "", "levelname": "INFO", "name": "Trainer", "asctime": "2026-04-16 10:58:16,351", "type": "train", "epoch": 16, "batch": 239, "n_batches": 7774, "time": 3.826, "data_time": 0.0, "lr": 0.0001, "loss": -42.887}
{"message": "", "levelname": "INFO", "name": "Trainer", "asctime": "2026-04-16 10:58:47,111", "type": "train", "epoch": 16, "batch": 319, "n_batches": 7774, "time": 3.056, "data_time": 0.001, "lr": 0.0001, "loss": -47.13}
{"message": "", "levelname": "INFO", "name": "Trainer", "asctime": "2026-04-16 10:59:17,165", "type": "train", "epoch": 16, "batch": 399, "n_batches": 7774, "time": 2.049, "data_time": 0.001, "lr": 0.0001, "loss": -49.427}
{"message": "", "levelname": "INFO", "name": "Trainer", "asctime": "2026-04-16 10:59:46,790", "type": "train", "epoch": 16, "batch": 479, "n_batches": 7774, "time": 1.977, "data_time": 0.001, "lr": 0.0001, "loss": -46.974}
{"message": "", "levelname": "INFO", "name": "Trainer", "asctime": "2026-04-16 11:00:20,139", "type": "train", "epoch": 16, "batch": 559, "n_batches": 7774, "time": 4.277, "data_time": 0.001, "lr": 0.0001, "loss": -45.266}
{"message": "", "levelname": "INFO", "name": "Trainer", "asctime": "2026-04-16 11:00:51,116", "type": "train", "epoch": 16, "batch": 639, "n_batches": 7774, "time": 2.741, "data_time": 0.001, "lr": 0.0001, "loss": -44.615}
{"message": "", "levelname": "INFO", "name": "Trainer", "asctime": "2026-04-16 11:01:23,665", "type": "train", "epoch": 16, "batch": 719, "n_batches": 7774, "time": 3.665, "data_time": 0.001, "lr": 0.0001, "loss": -47.482}
{"message": "", "levelname": "INFO", "name": "Trainer", "asctime": "2026-04-16 11:01:56,140", "type": "train", "epoch": 16, "batch": 799, "n_batches": 7774, "time": 3.309, "data_time": 0.001, "lr": 0.0001, "loss": -44.647}
{"message": "", "levelname": "INFO", "name": "Trainer", "asctime": "2026-04-16 11:02:23,631", "type": "train", "epoch": 16, "batch": 879, "n_batches": 7774, "time": 2.515, "data_time": 0.001, "lr": 0.0001, "loss": -51.416}
{"message": "", "levelname": "INFO", "name": "Trainer", "asctime": "2026-04-16 11:02:52,692", "type": "train", "epoch": 16, "batch": 959, "n_batches": 7774, "time": 2.332, "data_time": 0.001, "lr": 0.0001, "loss": -45.276}
{"message": "", "levelname": "INFO", "name": "Trainer", "asctime": "2026-04-16 11:03:21,644", "type": "train", "epoch": 16, "batch": 1039, "n_batches": 7774, "time": 3.015, "data_time": 0.001, "lr": 0.0001, "loss": -44.38}
{"message": "", "levelname": "INFO", "name": "Trainer", "asctime": "2026-04-16 11:03:55,556", "type": "train", "epoch": 16, "batch": 1119, "n_batches": 7774, "time": 2.241, "data_time": 0.001, "lr": 0.0001, "loss": -47.135}
{"message": "", "levelname": "INFO", "name": "Trainer", "asctime": "2026-04-16 11:04:25,394", "type": "train", "epoch": 16, "batch": 1199, "n_batches": 7774, "time": 2.763, "data_time": 0.001, "lr": 0.0001, "loss": -51.101}
{"message": "", "levelname": "INFO", "name": "Trainer", "asctime": "2026-04-16 11:04:57,319", "type": "train", "epoch": 16, "batch": 1279, "n_batches": 7774, "time": 4.536, "data_time": 0.001, "lr": 0.0001, "loss": -46.474}
{"message": "", "levelname": "INFO", "name": "Trainer", "asctime": "2026-04-16 11:05:26,471", "type": "train", "epoch": 16, "batch": 1359, "n_batches": 7774, "time": 2.921, "data_time": 0.001, "lr": 0.0001, "loss": -45.481}
{"message": "", "levelname": "INFO", "name": "Trainer", "asctime": "2026-04-16 11:05:57,223", "type": "train", "epoch": 16, "batch": 1439, "n_batches": 7774, "time": 3.535, "data_time": 0.001, "lr": 0.0001, "loss": -50.827}
{"message": "", "levelname": "INFO", "name": "Trainer", "asctime": "2026-04-16 11:06:32,005", "type": "train", "epoch": 16, "batch": 1519, "n_batches": 7774, "time": 3.088, "data_time": 0.001, "lr": 0.0001, "loss": -51.371}
{"message": "", "levelname": "INFO", "name": "Trainer", "asctime": "2026-04-16 11:06:59,878", "type": "train", "epoch": 16, "batch": 1599, "n_batches": 7774, "time": 3.18, "data_time": 0.001, "lr": 0.0001, "loss": -48.608}
{"message": "", "levelname": "INFO", "name": "Trainer", "asctime": "2026-04-16 11:07:28,492", "type": "train", "epoch": 16, "batch": 1679, "n_batches": 7774, "time": 3.134, "data_time": 0.001, "lr": 0.0001, "loss": -40.188}
{"message": "", "levelname": "INFO", "name": "Trainer", "asctime": "2026-04-16 11:07:58,772", "type": "train", "epoch": 16, "batch": 1759, "n_batches": 7774, "time": 1.792, "data_time": 0.001, "lr": 0.0001, "loss": -46.111}
{"message": "", "levelname": "INFO", "name": "Trainer", "asctime": "2026-04-16 11:08:30,103", "type": "train", "epoch": 16, "batch": 1839, "n_batches": 7774, "time": 2.945, "data_time": 0.001, "lr": 0.0001, "loss": -43.279}
{"message": "", "levelname": "INFO", "name": "Trainer", "asctime": "2026-04-16 11:09:02,323", "type": "train", "epoch": 16, "batch": 1919, "n_batches": 7774, "time": 3.403, "data_time": 0.002, "lr": 0.0001, "loss": -47.954}
{"message": "", "levelname": "INFO", "name": "Trainer", "asctime": "2026-04-16 11:09:31,932", "type": "train", "epoch": 16, "batch": 1999, "n_batches": 7774, "time": 2.353, "data_time": 0.001, "lr": 0.0001, "loss": -45.939}
{"message": "", "levelname": "INFO", "name": "Trainer", "asctime": "2026-04-16 11:10:04,122", "type": "train", "epoch": 16, "batch": 2079, "n_batches": 7774, "time": 2.895, "data_time": 0.001, "lr": 0.0001, "loss": -45.523}
{"message": "", "levelname": "INFO", "name": "Trainer", "asctime": "2026-04-16 11:10:35,918", "type": "train", "epoch": 16, "batch": 2159, "n_batches": 7774, "time": 2.899, "data_time": 0.001, "lr": 0.0001, "loss": -47.73}
{"message": "", "levelname": "INFO", "name": "Trainer", "asctime": "2026-04-16 11:11:05,238", "type": "train", "epoch": 16, "batch": 2239, "n_batches": 7774, "time": 2.767, "data_time": 0.001, "lr": 0.0001, "loss": -45.006}
{"message": "", "levelname": "INFO", "name": "Trainer", "asctime": "2026-04-16 11:11:37,341", "type": "train", "epoch": 16, "batch": 2319, "n_batches": 7774, "time": 3.892, "data_time": 0.001, "lr": 0.0001, "loss": -48.026}
{"message": "", "levelname": "INFO", "name": "Trainer", "asctime": "2026-04-16 11:12:10,267", "type": "train", "epoch": 16, "batch": 2399, "n_batches": 7774, "time": 2.993, "data_time": 0.0, "lr": 0.0001, "loss": -40.51}
{"message": "", "levelname": "INFO", "name": "Trainer", "asctime": "2026-04-16 11:12:40,947", "type": "train", "epoch": 16, "batch": 2479, "n_batches": 7774, "time": 2.108, "data_time": 0.001, "lr": 0.0001, "loss": -48.133}
{"message": "", "levelname": "INFO", "name": "Trainer", "asctime": "2026-04-16 11:13:06,092", "type": "train", "epoch": 16, "batch": 2559, "n_batches": 7774, "time": 3.11, "data_time": 0.001, "lr": 0.0001, "loss": -48.262}
{"message": "", "levelname": "INFO", "name": "Trainer", "asctime": "2026-04-16 11:13:37,547", "type": "train", "epoch": 16, "batch": 2639, "n_batches": 7774, "time": 3.5, "data_time": 0.0, "lr": 0.0001, "loss": -45.177}
{"message": "", "levelname": "INFO", "name": "Trainer", "asctime": "2026-04-16 11:14:07,448", "type": "train", "epoch": 16, "batch": 2719, "n_batches": 7774, "time": 4.483, "data_time": 0.001, "lr": 0.0001, "loss": -44.444}
{"message": "", "levelname": "INFO", "name": "Trainer", "asctime": "2026-04-16 11:14:33,539", "type": "train", "epoch": 16, "batch": 2799, "n_batches": 7774, "time": 2.757, "data_time": 0.001, "lr": 0.0001, "loss": -48.98}
{"message": "", "levelname": "INFO", "name": "Trainer", "asctime": "2026-04-16 11:15:06,156", "type": "train", "epoch": 16, "batch": 2879, "n_batches": 7774, "time": 4.27, "data_time": 0.001, "lr": 0.0001, "loss": -47.719}
{"message": "", "levelname": "INFO", "name": "Trainer", "asctime": "2026-04-16 11:15:33,534", "type": "train", "epoch": 16, "batch": 2959, "n_batches": 7774, "time": 3.02, "data_time": 0.001, "lr": 0.0001, "loss": -47.559}
{"message": "", "levelname": "INFO", "name": "Trainer", "asctime": "2026-04-16 11:16:05,753", "type": "train", "epoch": 16, "batch": 3039, "n_batches": 7774, "time": 3.156, "data_time": 0.001, "lr": 0.0001, "loss": -49.818}
{"message": "", "levelname": "INFO", "name": "Trainer", "asctime": "2026-04-16 11:16:36,094", "type": "train", "epoch": 16, "batch": 3119, "n_batches": 7774, "time": 3.634, "data_time": 0.001, "lr": 0.0001, "loss": -43.788}
{"message": "", "levelname": "INFO", "name": "Trainer", "asctime": "2026-04-16 11:17:06,138", "type": "train", "epoch": 16, "batch": 3199, "n_batches": 7774, "time": 2.072, "data_time": 0.001, "lr": 0.0001, "loss": -48.867}
{"message": "", "levelname": "INFO", "name": "Trainer", "asctime": "2026-04-16 11:17:37,348", "type": "train", "epoch": 16, "batch": 3279, "n_batches": 7774, "time": 3.684, "data_time": 0.001, "lr": 0.0001, "loss": -47.955}
{"message": "", "levelname": "INFO", "name": "Trainer", "asctime": "2026-04-16 11:18:09,201", "type": "train", "epoch": 16, "batch": 3359, "n_batches": 7774, "time": 3.122, "data_time": 0.001, "lr": 0.0001, "loss": -44.173}
{"message": "", "levelname": "INFO", "name": "Trainer", "asctime": "2026-04-16 11:18:40,927", "type": "train", "epoch": 16, "batch": 3439, "n_batches": 7774, "time": 3.185, "data_time": 0.001, "lr": 0.0001, "loss": -41.406}
{"message": "", "levelname": "INFO", "name": "Trainer", "asctime": "2026-04-16 11:19:10,416", "type": "train", "epoch": 16, "batch": 3519, "n_batches": 7774, "time": 3.48, "data_time": 0.001, "lr": 0.0001, "loss": -47.077}
{"message": "", "levelname": "INFO", "name": "Trainer", "asctime": "2026-04-16 11:19:42,990", "type": "train", "epoch": 16, "batch": 3599, "n_batches": 7774, "time": 2.834, "data_time": 0.0, "lr": 0.0001, "loss": -46.742}
{"message": "", "levelname": "INFO", "name": "Trainer", "asctime": "2026-04-16 11:20:16,855", "type": "train", "epoch": 16, "batch": 3679, "n_batches": 7774, "time": 3.808, "data_time": 0.001, "lr": 0.0001, "loss": -46.32}
{"message": "", "levelname": "INFO", "name": "Trainer", "asctime": "2026-04-16 11:20:45,374", "type": "train", "epoch": 16, "batch": 3759, "n_batches": 7774, "time": 2.481, "data_time": 0.001, "lr": 0.0001, "loss": -37.442}
{"message": "", "levelname": "INFO", "name": "Trainer", "asctime": "2026-04-16 11:21:20,602", "type": "train", "epoch": 16, "batch": 3839, "n_batches": 7774, "time": 2.791, "data_time": 0.0, "lr": 0.0001, "loss": -49.515}
{"message": "", "levelname": "INFO", "name": "Trainer", "asctime": "2026-04-16 11:21:54,542", "type": "train", "epoch": 16, "batch": 3919, "n_batches": 7774, "time": 2.301, "data_time": 0.001, "lr": 0.0001, "loss": -46.452}
{"message": "", "levelname": "INFO", "name": "Trainer", "asctime": "2026-04-16 11:22:23,024", "type": "train", "epoch": 16, "batch": 3999, "n_batches": 7774, "time": 3.1, "data_time": 0.001, "lr": 0.0001, "loss": -48.919}
{"message": "", "levelname": "INFO", "name": "Trainer", "asctime": "2026-04-16 11:22:53,461", "type": "train", "epoch": 16, "batch": 4079, "n_batches": 7774, "time": 3.276, "data_time": 0.001, "lr": 0.0001, "loss": -45.406}
{"message": "", "levelname": "INFO", "name": "Trainer", "asctime": "2026-04-16 11:23:27,723", "type": "train", "epoch": 16, "batch": 4159, "n_batches": 7774, "time": 3.572, "data_time": 0.001, "lr": 0.0001, "loss": -45.23}
{"message": "", "levelname": "INFO", "name": "Trainer", "asctime": "2026-04-16 11:24:02,115", "type": "train", "epoch": 16, "batch": 4239, "n_batches": 7774, "time": 2.818, "data_time": 0.0, "lr": 0.0001, "loss": -49.485}
{"message": "", "levelname": "INFO", "name": "Trainer", "asctime": "2026-04-16 11:24:34,660", "type": "train", "epoch": 16, "batch": 4319, "n_batches": 7774, "time": 3.5, "data_time": 0.001, "lr": 0.0001, "loss": -51.051}
{"message": "", "levelname": "INFO", "name": "Trainer", "asctime": "2026-04-16 11:25:07,957", "type": "train", "epoch": 16, "batch": 4399, "n_batches": 7774, "time": 3.683, "data_time": 0.0, "lr": 0.0001, "loss": -47.15}
{"message": "", "levelname": "INFO", "name": "Trainer", "asctime": "2026-04-16 11:25:41,118", "type": "train", "epoch": 16, "batch": 4479, "n_batches": 7774, "time": 2.984, "data_time": 0.0, "lr": 0.0001, "loss": -50.743}
{"message": "", "levelname": "INFO", "name": "Trainer", "asctime": "2026-04-16 11:26:09,402", "type": "train", "epoch": 16, "batch": 4559, "n_batches": 7774, "time": 2.566, "data_time": 0.001, "lr": 0.0001, "loss": -49.629}
{"message": "", "levelname": "INFO", "name": "Trainer", "asctime": "2026-04-16 11:26:42,065", "type": "train", "epoch": 16, "batch": 4639, "n_batches": 7774, "time": 3.181, "data_time": 0.0, "lr": 0.0001, "loss": -42.728}
{"message": "", "levelname": "INFO", "name": "Trainer", "asctime": "2026-04-16 11:27:11,912", "type": "train", "epoch": 16, "batch": 4719, "n_batches": 7774, "time": 2.291, "data_time": 0.001, "lr": 0.0001, "loss": -41.716}
{"message": "", "levelname": "INFO", "name": "Trainer", "asctime": "2026-04-16 11:27:40,599", "type": "train", "epoch": 16, "batch": 4799, "n_batches": 7774, "time": 2.412, "data_time": 0.001, "lr": 0.0001, "loss": -41.264}
{"message": "", "levelname": "INFO", "name": "Trainer", "asctime": "2026-04-16 11:28:08,719", "type": "train", "epoch": 16, "batch": 4879, "n_batches": 7774, "time": 3.136, "data_time": 0.001, "lr": 0.0001, "loss": -44.861}
{"message": "", "levelname": "INFO", "name": "Trainer", "asctime": "2026-04-16 11:28:40,892", "type": "train", "epoch": 16, "batch": 4959, "n_batches": 7774, "time": 2.95, "data_time": 0.0, "lr": 0.0001, "loss": -43.05}
{"message": "", "levelname": "INFO", "name": "Trainer", "asctime": "2026-04-16 11:29:12,468", "type": "train", "epoch": 16, "batch": 5039, "n_batches": 7774, "time": 3.258, "data_time": 0.0, "lr": 0.0001, "loss": -44.51}
{"message": "", "levelname": "INFO", "name": "Trainer", "asctime": "2026-04-16 11:29:45,151", "type": "train", "epoch": 16, "batch": 5119, "n_batches": 7774, "time": 2.796, "data_time": 0.001, "lr": 0.0001, "loss": -47.323}
{"message": "", "levelname": "INFO", "name": "Trainer", "asctime": "2026-04-16 11:30:15,672", "type": "train", "epoch": 16, "batch": 5199, "n_batches": 7774, "time": 3.225, "data_time": 0.001, "lr": 0.0001, "loss": -49.009}
{"message": "", "levelname": "INFO", "name": "Trainer", "asctime": "2026-04-16 11:30:40,256", "type": "train", "epoch": 16, "batch": 5279, "n_batches": 7774, "time": 3.035, "data_time": 0.0, "lr": 0.0001, "loss": -48.768}
{"message": "", "levelname": "INFO", "name": "Trainer", "asctime": "2026-04-16 11:31:11,444", "type": "train", "epoch": 16, "batch": 5359, "n_batches": 7774, "time": 3.594, "data_time": 0.001, "lr": 0.0001, "loss": -46.295}
{"message": "", "levelname": "INFO", "name": "Trainer", "asctime": "2026-04-16 11:31:41,637", "type": "train", "epoch": 16, "batch": 5439, "n_batches": 7774, "time": 3.866, "data_time": 0.001, "lr": 0.0001, "loss": -48.035}
{"message": "", "levelname": "INFO", "name": "Trainer", "asctime": "2026-04-16 11:32:09,379", "type": "train", "epoch": 16, "batch": 5519, "n_batches": 7774, "time": 2.724, "data_time": 0.001, "lr": 0.0001, "loss": -43.651}
{"message": "", "levelname": "INFO", "name": "Trainer", "asctime": "2026-04-16 11:32:40,393", "type": "train", "epoch": 16, "batch": 5599, "n_batches": 7774, "time": 3.572, "data_time": 0.001, "lr": 0.0001, "loss": -52.229}
{"message": "", "levelname": "INFO", "name": "Trainer", "asctime": "2026-04-16 11:33:11,677", "type": "train", "epoch": 16, "batch": 5679, "n_batches": 7774, "time": 3.322, "data_time": 0.0, "lr": 0.0001, "loss": -47.001}
{"message": "", "levelname": "INFO", "name": "Trainer", "asctime": "2026-04-16 11:33:43,608", "type": "train", "epoch": 16, "batch": 5759, "n_batches": 7774, "time": 3.459, "data_time": 0.0, "lr": 0.0001, "loss": -45.248}
{"message": "", "levelname": "INFO", "name": "Trainer", "asctime": "2026-04-16 11:34:12,197", "type": "train", "epoch": 16, "batch": 5839, "n_batches": 7774, "time": 1.996, "data_time": 0.001, "lr": 0.0001, "loss": -42.437}
{"message": "", "levelname": "INFO", "name": "Trainer", "asctime": "2026-04-16 11:34:41,539", "type": "train", "epoch": 16, "batch": 5919, "n_batches": 7774, "time": 2.252, "data_time": 0.001, "lr": 0.0001, "loss": -46.97}
{"message": "", "levelname": "INFO", "name": "Trainer", "asctime": "2026-04-16 11:35:11,271", "type": "train", "epoch": 16, "batch": 5999, "n_batches": 7774, "time": 2.557, "data_time": 0.001, "lr": 0.0001, "loss": -47.217}
{"message": "", "levelname": "INFO", "name": "Trainer", "asctime": "2026-04-16 11:35:43,424", "type": "train", "epoch": 16, "batch": 6079, "n_batches": 7774, "time": 2.676, "data_time": 0.0, "lr": 0.0001, "loss": -44.613}
{"message": "", "levelname": "INFO", "name": "Trainer", "asctime": "2026-04-16 11:36:12,234", "type": "train", "epoch": 16, "batch": 6159, "n_batches": 7774, "time": 2.916, "data_time": 0.001, "lr": 0.0001, "loss": -45.596}
{"message": "", "levelname": "INFO", "name": "Trainer", "asctime": "2026-04-16 11:36:43,741", "type": "train", "epoch": 16, "batch": 6239, "n_batches": 7774, "time": 3.882, "data_time": 0.001, "lr": 0.0001, "loss": -46.303}
{"message": "", "levelname": "INFO", "name": "Trainer", "asctime": "2026-04-16 11:37:08,978", "type": "train", "epoch": 16, "batch": 6319, "n_batches": 7774, "time": 2.484, "data_time": 0.001, "lr": 0.0001, "loss": -50.532}
{"message": "", "levelname": "INFO", "name": "Trainer", "asctime": "2026-04-16 11:37:40,716", "type": "train", "epoch": 16, "batch": 6399, "n_batches": 7774, "time": 3.403, "data_time": 0.001, "lr": 0.0001, "loss": -48.266}
{"message": "", "levelname": "INFO", "name": "Trainer", "asctime": "2026-04-16 11:38:10,082", "type": "train", "epoch": 16, "batch": 6479, "n_batches": 7774, "time": 2.868, "data_time": 0.001, "lr": 0.0001, "loss": -45.113}
{"message": "", "levelname": "INFO", "name": "Trainer", "asctime": "2026-04-16 11:38:38,010", "type": "train", "epoch": 16, "batch": 6559, "n_batches": 7774, "time": 2.652, "data_time": 0.001, "lr": 0.0001, "loss": -51.956}
{"message": "", "levelname": "INFO", "name": "Trainer", "asctime": "2026-04-16 11:39:07,331", "type": "train", "epoch": 16, "batch": 6639, "n_batches": 7774, "time": 3.708, "data_time": 0.001, "lr": 0.0001, "loss": -45.996}
{"message": "", "levelname": "INFO", "name": "Trainer", "asctime": "2026-04-16 11:39:39,619", "type": "train", "epoch": 16, "batch": 6719, "n_batches": 7774, "time": 3.469, "data_time": 0.001, "lr": 0.0001, "loss": -47.968}
{"message": "", "levelname": "INFO", "name": "Trainer", "asctime": "2026-04-16 11:40:07,518", "type": "train", "epoch": 16, "batch": 6799, "n_batches": 7774, "time": 2.658, "data_time": 0.001, "lr": 0.0001, "loss": -49.235}
{"message": "", "levelname": "INFO", "name": "Trainer", "asctime": "2026-04-16 11:40:34,452", "type": "train", "epoch": 16, "batch": 6879, "n_batches": 7774, "time": 2.846, "data_time": 0.001, "lr": 0.0001, "loss": -44.626}
{"message": "", "levelname": "INFO", "name": "Trainer", "asctime": "2026-04-16 11:41:07,962", "type": "train", "epoch": 16, "batch": 6959, "n_batches": 7774, "time": 2.976, "data_time": 0.001, "lr": 0.0001, "loss": -46.446}
{"message": "", "levelname": "INFO", "name": "Trainer", "asctime": "2026-04-16 11:41:41,028", "type": "train", "epoch": 16, "batch": 7039, "n_batches": 7774, "time": 3.142, "data_time": 0.0, "lr": 0.0001, "loss": -43.889}
{"message": "", "levelname": "INFO", "name": "Trainer", "asctime": "2026-04-16 11:42:12,543", "type": "train", "epoch": 16, "batch": 7119, "n_batches": 7774, "time": 4.853, "data_time": 0.001, "lr": 0.0001, "loss": -48.012}
{"message": "", "levelname": "INFO", "name": "Trainer", "asctime": "2026-04-16 11:42:45,276", "type": "train", "epoch": 16, "batch": 7199, "n_batches": 7774, "time": 3.081, "data_time": 0.003, "lr": 0.0001, "loss": -49.372}
{"message": "", "levelname": "INFO", "name": "Trainer", "asctime": "2026-04-16 11:43:15,835", "type": "train", "epoch": 16, "batch": 7279, "n_batches": 7774, "time": 2.513, "data_time": 0.001, "lr": 0.0001, "loss": -44.601}
{"message": "", "levelname": "INFO", "name": "Trainer", "asctime": "2026-04-16 11:43:51,030", "type": "train", "epoch": 16, "batch": 7359, "n_batches": 7774, "time": 4.193, "data_time": 0.001, "lr": 0.0001, "loss": -50.899}
{"message": "", "levelname": "INFO", "name": "Trainer", "asctime": "2026-04-16 11:44:23,192", "type": "train", "epoch": 16, "batch": 7439, "n_batches": 7774, "time": 3.48, "data_time": 0.001, "lr": 0.0001, "loss": -38.244}
{"message": "", "levelname": "INFO", "name": "Trainer", "asctime": "2026-04-16 11:44:53,492", "type": "train", "epoch": 16, "batch": 7519, "n_batches": 7774, "time": 3.006, "data_time": 0.001, "lr": 0.0001, "loss": -46.578}
{"message": "", "levelname": "INFO", "name": "Trainer", "asctime": "2026-04-16 11:45:18,244", "type": "train", "epoch": 16, "batch": 7599, "n_batches": 7774, "time": 3.702, "data_time": 0.001, "lr": 0.0001, "loss": -52.516}
{"message": "", "levelname": "INFO", "name": "Trainer", "asctime": "2026-04-16 11:45:50,670", "type": "train", "epoch": 16, "batch": 7679, "n_batches": 7774, "time": 2.48, "data_time": 0.001, "lr": 0.0001, "loss": -47.4}
{"message": "", "levelname": "INFO", "name": "Trainer", "asctime": "2026-04-16 11:46:24,086", "type": "train", "epoch": 16, "batch": 7759, "n_batches": 7774, "time": 3.854, "data_time": 0.001, "lr": 0.0001, "loss": -49.031}
{"message": "", "levelname": "INFO", "name": "Trainer", "asctime": "2026-04-16 11:46:30,268", "type": "train-epoch", "epoch": 17, "loss": -5.84097, "time": 2984.1}
{"message": "", "levelname": "INFO", "name": "Trainer", "asctime": "2026-04-16 11:53:36,839", "type": "val-epoch", "epoch": 17, "loss": 2.056, "test_loss": 2.148, "time": 426.6}
{"message": "", "levelname": "INFO", "name": "Trainer", "asctime": "2026-04-16 11:54:09,483", "type": "train", "epoch": 17, "batch": 79, "n_batches": 7774, "time": 2.689, "data_time": 0.001, "lr": 0.0001, "loss": -47.001}
{"message": "", "levelname": "INFO", "name": "Trainer", "asctime": "2026-04-16 11:54:39,382", "type": "train", "epoch": 17, "batch": 159, "n_batches": 7774, "time": 2.831, "data_time": 0.001, "lr": 0.0001, "loss": -47.945}
{"message": "", "levelname": "INFO", "name": "Trainer", "asctime": "2026-04-16 11:55:12,141", "type": "train", "epoch": 17, "batch": 239, "n_batches": 7774, "time": 2.091, "data_time": 0.001, "lr": 0.0001, "loss": -46.133}
{"message": "", "levelname": "INFO", "name": "Trainer", "asctime": "2026-04-16 11:55:39,096", "type": "train", "epoch": 17, "batch": 319, "n_batches": 7774, "time": 2.954, "data_time": 0.001, "lr": 0.0001, "loss": -43.947}
{"message": "", "levelname": "INFO", "name": "Trainer", "asctime": "2026-04-16 11:56:12,690", "type": "train", "epoch": 17, "batch": 399, "n_batches": 7774, "time": 3.428, "data_time": 0.001, "lr": 0.0001, "loss": -50.455}
{"message": "", "levelname": "INFO", "name": "Trainer", "asctime": "2026-04-16 11:56:43,411", "type": "train", "epoch": 17, "batch": 479, "n_batches": 7774, "time": 3.969, "data_time": 0.001, "lr": 0.0001, "loss": -49.63}
{"message": "", "levelname": "INFO", "name": "Trainer", "asctime": "2026-04-16 11:57:12,931", "type": "train", "epoch": 17, "batch": 559, "n_batches": 7774, "time": 3.208, "data_time": 0.001, "lr": 0.0001, "loss": -45.11}
{"message": "", "levelname": "INFO", "name": "Trainer", "asctime": "2026-04-16 11:57:46,494", "type": "train", "epoch": 17, "batch": 639, "n_batches": 7774, "time": 3.752, "data_time": 0.001, "lr": 0.0001, "loss": -48.119}
{"message": "", "levelname": "INFO", "name": "Trainer", "asctime": "2026-04-16 11:58:17,803", "type": "train", "epoch": 17, "batch": 719, "n_batches": 7774, "time": 2.984, "data_time": 0.001, "lr": 0.0001, "loss": -52.57}
{"message": "", "levelname": "INFO", "name": "Trainer", "asctime": "2026-04-16 11:58:48,841", "type": "train", "epoch": 17, "batch": 799, "n_batches": 7774, "time": 4.083, "data_time": 0.0, "lr": 0.0001, "loss": -46.256}
{"message": "", "levelname": "INFO", "name": "Trainer", "asctime": "2026-04-16 11:59:18,537", "type": "train", "epoch": 17, "batch": 879, "n_batches": 7774, "time": 2.522, "data_time": 0.001, "lr": 0.0001, "loss": -45.443}
{"message": "", "levelname": "INFO", "name": "Trainer", "asctime": "2026-04-16 11:59:55,178", "type": "train", "epoch": 17, "batch": 959, "n_batches": 7774, "time": 3.667, "data_time": 0.001, "lr": 0.0001, "loss": -46.003}
{"message": "", "levelname": "INFO", "name": "Trainer", "asctime": "2026-04-16 12:00:22,923", "type": "train", "epoch": 17, "batch": 1039, "n_batches": 7774, "time": 2.84, "data_time": 0.001, "lr": 0.0001, "loss": -49.226}
{"message": "", "levelname": "INFO", "name": "Trainer", "asctime": "2026-04-16 12:00:51,607", "type": "train", "epoch": 17, "batch": 1119, "n_batches": 7774, "time": 2.217, "data_time": 0.001, "lr": 0.0001, "loss": -52.618}
{"message": "", "levelname": "INFO", "name": "Trainer", "asctime": "2026-04-16 12:01:19,862", "type": "train", "epoch": 17, "batch": 1199, "n_batches": 7774, "time": 2.391, "data_time": 0.001, "lr": 0.0001, "loss": -48.014}
{"message": "", "levelname": "INFO", "name": "Trainer", "asctime": "2026-04-16 12:01:52,417", "type": "train", "epoch": 17, "batch": 1279, "n_batches": 7774, "time": 3.938, "data_time": 0.001, "lr": 0.0001, "loss": -50.814}
{"message": "", "levelname": "INFO", "name": "Trainer", "asctime": "2026-04-16 12:02:22,510", "type": "train", "epoch": 17, "batch": 1359, "n_batches": 7774, "time": 2.465, "data_time": 0.001, "lr": 0.0001, "loss": -45.402}
{"message": "", "levelname": "INFO", "name": "Trainer", "asctime": "2026-04-16 12:02:49,468", "type": "train", "epoch": 17, "batch": 1439, "n_batches": 7774, "time": 3.056, "data_time": 0.0, "lr": 0.0001, "loss": -46.135}
{"message": "", "levelname": "INFO", "name": "Trainer", "asctime": "2026-04-16 12:03:20,965", "type": "train", "epoch": 17, "batch": 1519, "n_batches": 7774, "time": 2.84, "data_time": 0.001, "lr": 0.0001, "loss": -45.086}
{"message": "", "levelname": "INFO", "name": "Trainer", "asctime": "2026-04-16 12:03:51,793", "type": "train", "epoch": 17, "batch": 1599, "n_batches": 7774, "time": 2.875, "data_time": 0.0, "lr": 0.0001, "loss": -43.693}
{"message": "", "levelname": "INFO", "name": "Trainer", "asctime": "2026-04-16 12:04:20,737", "type": "train", "epoch": 17, "batch": 1679, "n_batches": 7774, "time": 3.334, "data_time": 0.001, "lr": 0.0001, "loss": -48.743}
{"message": "", "levelname": "INFO", "name": "Trainer", "asctime": "2026-04-16 12:04:48,338", "type": "train", "epoch": 17, "batch": 1759, "n_batches": 7774, "time": 2.668, "data_time": 0.001, "lr": 0.0001, "loss": -45.371}
{"message": "", "levelname": "INFO", "name": "Trainer", "asctime": "2026-04-16 12:05:14,927", "type": "train", "epoch": 17, "batch": 1839, "n_batches": 7774, "time": 3.197, "data_time": 0.0, "lr": 0.0001, "loss": -47.074}
{"message": "", "levelname": "INFO", "name": "Trainer", "asctime": "2026-04-16 12:05:44,386", "type": "train", "epoch": 17, "batch": 1919, "n_batches": 7774, "time": 2.909, "data_time": 0.001, "lr": 0.0001, "loss": -48.693}
{"message": "", "levelname": "INFO", "name": "Trainer", "asctime": "2026-04-16 12:06:17,580", "type": "train", "epoch": 17, "batch": 1999, "n_batches": 7774, "time": 3.752, "data_time": 0.001, "lr": 0.0001, "loss": -47.565}
{"message": "", "levelname": "INFO", "name": "Trainer", "asctime": "2026-04-16 12:06:48,437", "type": "train", "epoch": 17, "batch": 2079, "n_batches": 7774, "time": 2.98, "data_time": 0.001, "lr": 0.0001, "loss": -50.985}
{"message": "", "levelname": "INFO", "name": "Trainer", "asctime": "2026-04-16 12:07:21,216", "type": "train", "epoch": 17, "batch": 2159, "n_batches": 7774, "time": 3.254, "data_time": 0.001, "lr": 0.0001, "loss": -51.293}
{"message": "", "levelname": "INFO", "name": "Trainer", "asctime": "2026-04-16 12:07:56,143", "type": "train", "epoch": 17, "batch": 2239, "n_batches": 7774, "time": 3.705, "data_time": 0.0, "lr": 0.0001, "loss": -50.846}
{"message": "", "levelname": "INFO", "name": "Trainer", "asctime": "2026-04-16 12:08:28,148", "type": "train", "epoch": 17, "batch": 2319, "n_batches": 7774, "time": 2.708, "data_time": 0.001, "lr": 0.0001, "loss": -45.166}
{"message": "", "levelname": "INFO", "name": "Trainer", "asctime": "2026-04-16 12:08:56,262", "type": "train", "epoch": 17, "batch": 2399, "n_batches": 7774, "time": 2.499, "data_time": 0.001, "lr": 0.0001, "loss": -49.528}
{"message": "", "levelname": "INFO", "name": "Trainer", "asctime": "2026-04-16 12:09:22,873", "type": "train", "epoch": 17, "batch": 2479, "n_batches": 7774, "time": 1.748, "data_time": 0.001, "lr": 0.0001, "loss": -44.912}
{"message": "", "levelname": "INFO", "name": "Trainer", "asctime": "2026-04-16 12:09:52,378", "type": "train", "epoch": 17, "batch": 2559, "n_batches": 7774, "time": 3.279, "data_time": 0.001, "lr": 0.0001, "loss": -46.312}
{"message": "", "levelname": "INFO", "name": "Trainer", "asctime": "2026-04-16 12:10:18,376", "type": "train", "epoch": 17, "batch": 2639, "n_batches": 7774, "time": 2.117, "data_time": 0.001, "lr": 0.0001, "loss": -43.383}
{"message": "", "levelname": "INFO", "name": "Trainer", "asctime": "2026-04-16 12:10:51,118", "type": "train", "epoch": 17, "batch": 2719, "n_batches": 7774, "time": 3.598, "data_time": 0.001, "lr": 0.0001, "loss": -45.343}
{"message": "", "levelname": "INFO", "name": "Trainer", "asctime": "2026-04-16 12:11:20,191", "type": "train", "epoch": 17, "batch": 2799, "n_batches": 7774, "time": 2.984, "data_time": 0.001, "lr": 0.0001, "loss": -51.867}
{"message": "", "levelname": "INFO", "name": "Trainer", "asctime": "2026-04-16 12:11:48,681", "type": "train", "epoch": 17, "batch": 2879, "n_batches": 7774, "time": 2.947, "data_time": 0.001, "lr": 0.0001, "loss": -49.501}
{"message": "", "levelname": "INFO", "name": "Trainer", "asctime": "2026-04-16 12:12:16,468", "type": "train", "epoch": 17, "batch": 2959, "n_batches": 7774, "time": 3.18, "data_time": 0.001, "lr": 0.0001, "loss": -45.975}
{"message": "", "levelname": "INFO", "name": "Trainer", "asctime": "2026-04-16 12:12:47,685", "type": "train", "epoch": 17, "batch": 3039, "n_batches": 7774, "time": 2.952, "data_time": 0.001, "lr": 0.0001, "loss": -47.417}
{"message": "", "levelname": "INFO", "name": "Trainer", "asctime": "2026-04-16 12:13:17,270", "type": "train", "epoch": 17, "batch": 3119, "n_batches": 7774, "time": 2.766, "data_time": 0.001, "lr": 0.0001, "loss": -48.883}
{"message": "", "levelname": "INFO", "name": "Trainer", "asctime": "2026-04-16 12:13:48,849", "type": "train", "epoch": 17, "batch": 3199, "n_batches": 7774, "time": 3.225, "data_time": 0.001, "lr": 0.0001, "loss": -46.39}
{"message": "", "levelname": "INFO", "name": "Trainer", "asctime": "2026-04-16 12:14:20,088", "type": "train", "epoch": 17, "batch": 3279, "n_batches": 7774, "time": 4.63, "data_time": 0.001, "lr": 0.0001, "loss": -46.632}
{"message": "", "levelname": "INFO", "name": "Trainer", "asctime": "2026-04-16 12:14:50,148", "type": "train", "epoch": 17, "batch": 3359, "n_batches": 7774, "time": 3.721, "data_time": 0.002, "lr": 0.0001, "loss": -49.22}
{"message": "", "levelname": "INFO", "name": "Trainer", "asctime": "2026-04-16 12:15:18,956", "type": "train", "epoch": 17, "batch": 3439, "n_batches": 7774, "time": 3.106, "data_time": 0.001, "lr": 0.0001, "loss": -46.532}
{"message": "", "levelname": "INFO", "name": "Trainer", "asctime": "2026-04-16 12:15:42,096", "type": "train", "epoch": 17, "batch": 3519, "n_batches": 7774, "time": 1.167, "data_time": 0.001, "lr": 0.0001, "loss": -45.38}
{"message": "", "levelname": "INFO", "name": "Trainer", "asctime": "2026-04-16 12:15:53,256", "type": "train", "epoch": 17, "batch": 3599, "n_batches": 7774, "time": 1.171, "data_time": 0.001, "lr": 0.0001, "loss": -41.612}
{"message": "", "levelname": "INFO", "name": "Trainer", "asctime": "2026-04-16 12:16:04,038", "type": "train", "epoch": 17, "batch": 3679, "n_batches": 7774, "time": 1.312, "data_time": 0.001, "lr": 0.0001, "loss": -46.707}
{"message": "", "levelname": "INFO", "name": "Trainer", "asctime": "2026-04-16 12:16:15,653", "type": "train", "epoch": 17, "batch": 3759, "n_batches": 7774, "time": 1.092, "data_time": 0.001, "lr": 0.0001, "loss": -52.413}
{"message": "", "levelname": "INFO", "name": "Trainer", "asctime": "2026-04-16 12:16:25,895", "type": "train", "epoch": 17, "batch": 3839, "n_batches": 7774, "time": 0.977, "data_time": 0.001, "lr": 0.0001, "loss": -50.611}
{"message": "", "levelname": "INFO", "name": "Trainer", "asctime": "2026-04-16 12:16:36,748", "type": "train", "epoch": 17, "batch": 3919, "n_batches": 7774, "time": 1.239, "data_time": 0.0, "lr": 0.0001, "loss": -48.285}
{"message": "", "levelname": "INFO", "name": "Trainer", "asctime": "2026-04-16 12:16:48,072", "type": "train", "epoch": 17, "batch": 3999, "n_batches": 7774, "time": 1.116, "data_time": 0.0, "lr": 0.0001, "loss": -48.603}
{"message": "", "levelname": "INFO", "name": "Trainer", "asctime": "2026-04-16 12:16:59,457", "type": "train", "epoch": 17, "batch": 4079, "n_batches": 7774, "time": 1.146, "data_time": 0.001, "lr": 0.0001, "loss": -44.299}
{"message": "", "levelname": "INFO", "name": "Trainer", "asctime": "2026-04-16 12:17:09,913", "type": "train", "epoch": 17, "batch": 4159, "n_batches": 7774, "time": 0.816, "data_time": 0.001, "lr": 0.0001, "loss": -47.919}
{"message": "", "levelname": "INFO", "name": "Trainer", "asctime": "2026-04-16 12:17:20,625", "type": "train", "epoch": 17, "batch": 4239, "n_batches": 7774, "time": 1.042, "data_time": 0.001, "lr": 0.0001, "loss": -48.142}
{"message": "", "levelname": "INFO", "name": "Trainer", "asctime": "2026-04-16 12:17:30,416", "type": "train", "epoch": 17, "batch": 4319, "n_batches": 7774, "time": 0.916, "data_time": 0.0, "lr": 0.0001, "loss": -51.175}
{"message": "", "levelname": "INFO", "name": "Trainer", "asctime": "2026-04-16 12:17:40,751", "type": "train", "epoch": 17, "batch": 4399, "n_batches": 7774, "time": 1.083, "data_time": 0.001, "lr": 0.0001, "loss": -49.148}
{"message": "", "levelname": "INFO", "name": "Trainer", "asctime": "2026-04-16 12:17:50,670", "type": "train", "epoch": 17, "batch": 4479, "n_batches": 7774, "time": 0.674, "data_time": 0.001, "lr": 0.0001, "loss": -50.659}
{"message": "", "levelname": "INFO", "name": "Trainer", "asctime": "2026-04-16 12:18:00,826", "type": "train", "epoch": 17, "batch": 4559, "n_batches": 7774, "time": 0.916, "data_time": 0.0, "lr": 0.0001, "loss": -44.901}
{"message": "", "levelname": "INFO", "name": "Trainer", "asctime": "2026-04-16 12:18:11,749", "type": "train", "epoch": 17, "batch": 4639, "n_batches": 7774, "time": 1.058, "data_time": 0.0, "lr": 0.0001, "loss": -46.755}
{"message": "", "levelname": "INFO", "name": "Trainer", "asctime": "2026-04-16 12:18:22,131", "type": "train", "epoch": 17, "batch": 4719, "n_batches": 7774, "time": 1.035, "data_time": 0.001, "lr": 0.0001, "loss": -46.364}
{"message": "", "levelname": "INFO", "name": "Trainer", "asctime": "2026-04-16 12:18:32,457", "type": "train", "epoch": 17, "batch": 4799, "n_batches": 7774, "time": 1.041, "data_time": 0.0, "lr": 0.0001, "loss": -44.18}
{"message": "", "levelname": "INFO", "name": "Trainer", "asctime": "2026-04-16 12:18:43,497", "type": "train", "epoch": 17, "batch": 4879, "n_batches": 7774, "time": 1.393, "data_time": 0.001, "lr": 0.0001, "loss": -50.132}
{"message": "", "levelname": "INFO", "name": "Trainer", "asctime": "2026-04-16 12:18:54,629", "type": "train", "epoch": 17, "batch": 4959, "n_batches": 7774, "time": 1.551, "data_time": 0.001, "lr": 0.0001, "loss": -42.484}
{"message": "", "levelname": "INFO", "name": "Trainer", "asctime": "2026-04-16 12:19:06,040", "type": "train", "epoch": 17, "batch": 5039, "n_batches": 7774, "time": 1.056, "data_time": 0.001, "lr": 0.0001, "loss": -49.726}
{"message": "", "levelname": "INFO", "name": "Trainer", "asctime": "2026-04-16 12:19:16,691", "type": "train", "epoch": 17, "batch": 5119, "n_batches": 7774, "time": 1.018, "data_time": 0.0, "lr": 0.0001, "loss": -51.018}
{"message": "", "levelname": "INFO", "name": "Trainer", "asctime": "2026-04-16 12:19:26,991", "type": "train", "epoch": 17, "batch": 5199, "n_batches": 7774, "time": 1.089, "data_time": 0.001, "lr": 0.0001, "loss": -50.722}
{"message": "", "levelname": "INFO", "name": "Trainer", "asctime": "2026-04-16 12:19:38,352", "type": "train", "epoch": 17, "batch": 5279, "n_batches": 7774, "time": 0.982, "data_time": 0.0, "lr": 0.0001, "loss": -45.338}
{"message": "", "levelname": "INFO", "name": "Trainer", "asctime": "2026-04-16 12:19:48,818", "type": "train", "epoch": 17, "batch": 5359, "n_batches": 7774, "time": 1.23, "data_time": 0.001, "lr": 0.0001, "loss": -52.16}
{"message": "", "levelname": "INFO", "name": "Trainer", "asctime": "2026-04-16 12:19:59,876", "type": "train", "epoch": 17, "batch": 5439, "n_batches": 7774, "time": 0.996, "data_time": 0.0, "lr": 0.0001, "loss": -45.537}
{"message": "", "levelname": "INFO", "name": "Trainer", "asctime": "2026-04-16 12:20:10,492", "type": "train", "epoch": 17, "batch": 5519, "n_batches": 7774, "time": 1.116, "data_time": 0.001, "lr": 0.0001, "loss": -43.848}
{"message": "", "levelname": "INFO", "name": "Trainer", "asctime": "2026-04-16 12:20:20,863", "type": "train", "epoch": 17, "batch": 5599, "n_batches": 7774, "time": 0.865, "data_time": 0.001, "lr": 0.0001, "loss": -50.101}
{"message": "", "levelname": "INFO", "name": "Trainer", "asctime": "2026-04-16 12:20:32,270", "type": "train", "epoch": 17, "batch": 5679, "n_batches": 7774, "time": 0.888, "data_time": 0.001, "lr": 0.0001, "loss": -45.067}
{"message": "", "levelname": "INFO", "name": "Trainer", "asctime": "2026-04-16 12:20:43,161", "type": "train", "epoch": 17, "batch": 5759, "n_batches": 7774, "time": 0.928, "data_time": 0.0, "lr": 0.0001, "loss": -46.056}
{"message": "", "levelname": "INFO", "name": "Trainer", "asctime": "2026-04-16 12:20:54,387", "type": "train", "epoch": 17, "batch": 5839, "n_batches": 7774, "time": 1.009, "data_time": 0.001, "lr": 0.0001, "loss": -48.484}
{"message": "", "levelname": "INFO", "name": "Trainer", "asctime": "2026-04-16 12:21:05,277", "type": "train", "epoch": 17, "batch": 5919, "n_batches": 7774, "time": 1.098, "data_time": 0.001, "lr": 0.0001, "loss": -45.034}
{"message": "", "levelname": "INFO", "name": "Trainer", "asctime": "2026-04-16 12:21:15,971", "type": "train", "epoch": 17, "batch": 5999, "n_batches": 7774, "time": 1.199, "data_time": 0.001, "lr": 0.0001, "loss": -48.889}
{"message": "", "levelname": "INFO", "name": "Trainer", "asctime": "2026-04-16 12:21:25,103", "type": "train", "epoch": 17, "batch": 6079, "n_batches": 7774, "time": 1.013, "data_time": 0.001, "lr": 0.0001, "loss": -50.189}
{"message": "", "levelname": "INFO", "name": "Trainer", "asctime": "2026-04-16 12:21:35,833", "type": "train", "epoch": 17, "batch": 6159, "n_batches": 7774, "time": 0.886, "data_time": 0.001, "lr": 0.0001, "loss": -40.985}
{"message": "", "levelname": "INFO", "name": "Trainer", "asctime": "2026-04-16 12:21:47,047", "type": "train", "epoch": 17, "batch": 6239, "n_batches": 7774, "time": 0.937, "data_time": 0.001, "lr": 0.0001, "loss": -46.754}
{"message": "", "levelname": "INFO", "name": "Trainer", "asctime": "2026-04-16 12:21:57,767", "type": "train", "epoch": 17, "batch": 6319, "n_batches": 7774, "time": 1.173, "data_time": 0.001, "lr": 0.0001, "loss": -47.485}
{"message": "", "levelname": "INFO", "name": "Trainer", "asctime": "2026-04-16 12:22:08,657", "type": "train", "epoch": 17, "batch": 6399, "n_batches": 7774, "time": 1.125, "data_time": 0.0, "lr": 0.0001, "loss": -43.272}
{"message": "", "levelname": "INFO", "name": "Trainer", "asctime": "2026-04-16 12:22:18,972", "type": "train", "epoch": 17, "batch": 6479, "n_batches": 7774, "time": 0.826, "data_time": 0.0, "lr": 0.0001, "loss": -48.669}
{"message": "", "levelname": "INFO", "name": "Trainer", "asctime": "2026-04-16 12:22:30,082", "type": "train", "epoch": 17, "batch": 6559, "n_batches": 7774, "time": 0.769, "data_time": 0.0, "lr": 0.0001, "loss": -46.047}
{"message": "", "levelname": "INFO", "name": "Trainer", "asctime": "2026-04-16 12:22:39,773", "type": "train", "epoch": 17, "batch": 6639, "n_batches": 7774, "time": 0.91, "data_time": 0.0, "lr": 0.0001, "loss": -34.694}
{"message": "", "levelname": "INFO", "name": "Trainer", "asctime": "2026-04-16 12:22:50,725", "type": "train", "epoch": 17, "batch": 6719, "n_batches": 7774, "time": 1.259, "data_time": 0.001, "lr": 0.0001, "loss": -43.759}
{"message": "", "levelname": "INFO", "name": "Trainer", "asctime": "2026-04-16 12:23:01,501", "type": "train", "epoch": 17, "batch": 6799, "n_batches": 7774, "time": 1.061, "data_time": 0.001, "lr": 0.0001, "loss": -49.044}
{"message": "", "levelname": "INFO", "name": "Trainer", "asctime": "2026-04-16 12:23:12,843", "type": "train", "epoch": 17, "batch": 6879, "n_batches": 7774, "time": 1.126, "data_time": 0.001, "lr": 0.0001, "loss": -51.233}
{"message": "", "levelname": "INFO", "name": "Trainer", "asctime": "2026-04-16 12:23:23,486", "type": "train", "epoch": 17, "batch": 6959, "n_batches": 7774, "time": 0.9, "data_time": 0.001, "lr": 0.0001, "loss": -46.458}
{"message": "", "levelname": "INFO", "name": "Trainer", "asctime": "2026-04-16 12:23:34,558", "type": "train", "epoch": 17, "batch": 7039, "n_batches": 7774, "time": 1.082, "data_time": 0.0, "lr": 0.0001, "loss": -45.978}
{"message": "", "levelname": "INFO", "name": "Trainer", "asctime": "2026-04-16 12:23:44,793", "type": "train", "epoch": 17, "batch": 7119, "n_batches": 7774, "time": 1.102, "data_time": 0.001, "lr": 0.0001, "loss": -49.873}
{"message": "", "levelname": "INFO", "name": "Trainer", "asctime": "2026-04-16 12:23:56,161", "type": "train", "epoch": 17, "batch": 7199, "n_batches": 7774, "time": 1.06, "data_time": 0.0, "lr": 0.0001, "loss": -47.217}
{"message": "", "levelname": "INFO", "name": "Trainer", "asctime": "2026-04-16 12:24:06,033", "type": "train", "epoch": 17, "batch": 7279, "n_batches": 7774, "time": 0.874, "data_time": 0.0, "lr": 0.0001, "loss": -51.355}
{"message": "", "levelname": "INFO", "name": "Trainer", "asctime": "2026-04-16 12:24:15,959", "type": "train", "epoch": 17, "batch": 7359, "n_batches": 7774, "time": 1.013, "data_time": 0.001, "lr": 0.0001, "loss": -51.262}
{"message": "", "levelname": "INFO", "name": "Trainer", "asctime": "2026-04-16 12:24:27,167", "type": "train", "epoch": 17, "batch": 7439, "n_batches": 7774, "time": 0.946, "data_time": 0.0, "lr": 0.0001, "loss": -42.834}
{"message": "", "levelname": "INFO", "name": "Trainer", "asctime": "2026-04-16 12:24:37,445", "type": "train", "epoch": 17, "batch": 7519, "n_batches": 7774, "time": 1.324, "data_time": 0.001, "lr": 0.0001, "loss": -49.041}
{"message": "", "levelname": "INFO", "name": "Trainer", "asctime": "2026-04-16 12:24:48,853", "type": "train", "epoch": 17, "batch": 7599, "n_batches": 7774, "time": 0.966, "data_time": 0.001, "lr": 0.0001, "loss": -42.861}
{"message": "", "levelname": "INFO", "name": "Trainer", "asctime": "2026-04-16 12:25:00,010", "type": "train", "epoch": 17, "batch": 7679, "n_batches": 7774, "time": 1.096, "data_time": 0.001, "lr": 0.0001, "loss": -48.81}
{"message": "", "levelname": "INFO", "name": "Trainer", "asctime": "2026-04-16 12:25:10,065", "type": "train", "epoch": 17, "batch": 7759, "n_batches": 7774, "time": 0.797, "data_time": 0.0, "lr": 0.0001, "loss": -49.132}
{"message": "", "levelname": "INFO", "name": "Trainer", "asctime": "2026-04-16 12:25:11,945", "type": "train-epoch", "epoch": 18, "loss": -5.90952, "time": 1895.1}
{"message": "", "levelname": "INFO", "name": "Trainer", "asctime": "2026-04-16 12:27:11,088", "type": "val-epoch", "epoch": 18, "loss": 2.133, "test_loss": 2.2, "time": 119.1}
{"message": "", "levelname": "INFO", "name": "Trainer", "asctime": "2026-04-16 12:27:22,533", "type": "train", "epoch": 18, "batch": 79, "n_batches": 7774, "time": 1.063, "data_time": 0.001, "lr": 0.0001, "loss": -43.448}
{"message": "", "levelname": "INFO", "name": "Trainer", "asctime": "2026-04-16 12:27:32,352", "type": "train", "epoch": 18, "batch": 159, "n_batches": 7774, "time": 0.783, "data_time": 0.0, "lr": 0.0001, "loss": -46.892}
{"message": "", "levelname": "INFO", "name": "Trainer", "asctime": "2026-04-16 12:27:43,662", "type": "train", "epoch": 18, "batch": 239, "n_batches": 7774, "time": 1.21, "data_time": 0.0, "lr": 0.0001, "loss": -49.224}
{"message": "", "levelname": "INFO", "name": "Trainer", "asctime": "2026-04-16 12:27:54,109", "type": "train", "epoch": 18, "batch": 319, "n_batches": 7774, "time": 0.824, "data_time": 0.001, "lr": 0.0001, "loss": -51.378}
{"message": "", "levelname": "INFO", "name": "Trainer", "asctime": "2026-04-16 12:28:05,071", "type": "train", "epoch": 18, "batch": 399, "n_batches": 7774, "time": 1.215, "data_time": 0.001, "lr": 0.0001, "loss": -50.292}
{"message": "", "levelname": "INFO", "name": "Trainer", "asctime": "2026-04-16 12:28:16,755", "type": "train", "epoch": 18, "batch": 479, "n_batches": 7774, "time": 1.381, "data_time": 0.001, "lr": 0.0001, "loss": -46.052}
{"message": "", "levelname": "INFO", "name": "Trainer", "asctime": "2026-04-16 12:28:27,879", "type": "train", "epoch": 18, "batch": 559, "n_batches": 7774, "time": 1.034, "data_time": 0.001, "lr": 0.0001, "loss": -51.434}
{"message": "", "levelname": "INFO", "name": "Trainer", "asctime": "2026-04-16 12:28:37,477", "type": "train", "epoch": 18, "batch": 639, "n_batches": 7774, "time": 0.891, "data_time": 0.001, "lr": 0.0001, "loss": -50.107}
{"message": "", "levelname": "INFO", "name": "Trainer", "asctime": "2026-04-16 12:28:48,334", "type": "train", "epoch": 18, "batch": 719, "n_batches": 7774, "time": 1.019, "data_time": 0.001, "lr": 0.0001, "loss": -41.932}
{"message": "", "levelname": "INFO", "name": "Trainer", "asctime": "2026-04-16 12:28:58,576", "type": "train", "epoch": 18, "batch": 799, "n_batches": 7774, "time": 1.17, "data_time": 0.0, "lr": 0.0001, "loss": -48.99}
{"message": "", "levelname": "INFO", "name": "Trainer", "asctime": "2026-04-16 12:29:08,674", "type": "train", "epoch": 18, "batch": 879, "n_batches": 7774, "time": 1.06, "data_time": 0.0, "lr": 0.0001, "loss": -48.562}
{"message": "", "levelname": "INFO", "name": "Trainer", "asctime": "2026-04-16 12:29:19,553", "type": "train", "epoch": 18, "batch": 959, "n_batches": 7774, "time": 0.726, "data_time": 0.0, "lr": 0.0001, "loss": -45.473}
{"message": "", "levelname": "INFO", "name": "Trainer", "asctime": "2026-04-16 12:29:31,274", "type": "train", "epoch": 18, "batch": 1039, "n_batches": 7774, "time": 1.393, "data_time": 0.001, "lr": 0.0001, "loss": -47.076}
{"message": "", "levelname": "INFO", "name": "Trainer", "asctime": "2026-04-16 12:29:42,346", "type": "train", "epoch": 18, "batch": 1119, "n_batches": 7774, "time": 1.245, "data_time": 0.0, "lr": 0.0001, "loss": -49.141}
{"message": "", "levelname": "INFO", "name": "Trainer", "asctime": "2026-04-16 12:29:52,924", "type": "train", "epoch": 18, "batch": 1199, "n_batches": 7774, "time": 0.87, "data_time": 0.0, "lr": 0.0001, "loss": -46.033}
{"message": "", "levelname": "INFO", "name": "Trainer", "asctime": "2026-04-16 12:30:03,896", "type": "train", "epoch": 18, "batch": 1279, "n_batches": 7774, "time": 1.247, "data_time": 0.0, "lr": 0.0001, "loss": -46.911}
{"message": "", "levelname": "INFO", "name": "Trainer", "asctime": "2026-04-16 12:30:14,452", "type": "train", "epoch": 18, "batch": 1359, "n_batches": 7774, "time": 0.836, "data_time": 0.001, "lr": 0.0001, "loss": -42.004}
{"message": "", "levelname": "INFO", "name": "Trainer", "asctime": "2026-04-16 12:30:24,590", "type": "train", "epoch": 18, "batch": 1439, "n_batches": 7774, "time": 1.026, "data_time": 0.001, "lr": 0.0001, "loss": -45.814}
{"message": "", "levelname": "INFO", "name": "Trainer", "asctime": "2026-04-16 12:30:35,540", "type": "train", "epoch": 18, "batch": 1519, "n_batches": 7774, "time": 1.211, "data_time": 0.0, "lr": 0.0001, "loss": -43.656}
{"message": "", "levelname": "INFO", "name": "Trainer", "asctime": "2026-04-16 12:30:45,598", "type": "train", "epoch": 18, "batch": 1599, "n_batches": 7774, "time": 1.142, "data_time": 0.001, "lr": 0.0001, "loss": -48.311}
{"message": "", "levelname": "INFO", "name": "Trainer", "asctime": "2026-04-16 12:30:56,155", "type": "train", "epoch": 18, "batch": 1679, "n_batches": 7774, "time": 0.742, "data_time": 0.0, "lr": 0.0001, "loss": -46.593}
{"message": "", "levelname": "INFO", "name": "Trainer", "asctime": "2026-04-16 12:31:06,840", "type": "train", "epoch": 18, "batch": 1759, "n_batches": 7774, "time": 1.125, "data_time": 0.0, "lr": 0.0001, "loss": -52.454}
{"message": "", "levelname": "INFO", "name": "Trainer", "asctime": "2026-04-16 12:31:16,867", "type": "train", "epoch": 18, "batch": 1839, "n_batches": 7774, "time": 1.229, "data_time": 0.0, "lr": 0.0001, "loss": -50.027}
{"message": "", "levelname": "INFO", "name": "Trainer", "asctime": "2026-04-16 12:31:27,144", "type": "train", "epoch": 18, "batch": 1919, "n_batches": 7774, "time": 0.948, "data_time": 0.001, "lr": 0.0001, "loss": -51.706}
{"message": "", "levelname": "INFO", "name": "Trainer", "asctime": "2026-04-16 12:31:37,939", "type": "train", "epoch": 18, "batch": 1999, "n_batches": 7774, "time": 1.0, "data_time": 0.001, "lr": 0.0001, "loss": -48.133}
{"message": "", "levelname": "INFO", "name": "Trainer", "asctime": "2026-04-16 12:31:48,747", "type": "train", "epoch": 18, "batch": 2079, "n_batches": 7774, "time": 1.318, "data_time": 0.001, "lr": 0.0001, "loss": -48.525}
{"message": "", "levelname": "INFO", "name": "Trainer", "asctime": "2026-04-16 12:31:59,123", "type": "train", "epoch": 18, "batch": 2159, "n_batches": 7774, "time": 1.23, "data_time": 0.0, "lr": 0.0001, "loss": -51.262}
{"message": "", "levelname": "INFO", "name": "Trainer", "asctime": "2026-04-16 12:32:09,847", "type": "train", "epoch": 18, "batch": 2239, "n_batches": 7774, "time": 0.995, "data_time": 0.001, "lr": 0.0001, "loss": -45.624}
{"message": "", "levelname": "INFO", "name": "Trainer", "asctime": "2026-04-16 12:32:20,619", "type": "train", "epoch": 18, "batch": 2319, "n_batches": 7774, "time": 1.22, "data_time": 0.0, "lr": 0.0001, "loss": -42.356}
{"message": "", "levelname": "INFO", "name": "Trainer", "asctime": "2026-04-16 12:32:31,645", "type": "train", "epoch": 18, "batch": 2399, "n_batches": 7774, "time": 0.879, "data_time": 0.001, "lr": 0.0001, "loss": -50.339}
{"message": "", "levelname": "INFO", "name": "Trainer", "asctime": "2026-04-16 12:32:43,314", "type": "train", "epoch": 18, "batch": 2479, "n_batches": 7774, "time": 1.415, "data_time": 0.001, "lr": 0.0001, "loss": -45.163}
{"message": "", "levelname": "INFO", "name": "Trainer", "asctime": "2026-04-16 12:32:54,436", "type": "train", "epoch": 18, "batch": 2559, "n_batches": 7774, "time": 1.109, "data_time": 0.001, "lr": 0.0001, "loss": -47.207}
{"message": "", "levelname": "INFO", "name": "Trainer", "asctime": "2026-04-16 12:33:05,780", "type": "train", "epoch": 18, "batch": 2639, "n_batches": 7774, "time": 0.913, "data_time": 0.0, "lr": 0.0001, "loss": -43.916}
{"message": "", "levelname": "INFO", "name": "Trainer", "asctime": "2026-04-16 12:33:15,470", "type": "train", "epoch": 18, "batch": 2719, "n_batches": 7774, "time": 1.009, "data_time": 0.0, "lr": 0.0001, "loss": -47.21}
{"message": "", "levelname": "INFO", "name": "Trainer", "asctime": "2026-04-16 12:33:26,836", "type": "train", "epoch": 18, "batch": 2799, "n_batches": 7774, "time": 1.557, "data_time": 0.0, "lr": 0.0001, "loss": -51.235}
{"message": "", "levelname": "INFO", "name": "Trainer", "asctime": "2026-04-16 12:33:36,700", "type": "train", "epoch": 18, "batch": 2879, "n_batches": 7774, "time": 1.061, "data_time": 0.001, "lr": 0.0001, "loss": -49.667}
{"message": "", "levelname": "INFO", "name": "Trainer", "asctime": "2026-04-16 12:33:47,817", "type": "train", "epoch": 18, "batch": 2959, "n_batches": 7774, "time": 1.015, "data_time": 0.001, "lr": 0.0001, "loss": -50.408}
{"message": "", "levelname": "INFO", "name": "Trainer", "asctime": "2026-04-16 12:33:59,115", "type": "train", "epoch": 18, "batch": 3039, "n_batches": 7774, "time": 1.369, "data_time": 0.0, "lr": 0.0001, "loss": -44.868}
{"message": "", "levelname": "INFO", "name": "Trainer", "asctime": "2026-04-16 12:34:10,255", "type": "train", "epoch": 18, "batch": 3119, "n_batches": 7774, "time": 1.408, "data_time": 0.001, "lr": 0.0001, "loss": -50.602}
{"message": "", "levelname": "INFO", "name": "Trainer", "asctime": "2026-04-16 12:34:20,718", "type": "train", "epoch": 18, "batch": 3199, "n_batches": 7774, "time": 1.04, "data_time": 0.001, "lr": 0.0001, "loss": -47.0}
{"message": "", "levelname": "INFO", "name": "Trainer", "asctime": "2026-04-16 12:34:30,811", "type": "train", "epoch": 18, "batch": 3279, "n_batches": 7774, "time": 0.891, "data_time": 0.0, "lr": 0.0001, "loss": -48.866}
{"message": "", "levelname": "INFO", "name": "Trainer", "asctime": "2026-04-16 12:34:41,019", "type": "train", "epoch": 18, "batch": 3359, "n_batches": 7774, "time": 1.076, "data_time": 0.001, "lr": 0.0001, "loss": -50.554}
{"message": "", "levelname": "INFO", "name": "Trainer", "asctime": "2026-04-16 12:34:51,146", "type": "train", "epoch": 18, "batch": 3439, "n_batches": 7774, "time": 0.994, "data_time": 0.0, "lr": 0.0001, "loss": -47.465}
{"message": "", "levelname": "INFO", "name": "Trainer", "asctime": "2026-04-16 12:35:01,905", "type": "train", "epoch": 18, "batch": 3519, "n_batches": 7774, "time": 1.118, "data_time": 0.001, "lr": 0.0001, "loss": -50.419}
{"message": "", "levelname": "INFO", "name": "Trainer", "asctime": "2026-04-16 12:35:12,398", "type": "train", "epoch": 18, "batch": 3599, "n_batches": 7774, "time": 0.987, "data_time": 0.001, "lr": 0.0001, "loss": -43.412}
{"message": "", "levelname": "INFO", "name": "Trainer", "asctime": "2026-04-16 12:35:21,871", "type": "train", "epoch": 18, "batch": 3679, "n_batches": 7774, "time": 1.049, "data_time": 0.001, "lr": 0.0001, "loss": -47.782}
{"message": "", "levelname": "INFO", "name": "Trainer", "asctime": "2026-04-16 12:35:31,552", "type": "train", "epoch": 18, "batch": 3759, "n_batches": 7774, "time": 0.974, "data_time": 0.0, "lr": 0.0001, "loss": -43.959}
{"message": "", "levelname": "INFO", "name": "Trainer", "asctime": "2026-04-16 12:35:42,337", "type": "train", "epoch": 18, "batch": 3839, "n_batches": 7774, "time": 1.062, "data_time": 0.001, "lr": 0.0001, "loss": -53.346}
{"message": "", "levelname": "INFO", "name": "Trainer", "asctime": "2026-04-16 12:35:53,431", "type": "train", "epoch": 18, "batch": 3919, "n_batches": 7774, "time": 1.091, "data_time": 0.001, "lr": 0.0001, "loss": -46.701}
{"message": "", "levelname": "INFO", "name": "Trainer", "asctime": "2026-04-16 12:36:04,533", "type": "train", "epoch": 18, "batch": 3999, "n_batches": 7774, "time": 1.23, "data_time": 0.001, "lr": 0.0001, "loss": -46.744}
{"message": "", "levelname": "INFO", "name": "Trainer", "asctime": "2026-04-16 12:36:15,879", "type": "train", "epoch": 18, "batch": 4079, "n_batches": 7774, "time": 0.949, "data_time": 0.0, "lr": 0.0001, "loss": -48.407}
{"message": "", "levelname": "INFO", "name": "Trainer", "asctime": "2026-04-16 12:36:27,017", "type": "train", "epoch": 18, "batch": 4159, "n_batches": 7774, "time": 1.092, "data_time": 0.0, "lr": 0.0001, "loss": -48.876}
{"message": "", "levelname": "INFO", "name": "Trainer", "asctime": "2026-04-16 12:36:38,241", "type": "train", "epoch": 18, "batch": 4239, "n_batches": 7774, "time": 1.514, "data_time": 0.001, "lr": 0.0001, "loss": -49.203}
{"message": "", "levelname": "INFO", "name": "Trainer", "asctime": "2026-04-16 12:36:49,092", "type": "train", "epoch": 18, "batch": 4319, "n_batches": 7774, "time": 1.221, "data_time": 0.001, "lr": 0.0001, "loss": -51.603}
{"message": "", "levelname": "INFO", "name": "Trainer", "asctime": "2026-04-16 12:36:59,865", "type": "train", "epoch": 18, "batch": 4399, "n_batches": 7774, "time": 1.184, "data_time": 0.0, "lr": 0.0001, "loss": -46.57}
{"message": "", "levelname": "INFO", "name": "Trainer", "asctime": "2026-04-16 12:37:10,181", "type": "train", "epoch": 18, "batch": 4479, "n_batches": 7774, "time": 1.095, "data_time": 0.001, "lr": 0.0001, "loss": -48.198}
{"message": "", "levelname": "INFO", "name": "Trainer", "asctime": "2026-04-16 12:37:20,948", "type": "train", "epoch": 18, "batch": 4559, "n_batches": 7774, "time": 1.141, "data_time": 0.0, "lr": 0.0001, "loss": -50.755}
{"message": "", "levelname": "INFO", "name": "Trainer", "asctime": "2026-04-16 12:37:30,997", "type": "train", "epoch": 18, "batch": 4639, "n_batches": 7774, "time": 1.139, "data_time": 0.001, "lr": 0.0001, "loss": -44.878}
{"message": "", "levelname": "INFO", "name": "Trainer", "asctime": "2026-04-16 12:37:40,877", "type": "train", "epoch": 18, "batch": 4719, "n_batches": 7774, "time": 1.092, "data_time": 0.0, "lr": 0.0001, "loss": -47.796}
{"message": "", "levelname": "INFO", "name": "Trainer", "asctime": "2026-04-16 12:37:52,037", "type": "train", "epoch": 18, "batch": 4799, "n_batches": 7774, "time": 0.918, "data_time": 0.0, "lr": 0.0001, "loss": -44.98}
{"message": "", "levelname": "INFO", "name": "Trainer", "asctime": "2026-04-16 12:38:02,058", "type": "train", "epoch": 18, "batch": 4879, "n_batches": 7774, "time": 1.172, "data_time": 0.001, "lr": 0.0001, "loss": -46.258}
{"message": "", "levelname": "INFO", "name": "Trainer", "asctime": "2026-04-16 12:38:13,150", "type": "train", "epoch": 18, "batch": 4959, "n_batches": 7774, "time": 0.917, "data_time": 0.001, "lr": 0.0001, "loss": -45.601}
{"message": "", "levelname": "INFO", "name": "Trainer", "asctime": "2026-04-16 12:38:24,020", "type": "train", "epoch": 18, "batch": 5039, "n_batches": 7774, "time": 1.181, "data_time": 0.0, "lr": 0.0001, "loss": -49.153}
{"message": "", "levelname": "INFO", "name": "Trainer", "asctime": "2026-04-16 12:38:34,924", "type": "train", "epoch": 18, "batch": 5119, "n_batches": 7774, "time": 1.16, "data_time": 0.0, "lr": 0.0001, "loss": -50.133}
{"message": "", "levelname": "INFO", "name": "Trainer", "asctime": "2026-04-16 12:38:46,676", "type": "train", "epoch": 18, "batch": 5199, "n_batches": 7774, "time": 1.244, "data_time": 0.0, "lr": 0.0001, "loss": -48.894}
{"message": "", "levelname": "INFO", "name": "Trainer", "asctime": "2026-04-16 12:38:57,514", "type": "train", "epoch": 18, "batch": 5279, "n_batches": 7774, "time": 0.985, "data_time": 0.0, "lr": 0.0001, "loss": -46.186}
{"message": "", "levelname": "INFO", "name": "Trainer", "asctime": "2026-04-16 12:39:08,179", "type": "train", "epoch": 18, "batch": 5359, "n_batches": 7774, "time": 1.261, "data_time": 0.001, "lr": 0.0001, "loss": -49.53}
{"message": "", "levelname": "INFO", "name": "Trainer", "asctime": "2026-04-16 12:39:18,353", "type": "train", "epoch": 18, "batch": 5439, "n_batches": 7774, "time": 1.092, "data_time": 0.001, "lr": 0.0001, "loss": -48.705}
{"message": "", "levelname": "INFO", "name": "Trainer", "asctime": "2026-04-16 12:39:28,583", "type": "train", "epoch": 18, "batch": 5519, "n_batches": 7774, "time": 0.92, "data_time": 0.001, "lr": 0.0001, "loss": -48.954}
{"message": "", "levelname": "INFO", "name": "Trainer", "asctime": "2026-04-16 12:39:38,708", "type": "train", "epoch": 18, "batch": 5599, "n_batches": 7774, "time": 0.994, "data_time": 0.001, "lr": 0.0001, "loss": -49.407}
{"message": "", "levelname": "INFO", "name": "Trainer", "asctime": "2026-04-16 12:39:48,711", "type": "train", "epoch": 18, "batch": 5679, "n_batches": 7774, "time": 1.063, "data_time": 0.001, "lr": 0.0001, "loss": -49.072}
{"message": "", "levelname": "INFO", "name": "Trainer", "asctime": "2026-04-16 12:39:59,002", "type": "train", "epoch": 18, "batch": 5759, "n_batches": 7774, "time": 1.13, "data_time": 0.0, "lr": 0.0001, "loss": -48.287}
{"message": "", "levelname": "INFO", "name": "Trainer", "asctime": "2026-04-16 12:40:09,608", "type": "train", "epoch": 18, "batch": 5839, "n_batches": 7774, "time": 0.916, "data_time": 0.0, "lr": 0.0001, "loss": -47.983}
{"message": "", "levelname": "INFO", "name": "Trainer", "asctime": "2026-04-16 12:40:20,260", "type": "train", "epoch": 18, "batch": 5919, "n_batches": 7774, "time": 1.047, "data_time": 0.001, "lr": 0.0001, "loss": -50.914}
{"message": "", "levelname": "INFO", "name": "Trainer", "asctime": "2026-04-16 12:40:31,487", "type": "train", "epoch": 18, "batch": 5999, "n_batches": 7774, "time": 0.982, "data_time": 0.001, "lr": 0.0001, "loss": -53.292}
{"message": "", "levelname": "INFO", "name": "Trainer", "asctime": "2026-04-16 12:40:42,680", "type": "train", "epoch": 18, "batch": 6079, "n_batches": 7774, "time": 1.11, "data_time": 0.0, "lr": 0.0001, "loss": -42.455}
{"message": "", "levelname": "INFO", "name": "Trainer", "asctime": "2026-04-16 12:40:53,388", "type": "train", "epoch": 18, "batch": 6159, "n_batches": 7774, "time": 1.319, "data_time": 0.001, "lr": 0.0001, "loss": -53.247}
{"message": "", "levelname": "INFO", "name": "Trainer", "asctime": "2026-04-16 12:41:03,486", "type": "train", "epoch": 18, "batch": 6239, "n_batches": 7774, "time": 1.008, "data_time": 0.001, "lr": 0.0001, "loss": -46.114}
{"message": "", "levelname": "INFO", "name": "Trainer", "asctime": "2026-04-16 12:41:14,035", "type": "train", "epoch": 18, "batch": 6319, "n_batches": 7774, "time": 0.916, "data_time": 0.0, "lr": 0.0001, "loss": -48.558}
{"message": "", "levelname": "INFO", "name": "Trainer", "asctime": "2026-04-16 12:41:25,569", "type": "train", "epoch": 18, "batch": 6399, "n_batches": 7774, "time": 1.071, "data_time": 0.001, "lr": 0.0001, "loss": -46.145}
{"message": "", "levelname": "INFO", "name": "Trainer", "asctime": "2026-04-16 12:41:35,558", "type": "train", "epoch": 18, "batch": 6479, "n_batches": 7774, "time": 1.038, "data_time": 0.001, "lr": 0.0001, "loss": -46.362}
{"message": "", "levelname": "INFO", "name": "Trainer", "asctime": "2026-04-16 12:41:46,255", "type": "train", "epoch": 18, "batch": 6559, "n_batches": 7774, "time": 1.289, "data_time": 0.001, "lr": 0.0001, "loss": -52.481}
{"message": "", "levelname": "INFO", "name": "Trainer", "asctime": "2026-04-16 12:41:57,244", "type": "train", "epoch": 18, "batch": 6639, "n_batches": 7774, "time": 0.996, "data_time": 0.001, "lr": 0.0001, "loss": -43.08}
{"message": "", "levelname": "INFO", "name": "Trainer", "asctime": "2026-04-16 12:42:06,950", "type": "train", "epoch": 18, "batch": 6719, "n_batches": 7774, "time": 0.859, "data_time": 0.001, "lr": 0.0001, "loss": -48.42}
{"message": "", "levelname": "INFO", "name": "Trainer", "asctime": "2026-04-16 12:42:17,334", "type": "train", "epoch": 18, "batch": 6799, "n_batches": 7774, "time": 1.06, "data_time": 0.001, "lr": 0.0001, "loss": -50.344}
{"message": "", "levelname": "INFO", "name": "Trainer", "asctime": "2026-04-16 12:42:28,466", "type": "train", "epoch": 18, "batch": 6879, "n_batches": 7774, "time": 1.267, "data_time": 0.001, "lr": 0.0001, "loss": -49.143}
{"message": "", "levelname": "INFO", "name": "Trainer", "asctime": "2026-04-16 12:42:39,006", "type": "train", "epoch": 18, "batch": 6959, "n_batches": 7774, "time": 1.131, "data_time": 0.0, "lr": 0.0001, "loss": -46.928}
{"message": "", "levelname": "INFO", "name": "Trainer", "asctime": "2026-04-16 12:42:49,537", "type": "train", "epoch": 18, "batch": 7039, "n_batches": 7774, "time": 1.055, "data_time": 0.001, "lr": 0.0001, "loss": -47.295}
{"message": "", "levelname": "INFO", "name": "Trainer", "asctime": "2026-04-16 12:43:01,078", "type": "train", "epoch": 18, "batch": 7119, "n_batches": 7774, "time": 1.094, "data_time": 0.001, "lr": 0.0001, "loss": -47.677}
{"message": "", "levelname": "INFO", "name": "Trainer", "asctime": "2026-04-16 12:43:11,735", "type": "train", "epoch": 18, "batch": 7199, "n_batches": 7774, "time": 0.945, "data_time": 0.001, "lr": 0.0001, "loss": -46.802}
{"message": "", "levelname": "INFO", "name": "Trainer", "asctime": "2026-04-16 12:43:22,482", "type": "train", "epoch": 18, "batch": 7279, "n_batches": 7774, "time": 0.972, "data_time": 0.001, "lr": 0.0001, "loss": -48.733}
{"message": "", "levelname": "INFO", "name": "Trainer", "asctime": "2026-04-16 12:43:33,987", "type": "train", "epoch": 18, "batch": 7359, "n_batches": 7774, "time": 1.365, "data_time": 0.001, "lr": 0.0001, "loss": -49.492}
{"message": "", "levelname": "INFO", "name": "Trainer", "asctime": "2026-04-16 12:43:43,413", "type": "train", "epoch": 18, "batch": 7439, "n_batches": 7774, "time": 1.131, "data_time": 0.001, "lr": 0.0001, "loss": -49.317}
{"message": "", "levelname": "INFO", "name": "Trainer", "asctime": "2026-04-16 12:43:54,406", "type": "train", "epoch": 18, "batch": 7519, "n_batches": 7774, "time": 1.072, "data_time": 0.001, "lr": 0.0001, "loss": -42.781}
{"message": "", "levelname": "INFO", "name": "Trainer", "asctime": "2026-04-16 12:44:05,073", "type": "train", "epoch": 18, "batch": 7599, "n_batches": 7774, "time": 0.984, "data_time": 0.001, "lr": 0.0001, "loss": -51.463}
{"message": "", "levelname": "INFO", "name": "Trainer", "asctime": "2026-04-16 12:44:15,786", "type": "train", "epoch": 18, "batch": 7679, "n_batches": 7774, "time": 1.025, "data_time": 0.001, "lr": 0.0001, "loss": -41.774}
{"message": "", "levelname": "INFO", "name": "Trainer", "asctime": "2026-04-16 12:44:26,596", "type": "train", "epoch": 18, "batch": 7759, "n_batches": 7774, "time": 1.004, "data_time": 0.0, "lr": 0.0001, "loss": -47.168}
{"message": "", "levelname": "INFO", "name": "Trainer", "asctime": "2026-04-16 12:44:28,286", "type": "train-epoch", "epoch": 19, "loss": -5.97232, "time": 1037.2}
{"message": "", "levelname": "INFO", "name": "Trainer", "asctime": "2026-04-16 12:46:27,303", "type": "val-epoch", "epoch": 19, "loss": 2.176, "test_loss": 2.25, "time": 119.0}
{"message": "", "levelname": "INFO", "name": "Trainer", "asctime": "2026-04-16 12:46:38,389", "type": "train", "epoch": 19, "batch": 79, "n_batches": 7774, "time": 0.687, "data_time": 0.0, "lr": 0.0001, "loss": -44.389}
{"message": "", "levelname": "INFO", "name": "Trainer", "asctime": "2026-04-16 12:46:49,206", "type": "train", "epoch": 19, "batch": 159, "n_batches": 7774, "time": 1.194, "data_time": 0.001, "lr": 0.0001, "loss": -53.183}
{"message": "", "levelname": "INFO", "name": "Trainer", "asctime": "2026-04-16 12:47:00,082", "type": "train", "epoch": 19, "batch": 239, "n_batches": 7774, "time": 1.006, "data_time": 0.0, "lr": 0.0001, "loss": -50.671}
{"message": "", "levelname": "INFO", "name": "Trainer", "asctime": "2026-04-16 12:47:10,612", "type": "train", "epoch": 19, "batch": 319, "n_batches": 7774, "time": 0.946, "data_time": 0.001, "lr": 0.0001, "loss": -44.901}
{"message": "", "levelname": "INFO", "name": "Trainer", "asctime": "2026-04-16 12:47:20,973", "type": "train", "epoch": 19, "batch": 399, "n_batches": 7774, "time": 1.005, "data_time": 0.001, "lr": 0.0001, "loss": -49.622}
{"message": "", "levelname": "INFO", "name": "Trainer", "asctime": "2026-04-16 12:47:31,545", "type": "train", "epoch": 19, "batch": 479, "n_batches": 7774, "time": 0.964, "data_time": 0.0, "lr": 0.0001, "loss": -48.589}
{"message": "", "levelname": "INFO", "name": "Trainer", "asctime": "2026-04-16 12:47:42,727", "type": "train", "epoch": 19, "batch": 559, "n_batches": 7774, "time": 0.929, "data_time": 0.0, "lr": 0.0001, "loss": -49.259}
{"message": "", "levelname": "INFO", "name": "Trainer", "asctime": "2026-04-16 12:47:53,741", "type": "train", "epoch": 19, "batch": 639, "n_batches": 7774, "time": 1.307, "data_time": 0.001, "lr": 0.0001, "loss": -50.916}
{"message": "", "levelname": "INFO", "name": "Trainer", "asctime": "2026-04-16 12:48:04,249", "type": "train", "epoch": 19, "batch": 719, "n_batches": 7774, "time": 0.954, "data_time": 0.001, "lr": 0.0001, "loss": -48.348}
{"message": "", "levelname": "INFO", "name": "Trainer", "asctime": "2026-04-16 12:48:14,514", "type": "train", "epoch": 19, "batch": 799, "n_batches": 7774, "time": 0.989, "data_time": 0.0, "lr": 0.0001, "loss": -52.492}
{"message": "", "levelname": "INFO", "name": "Trainer", "asctime": "2026-04-16 12:48:25,079", "type": "train", "epoch": 19, "batch": 879, "n_batches": 7774, "time": 0.866, "data_time": 0.0, "lr": 0.0001, "loss": -51.312}
{"message": "", "levelname": "INFO", "name": "Trainer", "asctime": "2026-04-16 12:48:36,958", "type": "train", "epoch": 19, "batch": 959, "n_batches": 7774, "time": 1.38, "data_time": 0.001, "lr": 0.0001, "loss": -50.493}
{"message": "", "levelname": "INFO", "name": "Trainer", "asctime": "2026-04-16 12:48:48,424", "type": "train", "epoch": 19, "batch": 1039, "n_batches": 7774, "time": 1.004, "data_time": 0.0, "lr": 0.0001, "loss": -49.493}
{"message": "", "levelname": "INFO", "name": "Trainer", "asctime": "2026-04-16 12:48:59,321", "type": "train", "epoch": 19, "batch": 1119, "n_batches": 7774, "time": 1.335, "data_time": 0.0, "lr": 0.0001, "loss": -47.481}
{"message": "", "levelname": "INFO", "name": "Trainer", "asctime": "2026-04-16 12:49:09,166", "type": "train", "epoch": 19, "batch": 1199, "n_batches": 7774, "time": 0.838, "data_time": 0.0, "lr": 0.0001, "loss": -46.033}
{"message": "", "levelname": "INFO", "name": "Trainer", "asctime": "2026-04-16 12:49:19,007", "type": "train", "epoch": 19, "batch": 1279, "n_batches": 7774, "time": 0.741, "data_time": 0.0, "lr": 0.0001, "loss": -49.517}
{"message": "", "levelname": "INFO", "name": "Trainer", "asctime": "2026-04-16 12:49:29,758", "type": "train", "epoch": 19, "batch": 1359, "n_batches": 7774, "time": 1.141, "data_time": 0.0, "lr": 0.0001, "loss": -45.954}
{"message": "", "levelname": "INFO", "name": "Trainer", "asctime": "2026-04-16 12:49:40,123", "type": "train", "epoch": 19, "batch": 1439, "n_batches": 7774, "time": 1.094, "data_time": 0.0, "lr": 0.0001, "loss": -50.27}
{"message": "", "levelname": "INFO", "name": "Trainer", "asctime": "2026-04-16 12:49:49,805", "type": "train", "epoch": 19, "batch": 1519, "n_batches": 7774, "time": 1.03, "data_time": 0.001, "lr": 0.0001, "loss": -50.071}
{"message": "", "levelname": "INFO", "name": "Trainer", "asctime": "2026-04-16 12:50:01,149", "type": "train", "epoch": 19, "batch": 1599, "n_batches": 7774, "time": 1.175, "data_time": 0.001, "lr": 0.0001, "loss": -48.756}
{"message": "", "levelname": "INFO", "name": "Trainer", "asctime": "2026-04-16 12:50:11,752", "type": "train", "epoch": 19, "batch": 1679, "n_batches": 7774, "time": 1.065, "data_time": 0.0, "lr": 0.0001, "loss": -49.3}
{"message": "", "levelname": "INFO", "name": "Trainer", "asctime": "2026-04-16 12:50:22,538", "type": "train", "epoch": 19, "batch": 1759, "n_batches": 7774, "time": 0.981, "data_time": 0.001, "lr": 0.0001, "loss": -50.525}
{"message": "", "levelname": "INFO", "name": "Trainer", "asctime": "2026-04-16 12:50:32,833", "type": "train", "epoch": 19, "batch": 1839, "n_batches": 7774, "time": 1.166, "data_time": 0.001, "lr": 0.0001, "loss": -50.54}
{"message": "", "levelname": "INFO", "name": "Trainer", "asctime": "2026-04-16 12:50:42,578", "type": "train", "epoch": 19, "batch": 1919, "n_batches": 7774, "time": 1.009, "data_time": 0.001, "lr": 0.0001, "loss": -48.154}
{"message": "", "levelname": "INFO", "name": "Trainer", "asctime": "2026-04-16 12:50:53,743", "type": "train", "epoch": 19, "batch": 1999, "n_batches": 7774, "time": 1.225, "data_time": 0.0, "lr": 0.0001, "loss": -47.649}
{"message": "", "levelname": "INFO", "name": "Trainer", "asctime": "2026-04-16 12:51:04,092", "type": "train", "epoch": 19, "batch": 2079, "n_batches": 7774, "time": 1.189, "data_time": 0.0, "lr": 0.0001, "loss": -49.941}
{"message": "", "levelname": "INFO", "name": "Trainer", "asctime": "2026-04-16 12:51:15,457", "type": "train", "epoch": 19, "batch": 2159, "n_batches": 7774, "time": 0.926, "data_time": 0.0, "lr": 0.0001, "loss": -45.783}
{"message": "", "levelname": "INFO", "name": "Trainer", "asctime": "2026-04-16 12:51:26,469", "type": "train", "epoch": 19, "batch": 2239, "n_batches": 7774, "time": 1.165, "data_time": 0.001, "lr": 0.0001, "loss": -50.921}
{"message": "", "levelname": "INFO", "name": "Trainer", "asctime": "2026-04-16 12:51:37,978", "type": "train", "epoch": 19, "batch": 2319, "n_batches": 7774, "time": 1.222, "data_time": 0.001, "lr": 0.0001, "loss": -45.03}
{"message": "", "levelname": "INFO", "name": "Trainer", "asctime": "2026-04-16 12:51:48,821", "type": "train", "epoch": 19, "batch": 2399, "n_batches": 7774, "time": 1.494, "data_time": 0.001, "lr": 0.0001, "loss": -51.126}
{"message": "", "levelname": "INFO", "name": "Trainer", "asctime": "2026-04-16 12:51:59,312", "type": "train", "epoch": 19, "batch": 2479, "n_batches": 7774, "time": 1.258, "data_time": 0.0, "lr": 0.0001, "loss": -47.9}
{"message": "", "levelname": "INFO", "name": "Trainer", "asctime": "2026-04-16 12:52:09,436", "type": "train", "epoch": 19, "batch": 2559, "n_batches": 7774, "time": 0.776, "data_time": 0.0, "lr": 0.0001, "loss": -46.112}
{"message": "", "levelname": "INFO", "name": "Trainer", "asctime": "2026-04-16 12:52:20,881", "type": "train", "epoch": 19, "batch": 2639, "n_batches": 7774, "time": 1.177, "data_time": 0.001, "lr": 0.0001, "loss": -50.869}
{"message": "", "levelname": "INFO", "name": "Trainer", "asctime": "2026-04-16 12:52:31,922", "type": "train", "epoch": 19, "batch": 2719, "n_batches": 7774, "time": 1.05, "data_time": 0.001, "lr": 0.0001, "loss": -50.627}
{"message": "", "levelname": "INFO", "name": "Trainer", "asctime": "2026-04-16 12:52:42,266", "type": "train", "epoch": 19, "batch": 2799, "n_batches": 7774, "time": 1.04, "data_time": 0.0, "lr": 0.0001, "loss": -45.487}
{"message": "", "levelname": "INFO", "name": "Trainer", "asctime": "2026-04-16 12:52:52,963", "type": "train", "epoch": 19, "batch": 2879, "n_batches": 7774, "time": 1.072, "data_time": 0.001, "lr": 0.0001, "loss": -47.874}
{"message": "", "levelname": "INFO", "name": "Trainer", "asctime": "2026-04-16 12:53:03,360", "type": "train", "epoch": 19, "batch": 2959, "n_batches": 7774, "time": 1.138, "data_time": 0.001, "lr": 0.0001, "loss": -45.67}
{"message": "", "levelname": "INFO", "name": "Trainer", "asctime": "2026-04-16 12:53:14,074", "type": "train", "epoch": 19, "batch": 3039, "n_batches": 7774, "time": 1.172, "data_time": 0.0, "lr": 0.0001, "loss": -51.404}
{"message": "", "levelname": "INFO", "name": "Trainer", "asctime": "2026-04-16 12:53:24,894", "type": "train", "epoch": 19, "batch": 3119, "n_batches": 7774, "time": 0.96, "data_time": 0.0, "lr": 0.0001, "loss": -50.312}
{"message": "", "levelname": "INFO", "name": "Trainer", "asctime": "2026-04-16 12:53:35,899", "type": "train", "epoch": 19, "batch": 3199, "n_batches": 7774, "time": 1.223, "data_time": 0.0, "lr": 0.0001, "loss": -49.576}
{"message": "", "levelname": "INFO", "name": "Trainer", "asctime": "2026-04-16 12:53:45,955", "type": "train", "epoch": 19, "batch": 3279, "n_batches": 7774, "time": 1.049, "data_time": 0.001, "lr": 0.0001, "loss": -49.716}
{"message": "", "levelname": "INFO", "name": "Trainer", "asctime": "2026-04-16 12:53:57,027", "type": "train", "epoch": 19, "batch": 3359, "n_batches": 7774, "time": 1.268, "data_time": 0.001, "lr": 0.0001, "loss": -49.732}
{"message": "", "levelname": "INFO", "name": "Trainer", "asctime": "2026-04-16 12:54:07,707", "type": "train", "epoch": 19, "batch": 3439, "n_batches": 7774, "time": 1.219, "data_time": 0.001, "lr": 0.0001, "loss": -40.865}
{"message": "", "levelname": "INFO", "name": "Trainer", "asctime": "2026-04-16 12:54:18,001", "type": "train", "epoch": 19, "batch": 3519, "n_batches": 7774, "time": 0.99, "data_time": 0.0, "lr": 0.0001, "loss": -50.671}
{"message": "", "levelname": "INFO", "name": "Trainer", "asctime": "2026-04-16 12:54:28,317", "type": "train", "epoch": 19, "batch": 3599, "n_batches": 7774, "time": 1.217, "data_time": 0.0, "lr": 0.0001, "loss": -52.042}
{"message": "", "levelname": "INFO", "name": "Trainer", "asctime": "2026-04-16 12:54:39,613", "type": "train", "epoch": 19, "batch": 3679, "n_batches": 7774, "time": 1.167, "data_time": 0.001, "lr": 0.0001, "loss": -49.376}
{"message": "", "levelname": "INFO", "name": "Trainer", "asctime": "2026-04-16 12:54:50,729", "type": "train", "epoch": 19, "batch": 3759, "n_batches": 7774, "time": 0.98, "data_time": 0.001, "lr": 0.0001, "loss": -53.465}
{"message": "", "levelname": "INFO", "name": "Trainer", "asctime": "2026-04-16 12:55:01,498", "type": "train", "epoch": 19, "batch": 3839, "n_batches": 7774, "time": 1.017, "data_time": 0.0, "lr": 0.0001, "loss": -46.084}
{"message": "", "levelname": "INFO", "name": "Trainer", "asctime": "2026-04-16 12:55:12,409", "type": "train", "epoch": 19, "batch": 3919, "n_batches": 7774, "time": 1.015, "data_time": 0.001, "lr": 0.0001, "loss": -43.898}
{"message": "", "levelname": "INFO", "name": "Trainer", "asctime": "2026-04-16 12:55:23,712", "type": "train", "epoch": 19, "batch": 3999, "n_batches": 7774, "time": 0.953, "data_time": 0.0, "lr": 0.0001, "loss": -50.129}
{"message": "", "levelname": "INFO", "name": "Trainer", "asctime": "2026-04-16 12:55:34,849", "type": "train", "epoch": 19, "batch": 4079, "n_batches": 7774, "time": 0.947, "data_time": 0.0, "lr": 0.0001, "loss": -48.969}
{"message": "", "levelname": "INFO", "name": "Trainer", "asctime": "2026-04-16 12:55:46,127", "type": "train", "epoch": 19, "batch": 4159, "n_batches": 7774, "time": 1.253, "data_time": 0.0, "lr": 0.0001, "loss": -46.774}
{"message": "", "levelname": "INFO", "name": "Trainer", "asctime": "2026-04-16 12:55:56,930", "type": "train", "epoch": 19, "batch": 4239, "n_batches": 7774, "time": 1.047, "data_time": 0.001, "lr": 0.0001, "loss": -47.983}
{"message": "", "levelname": "INFO", "name": "Trainer", "asctime": "2026-04-16 12:56:08,422", "type": "train", "epoch": 19, "batch": 4319, "n_batches": 7774, "time": 1.144, "data_time": 0.0, "lr": 0.0001, "loss": -47.024}
{"message": "", "levelname": "INFO", "name": "Trainer", "asctime": "2026-04-16 12:56:18,401", "type": "train", "epoch": 19, "batch": 4399, "n_batches": 7774, "time": 0.883, "data_time": 0.001, "lr": 0.0001, "loss": -48.958}
{"message": "", "levelname": "INFO", "name": "Trainer", "asctime": "2026-04-16 12:56:29,157", "type": "train", "epoch": 19, "batch": 4479, "n_batches": 7774, "time": 1.117, "data_time": 0.001, "lr": 0.0001, "loss": -45.941}
{"message": "", "levelname": "INFO", "name": "Trainer", "asctime": "2026-04-16 12:56:40,304", "type": "train", "epoch": 19, "batch": 4559, "n_batches": 7774, "time": 1.29, "data_time": 0.0, "lr": 0.0001, "loss": -48.395}
{"message": "", "levelname": "INFO", "name": "Trainer", "asctime": "2026-04-16 12:56:51,734", "type": "train", "epoch": 19, "batch": 4639, "n_batches": 7774, "time": 1.094, "data_time": 0.001, "lr": 0.0001, "loss": -41.103}
{"message": "", "levelname": "INFO", "name": "Trainer", "asctime": "2026-04-16 12:57:02,930", "type": "train", "epoch": 19, "batch": 4719, "n_batches": 7774, "time": 1.031, "data_time": 0.001, "lr": 0.0001, "loss": -50.956}
{"message": "", "levelname": "INFO", "name": "Trainer", "asctime": "2026-04-16 12:57:13,374", "type": "train", "epoch": 19, "batch": 4799, "n_batches": 7774, "time": 1.122, "data_time": 0.0, "lr": 0.0001, "loss": -49.446}
{"message": "", "levelname": "INFO", "name": "Trainer", "asctime": "2026-04-16 12:57:24,209", "type": "train", "epoch": 19, "batch": 4879, "n_batches": 7774, "time": 0.917, "data_time": 0.001, "lr": 0.0001, "loss": -47.932}
{"message": "", "levelname": "INFO", "name": "Trainer", "asctime": "2026-04-16 12:57:34,343", "type": "train", "epoch": 19, "batch": 4959, "n_batches": 7774, "time": 1.043, "data_time": 0.001, "lr": 0.0001, "loss": -37.051}
{"message": "", "levelname": "INFO", "name": "Trainer", "asctime": "2026-04-16 12:57:44,530", "type": "train", "epoch": 19, "batch": 5039, "n_batches": 7774, "time": 1.029, "data_time": 0.001, "lr": 0.0001, "loss": -52.329}
{"message": "", "levelname": "INFO", "name": "Trainer", "asctime": "2026-04-16 12:57:55,701", "type": "train", "epoch": 19, "batch": 5119, "n_batches": 7774, "time": 0.933, "data_time": 0.001, "lr": 0.0001, "loss": -48.921}
{"message": "", "levelname": "INFO", "name": "Trainer", "asctime": "2026-04-16 12:58:06,594", "type": "train", "epoch": 19, "batch": 5199, "n_batches": 7774, "time": 1.014, "data_time": 0.0, "lr": 0.0001, "loss": -45.252}
{"message": "", "levelname": "INFO", "name": "Trainer", "asctime": "2026-04-16 12:58:17,215", "type": "train", "epoch": 19, "batch": 5279, "n_batches": 7774, "time": 1.068, "data_time": 0.001, "lr": 0.0001, "loss": -50.613}
{"message": "", "levelname": "INFO", "name": "Trainer", "asctime": "2026-04-16 12:58:27,467", "type": "train", "epoch": 19, "batch": 5359, "n_batches": 7774, "time": 1.006, "data_time": 0.001, "lr": 0.0001, "loss": -50.884}
{"message": "", "levelname": "INFO", "name": "Trainer", "asctime": "2026-04-16 12:58:38,466", "type": "train", "epoch": 19, "batch": 5439, "n_batches": 7774, "time": 0.994, "data_time": 0.0, "lr": 0.0001, "loss": -52.776}
{"message": "", "levelname": "INFO", "name": "Trainer", "asctime": "2026-04-16 12:58:48,868", "type": "train", "epoch": 19, "batch": 5519, "n_batches": 7774, "time": 1.072, "data_time": 0.0, "lr": 0.0001, "loss": -46.876}
{"message": "", "levelname": "INFO", "name": "Trainer", "asctime": "2026-04-16 12:59:00,518", "type": "train", "epoch": 19, "batch": 5599, "n_batches": 7774, "time": 1.09, "data_time": 0.001, "lr": 0.0001, "loss": -48.78}
{"message": "", "levelname": "INFO", "name": "Trainer", "asctime": "2026-04-16 12:59:11,208", "type": "train", "epoch": 19, "batch": 5679, "n_batches": 7774, "time": 1.009, "data_time": 0.0, "lr": 0.0001, "loss": -42.288}
{"message": "", "levelname": "INFO", "name": "Trainer", "asctime": "2026-04-16 12:59:21,341", "type": "train", "epoch": 19, "batch": 5759, "n_batches": 7774, "time": 1.021, "data_time": 0.0, "lr": 0.0001, "loss": -46.306}
{"message": "", "levelname": "INFO", "name": "Trainer", "asctime": "2026-04-16 12:59:31,469", "type": "train", "epoch": 19, "batch": 5839, "n_batches": 7774, "time": 1.139, "data_time": 0.001, "lr": 0.0001, "loss": -48.316}
{"message": "", "levelname": "INFO", "name": "Trainer", "asctime": "2026-04-16 12:59:42,119", "type": "train", "epoch": 19, "batch": 5919, "n_batches": 7774, "time": 1.115, "data_time": 0.0, "lr": 0.0001, "loss": -47.134}
{"message": "", "levelname": "INFO", "name": "Trainer", "asctime": "2026-04-16 12:59:52,207", "type": "train", "epoch": 19, "batch": 5999, "n_batches": 7774, "time": 1.178, "data_time": 0.0, "lr": 0.0001, "loss": -51.899}
{"message": "", "levelname": "INFO", "name": "Trainer", "asctime": "2026-04-16 13:00:02,973", "type": "train", "epoch": 19, "batch": 6079, "n_batches": 7774, "time": 1.159, "data_time": 0.0, "lr": 0.0001, "loss": -45.249}
{"message": "", "levelname": "INFO", "name": "Trainer", "asctime": "2026-04-16 13:00:14,182", "type": "train", "epoch": 19, "batch": 6159, "n_batches": 7774, "time": 1.092, "data_time": 0.0, "lr": 0.0001, "loss": -46.024}
{"message": "", "levelname": "INFO", "name": "Trainer", "asctime": "2026-04-16 13:00:24,759", "type": "train", "epoch": 19, "batch": 6239, "n_batches": 7774, "time": 1.029, "data_time": 0.001, "lr": 0.0001, "loss": -50.489}
{"message": "", "levelname": "INFO", "name": "Trainer", "asctime": "2026-04-16 13:00:34,475", "type": "train", "epoch": 19, "batch": 6319, "n_batches": 7774, "time": 1.274, "data_time": 0.001, "lr": 0.0001, "loss": -50.363}
{"message": "", "levelname": "INFO", "name": "Trainer", "asctime": "2026-04-16 13:00:46,348", "type": "train", "epoch": 19, "batch": 6399, "n_batches": 7774, "time": 1.127, "data_time": 0.001, "lr": 0.0001, "loss": -51.523}
{"message": "", "levelname": "INFO", "name": "Trainer", "asctime": "2026-04-16 13:00:56,137", "type": "train", "epoch": 19, "batch": 6479, "n_batches": 7774, "time": 0.918, "data_time": 0.001, "lr": 0.0001, "loss": -45.577}
{"message": "", "levelname": "INFO", "name": "Trainer", "asctime": "2026-04-16 13:01:06,887", "type": "train", "epoch": 19, "batch": 6559, "n_batches": 7774, "time": 1.322, "data_time": 0.001, "lr": 0.0001, "loss": -51.549}
{"message": "", "levelname": "INFO", "name": "Trainer", "asctime": "2026-04-16 13:01:18,395", "type": "train", "epoch": 19, "batch": 6639, "n_batches": 7774, "time": 1.417, "data_time": 0.001, "lr": 0.0001, "loss": -50.011}
{"message": "", "levelname": "INFO", "name": "Trainer", "asctime": "2026-04-16 13:01:29,230", "type": "train", "epoch": 19, "batch": 6719, "n_batches": 7774, "time": 1.056, "data_time": 0.001, "lr": 0.0001, "loss": -51.699}
{"message": "", "levelname": "INFO", "name": "Trainer", "asctime": "2026-04-16 13:01:39,846", "type": "train", "epoch": 19, "batch": 6799, "n_batches": 7774, "time": 0.977, "data_time": 0.0, "lr": 0.0001, "loss": -53.53}
{"message": "", "levelname": "INFO", "name": "Trainer", "asctime": "2026-04-16 13:01:49,741", "type": "train", "epoch": 19, "batch": 6879, "n_batches": 7774, "time": 0.991, "data_time": 0.001, "lr": 0.0001, "loss": -46.261}
{"message": "", "levelname": "INFO", "name": "Trainer", "asctime": "2026-04-16 13:02:00,020", "type": "train", "epoch": 19, "batch": 6959, "n_batches": 7774, "time": 0.85, "data_time": 0.0, "lr": 0.0001, "loss": -51.767}
{"message": "", "levelname": "INFO", "name": "Trainer", "asctime": "2026-04-16 13:02:10,969", "type": "train", "epoch": 19, "batch": 7039, "n_batches": 7774, "time": 1.063, "data_time": 0.0, "lr": 0.0001, "loss": -46.833}
{"message": "", "levelname": "INFO", "name": "Trainer", "asctime": "2026-04-16 13:02:22,041", "type": "train", "epoch": 19, "batch": 7119, "n_batches": 7774, "time": 1.177, "data_time": 0.0, "lr": 0.0001, "loss": -51.179}
{"message": "", "levelname": "INFO", "name": "Trainer", "asctime": "2026-04-16 13:02:33,059", "type": "train", "epoch": 19, "batch": 7199, "n_batches": 7774, "time": 1.124, "data_time": 0.001, "lr": 0.0001, "loss": -50.076}
{"message": "", "levelname": "INFO", "name": "Trainer", "asctime": "2026-04-16 13:02:43,447", "type": "train", "epoch": 19, "batch": 7279, "n_batches": 7774, "time": 0.953, "data_time": 0.0, "lr": 0.0001, "loss": -50.645}
{"message": "", "levelname": "INFO", "name": "Trainer", "asctime": "2026-04-16 13:02:55,400", "type": "train", "epoch": 19, "batch": 7359, "n_batches": 7774, "time": 1.427, "data_time": 0.001, "lr": 0.0001, "loss": -53.131}
{"message": "", "levelname": "INFO", "name": "Trainer", "asctime": "2026-04-16 13:03:05,453", "type": "train", "epoch": 19, "batch": 7439, "n_batches": 7774, "time": 1.006, "data_time": 0.0, "lr": 0.0001, "loss": -49.364}
{"message": "", "levelname": "INFO", "name": "Trainer", "asctime": "2026-04-16 13:03:15,608", "type": "train", "epoch": 19, "batch": 7519, "n_batches": 7774, "time": 0.899, "data_time": 0.0, "lr": 0.0001, "loss": -50.922}
{"message": "", "levelname": "INFO", "name": "Trainer", "asctime": "2026-04-16 13:03:27,451", "type": "train", "epoch": 19, "batch": 7599, "n_batches": 7774, "time": 0.928, "data_time": 0.0, "lr": 0.0001, "loss": -47.052}
{"message": "", "levelname": "INFO", "name": "Trainer", "asctime": "2026-04-16 13:03:38,075", "type": "train", "epoch": 19, "batch": 7679, "n_batches": 7774, "time": 0.964, "data_time": 0.001, "lr": 0.0001, "loss": -41.454}
{"message": "", "levelname": "INFO", "name": "Trainer", "asctime": "2026-04-16 13:03:49,290", "type": "train", "epoch": 19, "batch": 7759, "n_batches": 7774, "time": 1.018, "data_time": 0.001, "lr": 0.0001, "loss": -47.59}
{"message": "", "levelname": "INFO", "name": "Trainer", "asctime": "2026-04-16 13:03:51,176", "type": "train-epoch", "epoch": 20, "loss": -6.03776, "time": 1043.9}
{"message": "", "levelname": "INFO", "name": "Trainer", "asctime": "2026-04-16 13:05:48,644", "type": "val-epoch", "epoch": 20, "loss": 2.203, "test_loss": 2.28, "time": 117.5}
{"message": "", "levelname": "INFO", "name": "Trainer", "asctime": "2026-04-16 13:06:00,159", "type": "train", "epoch": 20, "batch": 79, "n_batches": 7774, "time": 1.257, "data_time": 0.0, "lr": 1e-05, "loss": -48.535}
{"message": "", "levelname": "INFO", "name": "Trainer", "asctime": "2026-04-16 13:06:11,191", "type": "train", "epoch": 20, "batch": 159, "n_batches": 7774, "time": 1.127, "data_time": 0.0, "lr": 1e-05, "loss": -48.964}
{"message": "", "levelname": "INFO", "name": "Trainer", "asctime": "2026-04-16 13:06:22,001", "type": "train", "epoch": 20, "batch": 239, "n_batches": 7774, "time": 1.048, "data_time": 0.0, "lr": 1e-05, "loss": -50.777}
{"message": "", "levelname": "INFO", "name": "Trainer", "asctime": "2026-04-16 13:06:32,741", "type": "train", "epoch": 20, "batch": 319, "n_batches": 7774, "time": 0.84, "data_time": 0.0, "lr": 1e-05, "loss": -51.34}
{"message": "", "levelname": "INFO", "name": "Trainer", "asctime": "2026-04-16 13:06:44,036", "type": "train", "epoch": 20, "batch": 399, "n_batches": 7774, "time": 1.058, "data_time": 0.0, "lr": 1e-05, "loss": -51.953}
{"message": "", "levelname": "INFO", "name": "Trainer", "asctime": "2026-04-16 13:06:55,478", "type": "train", "epoch": 20, "batch": 479, "n_batches": 7774, "time": 1.108, "data_time": 0.0, "lr": 1e-05, "loss": -44.095}
{"message": "", "levelname": "INFO", "name": "Trainer", "asctime": "2026-04-16 13:07:06,853", "type": "train", "epoch": 20, "batch": 559, "n_batches": 7774, "time": 1.164, "data_time": 0.0, "lr": 1e-05, "loss": -49.743}
{"message": "", "levelname": "INFO", "name": "Trainer", "asctime": "2026-04-16 13:07:17,654", "type": "train", "epoch": 20, "batch": 639, "n_batches": 7774, "time": 1.207, "data_time": 0.001, "lr": 1e-05, "loss": -50.834}
{"message": "", "levelname": "INFO", "name": "Trainer", "asctime": "2026-04-16 13:07:28,850", "type": "train", "epoch": 20, "batch": 719, "n_batches": 7774, "time": 1.226, "data_time": 0.0, "lr": 1e-05, "loss": -50.579}
{"message": "", "levelname": "INFO", "name": "Trainer", "asctime": "2026-04-16 13:07:38,864", "type": "train", "epoch": 20, "batch": 799, "n_batches": 7774, "time": 1.015, "data_time": 0.0, "lr": 1e-05, "loss": -54.079}
{"message": "", "levelname": "INFO", "name": "Trainer", "asctime": "2026-04-16 13:07:49,853", "type": "train", "epoch": 20, "batch": 879, "n_batches": 7774, "time": 1.201, "data_time": 0.0, "lr": 1e-05, "loss": -49.901}
{"message": "", "levelname": "INFO", "name": "Trainer", "asctime": "2026-04-16 13:07:59,927", "type": "train", "epoch": 20, "batch": 959, "n_batches": 7774, "time": 0.941, "data_time": 0.001, "lr": 1e-05, "loss": -49.395}
{"message": "", "levelname": "INFO", "name": "Trainer", "asctime": "2026-04-16 13:08:10,901", "type": "train", "epoch": 20, "batch": 1039, "n_batches": 7774, "time": 0.983, "data_time": 0.0, "lr": 1e-05, "loss": -46.387}
{"message": "", "levelname": "INFO", "name": "Trainer", "asctime": "2026-04-16 13:08:20,784", "type": "train", "epoch": 20, "batch": 1119, "n_batches": 7774, "time": 0.897, "data_time": 0.0, "lr": 1e-05, "loss": -52.662}
{"message": "", "levelname": "INFO", "name": "Trainer", "asctime": "2026-04-16 13:08:30,644", "type": "train", "epoch": 20, "batch": 1199, "n_batches": 7774, "time": 1.08, "data_time": 0.0, "lr": 1e-05, "loss": -50.66}
{"message": "", "levelname": "INFO", "name": "Trainer", "asctime": "2026-04-16 13:08:41,369", "type": "train", "epoch": 20, "batch": 1279, "n_batches": 7774, "time": 0.964, "data_time": 0.001, "lr": 1e-05, "loss": -49.114}
{"message": "", "levelname": "INFO", "name": "Trainer", "asctime": "2026-04-16 13:08:52,400", "type": "train", "epoch": 20, "batch": 1359, "n_batches": 7774, "time": 1.017, "data_time": 0.001, "lr": 1e-05, "loss": -50.475}
{"message": "", "levelname": "INFO", "name": "Trainer", "asctime": "2026-04-16 13:09:03,080", "type": "train", "epoch": 20, "batch": 1439, "n_batches": 7774, "time": 0.934, "data_time": 0.001, "lr": 1e-05, "loss": -46.87}
{"message": "", "levelname": "INFO", "name": "Trainer", "asctime": "2026-04-16 13:09:13,536", "type": "train", "epoch": 20, "batch": 1519, "n_batches": 7774, "time": 1.043, "data_time": 0.0, "lr": 1e-05, "loss": -52.176}
{"message": "", "levelname": "INFO", "name": "Trainer", "asctime": "2026-04-16 13:09:23,838", "type": "train", "epoch": 20, "batch": 1599, "n_batches": 7774, "time": 1.183, "data_time": 0.001, "lr": 1e-05, "loss": -48.217}
{"message": "", "levelname": "INFO", "name": "Trainer", "asctime": "2026-04-16 13:09:33,623", "type": "train", "epoch": 20, "batch": 1679, "n_batches": 7774, "time": 0.947, "data_time": 0.001, "lr": 1e-05, "loss": -48.289}
{"message": "", "levelname": "INFO", "name": "Trainer", "asctime": "2026-04-16 13:09:45,092", "type": "train", "epoch": 20, "batch": 1759, "n_batches": 7774, "time": 0.988, "data_time": 0.001, "lr": 1e-05, "loss": -46.039}
{"message": "", "levelname": "INFO", "name": "Trainer", "asctime": "2026-04-16 13:09:54,672", "type": "train", "epoch": 20, "batch": 1839, "n_batches": 7774, "time": 0.688, "data_time": 0.0, "lr": 1e-05, "loss": -44.307}
{"message": "", "levelname": "INFO", "name": "Trainer", "asctime": "2026-04-16 13:10:06,051", "type": "train", "epoch": 20, "batch": 1919, "n_batches": 7774, "time": 0.965, "data_time": 0.001, "lr": 1e-05, "loss": -54.308}
{"message": "", "levelname": "INFO", "name": "Trainer", "asctime": "2026-04-16 13:10:17,439", "type": "train", "epoch": 20, "batch": 1999, "n_batches": 7774, "time": 1.012, "data_time": 0.001, "lr": 1e-05, "loss": -50.881}
{"message": "", "levelname": "INFO", "name": "Trainer", "asctime": "2026-04-16 13:10:27,936", "type": "train", "epoch": 20, "batch": 2079, "n_batches": 7774, "time": 1.006, "data_time": 0.0, "lr": 1e-05, "loss": -51.643}
{"message": "", "levelname": "INFO", "name": "Trainer", "asctime": "2026-04-16 13:10:38,441", "type": "train", "epoch": 20, "batch": 2159, "n_batches": 7774, "time": 0.878, "data_time": 0.001, "lr": 1e-05, "loss": -48.537}
{"message": "", "levelname": "INFO", "name": "Trainer", "asctime": "2026-04-16 13:10:48,544", "type": "train", "epoch": 20, "batch": 2239, "n_batches": 7774, "time": 1.025, "data_time": 0.001, "lr": 1e-05, "loss": -47.297}
{"message": "", "levelname": "INFO", "name": "Trainer", "asctime": "2026-04-16 13:11:00,280", "type": "train", "epoch": 20, "batch": 2319, "n_batches": 7774, "time": 1.01, "data_time": 0.001, "lr": 1e-05, "loss": -44.052}
{"message": "", "levelname": "INFO", "name": "Trainer", "asctime": "2026-04-16 13:11:10,268", "type": "train", "epoch": 20, "batch": 2399, "n_batches": 7774, "time": 0.748, "data_time": 0.0, "lr": 1e-05, "loss": -53.168}
{"message": "", "levelname": "INFO", "name": "Trainer", "asctime": "2026-04-16 13:11:20,788", "type": "train", "epoch": 20, "batch": 2479, "n_batches": 7774, "time": 0.744, "data_time": 0.0, "lr": 1e-05, "loss": -44.211}
{"message": "", "levelname": "INFO", "name": "Trainer", "asctime": "2026-04-16 13:11:33,154", "type": "train", "epoch": 20, "batch": 2559, "n_batches": 7774, "time": 1.102, "data_time": 0.001, "lr": 1e-05, "loss": -52.942}
{"message": "", "levelname": "INFO", "name": "Trainer", "asctime": "2026-04-16 13:11:43,692", "type": "train", "epoch": 20, "batch": 2639, "n_batches": 7774, "time": 1.081, "data_time": 0.001, "lr": 1e-05, "loss": -53.352}
{"message": "", "levelname": "INFO", "name": "Trainer", "asctime": "2026-04-16 13:11:54,402", "type": "train", "epoch": 20, "batch": 2719, "n_batches": 7774, "time": 1.18, "data_time": 0.001, "lr": 1e-05, "loss": -51.264}
{"message": "", "levelname": "INFO", "name": "Trainer", "asctime": "2026-04-16 13:12:06,205", "type": "train", "epoch": 20, "batch": 2799, "n_batches": 7774, "time": 1.075, "data_time": 0.0, "lr": 1e-05, "loss": -47.21}
{"message": "", "levelname": "INFO", "name": "Trainer", "asctime": "2026-04-16 13:12:17,193", "type": "train", "epoch": 20, "batch": 2879, "n_batches": 7774, "time": 1.248, "data_time": 0.0, "lr": 1e-05, "loss": -49.748}
{"message": "", "levelname": "INFO", "name": "Trainer", "asctime": "2026-04-16 13:12:27,866", "type": "train", "epoch": 20, "batch": 2959, "n_batches": 7774, "time": 1.163, "data_time": 0.001, "lr": 1e-05, "loss": -44.67}
{"message": "", "levelname": "INFO", "name": "Trainer", "asctime": "2026-04-16 13:12:37,978", "type": "train", "epoch": 20, "batch": 3039, "n_batches": 7774, "time": 1.012, "data_time": 0.0, "lr": 1e-05, "loss": -50.672}
{"message": "", "levelname": "INFO", "name": "Trainer", "asctime": "2026-04-16 13:12:47,859", "type": "train", "epoch": 20, "batch": 3119, "n_batches": 7774, "time": 1.078, "data_time": 0.001, "lr": 1e-05, "loss": -49.912}
{"message": "", "levelname": "INFO", "name": "Trainer", "asctime": "2026-04-16 13:12:59,447", "type": "train", "epoch": 20, "batch": 3199, "n_batches": 7774, "time": 1.265, "data_time": 0.001, "lr": 1e-05, "loss": -50.583}
{"message": "", "levelname": "INFO", "name": "Trainer", "asctime": "2026-04-16 13:13:09,752", "type": "train", "epoch": 20, "batch": 3279, "n_batches": 7774, "time": 0.873, "data_time": 0.0, "lr": 1e-05, "loss": -51.228}
{"message": "", "levelname": "INFO", "name": "Trainer", "asctime": "2026-04-16 13:13:20,973", "type": "train", "epoch": 20, "batch": 3359, "n_batches": 7774, "time": 0.873, "data_time": 0.0, "lr": 1e-05, "loss": -46.473}
{"message": "", "levelname": "INFO", "name": "Trainer", "asctime": "2026-04-16 13:13:32,576", "type": "train", "epoch": 20, "batch": 3439, "n_batches": 7774, "time": 1.11, "data_time": 0.0, "lr": 1e-05, "loss": -48.869}
{"message": "", "levelname": "INFO", "name": "Trainer", "asctime": "2026-04-16 13:13:43,489", "type": "train", "epoch": 20, "batch": 3519, "n_batches": 7774, "time": 1.05, "data_time": 0.0, "lr": 1e-05, "loss": -48.385}
{"message": "", "levelname": "INFO", "name": "Trainer", "asctime": "2026-04-16 13:13:54,142", "type": "train", "epoch": 20, "batch": 3599, "n_batches": 7774, "time": 1.108, "data_time": 0.001, "lr": 1e-05, "loss": -43.497}
{"message": "", "levelname": "INFO", "name": "Trainer", "asctime": "2026-04-16 13:14:04,972", "type": "train", "epoch": 20, "batch": 3679, "n_batches": 7774, "time": 1.005, "data_time": 0.0, "lr": 1e-05, "loss": -53.068}
{"message": "", "levelname": "INFO", "name": "Trainer", "asctime": "2026-04-16 13:14:15,910", "type": "train", "epoch": 20, "batch": 3759, "n_batches": 7774, "time": 1.099, "data_time": 0.001, "lr": 1e-05, "loss": -47.686}
{"message": "", "levelname": "INFO", "name": "Trainer", "asctime": "2026-04-16 13:14:26,464", "type": "train", "epoch": 20, "batch": 3839, "n_batches": 7774, "time": 1.065, "data_time": 0.0, "lr": 1e-05, "loss": -48.666}
{"message": "", "levelname": "INFO", "name": "Trainer", "asctime": "2026-04-16 13:14:37,049", "type": "train", "epoch": 20, "batch": 3919, "n_batches": 7774, "time": 0.979, "data_time": 0.001, "lr": 1e-05, "loss": -49.533}
{"message": "", "levelname": "INFO", "name": "Trainer", "asctime": "2026-04-16 13:14:47,173", "type": "train", "epoch": 20, "batch": 3999, "n_batches": 7774, "time": 0.839, "data_time": 0.001, "lr": 1e-05, "loss": -46.295}
{"message": "", "levelname": "INFO", "name": "Trainer", "asctime": "2026-04-16 13:14:58,437", "type": "train", "epoch": 20, "batch": 4079, "n_batches": 7774, "time": 1.078, "data_time": 0.001, "lr": 1e-05, "loss": -52.803}
{"message": "", "levelname": "INFO", "name": "Trainer", "asctime": "2026-04-16 13:15:09,092", "type": "train", "epoch": 20, "batch": 4159, "n_batches": 7774, "time": 1.068, "data_time": 0.001, "lr": 1e-05, "loss": -47.753}
{"message": "", "levelname": "INFO", "name": "Trainer", "asctime": "2026-04-16 13:15:19,029", "type": "train", "epoch": 20, "batch": 4239, "n_batches": 7774, "time": 0.846, "data_time": 0.001, "lr": 1e-05, "loss": -47.397}
{"message": "", "levelname": "INFO", "name": "Trainer", "asctime": "2026-04-16 13:15:30,307", "type": "train", "epoch": 20, "batch": 4319, "n_batches": 7774, "time": 1.05, "data_time": 0.0, "lr": 1e-05, "loss": -48.345}
{"message": "", "levelname": "INFO", "name": "Trainer", "asctime": "2026-04-16 13:15:41,962", "type": "train", "epoch": 20, "batch": 4399, "n_batches": 7774, "time": 1.125, "data_time": 0.001, "lr": 1e-05, "loss": -51.133}
{"message": "", "levelname": "INFO", "name": "Trainer", "asctime": "2026-04-16 13:15:52,307", "type": "train", "epoch": 20, "batch": 4479, "n_batches": 7774, "time": 0.95, "data_time": 0.0, "lr": 1e-05, "loss": -47.475}
{"message": "", "levelname": "INFO", "name": "Trainer", "asctime": "2026-04-16 13:16:03,426", "type": "train", "epoch": 20, "batch": 4559, "n_batches": 7774, "time": 1.121, "data_time": 0.001, "lr": 1e-05, "loss": -49.68}
{"message": "", "levelname": "INFO", "name": "Trainer", "asctime": "2026-04-16 13:16:14,574", "type": "train", "epoch": 20, "batch": 4639, "n_batches": 7774, "time": 0.956, "data_time": 0.001, "lr": 1e-05, "loss": -50.468}
{"message": "", "levelname": "INFO", "name": "Trainer", "asctime": "2026-04-16 13:16:25,680", "type": "train", "epoch": 20, "batch": 4719, "n_batches": 7774, "time": 0.976, "data_time": 0.0, "lr": 1e-05, "loss": -49.996}
{"message": "", "levelname": "INFO", "name": "Trainer", "asctime": "2026-04-16 13:16:36,330", "type": "train", "epoch": 20, "batch": 4799, "n_batches": 7774, "time": 1.008, "data_time": 0.001, "lr": 1e-05, "loss": -50.468}
{"message": "", "levelname": "INFO", "name": "Trainer", "asctime": "2026-04-16 13:16:46,731", "type": "train", "epoch": 20, "batch": 4879, "n_batches": 7774, "time": 1.187, "data_time": 0.0, "lr": 1e-05, "loss": -47.47}
{"message": "", "levelname": "INFO", "name": "Trainer", "asctime": "2026-04-16 13:16:57,758", "type": "train", "epoch": 20, "batch": 4959, "n_batches": 7774, "time": 1.162, "data_time": 0.001, "lr": 1e-05, "loss": -50.961}
{"message": "", "levelname": "INFO", "name": "Trainer", "asctime": "2026-04-16 13:17:08,937", "type": "train", "epoch": 20, "batch": 5039, "n_batches": 7774, "time": 1.044, "data_time": 0.001, "lr": 1e-05, "loss": -49.6}
{"message": "", "levelname": "INFO", "name": "Trainer", "asctime": "2026-04-16 13:17:20,300", "type": "train", "epoch": 20, "batch": 5119, "n_batches": 7774, "time": 1.103, "data_time": 0.001, "lr": 1e-05, "loss": -46.164}
{"message": "", "levelname": "INFO", "name": "Trainer", "asctime": "2026-04-16 13:17:31,590", "type": "train", "epoch": 20, "batch": 5199, "n_batches": 7774, "time": 1.068, "data_time": 0.0, "lr": 1e-05, "loss": -51.749}
{"message": "", "levelname": "INFO", "name": "Trainer", "asctime": "2026-04-16 13:17:41,760", "type": "train", "epoch": 20, "batch": 5279, "n_batches": 7774, "time": 1.045, "data_time": 0.0, "lr": 1e-05, "loss": -48.995}
{"message": "", "levelname": "INFO", "name": "Trainer", "asctime": "2026-04-16 13:17:52,929", "type": "train", "epoch": 20, "batch": 5359, "n_batches": 7774, "time": 1.012, "data_time": 0.0, "lr": 1e-05, "loss": -46.665}
{"message": "", "levelname": "INFO", "name": "Trainer", "asctime": "2026-04-16 13:18:03,385", "type": "train", "epoch": 20, "batch": 5439, "n_batches": 7774, "time": 1.203, "data_time": 0.0, "lr": 1e-05, "loss": -52.664}
{"message": "", "levelname": "INFO", "name": "Trainer", "asctime": "2026-04-16 13:18:14,808", "type": "train", "epoch": 20, "batch": 5519, "n_batches": 7774, "time": 1.194, "data_time": 0.001, "lr": 1e-05, "loss": -48.292}
{"message": "", "levelname": "INFO", "name": "Trainer", "asctime": "2026-04-16 13:18:25,432", "type": "train", "epoch": 20, "batch": 5599, "n_batches": 7774, "time": 0.818, "data_time": 0.001, "lr": 1e-05, "loss": -42.173}
{"message": "", "levelname": "INFO", "name": "Trainer", "asctime": "2026-04-16 13:18:37,062", "type": "train", "epoch": 20, "batch": 5679, "n_batches": 7774, "time": 1.567, "data_time": 0.001, "lr": 1e-05, "loss": -51.735}
{"message": "", "levelname": "INFO", "name": "Trainer", "asctime": "2026-04-16 13:18:48,329", "type": "train", "epoch": 20, "batch": 5759, "n_batches": 7774, "time": 0.804, "data_time": 0.0, "lr": 1e-05, "loss": -49.719}
{"message": "", "levelname": "INFO", "name": "Trainer", "asctime": "2026-04-16 13:18:58,593", "type": "train", "epoch": 20, "batch": 5839, "n_batches": 7774, "time": 1.082, "data_time": 0.0, "lr": 1e-05, "loss": -39.315}
{"message": "", "levelname": "INFO", "name": "Trainer", "asctime": "2026-04-16 13:19:09,372", "type": "train", "epoch": 20, "batch": 5919, "n_batches": 7774, "time": 1.386, "data_time": 0.001, "lr": 1e-05, "loss": -53.117}
{"message": "", "levelname": "INFO", "name": "Trainer", "asctime": "2026-04-16 13:19:20,068", "type": "train", "epoch": 20, "batch": 5999, "n_batches": 7774, "time": 1.068, "data_time": 0.001, "lr": 1e-05, "loss": -51.391}
{"message": "", "levelname": "INFO", "name": "Trainer", "asctime": "2026-04-16 13:19:30,799", "type": "train", "epoch": 20, "batch": 6079, "n_batches": 7774, "time": 0.987, "data_time": 0.0, "lr": 1e-05, "loss": -52.644}
{"message": "", "levelname": "INFO", "name": "Trainer", "asctime": "2026-04-16 13:19:41,862", "type": "train", "epoch": 20, "batch": 6159, "n_batches": 7774, "time": 1.332, "data_time": 0.0, "lr": 1e-05, "loss": -47.678}
{"message": "", "levelname": "INFO", "name": "Trainer", "asctime": "2026-04-16 13:19:52,137", "type": "train", "epoch": 20, "batch": 6239, "n_batches": 7774, "time": 0.94, "data_time": 0.0, "lr": 1e-05, "loss": -52.037}
{"message": "", "levelname": "INFO", "name": "Trainer", "asctime": "2026-04-16 13:20:02,684", "type": "train", "epoch": 20, "batch": 6319, "n_batches": 7774, "time": 0.802, "data_time": 0.0, "lr": 1e-05, "loss": -51.576}
{"message": "", "levelname": "INFO", "name": "Trainer", "asctime": "2026-04-16 13:20:13,646", "type": "train", "epoch": 20, "batch": 6399, "n_batches": 7774, "time": 1.395, "data_time": 0.0, "lr": 1e-05, "loss": -46.474}
{"message": "", "levelname": "INFO", "name": "Trainer", "asctime": "2026-04-16 13:20:23,808", "type": "train", "epoch": 20, "batch": 6479, "n_batches": 7774, "time": 1.087, "data_time": 0.0, "lr": 1e-05, "loss": -47.728}
{"message": "", "levelname": "INFO", "name": "Trainer", "asctime": "2026-04-16 13:20:35,428", "type": "train", "epoch": 20, "batch": 6559, "n_batches": 7774, "time": 1.221, "data_time": 0.0, "lr": 1e-05, "loss": -49.74}
{"message": "", "levelname": "INFO", "name": "Trainer", "asctime": "2026-04-16 13:20:46,403", "type": "train", "epoch": 20, "batch": 6639, "n_batches": 7774, "time": 0.996, "data_time": 0.001, "lr": 1e-05, "loss": -43.333}
{"message": "", "levelname": "INFO", "name": "Trainer", "asctime": "2026-04-16 13:20:54,987", "type": "train", "epoch": 20, "batch": 6719, "n_batches": 7774, "time": 0.993, "data_time": 0.0, "lr": 1e-05, "loss": -52.013}
{"message": "", "levelname": "INFO", "name": "Trainer", "asctime": "2026-04-16 13:21:04,675", "type": "train", "epoch": 20, "batch": 6799, "n_batches": 7774, "time": 0.885, "data_time": 0.001, "lr": 1e-05, "loss": -50.594}
{"message": "", "levelname": "INFO", "name": "Trainer", "asctime": "2026-04-16 13:21:15,329", "type": "train", "epoch": 20, "batch": 6879, "n_batches": 7774, "time": 1.134, "data_time": 0.0, "lr": 1e-05, "loss": -50.67}
{"message": "", "levelname": "INFO", "name": "Trainer", "asctime": "2026-04-16 13:21:25,647", "type": "train", "epoch": 20, "batch": 6959, "n_batches": 7774, "time": 1.26, "data_time": 0.001, "lr": 1e-05, "loss": -50.646}
{"message": "", "levelname": "INFO", "name": "Trainer", "asctime": "2026-04-16 13:21:35,783", "type": "train", "epoch": 20, "batch": 7039, "n_batches": 7774, "time": 0.903, "data_time": 0.001, "lr": 1e-05, "loss": -46.852}
{"message": "", "levelname": "INFO", "name": "Trainer", "asctime": "2026-04-16 13:21:46,338", "type": "train", "epoch": 20, "batch": 7119, "n_batches": 7774, "time": 1.349, "data_time": 0.0, "lr": 1e-05, "loss": -44.816}
{"message": "", "levelname": "INFO", "name": "Trainer", "asctime": "2026-04-16 13:21:57,392", "type": "train", "epoch": 20, "batch": 7199, "n_batches": 7774, "time": 0.909, "data_time": 0.0, "lr": 1e-05, "loss": -51.993}
{"message": "", "levelname": "INFO", "name": "Trainer", "asctime": "2026-04-16 13:22:07,926", "type": "train", "epoch": 20, "batch": 7279, "n_batches": 7774, "time": 1.114, "data_time": 0.001, "lr": 1e-05, "loss": -52.145}
{"message": "", "levelname": "INFO", "name": "Trainer", "asctime": "2026-04-16 13:22:18,339", "type": "train", "epoch": 20, "batch": 7359, "n_batches": 7774, "time": 1.012, "data_time": 0.001, "lr": 1e-05, "loss": -49.38}
{"message": "", "levelname": "INFO", "name": "Trainer", "asctime": "2026-04-16 13:22:28,577", "type": "train", "epoch": 20, "batch": 7439, "n_batches": 7774, "time": 0.746, "data_time": 0.0, "lr": 1e-05, "loss": -46.685}
{"message": "", "levelname": "INFO", "name": "Trainer", "asctime": "2026-04-16 13:22:39,672", "type": "train", "epoch": 20, "batch": 7519, "n_batches": 7774, "time": 1.07, "data_time": 0.001, "lr": 1e-05, "loss": -50.015}
{"message": "", "levelname": "INFO", "name": "Trainer", "asctime": "2026-04-16 13:22:51,383", "type": "train", "epoch": 20, "batch": 7599, "n_batches": 7774, "time": 1.289, "data_time": 0.001, "lr": 1e-05, "loss": -40.894}
{"message": "", "levelname": "INFO", "name": "Trainer", "asctime": "2026-04-16 13:23:01,932", "type": "train", "epoch": 20, "batch": 7679, "n_batches": 7774, "time": 1.023, "data_time": 0.001, "lr": 1e-05, "loss": -50.691}
{"message": "", "levelname": "INFO", "name": "Trainer", "asctime": "2026-04-16 13:23:13,312", "type": "train", "epoch": 20, "batch": 7759, "n_batches": 7774, "time": 0.916, "data_time": 0.001, "lr": 1e-05, "loss": -50.439}
{"message": "", "levelname": "INFO", "name": "Trainer", "asctime": "2026-04-16 13:23:15,238", "type": "train-epoch", "epoch": 21, "loss": -6.13341, "time": 1046.5}
{"message": "", "levelname": "INFO", "name": "Trainer", "asctime": "2026-04-16 13:25:12,939", "type": "val-epoch", "epoch": 21, "loss": 2.236, "test_loss": 2.307, "time": 117.7}
{"message": "", "levelname": "INFO", "name": "Trainer", "asctime": "2026-04-16 13:25:23,495", "type": "train", "epoch": 21, "batch": 79, "n_batches": 7774, "time": 0.987, "data_time": 0.0, "lr": 1e-05, "loss": -51.441}
{"message": "", "levelname": "INFO", "name": "Trainer", "asctime": "2026-04-16 13:25:33,967", "type": "train", "epoch": 21, "batch": 159, "n_batches": 7774, "time": 1.084, "data_time": 0.0, "lr": 1e-05, "loss": -50.038}
{"message": "", "levelname": "INFO", "name": "Trainer", "asctime": "2026-04-16 13:25:44,732", "type": "train", "epoch": 21, "batch": 239, "n_batches": 7774, "time": 1.206, "data_time": 0.001, "lr": 1e-05, "loss": -53.003}
{"message": "", "levelname": "INFO", "name": "Trainer", "asctime": "2026-04-16 13:25:56,110", "type": "train", "epoch": 21, "batch": 319, "n_batches": 7774, "time": 1.087, "data_time": 0.0, "lr": 1e-05, "loss": -48.936}
{"message": "", "levelname": "INFO", "name": "Trainer", "asctime": "2026-04-16 13:26:06,542", "type": "train", "epoch": 21, "batch": 399, "n_batches": 7774, "time": 0.831, "data_time": 0.001, "lr": 1e-05, "loss": -47.714}
{"message": "", "levelname": "INFO", "name": "Trainer", "asctime": "2026-04-16 13:26:17,087", "type": "train", "epoch": 21, "batch": 479, "n_batches": 7774, "time": 1.078, "data_time": 0.001, "lr": 1e-05, "loss": -50.225}
{"message": "", "levelname": "INFO", "name": "Trainer", "asctime": "2026-04-16 13:26:27,480", "type": "train", "epoch": 21, "batch": 559, "n_batches": 7774, "time": 1.242, "data_time": 0.001, "lr": 1e-05, "loss": -48.841}
{"message": "", "levelname": "INFO", "name": "Trainer", "asctime": "2026-04-16 13:26:38,066", "type": "train", "epoch": 21, "batch": 639, "n_batches": 7774, "time": 1.144, "data_time": 0.0, "lr": 1e-05, "loss": -47.008}
{"message": "", "levelname": "INFO", "name": "Trainer", "asctime": "2026-04-16 13:26:48,094", "type": "train", "epoch": 21, "batch": 719, "n_batches": 7774, "time": 1.228, "data_time": 0.0, "lr": 1e-05, "loss": -50.389}
{"message": "", "levelname": "INFO", "name": "Trainer", "asctime": "2026-04-16 13:26:58,861", "type": "train", "epoch": 21, "batch": 799, "n_batches": 7774, "time": 1.173, "data_time": 0.001, "lr": 1e-05, "loss": -51.544}
{"message": "", "levelname": "INFO", "name": "Trainer", "asctime": "2026-04-16 13:27:09,684", "type": "train", "epoch": 21, "batch": 879, "n_batches": 7774, "time": 1.025, "data_time": 0.001, "lr": 1e-05, "loss": -51.302}
{"message": "", "levelname": "INFO", "name": "Trainer", "asctime": "2026-04-16 13:27:20,792", "type": "train", "epoch": 21, "batch": 959, "n_batches": 7774, "time": 1.126, "data_time": 0.001, "lr": 1e-05, "loss": -49.821}
{"message": "", "levelname": "INFO", "name": "Trainer", "asctime": "2026-04-16 13:27:31,038", "type": "train", "epoch": 21, "batch": 1039, "n_batches": 7774, "time": 1.065, "data_time": 0.0, "lr": 1e-05, "loss": -52.649}
{"message": "", "levelname": "INFO", "name": "Trainer", "asctime": "2026-04-16 13:27:42,994", "type": "train", "epoch": 21, "batch": 1119, "n_batches": 7774, "time": 1.262, "data_time": 0.0, "lr": 1e-05, "loss": -53.329}
{"message": "", "levelname": "INFO", "name": "Trainer", "asctime": "2026-04-16 13:27:53,289", "type": "train", "epoch": 21, "batch": 1199, "n_batches": 7774, "time": 0.976, "data_time": 0.0, "lr": 1e-05, "loss": -51.65}
{"message": "", "levelname": "INFO", "name": "Trainer", "asctime": "2026-04-16 13:28:03,599", "type": "train", "epoch": 21, "batch": 1279, "n_batches": 7774, "time": 1.073, "data_time": 0.001, "lr": 1e-05, "loss": -52.16}
{"message": "", "levelname": "INFO", "name": "Trainer", "asctime": "2026-04-16 13:28:15,531", "type": "train", "epoch": 21, "batch": 1359, "n_batches": 7774, "time": 0.882, "data_time": 0.0, "lr": 1e-05, "loss": -46.194}
{"message": "", "levelname": "INFO", "name": "Trainer", "asctime": "2026-04-16 13:28:26,451", "type": "train", "epoch": 21, "batch": 1439, "n_batches": 7774, "time": 1.208, "data_time": 0.001, "lr": 1e-05, "loss": -42.437}
{"message": "", "levelname": "INFO", "name": "Trainer", "asctime": "2026-04-16 13:28:36,862", "type": "train", "epoch": 21, "batch": 1519, "n_batches": 7774, "time": 1.249, "data_time": 0.001, "lr": 1e-05, "loss": -51.379}
{"message": "", "levelname": "INFO", "name": "Trainer", "asctime": "2026-04-16 13:28:47,667", "type": "train", "epoch": 21, "batch": 1599, "n_batches": 7774, "time": 1.241, "data_time": 0.001, "lr": 1e-05, "loss": -45.245}
{"message": "", "levelname": "INFO", "name": "Trainer", "asctime": "2026-04-16 13:28:58,452", "type": "train", "epoch": 21, "batch": 1679, "n_batches": 7774, "time": 1.057, "data_time": 0.001, "lr": 1e-05, "loss": -49.051}
{"message": "", "levelname": "INFO", "name": "Trainer", "asctime": "2026-04-16 13:29:09,555", "type": "train", "epoch": 21, "batch": 1759, "n_batches": 7774, "time": 0.996, "data_time": 0.0, "lr": 1e-05, "loss": -46.272}
{"message": "", "levelname": "INFO", "name": "Trainer", "asctime": "2026-04-16 13:29:19,644", "type": "train", "epoch": 21, "batch": 1839, "n_batches": 7774, "time": 0.885, "data_time": 0.0, "lr": 1e-05, "loss": -50.339}
{"message": "", "levelname": "INFO", "name": "Trainer", "asctime": "2026-04-16 13:29:29,864", "type": "train", "epoch": 21, "batch": 1919, "n_batches": 7774, "time": 1.094, "data_time": 0.0, "lr": 1e-05, "loss": -48.256}
{"message": "", "levelname": "INFO", "name": "Trainer", "asctime": "2026-04-16 13:29:40,612", "type": "train", "epoch": 21, "batch": 1999, "n_batches": 7774, "time": 1.039, "data_time": 0.0, "lr": 1e-05, "loss": -46.79}
{"message": "", "levelname": "INFO", "name": "Trainer", "asctime": "2026-04-16 13:29:51,104", "type": "train", "epoch": 21, "batch": 2079, "n_batches": 7774, "time": 0.981, "data_time": 0.001, "lr": 1e-05, "loss": -51.585}
{"message": "", "levelname": "INFO", "name": "Trainer", "asctime": "2026-04-16 13:30:01,518", "type": "train", "epoch": 21, "batch": 2159, "n_batches": 7774, "time": 0.899, "data_time": 0.001, "lr": 1e-05, "loss": -44.113}
{"message": "", "levelname": "INFO", "name": "Trainer", "asctime": "2026-04-16 13:30:12,688", "type": "train", "epoch": 21, "batch": 2239, "n_batches": 7774, "time": 1.184, "data_time": 0.001, "lr": 1e-05, "loss": -49.026}
{"message": "", "levelname": "INFO", "name": "Trainer", "asctime": "2026-04-16 13:30:23,345", "type": "train", "epoch": 21, "batch": 2319, "n_batches": 7774, "time": 1.104, "data_time": 0.001, "lr": 1e-05, "loss": -52.094}
{"message": "", "levelname": "INFO", "name": "Trainer", "asctime": "2026-04-16 13:30:33,449", "type": "train", "epoch": 21, "batch": 2399, "n_batches": 7774, "time": 1.038, "data_time": 0.001, "lr": 1e-05, "loss": -49.725}
{"message": "", "levelname": "INFO", "name": "Trainer", "asctime": "2026-04-16 13:30:44,864", "type": "train", "epoch": 21, "batch": 2479, "n_batches": 7774, "time": 1.198, "data_time": 0.0, "lr": 1e-05, "loss": -49.961}
{"message": "", "levelname": "INFO", "name": "Trainer", "asctime": "2026-04-16 13:30:55,496", "type": "train", "epoch": 21, "batch": 2559, "n_batches": 7774, "time": 1.004, "data_time": 0.0, "lr": 1e-05, "loss": -52.978}
{"message": "", "levelname": "INFO", "name": "Trainer", "asctime": "2026-04-16 13:31:06,089", "type": "train", "epoch": 21, "batch": 2639, "n_batches": 7774, "time": 1.015, "data_time": 0.0, "lr": 1e-05, "loss": -49.429}
{"message": "", "levelname": "INFO", "name": "Trainer", "asctime": "2026-04-16 13:31:15,835", "type": "train", "epoch": 21, "batch": 2719, "n_batches": 7774, "time": 1.014, "data_time": 0.0, "lr": 1e-05, "loss": -48.764}
{"message": "", "levelname": "INFO", "name": "Trainer", "asctime": "2026-04-16 13:31:26,690", "type": "train", "epoch": 21, "batch": 2799, "n_batches": 7774, "time": 1.191, "data_time": 0.0, "lr": 1e-05, "loss": -51.391}
{"message": "", "levelname": "INFO", "name": "Trainer", "asctime": "2026-04-16 13:31:37,655", "type": "train", "epoch": 21, "batch": 2879, "n_batches": 7774, "time": 0.938, "data_time": 0.001, "lr": 1e-05, "loss": -47.678}
{"message": "", "levelname": "INFO", "name": "Trainer", "asctime": "2026-04-16 13:31:48,379", "type": "train", "epoch": 21, "batch": 2959, "n_batches": 7774, "time": 1.165, "data_time": 0.0, "lr": 1e-05, "loss": -48.677}
{"message": "", "levelname": "INFO", "name": "Trainer", "asctime": "2026-04-16 13:31:59,257", "type": "train", "epoch": 21, "batch": 3039, "n_batches": 7774, "time": 0.818, "data_time": 0.0, "lr": 1e-05, "loss": -42.307}
{"message": "", "levelname": "INFO", "name": "Trainer", "asctime": "2026-04-16 13:32:10,325", "type": "train", "epoch": 21, "batch": 3119, "n_batches": 7774, "time": 1.043, "data_time": 0.0, "lr": 1e-05, "loss": -48.727}
{"message": "", "levelname": "INFO", "name": "Trainer", "asctime": "2026-04-16 13:32:20,527", "type": "train", "epoch": 21, "batch": 3199, "n_batches": 7774, "time": 0.899, "data_time": 0.001, "lr": 1e-05, "loss": -49.428}
{"message": "", "levelname": "INFO", "name": "Trainer", "asctime": "2026-04-16 13:32:31,615", "type": "train", "epoch": 21, "batch": 3279, "n_batches": 7774, "time": 1.031, "data_time": 0.001, "lr": 1e-05, "loss": -48.877}
{"message": "", "levelname": "INFO", "name": "Trainer", "asctime": "2026-04-16 13:32:42,788", "type": "train", "epoch": 21, "batch": 3359, "n_batches": 7774, "time": 1.136, "data_time": 0.001, "lr": 1e-05, "loss": -50.95}
{"message": "", "levelname": "INFO", "name": "Trainer", "asctime": "2026-04-16 13:32:55,153", "type": "train", "epoch": 21, "batch": 3439, "n_batches": 7774, "time": 1.626, "data_time": 0.001, "lr": 1e-05, "loss": -48.663}
{"message": "", "levelname": "INFO", "name": "Trainer", "asctime": "2026-04-16 13:33:06,680", "type": "train", "epoch": 21, "batch": 3519, "n_batches": 7774, "time": 1.309, "data_time": 0.001, "lr": 1e-05, "loss": -52.964}
{"message": "", "levelname": "INFO", "name": "Trainer", "asctime": "2026-04-16 13:33:16,932", "type": "train", "epoch": 21, "batch": 3599, "n_batches": 7774, "time": 1.137, "data_time": 0.001, "lr": 1e-05, "loss": -49.391}
{"message": "", "levelname": "INFO", "name": "Trainer", "asctime": "2026-04-16 13:33:27,791", "type": "train", "epoch": 21, "batch": 3679, "n_batches": 7774, "time": 1.079, "data_time": 0.0, "lr": 1e-05, "loss": -47.009}
{"message": "", "levelname": "INFO", "name": "Trainer", "asctime": "2026-04-16 13:33:38,477", "type": "train", "epoch": 21, "batch": 3759, "n_batches": 7774, "time": 0.992, "data_time": 0.0, "lr": 1e-05, "loss": -48.283}
{"message": "", "levelname": "INFO", "name": "Trainer", "asctime": "2026-04-16 13:33:49,260", "type": "train", "epoch": 21, "batch": 3839, "n_batches": 7774, "time": 1.133, "data_time": 0.001, "lr": 1e-05, "loss": -48.95}
{"message": "", "levelname": "INFO", "name": "Trainer", "asctime": "2026-04-16 13:34:00,178", "type": "train", "epoch": 21, "batch": 3919, "n_batches": 7774, "time": 1.057, "data_time": 0.0, "lr": 1e-05, "loss": -46.79}
{"message": "", "levelname": "INFO", "name": "Trainer", "asctime": "2026-04-16 13:34:10,898", "type": "train", "epoch": 21, "batch": 3999, "n_batches": 7774, "time": 1.016, "data_time": 0.0, "lr": 1e-05, "loss": -50.279}
{"message": "", "levelname": "INFO", "name": "Trainer", "asctime": "2026-04-16 13:34:22,717", "type": "train", "epoch": 21, "batch": 4079, "n_batches": 7774, "time": 1.276, "data_time": 0.001, "lr": 1e-05, "loss": -46.299}
{"message": "", "levelname": "INFO", "name": "Trainer", "asctime": "2026-04-16 13:34:32,704", "type": "train", "epoch": 21, "batch": 4159, "n_batches": 7774, "time": 0.968, "data_time": 0.001, "lr": 1e-05, "loss": -52.932}
{"message": "", "levelname": "INFO", "name": "Trainer", "asctime": "2026-04-16 13:34:43,427", "type": "train", "epoch": 21, "batch": 4239, "n_batches": 7774, "time": 1.163, "data_time": 0.001, "lr": 1e-05, "loss": -50.427}
{"message": "", "levelname": "INFO", "name": "Trainer", "asctime": "2026-04-16 13:34:54,962", "type": "train", "epoch": 21, "batch": 4319, "n_batches": 7774, "time": 1.039, "data_time": 0.001, "lr": 1e-05, "loss": -50.908}
{"message": "", "levelname": "INFO", "name": "Trainer", "asctime": "2026-04-16 13:35:06,629", "type": "train", "epoch": 21, "batch": 4399, "n_batches": 7774, "time": 1.542, "data_time": 0.001, "lr": 1e-05, "loss": -52.416}
{"message": "", "levelname": "INFO", "name": "Trainer", "asctime": "2026-04-16 13:35:17,321", "type": "train", "epoch": 21, "batch": 4479, "n_batches": 7774, "time": 0.937, "data_time": 0.001, "lr": 1e-05, "loss": -49.22}
{"message": "", "levelname": "INFO", "name": "Trainer", "asctime": "2026-04-16 13:35:28,478", "type": "train", "epoch": 21, "batch": 4559, "n_batches": 7774, "time": 1.044, "data_time": 0.0, "lr": 1e-05, "loss": -47.922}
{"message": "", "levelname": "INFO", "name": "Trainer", "asctime": "2026-04-16 13:35:39,808", "type": "train", "epoch": 21, "batch": 4639, "n_batches": 7774, "time": 0.962, "data_time": 0.0, "lr": 1e-05, "loss": -47.643}
{"message": "", "levelname": "INFO", "name": "Trainer", "asctime": "2026-04-16 13:35:50,931", "type": "train", "epoch": 21, "batch": 4719, "n_batches": 7774, "time": 1.089, "data_time": 0.001, "lr": 1e-05, "loss": -50.254}
{"message": "", "levelname": "INFO", "name": "Trainer", "asctime": "2026-04-16 13:36:01,246", "type": "train", "epoch": 21, "batch": 4799, "n_batches": 7774, "time": 1.157, "data_time": 0.0, "lr": 1e-05, "loss": -53.421}
{"message": "", "levelname": "INFO", "name": "Trainer", "asctime": "2026-04-16 13:36:12,397", "type": "train", "epoch": 21, "batch": 4879, "n_batches": 7774, "time": 1.073, "data_time": 0.0, "lr": 1e-05, "loss": -52.398}
{"message": "", "levelname": "INFO", "name": "Trainer", "asctime": "2026-04-16 13:36:23,013", "type": "train", "epoch": 21, "batch": 4959, "n_batches": 7774, "time": 0.981, "data_time": 0.0, "lr": 1e-05, "loss": -47.293}
{"message": "", "levelname": "INFO", "name": "Trainer", "asctime": "2026-04-16 13:36:34,033", "type": "train", "epoch": 21, "batch": 5039, "n_batches": 7774, "time": 1.176, "data_time": 0.0, "lr": 1e-05, "loss": -51.767}
{"message": "", "levelname": "INFO", "name": "Trainer", "asctime": "2026-04-16 13:36:44,907", "type": "train", "epoch": 21, "batch": 5119, "n_batches": 7774, "time": 0.956, "data_time": 0.0, "lr": 1e-05, "loss": -49.382}
{"message": "", "levelname": "INFO", "name": "Trainer", "asctime": "2026-04-16 13:36:55,842", "type": "train", "epoch": 21, "batch": 5199, "n_batches": 7774, "time": 1.217, "data_time": 0.001, "lr": 1e-05, "loss": -52.735}
{"message": "", "levelname": "INFO", "name": "Trainer", "asctime": "2026-04-16 13:37:06,338", "type": "train", "epoch": 21, "batch": 5279, "n_batches": 7774, "time": 0.96, "data_time": 0.0, "lr": 1e-05, "loss": -46.012}
{"message": "", "levelname": "INFO", "name": "Trainer", "asctime": "2026-04-16 13:37:16,826", "type": "train", "epoch": 21, "batch": 5359, "n_batches": 7774, "time": 1.205, "data_time": 0.001, "lr": 1e-05, "loss": -50.111}
{"message": "", "levelname": "INFO", "name": "Trainer", "asctime": "2026-04-16 13:37:26,623", "type": "train", "epoch": 21, "batch": 5439, "n_batches": 7774, "time": 0.871, "data_time": 0.001, "lr": 1e-05, "loss": -51.919}
{"message": "", "levelname": "INFO", "name": "Trainer", "asctime": "2026-04-16 13:37:36,820", "type": "train", "epoch": 21, "batch": 5519, "n_batches": 7774, "time": 1.143, "data_time": 0.001, "lr": 1e-05, "loss": -46.032}
{"message": "", "levelname": "INFO", "name": "Trainer", "asctime": "2026-04-16 13:37:47,916", "type": "train", "epoch": 21, "batch": 5599, "n_batches": 7774, "time": 1.178, "data_time": 0.0, "lr": 1e-05, "loss": -47.763}
{"message": "", "levelname": "INFO", "name": "Trainer", "asctime": "2026-04-16 13:37:58,698", "type": "train", "epoch": 21, "batch": 5679, "n_batches": 7774, "time": 1.225, "data_time": 0.001, "lr": 1e-05, "loss": -49.914}
{"message": "", "levelname": "INFO", "name": "Trainer", "asctime": "2026-04-16 13:38:08,825", "type": "train", "epoch": 21, "batch": 5759, "n_batches": 7774, "time": 0.963, "data_time": 0.0, "lr": 1e-05, "loss": -51.178}
{"message": "", "levelname": "INFO", "name": "Trainer", "asctime": "2026-04-16 13:38:19,769", "type": "train", "epoch": 21, "batch": 5839, "n_batches": 7774, "time": 1.143, "data_time": 0.001, "lr": 1e-05, "loss": -53.523}
{"message": "", "levelname": "INFO", "name": "Trainer", "asctime": "2026-04-16 13:38:30,979", "type": "train", "epoch": 21, "batch": 5919, "n_batches": 7774, "time": 1.142, "data_time": 0.0, "lr": 1e-05, "loss": -49.836}
{"message": "", "levelname": "INFO", "name": "Trainer", "asctime": "2026-04-16 13:38:41,917", "type": "train", "epoch": 21, "batch": 5999, "n_batches": 7774, "time": 1.131, "data_time": 0.0, "lr": 1e-05, "loss": -52.358}
{"message": "", "levelname": "INFO", "name": "Trainer", "asctime": "2026-04-16 13:38:53,017", "type": "train", "epoch": 21, "batch": 6079, "n_batches": 7774, "time": 0.889, "data_time": 0.0, "lr": 1e-05, "loss": -42.256}
{"message": "", "levelname": "INFO", "name": "Trainer", "asctime": "2026-04-16 13:39:03,909", "type": "train", "epoch": 21, "batch": 6159, "n_batches": 7774, "time": 1.037, "data_time": 0.0, "lr": 1e-05, "loss": -49.441}
{"message": "", "levelname": "INFO", "name": "Trainer", "asctime": "2026-04-16 13:39:14,917", "type": "train", "epoch": 21, "batch": 6239, "n_batches": 7774, "time": 0.966, "data_time": 0.001, "lr": 1e-05, "loss": -37.432}
{"message": "", "levelname": "INFO", "name": "Trainer", "asctime": "2026-04-16 13:39:26,326", "type": "train", "epoch": 21, "batch": 6319, "n_batches": 7774, "time": 1.119, "data_time": 0.0, "lr": 1e-05, "loss": -54.101}
{"message": "", "levelname": "INFO", "name": "Trainer", "asctime": "2026-04-16 13:39:37,398", "type": "train", "epoch": 21, "batch": 6399, "n_batches": 7774, "time": 1.125, "data_time": 0.001, "lr": 1e-05, "loss": -44.518}
{"message": "", "levelname": "INFO", "name": "Trainer", "asctime": "2026-04-16 13:39:47,795", "type": "train", "epoch": 21, "batch": 6479, "n_batches": 7774, "time": 1.251, "data_time": 0.0, "lr": 1e-05, "loss": -53.297}
{"message": "", "levelname": "INFO", "name": "Trainer", "asctime": "2026-04-16 13:39:58,597", "type": "train", "epoch": 21, "batch": 6559, "n_batches": 7774, "time": 0.971, "data_time": 0.001, "lr": 1e-05, "loss": -48.774}
{"message": "", "levelname": "INFO", "name": "Trainer", "asctime": "2026-04-16 13:40:09,446", "type": "train", "epoch": 21, "batch": 6639, "n_batches": 7774, "time": 1.165, "data_time": 0.001, "lr": 1e-05, "loss": -51.897}
{"message": "", "levelname": "INFO", "name": "Trainer", "asctime": "2026-04-16 13:40:19,444", "type": "train", "epoch": 21, "batch": 6719, "n_batches": 7774, "time": 1.042, "data_time": 0.001, "lr": 1e-05, "loss": -48.579}
{"message": "", "levelname": "INFO", "name": "Trainer", "asctime": "2026-04-16 13:40:30,116", "type": "train", "epoch": 21, "batch": 6799, "n_batches": 7774, "time": 1.264, "data_time": 0.001, "lr": 1e-05, "loss": -48.648}
{"message": "", "levelname": "INFO", "name": "Trainer", "asctime": "2026-04-16 13:40:41,411", "type": "train", "epoch": 21, "batch": 6879, "n_batches": 7774, "time": 1.403, "data_time": 0.001, "lr": 1e-05, "loss": -46.036}
{"message": "", "levelname": "INFO", "name": "Trainer", "asctime": "2026-04-16 13:40:51,941", "type": "train", "epoch": 21, "batch": 6959, "n_batches": 7774, "time": 0.967, "data_time": 0.001, "lr": 1e-05, "loss": -52.157}
{"message": "", "levelname": "INFO", "name": "Trainer", "asctime": "2026-04-16 13:41:01,907", "type": "train", "epoch": 21, "batch": 7039, "n_batches": 7774, "time": 1.305, "data_time": 0.001, "lr": 1e-05, "loss": -47.261}
{"message": "", "levelname": "INFO", "name": "Trainer", "asctime": "2026-04-16 13:41:12,990", "type": "train", "epoch": 21, "batch": 7119, "n_batches": 7774, "time": 1.321, "data_time": 0.001, "lr": 1e-05, "loss": -52.481}
{"message": "", "levelname": "INFO", "name": "Trainer", "asctime": "2026-04-16 13:41:23,895", "type": "train", "epoch": 21, "batch": 7199, "n_batches": 7774, "time": 1.306, "data_time": 0.001, "lr": 1e-05, "loss": -53.807}
{"message": "", "levelname": "INFO", "name": "Trainer", "asctime": "2026-04-16 13:41:34,332", "type": "train", "epoch": 21, "batch": 7279, "n_batches": 7774, "time": 1.236, "data_time": 0.001, "lr": 1e-05, "loss": -50.582}
{"message": "", "levelname": "INFO", "name": "Trainer", "asctime": "2026-04-16 13:41:45,615", "type": "train", "epoch": 21, "batch": 7359, "n_batches": 7774, "time": 0.904, "data_time": 0.0, "lr": 1e-05, "loss": -51.788}
{"message": "", "levelname": "INFO", "name": "Trainer", "asctime": "2026-04-16 13:41:56,564", "type": "train", "epoch": 21, "batch": 7439, "n_batches": 7774, "time": 1.256, "data_time": 0.001, "lr": 1e-05, "loss": -49.786}
{"message": "", "levelname": "INFO", "name": "Trainer", "asctime": "2026-04-16 13:42:07,429", "type": "train", "epoch": 21, "batch": 7519, "n_batches": 7774, "time": 0.903, "data_time": 0.0, "lr": 1e-05, "loss": -52.205}
{"message": "", "levelname": "INFO", "name": "Trainer", "asctime": "2026-04-16 13:42:18,490", "type": "train", "epoch": 21, "batch": 7599, "n_batches": 7774, "time": 1.282, "data_time": 0.001, "lr": 1e-05, "loss": -50.322}
{"message": "", "levelname": "INFO", "name": "Trainer", "asctime": "2026-04-16 13:42:30,137", "type": "train", "epoch": 21, "batch": 7679, "n_batches": 7774, "time": 1.15, "data_time": 0.001, "lr": 1e-05, "loss": -50.095}
{"message": "", "levelname": "INFO", "name": "Trainer", "asctime": "2026-04-16 13:42:40,746", "type": "train", "epoch": 21, "batch": 7759, "n_batches": 7774, "time": 1.056, "data_time": 0.001, "lr": 1e-05, "loss": -49.882}
{"message": "", "levelname": "INFO", "name": "Trainer", "asctime": "2026-04-16 13:42:42,088", "type": "train-epoch", "epoch": 22, "loss": -6.17057, "time": 1049.1}
{"message": "", "levelname": "INFO", "name": "Trainer", "asctime": "2026-04-16 13:44:39,430", "type": "val-epoch", "epoch": 22, "loss": 2.258, "test_loss": 2.324, "time": 117.3}
{"message": "", "levelname": "INFO", "name": "Trainer", "asctime": "2026-04-16 13:44:50,758", "type": "train", "epoch": 22, "batch": 79, "n_batches": 7774, "time": 1.336, "data_time": 0.001, "lr": 1e-05, "loss": -53.125}
{"message": "", "levelname": "INFO", "name": "Trainer", "asctime": "2026-04-16 13:45:01,392", "type": "train", "epoch": 22, "batch": 159, "n_batches": 7774, "time": 1.266, "data_time": 0.001, "lr": 1e-05, "loss": -49.685}
{"message": "", "levelname": "INFO", "name": "Trainer", "asctime": "2026-04-16 13:45:11,880", "type": "train", "epoch": 22, "batch": 239, "n_batches": 7774, "time": 1.134, "data_time": 0.001, "lr": 1e-05, "loss": -49.28}
{"message": "", "levelname": "INFO", "name": "Trainer", "asctime": "2026-04-16 13:45:22,745", "type": "train", "epoch": 22, "batch": 319, "n_batches": 7774, "time": 1.049, "data_time": 0.001, "lr": 1e-05, "loss": -51.987}
{"message": "", "levelname": "INFO", "name": "Trainer", "asctime": "2026-04-16 13:45:33,233", "type": "train", "epoch": 22, "batch": 399, "n_batches": 7774, "time": 1.097, "data_time": 0.001, "lr": 1e-05, "loss": -47.118}
{"message": "", "levelname": "INFO", "name": "Trainer", "asctime": "2026-04-16 13:45:43,950", "type": "train", "epoch": 22, "batch": 479, "n_batches": 7774, "time": 1.026, "data_time": 0.0, "lr": 1e-05, "loss": -50.287}
{"message": "", "levelname": "INFO", "name": "Trainer", "asctime": "2026-04-16 13:45:54,378", "type": "train", "epoch": 22, "batch": 559, "n_batches": 7774, "time": 1.238, "data_time": 0.001, "lr": 1e-05, "loss": -49.54}
{"message": "", "levelname": "INFO", "name": "Trainer", "asctime": "2026-04-16 13:46:05,984", "type": "train", "epoch": 22, "batch": 639, "n_batches": 7774, "time": 1.15, "data_time": 0.001, "lr": 1e-05, "loss": -49.72}
{"message": "", "levelname": "INFO", "name": "Trainer", "asctime": "2026-04-16 13:46:16,504", "type": "train", "epoch": 22, "batch": 719, "n_batches": 7774, "time": 1.113, "data_time": 0.001, "lr": 1e-05, "loss": -50.864}
{"message": "", "levelname": "INFO", "name": "Trainer", "asctime": "2026-04-16 13:46:26,963", "type": "train", "epoch": 22, "batch": 799, "n_batches": 7774, "time": 0.868, "data_time": 0.0, "lr": 1e-05, "loss": -42.03}
{"message": "", "levelname": "INFO", "name": "Trainer", "asctime": "2026-04-16 13:46:38,332", "type": "train", "epoch": 22, "batch": 879, "n_batches": 7774, "time": 1.321, "data_time": 0.0, "lr": 1e-05, "loss": -45.986}
{"message": "", "levelname": "INFO", "name": "Trainer", "asctime": "2026-04-16 13:46:49,467", "type": "train", "epoch": 22, "batch": 959, "n_batches": 7774, "time": 0.849, "data_time": 0.0, "lr": 1e-05, "loss": -45.011}
{"message": "", "levelname": "INFO", "name": "Trainer", "asctime": "2026-04-16 13:46:59,947", "type": "train", "epoch": 22, "batch": 1039, "n_batches": 7774, "time": 0.717, "data_time": 0.001, "lr": 1e-05, "loss": -49.709}
{"message": "", "levelname": "INFO", "name": "Trainer", "asctime": "2026-04-16 13:47:10,065", "type": "train", "epoch": 22, "batch": 1119, "n_batches": 7774, "time": 1.047, "data_time": 0.001, "lr": 1e-05, "loss": -44.345}
{"message": "", "levelname": "INFO", "name": "Trainer", "asctime": "2026-04-16 13:47:20,898", "type": "train", "epoch": 22, "batch": 1199, "n_batches": 7774, "time": 1.387, "data_time": 0.0, "lr": 1e-05, "loss": -52.347}
{"message": "", "levelname": "INFO", "name": "Trainer", "asctime": "2026-04-16 13:47:31,610", "type": "train", "epoch": 22, "batch": 1279, "n_batches": 7774, "time": 0.984, "data_time": 0.0, "lr": 1e-05, "loss": -43.273}
{"message": "", "levelname": "INFO", "name": "Trainer", "asctime": "2026-04-16 13:47:42,481", "type": "train", "epoch": 22, "batch": 1359, "n_batches": 7774, "time": 1.336, "data_time": 0.001, "lr": 1e-05, "loss": -49.577}
{"message": "", "levelname": "INFO", "name": "Trainer", "asctime": "2026-04-16 13:47:53,404", "type": "train", "epoch": 22, "batch": 1439, "n_batches": 7774, "time": 1.07, "data_time": 0.001, "lr": 1e-05, "loss": -50.962}
{"message": "", "levelname": "INFO", "name": "Trainer", "asctime": "2026-04-16 13:48:04,651", "type": "train", "epoch": 22, "batch": 1519, "n_batches": 7774, "time": 0.991, "data_time": 0.001, "lr": 1e-05, "loss": -49.663}
{"message": "", "levelname": "INFO", "name": "Trainer", "asctime": "2026-04-16 13:48:15,287", "type": "train", "epoch": 22, "batch": 1599, "n_batches": 7774, "time": 1.209, "data_time": 0.0, "lr": 1e-05, "loss": -47.979}
{"message": "", "levelname": "INFO", "name": "Trainer", "asctime": "2026-04-16 13:48:25,943", "type": "train", "epoch": 22, "batch": 1679, "n_batches": 7774, "time": 1.055, "data_time": 0.0, "lr": 1e-05, "loss": -50.485}
{"message": "", "levelname": "INFO", "name": "Trainer", "asctime": "2026-04-16 13:48:37,423", "type": "train", "epoch": 22, "batch": 1759, "n_batches": 7774, "time": 1.192, "data_time": 0.0, "lr": 1e-05, "loss": -47.669}
{"message": "", "levelname": "INFO", "name": "Trainer", "asctime": "2026-04-16 13:48:48,009", "type": "train", "epoch": 22, "batch": 1839, "n_batches": 7774, "time": 1.167, "data_time": 0.0, "lr": 1e-05, "loss": -50.539}
{"message": "", "levelname": "INFO", "name": "Trainer", "asctime": "2026-04-16 13:48:58,820", "type": "train", "epoch": 22, "batch": 1919, "n_batches": 7774, "time": 1.09, "data_time": 0.0, "lr": 1e-05, "loss": -51.79}
{"message": "", "levelname": "INFO", "name": "Trainer", "asctime": "2026-04-16 13:49:09,877", "type": "train", "epoch": 22, "batch": 1999, "n_batches": 7774, "time": 1.198, "data_time": 0.001, "lr": 1e-05, "loss": -46.579}
{"message": "", "levelname": "INFO", "name": "Trainer", "asctime": "2026-04-16 13:49:21,178", "type": "train", "epoch": 22, "batch": 2079, "n_batches": 7774, "time": 1.167, "data_time": 0.001, "lr": 1e-05, "loss": -42.583}
{"message": "", "levelname": "INFO", "name": "Trainer", "asctime": "2026-04-16 13:49:31,959", "type": "train", "epoch": 22, "batch": 2159, "n_batches": 7774, "time": 1.037, "data_time": 0.0, "lr": 1e-05, "loss": -50.115}
{"message": "", "levelname": "INFO", "name": "Trainer", "asctime": "2026-04-16 13:49:43,145", "type": "train", "epoch": 22, "batch": 2239, "n_batches": 7774, "time": 1.102, "data_time": 0.001, "lr": 1e-05, "loss": -47.802}
{"message": "", "levelname": "INFO", "name": "Trainer", "asctime": "2026-04-16 13:49:54,004", "type": "train", "epoch": 22, "batch": 2319, "n_batches": 7774, "time": 1.014, "data_time": 0.001, "lr": 1e-05, "loss": -50.652}
{"message": "", "levelname": "INFO", "name": "Trainer", "asctime": "2026-04-16 13:50:03,927", "type": "train", "epoch": 22, "batch": 2399, "n_batches": 7774, "time": 0.758, "data_time": 0.0, "lr": 1e-05, "loss": -50.549}
{"message": "", "levelname": "INFO", "name": "Trainer", "asctime": "2026-04-16 13:50:14,345", "type": "train", "epoch": 22, "batch": 2479, "n_batches": 7774, "time": 1.272, "data_time": 0.0, "lr": 1e-05, "loss": -48.31}
{"message": "", "levelname": "INFO", "name": "Trainer", "asctime": "2026-04-16 13:50:24,093", "type": "train", "epoch": 22, "batch": 2559, "n_batches": 7774, "time": 0.989, "data_time": 0.0, "lr": 1e-05, "loss": -52.121}
{"message": "", "levelname": "INFO", "name": "Trainer", "asctime": "2026-04-16 13:50:35,269", "type": "train", "epoch": 22, "batch": 2639, "n_batches": 7774, "time": 1.113, "data_time": 0.001, "lr": 1e-05, "loss": -44.06}
{"message": "", "levelname": "INFO", "name": "Trainer", "asctime": "2026-04-16 13:50:46,302", "type": "train", "epoch": 22, "batch": 2719, "n_batches": 7774, "time": 0.853, "data_time": 0.0, "lr": 1e-05, "loss": -50.703}
{"message": "", "levelname": "INFO", "name": "Trainer", "asctime": "2026-04-16 13:50:57,597", "type": "train", "epoch": 22, "batch": 2799, "n_batches": 7774, "time": 1.122, "data_time": 0.001, "lr": 1e-05, "loss": -51.572}
{"message": "", "levelname": "INFO", "name": "Trainer", "asctime": "2026-04-16 13:51:08,499", "type": "train", "epoch": 22, "batch": 2879, "n_batches": 7774, "time": 1.019, "data_time": 0.001, "lr": 1e-05, "loss": -49.858}
{"message": "", "levelname": "INFO", "name": "Trainer", "asctime": "2026-04-16 13:51:18,770", "type": "train", "epoch": 22, "batch": 2959, "n_batches": 7774, "time": 0.94, "data_time": 0.001, "lr": 1e-05, "loss": -50.886}
{"message": "", "levelname": "INFO", "name": "Trainer", "asctime": "2026-04-16 13:51:29,819", "type": "train", "epoch": 22, "batch": 3039, "n_batches": 7774, "time": 0.924, "data_time": 0.001, "lr": 1e-05, "loss": -50.183}
{"message": "", "levelname": "INFO", "name": "Trainer", "asctime": "2026-04-16 13:51:41,546", "type": "train", "epoch": 22, "batch": 3119, "n_batches": 7774, "time": 1.151, "data_time": 0.001, "lr": 1e-05, "loss": -52.91}
{"message": "", "levelname": "INFO", "name": "Trainer", "asctime": "2026-04-16 13:51:52,749", "type": "train", "epoch": 22, "batch": 3199, "n_batches": 7774, "time": 1.05, "data_time": 0.001, "lr": 1e-05, "loss": -52.24}
{"message": "", "levelname": "INFO", "name": "Trainer", "asctime": "2026-04-16 13:52:03,594", "type": "train", "epoch": 22, "batch": 3279, "n_batches": 7774, "time": 1.118, "data_time": 0.001, "lr": 1e-05, "loss": -50.153}
{"message": "", "levelname": "INFO", "name": "Trainer", "asctime": "2026-04-16 13:52:14,742", "type": "train", "epoch": 22, "batch": 3359, "n_batches": 7774, "time": 1.099, "data_time": 0.0, "lr": 1e-05, "loss": -51.063}
{"message": "", "levelname": "INFO", "name": "Trainer", "asctime": "2026-04-16 13:52:25,509", "type": "train", "epoch": 22, "batch": 3439, "n_batches": 7774, "time": 1.253, "data_time": 0.001, "lr": 1e-05, "loss": -49.434}
{"message": "", "levelname": "INFO", "name": "Trainer", "asctime": "2026-04-16 13:52:36,322", "type": "train", "epoch": 22, "batch": 3519, "n_batches": 7774, "time": 1.191, "data_time": 0.001, "lr": 1e-05, "loss": -52.126}
{"message": "", "levelname": "INFO", "name": "Trainer", "asctime": "2026-04-16 13:52:46,388", "type": "train", "epoch": 22, "batch": 3599, "n_batches": 7774, "time": 1.019, "data_time": 0.001, "lr": 1e-05, "loss": -53.153}
{"message": "", "levelname": "INFO", "name": "Trainer", "asctime": "2026-04-16 13:52:57,231", "type": "train", "epoch": 22, "batch": 3679, "n_batches": 7774, "time": 0.976, "data_time": 0.001, "lr": 1e-05, "loss": -47.146}
{"message": "", "levelname": "INFO", "name": "Trainer", "asctime": "2026-04-16 13:53:08,730", "type": "train", "epoch": 22, "batch": 3759, "n_batches": 7774, "time": 1.075, "data_time": 0.0, "lr": 1e-05, "loss": -43.971}
{"message": "", "levelname": "INFO", "name": "Trainer", "asctime": "2026-04-16 13:53:19,506", "type": "train", "epoch": 22, "batch": 3839, "n_batches": 7774, "time": 1.087, "data_time": 0.001, "lr": 1e-05, "loss": -52.685}
{"message": "", "levelname": "INFO", "name": "Trainer", "asctime": "2026-04-16 13:53:30,176", "type": "train", "epoch": 22, "batch": 3919, "n_batches": 7774, "time": 1.026, "data_time": 0.001, "lr": 1e-05, "loss": -49.84}
{"message": "", "levelname": "INFO", "name": "Trainer", "asctime": "2026-04-16 13:53:42,114", "type": "train", "epoch": 22, "batch": 3999, "n_batches": 7774, "time": 1.033, "data_time": 0.0, "lr": 1e-05, "loss": -47.45}
{"message": "", "levelname": "INFO", "name": "Trainer", "asctime": "2026-04-16 13:53:53,054", "type": "train", "epoch": 22, "batch": 4079, "n_batches": 7774, "time": 1.312, "data_time": 0.0, "lr": 1e-05, "loss": -50.452}
{"message": "", "levelname": "INFO", "name": "Trainer", "asctime": "2026-04-16 13:54:03,898", "type": "train", "epoch": 22, "batch": 4159, "n_batches": 7774, "time": 1.213, "data_time": 0.001, "lr": 1e-05, "loss": -51.412}
{"message": "", "levelname": "INFO", "name": "Trainer", "asctime": "2026-04-16 13:54:13,971", "type": "train", "epoch": 22, "batch": 4239, "n_batches": 7774, "time": 0.702, "data_time": 0.0, "lr": 1e-05, "loss": -48.56}
{"message": "", "levelname": "INFO", "name": "Trainer", "asctime": "2026-04-16 13:54:24,251", "type": "train", "epoch": 22, "batch": 4319, "n_batches": 7774, "time": 1.043, "data_time": 0.0, "lr": 1e-05, "loss": -50.231}
{"message": "", "levelname": "INFO", "name": "Trainer", "asctime": "2026-04-16 13:54:35,858", "type": "train", "epoch": 22, "batch": 4399, "n_batches": 7774, "time": 1.253, "data_time": 0.001, "lr": 1e-05, "loss": -51.904}
{"message": "", "levelname": "INFO", "name": "Trainer", "asctime": "2026-04-16 13:54:46,884", "type": "train", "epoch": 22, "batch": 4479, "n_batches": 7774, "time": 0.988, "data_time": 0.001, "lr": 1e-05, "loss": -52.028}
{"message": "", "levelname": "INFO", "name": "Trainer", "asctime": "2026-04-16 13:54:57,927", "type": "train", "epoch": 22, "batch": 4559, "n_batches": 7774, "time": 1.102, "data_time": 0.001, "lr": 1e-05, "loss": -49.512}
{"message": "", "levelname": "INFO", "name": "Trainer", "asctime": "2026-04-16 13:55:08,233", "type": "train", "epoch": 22, "batch": 4639, "n_batches": 7774, "time": 1.009, "data_time": 0.0, "lr": 1e-05, "loss": -49.947}
{"message": "", "levelname": "INFO", "name": "Trainer", "asctime": "2026-04-16 13:55:18,610", "type": "train", "epoch": 22, "batch": 4719, "n_batches": 7774, "time": 0.995, "data_time": 0.0, "lr": 1e-05, "loss": -49.041}
{"message": "", "levelname": "INFO", "name": "Trainer", "asctime": "2026-04-16 13:55:28,714", "type": "train", "epoch": 22, "batch": 4799, "n_batches": 7774, "time": 1.253, "data_time": 0.001, "lr": 1e-05, "loss": -50.344}
{"message": "", "levelname": "INFO", "name": "Trainer", "asctime": "2026-04-16 13:55:39,924", "type": "train", "epoch": 22, "batch": 4879, "n_batches": 7774, "time": 1.014, "data_time": 0.001, "lr": 1e-05, "loss": -52.166}
{"message": "", "levelname": "INFO", "name": "Trainer", "asctime": "2026-04-16 13:55:49,918", "type": "train", "epoch": 22, "batch": 4959, "n_batches": 7774, "time": 0.918, "data_time": 0.0, "lr": 1e-05, "loss": -50.416}
{"message": "", "levelname": "INFO", "name": "Trainer", "asctime": "2026-04-16 13:56:01,129", "type": "train", "epoch": 22, "batch": 5039, "n_batches": 7774, "time": 0.989, "data_time": 0.001, "lr": 1e-05, "loss": -50.312}
{"message": "", "levelname": "INFO", "name": "Trainer", "asctime": "2026-04-16 13:56:12,583", "type": "train", "epoch": 22, "batch": 5119, "n_batches": 7774, "time": 1.439, "data_time": 0.0, "lr": 1e-05, "loss": -53.148}
{"message": "", "levelname": "INFO", "name": "Trainer", "asctime": "2026-04-16 13:56:22,539", "type": "train", "epoch": 22, "batch": 5199, "n_batches": 7774, "time": 1.029, "data_time": 0.001, "lr": 1e-05, "loss": -51.435}
{"message": "", "levelname": "INFO", "name": "Trainer", "asctime": "2026-04-16 13:56:33,969", "type": "train", "epoch": 22, "batch": 5279, "n_batches": 7774, "time": 1.006, "data_time": 0.001, "lr": 1e-05, "loss": -48.611}
{"message": "", "levelname": "INFO", "name": "Trainer", "asctime": "2026-04-16 13:56:44,455", "type": "train", "epoch": 22, "batch": 5359, "n_batches": 7774, "time": 0.905, "data_time": 0.001, "lr": 1e-05, "loss": -48.823}
{"message": "", "levelname": "INFO", "name": "Trainer", "asctime": "2026-04-16 13:56:55,427", "type": "train", "epoch": 22, "batch": 5439, "n_batches": 7774, "time": 1.127, "data_time": 0.001, "lr": 1e-05, "loss": -46.963}
{"message": "", "levelname": "INFO", "name": "Trainer", "asctime": "2026-04-16 13:57:05,988", "type": "train", "epoch": 22, "batch": 5519, "n_batches": 7774, "time": 1.307, "data_time": 0.001, "lr": 1e-05, "loss": -52.318}
{"message": "", "levelname": "INFO", "name": "Trainer", "asctime": "2026-04-16 13:57:16,670", "type": "train", "epoch": 22, "batch": 5599, "n_batches": 7774, "time": 0.985, "data_time": 0.0, "lr": 1e-05, "loss": -49.371}
{"message": "", "levelname": "INFO", "name": "Trainer", "asctime": "2026-04-16 13:57:26,433", "type": "train", "epoch": 22, "batch": 5679, "n_batches": 7774, "time": 0.874, "data_time": 0.0, "lr": 1e-05, "loss": -50.19}
{"message": "", "levelname": "INFO", "name": "Trainer", "asctime": "2026-04-16 13:57:37,831", "type": "train", "epoch": 22, "batch": 5759, "n_batches": 7774, "time": 0.944, "data_time": 0.0, "lr": 1e-05, "loss": -49.934}
{"message": "", "levelname": "INFO", "name": "Trainer", "asctime": "2026-04-16 13:57:48,675", "type": "train", "epoch": 22, "batch": 5839, "n_batches": 7774, "time": 1.149, "data_time": 0.001, "lr": 1e-05, "loss": -39.898}
{"message": "", "levelname": "INFO", "name": "Trainer", "asctime": "2026-04-16 13:57:59,960", "type": "train", "epoch": 22, "batch": 5919, "n_batches": 7774, "time": 0.882, "data_time": 0.0, "lr": 1e-05, "loss": -47.114}
{"message": "", "levelname": "INFO", "name": "Trainer", "asctime": "2026-04-16 13:58:10,603", "type": "train", "epoch": 22, "batch": 5999, "n_batches": 7774, "time": 1.12, "data_time": 0.0, "lr": 1e-05, "loss": -50.134}
{"message": "", "levelname": "INFO", "name": "Trainer", "asctime": "2026-04-16 13:58:20,811", "type": "train", "epoch": 22, "batch": 6079, "n_batches": 7774, "time": 1.202, "data_time": 0.0, "lr": 1e-05, "loss": -50.598}
{"message": "", "levelname": "INFO", "name": "Trainer", "asctime": "2026-04-16 13:58:30,560", "type": "train", "epoch": 22, "batch": 6159, "n_batches": 7774, "time": 0.973, "data_time": 0.0, "lr": 1e-05, "loss": -51.087}
{"message": "", "levelname": "INFO", "name": "Trainer", "asctime": "2026-04-16 13:58:41,648", "type": "train", "epoch": 22, "batch": 6239, "n_batches": 7774, "time": 1.174, "data_time": 0.001, "lr": 1e-05, "loss": -52.355}
{"message": "", "levelname": "INFO", "name": "Trainer", "asctime": "2026-04-16 13:58:52,654", "type": "train", "epoch": 22, "batch": 6319, "n_batches": 7774, "time": 1.153, "data_time": 0.001, "lr": 1e-05, "loss": -53.503}
{"message": "", "levelname": "INFO", "name": "Trainer", "asctime": "2026-04-16 13:59:02,662", "type": "train", "epoch": 22, "batch": 6399, "n_batches": 7774, "time": 0.998, "data_time": 0.0, "lr": 1e-05, "loss": -51.095}
{"message": "", "levelname": "INFO", "name": "Trainer", "asctime": "2026-04-16 13:59:13,814", "type": "train", "epoch": 22, "batch": 6479, "n_batches": 7774, "time": 1.001, "data_time": 0.0, "lr": 1e-05, "loss": -47.423}
{"message": "", "levelname": "INFO", "name": "Trainer", "asctime": "2026-04-16 13:59:24,766", "type": "train", "epoch": 22, "batch": 6559, "n_batches": 7774, "time": 1.491, "data_time": 0.001, "lr": 1e-05, "loss": -50.897}
{"message": "", "levelname": "INFO", "name": "Trainer", "asctime": "2026-04-16 13:59:35,113", "type": "train", "epoch": 22, "batch": 6639, "n_batches": 7774, "time": 0.905, "data_time": 0.0, "lr": 1e-05, "loss": -52.1}
{"message": "", "levelname": "INFO", "name": "Trainer", "asctime": "2026-04-16 13:59:46,219", "type": "train", "epoch": 22, "batch": 6719, "n_batches": 7774, "time": 0.869, "data_time": 0.001, "lr": 1e-05, "loss": -48.873}
{"message": "", "levelname": "INFO", "name": "Trainer", "asctime": "2026-04-16 13:59:56,669", "type": "train", "epoch": 22, "batch": 6799, "n_batches": 7774, "time": 1.172, "data_time": 0.0, "lr": 1e-05, "loss": -42.76}
{"message": "", "levelname": "INFO", "name": "Trainer", "asctime": "2026-04-16 14:00:07,079", "type": "train", "epoch": 22, "batch": 6879, "n_batches": 7774, "time": 1.094, "data_time": 0.0, "lr": 1e-05, "loss": -49.181}
{"message": "", "levelname": "INFO", "name": "Trainer", "asctime": "2026-04-16 14:00:17,795", "type": "train", "epoch": 22, "batch": 6959, "n_batches": 7774, "time": 1.202, "data_time": 0.001, "lr": 1e-05, "loss": -51.485}
{"message": "", "levelname": "INFO", "name": "Trainer", "asctime": "2026-04-16 14:00:29,274", "type": "train", "epoch": 22, "batch": 7039, "n_batches": 7774, "time": 1.084, "data_time": 0.0, "lr": 1e-05, "loss": -52.568}
{"message": "", "levelname": "INFO", "name": "Trainer", "asctime": "2026-04-16 14:00:40,208", "type": "train", "epoch": 22, "batch": 7119, "n_batches": 7774, "time": 1.134, "data_time": 0.0, "lr": 1e-05, "loss": -52.234}
{"message": "", "levelname": "INFO", "name": "Trainer", "asctime": "2026-04-16 14:00:50,992", "type": "train", "epoch": 22, "batch": 7199, "n_batches": 7774, "time": 1.002, "data_time": 0.001, "lr": 1e-05, "loss": -50.126}
{"message": "", "levelname": "INFO", "name": "Trainer", "asctime": "2026-04-16 14:01:02,107", "type": "train", "epoch": 22, "batch": 7279, "n_batches": 7774, "time": 1.067, "data_time": 0.001, "lr": 1e-05, "loss": -45.25}
{"message": "", "levelname": "INFO", "name": "Trainer", "asctime": "2026-04-16 14:01:13,224", "type": "train", "epoch": 22, "batch": 7359, "n_batches": 7774, "time": 1.177, "data_time": 0.001, "lr": 1e-05, "loss": -46.708}
{"message": "", "levelname": "INFO", "name": "Trainer", "asctime": "2026-04-16 14:01:24,047", "type": "train", "epoch": 22, "batch": 7439, "n_batches": 7774, "time": 1.2, "data_time": 0.0, "lr": 1e-05, "loss": -51.925}
{"message": "", "levelname": "INFO", "name": "Trainer", "asctime": "2026-04-16 14:01:34,811", "type": "train", "epoch": 22, "batch": 7519, "n_batches": 7774, "time": 1.087, "data_time": 0.0, "lr": 1e-05, "loss": -50.301}
{"message": "", "levelname": "INFO", "name": "Trainer", "asctime": "2026-04-16 14:01:45,479", "type": "train", "epoch": 22, "batch": 7599, "n_batches": 7774, "time": 1.217, "data_time": 0.0, "lr": 1e-05, "loss": -47.798}
{"message": "", "levelname": "INFO", "name": "Trainer", "asctime": "2026-04-16 14:01:55,580", "type": "train", "epoch": 22, "batch": 7679, "n_batches": 7774, "time": 1.199, "data_time": 0.001, "lr": 1e-05, "loss": -52.05}
{"message": "", "levelname": "INFO", "name": "Trainer", "asctime": "2026-04-16 14:02:07,124", "type": "train", "epoch": 22, "batch": 7759, "n_batches": 7774, "time": 0.88, "data_time": 0.0, "lr": 1e-05, "loss": -50.281}
{"message": "", "levelname": "INFO", "name": "Trainer", "asctime": "2026-04-16 14:02:08,949", "type": "train-epoch", "epoch": 23, "loss": -6.19179, "time": 1049.5}
{"message": "", "levelname": "INFO", "name": "Trainer", "asctime": "2026-04-16 14:04:07,114", "type": "val-epoch", "epoch": 23, "loss": 2.272, "test_loss": 2.341, "time": 118.2}
{"message": "", "levelname": "INFO", "name": "Trainer", "asctime": "2026-04-16 14:04:17,565", "type": "train", "epoch": 23, "batch": 79, "n_batches": 7774, "time": 1.099, "data_time": 0.0, "lr": 1e-05, "loss": -49.543}
{"message": "", "levelname": "INFO", "name": "Trainer", "asctime": "2026-04-16 14:04:28,356", "type": "train", "epoch": 23, "batch": 159, "n_batches": 7774, "time": 1.213, "data_time": 0.001, "lr": 1e-05, "loss": -47.342}
{"message": "", "levelname": "INFO", "name": "Trainer", "asctime": "2026-04-16 14:04:39,031", "type": "train", "epoch": 23, "batch": 239, "n_batches": 7774, "time": 1.277, "data_time": 0.0, "lr": 1e-05, "loss": -52.487}
{"message": "", "levelname": "INFO", "name": "Trainer", "asctime": "2026-04-16 14:04:49,253", "type": "train", "epoch": 23, "batch": 319, "n_batches": 7774, "time": 0.89, "data_time": 0.001, "lr": 1e-05, "loss": -51.885}
{"message": "", "levelname": "INFO", "name": "Trainer", "asctime": "2026-04-16 14:05:01,126", "type": "train", "epoch": 23, "batch": 399, "n_batches": 7774, "time": 1.139, "data_time": 0.0, "lr": 1e-05, "loss": -49.833}
{"message": "", "levelname": "INFO", "name": "Trainer", "asctime": "2026-04-16 14:05:15,331", "type": "train", "epoch": 23, "batch": 479, "n_batches": 7774, "time": 0.749, "data_time": 0.001, "lr": 1e-05, "loss": -45.001}
{"message": "", "levelname": "INFO", "name": "Trainer", "asctime": "2026-04-16 14:05:26,882", "type": "train", "epoch": 23, "batch": 559, "n_batches": 7774, "time": 1.265, "data_time": 0.001, "lr": 1e-05, "loss": -53.294}
{"message": "", "levelname": "INFO", "name": "Trainer", "asctime": "2026-04-16 14:05:39,658", "type": "train", "epoch": 23, "batch": 639, "n_batches": 7774, "time": 1.265, "data_time": 0.0, "lr": 1e-05, "loss": -49.672}
{"message": "", "levelname": "INFO", "name": "Trainer", "asctime": "2026-04-16 14:05:52,913", "type": "train", "epoch": 23, "batch": 719, "n_batches": 7774, "time": 1.134, "data_time": 0.0, "lr": 1e-05, "loss": -52.918}
{"message": "", "levelname": "INFO", "name": "Trainer", "asctime": "2026-04-16 14:06:07,727", "type": "train", "epoch": 23, "batch": 799, "n_batches": 7774, "time": 1.3, "data_time": 0.0, "lr": 1e-05, "loss": -43.235}
{"message": "", "levelname": "INFO", "name": "Trainer", "asctime": "2026-04-16 14:06:19,416", "type": "train", "epoch": 23, "batch": 879, "n_batches": 7774, "time": 1.081, "data_time": 0.001, "lr": 1e-05, "loss": -47.716}
{"message": "", "levelname": "INFO", "name": "Trainer", "asctime": "2026-04-16 14:06:31,517", "type": "train", "epoch": 23, "batch": 959, "n_batches": 7774, "time": 1.148, "data_time": 0.001, "lr": 1e-05, "loss": -53.254}
{"message": "", "levelname": "INFO", "name": "Trainer", "asctime": "2026-04-16 14:06:43,154", "type": "train", "epoch": 23, "batch": 1039, "n_batches": 7774, "time": 1.272, "data_time": 0.001, "lr": 1e-05, "loss": -51.826}
{"message": "", "levelname": "INFO", "name": "Trainer", "asctime": "2026-04-16 14:06:59,446", "type": "train", "epoch": 23, "batch": 1119, "n_batches": 7774, "time": 1.236, "data_time": 0.0, "lr": 1e-05, "loss": -50.051}
{"message": "", "levelname": "INFO", "name": "Trainer", "asctime": "2026-04-16 14:07:11,673", "type": "train", "epoch": 23, "batch": 1199, "n_batches": 7774, "time": 1.252, "data_time": 0.001, "lr": 1e-05, "loss": -49.639}
{"message": "", "levelname": "INFO", "name": "Trainer", "asctime": "2026-04-16 14:07:23,588", "type": "train", "epoch": 23, "batch": 1279, "n_batches": 7774, "time": 1.207, "data_time": 0.0, "lr": 1e-05, "loss": -47.16}
{"message": "", "levelname": "INFO", "name": "Trainer", "asctime": "2026-04-16 14:07:37,534", "type": "train", "epoch": 23, "batch": 1359, "n_batches": 7774, "time": 2.052, "data_time": 0.001, "lr": 1e-05, "loss": -49.2}
{"message": "", "levelname": "INFO", "name": "Trainer", "asctime": "2026-04-16 14:07:52,155", "type": "train", "epoch": 23, "batch": 1439, "n_batches": 7774, "time": 2.126, "data_time": 0.001, "lr": 1e-05, "loss": -51.334}
{"message": "", "levelname": "INFO", "name": "Trainer", "asctime": "2026-04-16 14:08:05,049", "type": "train", "epoch": 23, "batch": 1519, "n_batches": 7774, "time": 1.165, "data_time": 0.001, "lr": 1e-05, "loss": -46.408}
{"message": "", "levelname": "INFO", "name": "Trainer", "asctime": "2026-04-16 14:08:17,851", "type": "train", "epoch": 23, "batch": 1599, "n_batches": 7774, "time": 1.171, "data_time": 0.001, "lr": 1e-05, "loss": -51.682}
{"message": "", "levelname": "INFO", "name": "Trainer", "asctime": "2026-04-16 14:08:28,924", "type": "train", "epoch": 23, "batch": 1679, "n_batches": 7774, "time": 1.104, "data_time": 0.0, "lr": 1e-05, "loss": -41.817}
{"message": "", "levelname": "INFO", "name": "Trainer", "asctime": "2026-04-16 14:08:40,633", "type": "train", "epoch": 23, "batch": 1759, "n_batches": 7774, "time": 1.486, "data_time": 0.001, "lr": 1e-05, "loss": -50.523}
{"message": "", "levelname": "INFO", "name": "Trainer", "asctime": "2026-04-16 14:08:52,139", "type": "train", "epoch": 23, "batch": 1839, "n_batches": 7774, "time": 0.975, "data_time": 0.001, "lr": 1e-05, "loss": -50.15}
{"message": "", "levelname": "INFO", "name": "Trainer", "asctime": "2026-04-16 14:09:04,017", "type": "train", "epoch": 23, "batch": 1919, "n_batches": 7774, "time": 0.849, "data_time": 0.001, "lr": 1e-05, "loss": -47.671}
{"message": "", "levelname": "INFO", "name": "Trainer", "asctime": "2026-04-16 14:09:15,353", "type": "train", "epoch": 23, "batch": 1999, "n_batches": 7774, "time": 0.916, "data_time": 0.001, "lr": 1e-05, "loss": -51.274}
{"message": "", "levelname": "INFO", "name": "Trainer", "asctime": "2026-04-16 14:09:26,386", "type": "train", "epoch": 23, "batch": 2079, "n_batches": 7774, "time": 1.375, "data_time": 0.001, "lr": 1e-05, "loss": -45.983}
{"message": "", "levelname": "INFO", "name": "Trainer", "asctime": "2026-04-16 14:09:37,005", "type": "train", "epoch": 23, "batch": 2159, "n_batches": 7774, "time": 0.918, "data_time": 0.0, "lr": 1e-05, "loss": -48.006}
{"message": "", "levelname": "INFO", "name": "Trainer", "asctime": "2026-04-16 14:09:47,551", "type": "train", "epoch": 23, "batch": 2239, "n_batches": 7774, "time": 1.145, "data_time": 0.001, "lr": 1e-05, "loss": -50.87}
{"message": "", "levelname": "INFO", "name": "Trainer", "asctime": "2026-04-16 14:09:58,759", "type": "train", "epoch": 23, "batch": 2319, "n_batches": 7774, "time": 1.175, "data_time": 0.001, "lr": 1e-05, "loss": -53.817}
{"message": "", "levelname": "INFO", "name": "Trainer", "asctime": "2026-04-16 14:10:09,658", "type": "train", "epoch": 23, "batch": 2399, "n_batches": 7774, "time": 1.2, "data_time": 0.001, "lr": 1e-05, "loss": -49.669}
{"message": "", "levelname": "INFO", "name": "Trainer", "asctime": "2026-04-16 14:10:20,682", "type": "train", "epoch": 23, "batch": 2479, "n_batches": 7774, "time": 1.08, "data_time": 0.001, "lr": 1e-05, "loss": -53.076}
{"message": "", "levelname": "INFO", "name": "Trainer", "asctime": "2026-04-16 14:10:32,802", "type": "train", "epoch": 23, "batch": 2559, "n_batches": 7774, "time": 1.216, "data_time": 0.001, "lr": 1e-05, "loss": -50.321}
{"message": "", "levelname": "INFO", "name": "Trainer", "asctime": "2026-04-16 14:10:44,619", "type": "train", "epoch": 23, "batch": 2639, "n_batches": 7774, "time": 0.728, "data_time": 0.0, "lr": 1e-05, "loss": -52.919}
{"message": "", "levelname": "INFO", "name": "Trainer", "asctime": "2026-04-16 14:10:56,745", "type": "train", "epoch": 23, "batch": 2719, "n_batches": 7774, "time": 1.17, "data_time": 0.0, "lr": 1e-05, "loss": -43.323}
{"message": "", "levelname": "INFO", "name": "Trainer", "asctime": "2026-04-16 14:11:09,745", "type": "train", "epoch": 23, "batch": 2799, "n_batches": 7774, "time": 1.298, "data_time": 0.001, "lr": 1e-05, "loss": -46.454}
{"message": "", "levelname": "INFO", "name": "Trainer", "asctime": "2026-04-16 14:11:23,548", "type": "train", "epoch": 23, "batch": 2879, "n_batches": 7774, "time": 2.032, "data_time": 0.001, "lr": 1e-05, "loss": -50.277}
{"message": "", "levelname": "INFO", "name": "Trainer", "asctime": "2026-04-16 14:11:41,089", "type": "train", "epoch": 23, "batch": 2959, "n_batches": 7774, "time": 1.433, "data_time": 0.001, "lr": 1e-05, "loss": -43.284}
{"message": "", "levelname": "INFO", "name": "Trainer", "asctime": "2026-04-16 14:11:53,191", "type": "train", "epoch": 23, "batch": 3039, "n_batches": 7774, "time": 0.925, "data_time": 0.001, "lr": 1e-05, "loss": -52.446}
{"message": "", "levelname": "INFO", "name": "Trainer", "asctime": "2026-04-16 14:12:04,514", "type": "train", "epoch": 23, "batch": 3119, "n_batches": 7774, "time": 1.161, "data_time": 0.001, "lr": 1e-05, "loss": -48.552}
{"message": "", "levelname": "INFO", "name": "Trainer", "asctime": "2026-04-16 14:12:15,558", "type": "train", "epoch": 23, "batch": 3199, "n_batches": 7774, "time": 1.138, "data_time": 0.0, "lr": 1e-05, "loss": -50.076}
{"message": "", "levelname": "INFO", "name": "Trainer", "asctime": "2026-04-16 14:12:26,271", "type": "train", "epoch": 23, "batch": 3279, "n_batches": 7774, "time": 1.071, "data_time": 0.0, "lr": 1e-05, "loss": -47.803}
{"message": "", "levelname": "INFO", "name": "Trainer", "asctime": "2026-04-16 14:12:39,401", "type": "train", "epoch": 23, "batch": 3359, "n_batches": 7774, "time": 1.301, "data_time": 0.0, "lr": 1e-05, "loss": -48.478}
{"message": "", "levelname": "INFO", "name": "Trainer", "asctime": "2026-04-16 14:12:51,113", "type": "train", "epoch": 23, "batch": 3439, "n_batches": 7774, "time": 1.15, "data_time": 0.001, "lr": 1e-05, "loss": -52.155}
{"message": "", "levelname": "INFO", "name": "Trainer", "asctime": "2026-04-16 14:13:03,659", "type": "train", "epoch": 23, "batch": 3519, "n_batches": 7774, "time": 1.038, "data_time": 0.0, "lr": 1e-05, "loss": -46.481}
{"message": "", "levelname": "INFO", "name": "Trainer", "asctime": "2026-04-16 14:13:16,517", "type": "train", "epoch": 23, "batch": 3599, "n_batches": 7774, "time": 1.236, "data_time": 0.001, "lr": 1e-05, "loss": -47.218}
{"message": "", "levelname": "INFO", "name": "Trainer", "asctime": "2026-04-16 14:13:29,829", "type": "train", "epoch": 23, "batch": 3679, "n_batches": 7774, "time": 1.404, "data_time": 0.001, "lr": 1e-05, "loss": -53.889}
{"message": "", "levelname": "INFO", "name": "Trainer", "asctime": "2026-04-16 14:13:41,088", "type": "train", "epoch": 23, "batch": 3759, "n_batches": 7774, "time": 1.064, "data_time": 0.0, "lr": 1e-05, "loss": -51.308}
{"message": "", "levelname": "INFO", "name": "Trainer", "asctime": "2026-04-16 14:13:54,629", "type": "train", "epoch": 23, "batch": 3839, "n_batches": 7774, "time": 1.862, "data_time": 0.001, "lr": 1e-05, "loss": -51.85}
{"message": "", "levelname": "INFO", "name": "Trainer", "asctime": "2026-04-16 14:14:08,836", "type": "train", "epoch": 23, "batch": 3919, "n_batches": 7774, "time": 1.03, "data_time": 0.0, "lr": 1e-05, "loss": -51.783}
{"message": "", "levelname": "INFO", "name": "Trainer", "asctime": "2026-04-16 14:14:21,282", "type": "train", "epoch": 23, "batch": 3999, "n_batches": 7774, "time": 1.241, "data_time": 0.001, "lr": 1e-05, "loss": -51.324}
{"message": "", "levelname": "INFO", "name": "Trainer", "asctime": "2026-04-16 14:14:35,903", "type": "train", "epoch": 23, "batch": 4079, "n_batches": 7774, "time": 1.218, "data_time": 0.0, "lr": 1e-05, "loss": -51.749}
{"message": "", "levelname": "INFO", "name": "Trainer", "asctime": "2026-04-16 14:14:50,434", "type": "train", "epoch": 23, "batch": 4159, "n_batches": 7774, "time": 1.363, "data_time": 0.001, "lr": 1e-05, "loss": -51.315}
{"message": "", "levelname": "INFO", "name": "Trainer", "asctime": "2026-04-16 14:15:02,203", "type": "train", "epoch": 23, "batch": 4239, "n_batches": 7774, "time": 1.079, "data_time": 0.0, "lr": 1e-05, "loss": -52.924}
{"message": "", "levelname": "INFO", "name": "Trainer", "asctime": "2026-04-16 14:15:14,269", "type": "train", "epoch": 23, "batch": 4319, "n_batches": 7774, "time": 1.111, "data_time": 0.0, "lr": 1e-05, "loss": -50.132}
{"message": "", "levelname": "INFO", "name": "Trainer", "asctime": "2026-04-16 14:15:27,588", "type": "train", "epoch": 23, "batch": 4399, "n_batches": 7774, "time": 1.351, "data_time": 0.001, "lr": 1e-05, "loss": -53.278}
{"message": "", "levelname": "INFO", "name": "Trainer", "asctime": "2026-04-16 14:15:41,739", "type": "train", "epoch": 23, "batch": 4479, "n_batches": 7774, "time": 1.409, "data_time": 0.001, "lr": 1e-05, "loss": -48.968}
{"message": "", "levelname": "INFO", "name": "Trainer", "asctime": "2026-04-16 14:15:54,496", "type": "train", "epoch": 23, "batch": 4559, "n_batches": 7774, "time": 1.3, "data_time": 0.0, "lr": 1e-05, "loss": -46.125}
{"message": "", "levelname": "INFO", "name": "Trainer", "asctime": "2026-04-16 14:16:06,319", "type": "train", "epoch": 23, "batch": 4639, "n_batches": 7774, "time": 1.391, "data_time": 0.0, "lr": 1e-05, "loss": -49.645}
{"message": "", "levelname": "INFO", "name": "Trainer", "asctime": "2026-04-16 14:16:19,774", "type": "train", "epoch": 23, "batch": 4719, "n_batches": 7774, "time": 1.125, "data_time": 0.0, "lr": 1e-05, "loss": -53.482}
{"message": "", "levelname": "INFO", "name": "Trainer", "asctime": "2026-04-16 14:16:31,737", "type": "train", "epoch": 23, "batch": 4799, "n_batches": 7774, "time": 1.107, "data_time": 0.0, "lr": 1e-05, "loss": -51.362}
{"message": "", "levelname": "INFO", "name": "Trainer", "asctime": "2026-04-16 14:16:43,548", "type": "train", "epoch": 23, "batch": 4879, "n_batches": 7774, "time": 0.946, "data_time": 0.001, "lr": 1e-05, "loss": -49.069}
{"message": "", "levelname": "INFO", "name": "Trainer", "asctime": "2026-04-16 14:16:54,787", "type": "train", "epoch": 23, "batch": 4959, "n_batches": 7774, "time": 1.11, "data_time": 0.0, "lr": 1e-05, "loss": -48.238}
{"message": "", "levelname": "INFO", "name": "Trainer", "asctime": "2026-04-16 14:17:07,614", "type": "train", "epoch": 23, "batch": 5039, "n_batches": 7774, "time": 1.438, "data_time": 0.001, "lr": 1e-05, "loss": -53.028}
{"message": "", "levelname": "INFO", "name": "Trainer", "asctime": "2026-04-16 14:17:22,513", "type": "train", "epoch": 23, "batch": 5119, "n_batches": 7774, "time": 1.352, "data_time": 0.001, "lr": 1e-05, "loss": -52.92}
{"message": "", "levelname": "INFO", "name": "Trainer", "asctime": "2026-04-16 14:17:34,647", "type": "train", "epoch": 23, "batch": 5199, "n_batches": 7774, "time": 1.023, "data_time": 0.0, "lr": 1e-05, "loss": -53.371}
{"message": "", "levelname": "INFO", "name": "Trainer", "asctime": "2026-04-16 14:17:46,428", "type": "train", "epoch": 23, "batch": 5279, "n_batches": 7774, "time": 1.144, "data_time": 0.0, "lr": 1e-05, "loss": -50.707}
{"message": "", "levelname": "INFO", "name": "Trainer", "asctime": "2026-04-16 14:17:57,148", "type": "train", "epoch": 23, "batch": 5359, "n_batches": 7774, "time": 1.338, "data_time": 0.001, "lr": 1e-05, "loss": -52.797}
{"message": "", "levelname": "INFO", "name": "Trainer", "asctime": "2026-04-16 14:18:08,559", "type": "train", "epoch": 23, "batch": 5439, "n_batches": 7774, "time": 1.191, "data_time": 0.0, "lr": 1e-05, "loss": -50.534}
{"message": "", "levelname": "INFO", "name": "Trainer", "asctime": "2026-04-16 14:18:20,069", "type": "train", "epoch": 23, "batch": 5519, "n_batches": 7774, "time": 1.159, "data_time": 0.001, "lr": 1e-05, "loss": -49.992}
{"message": "", "levelname": "INFO", "name": "Trainer", "asctime": "2026-04-16 14:18:33,573", "type": "train", "epoch": 23, "batch": 5599, "n_batches": 7774, "time": 1.147, "data_time": 0.001, "lr": 1e-05, "loss": -50.927}
{"message": "", "levelname": "INFO", "name": "Trainer", "asctime": "2026-04-16 14:18:44,287", "type": "train", "epoch": 23, "batch": 5679, "n_batches": 7774, "time": 1.102, "data_time": 0.0, "lr": 1e-05, "loss": -49.462}
{"message": "", "levelname": "INFO", "name": "Trainer", "asctime": "2026-04-16 14:18:56,812", "type": "train", "epoch": 23, "batch": 5759, "n_batches": 7774, "time": 1.37, "data_time": 0.001, "lr": 1e-05, "loss": -46.695}
{"message": "", "levelname": "INFO", "name": "Trainer", "asctime": "2026-04-16 14:19:07,698", "type": "train", "epoch": 23, "batch": 5839, "n_batches": 7774, "time": 0.911, "data_time": 0.001, "lr": 1e-05, "loss": -52.178}
{"message": "", "levelname": "INFO", "name": "Trainer", "asctime": "2026-04-16 14:19:19,056", "type": "train", "epoch": 23, "batch": 5919, "n_batches": 7774, "time": 1.059, "data_time": 0.001, "lr": 1e-05, "loss": -50.16}
{"message": "", "levelname": "INFO", "name": "Trainer", "asctime": "2026-04-16 14:19:30,913", "type": "train", "epoch": 23, "batch": 5999, "n_batches": 7774, "time": 1.109, "data_time": 0.001, "lr": 1e-05, "loss": -49.701}
{"message": "", "levelname": "INFO", "name": "Trainer", "asctime": "2026-04-16 14:19:43,480", "type": "train", "epoch": 23, "batch": 6079, "n_batches": 7774, "time": 0.949, "data_time": 0.0, "lr": 1e-05, "loss": -52.456}
{"message": "", "levelname": "INFO", "name": "Trainer", "asctime": "2026-04-16 14:19:55,538", "type": "train", "epoch": 23, "batch": 6159, "n_batches": 7774, "time": 1.586, "data_time": 0.0, "lr": 1e-05, "loss": -49.809}
{"message": "", "levelname": "INFO", "name": "Trainer", "asctime": "2026-04-16 14:20:08,125", "type": "train", "epoch": 23, "batch": 6239, "n_batches": 7774, "time": 1.41, "data_time": 0.0, "lr": 1e-05, "loss": -50.145}
{"message": "", "levelname": "INFO", "name": "Trainer", "asctime": "2026-04-16 14:20:21,007", "type": "train", "epoch": 23, "batch": 6319, "n_batches": 7774, "time": 0.815, "data_time": 0.0, "lr": 1e-05, "loss": -47.932}
{"message": "", "levelname": "INFO", "name": "Trainer", "asctime": "2026-04-16 14:20:32,209", "type": "train", "epoch": 23, "batch": 6399, "n_batches": 7774, "time": 1.286, "data_time": 0.001, "lr": 1e-05, "loss": -46.467}
{"message": "", "levelname": "INFO", "name": "Trainer", "asctime": "2026-04-16 14:20:43,559", "type": "train", "epoch": 23, "batch": 6479, "n_batches": 7774, "time": 1.299, "data_time": 0.001, "lr": 1e-05, "loss": -53.387}
{"message": "", "levelname": "INFO", "name": "Trainer", "asctime": "2026-04-16 14:20:58,873", "type": "train", "epoch": 23, "batch": 6559, "n_batches": 7774, "time": 1.83, "data_time": 0.001, "lr": 1e-05, "loss": -50.461}
{"message": "", "levelname": "INFO", "name": "Trainer", "asctime": "2026-04-16 14:21:15,871", "type": "train", "epoch": 23, "batch": 6639, "n_batches": 7774, "time": 1.374, "data_time": 0.0, "lr": 1e-05, "loss": -53.379}
{"message": "", "levelname": "INFO", "name": "Trainer", "asctime": "2026-04-16 14:21:26,287", "type": "train", "epoch": 23, "batch": 6719, "n_batches": 7774, "time": 1.07, "data_time": 0.001, "lr": 1e-05, "loss": -51.748}
{"message": "", "levelname": "INFO", "name": "Trainer", "asctime": "2026-04-16 14:21:37,149", "type": "train", "epoch": 23, "batch": 6799, "n_batches": 7774, "time": 0.984, "data_time": 0.001, "lr": 1e-05, "loss": -48.969}
{"message": "", "levelname": "INFO", "name": "Trainer", "asctime": "2026-04-16 14:21:48,279", "type": "train", "epoch": 23, "batch": 6879, "n_batches": 7774, "time": 1.278, "data_time": 0.001, "lr": 1e-05, "loss": -49.99}
{"message": "", "levelname": "INFO", "name": "Trainer", "asctime": "2026-04-16 14:21:58,866", "type": "train", "epoch": 23, "batch": 6959, "n_batches": 7774, "time": 1.049, "data_time": 0.001, "lr": 1e-05, "loss": -52.798}
{"message": "", "levelname": "INFO", "name": "Trainer", "asctime": "2026-04-16 14:22:11,131", "type": "train", "epoch": 23, "batch": 7039, "n_batches": 7774, "time": 1.325, "data_time": 0.001, "lr": 1e-05, "loss": -51.399}
{"message": "", "levelname": "INFO", "name": "Trainer", "asctime": "2026-04-16 14:22:25,322", "type": "train", "epoch": 23, "batch": 7119, "n_batches": 7774, "time": 1.13, "data_time": 0.001, "lr": 1e-05, "loss": -49.863}
{"message": "", "levelname": "INFO", "name": "Trainer", "asctime": "2026-04-16 14:22:37,844", "type": "train", "epoch": 23, "batch": 7199, "n_batches": 7774, "time": 1.594, "data_time": 0.002, "lr": 1e-05, "loss": -50.42}
{"message": "", "levelname": "INFO", "name": "Trainer", "asctime": "2026-04-16 14:22:52,108", "type": "train", "epoch": 23, "batch": 7279, "n_batches": 7774, "time": 1.359, "data_time": 0.001, "lr": 1e-05, "loss": -49.819}
{"message": "", "levelname": "INFO", "name": "Trainer", "asctime": "2026-04-16 14:23:04,698", "type": "train", "epoch": 23, "batch": 7359, "n_batches": 7774, "time": 1.354, "data_time": 0.0, "lr": 1e-05, "loss": -51.225}
{"message": "", "levelname": "INFO", "name": "Trainer", "asctime": "2026-04-16 14:23:15,142", "type": "train", "epoch": 23, "batch": 7439, "n_batches": 7774, "time": 1.136, "data_time": 0.001, "lr": 1e-05, "loss": -48.274}
{"message": "", "levelname": "INFO", "name": "Trainer", "asctime": "2026-04-16 14:23:27,253", "type": "train", "epoch": 23, "batch": 7519, "n_batches": 7774, "time": 1.175, "data_time": 0.001, "lr": 1e-05, "loss": -48.365}
{"message": "", "levelname": "INFO", "name": "Trainer", "asctime": "2026-04-16 14:23:39,360", "type": "train", "epoch": 23, "batch": 7599, "n_batches": 7774, "time": 1.161, "data_time": 0.001, "lr": 1e-05, "loss": -45.385}
{"message": "", "levelname": "INFO", "name": "Trainer", "asctime": "2026-04-16 14:23:51,357", "type": "train", "epoch": 23, "batch": 7679, "n_batches": 7774, "time": 1.308, "data_time": 0.001, "lr": 1e-05, "loss": -47.327}
{"message": "", "levelname": "INFO", "name": "Trainer", "asctime": "2026-04-16 14:24:05,348", "type": "train", "epoch": 23, "batch": 7759, "n_batches": 7774, "time": 1.116, "data_time": 0.0, "lr": 1e-05, "loss": -48.106}
{"message": "", "levelname": "INFO", "name": "Trainer", "asctime": "2026-04-16 14:24:07,467", "type": "train-epoch", "epoch": 24, "loss": -6.20897, "time": 1200.4}
{"message": "", "levelname": "INFO", "name": "Trainer", "asctime": "2026-04-16 14:26:27,822", "type": "val-epoch", "epoch": 24, "loss": 2.284, "test_loss": 2.351, "time": 140.4}
{"message": "", "levelname": "INFO", "name": "Trainer", "asctime": "2026-04-16 14:26:40,125", "type": "train", "epoch": 24, "batch": 79, "n_batches": 7774, "time": 1.179, "data_time": 0.001, "lr": 1e-05, "loss": -53.804}
{"message": "", "levelname": "INFO", "name": "Trainer", "asctime": "2026-04-16 14:26:52,468", "type": "train", "epoch": 24, "batch": 159, "n_batches": 7774, "time": 1.35, "data_time": 0.001, "lr": 1e-05, "loss": -51.528}
{"message": "", "levelname": "INFO", "name": "Trainer", "asctime": "2026-04-16 14:27:08,225", "type": "train", "epoch": 24, "batch": 239, "n_batches": 7774, "time": 2.647, "data_time": 0.001, "lr": 1e-05, "loss": -48.633}
{"message": "", "levelname": "INFO", "name": "Trainer", "asctime": "2026-04-16 14:27:21,436", "type": "train", "epoch": 24, "batch": 319, "n_batches": 7774, "time": 1.014, "data_time": 0.001, "lr": 1e-05, "loss": -53.128}
{"message": "", "levelname": "INFO", "name": "Trainer", "asctime": "2026-04-16 14:27:34,101", "type": "train", "epoch": 24, "batch": 399, "n_batches": 7774, "time": 1.378, "data_time": 0.001, "lr": 1e-05, "loss": -50.791}
{"message": "", "levelname": "INFO", "name": "Trainer", "asctime": "2026-04-16 14:27:46,428", "type": "train", "epoch": 24, "batch": 479, "n_batches": 7774, "time": 0.986, "data_time": 0.001, "lr": 1e-05, "loss": -51.632}
{"message": "", "levelname": "INFO", "name": "Trainer", "asctime": "2026-04-16 14:27:57,682", "type": "train", "epoch": 24, "batch": 559, "n_batches": 7774, "time": 1.369, "data_time": 0.001, "lr": 1e-05, "loss": -51.984}
{"message": "", "levelname": "INFO", "name": "Trainer", "asctime": "2026-04-16 14:28:08,371", "type": "train", "epoch": 24, "batch": 639, "n_batches": 7774, "time": 0.821, "data_time": 0.0, "lr": 1e-05, "loss": -48.875}
{"message": "", "levelname": "INFO", "name": "Trainer", "asctime": "2026-04-16 14:28:21,661", "type": "train", "epoch": 24, "batch": 719, "n_batches": 7774, "time": 2.404, "data_time": 0.001, "lr": 1e-05, "loss": -50.153}
{"message": "", "levelname": "INFO", "name": "Trainer", "asctime": "2026-04-16 14:28:38,928", "type": "train", "epoch": 24, "batch": 799, "n_batches": 7774, "time": 1.391, "data_time": 0.001, "lr": 1e-05, "loss": -45.258}
{"message": "", "levelname": "INFO", "name": "Trainer", "asctime": "2026-04-16 14:28:51,911", "type": "train", "epoch": 24, "batch": 879, "n_batches": 7774, "time": 1.246, "data_time": 0.001, "lr": 1e-05, "loss": -51.583}
{"message": "", "levelname": "INFO", "name": "Trainer", "asctime": "2026-04-16 14:29:08,086", "type": "train", "epoch": 24, "batch": 959, "n_batches": 7774, "time": 3.698, "data_time": 0.0, "lr": 1e-05, "loss": -52.07}
{"message": "", "levelname": "INFO", "name": "Trainer", "asctime": "2026-04-16 14:29:41,703", "type": "train", "epoch": 24, "batch": 1039, "n_batches": 7774, "time": 3.37, "data_time": 0.002, "lr": 1e-05, "loss": -53.609}
{"message": "", "levelname": "INFO", "name": "Trainer", "asctime": "2026-04-16 14:30:15,891", "type": "train", "epoch": 24, "batch": 1119, "n_batches": 7774, "time": 3.783, "data_time": 0.001, "lr": 1e-05, "loss": -52.203}
{"message": "", "levelname": "INFO", "name": "Trainer", "asctime": "2026-04-16 14:30:51,444", "type": "train", "epoch": 24, "batch": 1199, "n_batches": 7774, "time": 3.059, "data_time": 0.001, "lr": 1e-05, "loss": -52.918}
{"message": "", "levelname": "INFO", "name": "Trainer", "asctime": "2026-04-16 14:31:23,264", "type": "train", "epoch": 24, "batch": 1279, "n_batches": 7774, "time": 2.778, "data_time": 0.001, "lr": 1e-05, "loss": -49.989}
{"message": "", "levelname": "INFO", "name": "Trainer", "asctime": "2026-04-16 14:31:49,849", "type": "train", "epoch": 24, "batch": 1359, "n_batches": 7774, "time": 2.426, "data_time": 0.001, "lr": 1e-05, "loss": -51.912}
{"message": "", "levelname": "INFO", "name": "Trainer", "asctime": "2026-04-16 14:32:13,973", "type": "train", "epoch": 24, "batch": 1439, "n_batches": 7774, "time": 2.316, "data_time": 0.001, "lr": 1e-05, "loss": -48.036}
{"message": "", "levelname": "INFO", "name": "Trainer", "asctime": "2026-04-16 14:32:41,577", "type": "train", "epoch": 24, "batch": 1519, "n_batches": 7774, "time": 2.858, "data_time": 0.001, "lr": 1e-05, "loss": -49.057}
{"message": "", "levelname": "INFO", "name": "Trainer", "asctime": "2026-04-16 14:33:02,683", "type": "train", "epoch": 24, "batch": 1599, "n_batches": 7774, "time": 1.227, "data_time": 0.001, "lr": 1e-05, "loss": -51.43}
{"message": "", "levelname": "INFO", "name": "Trainer", "asctime": "2026-04-16 14:33:13,731", "type": "train", "epoch": 24, "batch": 1679, "n_batches": 7774, "time": 1.232, "data_time": 0.0, "lr": 1e-05, "loss": -53.027}
{"message": "", "levelname": "INFO", "name": "Trainer", "asctime": "2026-04-16 14:33:34,126", "type": "train", "epoch": 24, "batch": 1759, "n_batches": 7774, "time": 2.949, "data_time": 0.001, "lr": 1e-05, "loss": -49.478}
{"message": "", "levelname": "INFO", "name": "Trainer", "asctime": "2026-04-16 14:34:01,191", "type": "train", "epoch": 24, "batch": 1839, "n_batches": 7774, "time": 2.997, "data_time": 0.001, "lr": 1e-05, "loss": -50.337}
{"message": "", "levelname": "INFO", "name": "Trainer", "asctime": "2026-04-16 14:34:29,529", "type": "train", "epoch": 24, "batch": 1919, "n_batches": 7774, "time": 3.211, "data_time": 0.001, "lr": 1e-05, "loss": -51.893}
{"message": "", "levelname": "INFO", "name": "Trainer", "asctime": "2026-04-16 14:34:59,109", "type": "train", "epoch": 24, "batch": 1999, "n_batches": 7774, "time": 2.832, "data_time": 0.001, "lr": 1e-05, "loss": -55.153}
{"message": "", "levelname": "INFO", "name": "Trainer", "asctime": "2026-04-16 14:35:30,737", "type": "train", "epoch": 24, "batch": 2079, "n_batches": 7774, "time": 2.907, "data_time": 0.001, "lr": 1e-05, "loss": -46.741}
{"message": "", "levelname": "INFO", "name": "Trainer", "asctime": "2026-04-16 14:35:59,389", "type": "train", "epoch": 24, "batch": 2159, "n_batches": 7774, "time": 2.396, "data_time": 0.0, "lr": 1e-05, "loss": -47.927}
{"message": "", "levelname": "INFO", "name": "Trainer", "asctime": "2026-04-16 14:36:30,140", "type": "train", "epoch": 24, "batch": 2239, "n_batches": 7774, "time": 3.323, "data_time": 0.001, "lr": 1e-05, "loss": -46.651}
{"message": "", "levelname": "INFO", "name": "Trainer", "asctime": "2026-04-16 14:36:52,267", "type": "train", "epoch": 24, "batch": 2319, "n_batches": 7774, "time": 1.527, "data_time": 0.0, "lr": 1e-05, "loss": -53.175}
{"message": "", "levelname": "INFO", "name": "Trainer", "asctime": "2026-04-16 14:37:04,495", "type": "train", "epoch": 24, "batch": 2399, "n_batches": 7774, "time": 1.177, "data_time": 0.0, "lr": 1e-05, "loss": -53.149}
{"message": "", "levelname": "INFO", "name": "Trainer", "asctime": "2026-04-16 14:37:16,445", "type": "train", "epoch": 24, "batch": 2479, "n_batches": 7774, "time": 1.185, "data_time": 0.001, "lr": 1e-05, "loss": -48.575}
{"message": "", "levelname": "INFO", "name": "Trainer", "asctime": "2026-04-16 14:37:27,683", "type": "train", "epoch": 24, "batch": 2559, "n_batches": 7774, "time": 0.856, "data_time": 0.0, "lr": 1e-05, "loss": -46.674}
{"message": "", "levelname": "INFO", "name": "Trainer", "asctime": "2026-04-16 14:37:38,231", "type": "train", "epoch": 24, "batch": 2639, "n_batches": 7774, "time": 1.245, "data_time": 0.001, "lr": 1e-05, "loss": -50.354}
{"message": "", "levelname": "INFO", "name": "Trainer", "asctime": "2026-04-16 14:37:50,052", "type": "train", "epoch": 24, "batch": 2719, "n_batches": 7774, "time": 1.416, "data_time": 0.001, "lr": 1e-05, "loss": -53.62}
{"message": "", "levelname": "INFO", "name": "Trainer", "asctime": "2026-04-16 14:38:00,951", "type": "train", "epoch": 24, "batch": 2799, "n_batches": 7774, "time": 0.931, "data_time": 0.0, "lr": 1e-05, "loss": -49.734}
{"message": "", "levelname": "INFO", "name": "Trainer", "asctime": "2026-04-16 14:38:18,130", "type": "train", "epoch": 24, "batch": 2879, "n_batches": 7774, "time": 1.465, "data_time": 0.0, "lr": 1e-05, "loss": -48.788}
{"message": "", "levelname": "INFO", "name": "Trainer", "asctime": "2026-04-16 14:38:50,069", "type": "train", "epoch": 24, "batch": 2959, "n_batches": 7774, "time": 2.249, "data_time": 0.001, "lr": 1e-05, "loss": -50.64}
{"message": "", "levelname": "INFO", "name": "Trainer", "asctime": "2026-04-16 14:39:22,511", "type": "train", "epoch": 24, "batch": 3039, "n_batches": 7774, "time": 3.237, "data_time": 0.001, "lr": 1e-05, "loss": -47.401}
{"message": "", "levelname": "INFO", "name": "Trainer", "asctime": "2026-04-16 14:39:50,932", "type": "train", "epoch": 24, "batch": 3119, "n_batches": 7774, "time": 2.947, "data_time": 0.001, "lr": 1e-05, "loss": -49.712}
{"message": "", "levelname": "INFO", "name": "Trainer", "asctime": "2026-04-16 14:40:23,327", "type": "train", "epoch": 24, "batch": 3199, "n_batches": 7774, "time": 2.83, "data_time": 0.0, "lr": 1e-05, "loss": -47.875}
{"message": "", "levelname": "INFO", "name": "Trainer", "asctime": "2026-04-16 14:40:52,938", "type": "train", "epoch": 24, "batch": 3279, "n_batches": 7774, "time": 2.04, "data_time": 0.001, "lr": 1e-05, "loss": -47.338}
{"message": "", "levelname": "INFO", "name": "Trainer", "asctime": "2026-04-16 14:41:19,683", "type": "train", "epoch": 24, "batch": 3359, "n_batches": 7774, "time": 3.001, "data_time": 0.001, "lr": 1e-05, "loss": -53.32}
{"message": "", "levelname": "INFO", "name": "Trainer", "asctime": "2026-04-16 14:41:43,628", "type": "train", "epoch": 24, "batch": 3439, "n_batches": 7774, "time": 2.109, "data_time": 0.001, "lr": 1e-05, "loss": -52.687}
{"message": "", "levelname": "INFO", "name": "Trainer", "asctime": "2026-04-16 14:42:06,507", "type": "train", "epoch": 24, "batch": 3519, "n_batches": 7774, "time": 2.184, "data_time": 0.001, "lr": 1e-05, "loss": -50.935}
{"message": "", "levelname": "INFO", "name": "Trainer", "asctime": "2026-04-16 14:42:39,770", "type": "train", "epoch": 24, "batch": 3599, "n_batches": 7774, "time": 3.163, "data_time": 0.001, "lr": 1e-05, "loss": -50.522}
{"message": "", "levelname": "INFO", "name": "Trainer", "asctime": "2026-04-16 14:42:52,075", "type": "train", "epoch": 24, "batch": 3679, "n_batches": 7774, "time": 1.117, "data_time": 0.001, "lr": 1e-05, "loss": -52.935}
{"message": "", "levelname": "INFO", "name": "Trainer", "asctime": "2026-04-16 14:43:05,388", "type": "train", "epoch": 24, "batch": 3759, "n_batches": 7774, "time": 1.13, "data_time": 0.0, "lr": 1e-05, "loss": -48.605}
{"message": "", "levelname": "INFO", "name": "Trainer", "asctime": "2026-04-16 14:43:17,337", "type": "train", "epoch": 24, "batch": 3839, "n_batches": 7774, "time": 1.391, "data_time": 0.0, "lr": 1e-05, "loss": -48.768}
{"message": "", "levelname": "INFO", "name": "Trainer", "asctime": "2026-04-16 14:43:29,331", "type": "train", "epoch": 24, "batch": 3919, "n_batches": 7774, "time": 0.99, "data_time": 0.0, "lr": 1e-05, "loss": -49.001}
{"message": "", "levelname": "INFO", "name": "Trainer", "asctime": "2026-04-16 14:43:40,664", "type": "train", "epoch": 24, "batch": 3999, "n_batches": 7774, "time": 1.026, "data_time": 0.001, "lr": 1e-05, "loss": -49.699}
{"message": "", "levelname": "INFO", "name": "Trainer", "asctime": "2026-04-16 14:43:51,813", "type": "train", "epoch": 24, "batch": 4079, "n_batches": 7774, "time": 1.116, "data_time": 0.0, "lr": 1e-05, "loss": -47.144}
{"message": "", "levelname": "INFO", "name": "Trainer", "asctime": "2026-04-16 14:44:04,796", "type": "train", "epoch": 24, "batch": 4159, "n_batches": 7774, "time": 1.311, "data_time": 0.0, "lr": 1e-05, "loss": -52.809}
{"message": "", "levelname": "INFO", "name": "Trainer", "asctime": "2026-04-16 14:44:16,569", "type": "train", "epoch": 24, "batch": 4239, "n_batches": 7774, "time": 1.316, "data_time": 0.0, "lr": 1e-05, "loss": -49.04}
{"message": "", "levelname": "INFO", "name": "Trainer", "asctime": "2026-04-16 14:44:28,035", "type": "train", "epoch": 24, "batch": 4319, "n_batches": 7774, "time": 0.964, "data_time": 0.0, "lr": 1e-05, "loss": -49.862}
{"message": "", "levelname": "INFO", "name": "Trainer", "asctime": "2026-04-16 14:44:41,549", "type": "train", "epoch": 24, "batch": 4399, "n_batches": 7774, "time": 1.443, "data_time": 0.0, "lr": 1e-05, "loss": -49.289}
{"message": "", "levelname": "INFO", "name": "Trainer", "asctime": "2026-04-16 14:44:55,288", "type": "train", "epoch": 24, "batch": 4479, "n_batches": 7774, "time": 1.544, "data_time": 0.001, "lr": 1e-05, "loss": -52.234}
{"message": "", "levelname": "INFO", "name": "Trainer", "asctime": "2026-04-16 14:45:08,971", "type": "train", "epoch": 24, "batch": 4559, "n_batches": 7774, "time": 1.63, "data_time": 0.001, "lr": 1e-05, "loss": -51.723}
{"message": "", "levelname": "INFO", "name": "Trainer", "asctime": "2026-04-16 14:45:25,348", "type": "train", "epoch": 24, "batch": 4639, "n_batches": 7774, "time": 3.1, "data_time": 0.001, "lr": 1e-05, "loss": -51.566}
{"message": "", "levelname": "INFO", "name": "Trainer", "asctime": "2026-04-16 14:45:48,099", "type": "train", "epoch": 24, "batch": 4719, "n_batches": 7774, "time": 1.959, "data_time": 0.0, "lr": 1e-05, "loss": -48.755}
{"message": "", "levelname": "INFO", "name": "Trainer", "asctime": "2026-04-16 14:46:16,463", "type": "train", "epoch": 24, "batch": 4799, "n_batches": 7774, "time": 3.612, "data_time": 0.001, "lr": 1e-05, "loss": -51.01}
{"message": "", "levelname": "INFO", "name": "Trainer", "asctime": "2026-04-16 14:46:49,223", "type": "train", "epoch": 24, "batch": 4879, "n_batches": 7774, "time": 3.256, "data_time": 0.001, "lr": 1e-05, "loss": -42.058}
{"message": "", "levelname": "INFO", "name": "Trainer", "asctime": "2026-04-16 14:47:17,242", "type": "train", "epoch": 24, "batch": 4959, "n_batches": 7774, "time": 3.379, "data_time": 0.001, "lr": 1e-05, "loss": -53.215}
{"message": "", "levelname": "INFO", "name": "Trainer", "asctime": "2026-04-16 14:47:45,411", "type": "train", "epoch": 24, "batch": 5039, "n_batches": 7774, "time": 2.517, "data_time": 0.003, "lr": 1e-05, "loss": -51.282}
{"message": "", "levelname": "INFO", "name": "Trainer", "asctime": "2026-04-16 14:48:16,055", "type": "train", "epoch": 24, "batch": 5119, "n_batches": 7774, "time": 3.382, "data_time": 0.0, "lr": 1e-05, "loss": -46.775}
{"message": "", "levelname": "INFO", "name": "Trainer", "asctime": "2026-04-16 14:48:43,339", "type": "train", "epoch": 24, "batch": 5199, "n_batches": 7774, "time": 2.61, "data_time": 0.001, "lr": 1e-05, "loss": -48.26}
{"message": "", "levelname": "INFO", "name": "Trainer", "asctime": "2026-04-16 14:49:07,362", "type": "train", "epoch": 24, "batch": 5279, "n_batches": 7774, "time": 2.018, "data_time": 0.001, "lr": 1e-05, "loss": -46.273}
{"message": "", "levelname": "INFO", "name": "Trainer", "asctime": "2026-04-16 14:49:24,836", "type": "train", "epoch": 24, "batch": 5359, "n_batches": 7774, "time": 0.902, "data_time": 0.001, "lr": 1e-05, "loss": -48.623}
{"message": "", "levelname": "INFO", "name": "Trainer", "asctime": "2026-04-16 14:49:36,042", "type": "train", "epoch": 24, "batch": 5439, "n_batches": 7774, "time": 0.948, "data_time": 0.001, "lr": 1e-05, "loss": -48.676}
{"message": "", "levelname": "INFO", "name": "Trainer", "asctime": "2026-04-16 14:49:46,413", "type": "train", "epoch": 24, "batch": 5519, "n_batches": 7774, "time": 0.679, "data_time": 0.001, "lr": 1e-05, "loss": -47.585}
{"message": "", "levelname": "INFO", "name": "Trainer", "asctime": "2026-04-16 14:49:57,368", "type": "train", "epoch": 24, "batch": 5599, "n_batches": 7774, "time": 1.208, "data_time": 0.001, "lr": 1e-05, "loss": -50.545}
{"message": "", "levelname": "INFO", "name": "Trainer", "asctime": "2026-04-16 14:50:09,608", "type": "train", "epoch": 24, "batch": 5679, "n_batches": 7774, "time": 1.489, "data_time": 0.001, "lr": 1e-05, "loss": -53.423}
{"message": "", "levelname": "INFO", "name": "Trainer", "asctime": "2026-04-16 14:50:20,826", "type": "train", "epoch": 24, "batch": 5759, "n_batches": 7774, "time": 1.229, "data_time": 0.001, "lr": 1e-05, "loss": -44.927}
{"message": "", "levelname": "INFO", "name": "Trainer", "asctime": "2026-04-16 14:50:36,893", "type": "train", "epoch": 24, "batch": 5839, "n_batches": 7774, "time": 1.172, "data_time": 0.001, "lr": 1e-05, "loss": -52.962}
{"message": "", "levelname": "INFO", "name": "Trainer", "asctime": "2026-04-16 14:50:48,974", "type": "train", "epoch": 24, "batch": 5919, "n_batches": 7774, "time": 1.113, "data_time": 0.001, "lr": 1e-05, "loss": -46.668}
{"message": "", "levelname": "INFO", "name": "Trainer", "asctime": "2026-04-16 14:51:00,461", "type": "train", "epoch": 24, "batch": 5999, "n_batches": 7774, "time": 1.122, "data_time": 0.0, "lr": 1e-05, "loss": -48.808}
{"message": "", "levelname": "INFO", "name": "Trainer", "asctime": "2026-04-16 14:51:12,611", "type": "train", "epoch": 24, "batch": 6079, "n_batches": 7774, "time": 1.139, "data_time": 0.001, "lr": 1e-05, "loss": -53.256}
{"message": "", "levelname": "INFO", "name": "Trainer", "asctime": "2026-04-16 14:51:25,241", "type": "train", "epoch": 24, "batch": 6159, "n_batches": 7774, "time": 1.005, "data_time": 0.001, "lr": 1e-05, "loss": -48.672}
{"message": "", "levelname": "INFO", "name": "Trainer", "asctime": "2026-04-16 14:51:36,339", "type": "train", "epoch": 24, "batch": 6239, "n_batches": 7774, "time": 1.02, "data_time": 0.001, "lr": 1e-05, "loss": -49.781}
{"message": "", "levelname": "INFO", "name": "Trainer", "asctime": "2026-04-16 14:51:47,534", "type": "train", "epoch": 24, "batch": 6319, "n_batches": 7774, "time": 1.08, "data_time": 0.001, "lr": 1e-05, "loss": -53.611}
{"message": "", "levelname": "INFO", "name": "Trainer", "asctime": "2026-04-16 14:51:58,747", "type": "train", "epoch": 24, "batch": 6399, "n_batches": 7774, "time": 0.942, "data_time": 0.0, "lr": 1e-05, "loss": -51.554}
{"message": "", "levelname": "INFO", "name": "Trainer", "asctime": "2026-04-16 14:52:09,717", "type": "train", "epoch": 24, "batch": 6479, "n_batches": 7774, "time": 1.116, "data_time": 0.001, "lr": 1e-05, "loss": -45.785}
{"message": "", "levelname": "INFO", "name": "Trainer", "asctime": "2026-04-16 14:52:21,767", "type": "train", "epoch": 24, "batch": 6559, "n_batches": 7774, "time": 1.036, "data_time": 0.001, "lr": 1e-05, "loss": -45.141}
{"message": "", "levelname": "INFO", "name": "Trainer", "asctime": "2026-04-16 14:52:33,144", "type": "train", "epoch": 24, "batch": 6639, "n_batches": 7774, "time": 1.18, "data_time": 0.001, "lr": 1e-05, "loss": -44.112}
{"message": "", "levelname": "INFO", "name": "Trainer", "asctime": "2026-04-16 14:52:45,751", "type": "train", "epoch": 24, "batch": 6719, "n_batches": 7774, "time": 1.083, "data_time": 0.0, "lr": 1e-05, "loss": -44.008}
{"message": "", "levelname": "INFO", "name": "Trainer", "asctime": "2026-04-16 14:52:58,997", "type": "train", "epoch": 24, "batch": 6799, "n_batches": 7774, "time": 1.206, "data_time": 0.001, "lr": 1e-05, "loss": -50.895}
{"message": "", "levelname": "INFO", "name": "Trainer", "asctime": "2026-04-16 14:53:21,908", "type": "train", "epoch": 24, "batch": 6879, "n_batches": 7774, "time": 2.306, "data_time": 0.001, "lr": 1e-05, "loss": -54.107}
{"message": "", "levelname": "INFO", "name": "Trainer", "asctime": "2026-04-16 14:53:48,132", "type": "train", "epoch": 24, "batch": 6959, "n_batches": 7774, "time": 2.652, "data_time": 0.001, "lr": 1e-05, "loss": -50.962}
{"message": "", "levelname": "INFO", "name": "Trainer", "asctime": "2026-04-16 14:54:14,098", "type": "train", "epoch": 24, "batch": 7039, "n_batches": 7774, "time": 2.723, "data_time": 0.0, "lr": 1e-05, "loss": -47.877}
{"message": "", "levelname": "INFO", "name": "Trainer", "asctime": "2026-04-16 14:54:56,452", "type": "train", "epoch": 24, "batch": 7119, "n_batches": 7774, "time": 3.439, "data_time": 0.001, "lr": 1e-05, "loss": -49.34}
{"message": "", "levelname": "INFO", "name": "Trainer", "asctime": "2026-04-16 14:55:29,618", "type": "train", "epoch": 24, "batch": 7199, "n_batches": 7774, "time": 3.046, "data_time": 0.001, "lr": 1e-05, "loss": -47.099}
{"message": "", "levelname": "INFO", "name": "Trainer", "asctime": "2026-04-16 14:56:04,727", "type": "train", "epoch": 24, "batch": 7279, "n_batches": 7774, "time": 3.465, "data_time": 0.001, "lr": 1e-05, "loss": -50.393}
{"message": "", "levelname": "INFO", "name": "Trainer", "asctime": "2026-04-16 14:56:28,544", "type": "train", "epoch": 24, "batch": 7359, "n_batches": 7774, "time": 2.139, "data_time": 0.001, "lr": 1e-05, "loss": -47.824}
{"message": "", "levelname": "INFO", "name": "Trainer", "asctime": "2026-04-16 14:56:52,879", "type": "train", "epoch": 24, "batch": 7439, "n_batches": 7774, "time": 1.184, "data_time": 0.001, "lr": 1e-05, "loss": -50.779}
{"message": "", "levelname": "INFO", "name": "Trainer", "asctime": "2026-04-16 14:57:05,655", "type": "train", "epoch": 24, "batch": 7519, "n_batches": 7774, "time": 1.312, "data_time": 0.001, "lr": 1e-05, "loss": -49.505}
{"message": "", "levelname": "INFO", "name": "Trainer", "asctime": "2026-04-16 14:57:16,520", "type": "train", "epoch": 24, "batch": 7599, "n_batches": 7774, "time": 1.221, "data_time": 0.001, "lr": 1e-05, "loss": -49.758}
{"message": "", "levelname": "INFO", "name": "Trainer", "asctime": "2026-04-16 14:57:27,975", "type": "train", "epoch": 24, "batch": 7679, "n_batches": 7774, "time": 1.031, "data_time": 0.001, "lr": 1e-05, "loss": -49.965}
{"message": "", "levelname": "INFO", "name": "Trainer", "asctime": "2026-04-16 14:57:38,858", "type": "train", "epoch": 24, "batch": 7759, "n_batches": 7774, "time": 0.937, "data_time": 0.001, "lr": 1e-05, "loss": -48.472}
{"message": "", "levelname": "INFO", "name": "Trainer", "asctime": "2026-04-16 14:57:40,348", "type": "train-epoch", "epoch": 25, "loss": -6.22329, "time": 1872.4}
{"message": "", "levelname": "INFO", "name": "Trainer", "asctime": "2026-04-16 14:59:49,423", "type": "val-epoch", "epoch": 25, "loss": 2.289, "test_loss": 2.355, "time": 129.1}
