{"message": "", "levelname": "INFO", "name": "root", "asctime": "2026-04-15 16:30:24,395", "type": "process", "argv": ["/NAS/School/CS7643/DL-Final-Project/trajnetpluspluscvae/trajnetbaselines/lstm/trainer.py", "--path", "output", "--epochs", "25", "--save_every", "5", "--batch_size", "8", "--lr", "1e-3", "--step_size", "10", "--sample", "1.0", "--seed", "42", "--type", "vanilla", "-o", "lstm_vanilla_20260415_163022"], "args": {"epochs": 25, "save_every": 5, "obs_length": 9, "pred_length": 12, "start_length": 0, "batch_size": 8, "lr": 0.001, "step_size": 10, "output": "TEST_BLOCK/output/lstm_vanilla_lstm_vanilla_20260415_163022.pkl", "disable_cuda": false, "path": "output", "goals": false, "loss": "pred", "type": "vanilla", "sample": 1.0, "seed": 42, "augment": false, "normalize_scene": false, "augment_noise": false, "obs_dropout": false, "load_state": null, "load_full_state": null, "nonstrict_load_state": null, "hidden_dim": 128, "coordinate_embedding_dim": 64, "pool_dim": 256, "goal_dim": 64, "cell_side": 0.6, "n": 12, "layer_dims": [512], "embedding_arch": "one_layer", "pool_constant": 0, "norm_pool": false, "front": false, "latent_dim": 16, "norm": 0, "no_vel": false, "spatial_dim": 32, "vel_dim": 32, "neigh": 4, "mp_iters": 5, "col_wt": 0.0, "col_distance": 0.2}, "version": "0.1.0", "hostname": "xander-code-machine"}
{"message": "", "levelname": "INFO", "name": "Trainer", "asctime": "2026-04-15 16:30:31,332", "type": "train", "epoch": 0, "batch": 79, "n_batches": 7774, "time": 0.242, "data_time": 0.0, "lr": 0.001, "loss": -3.214}
{"message": "", "levelname": "INFO", "name": "Trainer", "asctime": "2026-04-15 16:30:33,400", "type": "train", "epoch": 0, "batch": 159, "n_batches": 7774, "time": 0.203, "data_time": 0.001, "lr": 0.001, "loss": -0.83}
{"message": "", "levelname": "INFO", "name": "Trainer", "asctime": "2026-04-15 16:30:35,640", "type": "train", "epoch": 0, "batch": 239, "n_batches": 7774, "time": 0.237, "data_time": 0.0, "lr": 0.001, "loss": -0.244}
{"message": "", "levelname": "INFO", "name": "Trainer", "asctime": "2026-04-15 16:30:37,945", "type": "train", "epoch": 0, "batch": 319, "n_batches": 7774, "time": 0.227, "data_time": 0.001, "lr": 0.001, "loss": -1.663}
{"message": "", "levelname": "INFO", "name": "Trainer", "asctime": "2026-04-15 16:30:40,040", "type": "train", "epoch": 0, "batch": 399, "n_batches": 7774, "time": 0.216, "data_time": 0.0, "lr": 0.001, "loss": -8.825}
{"message": "", "levelname": "INFO", "name": "Trainer", "asctime": "2026-04-15 16:30:42,336", "type": "train", "epoch": 0, "batch": 479, "n_batches": 7774, "time": 0.233, "data_time": 0.001, "lr": 0.001, "loss": -7.784}
{"message": "", "levelname": "INFO", "name": "Trainer", "asctime": "2026-04-15 16:30:44,472", "type": "train", "epoch": 0, "batch": 559, "n_batches": 7774, "time": 0.229, "data_time": 0.0, "lr": 0.001, "loss": -12.307}
{"message": "", "levelname": "INFO", "name": "Trainer", "asctime": "2026-04-15 16:30:46,666", "type": "train", "epoch": 0, "batch": 639, "n_batches": 7774, "time": 0.246, "data_time": 0.0, "lr": 0.001, "loss": -10.996}
{"message": "", "levelname": "INFO", "name": "Trainer", "asctime": "2026-04-15 16:30:48,700", "type": "train", "epoch": 0, "batch": 719, "n_batches": 7774, "time": 0.167, "data_time": 0.0, "lr": 0.001, "loss": -10.199}
{"message": "", "levelname": "INFO", "name": "Trainer", "asctime": "2026-04-15 16:30:51,042", "type": "train", "epoch": 0, "batch": 799, "n_batches": 7774, "time": 0.19, "data_time": 0.0, "lr": 0.001, "loss": -11.367}
{"message": "", "levelname": "INFO", "name": "Trainer", "asctime": "2026-04-15 16:30:53,158", "type": "train", "epoch": 0, "batch": 879, "n_batches": 7774, "time": 0.175, "data_time": 0.001, "lr": 0.001, "loss": -12.294}
{"message": "", "levelname": "INFO", "name": "Trainer", "asctime": "2026-04-15 16:30:55,343", "type": "train", "epoch": 0, "batch": 959, "n_batches": 7774, "time": 0.261, "data_time": 0.001, "lr": 0.001, "loss": -12.41}
{"message": "", "levelname": "INFO", "name": "Trainer", "asctime": "2026-04-15 16:30:57,522", "type": "train", "epoch": 0, "batch": 1039, "n_batches": 7774, "time": 0.216, "data_time": 0.0, "lr": 0.001, "loss": -7.187}
{"message": "", "levelname": "INFO", "name": "Trainer", "asctime": "2026-04-15 16:30:59,882", "type": "train", "epoch": 0, "batch": 1119, "n_batches": 7774, "time": 0.227, "data_time": 0.0, "lr": 0.001, "loss": -9.028}
{"message": "", "levelname": "INFO", "name": "Trainer", "asctime": "2026-04-15 16:31:01,894", "type": "train", "epoch": 0, "batch": 1199, "n_batches": 7774, "time": 0.175, "data_time": 0.001, "lr": 0.001, "loss": -11.968}
{"message": "", "levelname": "INFO", "name": "Trainer", "asctime": "2026-04-15 16:31:03,907", "type": "train", "epoch": 0, "batch": 1279, "n_batches": 7774, "time": 0.188, "data_time": 0.001, "lr": 0.001, "loss": -6.597}
{"message": "", "levelname": "INFO", "name": "Trainer", "asctime": "2026-04-15 16:31:05,999", "type": "train", "epoch": 0, "batch": 1359, "n_batches": 7774, "time": 0.225, "data_time": 0.001, "lr": 0.001, "loss": -8.923}
{"message": "", "levelname": "INFO", "name": "Trainer", "asctime": "2026-04-15 16:31:08,476", "type": "train", "epoch": 0, "batch": 1439, "n_batches": 7774, "time": 0.257, "data_time": 0.001, "lr": 0.001, "loss": -6.144}
{"message": "", "levelname": "INFO", "name": "Trainer", "asctime": "2026-04-15 16:31:10,619", "type": "train", "epoch": 0, "batch": 1519, "n_batches": 7774, "time": 0.194, "data_time": 0.0, "lr": 0.001, "loss": -10.002}
{"message": "", "levelname": "INFO", "name": "Trainer", "asctime": "2026-04-15 16:31:12,675", "type": "train", "epoch": 0, "batch": 1599, "n_batches": 7774, "time": 0.226, "data_time": 0.0, "lr": 0.001, "loss": -13.968}
{"message": "", "levelname": "INFO", "name": "Trainer", "asctime": "2026-04-15 16:31:14,867", "type": "train", "epoch": 0, "batch": 1679, "n_batches": 7774, "time": 0.169, "data_time": 0.001, "lr": 0.001, "loss": -6.745}
{"message": "", "levelname": "INFO", "name": "Trainer", "asctime": "2026-04-15 16:31:16,924", "type": "train", "epoch": 0, "batch": 1759, "n_batches": 7774, "time": 0.165, "data_time": 0.0, "lr": 0.001, "loss": -10.81}
{"message": "", "levelname": "INFO", "name": "Trainer", "asctime": "2026-04-15 16:31:19,064", "type": "train", "epoch": 0, "batch": 1839, "n_batches": 7774, "time": 0.151, "data_time": 0.0, "lr": 0.001, "loss": -5.188}
{"message": "", "levelname": "INFO", "name": "Trainer", "asctime": "2026-04-15 16:31:21,258", "type": "train", "epoch": 0, "batch": 1919, "n_batches": 7774, "time": 0.22, "data_time": 0.001, "lr": 0.001, "loss": -7.73}
{"message": "", "levelname": "INFO", "name": "Trainer", "asctime": "2026-04-15 16:31:23,415", "type": "train", "epoch": 0, "batch": 1999, "n_batches": 7774, "time": 0.168, "data_time": 0.0, "lr": 0.001, "loss": -13.243}
{"message": "", "levelname": "INFO", "name": "Trainer", "asctime": "2026-04-15 16:31:25,366", "type": "train", "epoch": 0, "batch": 2079, "n_batches": 7774, "time": 0.252, "data_time": 0.001, "lr": 0.001, "loss": -11.405}
{"message": "", "levelname": "INFO", "name": "Trainer", "asctime": "2026-04-15 16:31:27,385", "type": "train", "epoch": 0, "batch": 2159, "n_batches": 7774, "time": 0.252, "data_time": 0.001, "lr": 0.001, "loss": -6.399}
{"message": "", "levelname": "INFO", "name": "Trainer", "asctime": "2026-04-15 16:31:29,525", "type": "train", "epoch": 0, "batch": 2239, "n_batches": 7774, "time": 0.278, "data_time": 0.001, "lr": 0.001, "loss": -11.11}
{"message": "", "levelname": "INFO", "name": "Trainer", "asctime": "2026-04-15 16:31:31,708", "type": "train", "epoch": 0, "batch": 2319, "n_batches": 7774, "time": 0.183, "data_time": 0.001, "lr": 0.001, "loss": -7.6}
{"message": "", "levelname": "INFO", "name": "Trainer", "asctime": "2026-04-15 16:31:33,826", "type": "train", "epoch": 0, "batch": 2399, "n_batches": 7774, "time": 0.22, "data_time": 0.001, "lr": 0.001, "loss": -8.581}
{"message": "", "levelname": "INFO", "name": "Trainer", "asctime": "2026-04-15 16:31:35,978", "type": "train", "epoch": 0, "batch": 2479, "n_batches": 7774, "time": 0.195, "data_time": 0.001, "lr": 0.001, "loss": -14.079}
{"message": "", "levelname": "INFO", "name": "Trainer", "asctime": "2026-04-15 16:31:38,254", "type": "train", "epoch": 0, "batch": 2559, "n_batches": 7774, "time": 0.209, "data_time": 0.001, "lr": 0.001, "loss": -9.883}
{"message": "", "levelname": "INFO", "name": "Trainer", "asctime": "2026-04-15 16:31:40,385", "type": "train", "epoch": 0, "batch": 2639, "n_batches": 7774, "time": 0.184, "data_time": 0.001, "lr": 0.001, "loss": -11.335}
{"message": "", "levelname": "INFO", "name": "Trainer", "asctime": "2026-04-15 16:31:42,594", "type": "train", "epoch": 0, "batch": 2719, "n_batches": 7774, "time": 0.236, "data_time": 0.001, "lr": 0.001, "loss": -10.822}
{"message": "", "levelname": "INFO", "name": "Trainer", "asctime": "2026-04-15 16:31:45,002", "type": "train", "epoch": 0, "batch": 2799, "n_batches": 7774, "time": 0.227, "data_time": 0.0, "lr": 0.001, "loss": -9.192}
{"message": "", "levelname": "INFO", "name": "Trainer", "asctime": "2026-04-15 16:31:47,124", "type": "train", "epoch": 0, "batch": 2879, "n_batches": 7774, "time": 0.21, "data_time": 0.0, "lr": 0.001, "loss": -11.291}
{"message": "", "levelname": "INFO", "name": "Trainer", "asctime": "2026-04-15 16:31:49,243", "type": "train", "epoch": 0, "batch": 2959, "n_batches": 7774, "time": 0.254, "data_time": 0.001, "lr": 0.001, "loss": -5.961}
{"message": "", "levelname": "INFO", "name": "Trainer", "asctime": "2026-04-15 16:31:51,321", "type": "train", "epoch": 0, "batch": 3039, "n_batches": 7774, "time": 0.217, "data_time": 0.001, "lr": 0.001, "loss": -15.787}
{"message": "", "levelname": "INFO", "name": "Trainer", "asctime": "2026-04-15 16:31:53,621", "type": "train", "epoch": 0, "batch": 3119, "n_batches": 7774, "time": 0.24, "data_time": 0.0, "lr": 0.001, "loss": -12.432}
{"message": "", "levelname": "INFO", "name": "Trainer", "asctime": "2026-04-15 16:31:56,229", "type": "train", "epoch": 0, "batch": 3199, "n_batches": 7774, "time": 0.358, "data_time": 0.001, "lr": 0.001, "loss": -10.511}
{"message": "", "levelname": "INFO", "name": "Trainer", "asctime": "2026-04-15 16:31:58,515", "type": "train", "epoch": 0, "batch": 3279, "n_batches": 7774, "time": 0.195, "data_time": 0.001, "lr": 0.001, "loss": -5.817}
{"message": "", "levelname": "INFO", "name": "Trainer", "asctime": "2026-04-15 16:32:00,682", "type": "train", "epoch": 0, "batch": 3359, "n_batches": 7774, "time": 0.196, "data_time": 0.0, "lr": 0.001, "loss": -13.94}
{"message": "", "levelname": "INFO", "name": "Trainer", "asctime": "2026-04-15 16:32:03,161", "type": "train", "epoch": 0, "batch": 3439, "n_batches": 7774, "time": 0.313, "data_time": 0.001, "lr": 0.001, "loss": -9.578}
{"message": "", "levelname": "INFO", "name": "Trainer", "asctime": "2026-04-15 16:32:05,593", "type": "train", "epoch": 0, "batch": 3519, "n_batches": 7774, "time": 0.267, "data_time": 0.001, "lr": 0.001, "loss": -14.527}
{"message": "", "levelname": "INFO", "name": "Trainer", "asctime": "2026-04-15 16:32:07,785", "type": "train", "epoch": 0, "batch": 3599, "n_batches": 7774, "time": 0.211, "data_time": 0.001, "lr": 0.001, "loss": -13.314}
{"message": "", "levelname": "INFO", "name": "Trainer", "asctime": "2026-04-15 16:32:09,991", "type": "train", "epoch": 0, "batch": 3679, "n_batches": 7774, "time": 0.182, "data_time": 0.001, "lr": 0.001, "loss": -14.601}
{"message": "", "levelname": "INFO", "name": "Trainer", "asctime": "2026-04-15 16:32:12,182", "type": "train", "epoch": 0, "batch": 3759, "n_batches": 7774, "time": 0.256, "data_time": 0.001, "lr": 0.001, "loss": -11.081}
{"message": "", "levelname": "INFO", "name": "Trainer", "asctime": "2026-04-15 16:32:14,416", "type": "train", "epoch": 0, "batch": 3839, "n_batches": 7774, "time": 0.188, "data_time": 0.0, "lr": 0.001, "loss": -12.583}
{"message": "", "levelname": "INFO", "name": "Trainer", "asctime": "2026-04-15 16:32:16,618", "type": "train", "epoch": 0, "batch": 3919, "n_batches": 7774, "time": 0.19, "data_time": 0.001, "lr": 0.001, "loss": -8.165}
{"message": "", "levelname": "INFO", "name": "Trainer", "asctime": "2026-04-15 16:32:18,673", "type": "train", "epoch": 0, "batch": 3999, "n_batches": 7774, "time": 0.198, "data_time": 0.001, "lr": 0.001, "loss": -13.36}
{"message": "", "levelname": "INFO", "name": "Trainer", "asctime": "2026-04-15 16:32:21,031", "type": "train", "epoch": 0, "batch": 4079, "n_batches": 7774, "time": 0.251, "data_time": 0.0, "lr": 0.001, "loss": -13.595}
{"message": "", "levelname": "INFO", "name": "Trainer", "asctime": "2026-04-15 16:32:23,462", "type": "train", "epoch": 0, "batch": 4159, "n_batches": 7774, "time": 0.278, "data_time": 0.001, "lr": 0.001, "loss": -14.074}
{"message": "", "levelname": "INFO", "name": "Trainer", "asctime": "2026-04-15 16:32:25,606", "type": "train", "epoch": 0, "batch": 4239, "n_batches": 7774, "time": 0.225, "data_time": 0.0, "lr": 0.001, "loss": -11.169}
{"message": "", "levelname": "INFO", "name": "Trainer", "asctime": "2026-04-15 16:32:27,996", "type": "train", "epoch": 0, "batch": 4319, "n_batches": 7774, "time": 0.246, "data_time": 0.001, "lr": 0.001, "loss": -15.186}
{"message": "", "levelname": "INFO", "name": "Trainer", "asctime": "2026-04-15 16:32:30,131", "type": "train", "epoch": 0, "batch": 4399, "n_batches": 7774, "time": 0.251, "data_time": 0.0, "lr": 0.001, "loss": -14.905}
{"message": "", "levelname": "INFO", "name": "Trainer", "asctime": "2026-04-15 16:32:32,165", "type": "train", "epoch": 0, "batch": 4479, "n_batches": 7774, "time": 0.193, "data_time": 0.001, "lr": 0.001, "loss": -15.408}
{"message": "", "levelname": "INFO", "name": "Trainer", "asctime": "2026-04-15 16:32:34,269", "type": "train", "epoch": 0, "batch": 4559, "n_batches": 7774, "time": 0.178, "data_time": 0.0, "lr": 0.001, "loss": -6.562}
{"message": "", "levelname": "INFO", "name": "Trainer", "asctime": "2026-04-15 16:32:36,318", "type": "train", "epoch": 0, "batch": 4639, "n_batches": 7774, "time": 0.199, "data_time": 0.001, "lr": 0.001, "loss": -11.036}
{"message": "", "levelname": "INFO", "name": "Trainer", "asctime": "2026-04-15 16:32:38,536", "type": "train", "epoch": 0, "batch": 4719, "n_batches": 7774, "time": 0.211, "data_time": 0.001, "lr": 0.001, "loss": -11.592}
{"message": "", "levelname": "INFO", "name": "Trainer", "asctime": "2026-04-15 16:32:40,870", "type": "train", "epoch": 0, "batch": 4799, "n_batches": 7774, "time": 0.198, "data_time": 0.0, "lr": 0.001, "loss": -15.973}
{"message": "", "levelname": "INFO", "name": "Trainer", "asctime": "2026-04-15 16:32:43,237", "type": "train", "epoch": 0, "batch": 4879, "n_batches": 7774, "time": 0.167, "data_time": 0.0, "lr": 0.001, "loss": -12.385}
{"message": "", "levelname": "INFO", "name": "Trainer", "asctime": "2026-04-15 16:32:45,426", "type": "train", "epoch": 0, "batch": 4959, "n_batches": 7774, "time": 0.188, "data_time": 0.0, "lr": 0.001, "loss": -20.647}
{"message": "", "levelname": "INFO", "name": "Trainer", "asctime": "2026-04-15 16:32:47,760", "type": "train", "epoch": 0, "batch": 5039, "n_batches": 7774, "time": 0.24, "data_time": 0.001, "lr": 0.001, "loss": -14.712}
{"message": "", "levelname": "INFO", "name": "Trainer", "asctime": "2026-04-15 16:32:49,948", "type": "train", "epoch": 0, "batch": 5119, "n_batches": 7774, "time": 0.231, "data_time": 0.001, "lr": 0.001, "loss": -12.834}
{"message": "", "levelname": "INFO", "name": "Trainer", "asctime": "2026-04-15 16:32:52,022", "type": "train", "epoch": 0, "batch": 5199, "n_batches": 7774, "time": 0.198, "data_time": 0.001, "lr": 0.001, "loss": -5.518}
{"message": "", "levelname": "INFO", "name": "Trainer", "asctime": "2026-04-15 16:32:54,216", "type": "train", "epoch": 0, "batch": 5279, "n_batches": 7774, "time": 0.226, "data_time": 0.0, "lr": 0.001, "loss": -13.559}
{"message": "", "levelname": "INFO", "name": "Trainer", "asctime": "2026-04-15 16:32:56,519", "type": "train", "epoch": 0, "batch": 5359, "n_batches": 7774, "time": 0.24, "data_time": 0.001, "lr": 0.001, "loss": -7.432}
{"message": "", "levelname": "INFO", "name": "Trainer", "asctime": "2026-04-15 16:32:58,828", "type": "train", "epoch": 0, "batch": 5439, "n_batches": 7774, "time": 0.168, "data_time": 0.001, "lr": 0.001, "loss": -12.98}
{"message": "", "levelname": "INFO", "name": "Trainer", "asctime": "2026-04-15 16:33:00,895", "type": "train", "epoch": 0, "batch": 5519, "n_batches": 7774, "time": 0.222, "data_time": 0.0, "lr": 0.001, "loss": -13.979}
{"message": "", "levelname": "INFO", "name": "Trainer", "asctime": "2026-04-15 16:33:02,954", "type": "train", "epoch": 0, "batch": 5599, "n_batches": 7774, "time": 0.167, "data_time": 0.001, "lr": 0.001, "loss": -14.756}
{"message": "", "levelname": "INFO", "name": "Trainer", "asctime": "2026-04-15 16:33:05,111", "type": "train", "epoch": 0, "batch": 5679, "n_batches": 7774, "time": 0.222, "data_time": 0.001, "lr": 0.001, "loss": -15.058}
{"message": "", "levelname": "INFO", "name": "Trainer", "asctime": "2026-04-15 16:33:07,357", "type": "train", "epoch": 0, "batch": 5759, "n_batches": 7774, "time": 0.21, "data_time": 0.0, "lr": 0.001, "loss": -9.549}
{"message": "", "levelname": "INFO", "name": "Trainer", "asctime": "2026-04-15 16:33:09,644", "type": "train", "epoch": 0, "batch": 5839, "n_batches": 7774, "time": 0.202, "data_time": 0.0, "lr": 0.001, "loss": -15.72}
{"message": "", "levelname": "INFO", "name": "Trainer", "asctime": "2026-04-15 16:33:11,996", "type": "train", "epoch": 0, "batch": 5919, "n_batches": 7774, "time": 0.286, "data_time": 0.0, "lr": 0.001, "loss": -8.94}
{"message": "", "levelname": "INFO", "name": "Trainer", "asctime": "2026-04-15 16:33:14,234", "type": "train", "epoch": 0, "batch": 5999, "n_batches": 7774, "time": 0.259, "data_time": 0.0, "lr": 0.001, "loss": -13.416}
{"message": "", "levelname": "INFO", "name": "Trainer", "asctime": "2026-04-15 16:33:16,447", "type": "train", "epoch": 0, "batch": 6079, "n_batches": 7774, "time": 0.179, "data_time": 0.0, "lr": 0.001, "loss": -12.354}
{"message": "", "levelname": "INFO", "name": "Trainer", "asctime": "2026-04-15 16:33:18,872", "type": "train", "epoch": 0, "batch": 6159, "n_batches": 7774, "time": 0.157, "data_time": 0.0, "lr": 0.001, "loss": -14.608}
{"message": "", "levelname": "INFO", "name": "Trainer", "asctime": "2026-04-15 16:33:21,142", "type": "train", "epoch": 0, "batch": 6239, "n_batches": 7774, "time": 0.213, "data_time": 0.0, "lr": 0.001, "loss": -16.065}
{"message": "", "levelname": "INFO", "name": "Trainer", "asctime": "2026-04-15 16:33:23,339", "type": "train", "epoch": 0, "batch": 6319, "n_batches": 7774, "time": 0.253, "data_time": 0.001, "lr": 0.001, "loss": -10.862}
{"message": "", "levelname": "INFO", "name": "Trainer", "asctime": "2026-04-15 16:33:25,541", "type": "train", "epoch": 0, "batch": 6399, "n_batches": 7774, "time": 0.226, "data_time": 0.001, "lr": 0.001, "loss": -19.183}
{"message": "", "levelname": "INFO", "name": "Trainer", "asctime": "2026-04-15 16:33:27,775", "type": "train", "epoch": 0, "batch": 6479, "n_batches": 7774, "time": 0.229, "data_time": 0.001, "lr": 0.001, "loss": -14.087}
{"message": "", "levelname": "INFO", "name": "Trainer", "asctime": "2026-04-15 16:33:29,983", "type": "train", "epoch": 0, "batch": 6559, "n_batches": 7774, "time": 0.195, "data_time": 0.001, "lr": 0.001, "loss": -12.722}
{"message": "", "levelname": "INFO", "name": "Trainer", "asctime": "2026-04-15 16:33:32,292", "type": "train", "epoch": 0, "batch": 6639, "n_batches": 7774, "time": 0.181, "data_time": 0.001, "lr": 0.001, "loss": -10.536}
{"message": "", "levelname": "INFO", "name": "Trainer", "asctime": "2026-04-15 16:33:34,354", "type": "train", "epoch": 0, "batch": 6719, "n_batches": 7774, "time": 0.183, "data_time": 0.001, "lr": 0.001, "loss": -12.279}
{"message": "", "levelname": "INFO", "name": "Trainer", "asctime": "2026-04-15 16:33:36,610", "type": "train", "epoch": 0, "batch": 6799, "n_batches": 7774, "time": 0.194, "data_time": 0.001, "lr": 0.001, "loss": -12.123}
{"message": "", "levelname": "INFO", "name": "Trainer", "asctime": "2026-04-15 16:33:38,822", "type": "train", "epoch": 0, "batch": 6879, "n_batches": 7774, "time": 0.239, "data_time": 0.001, "lr": 0.001, "loss": -16.142}
{"message": "", "levelname": "INFO", "name": "Trainer", "asctime": "2026-04-15 16:33:41,148", "type": "train", "epoch": 0, "batch": 6959, "n_batches": 7774, "time": 0.266, "data_time": 0.001, "lr": 0.001, "loss": -17.42}
{"message": "", "levelname": "INFO", "name": "Trainer", "asctime": "2026-04-15 16:33:43,252", "type": "train", "epoch": 0, "batch": 7039, "n_batches": 7774, "time": 0.174, "data_time": 0.0, "lr": 0.001, "loss": -12.621}
{"message": "", "levelname": "INFO", "name": "Trainer", "asctime": "2026-04-15 16:33:45,388", "type": "train", "epoch": 0, "batch": 7119, "n_batches": 7774, "time": 0.223, "data_time": 0.001, "lr": 0.001, "loss": -12.725}
{"message": "", "levelname": "INFO", "name": "Trainer", "asctime": "2026-04-15 16:33:47,405", "type": "train", "epoch": 0, "batch": 7199, "n_batches": 7774, "time": 0.207, "data_time": 0.0, "lr": 0.001, "loss": -5.596}
{"message": "", "levelname": "INFO", "name": "Trainer", "asctime": "2026-04-15 16:33:49,868", "type": "train", "epoch": 0, "batch": 7279, "n_batches": 7774, "time": 0.207, "data_time": 0.0, "lr": 0.001, "loss": -17.951}
{"message": "", "levelname": "INFO", "name": "Trainer", "asctime": "2026-04-15 16:33:52,219", "type": "train", "epoch": 0, "batch": 7359, "n_batches": 7774, "time": 0.242, "data_time": 0.001, "lr": 0.001, "loss": -14.424}
{"message": "", "levelname": "INFO", "name": "Trainer", "asctime": "2026-04-15 16:33:54,339", "type": "train", "epoch": 0, "batch": 7439, "n_batches": 7774, "time": 0.184, "data_time": 0.0, "lr": 0.001, "loss": -11.86}
{"message": "", "levelname": "INFO", "name": "Trainer", "asctime": "2026-04-15 16:33:56,722", "type": "train", "epoch": 0, "batch": 7519, "n_batches": 7774, "time": 0.255, "data_time": 0.001, "lr": 0.001, "loss": -7.04}
{"message": "", "levelname": "INFO", "name": "Trainer", "asctime": "2026-04-15 16:33:58,857", "type": "train", "epoch": 0, "batch": 7599, "n_batches": 7774, "time": 0.277, "data_time": 0.001, "lr": 0.001, "loss": -14.964}
{"message": "", "levelname": "INFO", "name": "Trainer", "asctime": "2026-04-15 16:34:01,055", "type": "train", "epoch": 0, "batch": 7679, "n_batches": 7774, "time": 0.213, "data_time": 0.0, "lr": 0.001, "loss": -9.492}
{"message": "", "levelname": "INFO", "name": "Trainer", "asctime": "2026-04-15 16:34:03,309", "type": "train", "epoch": 0, "batch": 7759, "n_batches": 7774, "time": 0.249, "data_time": 0.001, "lr": 0.001, "loss": -19.201}
{"message": "", "levelname": "INFO", "name": "Trainer", "asctime": "2026-04-15 16:34:03,733", "type": "train-epoch", "epoch": 1, "loss": -1.4679, "time": 214.5}
{"message": "", "levelname": "INFO", "name": "Trainer", "asctime": "2026-04-15 16:34:38,918", "type": "val-epoch", "epoch": 1, "loss": -1.805, "test_loss": -1.805, "time": 35.2}
{"message": "", "levelname": "INFO", "name": "Trainer", "asctime": "2026-04-15 16:34:41,139", "type": "train", "epoch": 1, "batch": 79, "n_batches": 7774, "time": 0.168, "data_time": 0.0, "lr": 0.001, "loss": -14.278}
{"message": "", "levelname": "INFO", "name": "Trainer", "asctime": "2026-04-15 16:34:43,523", "type": "train", "epoch": 1, "batch": 159, "n_batches": 7774, "time": 0.203, "data_time": 0.0, "lr": 0.001, "loss": -16.037}
{"message": "", "levelname": "INFO", "name": "Trainer", "asctime": "2026-04-15 16:34:45,822", "type": "train", "epoch": 1, "batch": 239, "n_batches": 7774, "time": 0.186, "data_time": 0.001, "lr": 0.001, "loss": -15.29}
{"message": "", "levelname": "INFO", "name": "Trainer", "asctime": "2026-04-15 16:34:48,245", "type": "train", "epoch": 1, "batch": 319, "n_batches": 7774, "time": 0.229, "data_time": 0.0, "lr": 0.001, "loss": -13.724}
{"message": "", "levelname": "INFO", "name": "Trainer", "asctime": "2026-04-15 16:34:50,369", "type": "train", "epoch": 1, "batch": 399, "n_batches": 7774, "time": 0.206, "data_time": 0.001, "lr": 0.001, "loss": -12.436}
{"message": "", "levelname": "INFO", "name": "Trainer", "asctime": "2026-04-15 16:34:52,577", "type": "train", "epoch": 1, "batch": 479, "n_batches": 7774, "time": 0.233, "data_time": 0.0, "lr": 0.001, "loss": -16.766}
{"message": "", "levelname": "INFO", "name": "Trainer", "asctime": "2026-04-15 16:34:55,021", "type": "train", "epoch": 1, "batch": 559, "n_batches": 7774, "time": 0.236, "data_time": 0.001, "lr": 0.001, "loss": -13.668}
{"message": "", "levelname": "INFO", "name": "Trainer", "asctime": "2026-04-15 16:34:57,200", "type": "train", "epoch": 1, "batch": 639, "n_batches": 7774, "time": 0.245, "data_time": 0.001, "lr": 0.001, "loss": -10.187}
{"message": "", "levelname": "INFO", "name": "Trainer", "asctime": "2026-04-15 16:34:59,463", "type": "train", "epoch": 1, "batch": 719, "n_batches": 7774, "time": 0.281, "data_time": 0.001, "lr": 0.001, "loss": -2.033}
{"message": "", "levelname": "INFO", "name": "Trainer", "asctime": "2026-04-15 16:35:01,592", "type": "train", "epoch": 1, "batch": 799, "n_batches": 7774, "time": 0.26, "data_time": 0.001, "lr": 0.001, "loss": -14.407}
{"message": "", "levelname": "INFO", "name": "Trainer", "asctime": "2026-04-15 16:35:04,024", "type": "train", "epoch": 1, "batch": 879, "n_batches": 7774, "time": 0.285, "data_time": 0.0, "lr": 0.001, "loss": -18.284}
{"message": "", "levelname": "INFO", "name": "Trainer", "asctime": "2026-04-15 16:35:06,397", "type": "train", "epoch": 1, "batch": 959, "n_batches": 7774, "time": 0.251, "data_time": 0.001, "lr": 0.001, "loss": -12.931}
{"message": "", "levelname": "INFO", "name": "Trainer", "asctime": "2026-04-15 16:35:08,607", "type": "train", "epoch": 1, "batch": 1039, "n_batches": 7774, "time": 0.174, "data_time": 0.001, "lr": 0.001, "loss": -12.868}
{"message": "", "levelname": "INFO", "name": "Trainer", "asctime": "2026-04-15 16:35:10,707", "type": "train", "epoch": 1, "batch": 1119, "n_batches": 7774, "time": 0.229, "data_time": 0.001, "lr": 0.001, "loss": -11.223}
{"message": "", "levelname": "INFO", "name": "Trainer", "asctime": "2026-04-15 16:35:13,045", "type": "train", "epoch": 1, "batch": 1199, "n_batches": 7774, "time": 0.178, "data_time": 0.001, "lr": 0.001, "loss": -11.746}
{"message": "", "levelname": "INFO", "name": "Trainer", "asctime": "2026-04-15 16:35:15,206", "type": "train", "epoch": 1, "batch": 1279, "n_batches": 7774, "time": 0.163, "data_time": 0.001, "lr": 0.001, "loss": -14.906}
{"message": "", "levelname": "INFO", "name": "Trainer", "asctime": "2026-04-15 16:35:17,401", "type": "train", "epoch": 1, "batch": 1359, "n_batches": 7774, "time": 0.225, "data_time": 0.001, "lr": 0.001, "loss": -17.794}
{"message": "", "levelname": "INFO", "name": "Trainer", "asctime": "2026-04-15 16:35:19,590", "type": "train", "epoch": 1, "batch": 1439, "n_batches": 7774, "time": 0.18, "data_time": 0.0, "lr": 0.001, "loss": -13.364}
{"message": "", "levelname": "INFO", "name": "Trainer", "asctime": "2026-04-15 16:35:21,882", "type": "train", "epoch": 1, "batch": 1519, "n_batches": 7774, "time": 0.22, "data_time": 0.001, "lr": 0.001, "loss": -17.264}
{"message": "", "levelname": "INFO", "name": "Trainer", "asctime": "2026-04-15 16:35:24,015", "type": "train", "epoch": 1, "batch": 1599, "n_batches": 7774, "time": 0.242, "data_time": 0.001, "lr": 0.001, "loss": -11.093}
{"message": "", "levelname": "INFO", "name": "Trainer", "asctime": "2026-04-15 16:35:26,202", "type": "train", "epoch": 1, "batch": 1679, "n_batches": 7774, "time": 0.217, "data_time": 0.001, "lr": 0.001, "loss": -14.368}
{"message": "", "levelname": "INFO", "name": "Trainer", "asctime": "2026-04-15 16:35:28,383", "type": "train", "epoch": 1, "batch": 1759, "n_batches": 7774, "time": 0.239, "data_time": 0.0, "lr": 0.001, "loss": -5.568}
{"message": "", "levelname": "INFO", "name": "Trainer", "asctime": "2026-04-15 16:35:30,742", "type": "train", "epoch": 1, "batch": 1839, "n_batches": 7774, "time": 0.444, "data_time": 0.001, "lr": 0.001, "loss": -9.885}
{"message": "", "levelname": "INFO", "name": "Trainer", "asctime": "2026-04-15 16:35:32,897", "type": "train", "epoch": 1, "batch": 1919, "n_batches": 7774, "time": 0.19, "data_time": 0.001, "lr": 0.001, "loss": -13.852}
{"message": "", "levelname": "INFO", "name": "Trainer", "asctime": "2026-04-15 16:35:35,098", "type": "train", "epoch": 1, "batch": 1999, "n_batches": 7774, "time": 0.191, "data_time": 0.001, "lr": 0.001, "loss": -16.679}
{"message": "", "levelname": "INFO", "name": "Trainer", "asctime": "2026-04-15 16:35:37,342", "type": "train", "epoch": 1, "batch": 2079, "n_batches": 7774, "time": 0.216, "data_time": 0.001, "lr": 0.001, "loss": -15.657}
{"message": "", "levelname": "INFO", "name": "Trainer", "asctime": "2026-04-15 16:35:39,629", "type": "train", "epoch": 1, "batch": 2159, "n_batches": 7774, "time": 0.25, "data_time": 0.001, "lr": 0.001, "loss": -14.989}
{"message": "", "levelname": "INFO", "name": "Trainer", "asctime": "2026-04-15 16:35:41,845", "type": "train", "epoch": 1, "batch": 2239, "n_batches": 7774, "time": 0.242, "data_time": 0.001, "lr": 0.001, "loss": -18.928}
{"message": "", "levelname": "INFO", "name": "Trainer", "asctime": "2026-04-15 16:35:44,094", "type": "train", "epoch": 1, "batch": 2319, "n_batches": 7774, "time": 0.209, "data_time": 0.001, "lr": 0.001, "loss": -14.236}
{"message": "", "levelname": "INFO", "name": "Trainer", "asctime": "2026-04-15 16:35:46,253", "type": "train", "epoch": 1, "batch": 2399, "n_batches": 7774, "time": 0.229, "data_time": 0.001, "lr": 0.001, "loss": -15.494}
{"message": "", "levelname": "INFO", "name": "Trainer", "asctime": "2026-04-15 16:35:48,650", "type": "train", "epoch": 1, "batch": 2479, "n_batches": 7774, "time": 0.187, "data_time": 0.0, "lr": 0.001, "loss": -12.572}
{"message": "", "levelname": "INFO", "name": "Trainer", "asctime": "2026-04-15 16:35:50,901", "type": "train", "epoch": 1, "batch": 2559, "n_batches": 7774, "time": 0.236, "data_time": 0.001, "lr": 0.001, "loss": -16.031}
{"message": "", "levelname": "INFO", "name": "Trainer", "asctime": "2026-04-15 16:35:53,109", "type": "train", "epoch": 1, "batch": 2639, "n_batches": 7774, "time": 0.23, "data_time": 0.001, "lr": 0.001, "loss": -8.7}
{"message": "", "levelname": "INFO", "name": "Trainer", "asctime": "2026-04-15 16:35:55,214", "type": "train", "epoch": 1, "batch": 2719, "n_batches": 7774, "time": 0.214, "data_time": 0.0, "lr": 0.001, "loss": -13.942}
{"message": "", "levelname": "INFO", "name": "Trainer", "asctime": "2026-04-15 16:35:57,504", "type": "train", "epoch": 1, "batch": 2799, "n_batches": 7774, "time": 0.272, "data_time": 0.001, "lr": 0.001, "loss": -17.16}
{"message": "", "levelname": "INFO", "name": "Trainer", "asctime": "2026-04-15 16:35:59,741", "type": "train", "epoch": 1, "batch": 2879, "n_batches": 7774, "time": 0.215, "data_time": 0.001, "lr": 0.001, "loss": -18.847}
{"message": "", "levelname": "INFO", "name": "Trainer", "asctime": "2026-04-15 16:36:01,887", "type": "train", "epoch": 1, "batch": 2959, "n_batches": 7774, "time": 0.207, "data_time": 0.0, "lr": 0.001, "loss": -14.405}
{"message": "", "levelname": "INFO", "name": "Trainer", "asctime": "2026-04-15 16:36:04,082", "type": "train", "epoch": 1, "batch": 3039, "n_batches": 7774, "time": 0.225, "data_time": 0.001, "lr": 0.001, "loss": -11.043}
{"message": "", "levelname": "INFO", "name": "Trainer", "asctime": "2026-04-15 16:36:06,279", "type": "train", "epoch": 1, "batch": 3119, "n_batches": 7774, "time": 0.229, "data_time": 0.0, "lr": 0.001, "loss": -13.757}
{"message": "", "levelname": "INFO", "name": "Trainer", "asctime": "2026-04-15 16:36:08,571", "type": "train", "epoch": 1, "batch": 3199, "n_batches": 7774, "time": 0.274, "data_time": 0.001, "lr": 0.001, "loss": -12.695}
{"message": "", "levelname": "INFO", "name": "Trainer", "asctime": "2026-04-15 16:36:11,082", "type": "train", "epoch": 1, "batch": 3279, "n_batches": 7774, "time": 0.198, "data_time": 0.001, "lr": 0.001, "loss": -16.292}
{"message": "", "levelname": "INFO", "name": "Trainer", "asctime": "2026-04-15 16:36:13,125", "type": "train", "epoch": 1, "batch": 3359, "n_batches": 7774, "time": 0.223, "data_time": 0.0, "lr": 0.001, "loss": -13.771}
{"message": "", "levelname": "INFO", "name": "Trainer", "asctime": "2026-04-15 16:36:15,215", "type": "train", "epoch": 1, "batch": 3439, "n_batches": 7774, "time": 0.23, "data_time": 0.001, "lr": 0.001, "loss": -15.025}
{"message": "", "levelname": "INFO", "name": "Trainer", "asctime": "2026-04-15 16:36:17,500", "type": "train", "epoch": 1, "batch": 3519, "n_batches": 7774, "time": 0.276, "data_time": 0.001, "lr": 0.001, "loss": -15.809}
{"message": "", "levelname": "INFO", "name": "Trainer", "asctime": "2026-04-15 16:36:19,948", "type": "train", "epoch": 1, "batch": 3599, "n_batches": 7774, "time": 0.191, "data_time": 0.0, "lr": 0.001, "loss": -17.369}
{"message": "", "levelname": "INFO", "name": "Trainer", "asctime": "2026-04-15 16:36:22,029", "type": "train", "epoch": 1, "batch": 3679, "n_batches": 7774, "time": 0.213, "data_time": 0.0, "lr": 0.001, "loss": -20.272}
{"message": "", "levelname": "INFO", "name": "Trainer", "asctime": "2026-04-15 16:36:24,012", "type": "train", "epoch": 1, "batch": 3759, "n_batches": 7774, "time": 0.309, "data_time": 0.0, "lr": 0.001, "loss": -7.901}
{"message": "", "levelname": "INFO", "name": "Trainer", "asctime": "2026-04-15 16:36:26,471", "type": "train", "epoch": 1, "batch": 3839, "n_batches": 7774, "time": 0.177, "data_time": 0.001, "lr": 0.001, "loss": -14.402}
{"message": "", "levelname": "INFO", "name": "Trainer", "asctime": "2026-04-15 16:36:28,560", "type": "train", "epoch": 1, "batch": 3919, "n_batches": 7774, "time": 0.2, "data_time": 0.0, "lr": 0.001, "loss": -7.707}
{"message": "", "levelname": "INFO", "name": "Trainer", "asctime": "2026-04-15 16:36:30,708", "type": "train", "epoch": 1, "batch": 3999, "n_batches": 7774, "time": 0.248, "data_time": 0.001, "lr": 0.001, "loss": -14.072}
{"message": "", "levelname": "INFO", "name": "Trainer", "asctime": "2026-04-15 16:36:33,069", "type": "train", "epoch": 1, "batch": 4079, "n_batches": 7774, "time": 0.21, "data_time": 0.001, "lr": 0.001, "loss": -10.166}
{"message": "", "levelname": "INFO", "name": "Trainer", "asctime": "2026-04-15 16:36:35,298", "type": "train", "epoch": 1, "batch": 4159, "n_batches": 7774, "time": 0.241, "data_time": 0.001, "lr": 0.001, "loss": -12.409}
{"message": "", "levelname": "INFO", "name": "Trainer", "asctime": "2026-04-15 16:36:37,652", "type": "train", "epoch": 1, "batch": 4239, "n_batches": 7774, "time": 0.192, "data_time": 0.0, "lr": 0.001, "loss": -20.623}
{"message": "", "levelname": "INFO", "name": "Trainer", "asctime": "2026-04-15 16:36:39,992", "type": "train", "epoch": 1, "batch": 4319, "n_batches": 7774, "time": 0.228, "data_time": 0.001, "lr": 0.001, "loss": -15.983}
{"message": "", "levelname": "INFO", "name": "Trainer", "asctime": "2026-04-15 16:36:42,188", "type": "train", "epoch": 1, "batch": 4399, "n_batches": 7774, "time": 0.287, "data_time": 0.001, "lr": 0.001, "loss": -10.342}
{"message": "", "levelname": "INFO", "name": "Trainer", "asctime": "2026-04-15 16:36:44,475", "type": "train", "epoch": 1, "batch": 4479, "n_batches": 7774, "time": 0.239, "data_time": 0.0, "lr": 0.001, "loss": -13.859}
{"message": "", "levelname": "INFO", "name": "Trainer", "asctime": "2026-04-15 16:36:46,768", "type": "train", "epoch": 1, "batch": 4559, "n_batches": 7774, "time": 0.221, "data_time": 0.001, "lr": 0.001, "loss": -13.586}
{"message": "", "levelname": "INFO", "name": "Trainer", "asctime": "2026-04-15 16:36:48,928", "type": "train", "epoch": 1, "batch": 4639, "n_batches": 7774, "time": 0.17, "data_time": 0.001, "lr": 0.001, "loss": -18.089}
{"message": "", "levelname": "INFO", "name": "Trainer", "asctime": "2026-04-15 16:36:50,958", "type": "train", "epoch": 1, "batch": 4719, "n_batches": 7774, "time": 0.239, "data_time": 0.0, "lr": 0.001, "loss": -9.867}
{"message": "", "levelname": "INFO", "name": "Trainer", "asctime": "2026-04-15 16:36:53,136", "type": "train", "epoch": 1, "batch": 4799, "n_batches": 7774, "time": 0.239, "data_time": 0.0, "lr": 0.001, "loss": -14.51}
{"message": "", "levelname": "INFO", "name": "Trainer", "asctime": "2026-04-15 16:36:55,437", "type": "train", "epoch": 1, "batch": 4879, "n_batches": 7774, "time": 0.21, "data_time": 0.001, "lr": 0.001, "loss": -14.827}
{"message": "", "levelname": "INFO", "name": "Trainer", "asctime": "2026-04-15 16:36:57,395", "type": "train", "epoch": 1, "batch": 4959, "n_batches": 7774, "time": 0.223, "data_time": 0.0, "lr": 0.001, "loss": -13.256}
{"message": "", "levelname": "INFO", "name": "Trainer", "asctime": "2026-04-15 16:36:59,298", "type": "train", "epoch": 1, "batch": 5039, "n_batches": 7774, "time": 0.197, "data_time": 0.0, "lr": 0.001, "loss": -7.114}
{"message": "", "levelname": "INFO", "name": "Trainer", "asctime": "2026-04-15 16:37:01,428", "type": "train", "epoch": 1, "batch": 5119, "n_batches": 7774, "time": 0.165, "data_time": 0.001, "lr": 0.001, "loss": -14.563}
{"message": "", "levelname": "INFO", "name": "Trainer", "asctime": "2026-04-15 16:37:03,523", "type": "train", "epoch": 1, "batch": 5199, "n_batches": 7774, "time": 0.237, "data_time": 0.001, "lr": 0.001, "loss": -11.883}
{"message": "", "levelname": "INFO", "name": "Trainer", "asctime": "2026-04-15 16:37:05,628", "type": "train", "epoch": 1, "batch": 5279, "n_batches": 7774, "time": 0.147, "data_time": 0.001, "lr": 0.001, "loss": -17.989}
{"message": "", "levelname": "INFO", "name": "Trainer", "asctime": "2026-04-15 16:37:07,762", "type": "train", "epoch": 1, "batch": 5359, "n_batches": 7774, "time": 0.227, "data_time": 0.0, "lr": 0.001, "loss": -17.454}
{"message": "", "levelname": "INFO", "name": "Trainer", "asctime": "2026-04-15 16:37:09,791", "type": "train", "epoch": 1, "batch": 5439, "n_batches": 7774, "time": 0.256, "data_time": 0.001, "lr": 0.001, "loss": -17.285}
{"message": "", "levelname": "INFO", "name": "Trainer", "asctime": "2026-04-15 16:37:11,662", "type": "train", "epoch": 1, "batch": 5519, "n_batches": 7774, "time": 0.178, "data_time": 0.001, "lr": 0.001, "loss": -15.328}
{"message": "", "levelname": "INFO", "name": "Trainer", "asctime": "2026-04-15 16:37:13,755", "type": "train", "epoch": 1, "batch": 5599, "n_batches": 7774, "time": 0.163, "data_time": 0.0, "lr": 0.001, "loss": -17.323}
{"message": "", "levelname": "INFO", "name": "Trainer", "asctime": "2026-04-15 16:37:15,565", "type": "train", "epoch": 1, "batch": 5679, "n_batches": 7774, "time": 0.169, "data_time": 0.0, "lr": 0.001, "loss": -18.458}
{"message": "", "levelname": "INFO", "name": "Trainer", "asctime": "2026-04-15 16:37:17,864", "type": "train", "epoch": 1, "batch": 5759, "n_batches": 7774, "time": 0.253, "data_time": 0.001, "lr": 0.001, "loss": -13.885}
{"message": "", "levelname": "INFO", "name": "Trainer", "asctime": "2026-04-15 16:37:19,876", "type": "train", "epoch": 1, "batch": 5839, "n_batches": 7774, "time": 0.227, "data_time": 0.001, "lr": 0.001, "loss": -7.419}
{"message": "", "levelname": "INFO", "name": "Trainer", "asctime": "2026-04-15 16:37:21,759", "type": "train", "epoch": 1, "batch": 5919, "n_batches": 7774, "time": 0.156, "data_time": 0.001, "lr": 0.001, "loss": -16.241}
{"message": "", "levelname": "INFO", "name": "Trainer", "asctime": "2026-04-15 16:37:23,746", "type": "train", "epoch": 1, "batch": 5999, "n_batches": 7774, "time": 0.18, "data_time": 0.0, "lr": 0.001, "loss": -15.352}
{"message": "", "levelname": "INFO", "name": "Trainer", "asctime": "2026-04-15 16:37:25,636", "type": "train", "epoch": 1, "batch": 6079, "n_batches": 7774, "time": 0.193, "data_time": 0.001, "lr": 0.001, "loss": -15.093}
{"message": "", "levelname": "INFO", "name": "Trainer", "asctime": "2026-04-15 16:37:27,439", "type": "train", "epoch": 1, "batch": 6159, "n_batches": 7774, "time": 0.16, "data_time": 0.001, "lr": 0.001, "loss": -12.554}
{"message": "", "levelname": "INFO", "name": "Trainer", "asctime": "2026-04-15 16:37:29,468", "type": "train", "epoch": 1, "batch": 6239, "n_batches": 7774, "time": 0.159, "data_time": 0.0, "lr": 0.001, "loss": -9.241}
{"message": "", "levelname": "INFO", "name": "Trainer", "asctime": "2026-04-15 16:37:31,777", "type": "train", "epoch": 1, "batch": 6319, "n_batches": 7774, "time": 0.197, "data_time": 0.0, "lr": 0.001, "loss": -21.117}
{"message": "", "levelname": "INFO", "name": "Trainer", "asctime": "2026-04-15 16:37:33,778", "type": "train", "epoch": 1, "batch": 6399, "n_batches": 7774, "time": 0.198, "data_time": 0.001, "lr": 0.001, "loss": -14.372}
{"message": "", "levelname": "INFO", "name": "Trainer", "asctime": "2026-04-15 16:37:35,772", "type": "train", "epoch": 1, "batch": 6479, "n_batches": 7774, "time": 0.189, "data_time": 0.001, "lr": 0.001, "loss": -6.701}
{"message": "", "levelname": "INFO", "name": "Trainer", "asctime": "2026-04-15 16:37:37,704", "type": "train", "epoch": 1, "batch": 6559, "n_batches": 7774, "time": 0.14, "data_time": 0.0, "lr": 0.001, "loss": -15.867}
{"message": "", "levelname": "INFO", "name": "Trainer", "asctime": "2026-04-15 16:37:39,666", "type": "train", "epoch": 1, "batch": 6639, "n_batches": 7774, "time": 0.223, "data_time": 0.001, "lr": 0.001, "loss": -17.314}
{"message": "", "levelname": "INFO", "name": "Trainer", "asctime": "2026-04-15 16:37:41,701", "type": "train", "epoch": 1, "batch": 6719, "n_batches": 7774, "time": 0.242, "data_time": 0.001, "lr": 0.001, "loss": -19.092}
{"message": "", "levelname": "INFO", "name": "Trainer", "asctime": "2026-04-15 16:37:43,611", "type": "train", "epoch": 1, "batch": 6799, "n_batches": 7774, "time": 0.215, "data_time": 0.0, "lr": 0.001, "loss": -15.142}
{"message": "", "levelname": "INFO", "name": "Trainer", "asctime": "2026-04-15 16:37:45,720", "type": "train", "epoch": 1, "batch": 6879, "n_batches": 7774, "time": 0.234, "data_time": 0.0, "lr": 0.001, "loss": -7.67}
{"message": "", "levelname": "INFO", "name": "Trainer", "asctime": "2026-04-15 16:37:47,638", "type": "train", "epoch": 1, "batch": 6959, "n_batches": 7774, "time": 0.216, "data_time": 0.001, "lr": 0.001, "loss": -5.265}
{"message": "", "levelname": "INFO", "name": "Trainer", "asctime": "2026-04-15 16:37:49,448", "type": "train", "epoch": 1, "batch": 7039, "n_batches": 7774, "time": 0.149, "data_time": 0.0, "lr": 0.001, "loss": -11.968}
{"message": "", "levelname": "INFO", "name": "Trainer", "asctime": "2026-04-15 16:37:51,544", "type": "train", "epoch": 1, "batch": 7119, "n_batches": 7774, "time": 0.279, "data_time": 0.001, "lr": 0.001, "loss": -11.743}
{"message": "", "levelname": "INFO", "name": "Trainer", "asctime": "2026-04-15 16:37:53,469", "type": "train", "epoch": 1, "batch": 7199, "n_batches": 7774, "time": 0.203, "data_time": 0.001, "lr": 0.001, "loss": -11.775}
{"message": "", "levelname": "INFO", "name": "Trainer", "asctime": "2026-04-15 16:37:55,387", "type": "train", "epoch": 1, "batch": 7279, "n_batches": 7774, "time": 0.161, "data_time": 0.0, "lr": 0.001, "loss": -10.939}
{"message": "", "levelname": "INFO", "name": "Trainer", "asctime": "2026-04-15 16:37:57,365", "type": "train", "epoch": 1, "batch": 7359, "n_batches": 7774, "time": 0.246, "data_time": 0.0, "lr": 0.001, "loss": -11.477}
{"message": "", "levelname": "INFO", "name": "Trainer", "asctime": "2026-04-15 16:37:59,393", "type": "train", "epoch": 1, "batch": 7439, "n_batches": 7774, "time": 0.211, "data_time": 0.001, "lr": 0.001, "loss": -10.318}
{"message": "", "levelname": "INFO", "name": "Trainer", "asctime": "2026-04-15 16:38:01,303", "type": "train", "epoch": 1, "batch": 7519, "n_batches": 7774, "time": 0.161, "data_time": 0.001, "lr": 0.001, "loss": -17.586}
{"message": "", "levelname": "INFO", "name": "Trainer", "asctime": "2026-04-15 16:38:03,382", "type": "train", "epoch": 1, "batch": 7599, "n_batches": 7774, "time": 0.187, "data_time": 0.001, "lr": 0.001, "loss": -11.507}
{"message": "", "levelname": "INFO", "name": "Trainer", "asctime": "2026-04-15 16:38:05,432", "type": "train", "epoch": 1, "batch": 7679, "n_batches": 7774, "time": 0.19, "data_time": 0.001, "lr": 0.001, "loss": -13.137}
{"message": "", "levelname": "INFO", "name": "Trainer", "asctime": "2026-04-15 16:38:07,315", "type": "train", "epoch": 1, "batch": 7759, "n_batches": 7774, "time": 0.159, "data_time": 0.001, "lr": 0.001, "loss": -13.744}
{"message": "", "levelname": "INFO", "name": "Trainer", "asctime": "2026-04-15 16:38:07,701", "type": "train-epoch", "epoch": 2, "loss": -1.69715, "time": 208.8}
{"message": "", "levelname": "INFO", "name": "Trainer", "asctime": "2026-04-15 16:38:39,701", "type": "val-epoch", "epoch": 2, "loss": -1.903, "test_loss": -1.903, "time": 32.0}
{"message": "", "levelname": "INFO", "name": "Trainer", "asctime": "2026-04-15 16:38:41,733", "type": "train", "epoch": 2, "batch": 79, "n_batches": 7774, "time": 0.171, "data_time": 0.0, "lr": 0.001, "loss": -10.848}
{"message": "", "levelname": "INFO", "name": "Trainer", "asctime": "2026-04-15 16:38:43,620", "type": "train", "epoch": 2, "batch": 159, "n_batches": 7774, "time": 0.192, "data_time": 0.001, "lr": 0.001, "loss": -11.535}
{"message": "", "levelname": "INFO", "name": "Trainer", "asctime": "2026-04-15 16:38:45,579", "type": "train", "epoch": 2, "batch": 239, "n_batches": 7774, "time": 0.158, "data_time": 0.001, "lr": 0.001, "loss": -13.084}
{"message": "", "levelname": "INFO", "name": "Trainer", "asctime": "2026-04-15 16:38:47,592", "type": "train", "epoch": 2, "batch": 319, "n_batches": 7774, "time": 0.196, "data_time": 0.001, "lr": 0.001, "loss": -18.725}
{"message": "", "levelname": "INFO", "name": "Trainer", "asctime": "2026-04-15 16:38:49,522", "type": "train", "epoch": 2, "batch": 399, "n_batches": 7774, "time": 0.202, "data_time": 0.001, "lr": 0.001, "loss": -10.722}
{"message": "", "levelname": "INFO", "name": "Trainer", "asctime": "2026-04-15 16:38:51,458", "type": "train", "epoch": 2, "batch": 479, "n_batches": 7774, "time": 0.211, "data_time": 0.001, "lr": 0.001, "loss": -10.404}
{"message": "", "levelname": "INFO", "name": "Trainer", "asctime": "2026-04-15 16:38:53,558", "type": "train", "epoch": 2, "batch": 559, "n_batches": 7774, "time": 0.199, "data_time": 0.0, "lr": 0.001, "loss": -15.382}
{"message": "", "levelname": "INFO", "name": "Trainer", "asctime": "2026-04-15 16:38:55,557", "type": "train", "epoch": 2, "batch": 639, "n_batches": 7774, "time": 0.18, "data_time": 0.0, "lr": 0.001, "loss": -10.093}
{"message": "", "levelname": "INFO", "name": "Trainer", "asctime": "2026-04-15 16:38:57,382", "type": "train", "epoch": 2, "batch": 719, "n_batches": 7774, "time": 0.143, "data_time": 0.001, "lr": 0.001, "loss": -18.178}
{"message": "", "levelname": "INFO", "name": "Trainer", "asctime": "2026-04-15 16:38:59,433", "type": "train", "epoch": 2, "batch": 799, "n_batches": 7774, "time": 0.249, "data_time": 0.001, "lr": 0.001, "loss": -13.634}
{"message": "", "levelname": "INFO", "name": "Trainer", "asctime": "2026-04-15 16:39:01,457", "type": "train", "epoch": 2, "batch": 879, "n_batches": 7774, "time": 0.191, "data_time": 0.0, "lr": 0.001, "loss": -12.247}
{"message": "", "levelname": "INFO", "name": "Trainer", "asctime": "2026-04-15 16:39:03,421", "type": "train", "epoch": 2, "batch": 959, "n_batches": 7774, "time": 0.223, "data_time": 0.001, "lr": 0.001, "loss": -12.774}
{"message": "", "levelname": "INFO", "name": "Trainer", "asctime": "2026-04-15 16:39:05,320", "type": "train", "epoch": 2, "batch": 1039, "n_batches": 7774, "time": 0.171, "data_time": 0.001, "lr": 0.001, "loss": -19.747}
{"message": "", "levelname": "INFO", "name": "Trainer", "asctime": "2026-04-15 16:39:07,543", "type": "train", "epoch": 2, "batch": 1119, "n_batches": 7774, "time": 0.188, "data_time": 0.001, "lr": 0.001, "loss": -10.347}
{"message": "", "levelname": "INFO", "name": "Trainer", "asctime": "2026-04-15 16:39:09,603", "type": "train", "epoch": 2, "batch": 1199, "n_batches": 7774, "time": 0.244, "data_time": 0.0, "lr": 0.001, "loss": -16.039}
{"message": "", "levelname": "INFO", "name": "Trainer", "asctime": "2026-04-15 16:39:11,644", "type": "train", "epoch": 2, "batch": 1279, "n_batches": 7774, "time": 0.217, "data_time": 0.001, "lr": 0.001, "loss": -17.986}
{"message": "", "levelname": "INFO", "name": "Trainer", "asctime": "2026-04-15 16:39:13,689", "type": "train", "epoch": 2, "batch": 1359, "n_batches": 7774, "time": 0.181, "data_time": 0.001, "lr": 0.001, "loss": -5.005}
{"message": "", "levelname": "INFO", "name": "Trainer", "asctime": "2026-04-15 16:39:15,715", "type": "train", "epoch": 2, "batch": 1439, "n_batches": 7774, "time": 0.186, "data_time": 0.001, "lr": 0.001, "loss": -20.064}
{"message": "", "levelname": "INFO", "name": "Trainer", "asctime": "2026-04-15 16:39:17,726", "type": "train", "epoch": 2, "batch": 1519, "n_batches": 7774, "time": 0.209, "data_time": 0.001, "lr": 0.001, "loss": -6.765}
{"message": "", "levelname": "INFO", "name": "Trainer", "asctime": "2026-04-15 16:39:19,753", "type": "train", "epoch": 2, "batch": 1599, "n_batches": 7774, "time": 0.227, "data_time": 0.001, "lr": 0.001, "loss": -14.364}
{"message": "", "levelname": "INFO", "name": "Trainer", "asctime": "2026-04-15 16:39:21,740", "type": "train", "epoch": 2, "batch": 1679, "n_batches": 7774, "time": 0.175, "data_time": 0.001, "lr": 0.001, "loss": -13.315}
{"message": "", "levelname": "INFO", "name": "Trainer", "asctime": "2026-04-15 16:39:23,679", "type": "train", "epoch": 2, "batch": 1759, "n_batches": 7774, "time": 0.243, "data_time": 0.001, "lr": 0.001, "loss": -13.654}
{"message": "", "levelname": "INFO", "name": "Trainer", "asctime": "2026-04-15 16:39:25,675", "type": "train", "epoch": 2, "batch": 1839, "n_batches": 7774, "time": 0.209, "data_time": 0.0, "lr": 0.001, "loss": -14.461}
{"message": "", "levelname": "INFO", "name": "Trainer", "asctime": "2026-04-15 16:39:27,738", "type": "train", "epoch": 2, "batch": 1919, "n_batches": 7774, "time": 0.199, "data_time": 0.001, "lr": 0.001, "loss": -15.329}
{"message": "", "levelname": "INFO", "name": "Trainer", "asctime": "2026-04-15 16:39:29,639", "type": "train", "epoch": 2, "batch": 1999, "n_batches": 7774, "time": 0.166, "data_time": 0.0, "lr": 0.001, "loss": -15.285}
{"message": "", "levelname": "INFO", "name": "Trainer", "asctime": "2026-04-15 16:39:31,696", "type": "train", "epoch": 2, "batch": 2079, "n_batches": 7774, "time": 0.201, "data_time": 0.0, "lr": 0.001, "loss": -16.008}
{"message": "", "levelname": "INFO", "name": "Trainer", "asctime": "2026-04-15 16:39:33,668", "type": "train", "epoch": 2, "batch": 2159, "n_batches": 7774, "time": 0.159, "data_time": 0.001, "lr": 0.001, "loss": -8.56}
{"message": "", "levelname": "INFO", "name": "Trainer", "asctime": "2026-04-15 16:39:35,634", "type": "train", "epoch": 2, "batch": 2239, "n_batches": 7774, "time": 0.215, "data_time": 0.001, "lr": 0.001, "loss": -13.939}
{"message": "", "levelname": "INFO", "name": "Trainer", "asctime": "2026-04-15 16:39:37,747", "type": "train", "epoch": 2, "batch": 2319, "n_batches": 7774, "time": 0.182, "data_time": 0.001, "lr": 0.001, "loss": -16.679}
{"message": "", "levelname": "INFO", "name": "Trainer", "asctime": "2026-04-15 16:39:39,819", "type": "train", "epoch": 2, "batch": 2399, "n_batches": 7774, "time": 0.187, "data_time": 0.0, "lr": 0.001, "loss": -12.375}
{"message": "", "levelname": "INFO", "name": "Trainer", "asctime": "2026-04-15 16:39:41,905", "type": "train", "epoch": 2, "batch": 2479, "n_batches": 7774, "time": 0.219, "data_time": 0.001, "lr": 0.001, "loss": -12.191}
{"message": "", "levelname": "INFO", "name": "Trainer", "asctime": "2026-04-15 16:39:44,121", "type": "train", "epoch": 2, "batch": 2559, "n_batches": 7774, "time": 0.194, "data_time": 0.0, "lr": 0.001, "loss": -13.165}
{"message": "", "levelname": "INFO", "name": "Trainer", "asctime": "2026-04-15 16:39:46,175", "type": "train", "epoch": 2, "batch": 2639, "n_batches": 7774, "time": 0.227, "data_time": 0.001, "lr": 0.001, "loss": -10.258}
{"message": "", "levelname": "INFO", "name": "Trainer", "asctime": "2026-04-15 16:39:48,149", "type": "train", "epoch": 2, "batch": 2719, "n_batches": 7774, "time": 0.154, "data_time": 0.0, "lr": 0.001, "loss": -12.257}
{"message": "", "levelname": "INFO", "name": "Trainer", "asctime": "2026-04-15 16:39:50,149", "type": "train", "epoch": 2, "batch": 2799, "n_batches": 7774, "time": 0.19, "data_time": 0.001, "lr": 0.001, "loss": -11.724}
{"message": "", "levelname": "INFO", "name": "Trainer", "asctime": "2026-04-15 16:39:52,157", "type": "train", "epoch": 2, "batch": 2879, "n_batches": 7774, "time": 0.267, "data_time": 0.001, "lr": 0.001, "loss": -11.358}
{"message": "", "levelname": "INFO", "name": "Trainer", "asctime": "2026-04-15 16:39:54,211", "type": "train", "epoch": 2, "batch": 2959, "n_batches": 7774, "time": 0.179, "data_time": 0.001, "lr": 0.001, "loss": -15.325}
{"message": "", "levelname": "INFO", "name": "Trainer", "asctime": "2026-04-15 16:39:56,267", "type": "train", "epoch": 2, "batch": 3039, "n_batches": 7774, "time": 0.138, "data_time": 0.0, "lr": 0.001, "loss": -12.341}
{"message": "", "levelname": "INFO", "name": "Trainer", "asctime": "2026-04-15 16:39:58,134", "type": "train", "epoch": 2, "batch": 3119, "n_batches": 7774, "time": 0.206, "data_time": 0.001, "lr": 0.001, "loss": -13.907}
{"message": "", "levelname": "INFO", "name": "Trainer", "asctime": "2026-04-15 16:40:00,256", "type": "train", "epoch": 2, "batch": 3199, "n_batches": 7774, "time": 0.243, "data_time": 0.001, "lr": 0.001, "loss": -19.281}
{"message": "", "levelname": "INFO", "name": "Trainer", "asctime": "2026-04-15 16:40:02,149", "type": "train", "epoch": 2, "batch": 3279, "n_batches": 7774, "time": 0.231, "data_time": 0.001, "lr": 0.001, "loss": -11.443}
{"message": "", "levelname": "INFO", "name": "Trainer", "asctime": "2026-04-15 16:40:04,208", "type": "train", "epoch": 2, "batch": 3359, "n_batches": 7774, "time": 0.223, "data_time": 0.001, "lr": 0.001, "loss": -10.615}
{"message": "", "levelname": "INFO", "name": "Trainer", "asctime": "2026-04-15 16:40:06,282", "type": "train", "epoch": 2, "batch": 3439, "n_batches": 7774, "time": 0.206, "data_time": 0.0, "lr": 0.001, "loss": -10.657}
{"message": "", "levelname": "INFO", "name": "Trainer", "asctime": "2026-04-15 16:40:08,057", "type": "train", "epoch": 2, "batch": 3519, "n_batches": 7774, "time": 0.177, "data_time": 0.0, "lr": 0.001, "loss": -15.627}
{"message": "", "levelname": "INFO", "name": "Trainer", "asctime": "2026-04-15 16:40:09,911", "type": "train", "epoch": 2, "batch": 3599, "n_batches": 7774, "time": 0.224, "data_time": 0.001, "lr": 0.001, "loss": -14.309}
{"message": "", "levelname": "INFO", "name": "Trainer", "asctime": "2026-04-15 16:40:11,936", "type": "train", "epoch": 2, "batch": 3679, "n_batches": 7774, "time": 0.204, "data_time": 0.0, "lr": 0.001, "loss": -19.1}
{"message": "", "levelname": "INFO", "name": "Trainer", "asctime": "2026-04-15 16:40:13,925", "type": "train", "epoch": 2, "batch": 3759, "n_batches": 7774, "time": 0.201, "data_time": 0.0, "lr": 0.001, "loss": -15.53}
{"message": "", "levelname": "INFO", "name": "Trainer", "asctime": "2026-04-15 16:40:15,838", "type": "train", "epoch": 2, "batch": 3839, "n_batches": 7774, "time": 0.156, "data_time": 0.0, "lr": 0.001, "loss": -19.273}
{"message": "", "levelname": "INFO", "name": "Trainer", "asctime": "2026-04-15 16:40:17,946", "type": "train", "epoch": 2, "batch": 3919, "n_batches": 7774, "time": 0.192, "data_time": 0.001, "lr": 0.001, "loss": -14.429}
{"message": "", "levelname": "INFO", "name": "Trainer", "asctime": "2026-04-15 16:40:20,021", "type": "train", "epoch": 2, "batch": 3999, "n_batches": 7774, "time": 0.278, "data_time": 0.001, "lr": 0.001, "loss": -14.599}
{"message": "", "levelname": "INFO", "name": "Trainer", "asctime": "2026-04-15 16:40:22,093", "type": "train", "epoch": 2, "batch": 4079, "n_batches": 7774, "time": 0.212, "data_time": 0.001, "lr": 0.001, "loss": -17.767}
{"message": "", "levelname": "INFO", "name": "Trainer", "asctime": "2026-04-15 16:40:24,059", "type": "train", "epoch": 2, "batch": 4159, "n_batches": 7774, "time": 0.222, "data_time": 0.001, "lr": 0.001, "loss": -11.485}
{"message": "", "levelname": "INFO", "name": "Trainer", "asctime": "2026-04-15 16:40:26,238", "type": "train", "epoch": 2, "batch": 4239, "n_batches": 7774, "time": 0.14, "data_time": 0.0, "lr": 0.001, "loss": -10.224}
{"message": "", "levelname": "INFO", "name": "Trainer", "asctime": "2026-04-15 16:40:28,337", "type": "train", "epoch": 2, "batch": 4319, "n_batches": 7774, "time": 0.206, "data_time": 0.001, "lr": 0.001, "loss": -3.837}
{"message": "", "levelname": "INFO", "name": "Trainer", "asctime": "2026-04-15 16:40:30,227", "type": "train", "epoch": 2, "batch": 4399, "n_batches": 7774, "time": 0.171, "data_time": 0.0, "lr": 0.001, "loss": -12.161}
{"message": "", "levelname": "INFO", "name": "Trainer", "asctime": "2026-04-15 16:40:32,301", "type": "train", "epoch": 2, "batch": 4479, "n_batches": 7774, "time": 0.226, "data_time": 0.001, "lr": 0.001, "loss": -11.561}
{"message": "", "levelname": "INFO", "name": "Trainer", "asctime": "2026-04-15 16:40:34,255", "type": "train", "epoch": 2, "batch": 4559, "n_batches": 7774, "time": 0.228, "data_time": 0.001, "lr": 0.001, "loss": -18.337}
{"message": "", "levelname": "INFO", "name": "Trainer", "asctime": "2026-04-15 16:40:36,411", "type": "train", "epoch": 2, "batch": 4639, "n_batches": 7774, "time": 0.273, "data_time": 0.001, "lr": 0.001, "loss": -14.31}
{"message": "", "levelname": "INFO", "name": "Trainer", "asctime": "2026-04-15 16:40:38,493", "type": "train", "epoch": 2, "batch": 4719, "n_batches": 7774, "time": 0.221, "data_time": 0.0, "lr": 0.001, "loss": -13.909}
{"message": "", "levelname": "INFO", "name": "Trainer", "asctime": "2026-04-15 16:40:40,175", "type": "train", "epoch": 2, "batch": 4799, "n_batches": 7774, "time": 0.137, "data_time": 0.0, "lr": 0.001, "loss": -13.905}
{"message": "", "levelname": "INFO", "name": "Trainer", "asctime": "2026-04-15 16:40:42,171", "type": "train", "epoch": 2, "batch": 4879, "n_batches": 7774, "time": 0.23, "data_time": 0.001, "lr": 0.001, "loss": -14.701}
{"message": "", "levelname": "INFO", "name": "Trainer", "asctime": "2026-04-15 16:40:44,169", "type": "train", "epoch": 2, "batch": 4959, "n_batches": 7774, "time": 0.213, "data_time": 0.001, "lr": 0.001, "loss": -12.993}
{"message": "", "levelname": "INFO", "name": "Trainer", "asctime": "2026-04-15 16:40:46,163", "type": "train", "epoch": 2, "batch": 5039, "n_batches": 7774, "time": 0.168, "data_time": 0.0, "lr": 0.001, "loss": -16.834}
{"message": "", "levelname": "INFO", "name": "Trainer", "asctime": "2026-04-15 16:40:48,300", "type": "train", "epoch": 2, "batch": 5119, "n_batches": 7774, "time": 0.237, "data_time": 0.0, "lr": 0.001, "loss": -12.155}
{"message": "", "levelname": "INFO", "name": "Trainer", "asctime": "2026-04-15 16:40:50,155", "type": "train", "epoch": 2, "batch": 5199, "n_batches": 7774, "time": 0.158, "data_time": 0.0, "lr": 0.001, "loss": -10.192}
{"message": "", "levelname": "INFO", "name": "Trainer", "asctime": "2026-04-15 16:40:52,234", "type": "train", "epoch": 2, "batch": 5279, "n_batches": 7774, "time": 0.177, "data_time": 0.0, "lr": 0.001, "loss": -14.023}
{"message": "", "levelname": "INFO", "name": "Trainer", "asctime": "2026-04-15 16:40:54,205", "type": "train", "epoch": 2, "batch": 5359, "n_batches": 7774, "time": 0.19, "data_time": 0.001, "lr": 0.001, "loss": -17.978}
{"message": "", "levelname": "INFO", "name": "Trainer", "asctime": "2026-04-15 16:40:56,145", "type": "train", "epoch": 2, "batch": 5439, "n_batches": 7774, "time": 0.232, "data_time": 0.001, "lr": 0.001, "loss": -14.324}
{"message": "", "levelname": "INFO", "name": "Trainer", "asctime": "2026-04-15 16:40:58,291", "type": "train", "epoch": 2, "batch": 5519, "n_batches": 7774, "time": 0.25, "data_time": 0.001, "lr": 0.001, "loss": -9.848}
{"message": "", "levelname": "INFO", "name": "Trainer", "asctime": "2026-04-15 16:41:00,410", "type": "train", "epoch": 2, "batch": 5599, "n_batches": 7774, "time": 0.232, "data_time": 0.0, "lr": 0.001, "loss": -15.698}
{"message": "", "levelname": "INFO", "name": "Trainer", "asctime": "2026-04-15 16:41:02,556", "type": "train", "epoch": 2, "batch": 5679, "n_batches": 7774, "time": 0.125, "data_time": 0.0, "lr": 0.001, "loss": -17.408}
{"message": "", "levelname": "INFO", "name": "Trainer", "asctime": "2026-04-15 16:41:04,439", "type": "train", "epoch": 2, "batch": 5759, "n_batches": 7774, "time": 0.2, "data_time": 0.0, "lr": 0.001, "loss": -10.183}
{"message": "", "levelname": "INFO", "name": "Trainer", "asctime": "2026-04-15 16:41:06,667", "type": "train", "epoch": 2, "batch": 5839, "n_batches": 7774, "time": 0.209, "data_time": 0.001, "lr": 0.001, "loss": -13.008}
{"message": "", "levelname": "INFO", "name": "Trainer", "asctime": "2026-04-15 16:41:08,631", "type": "train", "epoch": 2, "batch": 5919, "n_batches": 7774, "time": 0.183, "data_time": 0.001, "lr": 0.001, "loss": -11.148}
{"message": "", "levelname": "INFO", "name": "Trainer", "asctime": "2026-04-15 16:41:10,692", "type": "train", "epoch": 2, "batch": 5999, "n_batches": 7774, "time": 0.214, "data_time": 0.001, "lr": 0.001, "loss": -14.228}
{"message": "", "levelname": "INFO", "name": "Trainer", "asctime": "2026-04-15 16:41:12,890", "type": "train", "epoch": 2, "batch": 6079, "n_batches": 7774, "time": 0.202, "data_time": 0.0, "lr": 0.001, "loss": -13.557}
{"message": "", "levelname": "INFO", "name": "Trainer", "asctime": "2026-04-15 16:41:14,796", "type": "train", "epoch": 2, "batch": 6159, "n_batches": 7774, "time": 0.197, "data_time": 0.001, "lr": 0.001, "loss": -15.222}
{"message": "", "levelname": "INFO", "name": "Trainer", "asctime": "2026-04-15 16:41:16,683", "type": "train", "epoch": 2, "batch": 6239, "n_batches": 7774, "time": 0.197, "data_time": 0.0, "lr": 0.001, "loss": -15.125}
{"message": "", "levelname": "INFO", "name": "Trainer", "asctime": "2026-04-15 16:41:18,641", "type": "train", "epoch": 2, "batch": 6319, "n_batches": 7774, "time": 0.19, "data_time": 0.0, "lr": 0.001, "loss": -14.766}
{"message": "", "levelname": "INFO", "name": "Trainer", "asctime": "2026-04-15 16:41:20,738", "type": "train", "epoch": 2, "batch": 6399, "n_batches": 7774, "time": 0.197, "data_time": 0.0, "lr": 0.001, "loss": -12.381}
{"message": "", "levelname": "INFO", "name": "Trainer", "asctime": "2026-04-15 16:41:22,705", "type": "train", "epoch": 2, "batch": 6479, "n_batches": 7774, "time": 0.16, "data_time": 0.0, "lr": 0.001, "loss": -17.477}
{"message": "", "levelname": "INFO", "name": "Trainer", "asctime": "2026-04-15 16:41:24,839", "type": "train", "epoch": 2, "batch": 6559, "n_batches": 7774, "time": 0.202, "data_time": 0.0, "lr": 0.001, "loss": -14.552}
{"message": "", "levelname": "INFO", "name": "Trainer", "asctime": "2026-04-15 16:41:26,889", "type": "train", "epoch": 2, "batch": 6639, "n_batches": 7774, "time": 0.221, "data_time": 0.001, "lr": 0.001, "loss": -13.783}
{"message": "", "levelname": "INFO", "name": "Trainer", "asctime": "2026-04-15 16:41:28,884", "type": "train", "epoch": 2, "batch": 6719, "n_batches": 7774, "time": 0.218, "data_time": 0.001, "lr": 0.001, "loss": -9.636}
{"message": "", "levelname": "INFO", "name": "Trainer", "asctime": "2026-04-15 16:41:30,949", "type": "train", "epoch": 2, "batch": 6799, "n_batches": 7774, "time": 0.173, "data_time": 0.0, "lr": 0.001, "loss": -15.716}
{"message": "", "levelname": "INFO", "name": "Trainer", "asctime": "2026-04-15 16:41:32,968", "type": "train", "epoch": 2, "batch": 6879, "n_batches": 7774, "time": 0.197, "data_time": 0.0, "lr": 0.001, "loss": -15.512}
{"message": "", "levelname": "INFO", "name": "Trainer", "asctime": "2026-04-15 16:41:35,087", "type": "train", "epoch": 2, "batch": 6959, "n_batches": 7774, "time": 0.153, "data_time": 0.0, "lr": 0.001, "loss": -13.993}
{"message": "", "levelname": "INFO", "name": "Trainer", "asctime": "2026-04-15 16:41:36,993", "type": "train", "epoch": 2, "batch": 7039, "n_batches": 7774, "time": 0.132, "data_time": 0.0, "lr": 0.001, "loss": -16.014}
{"message": "", "levelname": "INFO", "name": "Trainer", "asctime": "2026-04-15 16:41:39,048", "type": "train", "epoch": 2, "batch": 7119, "n_batches": 7774, "time": 0.197, "data_time": 0.001, "lr": 0.001, "loss": -10.648}
{"message": "", "levelname": "INFO", "name": "Trainer", "asctime": "2026-04-15 16:41:41,336", "type": "train", "epoch": 2, "batch": 7199, "n_batches": 7774, "time": 0.24, "data_time": 0.001, "lr": 0.001, "loss": -16.648}
{"message": "", "levelname": "INFO", "name": "Trainer", "asctime": "2026-04-15 16:41:43,471", "type": "train", "epoch": 2, "batch": 7279, "n_batches": 7774, "time": 0.206, "data_time": 0.0, "lr": 0.001, "loss": -13.562}
{"message": "", "levelname": "INFO", "name": "Trainer", "asctime": "2026-04-15 16:41:45,389", "type": "train", "epoch": 2, "batch": 7359, "n_batches": 7774, "time": 0.19, "data_time": 0.0, "lr": 0.001, "loss": -17.581}
{"message": "", "levelname": "INFO", "name": "Trainer", "asctime": "2026-04-15 16:41:47,319", "type": "train", "epoch": 2, "batch": 7439, "n_batches": 7774, "time": 0.218, "data_time": 0.0, "lr": 0.001, "loss": -14.697}
{"message": "", "levelname": "INFO", "name": "Trainer", "asctime": "2026-04-15 16:41:49,395", "type": "train", "epoch": 2, "batch": 7519, "n_batches": 7774, "time": 0.169, "data_time": 0.001, "lr": 0.001, "loss": -12.542}
{"message": "", "levelname": "INFO", "name": "Trainer", "asctime": "2026-04-15 16:41:51,227", "type": "train", "epoch": 2, "batch": 7599, "n_batches": 7774, "time": 0.155, "data_time": 0.0, "lr": 0.001, "loss": -13.579}
{"message": "", "levelname": "INFO", "name": "Trainer", "asctime": "2026-04-15 16:41:53,139", "type": "train", "epoch": 2, "batch": 7679, "n_batches": 7774, "time": 0.166, "data_time": 0.001, "lr": 0.001, "loss": -8.364}
{"message": "", "levelname": "INFO", "name": "Trainer", "asctime": "2026-04-15 16:41:55,109", "type": "train", "epoch": 2, "batch": 7759, "n_batches": 7774, "time": 0.129, "data_time": 0.001, "lr": 0.001, "loss": -16.403}
{"message": "", "levelname": "INFO", "name": "Trainer", "asctime": "2026-04-15 16:41:55,458", "type": "train-epoch", "epoch": 3, "loss": -1.73744, "time": 195.8}
{"message": "", "levelname": "INFO", "name": "Trainer", "asctime": "2026-04-15 16:42:32,930", "type": "val-epoch", "epoch": 3, "loss": -1.873, "test_loss": -1.873, "time": 37.5}
{"message": "", "levelname": "INFO", "name": "Trainer", "asctime": "2026-04-15 16:42:35,742", "type": "train", "epoch": 3, "batch": 79, "n_batches": 7774, "time": 0.263, "data_time": 0.001, "lr": 0.001, "loss": -8.46}
{"message": "", "levelname": "INFO", "name": "Trainer", "asctime": "2026-04-15 16:42:38,024", "type": "train", "epoch": 3, "batch": 159, "n_batches": 7774, "time": 0.207, "data_time": 0.001, "lr": 0.001, "loss": -11.213}
{"message": "", "levelname": "INFO", "name": "Trainer", "asctime": "2026-04-15 16:42:40,223", "type": "train", "epoch": 3, "batch": 239, "n_batches": 7774, "time": 0.209, "data_time": 0.001, "lr": 0.001, "loss": -18.836}
{"message": "", "levelname": "INFO", "name": "Trainer", "asctime": "2026-04-15 16:42:42,889", "type": "train", "epoch": 3, "batch": 319, "n_batches": 7774, "time": 0.428, "data_time": 0.001, "lr": 0.001, "loss": -14.155}
{"message": "", "levelname": "INFO", "name": "Trainer", "asctime": "2026-04-15 16:42:45,416", "type": "train", "epoch": 3, "batch": 399, "n_batches": 7774, "time": 0.281, "data_time": 0.001, "lr": 0.001, "loss": -11.581}
{"message": "", "levelname": "INFO", "name": "Trainer", "asctime": "2026-04-15 16:42:48,001", "type": "train", "epoch": 3, "batch": 479, "n_batches": 7774, "time": 0.267, "data_time": 0.0, "lr": 0.001, "loss": -15.528}
{"message": "", "levelname": "INFO", "name": "Trainer", "asctime": "2026-04-15 16:42:50,121", "type": "train", "epoch": 3, "batch": 559, "n_batches": 7774, "time": 0.212, "data_time": 0.001, "lr": 0.001, "loss": -9.683}
{"message": "", "levelname": "INFO", "name": "Trainer", "asctime": "2026-04-15 16:42:52,642", "type": "train", "epoch": 3, "batch": 639, "n_batches": 7774, "time": 0.181, "data_time": 0.0, "lr": 0.001, "loss": -15.113}
{"message": "", "levelname": "INFO", "name": "Trainer", "asctime": "2026-04-15 16:42:54,960", "type": "train", "epoch": 3, "batch": 719, "n_batches": 7774, "time": 0.223, "data_time": 0.0, "lr": 0.001, "loss": -17.109}
{"message": "", "levelname": "INFO", "name": "Trainer", "asctime": "2026-04-15 16:42:57,164", "type": "train", "epoch": 3, "batch": 799, "n_batches": 7774, "time": 0.191, "data_time": 0.001, "lr": 0.001, "loss": -18.207}
{"message": "", "levelname": "INFO", "name": "Trainer", "asctime": "2026-04-15 16:42:59,435", "type": "train", "epoch": 3, "batch": 879, "n_batches": 7774, "time": 0.28, "data_time": 0.001, "lr": 0.001, "loss": -11.89}
{"message": "", "levelname": "INFO", "name": "Trainer", "asctime": "2026-04-15 16:43:01,686", "type": "train", "epoch": 3, "batch": 959, "n_batches": 7774, "time": 0.222, "data_time": 0.001, "lr": 0.001, "loss": -18.497}
{"message": "", "levelname": "INFO", "name": "Trainer", "asctime": "2026-04-15 16:43:03,945", "type": "train", "epoch": 3, "batch": 1039, "n_batches": 7774, "time": 0.221, "data_time": 0.001, "lr": 0.001, "loss": -18.658}
{"message": "", "levelname": "INFO", "name": "Trainer", "asctime": "2026-04-15 16:43:06,191", "type": "train", "epoch": 3, "batch": 1119, "n_batches": 7774, "time": 0.247, "data_time": 0.001, "lr": 0.001, "loss": -14.999}
{"message": "", "levelname": "INFO", "name": "Trainer", "asctime": "2026-04-15 16:43:08,378", "type": "train", "epoch": 3, "batch": 1199, "n_batches": 7774, "time": 0.203, "data_time": 0.001, "lr": 0.001, "loss": -20.779}
{"message": "", "levelname": "INFO", "name": "Trainer", "asctime": "2026-04-15 16:43:10,680", "type": "train", "epoch": 3, "batch": 1279, "n_batches": 7774, "time": 0.251, "data_time": 0.001, "lr": 0.001, "loss": -21.564}
{"message": "", "levelname": "INFO", "name": "Trainer", "asctime": "2026-04-15 16:43:13,189", "type": "train", "epoch": 3, "batch": 1359, "n_batches": 7774, "time": 0.291, "data_time": 0.0, "lr": 0.001, "loss": -12.863}
{"message": "", "levelname": "INFO", "name": "Trainer", "asctime": "2026-04-15 16:43:15,265", "type": "train", "epoch": 3, "batch": 1439, "n_batches": 7774, "time": 0.19, "data_time": 0.001, "lr": 0.001, "loss": -16.042}
{"message": "", "levelname": "INFO", "name": "Trainer", "asctime": "2026-04-15 16:43:17,415", "type": "train", "epoch": 3, "batch": 1519, "n_batches": 7774, "time": 0.192, "data_time": 0.001, "lr": 0.001, "loss": -11.391}
{"message": "", "levelname": "INFO", "name": "Trainer", "asctime": "2026-04-15 16:43:19,620", "type": "train", "epoch": 3, "batch": 1599, "n_batches": 7774, "time": 0.236, "data_time": 0.001, "lr": 0.001, "loss": -16.368}
{"message": "", "levelname": "INFO", "name": "Trainer", "asctime": "2026-04-15 16:43:21,801", "type": "train", "epoch": 3, "batch": 1679, "n_batches": 7774, "time": 0.154, "data_time": 0.0, "lr": 0.001, "loss": -16.283}
{"message": "", "levelname": "INFO", "name": "Trainer", "asctime": "2026-04-15 16:43:24,180", "type": "train", "epoch": 3, "batch": 1759, "n_batches": 7774, "time": 0.216, "data_time": 0.0, "lr": 0.001, "loss": -12.268}
{"message": "", "levelname": "INFO", "name": "Trainer", "asctime": "2026-04-15 16:43:26,359", "type": "train", "epoch": 3, "batch": 1839, "n_batches": 7774, "time": 0.273, "data_time": 0.001, "lr": 0.001, "loss": -10.756}
{"message": "", "levelname": "INFO", "name": "Trainer", "asctime": "2026-04-15 16:43:28,509", "type": "train", "epoch": 3, "batch": 1919, "n_batches": 7774, "time": 0.199, "data_time": 0.001, "lr": 0.001, "loss": -11.581}
{"message": "", "levelname": "INFO", "name": "Trainer", "asctime": "2026-04-15 16:43:30,741", "type": "train", "epoch": 3, "batch": 1999, "n_batches": 7774, "time": 0.247, "data_time": 0.001, "lr": 0.001, "loss": -16.469}
{"message": "", "levelname": "INFO", "name": "Trainer", "asctime": "2026-04-15 16:43:32,923", "type": "train", "epoch": 3, "batch": 2079, "n_batches": 7774, "time": 0.181, "data_time": 0.001, "lr": 0.001, "loss": -6.672}
{"message": "", "levelname": "INFO", "name": "Trainer", "asctime": "2026-04-15 16:43:35,147", "type": "train", "epoch": 3, "batch": 2159, "n_batches": 7774, "time": 0.269, "data_time": 0.001, "lr": 0.001, "loss": -16.354}
{"message": "", "levelname": "INFO", "name": "Trainer", "asctime": "2026-04-15 16:43:37,439", "type": "train", "epoch": 3, "batch": 2239, "n_batches": 7774, "time": 0.248, "data_time": 0.001, "lr": 0.001, "loss": -17.061}
{"message": "", "levelname": "INFO", "name": "Trainer", "asctime": "2026-04-15 16:43:39,670", "type": "train", "epoch": 3, "batch": 2319, "n_batches": 7774, "time": 0.239, "data_time": 0.001, "lr": 0.001, "loss": -12.79}
{"message": "", "levelname": "INFO", "name": "Trainer", "asctime": "2026-04-15 16:43:41,828", "type": "train", "epoch": 3, "batch": 2399, "n_batches": 7774, "time": 0.234, "data_time": 0.001, "lr": 0.001, "loss": -11.783}
{"message": "", "levelname": "INFO", "name": "Trainer", "asctime": "2026-04-15 16:43:44,246", "type": "train", "epoch": 3, "batch": 2479, "n_batches": 7774, "time": 0.227, "data_time": 0.0, "lr": 0.001, "loss": -8.485}
{"message": "", "levelname": "INFO", "name": "Trainer", "asctime": "2026-04-15 16:43:46,440", "type": "train", "epoch": 3, "batch": 2559, "n_batches": 7774, "time": 0.229, "data_time": 0.0, "lr": 0.001, "loss": -12.333}
{"message": "", "levelname": "INFO", "name": "Trainer", "asctime": "2026-04-15 16:43:48,742", "type": "train", "epoch": 3, "batch": 2639, "n_batches": 7774, "time": 0.216, "data_time": 0.001, "lr": 0.001, "loss": -17.66}
{"message": "", "levelname": "INFO", "name": "Trainer", "asctime": "2026-04-15 16:43:50,963", "type": "train", "epoch": 3, "batch": 2719, "n_batches": 7774, "time": 0.244, "data_time": 0.0, "lr": 0.001, "loss": -4.396}
{"message": "", "levelname": "INFO", "name": "Trainer", "asctime": "2026-04-15 16:43:53,191", "type": "train", "epoch": 3, "batch": 2799, "n_batches": 7774, "time": 0.246, "data_time": 0.0, "lr": 0.001, "loss": -14.91}
{"message": "", "levelname": "INFO", "name": "Trainer", "asctime": "2026-04-15 16:43:55,429", "type": "train", "epoch": 3, "batch": 2879, "n_batches": 7774, "time": 0.201, "data_time": 0.001, "lr": 0.001, "loss": -12.603}
{"message": "", "levelname": "INFO", "name": "Trainer", "asctime": "2026-04-15 16:43:57,536", "type": "train", "epoch": 3, "batch": 2959, "n_batches": 7774, "time": 0.224, "data_time": 0.001, "lr": 0.001, "loss": -18.554}
{"message": "", "levelname": "INFO", "name": "Trainer", "asctime": "2026-04-15 16:43:59,768", "type": "train", "epoch": 3, "batch": 3039, "n_batches": 7774, "time": 0.216, "data_time": 0.0, "lr": 0.001, "loss": -12.394}
{"message": "", "levelname": "INFO", "name": "Trainer", "asctime": "2026-04-15 16:44:02,132", "type": "train", "epoch": 3, "batch": 3119, "n_batches": 7774, "time": 0.204, "data_time": 0.001, "lr": 0.001, "loss": -11.259}
{"message": "", "levelname": "INFO", "name": "Trainer", "asctime": "2026-04-15 16:44:04,289", "type": "train", "epoch": 3, "batch": 3199, "n_batches": 7774, "time": 0.218, "data_time": 0.0, "lr": 0.001, "loss": -8.997}
{"message": "", "levelname": "INFO", "name": "Trainer", "asctime": "2026-04-15 16:44:06,674", "type": "train", "epoch": 3, "batch": 3279, "n_batches": 7774, "time": 0.206, "data_time": 0.001, "lr": 0.001, "loss": -16.501}
{"message": "", "levelname": "INFO", "name": "Trainer", "asctime": "2026-04-15 16:44:09,144", "type": "train", "epoch": 3, "batch": 3359, "n_batches": 7774, "time": 0.212, "data_time": 0.0, "lr": 0.001, "loss": -4.221}
{"message": "", "levelname": "INFO", "name": "Trainer", "asctime": "2026-04-15 16:44:11,742", "type": "train", "epoch": 3, "batch": 3439, "n_batches": 7774, "time": 0.262, "data_time": 0.001, "lr": 0.001, "loss": -14.644}
{"message": "", "levelname": "INFO", "name": "Trainer", "asctime": "2026-04-15 16:44:14,029", "type": "train", "epoch": 3, "batch": 3519, "n_batches": 7774, "time": 0.195, "data_time": 0.001, "lr": 0.001, "loss": -12.168}
{"message": "", "levelname": "INFO", "name": "Trainer", "asctime": "2026-04-15 16:44:16,886", "type": "train", "epoch": 3, "batch": 3599, "n_batches": 7774, "time": 0.291, "data_time": 0.001, "lr": 0.001, "loss": -18.418}
{"message": "", "levelname": "INFO", "name": "Trainer", "asctime": "2026-04-15 16:44:25,243", "type": "train", "epoch": 3, "batch": 3679, "n_batches": 7774, "time": 0.889, "data_time": 0.001, "lr": 0.001, "loss": -14.41}
{"message": "", "levelname": "INFO", "name": "Trainer", "asctime": "2026-04-15 16:44:32,966", "type": "train", "epoch": 3, "batch": 3759, "n_batches": 7774, "time": 0.356, "data_time": 0.0, "lr": 0.001, "loss": -11.128}
{"message": "", "levelname": "INFO", "name": "Trainer", "asctime": "2026-04-15 16:44:36,022", "type": "train", "epoch": 3, "batch": 3839, "n_batches": 7774, "time": 0.25, "data_time": 0.001, "lr": 0.001, "loss": -16.337}
{"message": "", "levelname": "INFO", "name": "Trainer", "asctime": "2026-04-15 16:44:38,977", "type": "train", "epoch": 3, "batch": 3919, "n_batches": 7774, "time": 0.175, "data_time": 0.001, "lr": 0.001, "loss": -13.682}
{"message": "", "levelname": "INFO", "name": "Trainer", "asctime": "2026-04-15 16:44:41,243", "type": "train", "epoch": 3, "batch": 3999, "n_batches": 7774, "time": 0.228, "data_time": 0.001, "lr": 0.001, "loss": -12.779}
{"message": "", "levelname": "INFO", "name": "Trainer", "asctime": "2026-04-15 16:44:43,725", "type": "train", "epoch": 3, "batch": 4079, "n_batches": 7774, "time": 0.265, "data_time": 0.001, "lr": 0.001, "loss": -15.979}
{"message": "", "levelname": "INFO", "name": "Trainer", "asctime": "2026-04-15 16:44:45,999", "type": "train", "epoch": 3, "batch": 4159, "n_batches": 7774, "time": 0.242, "data_time": 0.0, "lr": 0.001, "loss": -4.93}
{"message": "", "levelname": "INFO", "name": "Trainer", "asctime": "2026-04-15 16:44:48,321", "type": "train", "epoch": 3, "batch": 4239, "n_batches": 7774, "time": 0.196, "data_time": 0.001, "lr": 0.001, "loss": -16.64}
{"message": "", "levelname": "INFO", "name": "Trainer", "asctime": "2026-04-15 16:44:50,741", "type": "train", "epoch": 3, "batch": 4319, "n_batches": 7774, "time": 0.204, "data_time": 0.001, "lr": 0.001, "loss": -19.403}
{"message": "", "levelname": "INFO", "name": "Trainer", "asctime": "2026-04-15 16:44:53,028", "type": "train", "epoch": 3, "batch": 4399, "n_batches": 7774, "time": 0.165, "data_time": 0.0, "lr": 0.001, "loss": -15.751}
{"message": "", "levelname": "INFO", "name": "Trainer", "asctime": "2026-04-15 16:44:55,212", "type": "train", "epoch": 3, "batch": 4479, "n_batches": 7774, "time": 0.258, "data_time": 0.001, "lr": 0.001, "loss": -14.731}
{"message": "", "levelname": "INFO", "name": "Trainer", "asctime": "2026-04-15 16:44:57,497", "type": "train", "epoch": 3, "batch": 4559, "n_batches": 7774, "time": 0.243, "data_time": 0.001, "lr": 0.001, "loss": -7.438}
{"message": "", "levelname": "INFO", "name": "Trainer", "asctime": "2026-04-15 16:44:59,875", "type": "train", "epoch": 3, "batch": 4639, "n_batches": 7774, "time": 0.29, "data_time": 0.001, "lr": 0.001, "loss": -13.891}
{"message": "", "levelname": "INFO", "name": "Trainer", "asctime": "2026-04-15 16:45:02,399", "type": "train", "epoch": 3, "batch": 4719, "n_batches": 7774, "time": 0.389, "data_time": 0.001, "lr": 0.001, "loss": -17.374}
{"message": "", "levelname": "INFO", "name": "Trainer", "asctime": "2026-04-15 16:45:06,037", "type": "train", "epoch": 3, "batch": 4799, "n_batches": 7774, "time": 0.392, "data_time": 0.001, "lr": 0.001, "loss": -13.699}
{"message": "", "levelname": "INFO", "name": "Trainer", "asctime": "2026-04-15 16:45:09,177", "type": "train", "epoch": 3, "batch": 4879, "n_batches": 7774, "time": 0.176, "data_time": 0.001, "lr": 0.001, "loss": -13.891}
{"message": "", "levelname": "INFO", "name": "Trainer", "asctime": "2026-04-15 16:45:11,391", "type": "train", "epoch": 3, "batch": 4959, "n_batches": 7774, "time": 0.269, "data_time": 0.001, "lr": 0.001, "loss": -17.901}
{"message": "", "levelname": "INFO", "name": "Trainer", "asctime": "2026-04-15 16:45:13,680", "type": "train", "epoch": 3, "batch": 5039, "n_batches": 7774, "time": 0.243, "data_time": 0.001, "lr": 0.001, "loss": -14.896}
{"message": "", "levelname": "INFO", "name": "Trainer", "asctime": "2026-04-15 16:45:16,147", "type": "train", "epoch": 3, "batch": 5119, "n_batches": 7774, "time": 0.241, "data_time": 0.001, "lr": 0.001, "loss": -20.478}
{"message": "", "levelname": "INFO", "name": "Trainer", "asctime": "2026-04-15 16:45:18,292", "type": "train", "epoch": 3, "batch": 5199, "n_batches": 7774, "time": 0.232, "data_time": 0.001, "lr": 0.001, "loss": -18.065}
{"message": "", "levelname": "INFO", "name": "Trainer", "asctime": "2026-04-15 16:45:20,437", "type": "train", "epoch": 3, "batch": 5279, "n_batches": 7774, "time": 0.205, "data_time": 0.0, "lr": 0.001, "loss": -15.676}
{"message": "", "levelname": "INFO", "name": "Trainer", "asctime": "2026-04-15 16:45:22,709", "type": "train", "epoch": 3, "batch": 5359, "n_batches": 7774, "time": 0.215, "data_time": 0.0, "lr": 0.001, "loss": -18.39}
{"message": "", "levelname": "INFO", "name": "Trainer", "asctime": "2026-04-15 16:45:25,170", "type": "train", "epoch": 3, "batch": 5439, "n_batches": 7774, "time": 0.274, "data_time": 0.001, "lr": 0.001, "loss": -13.67}
{"message": "", "levelname": "INFO", "name": "Trainer", "asctime": "2026-04-15 16:45:27,565", "type": "train", "epoch": 3, "batch": 5519, "n_batches": 7774, "time": 0.229, "data_time": 0.0, "lr": 0.001, "loss": -14.8}
{"message": "", "levelname": "INFO", "name": "Trainer", "asctime": "2026-04-15 16:45:29,782", "type": "train", "epoch": 3, "batch": 5599, "n_batches": 7774, "time": 0.229, "data_time": 0.0, "lr": 0.001, "loss": -12.95}
{"message": "", "levelname": "INFO", "name": "Trainer", "asctime": "2026-04-15 16:45:32,072", "type": "train", "epoch": 3, "batch": 5679, "n_batches": 7774, "time": 0.228, "data_time": 0.001, "lr": 0.001, "loss": -9.142}
{"message": "", "levelname": "INFO", "name": "Trainer", "asctime": "2026-04-15 16:45:34,449", "type": "train", "epoch": 3, "batch": 5759, "n_batches": 7774, "time": 0.16, "data_time": 0.0, "lr": 0.001, "loss": -13.13}
{"message": "", "levelname": "INFO", "name": "Trainer", "asctime": "2026-04-15 16:45:36,861", "type": "train", "epoch": 3, "batch": 5839, "n_batches": 7774, "time": 0.226, "data_time": 0.001, "lr": 0.001, "loss": -19.714}
{"message": "", "levelname": "INFO", "name": "Trainer", "asctime": "2026-04-15 16:45:39,377", "type": "train", "epoch": 3, "batch": 5919, "n_batches": 7774, "time": 0.227, "data_time": 0.001, "lr": 0.001, "loss": -9.659}
{"message": "", "levelname": "INFO", "name": "Trainer", "asctime": "2026-04-15 16:45:41,668", "type": "train", "epoch": 3, "batch": 5999, "n_batches": 7774, "time": 0.241, "data_time": 0.001, "lr": 0.001, "loss": -18.291}
{"message": "", "levelname": "INFO", "name": "Trainer", "asctime": "2026-04-15 16:45:43,887", "type": "train", "epoch": 3, "batch": 6079, "n_batches": 7774, "time": 0.247, "data_time": 0.001, "lr": 0.001, "loss": -17.397}
{"message": "", "levelname": "INFO", "name": "Trainer", "asctime": "2026-04-15 16:45:46,788", "type": "train", "epoch": 3, "batch": 6159, "n_batches": 7774, "time": 0.503, "data_time": 0.001, "lr": 0.001, "loss": -14.151}
{"message": "", "levelname": "INFO", "name": "Trainer", "asctime": "2026-04-15 16:45:49,171", "type": "train", "epoch": 3, "batch": 6239, "n_batches": 7774, "time": 0.247, "data_time": 0.001, "lr": 0.001, "loss": -5.04}
{"message": "", "levelname": "INFO", "name": "Trainer", "asctime": "2026-04-15 16:45:51,484", "type": "train", "epoch": 3, "batch": 6319, "n_batches": 7774, "time": 0.274, "data_time": 0.001, "lr": 0.001, "loss": -16.166}
{"message": "", "levelname": "INFO", "name": "Trainer", "asctime": "2026-04-15 16:45:53,668", "type": "train", "epoch": 3, "batch": 6399, "n_batches": 7774, "time": 0.214, "data_time": 0.001, "lr": 0.001, "loss": -10.935}
{"message": "", "levelname": "INFO", "name": "Trainer", "asctime": "2026-04-15 16:45:55,717", "type": "train", "epoch": 3, "batch": 6479, "n_batches": 7774, "time": 0.212, "data_time": 0.001, "lr": 0.001, "loss": -14.56}
{"message": "", "levelname": "INFO", "name": "Trainer", "asctime": "2026-04-15 16:45:57,909", "type": "train", "epoch": 3, "batch": 6559, "n_batches": 7774, "time": 0.205, "data_time": 0.0, "lr": 0.001, "loss": -18.137}
{"message": "", "levelname": "INFO", "name": "Trainer", "asctime": "2026-04-15 16:46:00,284", "type": "train", "epoch": 3, "batch": 6639, "n_batches": 7774, "time": 0.245, "data_time": 0.001, "lr": 0.001, "loss": -14.931}
{"message": "", "levelname": "INFO", "name": "Trainer", "asctime": "2026-04-15 16:46:02,564", "type": "train", "epoch": 3, "batch": 6719, "n_batches": 7774, "time": 0.243, "data_time": 0.001, "lr": 0.001, "loss": -13.425}
{"message": "", "levelname": "INFO", "name": "Trainer", "asctime": "2026-04-15 16:46:04,687", "type": "train", "epoch": 3, "batch": 6799, "n_batches": 7774, "time": 0.252, "data_time": 0.001, "lr": 0.001, "loss": -4.062}
{"message": "", "levelname": "INFO", "name": "Trainer", "asctime": "2026-04-15 16:46:07,034", "type": "train", "epoch": 3, "batch": 6879, "n_batches": 7774, "time": 0.243, "data_time": 0.001, "lr": 0.001, "loss": -13.287}
{"message": "", "levelname": "INFO", "name": "Trainer", "asctime": "2026-04-15 16:46:09,438", "type": "train", "epoch": 3, "batch": 6959, "n_batches": 7774, "time": 0.209, "data_time": 0.0, "lr": 0.001, "loss": -18.076}
{"message": "", "levelname": "INFO", "name": "Trainer", "asctime": "2026-04-15 16:46:11,516", "type": "train", "epoch": 3, "batch": 7039, "n_batches": 7774, "time": 0.206, "data_time": 0.0, "lr": 0.001, "loss": -12.84}
{"message": "", "levelname": "INFO", "name": "Trainer", "asctime": "2026-04-15 16:46:13,759", "type": "train", "epoch": 3, "batch": 7119, "n_batches": 7774, "time": 0.22, "data_time": 0.0, "lr": 0.001, "loss": -11.35}
{"message": "", "levelname": "INFO", "name": "Trainer", "asctime": "2026-04-15 16:46:15,983", "type": "train", "epoch": 3, "batch": 7199, "n_batches": 7774, "time": 0.285, "data_time": 0.001, "lr": 0.001, "loss": -13.481}
{"message": "", "levelname": "INFO", "name": "Trainer", "asctime": "2026-04-15 16:46:18,186", "type": "train", "epoch": 3, "batch": 7279, "n_batches": 7774, "time": 0.196, "data_time": 0.0, "lr": 0.001, "loss": -15.129}
{"message": "", "levelname": "INFO", "name": "Trainer", "asctime": "2026-04-15 16:46:20,382", "type": "train", "epoch": 3, "batch": 7359, "n_batches": 7774, "time": 0.211, "data_time": 0.0, "lr": 0.001, "loss": -17.846}
{"message": "", "levelname": "INFO", "name": "Trainer", "asctime": "2026-04-15 16:46:22,478", "type": "train", "epoch": 3, "batch": 7439, "n_batches": 7774, "time": 0.257, "data_time": 0.001, "lr": 0.001, "loss": -11.712}
{"message": "", "levelname": "INFO", "name": "Trainer", "asctime": "2026-04-15 16:46:24,822", "type": "train", "epoch": 3, "batch": 7519, "n_batches": 7774, "time": 0.206, "data_time": 0.001, "lr": 0.001, "loss": -8.996}
{"message": "", "levelname": "INFO", "name": "Trainer", "asctime": "2026-04-15 16:46:27,145", "type": "train", "epoch": 3, "batch": 7599, "n_batches": 7774, "time": 0.28, "data_time": 0.001, "lr": 0.001, "loss": -14.34}
{"message": "", "levelname": "INFO", "name": "Trainer", "asctime": "2026-04-15 16:46:29,234", "type": "train", "epoch": 3, "batch": 7679, "n_batches": 7774, "time": 0.219, "data_time": 0.001, "lr": 0.001, "loss": -13.49}
{"message": "", "levelname": "INFO", "name": "Trainer", "asctime": "2026-04-15 16:46:31,294", "type": "train", "epoch": 3, "batch": 7759, "n_batches": 7774, "time": 0.208, "data_time": 0.0, "lr": 0.001, "loss": -13.125}
{"message": "", "levelname": "INFO", "name": "Trainer", "asctime": "2026-04-15 16:46:31,696", "type": "train-epoch", "epoch": 4, "loss": -1.76285, "time": 238.8}
{"message": "", "levelname": "INFO", "name": "Trainer", "asctime": "2026-04-15 16:47:08,758", "type": "val-epoch", "epoch": 4, "loss": -1.931, "test_loss": -1.931, "time": 37.1}
{"message": "", "levelname": "INFO", "name": "Trainer", "asctime": "2026-04-15 16:47:11,068", "type": "train", "epoch": 4, "batch": 79, "n_batches": 7774, "time": 0.279, "data_time": 0.001, "lr": 0.001, "loss": -18.212}
{"message": "", "levelname": "INFO", "name": "Trainer", "asctime": "2026-04-15 16:47:13,441", "type": "train", "epoch": 4, "batch": 159, "n_batches": 7774, "time": 0.233, "data_time": 0.001, "lr": 0.001, "loss": -16.558}
{"message": "", "levelname": "INFO", "name": "Trainer", "asctime": "2026-04-15 16:47:15,633", "type": "train", "epoch": 4, "batch": 239, "n_batches": 7774, "time": 0.264, "data_time": 0.0, "lr": 0.001, "loss": -16.891}
{"message": "", "levelname": "INFO", "name": "Trainer", "asctime": "2026-04-15 16:47:17,936", "type": "train", "epoch": 4, "batch": 319, "n_batches": 7774, "time": 0.251, "data_time": 0.001, "lr": 0.001, "loss": -13.949}
{"message": "", "levelname": "INFO", "name": "Trainer", "asctime": "2026-04-15 16:47:20,287", "type": "train", "epoch": 4, "batch": 399, "n_batches": 7774, "time": 0.205, "data_time": 0.001, "lr": 0.001, "loss": -15.07}
{"message": "", "levelname": "INFO", "name": "Trainer", "asctime": "2026-04-15 16:47:22,450", "type": "train", "epoch": 4, "batch": 479, "n_batches": 7774, "time": 0.184, "data_time": 0.001, "lr": 0.001, "loss": -17.502}
{"message": "", "levelname": "INFO", "name": "Trainer", "asctime": "2026-04-15 16:47:24,333", "type": "train", "epoch": 4, "batch": 559, "n_batches": 7774, "time": 0.202, "data_time": 0.0, "lr": 0.001, "loss": -9.155}
{"message": "", "levelname": "INFO", "name": "Trainer", "asctime": "2026-04-15 16:47:26,475", "type": "train", "epoch": 4, "batch": 639, "n_batches": 7774, "time": 0.212, "data_time": 0.001, "lr": 0.001, "loss": -18.377}
{"message": "", "levelname": "INFO", "name": "Trainer", "asctime": "2026-04-15 16:47:28,857", "type": "train", "epoch": 4, "batch": 719, "n_batches": 7774, "time": 0.239, "data_time": 0.001, "lr": 0.001, "loss": -14.099}
{"message": "", "levelname": "INFO", "name": "Trainer", "asctime": "2026-04-15 16:47:30,984", "type": "train", "epoch": 4, "batch": 799, "n_batches": 7774, "time": 0.23, "data_time": 0.0, "lr": 0.001, "loss": -15.69}
{"message": "", "levelname": "INFO", "name": "Trainer", "asctime": "2026-04-15 16:47:33,253", "type": "train", "epoch": 4, "batch": 879, "n_batches": 7774, "time": 0.202, "data_time": 0.001, "lr": 0.001, "loss": -10.971}
{"message": "", "levelname": "INFO", "name": "Trainer", "asctime": "2026-04-15 16:47:35,719", "type": "train", "epoch": 4, "batch": 959, "n_batches": 7774, "time": 0.29, "data_time": 0.001, "lr": 0.001, "loss": -16.562}
{"message": "", "levelname": "INFO", "name": "Trainer", "asctime": "2026-04-15 16:47:38,522", "type": "train", "epoch": 4, "batch": 1039, "n_batches": 7774, "time": 0.423, "data_time": 0.001, "lr": 0.001, "loss": -11.634}
{"message": "", "levelname": "INFO", "name": "Trainer", "asctime": "2026-04-15 16:47:41,260", "type": "train", "epoch": 4, "batch": 1119, "n_batches": 7774, "time": 0.202, "data_time": 0.001, "lr": 0.001, "loss": -12.058}
{"message": "", "levelname": "INFO", "name": "Trainer", "asctime": "2026-04-15 16:47:43,728", "type": "train", "epoch": 4, "batch": 1199, "n_batches": 7774, "time": 0.279, "data_time": 0.001, "lr": 0.001, "loss": -12.65}
{"message": "", "levelname": "INFO", "name": "Trainer", "asctime": "2026-04-15 16:47:46,042", "type": "train", "epoch": 4, "batch": 1279, "n_batches": 7774, "time": 0.23, "data_time": 0.001, "lr": 0.001, "loss": -15.869}
{"message": "", "levelname": "INFO", "name": "Trainer", "asctime": "2026-04-15 16:47:48,479", "type": "train", "epoch": 4, "batch": 1359, "n_batches": 7774, "time": 0.192, "data_time": 0.001, "lr": 0.001, "loss": -15.836}
{"message": "", "levelname": "INFO", "name": "Trainer", "asctime": "2026-04-15 16:47:50,741", "type": "train", "epoch": 4, "batch": 1439, "n_batches": 7774, "time": 0.182, "data_time": 0.001, "lr": 0.001, "loss": -11.396}
{"message": "", "levelname": "INFO", "name": "Trainer", "asctime": "2026-04-15 16:47:53,100", "type": "train", "epoch": 4, "batch": 1519, "n_batches": 7774, "time": 0.263, "data_time": 0.0, "lr": 0.001, "loss": -13.6}
{"message": "", "levelname": "INFO", "name": "Trainer", "asctime": "2026-04-15 16:47:55,899", "type": "train", "epoch": 4, "batch": 1599, "n_batches": 7774, "time": 0.35, "data_time": 0.001, "lr": 0.001, "loss": -12.879}
{"message": "", "levelname": "INFO", "name": "Trainer", "asctime": "2026-04-15 16:47:58,791", "type": "train", "epoch": 4, "batch": 1679, "n_batches": 7774, "time": 0.194, "data_time": 0.0, "lr": 0.001, "loss": -12.186}
{"message": "", "levelname": "INFO", "name": "Trainer", "asctime": "2026-04-15 16:48:00,903", "type": "train", "epoch": 4, "batch": 1759, "n_batches": 7774, "time": 0.157, "data_time": 0.001, "lr": 0.001, "loss": -16.565}
{"message": "", "levelname": "INFO", "name": "Trainer", "asctime": "2026-04-15 16:48:03,178", "type": "train", "epoch": 4, "batch": 1839, "n_batches": 7774, "time": 0.193, "data_time": 0.001, "lr": 0.001, "loss": -14.539}
{"message": "", "levelname": "INFO", "name": "Trainer", "asctime": "2026-04-15 16:48:05,545", "type": "train", "epoch": 4, "batch": 1919, "n_batches": 7774, "time": 0.29, "data_time": 0.001, "lr": 0.001, "loss": -8.865}
{"message": "", "levelname": "INFO", "name": "Trainer", "asctime": "2026-04-15 16:48:07,926", "type": "train", "epoch": 4, "batch": 1999, "n_batches": 7774, "time": 0.243, "data_time": 0.001, "lr": 0.001, "loss": -13.875}
{"message": "", "levelname": "INFO", "name": "Trainer", "asctime": "2026-04-15 16:48:10,162", "type": "train", "epoch": 4, "batch": 2079, "n_batches": 7774, "time": 0.272, "data_time": 0.0, "lr": 0.001, "loss": -14.263}
{"message": "", "levelname": "INFO", "name": "Trainer", "asctime": "2026-04-15 16:48:12,884", "type": "train", "epoch": 4, "batch": 2159, "n_batches": 7774, "time": 0.229, "data_time": 0.0, "lr": 0.001, "loss": -14.624}
{"message": "", "levelname": "INFO", "name": "Trainer", "asctime": "2026-04-15 16:48:16,754", "type": "train", "epoch": 4, "batch": 2239, "n_batches": 7774, "time": 0.422, "data_time": 0.001, "lr": 0.001, "loss": -14.096}
{"message": "", "levelname": "INFO", "name": "Trainer", "asctime": "2026-04-15 16:48:20,081", "type": "train", "epoch": 4, "batch": 2319, "n_batches": 7774, "time": 0.331, "data_time": 0.0, "lr": 0.001, "loss": -17.449}
{"message": "", "levelname": "INFO", "name": "Trainer", "asctime": "2026-04-15 16:48:22,975", "type": "train", "epoch": 4, "batch": 2399, "n_batches": 7774, "time": 0.172, "data_time": 0.0, "lr": 0.001, "loss": -18.893}
{"message": "", "levelname": "INFO", "name": "Trainer", "asctime": "2026-04-15 16:48:25,339", "type": "train", "epoch": 4, "batch": 2479, "n_batches": 7774, "time": 0.213, "data_time": 0.0, "lr": 0.001, "loss": -9.106}
{"message": "", "levelname": "INFO", "name": "Trainer", "asctime": "2026-04-15 16:48:28,012", "type": "train", "epoch": 4, "batch": 2559, "n_batches": 7774, "time": 0.319, "data_time": 0.001, "lr": 0.001, "loss": -10.656}
{"message": "", "levelname": "INFO", "name": "Trainer", "asctime": "2026-04-15 16:48:30,913", "type": "train", "epoch": 4, "batch": 2639, "n_batches": 7774, "time": 0.168, "data_time": 0.0, "lr": 0.001, "loss": -18.206}
{"message": "", "levelname": "INFO", "name": "Trainer", "asctime": "2026-04-15 16:48:33,223", "type": "train", "epoch": 4, "batch": 2719, "n_batches": 7774, "time": 0.205, "data_time": 0.001, "lr": 0.001, "loss": -3.901}
{"message": "", "levelname": "INFO", "name": "Trainer", "asctime": "2026-04-15 16:48:35,459", "type": "train", "epoch": 4, "batch": 2799, "n_batches": 7774, "time": 0.201, "data_time": 0.0, "lr": 0.001, "loss": -11.546}
{"message": "", "levelname": "INFO", "name": "Trainer", "asctime": "2026-04-15 16:48:37,757", "type": "train", "epoch": 4, "batch": 2879, "n_batches": 7774, "time": 0.193, "data_time": 0.001, "lr": 0.001, "loss": -21.259}
{"message": "", "levelname": "INFO", "name": "Trainer", "asctime": "2026-04-15 16:48:40,054", "type": "train", "epoch": 4, "batch": 2959, "n_batches": 7774, "time": 0.203, "data_time": 0.001, "lr": 0.001, "loss": -12.676}
{"message": "", "levelname": "INFO", "name": "Trainer", "asctime": "2026-04-15 16:48:42,441", "type": "train", "epoch": 4, "batch": 3039, "n_batches": 7774, "time": 0.22, "data_time": 0.0, "lr": 0.001, "loss": -16.656}
{"message": "", "levelname": "INFO", "name": "Trainer", "asctime": "2026-04-15 16:48:44,987", "type": "train", "epoch": 4, "batch": 3119, "n_batches": 7774, "time": 0.237, "data_time": 0.001, "lr": 0.001, "loss": -14.746}
{"message": "", "levelname": "INFO", "name": "Trainer", "asctime": "2026-04-15 16:48:47,260", "type": "train", "epoch": 4, "batch": 3199, "n_batches": 7774, "time": 0.255, "data_time": 0.001, "lr": 0.001, "loss": -17.561}
{"message": "", "levelname": "INFO", "name": "Trainer", "asctime": "2026-04-15 16:48:49,578", "type": "train", "epoch": 4, "batch": 3279, "n_batches": 7774, "time": 0.229, "data_time": 0.001, "lr": 0.001, "loss": -5.792}
{"message": "", "levelname": "INFO", "name": "Trainer", "asctime": "2026-04-15 16:48:51,694", "type": "train", "epoch": 4, "batch": 3359, "n_batches": 7774, "time": 0.248, "data_time": 0.001, "lr": 0.001, "loss": -11.804}
{"message": "", "levelname": "INFO", "name": "Trainer", "asctime": "2026-04-15 16:48:53,820", "type": "train", "epoch": 4, "batch": 3439, "n_batches": 7774, "time": 0.253, "data_time": 0.001, "lr": 0.001, "loss": -12.863}
{"message": "", "levelname": "INFO", "name": "Trainer", "asctime": "2026-04-15 16:48:56,158", "type": "train", "epoch": 4, "batch": 3519, "n_batches": 7774, "time": 0.183, "data_time": 0.001, "lr": 0.001, "loss": -14.889}
{"message": "", "levelname": "INFO", "name": "Trainer", "asctime": "2026-04-15 16:48:58,618", "type": "train", "epoch": 4, "batch": 3599, "n_batches": 7774, "time": 0.276, "data_time": 0.0, "lr": 0.001, "loss": -14.666}
{"message": "", "levelname": "INFO", "name": "Trainer", "asctime": "2026-04-15 16:49:01,483", "type": "train", "epoch": 4, "batch": 3679, "n_batches": 7774, "time": 0.27, "data_time": 0.001, "lr": 0.001, "loss": -13.863}
{"message": "", "levelname": "INFO", "name": "Trainer", "asctime": "2026-04-15 16:49:04,209", "type": "train", "epoch": 4, "batch": 3759, "n_batches": 7774, "time": 0.195, "data_time": 0.001, "lr": 0.001, "loss": -15.048}
{"message": "", "levelname": "INFO", "name": "Trainer", "asctime": "2026-04-15 16:49:06,957", "type": "train", "epoch": 4, "batch": 3839, "n_batches": 7774, "time": 0.267, "data_time": 0.001, "lr": 0.001, "loss": -11.921}
{"message": "", "levelname": "INFO", "name": "Trainer", "asctime": "2026-04-15 16:49:09,394", "type": "train", "epoch": 4, "batch": 3919, "n_batches": 7774, "time": 0.178, "data_time": 0.001, "lr": 0.001, "loss": -11.932}
{"message": "", "levelname": "INFO", "name": "Trainer", "asctime": "2026-04-15 16:49:11,674", "type": "train", "epoch": 4, "batch": 3999, "n_batches": 7774, "time": 0.243, "data_time": 0.001, "lr": 0.001, "loss": -15.594}
{"message": "", "levelname": "INFO", "name": "Trainer", "asctime": "2026-04-15 16:49:14,376", "type": "train", "epoch": 4, "batch": 4079, "n_batches": 7774, "time": 0.272, "data_time": 0.001, "lr": 0.001, "loss": -15.729}
{"message": "", "levelname": "INFO", "name": "Trainer", "asctime": "2026-04-15 16:49:16,691", "type": "train", "epoch": 4, "batch": 4159, "n_batches": 7774, "time": 0.271, "data_time": 0.001, "lr": 0.001, "loss": -13.154}
{"message": "", "levelname": "INFO", "name": "Trainer", "asctime": "2026-04-15 16:49:18,927", "type": "train", "epoch": 4, "batch": 4239, "n_batches": 7774, "time": 0.225, "data_time": 0.001, "lr": 0.001, "loss": -16.372}
{"message": "", "levelname": "INFO", "name": "Trainer", "asctime": "2026-04-15 16:49:21,195", "type": "train", "epoch": 4, "batch": 4319, "n_batches": 7774, "time": 0.229, "data_time": 0.001, "lr": 0.001, "loss": -17.453}
{"message": "", "levelname": "INFO", "name": "Trainer", "asctime": "2026-04-15 16:49:23,614", "type": "train", "epoch": 4, "batch": 4399, "n_batches": 7774, "time": 0.259, "data_time": 0.001, "lr": 0.001, "loss": -7.429}
{"message": "", "levelname": "INFO", "name": "Trainer", "asctime": "2026-04-15 16:49:25,702", "type": "train", "epoch": 4, "batch": 4479, "n_batches": 7774, "time": 0.204, "data_time": 0.001, "lr": 0.001, "loss": -12.018}
{"message": "", "levelname": "INFO", "name": "Trainer", "asctime": "2026-04-15 16:49:27,724", "type": "train", "epoch": 4, "batch": 4559, "n_batches": 7774, "time": 0.18, "data_time": 0.001, "lr": 0.001, "loss": -17.918}
{"message": "", "levelname": "INFO", "name": "Trainer", "asctime": "2026-04-15 16:49:29,990", "type": "train", "epoch": 4, "batch": 4639, "n_batches": 7774, "time": 0.216, "data_time": 0.0, "lr": 0.001, "loss": -12.781}
{"message": "", "levelname": "INFO", "name": "Trainer", "asctime": "2026-04-15 16:49:32,306", "type": "train", "epoch": 4, "batch": 4719, "n_batches": 7774, "time": 0.236, "data_time": 0.001, "lr": 0.001, "loss": -16.649}
{"message": "", "levelname": "INFO", "name": "Trainer", "asctime": "2026-04-15 16:49:34,326", "type": "train", "epoch": 4, "batch": 4799, "n_batches": 7774, "time": 0.156, "data_time": 0.0, "lr": 0.001, "loss": -12.321}
{"message": "", "levelname": "INFO", "name": "Trainer", "asctime": "2026-04-15 16:49:36,773", "type": "train", "epoch": 4, "batch": 4879, "n_batches": 7774, "time": 0.188, "data_time": 0.0, "lr": 0.001, "loss": -10.835}
{"message": "", "levelname": "INFO", "name": "Trainer", "asctime": "2026-04-15 16:49:38,885", "type": "train", "epoch": 4, "batch": 4959, "n_batches": 7774, "time": 0.198, "data_time": 0.0, "lr": 0.001, "loss": -9.234}
{"message": "", "levelname": "INFO", "name": "Trainer", "asctime": "2026-04-15 16:49:41,030", "type": "train", "epoch": 4, "batch": 5039, "n_batches": 7774, "time": 0.202, "data_time": 0.001, "lr": 0.001, "loss": -13.797}
{"message": "", "levelname": "INFO", "name": "Trainer", "asctime": "2026-04-15 16:49:43,261", "type": "train", "epoch": 4, "batch": 5119, "n_batches": 7774, "time": 0.243, "data_time": 0.0, "lr": 0.001, "loss": -15.501}
{"message": "", "levelname": "INFO", "name": "Trainer", "asctime": "2026-04-15 16:49:45,505", "type": "train", "epoch": 4, "batch": 5199, "n_batches": 7774, "time": 0.24, "data_time": 0.001, "lr": 0.001, "loss": -9.844}
{"message": "", "levelname": "INFO", "name": "Trainer", "asctime": "2026-04-15 16:49:47,741", "type": "train", "epoch": 4, "batch": 5279, "n_batches": 7774, "time": 0.222, "data_time": 0.001, "lr": 0.001, "loss": -19.081}
{"message": "", "levelname": "INFO", "name": "Trainer", "asctime": "2026-04-15 16:49:49,895", "type": "train", "epoch": 4, "batch": 5359, "n_batches": 7774, "time": 0.25, "data_time": 0.001, "lr": 0.001, "loss": -18.206}
{"message": "", "levelname": "INFO", "name": "Trainer", "asctime": "2026-04-15 16:49:52,150", "type": "train", "epoch": 4, "batch": 5439, "n_batches": 7774, "time": 0.278, "data_time": 0.001, "lr": 0.001, "loss": -12.962}
{"message": "", "levelname": "INFO", "name": "Trainer", "asctime": "2026-04-15 16:49:54,426", "type": "train", "epoch": 4, "batch": 5519, "n_batches": 7774, "time": 0.242, "data_time": 0.001, "lr": 0.001, "loss": -16.05}
{"message": "", "levelname": "INFO", "name": "Trainer", "asctime": "2026-04-15 16:49:56,563", "type": "train", "epoch": 4, "batch": 5599, "n_batches": 7774, "time": 0.204, "data_time": 0.001, "lr": 0.001, "loss": -8.598}
{"message": "", "levelname": "INFO", "name": "Trainer", "asctime": "2026-04-15 16:49:59,094", "type": "train", "epoch": 4, "batch": 5679, "n_batches": 7774, "time": 0.224, "data_time": 0.001, "lr": 0.001, "loss": -10.981}
{"message": "", "levelname": "INFO", "name": "Trainer", "asctime": "2026-04-15 16:50:01,566", "type": "train", "epoch": 4, "batch": 5759, "n_batches": 7774, "time": 0.292, "data_time": 0.001, "lr": 0.001, "loss": -19.307}
{"message": "", "levelname": "INFO", "name": "Trainer", "asctime": "2026-04-15 16:50:03,663", "type": "train", "epoch": 4, "batch": 5839, "n_batches": 7774, "time": 0.189, "data_time": 0.0, "lr": 0.001, "loss": -17.909}
{"message": "", "levelname": "INFO", "name": "Trainer", "asctime": "2026-04-15 16:50:06,026", "type": "train", "epoch": 4, "batch": 5919, "n_batches": 7774, "time": 0.289, "data_time": 0.001, "lr": 0.001, "loss": -19.64}
{"message": "", "levelname": "INFO", "name": "Trainer", "asctime": "2026-04-15 16:50:08,234", "type": "train", "epoch": 4, "batch": 5999, "n_batches": 7774, "time": 0.265, "data_time": 0.001, "lr": 0.001, "loss": -15.885}
{"message": "", "levelname": "INFO", "name": "Trainer", "asctime": "2026-04-15 16:50:10,657", "type": "train", "epoch": 4, "batch": 6079, "n_batches": 7774, "time": 0.245, "data_time": 0.001, "lr": 0.001, "loss": -12.047}
{"message": "", "levelname": "INFO", "name": "Trainer", "asctime": "2026-04-15 16:50:13,172", "type": "train", "epoch": 4, "batch": 6159, "n_batches": 7774, "time": 0.273, "data_time": 0.001, "lr": 0.001, "loss": -12.712}
{"message": "", "levelname": "INFO", "name": "Trainer", "asctime": "2026-04-15 16:50:16,050", "type": "train", "epoch": 4, "batch": 6239, "n_batches": 7774, "time": 0.149, "data_time": 0.0, "lr": 0.001, "loss": -15.928}
{"message": "", "levelname": "INFO", "name": "Trainer", "asctime": "2026-04-15 16:50:18,609", "type": "train", "epoch": 4, "batch": 6319, "n_batches": 7774, "time": 0.287, "data_time": 0.001, "lr": 0.001, "loss": -12.319}
{"message": "", "levelname": "INFO", "name": "Trainer", "asctime": "2026-04-15 16:50:20,965", "type": "train", "epoch": 4, "batch": 6399, "n_batches": 7774, "time": 0.225, "data_time": 0.001, "lr": 0.001, "loss": -15.789}
{"message": "", "levelname": "INFO", "name": "Trainer", "asctime": "2026-04-15 16:50:23,278", "type": "train", "epoch": 4, "batch": 6479, "n_batches": 7774, "time": 0.247, "data_time": 0.001, "lr": 0.001, "loss": -14.456}
{"message": "", "levelname": "INFO", "name": "Trainer", "asctime": "2026-04-15 16:50:26,009", "type": "train", "epoch": 4, "batch": 6559, "n_batches": 7774, "time": 0.219, "data_time": 0.001, "lr": 0.001, "loss": -12.996}
{"message": "", "levelname": "INFO", "name": "Trainer", "asctime": "2026-04-15 16:50:28,898", "type": "train", "epoch": 4, "batch": 6639, "n_batches": 7774, "time": 0.21, "data_time": 0.001, "lr": 0.001, "loss": -16.014}
{"message": "", "levelname": "INFO", "name": "Trainer", "asctime": "2026-04-15 16:50:31,262", "type": "train", "epoch": 4, "batch": 6719, "n_batches": 7774, "time": 0.257, "data_time": 0.001, "lr": 0.001, "loss": -11.128}
{"message": "", "levelname": "INFO", "name": "Trainer", "asctime": "2026-04-15 16:50:33,497", "type": "train", "epoch": 4, "batch": 6799, "n_batches": 7774, "time": 0.246, "data_time": 0.001, "lr": 0.001, "loss": -11.617}
{"message": "", "levelname": "INFO", "name": "Trainer", "asctime": "2026-04-15 16:50:35,741", "type": "train", "epoch": 4, "batch": 6879, "n_batches": 7774, "time": 0.229, "data_time": 0.001, "lr": 0.001, "loss": -18.174}
{"message": "", "levelname": "INFO", "name": "Trainer", "asctime": "2026-04-15 16:50:37,919", "type": "train", "epoch": 4, "batch": 6959, "n_batches": 7774, "time": 0.245, "data_time": 0.001, "lr": 0.001, "loss": -18.754}
{"message": "", "levelname": "INFO", "name": "Trainer", "asctime": "2026-04-15 16:50:40,346", "type": "train", "epoch": 4, "batch": 7039, "n_batches": 7774, "time": 0.261, "data_time": 0.001, "lr": 0.001, "loss": -11.873}
{"message": "", "levelname": "INFO", "name": "Trainer", "asctime": "2026-04-15 16:50:42,552", "type": "train", "epoch": 4, "batch": 7119, "n_batches": 7774, "time": 0.207, "data_time": 0.001, "lr": 0.001, "loss": -13.884}
{"message": "", "levelname": "INFO", "name": "Trainer", "asctime": "2026-04-15 16:50:44,964", "type": "train", "epoch": 4, "batch": 7199, "n_batches": 7774, "time": 0.242, "data_time": 0.001, "lr": 0.001, "loss": -11.245}
{"message": "", "levelname": "INFO", "name": "Trainer", "asctime": "2026-04-15 16:50:47,180", "type": "train", "epoch": 4, "batch": 7279, "n_batches": 7774, "time": 0.182, "data_time": 0.001, "lr": 0.001, "loss": -18.35}
{"message": "", "levelname": "INFO", "name": "Trainer", "asctime": "2026-04-15 16:50:49,534", "type": "train", "epoch": 4, "batch": 7359, "n_batches": 7774, "time": 0.309, "data_time": 0.001, "lr": 0.001, "loss": -17.533}
{"message": "", "levelname": "INFO", "name": "Trainer", "asctime": "2026-04-15 16:50:51,780", "type": "train", "epoch": 4, "batch": 7439, "n_batches": 7774, "time": 0.206, "data_time": 0.0, "lr": 0.001, "loss": -18.366}
{"message": "", "levelname": "INFO", "name": "Trainer", "asctime": "2026-04-15 16:50:54,246", "type": "train", "epoch": 4, "batch": 7519, "n_batches": 7774, "time": 0.273, "data_time": 0.0, "lr": 0.001, "loss": -16.079}
{"message": "", "levelname": "INFO", "name": "Trainer", "asctime": "2026-04-15 16:50:56,359", "type": "train", "epoch": 4, "batch": 7599, "n_batches": 7774, "time": 0.211, "data_time": 0.0, "lr": 0.001, "loss": -19.27}
{"message": "", "levelname": "INFO", "name": "Trainer", "asctime": "2026-04-15 16:50:58,539", "type": "train", "epoch": 4, "batch": 7679, "n_batches": 7774, "time": 0.211, "data_time": 0.0, "lr": 0.001, "loss": -12.645}
{"message": "", "levelname": "INFO", "name": "Trainer", "asctime": "2026-04-15 16:51:00,767", "type": "train", "epoch": 4, "batch": 7759, "n_batches": 7774, "time": 0.136, "data_time": 0.001, "lr": 0.001, "loss": -12.5}
{"message": "", "levelname": "INFO", "name": "Trainer", "asctime": "2026-04-15 16:51:01,284", "type": "train-epoch", "epoch": 5, "loss": -1.80041, "time": 232.5}
{"message": "", "levelname": "INFO", "name": "Trainer", "asctime": "2026-04-15 16:51:38,996", "type": "val-epoch", "epoch": 5, "loss": -1.876, "test_loss": -1.876, "time": 37.7}
{"message": "", "levelname": "INFO", "name": "Trainer", "asctime": "2026-04-15 16:51:41,274", "type": "train", "epoch": 5, "batch": 79, "n_batches": 7774, "time": 0.207, "data_time": 0.001, "lr": 0.001, "loss": -12.262}
{"message": "", "levelname": "INFO", "name": "Trainer", "asctime": "2026-04-15 16:51:43,701", "type": "train", "epoch": 5, "batch": 159, "n_batches": 7774, "time": 0.215, "data_time": 0.001, "lr": 0.001, "loss": -11.153}
{"message": "", "levelname": "INFO", "name": "Trainer", "asctime": "2026-04-15 16:51:46,187", "type": "train", "epoch": 5, "batch": 239, "n_batches": 7774, "time": 0.223, "data_time": 0.0, "lr": 0.001, "loss": -13.826}
{"message": "", "levelname": "INFO", "name": "Trainer", "asctime": "2026-04-15 16:51:48,376", "type": "train", "epoch": 5, "batch": 319, "n_batches": 7774, "time": 0.201, "data_time": 0.0, "lr": 0.001, "loss": -12.69}
{"message": "", "levelname": "INFO", "name": "Trainer", "asctime": "2026-04-15 16:51:50,583", "type": "train", "epoch": 5, "batch": 399, "n_batches": 7774, "time": 0.231, "data_time": 0.001, "lr": 0.001, "loss": -17.432}
{"message": "", "levelname": "INFO", "name": "Trainer", "asctime": "2026-04-15 16:51:52,913", "type": "train", "epoch": 5, "batch": 479, "n_batches": 7774, "time": 0.248, "data_time": 0.001, "lr": 0.001, "loss": -12.755}
{"message": "", "levelname": "INFO", "name": "Trainer", "asctime": "2026-04-15 16:51:55,340", "type": "train", "epoch": 5, "batch": 559, "n_batches": 7774, "time": 0.292, "data_time": 0.001, "lr": 0.001, "loss": -17.216}
{"message": "", "levelname": "INFO", "name": "Trainer", "asctime": "2026-04-15 16:51:57,588", "type": "train", "epoch": 5, "batch": 639, "n_batches": 7774, "time": 0.25, "data_time": 0.0, "lr": 0.001, "loss": -14.171}
{"message": "", "levelname": "INFO", "name": "Trainer", "asctime": "2026-04-15 16:52:00,103", "type": "train", "epoch": 5, "batch": 719, "n_batches": 7774, "time": 0.327, "data_time": 0.001, "lr": 0.001, "loss": -8.028}
{"message": "", "levelname": "INFO", "name": "Trainer", "asctime": "2026-04-15 16:52:02,566", "type": "train", "epoch": 5, "batch": 799, "n_batches": 7774, "time": 0.208, "data_time": 0.0, "lr": 0.001, "loss": -18.474}
{"message": "", "levelname": "INFO", "name": "Trainer", "asctime": "2026-04-15 16:52:04,721", "type": "train", "epoch": 5, "batch": 879, "n_batches": 7774, "time": 0.252, "data_time": 0.001, "lr": 0.001, "loss": -9.733}
{"message": "", "levelname": "INFO", "name": "Trainer", "asctime": "2026-04-15 16:52:07,031", "type": "train", "epoch": 5, "batch": 959, "n_batches": 7774, "time": 0.177, "data_time": 0.0, "lr": 0.001, "loss": -15.896}
{"message": "", "levelname": "INFO", "name": "Trainer", "asctime": "2026-04-15 16:52:09,255", "type": "train", "epoch": 5, "batch": 1039, "n_batches": 7774, "time": 0.248, "data_time": 0.001, "lr": 0.001, "loss": -14.109}
{"message": "", "levelname": "INFO", "name": "Trainer", "asctime": "2026-04-15 16:52:11,777", "type": "train", "epoch": 5, "batch": 1119, "n_batches": 7774, "time": 0.244, "data_time": 0.001, "lr": 0.001, "loss": -15.998}
{"message": "", "levelname": "INFO", "name": "Trainer", "asctime": "2026-04-15 16:52:14,223", "type": "train", "epoch": 5, "batch": 1199, "n_batches": 7774, "time": 0.234, "data_time": 0.001, "lr": 0.001, "loss": -15.473}
{"message": "", "levelname": "INFO", "name": "Trainer", "asctime": "2026-04-15 16:52:16,495", "type": "train", "epoch": 5, "batch": 1279, "n_batches": 7774, "time": 0.218, "data_time": 0.001, "lr": 0.001, "loss": -15.379}
{"message": "", "levelname": "INFO", "name": "Trainer", "asctime": "2026-04-15 16:52:18,739", "type": "train", "epoch": 5, "batch": 1359, "n_batches": 7774, "time": 0.187, "data_time": 0.0, "lr": 0.001, "loss": -21.644}
{"message": "", "levelname": "INFO", "name": "Trainer", "asctime": "2026-04-15 16:52:20,920", "type": "train", "epoch": 5, "batch": 1439, "n_batches": 7774, "time": 0.186, "data_time": 0.0, "lr": 0.001, "loss": -16.774}
{"message": "", "levelname": "INFO", "name": "Trainer", "asctime": "2026-04-15 16:52:23,127", "type": "train", "epoch": 5, "batch": 1519, "n_batches": 7774, "time": 0.157, "data_time": 0.0, "lr": 0.001, "loss": -14.17}
{"message": "", "levelname": "INFO", "name": "Trainer", "asctime": "2026-04-15 16:52:25,295", "type": "train", "epoch": 5, "batch": 1599, "n_batches": 7774, "time": 0.24, "data_time": 0.001, "lr": 0.001, "loss": -17.871}
{"message": "", "levelname": "INFO", "name": "Trainer", "asctime": "2026-04-15 16:52:27,673", "type": "train", "epoch": 5, "batch": 1679, "n_batches": 7774, "time": 0.274, "data_time": 0.001, "lr": 0.001, "loss": -15.344}
{"message": "", "levelname": "INFO", "name": "Trainer", "asctime": "2026-04-15 16:52:30,155", "type": "train", "epoch": 5, "batch": 1759, "n_batches": 7774, "time": 0.224, "data_time": 0.0, "lr": 0.001, "loss": -16.654}
{"message": "", "levelname": "INFO", "name": "Trainer", "asctime": "2026-04-15 16:52:33,309", "type": "train", "epoch": 5, "batch": 1839, "n_batches": 7774, "time": 0.27, "data_time": 0.001, "lr": 0.001, "loss": -12.798}
{"message": "", "levelname": "INFO", "name": "Trainer", "asctime": "2026-04-15 16:52:36,024", "type": "train", "epoch": 5, "batch": 1919, "n_batches": 7774, "time": 0.214, "data_time": 0.0, "lr": 0.001, "loss": -19.176}
{"message": "", "levelname": "INFO", "name": "Trainer", "asctime": "2026-04-15 16:52:38,779", "type": "train", "epoch": 5, "batch": 1999, "n_batches": 7774, "time": 0.428, "data_time": 0.001, "lr": 0.001, "loss": -16.389}
{"message": "", "levelname": "INFO", "name": "Trainer", "asctime": "2026-04-15 16:52:42,948", "type": "train", "epoch": 5, "batch": 2079, "n_batches": 7774, "time": 0.404, "data_time": 0.001, "lr": 0.001, "loss": -14.139}
{"message": "", "levelname": "INFO", "name": "Trainer", "asctime": "2026-04-15 16:52:45,932", "type": "train", "epoch": 5, "batch": 2159, "n_batches": 7774, "time": 0.301, "data_time": 0.001, "lr": 0.001, "loss": -12.885}
{"message": "", "levelname": "INFO", "name": "Trainer", "asctime": "2026-04-15 16:52:48,294", "type": "train", "epoch": 5, "batch": 2239, "n_batches": 7774, "time": 0.265, "data_time": 0.001, "lr": 0.001, "loss": -16.544}
{"message": "", "levelname": "INFO", "name": "Trainer", "asctime": "2026-04-15 16:52:50,822", "type": "train", "epoch": 5, "batch": 2319, "n_batches": 7774, "time": 0.192, "data_time": 0.0, "lr": 0.001, "loss": -13.836}
{"message": "", "levelname": "INFO", "name": "Trainer", "asctime": "2026-04-15 16:52:53,414", "type": "train", "epoch": 5, "batch": 2399, "n_batches": 7774, "time": 0.331, "data_time": 0.001, "lr": 0.001, "loss": -17.051}
{"message": "", "levelname": "INFO", "name": "Trainer", "asctime": "2026-04-15 16:52:56,400", "type": "train", "epoch": 5, "batch": 2479, "n_batches": 7774, "time": 0.274, "data_time": 0.001, "lr": 0.001, "loss": -18.042}
{"message": "", "levelname": "INFO", "name": "Trainer", "asctime": "2026-04-15 16:52:59,163", "type": "train", "epoch": 5, "batch": 2559, "n_batches": 7774, "time": 0.228, "data_time": 0.001, "lr": 0.001, "loss": -18.239}
{"message": "", "levelname": "INFO", "name": "Trainer", "asctime": "2026-04-15 16:53:01,744", "type": "train", "epoch": 5, "batch": 2639, "n_batches": 7774, "time": 0.279, "data_time": 0.001, "lr": 0.001, "loss": -19.552}
{"message": "", "levelname": "INFO", "name": "Trainer", "asctime": "2026-04-15 16:53:04,337", "type": "train", "epoch": 5, "batch": 2719, "n_batches": 7774, "time": 0.306, "data_time": 0.001, "lr": 0.001, "loss": -10.982}
{"message": "", "levelname": "INFO", "name": "Trainer", "asctime": "2026-04-15 16:53:06,960", "type": "train", "epoch": 5, "batch": 2799, "n_batches": 7774, "time": 0.253, "data_time": 0.001, "lr": 0.001, "loss": -17.901}
{"message": "", "levelname": "INFO", "name": "Trainer", "asctime": "2026-04-15 16:53:10,024", "type": "train", "epoch": 5, "batch": 2879, "n_batches": 7774, "time": 0.212, "data_time": 0.001, "lr": 0.001, "loss": -11.2}
{"message": "", "levelname": "INFO", "name": "Trainer", "asctime": "2026-04-15 16:53:12,405", "type": "train", "epoch": 5, "batch": 2959, "n_batches": 7774, "time": 0.195, "data_time": 0.001, "lr": 0.001, "loss": -14.738}
{"message": "", "levelname": "INFO", "name": "Trainer", "asctime": "2026-04-15 16:53:14,951", "type": "train", "epoch": 5, "batch": 3039, "n_batches": 7774, "time": 0.283, "data_time": 0.0, "lr": 0.001, "loss": -5.923}
{"message": "", "levelname": "INFO", "name": "Trainer", "asctime": "2026-04-15 16:53:17,479", "type": "train", "epoch": 5, "batch": 3119, "n_batches": 7774, "time": 0.27, "data_time": 0.001, "lr": 0.001, "loss": -14.553}
{"message": "", "levelname": "INFO", "name": "Trainer", "asctime": "2026-04-15 16:53:20,115", "type": "train", "epoch": 5, "batch": 3199, "n_batches": 7774, "time": 0.284, "data_time": 0.001, "lr": 0.001, "loss": -13.92}
{"message": "", "levelname": "INFO", "name": "Trainer", "asctime": "2026-04-15 16:53:22,887", "type": "train", "epoch": 5, "batch": 3279, "n_batches": 7774, "time": 0.256, "data_time": 0.001, "lr": 0.001, "loss": -12.425}
{"message": "", "levelname": "INFO", "name": "Trainer", "asctime": "2026-04-15 16:53:25,562", "type": "train", "epoch": 5, "batch": 3359, "n_batches": 7774, "time": 0.237, "data_time": 0.001, "lr": 0.001, "loss": -15.729}
{"message": "", "levelname": "INFO", "name": "Trainer", "asctime": "2026-04-15 16:53:28,126", "type": "train", "epoch": 5, "batch": 3439, "n_batches": 7774, "time": 0.307, "data_time": 0.001, "lr": 0.001, "loss": -13.428}
{"message": "", "levelname": "INFO", "name": "Trainer", "asctime": "2026-04-15 16:53:30,865", "type": "train", "epoch": 5, "batch": 3519, "n_batches": 7774, "time": 0.307, "data_time": 0.001, "lr": 0.001, "loss": -15.612}
{"message": "", "levelname": "INFO", "name": "Trainer", "asctime": "2026-04-15 16:53:33,281", "type": "train", "epoch": 5, "batch": 3599, "n_batches": 7774, "time": 0.292, "data_time": 0.001, "lr": 0.001, "loss": -9.551}
{"message": "", "levelname": "INFO", "name": "Trainer", "asctime": "2026-04-15 16:53:36,139", "type": "train", "epoch": 5, "batch": 3679, "n_batches": 7774, "time": 0.285, "data_time": 0.001, "lr": 0.001, "loss": -17.544}
{"message": "", "levelname": "INFO", "name": "Trainer", "asctime": "2026-04-15 16:53:38,902", "type": "train", "epoch": 5, "batch": 3759, "n_batches": 7774, "time": 0.29, "data_time": 0.001, "lr": 0.001, "loss": -11.73}
{"message": "", "levelname": "INFO", "name": "Trainer", "asctime": "2026-04-15 16:53:41,522", "type": "train", "epoch": 5, "batch": 3839, "n_batches": 7774, "time": 0.27, "data_time": 0.001, "lr": 0.001, "loss": -16.593}
{"message": "", "levelname": "INFO", "name": "Trainer", "asctime": "2026-04-15 16:53:44,075", "type": "train", "epoch": 5, "batch": 3919, "n_batches": 7774, "time": 0.273, "data_time": 0.001, "lr": 0.001, "loss": -18.835}
{"message": "", "levelname": "INFO", "name": "Trainer", "asctime": "2026-04-15 16:53:46,971", "type": "train", "epoch": 5, "batch": 3999, "n_batches": 7774, "time": 0.336, "data_time": 0.001, "lr": 0.001, "loss": -15.803}
{"message": "", "levelname": "INFO", "name": "Trainer", "asctime": "2026-04-15 16:53:49,661", "type": "train", "epoch": 5, "batch": 4079, "n_batches": 7774, "time": 0.256, "data_time": 0.001, "lr": 0.001, "loss": -9.49}
{"message": "", "levelname": "INFO", "name": "Trainer", "asctime": "2026-04-15 16:53:52,425", "type": "train", "epoch": 5, "batch": 4159, "n_batches": 7774, "time": 0.299, "data_time": 0.001, "lr": 0.001, "loss": -10.126}
{"message": "", "levelname": "INFO", "name": "Trainer", "asctime": "2026-04-15 16:53:55,521", "type": "train", "epoch": 5, "batch": 4239, "n_batches": 7774, "time": 0.316, "data_time": 0.001, "lr": 0.001, "loss": -14.06}
{"message": "", "levelname": "INFO", "name": "Trainer", "asctime": "2026-04-15 16:53:57,958", "type": "train", "epoch": 5, "batch": 4319, "n_batches": 7774, "time": 0.204, "data_time": 0.001, "lr": 0.001, "loss": -15.811}
{"message": "", "levelname": "INFO", "name": "Trainer", "asctime": "2026-04-15 16:54:00,185", "type": "train", "epoch": 5, "batch": 4399, "n_batches": 7774, "time": 0.252, "data_time": 0.001, "lr": 0.001, "loss": -13.762}
{"message": "", "levelname": "INFO", "name": "Trainer", "asctime": "2026-04-15 16:54:02,670", "type": "train", "epoch": 5, "batch": 4479, "n_batches": 7774, "time": 0.25, "data_time": 0.0, "lr": 0.001, "loss": -13.711}
{"message": "", "levelname": "INFO", "name": "Trainer", "asctime": "2026-04-15 16:54:05,245", "type": "train", "epoch": 5, "batch": 4559, "n_batches": 7774, "time": 0.296, "data_time": 0.0, "lr": 0.001, "loss": -12.745}
{"message": "", "levelname": "INFO", "name": "Trainer", "asctime": "2026-04-15 16:54:07,840", "type": "train", "epoch": 5, "batch": 4639, "n_batches": 7774, "time": 0.208, "data_time": 0.001, "lr": 0.001, "loss": -10.14}
{"message": "", "levelname": "INFO", "name": "Trainer", "asctime": "2026-04-15 16:54:10,497", "type": "train", "epoch": 5, "batch": 4719, "n_batches": 7774, "time": 0.239, "data_time": 0.001, "lr": 0.001, "loss": -19.277}
{"message": "", "levelname": "INFO", "name": "Trainer", "asctime": "2026-04-15 16:54:12,928", "type": "train", "epoch": 5, "batch": 4799, "n_batches": 7774, "time": 0.224, "data_time": 0.0, "lr": 0.001, "loss": -17.502}
{"message": "", "levelname": "INFO", "name": "Trainer", "asctime": "2026-04-15 16:54:15,618", "type": "train", "epoch": 5, "batch": 4879, "n_batches": 7774, "time": 0.312, "data_time": 0.001, "lr": 0.001, "loss": -12.513}
{"message": "", "levelname": "INFO", "name": "Trainer", "asctime": "2026-04-15 16:54:18,332", "type": "train", "epoch": 5, "batch": 4959, "n_batches": 7774, "time": 0.258, "data_time": 0.001, "lr": 0.001, "loss": -15.7}
{"message": "", "levelname": "INFO", "name": "Trainer", "asctime": "2026-04-15 16:54:20,858", "type": "train", "epoch": 5, "batch": 5039, "n_batches": 7774, "time": 0.27, "data_time": 0.001, "lr": 0.001, "loss": -8.208}
{"message": "", "levelname": "INFO", "name": "Trainer", "asctime": "2026-04-15 16:54:23,500", "type": "train", "epoch": 5, "batch": 5119, "n_batches": 7774, "time": 0.25, "data_time": 0.001, "lr": 0.001, "loss": -11.512}
{"message": "", "levelname": "INFO", "name": "Trainer", "asctime": "2026-04-15 16:54:25,848", "type": "train", "epoch": 5, "batch": 5199, "n_batches": 7774, "time": 0.199, "data_time": 0.001, "lr": 0.001, "loss": -17.612}
{"message": "", "levelname": "INFO", "name": "Trainer", "asctime": "2026-04-15 16:54:28,257", "type": "train", "epoch": 5, "batch": 5279, "n_batches": 7774, "time": 0.226, "data_time": 0.001, "lr": 0.001, "loss": -4.934}
{"message": "", "levelname": "INFO", "name": "Trainer", "asctime": "2026-04-15 16:54:30,629", "type": "train", "epoch": 5, "batch": 5359, "n_batches": 7774, "time": 0.211, "data_time": 0.001, "lr": 0.001, "loss": -16.502}
{"message": "", "levelname": "INFO", "name": "Trainer", "asctime": "2026-04-15 16:54:33,097", "type": "train", "epoch": 5, "batch": 5439, "n_batches": 7774, "time": 0.217, "data_time": 0.0, "lr": 0.001, "loss": -13.337}
{"message": "", "levelname": "INFO", "name": "Trainer", "asctime": "2026-04-15 16:54:35,563", "type": "train", "epoch": 5, "batch": 5519, "n_batches": 7774, "time": 0.263, "data_time": 0.001, "lr": 0.001, "loss": -13.215}
{"message": "", "levelname": "INFO", "name": "Trainer", "asctime": "2026-04-15 16:54:38,110", "type": "train", "epoch": 5, "batch": 5599, "n_batches": 7774, "time": 0.227, "data_time": 0.0, "lr": 0.001, "loss": -7.274}
{"message": "", "levelname": "INFO", "name": "Trainer", "asctime": "2026-04-15 16:54:40,973", "type": "train", "epoch": 5, "batch": 5679, "n_batches": 7774, "time": 0.263, "data_time": 0.001, "lr": 0.001, "loss": -11.89}
{"message": "", "levelname": "INFO", "name": "Trainer", "asctime": "2026-04-15 16:54:43,478", "type": "train", "epoch": 5, "batch": 5759, "n_batches": 7774, "time": 0.217, "data_time": 0.001, "lr": 0.001, "loss": -15.79}
{"message": "", "levelname": "INFO", "name": "Trainer", "asctime": "2026-04-15 16:54:46,154", "type": "train", "epoch": 5, "batch": 5839, "n_batches": 7774, "time": 0.183, "data_time": 0.0, "lr": 0.001, "loss": -12.768}
{"message": "", "levelname": "INFO", "name": "Trainer", "asctime": "2026-04-15 16:54:48,376", "type": "train", "epoch": 5, "batch": 5919, "n_batches": 7774, "time": 0.261, "data_time": 0.001, "lr": 0.001, "loss": -14.283}
{"message": "", "levelname": "INFO", "name": "Trainer", "asctime": "2026-04-15 16:54:50,764", "type": "train", "epoch": 5, "batch": 5999, "n_batches": 7774, "time": 0.25, "data_time": 0.001, "lr": 0.001, "loss": -12.539}
{"message": "", "levelname": "INFO", "name": "Trainer", "asctime": "2026-04-15 16:54:53,193", "type": "train", "epoch": 5, "batch": 6079, "n_batches": 7774, "time": 0.225, "data_time": 0.001, "lr": 0.001, "loss": -14.23}
{"message": "", "levelname": "INFO", "name": "Trainer", "asctime": "2026-04-15 16:54:55,739", "type": "train", "epoch": 5, "batch": 6159, "n_batches": 7774, "time": 0.327, "data_time": 0.001, "lr": 0.001, "loss": -12.861}
{"message": "", "levelname": "INFO", "name": "Trainer", "asctime": "2026-04-15 16:54:58,560", "type": "train", "epoch": 5, "batch": 6239, "n_batches": 7774, "time": 0.131, "data_time": 0.001, "lr": 0.001, "loss": -15.137}
{"message": "", "levelname": "INFO", "name": "Trainer", "asctime": "2026-04-15 16:55:01,280", "type": "train", "epoch": 5, "batch": 6319, "n_batches": 7774, "time": 0.283, "data_time": 0.001, "lr": 0.001, "loss": -14.361}
{"message": "", "levelname": "INFO", "name": "Trainer", "asctime": "2026-04-15 16:55:03,773", "type": "train", "epoch": 5, "batch": 6399, "n_batches": 7774, "time": 0.232, "data_time": 0.0, "lr": 0.001, "loss": -14.652}
{"message": "", "levelname": "INFO", "name": "Trainer", "asctime": "2026-04-15 16:55:06,252", "type": "train", "epoch": 5, "batch": 6479, "n_batches": 7774, "time": 0.284, "data_time": 0.001, "lr": 0.001, "loss": -18.615}
{"message": "", "levelname": "INFO", "name": "Trainer", "asctime": "2026-04-15 16:55:08,926", "type": "train", "epoch": 5, "batch": 6559, "n_batches": 7774, "time": 0.305, "data_time": 0.001, "lr": 0.001, "loss": -16.926}
{"message": "", "levelname": "INFO", "name": "Trainer", "asctime": "2026-04-15 16:55:11,787", "type": "train", "epoch": 5, "batch": 6639, "n_batches": 7774, "time": 0.268, "data_time": 0.001, "lr": 0.001, "loss": -12.165}
{"message": "", "levelname": "INFO", "name": "Trainer", "asctime": "2026-04-15 16:55:14,651", "type": "train", "epoch": 5, "batch": 6719, "n_batches": 7774, "time": 0.291, "data_time": 0.001, "lr": 0.001, "loss": -16.605}
{"message": "", "levelname": "INFO", "name": "Trainer", "asctime": "2026-04-15 16:55:16,953", "type": "train", "epoch": 5, "batch": 6799, "n_batches": 7774, "time": 0.229, "data_time": 0.001, "lr": 0.001, "loss": -16.821}
{"message": "", "levelname": "INFO", "name": "Trainer", "asctime": "2026-04-15 16:55:19,263", "type": "train", "epoch": 5, "batch": 6879, "n_batches": 7774, "time": 0.213, "data_time": 0.0, "lr": 0.001, "loss": -19.339}
{"message": "", "levelname": "INFO", "name": "Trainer", "asctime": "2026-04-15 16:55:21,972", "type": "train", "epoch": 5, "batch": 6959, "n_batches": 7774, "time": 0.354, "data_time": 0.001, "lr": 0.001, "loss": -14.37}
{"message": "", "levelname": "INFO", "name": "Trainer", "asctime": "2026-04-15 16:55:24,431", "type": "train", "epoch": 5, "batch": 7039, "n_batches": 7774, "time": 0.34, "data_time": 0.001, "lr": 0.001, "loss": -11.705}
{"message": "", "levelname": "INFO", "name": "Trainer", "asctime": "2026-04-15 16:55:27,014", "type": "train", "epoch": 5, "batch": 7119, "n_batches": 7774, "time": 0.253, "data_time": 0.001, "lr": 0.001, "loss": -14.4}
{"message": "", "levelname": "INFO", "name": "Trainer", "asctime": "2026-04-15 16:55:29,387", "type": "train", "epoch": 5, "batch": 7199, "n_batches": 7774, "time": 0.19, "data_time": 0.0, "lr": 0.001, "loss": -15.935}
{"message": "", "levelname": "INFO", "name": "Trainer", "asctime": "2026-04-15 16:55:31,910", "type": "train", "epoch": 5, "batch": 7279, "n_batches": 7774, "time": 0.265, "data_time": 0.0, "lr": 0.001, "loss": -16.49}
{"message": "", "levelname": "INFO", "name": "Trainer", "asctime": "2026-04-15 16:55:34,211", "type": "train", "epoch": 5, "batch": 7359, "n_batches": 7774, "time": 0.284, "data_time": 0.001, "lr": 0.001, "loss": -16.402}
{"message": "", "levelname": "INFO", "name": "Trainer", "asctime": "2026-04-15 16:55:36,684", "type": "train", "epoch": 5, "batch": 7439, "n_batches": 7774, "time": 0.29, "data_time": 0.001, "lr": 0.001, "loss": -16.07}
{"message": "", "levelname": "INFO", "name": "Trainer", "asctime": "2026-04-15 16:55:39,069", "type": "train", "epoch": 5, "batch": 7519, "n_batches": 7774, "time": 0.198, "data_time": 0.001, "lr": 0.001, "loss": -10.515}
{"message": "", "levelname": "INFO", "name": "Trainer", "asctime": "2026-04-15 16:55:41,772", "type": "train", "epoch": 5, "batch": 7599, "n_batches": 7774, "time": 0.248, "data_time": 0.001, "lr": 0.001, "loss": -14.096}
{"message": "", "levelname": "INFO", "name": "Trainer", "asctime": "2026-04-15 16:55:44,292", "type": "train", "epoch": 5, "batch": 7679, "n_batches": 7774, "time": 0.283, "data_time": 0.001, "lr": 0.001, "loss": -10.03}
{"message": "", "levelname": "INFO", "name": "Trainer", "asctime": "2026-04-15 16:55:46,586", "type": "train", "epoch": 5, "batch": 7759, "n_batches": 7774, "time": 0.22, "data_time": 0.001, "lr": 0.001, "loss": -13.918}
{"message": "", "levelname": "INFO", "name": "Trainer", "asctime": "2026-04-15 16:55:47,020", "type": "train-epoch", "epoch": 6, "loss": -1.82683, "time": 248.0}
{"message": "", "levelname": "INFO", "name": "Trainer", "asctime": "2026-04-15 16:56:18,485", "type": "val-epoch", "epoch": 6, "loss": -1.902, "test_loss": -1.902, "time": 31.5}
{"message": "", "levelname": "INFO", "name": "Trainer", "asctime": "2026-04-15 16:56:20,533", "type": "train", "epoch": 6, "batch": 79, "n_batches": 7774, "time": 0.192, "data_time": 0.0, "lr": 0.001, "loss": -17.002}
{"message": "", "levelname": "INFO", "name": "Trainer", "asctime": "2026-04-15 16:56:22,436", "type": "train", "epoch": 6, "batch": 159, "n_batches": 7774, "time": 0.21, "data_time": 0.0, "lr": 0.001, "loss": -14.47}
{"message": "", "levelname": "INFO", "name": "Trainer", "asctime": "2026-04-15 16:56:24,307", "type": "train", "epoch": 6, "batch": 239, "n_batches": 7774, "time": 0.215, "data_time": 0.001, "lr": 0.001, "loss": -16.689}
{"message": "", "levelname": "INFO", "name": "Trainer", "asctime": "2026-04-15 16:56:26,391", "type": "train", "epoch": 6, "batch": 319, "n_batches": 7774, "time": 0.21, "data_time": 0.0, "lr": 0.001, "loss": -15.01}
{"message": "", "levelname": "INFO", "name": "Trainer", "asctime": "2026-04-15 16:56:28,405", "type": "train", "epoch": 6, "batch": 399, "n_batches": 7774, "time": 0.186, "data_time": 0.0, "lr": 0.001, "loss": -14.003}
{"message": "", "levelname": "INFO", "name": "Trainer", "asctime": "2026-04-15 16:56:30,371", "type": "train", "epoch": 6, "batch": 479, "n_batches": 7774, "time": 0.207, "data_time": 0.001, "lr": 0.001, "loss": -17.465}
{"message": "", "levelname": "INFO", "name": "Trainer", "asctime": "2026-04-15 16:56:32,340", "type": "train", "epoch": 6, "batch": 559, "n_batches": 7774, "time": 0.2, "data_time": 0.0, "lr": 0.001, "loss": -16.083}
{"message": "", "levelname": "INFO", "name": "Trainer", "asctime": "2026-04-15 16:56:34,184", "type": "train", "epoch": 6, "batch": 639, "n_batches": 7774, "time": 0.22, "data_time": 0.001, "lr": 0.001, "loss": -16.246}
{"message": "", "levelname": "INFO", "name": "Trainer", "asctime": "2026-04-15 16:56:36,240", "type": "train", "epoch": 6, "batch": 719, "n_batches": 7774, "time": 0.213, "data_time": 0.001, "lr": 0.001, "loss": -13.432}
{"message": "", "levelname": "INFO", "name": "Trainer", "asctime": "2026-04-15 16:56:38,250", "type": "train", "epoch": 6, "batch": 799, "n_batches": 7774, "time": 0.191, "data_time": 0.001, "lr": 0.001, "loss": -16.779}
{"message": "", "levelname": "INFO", "name": "Trainer", "asctime": "2026-04-15 16:56:40,237", "type": "train", "epoch": 6, "batch": 879, "n_batches": 7774, "time": 0.183, "data_time": 0.0, "lr": 0.001, "loss": -13.121}
{"message": "", "levelname": "INFO", "name": "Trainer", "asctime": "2026-04-15 16:56:42,425", "type": "train", "epoch": 6, "batch": 959, "n_batches": 7774, "time": 0.256, "data_time": 0.001, "lr": 0.001, "loss": -17.904}
{"message": "", "levelname": "INFO", "name": "Trainer", "asctime": "2026-04-15 16:56:44,573", "type": "train", "epoch": 6, "batch": 1039, "n_batches": 7774, "time": 0.17, "data_time": 0.001, "lr": 0.001, "loss": -14.445}
{"message": "", "levelname": "INFO", "name": "Trainer", "asctime": "2026-04-15 16:56:46,650", "type": "train", "epoch": 6, "batch": 1119, "n_batches": 7774, "time": 0.161, "data_time": 0.0, "lr": 0.001, "loss": -18.961}
{"message": "", "levelname": "INFO", "name": "Trainer", "asctime": "2026-04-15 16:56:48,526", "type": "train", "epoch": 6, "batch": 1199, "n_batches": 7774, "time": 0.185, "data_time": 0.0, "lr": 0.001, "loss": -17.067}
{"message": "", "levelname": "INFO", "name": "Trainer", "asctime": "2026-04-15 16:56:50,336", "type": "train", "epoch": 6, "batch": 1279, "n_batches": 7774, "time": 0.196, "data_time": 0.001, "lr": 0.001, "loss": -17.188}
{"message": "", "levelname": "INFO", "name": "Trainer", "asctime": "2026-04-15 16:56:52,029", "type": "train", "epoch": 6, "batch": 1359, "n_batches": 7774, "time": 0.157, "data_time": 0.001, "lr": 0.001, "loss": -20.244}
{"message": "", "levelname": "INFO", "name": "Trainer", "asctime": "2026-04-15 16:56:53,915", "type": "train", "epoch": 6, "batch": 1439, "n_batches": 7774, "time": 0.187, "data_time": 0.0, "lr": 0.001, "loss": -16.322}
{"message": "", "levelname": "INFO", "name": "Trainer", "asctime": "2026-04-15 16:56:55,985", "type": "train", "epoch": 6, "batch": 1519, "n_batches": 7774, "time": 0.211, "data_time": 0.001, "lr": 0.001, "loss": -13.772}
{"message": "", "levelname": "INFO", "name": "Trainer", "asctime": "2026-04-15 16:56:57,744", "type": "train", "epoch": 6, "batch": 1599, "n_batches": 7774, "time": 0.165, "data_time": 0.0, "lr": 0.001, "loss": -18.031}
{"message": "", "levelname": "INFO", "name": "Trainer", "asctime": "2026-04-15 16:56:59,574", "type": "train", "epoch": 6, "batch": 1679, "n_batches": 7774, "time": 0.18, "data_time": 0.001, "lr": 0.001, "loss": -14.479}
{"message": "", "levelname": "INFO", "name": "Trainer", "asctime": "2026-04-15 16:57:01,486", "type": "train", "epoch": 6, "batch": 1759, "n_batches": 7774, "time": 0.186, "data_time": 0.001, "lr": 0.001, "loss": -17.394}
{"message": "", "levelname": "INFO", "name": "Trainer", "asctime": "2026-04-15 16:57:03,448", "type": "train", "epoch": 6, "batch": 1839, "n_batches": 7774, "time": 0.155, "data_time": 0.0, "lr": 0.001, "loss": -12.196}
{"message": "", "levelname": "INFO", "name": "Trainer", "asctime": "2026-04-15 16:57:05,462", "type": "train", "epoch": 6, "batch": 1919, "n_batches": 7774, "time": 0.191, "data_time": 0.001, "lr": 0.001, "loss": -17.048}
{"message": "", "levelname": "INFO", "name": "Trainer", "asctime": "2026-04-15 16:57:07,444", "type": "train", "epoch": 6, "batch": 1999, "n_batches": 7774, "time": 0.233, "data_time": 0.001, "lr": 0.001, "loss": -7.967}
{"message": "", "levelname": "INFO", "name": "Trainer", "asctime": "2026-04-15 16:57:09,369", "type": "train", "epoch": 6, "batch": 2079, "n_batches": 7774, "time": 0.22, "data_time": 0.0, "lr": 0.001, "loss": -12.591}
{"message": "", "levelname": "INFO", "name": "Trainer", "asctime": "2026-04-15 16:57:11,418", "type": "train", "epoch": 6, "batch": 2159, "n_batches": 7774, "time": 0.195, "data_time": 0.001, "lr": 0.001, "loss": -17.515}
{"message": "", "levelname": "INFO", "name": "Trainer", "asctime": "2026-04-15 16:57:13,391", "type": "train", "epoch": 6, "batch": 2239, "n_batches": 7774, "time": 0.19, "data_time": 0.0, "lr": 0.001, "loss": -14.562}
{"message": "", "levelname": "INFO", "name": "Trainer", "asctime": "2026-04-15 16:57:15,458", "type": "train", "epoch": 6, "batch": 2319, "n_batches": 7774, "time": 0.177, "data_time": 0.0, "lr": 0.001, "loss": -15.922}
{"message": "", "levelname": "INFO", "name": "Trainer", "asctime": "2026-04-15 16:57:17,303", "type": "train", "epoch": 6, "batch": 2399, "n_batches": 7774, "time": 0.189, "data_time": 0.0, "lr": 0.001, "loss": -14.047}
{"message": "", "levelname": "INFO", "name": "Trainer", "asctime": "2026-04-15 16:57:19,155", "type": "train", "epoch": 6, "batch": 2479, "n_batches": 7774, "time": 0.172, "data_time": 0.001, "lr": 0.001, "loss": -8.554}
{"message": "", "levelname": "INFO", "name": "Trainer", "asctime": "2026-04-15 16:57:21,145", "type": "train", "epoch": 6, "batch": 2559, "n_batches": 7774, "time": 0.164, "data_time": 0.0, "lr": 0.001, "loss": -16.17}
{"message": "", "levelname": "INFO", "name": "Trainer", "asctime": "2026-04-15 16:57:23,124", "type": "train", "epoch": 6, "batch": 2639, "n_batches": 7774, "time": 0.158, "data_time": 0.0, "lr": 0.001, "loss": -15.176}
{"message": "", "levelname": "INFO", "name": "Trainer", "asctime": "2026-04-15 16:57:24,969", "type": "train", "epoch": 6, "batch": 2719, "n_batches": 7774, "time": 0.153, "data_time": 0.0, "lr": 0.001, "loss": -16.566}
{"message": "", "levelname": "INFO", "name": "Trainer", "asctime": "2026-04-15 16:57:26,864", "type": "train", "epoch": 6, "batch": 2799, "n_batches": 7774, "time": 0.183, "data_time": 0.0, "lr": 0.001, "loss": -13.625}
{"message": "", "levelname": "INFO", "name": "Trainer", "asctime": "2026-04-15 16:57:28,756", "type": "train", "epoch": 6, "batch": 2879, "n_batches": 7774, "time": 0.158, "data_time": 0.0, "lr": 0.001, "loss": -20.771}
{"message": "", "levelname": "INFO", "name": "Trainer", "asctime": "2026-04-15 16:57:30,799", "type": "train", "epoch": 6, "batch": 2959, "n_batches": 7774, "time": 0.202, "data_time": 0.001, "lr": 0.001, "loss": -8.142}
{"message": "", "levelname": "INFO", "name": "Trainer", "asctime": "2026-04-15 16:57:32,719", "type": "train", "epoch": 6, "batch": 3039, "n_batches": 7774, "time": 0.194, "data_time": 0.0, "lr": 0.001, "loss": -17.529}
{"message": "", "levelname": "INFO", "name": "Trainer", "asctime": "2026-04-15 16:57:34,640", "type": "train", "epoch": 6, "batch": 3119, "n_batches": 7774, "time": 0.189, "data_time": 0.0, "lr": 0.001, "loss": -11.125}
{"message": "", "levelname": "INFO", "name": "Trainer", "asctime": "2026-04-15 16:57:36,657", "type": "train", "epoch": 6, "batch": 3199, "n_batches": 7774, "time": 0.218, "data_time": 0.001, "lr": 0.001, "loss": -17.19}
{"message": "", "levelname": "INFO", "name": "Trainer", "asctime": "2026-04-15 16:57:38,652", "type": "train", "epoch": 6, "batch": 3279, "n_batches": 7774, "time": 0.195, "data_time": 0.0, "lr": 0.001, "loss": -20.219}
{"message": "", "levelname": "INFO", "name": "Trainer", "asctime": "2026-04-15 16:57:40,518", "type": "train", "epoch": 6, "batch": 3359, "n_batches": 7774, "time": 0.224, "data_time": 0.001, "lr": 0.001, "loss": -15.662}
{"message": "", "levelname": "INFO", "name": "Trainer", "asctime": "2026-04-15 16:57:42,687", "type": "train", "epoch": 6, "batch": 3439, "n_batches": 7774, "time": 0.222, "data_time": 0.0, "lr": 0.001, "loss": -12.187}
{"message": "", "levelname": "INFO", "name": "Trainer", "asctime": "2026-04-15 16:57:44,602", "type": "train", "epoch": 6, "batch": 3519, "n_batches": 7774, "time": 0.228, "data_time": 0.001, "lr": 0.001, "loss": -13.463}
{"message": "", "levelname": "INFO", "name": "Trainer", "asctime": "2026-04-15 16:57:46,662", "type": "train", "epoch": 6, "batch": 3599, "n_batches": 7774, "time": 0.181, "data_time": 0.001, "lr": 0.001, "loss": -17.016}
{"message": "", "levelname": "INFO", "name": "Trainer", "asctime": "2026-04-15 16:57:48,799", "type": "train", "epoch": 6, "batch": 3679, "n_batches": 7774, "time": 0.224, "data_time": 0.001, "lr": 0.001, "loss": -13.259}
{"message": "", "levelname": "INFO", "name": "Trainer", "asctime": "2026-04-15 16:57:51,616", "type": "train", "epoch": 6, "batch": 3759, "n_batches": 7774, "time": 0.303, "data_time": 0.0, "lr": 0.001, "loss": -20.257}
{"message": "", "levelname": "INFO", "name": "Trainer", "asctime": "2026-04-15 16:57:54,383", "type": "train", "epoch": 6, "batch": 3839, "n_batches": 7774, "time": 0.211, "data_time": 0.001, "lr": 0.001, "loss": -13.147}
{"message": "", "levelname": "INFO", "name": "Trainer", "asctime": "2026-04-15 16:57:57,016", "type": "train", "epoch": 6, "batch": 3919, "n_batches": 7774, "time": 0.211, "data_time": 0.001, "lr": 0.001, "loss": -19.565}
{"message": "", "levelname": "INFO", "name": "Trainer", "asctime": "2026-04-15 16:57:59,123", "type": "train", "epoch": 6, "batch": 3999, "n_batches": 7774, "time": 0.193, "data_time": 0.0, "lr": 0.001, "loss": -7.798}
{"message": "", "levelname": "INFO", "name": "Trainer", "asctime": "2026-04-15 16:58:01,079", "type": "train", "epoch": 6, "batch": 4079, "n_batches": 7774, "time": 0.216, "data_time": 0.001, "lr": 0.001, "loss": -12.549}
{"message": "", "levelname": "INFO", "name": "Trainer", "asctime": "2026-04-15 16:58:03,000", "type": "train", "epoch": 6, "batch": 4159, "n_batches": 7774, "time": 0.155, "data_time": 0.0, "lr": 0.001, "loss": -19.15}
{"message": "", "levelname": "INFO", "name": "Trainer", "asctime": "2026-04-15 16:58:05,031", "type": "train", "epoch": 6, "batch": 4239, "n_batches": 7774, "time": 0.219, "data_time": 0.0, "lr": 0.001, "loss": -17.209}
{"message": "", "levelname": "INFO", "name": "Trainer", "asctime": "2026-04-15 16:58:07,240", "type": "train", "epoch": 6, "batch": 4319, "n_batches": 7774, "time": 0.176, "data_time": 0.001, "lr": 0.001, "loss": -21.992}
{"message": "", "levelname": "INFO", "name": "Trainer", "asctime": "2026-04-15 16:58:09,324", "type": "train", "epoch": 6, "batch": 4399, "n_batches": 7774, "time": 0.212, "data_time": 0.001, "lr": 0.001, "loss": -16.141}
{"message": "", "levelname": "INFO", "name": "Trainer", "asctime": "2026-04-15 16:58:11,388", "type": "train", "epoch": 6, "batch": 4479, "n_batches": 7774, "time": 0.206, "data_time": 0.001, "lr": 0.001, "loss": -20.906}
{"message": "", "levelname": "INFO", "name": "Trainer", "asctime": "2026-04-15 16:58:13,656", "type": "train", "epoch": 6, "batch": 4559, "n_batches": 7774, "time": 0.19, "data_time": 0.0, "lr": 0.001, "loss": -14.328}
{"message": "", "levelname": "INFO", "name": "Trainer", "asctime": "2026-04-15 16:58:15,786", "type": "train", "epoch": 6, "batch": 4639, "n_batches": 7774, "time": 0.223, "data_time": 0.0, "lr": 0.001, "loss": -11.06}
{"message": "", "levelname": "INFO", "name": "Trainer", "asctime": "2026-04-15 16:58:17,903", "type": "train", "epoch": 6, "batch": 4719, "n_batches": 7774, "time": 0.222, "data_time": 0.001, "lr": 0.001, "loss": -18.559}
{"message": "", "levelname": "INFO", "name": "Trainer", "asctime": "2026-04-15 16:58:20,030", "type": "train", "epoch": 6, "batch": 4799, "n_batches": 7774, "time": 0.228, "data_time": 0.001, "lr": 0.001, "loss": -16.385}
{"message": "", "levelname": "INFO", "name": "Trainer", "asctime": "2026-04-15 16:58:22,177", "type": "train", "epoch": 6, "batch": 4879, "n_batches": 7774, "time": 0.247, "data_time": 0.001, "lr": 0.001, "loss": -19.047}
{"message": "", "levelname": "INFO", "name": "Trainer", "asctime": "2026-04-15 16:58:24,185", "type": "train", "epoch": 6, "batch": 4959, "n_batches": 7774, "time": 0.216, "data_time": 0.001, "lr": 0.001, "loss": -12.532}
{"message": "", "levelname": "INFO", "name": "Trainer", "asctime": "2026-04-15 16:58:26,156", "type": "train", "epoch": 6, "batch": 5039, "n_batches": 7774, "time": 0.206, "data_time": 0.001, "lr": 0.001, "loss": -9.903}
{"message": "", "levelname": "INFO", "name": "Trainer", "asctime": "2026-04-15 16:58:28,330", "type": "train", "epoch": 6, "batch": 5119, "n_batches": 7774, "time": 0.209, "data_time": 0.001, "lr": 0.001, "loss": -16.977}
{"message": "", "levelname": "INFO", "name": "Trainer", "asctime": "2026-04-15 16:58:30,337", "type": "train", "epoch": 6, "batch": 5199, "n_batches": 7774, "time": 0.216, "data_time": 0.0, "lr": 0.001, "loss": -16.162}
{"message": "", "levelname": "INFO", "name": "Trainer", "asctime": "2026-04-15 16:58:32,381", "type": "train", "epoch": 6, "batch": 5279, "n_batches": 7774, "time": 0.16, "data_time": 0.0, "lr": 0.001, "loss": -14.891}
{"message": "", "levelname": "INFO", "name": "Trainer", "asctime": "2026-04-15 16:58:34,318", "type": "train", "epoch": 6, "batch": 5359, "n_batches": 7774, "time": 0.187, "data_time": 0.0, "lr": 0.001, "loss": -19.418}
{"message": "", "levelname": "INFO", "name": "Trainer", "asctime": "2026-04-15 16:58:36,355", "type": "train", "epoch": 6, "batch": 5439, "n_batches": 7774, "time": 0.246, "data_time": 0.001, "lr": 0.001, "loss": -10.495}
{"message": "", "levelname": "INFO", "name": "Trainer", "asctime": "2026-04-15 16:58:38,265", "type": "train", "epoch": 6, "batch": 5519, "n_batches": 7774, "time": 0.155, "data_time": 0.0, "lr": 0.001, "loss": -17.969}
{"message": "", "levelname": "INFO", "name": "Trainer", "asctime": "2026-04-15 16:58:40,178", "type": "train", "epoch": 6, "batch": 5599, "n_batches": 7774, "time": 0.201, "data_time": 0.001, "lr": 0.001, "loss": -17.73}
{"message": "", "levelname": "INFO", "name": "Trainer", "asctime": "2026-04-15 16:58:42,072", "type": "train", "epoch": 6, "batch": 5679, "n_batches": 7774, "time": 0.221, "data_time": 0.0, "lr": 0.001, "loss": -13.659}
{"message": "", "levelname": "INFO", "name": "Trainer", "asctime": "2026-04-15 16:58:44,115", "type": "train", "epoch": 6, "batch": 5759, "n_batches": 7774, "time": 0.183, "data_time": 0.001, "lr": 0.001, "loss": -16.139}
{"message": "", "levelname": "INFO", "name": "Trainer", "asctime": "2026-04-15 16:58:46,173", "type": "train", "epoch": 6, "batch": 5839, "n_batches": 7774, "time": 0.201, "data_time": 0.001, "lr": 0.001, "loss": -15.499}
{"message": "", "levelname": "INFO", "name": "Trainer", "asctime": "2026-04-15 16:58:48,089", "type": "train", "epoch": 6, "batch": 5919, "n_batches": 7774, "time": 0.174, "data_time": 0.001, "lr": 0.001, "loss": -15.506}
{"message": "", "levelname": "INFO", "name": "Trainer", "asctime": "2026-04-15 16:58:49,955", "type": "train", "epoch": 6, "batch": 5999, "n_batches": 7774, "time": 0.167, "data_time": 0.0, "lr": 0.001, "loss": -13.259}
{"message": "", "levelname": "INFO", "name": "Trainer", "asctime": "2026-04-15 16:58:51,838", "type": "train", "epoch": 6, "batch": 6079, "n_batches": 7774, "time": 0.199, "data_time": 0.001, "lr": 0.001, "loss": -17.089}
{"message": "", "levelname": "INFO", "name": "Trainer", "asctime": "2026-04-15 16:58:53,945", "type": "train", "epoch": 6, "batch": 6159, "n_batches": 7774, "time": 0.206, "data_time": 0.001, "lr": 0.001, "loss": -14.769}
{"message": "", "levelname": "INFO", "name": "Trainer", "asctime": "2026-04-15 16:58:55,845", "type": "train", "epoch": 6, "batch": 6239, "n_batches": 7774, "time": 0.139, "data_time": 0.0, "lr": 0.001, "loss": -16.881}
{"message": "", "levelname": "INFO", "name": "Trainer", "asctime": "2026-04-15 16:58:57,806", "type": "train", "epoch": 6, "batch": 6319, "n_batches": 7774, "time": 0.186, "data_time": 0.001, "lr": 0.001, "loss": -18.257}
{"message": "", "levelname": "INFO", "name": "Trainer", "asctime": "2026-04-15 16:58:59,916", "type": "train", "epoch": 6, "batch": 6399, "n_batches": 7774, "time": 0.192, "data_time": 0.001, "lr": 0.001, "loss": -17.231}
{"message": "", "levelname": "INFO", "name": "Trainer", "asctime": "2026-04-15 16:59:01,831", "type": "train", "epoch": 6, "batch": 6479, "n_batches": 7774, "time": 0.188, "data_time": 0.001, "lr": 0.001, "loss": -13.63}
{"message": "", "levelname": "INFO", "name": "Trainer", "asctime": "2026-04-15 16:59:03,895", "type": "train", "epoch": 6, "batch": 6559, "n_batches": 7774, "time": 0.23, "data_time": 0.001, "lr": 0.001, "loss": -13.104}
{"message": "", "levelname": "INFO", "name": "Trainer", "asctime": "2026-04-15 16:59:06,087", "type": "train", "epoch": 6, "batch": 6639, "n_batches": 7774, "time": 0.259, "data_time": 0.001, "lr": 0.001, "loss": -16.151}
{"message": "", "levelname": "INFO", "name": "Trainer", "asctime": "2026-04-15 16:59:08,028", "type": "train", "epoch": 6, "batch": 6719, "n_batches": 7774, "time": 0.17, "data_time": 0.0, "lr": 0.001, "loss": -12.555}
{"message": "", "levelname": "INFO", "name": "Trainer", "asctime": "2026-04-15 16:59:09,978", "type": "train", "epoch": 6, "batch": 6799, "n_batches": 7774, "time": 0.217, "data_time": 0.0, "lr": 0.001, "loss": -19.099}
{"message": "", "levelname": "INFO", "name": "Trainer", "asctime": "2026-04-15 16:59:12,077", "type": "train", "epoch": 6, "batch": 6879, "n_batches": 7774, "time": 0.154, "data_time": 0.001, "lr": 0.001, "loss": -17.95}
{"message": "", "levelname": "INFO", "name": "Trainer", "asctime": "2026-04-15 16:59:14,135", "type": "train", "epoch": 6, "batch": 6959, "n_batches": 7774, "time": 0.222, "data_time": 0.0, "lr": 0.001, "loss": -17.074}
{"message": "", "levelname": "INFO", "name": "Trainer", "asctime": "2026-04-15 16:59:16,129", "type": "train", "epoch": 6, "batch": 7039, "n_batches": 7774, "time": 0.173, "data_time": 0.001, "lr": 0.001, "loss": -11.062}
{"message": "", "levelname": "INFO", "name": "Trainer", "asctime": "2026-04-15 16:59:18,034", "type": "train", "epoch": 6, "batch": 7119, "n_batches": 7774, "time": 0.234, "data_time": 0.001, "lr": 0.001, "loss": -13.163}
{"message": "", "levelname": "INFO", "name": "Trainer", "asctime": "2026-04-15 16:59:20,021", "type": "train", "epoch": 6, "batch": 7199, "n_batches": 7774, "time": 0.241, "data_time": 0.001, "lr": 0.001, "loss": -15.082}
{"message": "", "levelname": "INFO", "name": "Trainer", "asctime": "2026-04-15 16:59:21,925", "type": "train", "epoch": 6, "batch": 7279, "n_batches": 7774, "time": 0.2, "data_time": 0.0, "lr": 0.001, "loss": -10.936}
{"message": "", "levelname": "INFO", "name": "Trainer", "asctime": "2026-04-15 16:59:24,008", "type": "train", "epoch": 6, "batch": 7359, "n_batches": 7774, "time": 0.375, "data_time": 0.0, "lr": 0.001, "loss": -16.275}
{"message": "", "levelname": "INFO", "name": "Trainer", "asctime": "2026-04-15 16:59:25,918", "type": "train", "epoch": 6, "batch": 7439, "n_batches": 7774, "time": 0.212, "data_time": 0.0, "lr": 0.001, "loss": -11.348}
{"message": "", "levelname": "INFO", "name": "Trainer", "asctime": "2026-04-15 16:59:28,173", "type": "train", "epoch": 6, "batch": 7519, "n_batches": 7774, "time": 0.238, "data_time": 0.001, "lr": 0.001, "loss": -12.468}
{"message": "", "levelname": "INFO", "name": "Trainer", "asctime": "2026-04-15 16:59:30,201", "type": "train", "epoch": 6, "batch": 7599, "n_batches": 7774, "time": 0.155, "data_time": 0.0, "lr": 0.001, "loss": -7.761}
{"message": "", "levelname": "INFO", "name": "Trainer", "asctime": "2026-04-15 16:59:32,366", "type": "train", "epoch": 6, "batch": 7679, "n_batches": 7774, "time": 0.206, "data_time": 0.0, "lr": 0.001, "loss": -13.429}
{"message": "", "levelname": "INFO", "name": "Trainer", "asctime": "2026-04-15 16:59:34,485", "type": "train", "epoch": 6, "batch": 7759, "n_batches": 7774, "time": 0.238, "data_time": 0.0, "lr": 0.001, "loss": -9.458}
{"message": "", "levelname": "INFO", "name": "Trainer", "asctime": "2026-04-15 16:59:34,939", "type": "train-epoch", "epoch": 7, "loss": -1.85233, "time": 196.5}
{"message": "", "levelname": "INFO", "name": "Trainer", "asctime": "2026-04-15 17:00:09,355", "type": "val-epoch", "epoch": 7, "loss": -1.985, "test_loss": -1.985, "time": 34.4}
{"message": "", "levelname": "INFO", "name": "Trainer", "asctime": "2026-04-15 17:00:11,228", "type": "train", "epoch": 7, "batch": 79, "n_batches": 7774, "time": 0.235, "data_time": 0.0, "lr": 0.001, "loss": -15.461}
{"message": "", "levelname": "INFO", "name": "Trainer", "asctime": "2026-04-15 17:00:13,389", "type": "train", "epoch": 7, "batch": 159, "n_batches": 7774, "time": 0.246, "data_time": 0.001, "lr": 0.001, "loss": -17.492}
{"message": "", "levelname": "INFO", "name": "Trainer", "asctime": "2026-04-15 17:00:15,358", "type": "train", "epoch": 7, "batch": 239, "n_batches": 7774, "time": 0.203, "data_time": 0.001, "lr": 0.001, "loss": -14.396}
{"message": "", "levelname": "INFO", "name": "Trainer", "asctime": "2026-04-15 17:00:17,840", "type": "train", "epoch": 7, "batch": 319, "n_batches": 7774, "time": 0.294, "data_time": 0.001, "lr": 0.001, "loss": -18.125}
{"message": "", "levelname": "INFO", "name": "Trainer", "asctime": "2026-04-15 17:00:20,160", "type": "train", "epoch": 7, "batch": 399, "n_batches": 7774, "time": 0.226, "data_time": 0.001, "lr": 0.001, "loss": -17.047}
{"message": "", "levelname": "INFO", "name": "Trainer", "asctime": "2026-04-15 17:00:22,605", "type": "train", "epoch": 7, "batch": 479, "n_batches": 7774, "time": 0.251, "data_time": 0.001, "lr": 0.001, "loss": -15.891}
{"message": "", "levelname": "INFO", "name": "Trainer", "asctime": "2026-04-15 17:00:25,542", "type": "train", "epoch": 7, "batch": 559, "n_batches": 7774, "time": 0.304, "data_time": 0.001, "lr": 0.001, "loss": -14.98}
{"message": "", "levelname": "INFO", "name": "Trainer", "asctime": "2026-04-15 17:00:29,170", "type": "train", "epoch": 7, "batch": 639, "n_batches": 7774, "time": 0.492, "data_time": 0.0, "lr": 0.001, "loss": -9.586}
{"message": "", "levelname": "INFO", "name": "Trainer", "asctime": "2026-04-15 17:00:33,529", "type": "train", "epoch": 7, "batch": 719, "n_batches": 7774, "time": 0.417, "data_time": 0.001, "lr": 0.001, "loss": -17.962}
{"message": "", "levelname": "INFO", "name": "Trainer", "asctime": "2026-04-15 17:00:38,467", "type": "train", "epoch": 7, "batch": 799, "n_batches": 7774, "time": 0.275, "data_time": 0.001, "lr": 0.001, "loss": -10.533}
{"message": "", "levelname": "INFO", "name": "Trainer", "asctime": "2026-04-15 17:00:42,914", "type": "train", "epoch": 7, "batch": 879, "n_batches": 7774, "time": 0.461, "data_time": 0.001, "lr": 0.001, "loss": -16.025}
{"message": "", "levelname": "INFO", "name": "Trainer", "asctime": "2026-04-15 17:00:46,912", "type": "train", "epoch": 7, "batch": 959, "n_batches": 7774, "time": 0.41, "data_time": 0.001, "lr": 0.001, "loss": -15.062}
{"message": "", "levelname": "INFO", "name": "Trainer", "asctime": "2026-04-15 17:00:51,181", "type": "train", "epoch": 7, "batch": 1039, "n_batches": 7774, "time": 0.31, "data_time": 0.0, "lr": 0.001, "loss": -12.193}
{"message": "", "levelname": "INFO", "name": "Trainer", "asctime": "2026-04-15 17:00:55,162", "type": "train", "epoch": 7, "batch": 1119, "n_batches": 7774, "time": 0.41, "data_time": 0.001, "lr": 0.001, "loss": -16.444}
{"message": "", "levelname": "INFO", "name": "Trainer", "asctime": "2026-04-15 17:00:58,360", "type": "train", "epoch": 7, "batch": 1199, "n_batches": 7774, "time": 0.218, "data_time": 0.001, "lr": 0.001, "loss": -13.301}
{"message": "", "levelname": "INFO", "name": "Trainer", "asctime": "2026-04-15 17:01:01,607", "type": "train", "epoch": 7, "batch": 1279, "n_batches": 7774, "time": 0.229, "data_time": 0.001, "lr": 0.001, "loss": -17.344}
{"message": "", "levelname": "INFO", "name": "Trainer", "asctime": "2026-04-15 17:01:04,610", "type": "train", "epoch": 7, "batch": 1359, "n_batches": 7774, "time": 0.285, "data_time": 0.0, "lr": 0.001, "loss": -15.472}
{"message": "", "levelname": "INFO", "name": "Trainer", "asctime": "2026-04-15 17:01:09,032", "type": "train", "epoch": 7, "batch": 1439, "n_batches": 7774, "time": 0.408, "data_time": 0.001, "lr": 0.001, "loss": -14.043}
{"message": "", "levelname": "INFO", "name": "Trainer", "asctime": "2026-04-15 17:01:14,262", "type": "train", "epoch": 7, "batch": 1519, "n_batches": 7774, "time": 0.406, "data_time": 0.001, "lr": 0.001, "loss": -13.681}
{"message": "", "levelname": "INFO", "name": "Trainer", "asctime": "2026-04-15 17:01:19,468", "type": "train", "epoch": 7, "batch": 1599, "n_batches": 7774, "time": 1.032, "data_time": 0.001, "lr": 0.001, "loss": -12.37}
{"message": "", "levelname": "INFO", "name": "Trainer", "asctime": "2026-04-15 17:01:26,562", "type": "train", "epoch": 7, "batch": 1679, "n_batches": 7774, "time": 0.624, "data_time": 0.0, "lr": 0.001, "loss": -19.272}
{"message": "", "levelname": "INFO", "name": "Trainer", "asctime": "2026-04-15 17:01:34,640", "type": "train", "epoch": 7, "batch": 1759, "n_batches": 7774, "time": 0.591, "data_time": 0.001, "lr": 0.001, "loss": -15.14}
{"message": "", "levelname": "INFO", "name": "Trainer", "asctime": "2026-04-15 17:01:39,493", "type": "train", "epoch": 7, "batch": 1839, "n_batches": 7774, "time": 0.709, "data_time": 0.002, "lr": 0.001, "loss": -13.837}
{"message": "", "levelname": "INFO", "name": "Trainer", "asctime": "2026-04-15 17:01:45,079", "type": "train", "epoch": 7, "batch": 1919, "n_batches": 7774, "time": 0.508, "data_time": 0.001, "lr": 0.001, "loss": -6.4}
{"message": "", "levelname": "INFO", "name": "Trainer", "asctime": "2026-04-15 17:01:50,752", "type": "train", "epoch": 7, "batch": 1999, "n_batches": 7774, "time": 0.295, "data_time": 0.0, "lr": 0.001, "loss": -15.598}
{"message": "", "levelname": "INFO", "name": "Trainer", "asctime": "2026-04-15 17:01:57,054", "type": "train", "epoch": 7, "batch": 2079, "n_batches": 7774, "time": 0.74, "data_time": 0.001, "lr": 0.001, "loss": -16.804}
{"message": "", "levelname": "INFO", "name": "Trainer", "asctime": "2026-04-15 17:02:02,370", "type": "train", "epoch": 7, "batch": 2159, "n_batches": 7774, "time": 0.401, "data_time": 0.001, "lr": 0.001, "loss": -7.972}
{"message": "", "levelname": "INFO", "name": "Trainer", "asctime": "2026-04-15 17:02:07,514", "type": "train", "epoch": 7, "batch": 2239, "n_batches": 7774, "time": 0.631, "data_time": 0.001, "lr": 0.001, "loss": -16.698}
{"message": "", "levelname": "INFO", "name": "Trainer", "asctime": "2026-04-15 17:02:13,191", "type": "train", "epoch": 7, "batch": 2319, "n_batches": 7774, "time": 0.23, "data_time": 0.001, "lr": 0.001, "loss": -20.733}
{"message": "", "levelname": "INFO", "name": "Trainer", "asctime": "2026-04-15 17:02:16,071", "type": "train", "epoch": 7, "batch": 2399, "n_batches": 7774, "time": 0.272, "data_time": 0.001, "lr": 0.001, "loss": -18.915}
{"message": "", "levelname": "INFO", "name": "Trainer", "asctime": "2026-04-15 17:02:19,755", "type": "train", "epoch": 7, "batch": 2479, "n_batches": 7774, "time": 0.329, "data_time": 0.0, "lr": 0.001, "loss": -16.418}
{"message": "", "levelname": "INFO", "name": "Trainer", "asctime": "2026-04-15 17:02:23,177", "type": "train", "epoch": 7, "batch": 2559, "n_batches": 7774, "time": 0.321, "data_time": 0.001, "lr": 0.001, "loss": -14.909}
{"message": "", "levelname": "INFO", "name": "Trainer", "asctime": "2026-04-15 17:02:26,547", "type": "train", "epoch": 7, "batch": 2639, "n_batches": 7774, "time": 0.291, "data_time": 0.001, "lr": 0.001, "loss": -13.527}
{"message": "", "levelname": "INFO", "name": "Trainer", "asctime": "2026-04-15 17:02:30,315", "type": "train", "epoch": 7, "batch": 2719, "n_batches": 7774, "time": 0.407, "data_time": 0.001, "lr": 0.001, "loss": -17.375}
{"message": "", "levelname": "INFO", "name": "Trainer", "asctime": "2026-04-15 17:02:33,552", "type": "train", "epoch": 7, "batch": 2799, "n_batches": 7774, "time": 0.334, "data_time": 0.0, "lr": 0.001, "loss": -13.361}
{"message": "", "levelname": "INFO", "name": "Trainer", "asctime": "2026-04-15 17:02:37,161", "type": "train", "epoch": 7, "batch": 2879, "n_batches": 7774, "time": 0.282, "data_time": 0.0, "lr": 0.001, "loss": -19.132}
{"message": "", "levelname": "INFO", "name": "Trainer", "asctime": "2026-04-15 17:02:42,166", "type": "train", "epoch": 7, "batch": 2959, "n_batches": 7774, "time": 0.524, "data_time": 0.0, "lr": 0.001, "loss": -18.306}
{"message": "", "levelname": "INFO", "name": "Trainer", "asctime": "2026-04-15 17:02:46,348", "type": "train", "epoch": 7, "batch": 3039, "n_batches": 7774, "time": 0.34, "data_time": 0.0, "lr": 0.001, "loss": -16.654}
{"message": "", "levelname": "INFO", "name": "Trainer", "asctime": "2026-04-15 17:02:51,470", "type": "train", "epoch": 7, "batch": 3119, "n_batches": 7774, "time": 0.429, "data_time": 0.001, "lr": 0.001, "loss": -14.951}
{"message": "", "levelname": "INFO", "name": "Trainer", "asctime": "2026-04-15 17:02:56,332", "type": "train", "epoch": 7, "batch": 3199, "n_batches": 7774, "time": 0.383, "data_time": 0.001, "lr": 0.001, "loss": -17.927}
{"message": "", "levelname": "INFO", "name": "Trainer", "asctime": "2026-04-15 17:03:00,244", "type": "train", "epoch": 7, "batch": 3279, "n_batches": 7774, "time": 0.52, "data_time": 0.001, "lr": 0.001, "loss": -14.77}
{"message": "", "levelname": "INFO", "name": "Trainer", "asctime": "2026-04-15 17:03:04,099", "type": "train", "epoch": 7, "batch": 3359, "n_batches": 7774, "time": 0.405, "data_time": 0.001, "lr": 0.001, "loss": -18.532}
{"message": "", "levelname": "INFO", "name": "Trainer", "asctime": "2026-04-15 17:03:08,113", "type": "train", "epoch": 7, "batch": 3439, "n_batches": 7774, "time": 0.333, "data_time": 0.001, "lr": 0.001, "loss": -18.583}
{"message": "", "levelname": "INFO", "name": "Trainer", "asctime": "2026-04-15 17:03:12,089", "type": "train", "epoch": 7, "batch": 3519, "n_batches": 7774, "time": 0.342, "data_time": 0.001, "lr": 0.001, "loss": -12.848}
{"message": "", "levelname": "INFO", "name": "Trainer", "asctime": "2026-04-15 17:03:15,939", "type": "train", "epoch": 7, "batch": 3599, "n_batches": 7774, "time": 0.194, "data_time": 0.0, "lr": 0.001, "loss": -16.227}
{"message": "", "levelname": "INFO", "name": "Trainer", "asctime": "2026-04-15 17:03:20,056", "type": "train", "epoch": 7, "batch": 3679, "n_batches": 7774, "time": 0.473, "data_time": 0.0, "lr": 0.001, "loss": -13.516}
{"message": "", "levelname": "INFO", "name": "Trainer", "asctime": "2026-04-15 17:03:24,906", "type": "train", "epoch": 7, "batch": 3759, "n_batches": 7774, "time": 1.054, "data_time": 0.001, "lr": 0.001, "loss": -12.068}
{"message": "", "levelname": "INFO", "name": "Trainer", "asctime": "2026-04-15 17:03:29,023", "type": "train", "epoch": 7, "batch": 3839, "n_batches": 7774, "time": 0.358, "data_time": 0.0, "lr": 0.001, "loss": -8.047}
{"message": "", "levelname": "INFO", "name": "Trainer", "asctime": "2026-04-15 17:03:32,619", "type": "train", "epoch": 7, "batch": 3919, "n_batches": 7774, "time": 0.405, "data_time": 0.0, "lr": 0.001, "loss": -20.528}
{"message": "", "levelname": "INFO", "name": "Trainer", "asctime": "2026-04-15 17:03:36,514", "type": "train", "epoch": 7, "batch": 3999, "n_batches": 7774, "time": 0.386, "data_time": 0.001, "lr": 0.001, "loss": -17.993}
{"message": "", "levelname": "INFO", "name": "Trainer", "asctime": "2026-04-15 17:03:40,055", "type": "train", "epoch": 7, "batch": 4079, "n_batches": 7774, "time": 0.387, "data_time": 0.001, "lr": 0.001, "loss": -15.094}
{"message": "", "levelname": "INFO", "name": "Trainer", "asctime": "2026-04-15 17:03:44,423", "type": "train", "epoch": 7, "batch": 4159, "n_batches": 7774, "time": 0.354, "data_time": 0.001, "lr": 0.001, "loss": -19.144}
{"message": "", "levelname": "INFO", "name": "Trainer", "asctime": "2026-04-15 17:03:47,800", "type": "train", "epoch": 7, "batch": 4239, "n_batches": 7774, "time": 0.283, "data_time": 0.001, "lr": 0.001, "loss": -19.443}
{"message": "", "levelname": "INFO", "name": "Trainer", "asctime": "2026-04-15 17:03:50,953", "type": "train", "epoch": 7, "batch": 4319, "n_batches": 7774, "time": 0.345, "data_time": 0.001, "lr": 0.001, "loss": -17.484}
{"message": "", "levelname": "INFO", "name": "Trainer", "asctime": "2026-04-15 17:03:53,770", "type": "train", "epoch": 7, "batch": 4399, "n_batches": 7774, "time": 0.305, "data_time": 0.001, "lr": 0.001, "loss": -15.173}
{"message": "", "levelname": "INFO", "name": "Trainer", "asctime": "2026-04-15 17:03:57,101", "type": "train", "epoch": 7, "batch": 4479, "n_batches": 7774, "time": 0.324, "data_time": 0.001, "lr": 0.001, "loss": -14.251}
{"message": "", "levelname": "INFO", "name": "Trainer", "asctime": "2026-04-15 17:04:00,619", "type": "train", "epoch": 7, "batch": 4559, "n_batches": 7774, "time": 0.281, "data_time": 0.001, "lr": 0.001, "loss": -16.48}
{"message": "", "levelname": "INFO", "name": "Trainer", "asctime": "2026-04-15 17:04:03,705", "type": "train", "epoch": 7, "batch": 4639, "n_batches": 7774, "time": 0.356, "data_time": 0.001, "lr": 0.001, "loss": -18.023}
{"message": "", "levelname": "INFO", "name": "Trainer", "asctime": "2026-04-15 17:04:07,113", "type": "train", "epoch": 7, "batch": 4719, "n_batches": 7774, "time": 0.343, "data_time": 0.001, "lr": 0.001, "loss": -18.103}
{"message": "", "levelname": "INFO", "name": "Trainer", "asctime": "2026-04-15 17:04:10,099", "type": "train", "epoch": 7, "batch": 4799, "n_batches": 7774, "time": 0.367, "data_time": 0.001, "lr": 0.001, "loss": -16.364}
{"message": "", "levelname": "INFO", "name": "Trainer", "asctime": "2026-04-15 17:04:13,840", "type": "train", "epoch": 7, "batch": 4879, "n_batches": 7774, "time": 0.294, "data_time": 0.001, "lr": 0.001, "loss": -13.869}
{"message": "", "levelname": "INFO", "name": "Trainer", "asctime": "2026-04-15 17:04:16,996", "type": "train", "epoch": 7, "batch": 4959, "n_batches": 7774, "time": 0.368, "data_time": 0.001, "lr": 0.001, "loss": -13.558}
{"message": "", "levelname": "INFO", "name": "Trainer", "asctime": "2026-04-15 17:04:20,153", "type": "train", "epoch": 7, "batch": 5039, "n_batches": 7774, "time": 0.345, "data_time": 0.001, "lr": 0.001, "loss": -8.755}
{"message": "", "levelname": "INFO", "name": "Trainer", "asctime": "2026-04-15 17:04:23,748", "type": "train", "epoch": 7, "batch": 5119, "n_batches": 7774, "time": 0.279, "data_time": 0.001, "lr": 0.001, "loss": -17.235}
{"message": "", "levelname": "INFO", "name": "Trainer", "asctime": "2026-04-15 17:04:27,597", "type": "train", "epoch": 7, "batch": 5199, "n_batches": 7774, "time": 0.291, "data_time": 0.0, "lr": 0.001, "loss": -18.63}
{"message": "", "levelname": "INFO", "name": "Trainer", "asctime": "2026-04-15 17:04:31,281", "type": "train", "epoch": 7, "batch": 5279, "n_batches": 7774, "time": 0.421, "data_time": 0.0, "lr": 0.001, "loss": -18.257}
{"message": "", "levelname": "INFO", "name": "Trainer", "asctime": "2026-04-15 17:04:33,956", "type": "train", "epoch": 7, "batch": 5359, "n_batches": 7774, "time": 0.279, "data_time": 0.0, "lr": 0.001, "loss": -11.282}
{"message": "", "levelname": "INFO", "name": "Trainer", "asctime": "2026-04-15 17:04:36,753", "type": "train", "epoch": 7, "batch": 5439, "n_batches": 7774, "time": 0.197, "data_time": 0.001, "lr": 0.001, "loss": -15.913}
{"message": "", "levelname": "INFO", "name": "Trainer", "asctime": "2026-04-15 17:04:40,102", "type": "train", "epoch": 7, "batch": 5519, "n_batches": 7774, "time": 0.309, "data_time": 0.001, "lr": 0.001, "loss": -18.678}
{"message": "", "levelname": "INFO", "name": "Trainer", "asctime": "2026-04-15 17:04:43,162", "type": "train", "epoch": 7, "batch": 5599, "n_batches": 7774, "time": 0.275, "data_time": 0.0, "lr": 0.001, "loss": -15.095}
{"message": "", "levelname": "INFO", "name": "Trainer", "asctime": "2026-04-15 17:04:46,619", "type": "train", "epoch": 7, "batch": 5679, "n_batches": 7774, "time": 0.344, "data_time": 0.001, "lr": 0.001, "loss": -17.559}
{"message": "", "levelname": "INFO", "name": "Trainer", "asctime": "2026-04-15 17:04:49,350", "type": "train", "epoch": 7, "batch": 5759, "n_batches": 7774, "time": 0.181, "data_time": 0.001, "lr": 0.001, "loss": -7.616}
{"message": "", "levelname": "INFO", "name": "Trainer", "asctime": "2026-04-15 17:04:51,194", "type": "train", "epoch": 7, "batch": 5839, "n_batches": 7774, "time": 0.191, "data_time": 0.001, "lr": 0.001, "loss": -16.144}
{"message": "", "levelname": "INFO", "name": "Trainer", "asctime": "2026-04-15 17:04:52,995", "type": "train", "epoch": 7, "batch": 5919, "n_batches": 7774, "time": 0.158, "data_time": 0.0, "lr": 0.001, "loss": -18.861}
{"message": "", "levelname": "INFO", "name": "Trainer", "asctime": "2026-04-15 17:04:55,120", "type": "train", "epoch": 7, "batch": 5999, "n_batches": 7774, "time": 0.163, "data_time": 0.001, "lr": 0.001, "loss": -15.659}
{"message": "", "levelname": "INFO", "name": "Trainer", "asctime": "2026-04-15 17:04:57,240", "type": "train", "epoch": 7, "batch": 6079, "n_batches": 7774, "time": 0.158, "data_time": 0.001, "lr": 0.001, "loss": -15.471}
{"message": "", "levelname": "INFO", "name": "Trainer", "asctime": "2026-04-15 17:04:59,244", "type": "train", "epoch": 7, "batch": 6159, "n_batches": 7774, "time": 0.175, "data_time": 0.0, "lr": 0.001, "loss": -14.375}
{"message": "", "levelname": "INFO", "name": "Trainer", "asctime": "2026-04-15 17:05:01,300", "type": "train", "epoch": 7, "batch": 6239, "n_batches": 7774, "time": 0.192, "data_time": 0.0, "lr": 0.001, "loss": -13.466}
{"message": "", "levelname": "INFO", "name": "Trainer", "asctime": "2026-04-15 17:05:03,177", "type": "train", "epoch": 7, "batch": 6319, "n_batches": 7774, "time": 0.204, "data_time": 0.001, "lr": 0.001, "loss": -12.855}
{"message": "", "levelname": "INFO", "name": "Trainer", "asctime": "2026-04-15 17:05:05,175", "type": "train", "epoch": 7, "batch": 6399, "n_batches": 7774, "time": 0.194, "data_time": 0.001, "lr": 0.001, "loss": -9.874}
{"message": "", "levelname": "INFO", "name": "Trainer", "asctime": "2026-04-15 17:05:07,301", "type": "train", "epoch": 7, "batch": 6479, "n_batches": 7774, "time": 0.226, "data_time": 0.001, "lr": 0.001, "loss": -19.862}
{"message": "", "levelname": "INFO", "name": "Trainer", "asctime": "2026-04-15 17:05:09,519", "type": "train", "epoch": 7, "batch": 6559, "n_batches": 7774, "time": 0.188, "data_time": 0.001, "lr": 0.001, "loss": -13.386}
{"message": "", "levelname": "INFO", "name": "Trainer", "asctime": "2026-04-15 17:05:11,402", "type": "train", "epoch": 7, "batch": 6639, "n_batches": 7774, "time": 0.155, "data_time": 0.001, "lr": 0.001, "loss": -15.254}
{"message": "", "levelname": "INFO", "name": "Trainer", "asctime": "2026-04-15 17:05:13,708", "type": "train", "epoch": 7, "batch": 6719, "n_batches": 7774, "time": 0.236, "data_time": 0.0, "lr": 0.001, "loss": -15.971}
{"message": "", "levelname": "INFO", "name": "Trainer", "asctime": "2026-04-15 17:05:16,197", "type": "train", "epoch": 7, "batch": 6799, "n_batches": 7774, "time": 0.229, "data_time": 0.001, "lr": 0.001, "loss": -16.001}
{"message": "", "levelname": "INFO", "name": "Trainer", "asctime": "2026-04-15 17:05:19,181", "type": "train", "epoch": 7, "batch": 6879, "n_batches": 7774, "time": 0.232, "data_time": 0.001, "lr": 0.001, "loss": -18.743}
{"message": "", "levelname": "INFO", "name": "Trainer", "asctime": "2026-04-15 17:05:22,504", "type": "train", "epoch": 7, "batch": 6959, "n_batches": 7774, "time": 0.297, "data_time": 0.001, "lr": 0.001, "loss": -7.065}
{"message": "", "levelname": "INFO", "name": "Trainer", "asctime": "2026-04-15 17:05:25,207", "type": "train", "epoch": 7, "batch": 7039, "n_batches": 7774, "time": 0.27, "data_time": 0.001, "lr": 0.001, "loss": -16.915}
{"message": "", "levelname": "INFO", "name": "Trainer", "asctime": "2026-04-15 17:05:27,197", "type": "train", "epoch": 7, "batch": 7119, "n_batches": 7774, "time": 0.19, "data_time": 0.0, "lr": 0.001, "loss": -12.401}
{"message": "", "levelname": "INFO", "name": "Trainer", "asctime": "2026-04-15 17:05:29,134", "type": "train", "epoch": 7, "batch": 7199, "n_batches": 7774, "time": 0.184, "data_time": 0.001, "lr": 0.001, "loss": -18.09}
{"message": "", "levelname": "INFO", "name": "Trainer", "asctime": "2026-04-15 17:05:31,323", "type": "train", "epoch": 7, "batch": 7279, "n_batches": 7774, "time": 0.163, "data_time": 0.0, "lr": 0.001, "loss": -13.991}
{"message": "", "levelname": "INFO", "name": "Trainer", "asctime": "2026-04-15 17:05:33,196", "type": "train", "epoch": 7, "batch": 7359, "n_batches": 7774, "time": 0.198, "data_time": 0.0, "lr": 0.001, "loss": -16.208}
{"message": "", "levelname": "INFO", "name": "Trainer", "asctime": "2026-04-15 17:05:35,230", "type": "train", "epoch": 7, "batch": 7439, "n_batches": 7774, "time": 0.193, "data_time": 0.001, "lr": 0.001, "loss": -15.842}
{"message": "", "levelname": "INFO", "name": "Trainer", "asctime": "2026-04-15 17:05:37,430", "type": "train", "epoch": 7, "batch": 7519, "n_batches": 7774, "time": 0.264, "data_time": 0.0, "lr": 0.001, "loss": -12.204}
{"message": "", "levelname": "INFO", "name": "Trainer", "asctime": "2026-04-15 17:05:39,402", "type": "train", "epoch": 7, "batch": 7599, "n_batches": 7774, "time": 0.205, "data_time": 0.0, "lr": 0.001, "loss": -15.611}
{"message": "", "levelname": "INFO", "name": "Trainer", "asctime": "2026-04-15 17:05:41,486", "type": "train", "epoch": 7, "batch": 7679, "n_batches": 7774, "time": 0.329, "data_time": 0.0, "lr": 0.001, "loss": -16.268}
{"message": "", "levelname": "INFO", "name": "Trainer", "asctime": "2026-04-15 17:05:43,311", "type": "train", "epoch": 7, "batch": 7759, "n_batches": 7774, "time": 0.139, "data_time": 0.0, "lr": 0.001, "loss": -15.397}
{"message": "", "levelname": "INFO", "name": "Trainer", "asctime": "2026-04-15 17:05:43,696", "type": "train-epoch", "epoch": 8, "loss": -1.88065, "time": 334.3}
{"message": "", "levelname": "INFO", "name": "Trainer", "asctime": "2026-04-15 17:06:15,802", "type": "val-epoch", "epoch": 8, "loss": -2.017, "test_loss": -2.017, "time": 32.1}
{"message": "", "levelname": "INFO", "name": "Trainer", "asctime": "2026-04-15 17:06:17,821", "type": "train", "epoch": 8, "batch": 79, "n_batches": 7774, "time": 0.251, "data_time": 0.001, "lr": 0.001, "loss": -15.918}
{"message": "", "levelname": "INFO", "name": "Trainer", "asctime": "2026-04-15 17:06:19,624", "type": "train", "epoch": 8, "batch": 159, "n_batches": 7774, "time": 0.164, "data_time": 0.0, "lr": 0.001, "loss": -10.356}
{"message": "", "levelname": "INFO", "name": "Trainer", "asctime": "2026-04-15 17:06:21,492", "type": "train", "epoch": 8, "batch": 239, "n_batches": 7774, "time": 0.184, "data_time": 0.001, "lr": 0.001, "loss": -18.989}
{"message": "", "levelname": "INFO", "name": "Trainer", "asctime": "2026-04-15 17:06:23,499", "type": "train", "epoch": 8, "batch": 319, "n_batches": 7774, "time": 0.171, "data_time": 0.001, "lr": 0.001, "loss": -16.751}
{"message": "", "levelname": "INFO", "name": "Trainer", "asctime": "2026-04-15 17:06:25,401", "type": "train", "epoch": 8, "batch": 399, "n_batches": 7774, "time": 0.161, "data_time": 0.001, "lr": 0.001, "loss": -13.079}
{"message": "", "levelname": "INFO", "name": "Trainer", "asctime": "2026-04-15 17:06:27,211", "type": "train", "epoch": 8, "batch": 479, "n_batches": 7774, "time": 0.184, "data_time": 0.0, "lr": 0.001, "loss": -15.385}
{"message": "", "levelname": "INFO", "name": "Trainer", "asctime": "2026-04-15 17:06:29,154", "type": "train", "epoch": 8, "batch": 559, "n_batches": 7774, "time": 0.202, "data_time": 0.0, "lr": 0.001, "loss": -19.332}
{"message": "", "levelname": "INFO", "name": "Trainer", "asctime": "2026-04-15 17:06:31,212", "type": "train", "epoch": 8, "batch": 639, "n_batches": 7774, "time": 0.231, "data_time": 0.001, "lr": 0.001, "loss": -17.537}
{"message": "", "levelname": "INFO", "name": "Trainer", "asctime": "2026-04-15 17:06:33,192", "type": "train", "epoch": 8, "batch": 719, "n_batches": 7774, "time": 0.21, "data_time": 0.0, "lr": 0.001, "loss": -15.069}
{"message": "", "levelname": "INFO", "name": "Trainer", "asctime": "2026-04-15 17:06:35,256", "type": "train", "epoch": 8, "batch": 799, "n_batches": 7774, "time": 0.188, "data_time": 0.001, "lr": 0.001, "loss": -11.447}
{"message": "", "levelname": "INFO", "name": "Trainer", "asctime": "2026-04-15 17:06:37,337", "type": "train", "epoch": 8, "batch": 879, "n_batches": 7774, "time": 0.172, "data_time": 0.0, "lr": 0.001, "loss": -9.602}
{"message": "", "levelname": "INFO", "name": "Trainer", "asctime": "2026-04-15 17:06:39,460", "type": "train", "epoch": 8, "batch": 959, "n_batches": 7774, "time": 0.215, "data_time": 0.001, "lr": 0.001, "loss": -12.511}
{"message": "", "levelname": "INFO", "name": "Trainer", "asctime": "2026-04-15 17:06:41,558", "type": "train", "epoch": 8, "batch": 1039, "n_batches": 7774, "time": 0.18, "data_time": 0.001, "lr": 0.001, "loss": -11.343}
{"message": "", "levelname": "INFO", "name": "Trainer", "asctime": "2026-04-15 17:06:43,547", "type": "train", "epoch": 8, "batch": 1119, "n_batches": 7774, "time": 0.249, "data_time": 0.001, "lr": 0.001, "loss": -17.158}
{"message": "", "levelname": "INFO", "name": "Trainer", "asctime": "2026-04-15 17:06:45,835", "type": "train", "epoch": 8, "batch": 1199, "n_batches": 7774, "time": 0.225, "data_time": 0.001, "lr": 0.001, "loss": -18.424}
{"message": "", "levelname": "INFO", "name": "Trainer", "asctime": "2026-04-15 17:06:47,827", "type": "train", "epoch": 8, "batch": 1279, "n_batches": 7774, "time": 0.238, "data_time": 0.001, "lr": 0.001, "loss": -19.473}
{"message": "", "levelname": "INFO", "name": "Trainer", "asctime": "2026-04-15 17:06:49,846", "type": "train", "epoch": 8, "batch": 1359, "n_batches": 7774, "time": 0.242, "data_time": 0.001, "lr": 0.001, "loss": -14.574}
{"message": "", "levelname": "INFO", "name": "Trainer", "asctime": "2026-04-15 17:06:51,701", "type": "train", "epoch": 8, "batch": 1439, "n_batches": 7774, "time": 0.146, "data_time": 0.001, "lr": 0.001, "loss": -14.099}
{"message": "", "levelname": "INFO", "name": "Trainer", "asctime": "2026-04-15 17:06:53,654", "type": "train", "epoch": 8, "batch": 1519, "n_batches": 7774, "time": 0.153, "data_time": 0.001, "lr": 0.001, "loss": -14.706}
{"message": "", "levelname": "INFO", "name": "Trainer", "asctime": "2026-04-15 17:06:55,859", "type": "train", "epoch": 8, "batch": 1599, "n_batches": 7774, "time": 0.258, "data_time": 0.001, "lr": 0.001, "loss": -7.188}
{"message": "", "levelname": "INFO", "name": "Trainer", "asctime": "2026-04-15 17:06:57,991", "type": "train", "epoch": 8, "batch": 1679, "n_batches": 7774, "time": 0.188, "data_time": 0.001, "lr": 0.001, "loss": -10.862}
{"message": "", "levelname": "INFO", "name": "Trainer", "asctime": "2026-04-15 17:06:59,940", "type": "train", "epoch": 8, "batch": 1759, "n_batches": 7774, "time": 0.206, "data_time": 0.001, "lr": 0.001, "loss": -16.877}
{"message": "", "levelname": "INFO", "name": "Trainer", "asctime": "2026-04-15 17:07:02,104", "type": "train", "epoch": 8, "batch": 1839, "n_batches": 7774, "time": 0.257, "data_time": 0.001, "lr": 0.001, "loss": -14.756}
{"message": "", "levelname": "INFO", "name": "Trainer", "asctime": "2026-04-15 17:07:04,219", "type": "train", "epoch": 8, "batch": 1919, "n_batches": 7774, "time": 0.182, "data_time": 0.001, "lr": 0.001, "loss": -13.703}
{"message": "", "levelname": "INFO", "name": "Trainer", "asctime": "2026-04-15 17:07:06,645", "type": "train", "epoch": 8, "batch": 1999, "n_batches": 7774, "time": 0.245, "data_time": 0.0, "lr": 0.001, "loss": -3.46}
{"message": "", "levelname": "INFO", "name": "Trainer", "asctime": "2026-04-15 17:07:09,127", "type": "train", "epoch": 8, "batch": 2079, "n_batches": 7774, "time": 0.232, "data_time": 0.001, "lr": 0.001, "loss": -20.111}
{"message": "", "levelname": "INFO", "name": "Trainer", "asctime": "2026-04-15 17:07:11,067", "type": "train", "epoch": 8, "batch": 2159, "n_batches": 7774, "time": 0.158, "data_time": 0.0, "lr": 0.001, "loss": -13.378}
{"message": "", "levelname": "INFO", "name": "Trainer", "asctime": "2026-04-15 17:07:13,003", "type": "train", "epoch": 8, "batch": 2239, "n_batches": 7774, "time": 0.181, "data_time": 0.0, "lr": 0.001, "loss": -13.007}
{"message": "", "levelname": "INFO", "name": "Trainer", "asctime": "2026-04-15 17:07:14,965", "type": "train", "epoch": 8, "batch": 2319, "n_batches": 7774, "time": 0.183, "data_time": 0.001, "lr": 0.001, "loss": -16.363}
{"message": "", "levelname": "INFO", "name": "Trainer", "asctime": "2026-04-15 17:07:17,069", "type": "train", "epoch": 8, "batch": 2399, "n_batches": 7774, "time": 0.222, "data_time": 0.001, "lr": 0.001, "loss": -16.628}
{"message": "", "levelname": "INFO", "name": "Trainer", "asctime": "2026-04-15 17:07:19,213", "type": "train", "epoch": 8, "batch": 2479, "n_batches": 7774, "time": 0.232, "data_time": 0.0, "lr": 0.001, "loss": -14.118}
{"message": "", "levelname": "INFO", "name": "Trainer", "asctime": "2026-04-15 17:07:21,368", "type": "train", "epoch": 8, "batch": 2559, "n_batches": 7774, "time": 0.243, "data_time": 0.001, "lr": 0.001, "loss": -16.902}
{"message": "", "levelname": "INFO", "name": "Trainer", "asctime": "2026-04-15 17:07:24,121", "type": "train", "epoch": 8, "batch": 2639, "n_batches": 7774, "time": 0.249, "data_time": 0.001, "lr": 0.001, "loss": -14.935}
{"message": "", "levelname": "INFO", "name": "Trainer", "asctime": "2026-04-15 17:07:26,263", "type": "train", "epoch": 8, "batch": 2719, "n_batches": 7774, "time": 0.185, "data_time": 0.001, "lr": 0.001, "loss": -19.476}
{"message": "", "levelname": "INFO", "name": "Trainer", "asctime": "2026-04-15 17:07:28,455", "type": "train", "epoch": 8, "batch": 2799, "n_batches": 7774, "time": 0.19, "data_time": 0.001, "lr": 0.001, "loss": -15.172}
{"message": "", "levelname": "INFO", "name": "Trainer", "asctime": "2026-04-15 17:07:30,536", "type": "train", "epoch": 8, "batch": 2879, "n_batches": 7774, "time": 0.224, "data_time": 0.0, "lr": 0.001, "loss": -16.208}
{"message": "", "levelname": "INFO", "name": "Trainer", "asctime": "2026-04-15 17:07:32,626", "type": "train", "epoch": 8, "batch": 2959, "n_batches": 7774, "time": 0.245, "data_time": 0.001, "lr": 0.001, "loss": -12.16}
{"message": "", "levelname": "INFO", "name": "Trainer", "asctime": "2026-04-15 17:07:35,013", "type": "train", "epoch": 8, "batch": 3039, "n_batches": 7774, "time": 0.241, "data_time": 0.001, "lr": 0.001, "loss": -19.165}
{"message": "", "levelname": "INFO", "name": "Trainer", "asctime": "2026-04-15 17:07:37,295", "type": "train", "epoch": 8, "batch": 3119, "n_batches": 7774, "time": 0.249, "data_time": 0.0, "lr": 0.001, "loss": -13.651}
{"message": "", "levelname": "INFO", "name": "Trainer", "asctime": "2026-04-15 17:07:39,437", "type": "train", "epoch": 8, "batch": 3199, "n_batches": 7774, "time": 0.239, "data_time": 0.001, "lr": 0.001, "loss": -17.703}
{"message": "", "levelname": "INFO", "name": "Trainer", "asctime": "2026-04-15 17:07:41,991", "type": "train", "epoch": 8, "batch": 3279, "n_batches": 7774, "time": 0.236, "data_time": 0.001, "lr": 0.001, "loss": -17.705}
{"message": "", "levelname": "INFO", "name": "Trainer", "asctime": "2026-04-15 17:07:44,307", "type": "train", "epoch": 8, "batch": 3359, "n_batches": 7774, "time": 0.157, "data_time": 0.0, "lr": 0.001, "loss": -14.895}
{"message": "", "levelname": "INFO", "name": "Trainer", "asctime": "2026-04-15 17:07:46,478", "type": "train", "epoch": 8, "batch": 3439, "n_batches": 7774, "time": 0.217, "data_time": 0.001, "lr": 0.001, "loss": -14.371}
{"message": "", "levelname": "INFO", "name": "Trainer", "asctime": "2026-04-15 17:07:48,697", "type": "train", "epoch": 8, "batch": 3519, "n_batches": 7774, "time": 0.172, "data_time": 0.001, "lr": 0.001, "loss": -18.281}
{"message": "", "levelname": "INFO", "name": "Trainer", "asctime": "2026-04-15 17:07:50,768", "type": "train", "epoch": 8, "batch": 3599, "n_batches": 7774, "time": 0.231, "data_time": 0.0, "lr": 0.001, "loss": -19.517}
{"message": "", "levelname": "INFO", "name": "Trainer", "asctime": "2026-04-15 17:07:53,094", "type": "train", "epoch": 8, "batch": 3679, "n_batches": 7774, "time": 0.195, "data_time": 0.001, "lr": 0.001, "loss": -20.239}
{"message": "", "levelname": "INFO", "name": "Trainer", "asctime": "2026-04-15 17:07:55,275", "type": "train", "epoch": 8, "batch": 3759, "n_batches": 7774, "time": 0.211, "data_time": 0.001, "lr": 0.001, "loss": -17.23}
{"message": "", "levelname": "INFO", "name": "Trainer", "asctime": "2026-04-15 17:07:57,447", "type": "train", "epoch": 8, "batch": 3839, "n_batches": 7774, "time": 0.207, "data_time": 0.001, "lr": 0.001, "loss": -16.317}
{"message": "", "levelname": "INFO", "name": "Trainer", "asctime": "2026-04-15 17:07:59,680", "type": "train", "epoch": 8, "batch": 3919, "n_batches": 7774, "time": 0.212, "data_time": 0.001, "lr": 0.001, "loss": -12.23}
{"message": "", "levelname": "INFO", "name": "Trainer", "asctime": "2026-04-15 17:08:01,939", "type": "train", "epoch": 8, "batch": 3999, "n_batches": 7774, "time": 0.245, "data_time": 0.001, "lr": 0.001, "loss": -9.024}
{"message": "", "levelname": "INFO", "name": "Trainer", "asctime": "2026-04-15 17:08:04,076", "type": "train", "epoch": 8, "batch": 4079, "n_batches": 7774, "time": 0.228, "data_time": 0.001, "lr": 0.001, "loss": -15.988}
{"message": "", "levelname": "INFO", "name": "Trainer", "asctime": "2026-04-15 17:08:06,393", "type": "train", "epoch": 8, "batch": 4159, "n_batches": 7774, "time": 0.241, "data_time": 0.001, "lr": 0.001, "loss": -11.552}
{"message": "", "levelname": "INFO", "name": "Trainer", "asctime": "2026-04-15 17:08:09,015", "type": "train", "epoch": 8, "batch": 4239, "n_batches": 7774, "time": 0.225, "data_time": 0.001, "lr": 0.001, "loss": -17.004}
{"message": "", "levelname": "INFO", "name": "Trainer", "asctime": "2026-04-15 17:08:11,354", "type": "train", "epoch": 8, "batch": 4319, "n_batches": 7774, "time": 0.159, "data_time": 0.001, "lr": 0.001, "loss": -18.94}
{"message": "", "levelname": "INFO", "name": "Trainer", "asctime": "2026-04-15 17:08:13,682", "type": "train", "epoch": 8, "batch": 4399, "n_batches": 7774, "time": 0.229, "data_time": 0.001, "lr": 0.001, "loss": -15.21}
{"message": "", "levelname": "INFO", "name": "Trainer", "asctime": "2026-04-15 17:08:15,771", "type": "train", "epoch": 8, "batch": 4479, "n_batches": 7774, "time": 0.168, "data_time": 0.001, "lr": 0.001, "loss": -18.446}
{"message": "", "levelname": "INFO", "name": "Trainer", "asctime": "2026-04-15 17:08:18,243", "type": "train", "epoch": 8, "batch": 4559, "n_batches": 7774, "time": 0.299, "data_time": 0.001, "lr": 0.001, "loss": -15.448}
{"message": "", "levelname": "INFO", "name": "Trainer", "asctime": "2026-04-15 17:08:20,713", "type": "train", "epoch": 8, "batch": 4639, "n_batches": 7774, "time": 0.276, "data_time": 0.0, "lr": 0.001, "loss": -12.263}
{"message": "", "levelname": "INFO", "name": "Trainer", "asctime": "2026-04-15 17:08:23,172", "type": "train", "epoch": 8, "batch": 4719, "n_batches": 7774, "time": 0.246, "data_time": 0.0, "lr": 0.001, "loss": -13.33}
{"message": "", "levelname": "INFO", "name": "Trainer", "asctime": "2026-04-15 17:08:25,619", "type": "train", "epoch": 8, "batch": 4799, "n_batches": 7774, "time": 0.16, "data_time": 0.0, "lr": 0.001, "loss": -12.373}
{"message": "", "levelname": "INFO", "name": "Trainer", "asctime": "2026-04-15 17:08:28,372", "type": "train", "epoch": 8, "batch": 4879, "n_batches": 7774, "time": 0.26, "data_time": 0.001, "lr": 0.001, "loss": -19.542}
{"message": "", "levelname": "INFO", "name": "Trainer", "asctime": "2026-04-15 17:08:30,778", "type": "train", "epoch": 8, "batch": 4959, "n_batches": 7774, "time": 0.266, "data_time": 0.001, "lr": 0.001, "loss": -21.266}
{"message": "", "levelname": "INFO", "name": "Trainer", "asctime": "2026-04-15 17:08:33,264", "type": "train", "epoch": 8, "batch": 5039, "n_batches": 7774, "time": 0.235, "data_time": 0.001, "lr": 0.001, "loss": -14.823}
{"message": "", "levelname": "INFO", "name": "Trainer", "asctime": "2026-04-15 17:08:35,549", "type": "train", "epoch": 8, "batch": 5119, "n_batches": 7774, "time": 0.158, "data_time": 0.0, "lr": 0.001, "loss": -20.004}
{"message": "", "levelname": "INFO", "name": "Trainer", "asctime": "2026-04-15 17:08:37,814", "type": "train", "epoch": 8, "batch": 5199, "n_batches": 7774, "time": 0.146, "data_time": 0.001, "lr": 0.001, "loss": -10.945}
{"message": "", "levelname": "INFO", "name": "Trainer", "asctime": "2026-04-15 17:08:39,955", "type": "train", "epoch": 8, "batch": 5279, "n_batches": 7774, "time": 0.211, "data_time": 0.0, "lr": 0.001, "loss": -14.803}
{"message": "", "levelname": "INFO", "name": "Trainer", "asctime": "2026-04-15 17:08:42,265", "type": "train", "epoch": 8, "batch": 5359, "n_batches": 7774, "time": 0.201, "data_time": 0.0, "lr": 0.001, "loss": -18.711}
{"message": "", "levelname": "INFO", "name": "Trainer", "asctime": "2026-04-15 17:08:44,438", "type": "train", "epoch": 8, "batch": 5439, "n_batches": 7774, "time": 0.219, "data_time": 0.001, "lr": 0.001, "loss": -14.796}
{"message": "", "levelname": "INFO", "name": "Trainer", "asctime": "2026-04-15 17:08:46,726", "type": "train", "epoch": 8, "batch": 5519, "n_batches": 7774, "time": 0.202, "data_time": 0.001, "lr": 0.001, "loss": -10.717}
{"message": "", "levelname": "INFO", "name": "Trainer", "asctime": "2026-04-15 17:08:48,866", "type": "train", "epoch": 8, "batch": 5599, "n_batches": 7774, "time": 0.275, "data_time": 0.001, "lr": 0.001, "loss": -11.598}
{"message": "", "levelname": "INFO", "name": "Trainer", "asctime": "2026-04-15 17:08:51,529", "type": "train", "epoch": 8, "batch": 5679, "n_batches": 7774, "time": 0.228, "data_time": 0.001, "lr": 0.001, "loss": -12.538}
{"message": "", "levelname": "INFO", "name": "Trainer", "asctime": "2026-04-15 17:08:53,963", "type": "train", "epoch": 8, "batch": 5759, "n_batches": 7774, "time": 0.27, "data_time": 0.001, "lr": 0.001, "loss": -14.789}
{"message": "", "levelname": "INFO", "name": "Trainer", "asctime": "2026-04-15 17:08:56,271", "type": "train", "epoch": 8, "batch": 5839, "n_batches": 7774, "time": 0.2, "data_time": 0.001, "lr": 0.001, "loss": -9.541}
{"message": "", "levelname": "INFO", "name": "Trainer", "asctime": "2026-04-15 17:08:58,516", "type": "train", "epoch": 8, "batch": 5919, "n_batches": 7774, "time": 0.207, "data_time": 0.0, "lr": 0.001, "loss": -13.537}
{"message": "", "levelname": "INFO", "name": "Trainer", "asctime": "2026-04-15 17:09:00,826", "type": "train", "epoch": 8, "batch": 5999, "n_batches": 7774, "time": 0.232, "data_time": 0.001, "lr": 0.001, "loss": -17.787}
{"message": "", "levelname": "INFO", "name": "Trainer", "asctime": "2026-04-15 17:09:02,961", "type": "train", "epoch": 8, "batch": 6079, "n_batches": 7774, "time": 0.147, "data_time": 0.001, "lr": 0.001, "loss": -10.635}
{"message": "", "levelname": "INFO", "name": "Trainer", "asctime": "2026-04-15 17:09:05,154", "type": "train", "epoch": 8, "batch": 6159, "n_batches": 7774, "time": 0.241, "data_time": 0.001, "lr": 0.001, "loss": -13.973}
{"message": "", "levelname": "INFO", "name": "Trainer", "asctime": "2026-04-15 17:09:07,417", "type": "train", "epoch": 8, "batch": 6239, "n_batches": 7774, "time": 0.275, "data_time": 0.001, "lr": 0.001, "loss": -17.494}
{"message": "", "levelname": "INFO", "name": "Trainer", "asctime": "2026-04-15 17:09:09,614", "type": "train", "epoch": 8, "batch": 6319, "n_batches": 7774, "time": 0.211, "data_time": 0.0, "lr": 0.001, "loss": -7.647}
{"message": "", "levelname": "INFO", "name": "Trainer", "asctime": "2026-04-15 17:09:12,110", "type": "train", "epoch": 8, "batch": 6399, "n_batches": 7774, "time": 0.269, "data_time": 0.001, "lr": 0.001, "loss": -18.702}
{"message": "", "levelname": "INFO", "name": "Trainer", "asctime": "2026-04-15 17:09:14,299", "type": "train", "epoch": 8, "batch": 6479, "n_batches": 7774, "time": 0.193, "data_time": 0.001, "lr": 0.001, "loss": -16.532}
{"message": "", "levelname": "INFO", "name": "Trainer", "asctime": "2026-04-15 17:09:16,577", "type": "train", "epoch": 8, "batch": 6559, "n_batches": 7774, "time": 0.291, "data_time": 0.001, "lr": 0.001, "loss": -15.006}
{"message": "", "levelname": "INFO", "name": "Trainer", "asctime": "2026-04-15 17:09:18,984", "type": "train", "epoch": 8, "batch": 6639, "n_batches": 7774, "time": 0.234, "data_time": 0.001, "lr": 0.001, "loss": -19.613}
{"message": "", "levelname": "INFO", "name": "Trainer", "asctime": "2026-04-15 17:09:21,262", "type": "train", "epoch": 8, "batch": 6719, "n_batches": 7774, "time": 0.205, "data_time": 0.001, "lr": 0.001, "loss": -13.566}
{"message": "", "levelname": "INFO", "name": "Trainer", "asctime": "2026-04-15 17:09:23,604", "type": "train", "epoch": 8, "batch": 6799, "n_batches": 7774, "time": 0.312, "data_time": 0.001, "lr": 0.001, "loss": -14.09}
{"message": "", "levelname": "INFO", "name": "Trainer", "asctime": "2026-04-15 17:09:26,190", "type": "train", "epoch": 8, "batch": 6879, "n_batches": 7774, "time": 0.249, "data_time": 0.001, "lr": 0.001, "loss": -14.804}
{"message": "", "levelname": "INFO", "name": "Trainer", "asctime": "2026-04-15 17:09:28,557", "type": "train", "epoch": 8, "batch": 6959, "n_batches": 7774, "time": 0.23, "data_time": 0.001, "lr": 0.001, "loss": -13.824}
{"message": "", "levelname": "INFO", "name": "Trainer", "asctime": "2026-04-15 17:09:30,857", "type": "train", "epoch": 8, "batch": 7039, "n_batches": 7774, "time": 0.258, "data_time": 0.001, "lr": 0.001, "loss": -9.172}
{"message": "", "levelname": "INFO", "name": "Trainer", "asctime": "2026-04-15 17:09:32,979", "type": "train", "epoch": 8, "batch": 7119, "n_batches": 7774, "time": 0.217, "data_time": 0.001, "lr": 0.001, "loss": -11.479}
{"message": "", "levelname": "INFO", "name": "Trainer", "asctime": "2026-04-15 17:09:35,530", "type": "train", "epoch": 8, "batch": 7199, "n_batches": 7774, "time": 0.193, "data_time": 0.0, "lr": 0.001, "loss": -17.089}
{"message": "", "levelname": "INFO", "name": "Trainer", "asctime": "2026-04-15 17:09:37,876", "type": "train", "epoch": 8, "batch": 7279, "n_batches": 7774, "time": 0.401, "data_time": 0.0, "lr": 0.001, "loss": -15.539}
{"message": "", "levelname": "INFO", "name": "Trainer", "asctime": "2026-04-15 17:09:40,560", "type": "train", "epoch": 8, "batch": 7359, "n_batches": 7774, "time": 0.259, "data_time": 0.001, "lr": 0.001, "loss": -18.206}
{"message": "", "levelname": "INFO", "name": "Trainer", "asctime": "2026-04-15 17:09:43,608", "type": "train", "epoch": 8, "batch": 7439, "n_batches": 7774, "time": 0.525, "data_time": 0.001, "lr": 0.001, "loss": -15.446}
{"message": "", "levelname": "INFO", "name": "Trainer", "asctime": "2026-04-15 17:09:47,176", "type": "train", "epoch": 8, "batch": 7519, "n_batches": 7774, "time": 0.327, "data_time": 0.0, "lr": 0.001, "loss": -15.019}
{"message": "", "levelname": "INFO", "name": "Trainer", "asctime": "2026-04-15 17:09:50,589", "type": "train", "epoch": 8, "batch": 7599, "n_batches": 7774, "time": 0.341, "data_time": 0.001, "lr": 0.001, "loss": -7.824}
{"message": "", "levelname": "INFO", "name": "Trainer", "asctime": "2026-04-15 17:09:54,196", "type": "train", "epoch": 8, "batch": 7679, "n_batches": 7774, "time": 0.307, "data_time": 0.001, "lr": 0.001, "loss": -11.48}
{"message": "", "levelname": "INFO", "name": "Trainer", "asctime": "2026-04-15 17:09:57,303", "type": "train", "epoch": 8, "batch": 7759, "n_batches": 7774, "time": 0.355, "data_time": 0.001, "lr": 0.001, "loss": -15.697}
{"message": "", "levelname": "INFO", "name": "Trainer", "asctime": "2026-04-15 17:09:57,935", "type": "train-epoch", "epoch": 9, "loss": -1.8969, "time": 222.1}
{"message": "", "levelname": "INFO", "name": "Trainer", "asctime": "2026-04-15 17:11:28,235", "type": "val-epoch", "epoch": 9, "loss": -2.005, "test_loss": -2.005, "time": 90.3}
{"message": "", "levelname": "INFO", "name": "Trainer", "asctime": "2026-04-15 17:11:34,255", "type": "train", "epoch": 9, "batch": 79, "n_batches": 7774, "time": 0.285, "data_time": 0.001, "lr": 0.001, "loss": -19.96}
{"message": "", "levelname": "INFO", "name": "Trainer", "asctime": "2026-04-15 17:11:37,519", "type": "train", "epoch": 9, "batch": 159, "n_batches": 7774, "time": 0.377, "data_time": 0.0, "lr": 0.001, "loss": -16.032}
{"message": "", "levelname": "INFO", "name": "Trainer", "asctime": "2026-04-15 17:11:44,315", "type": "train", "epoch": 9, "batch": 239, "n_batches": 7774, "time": 1.329, "data_time": 0.003, "lr": 0.001, "loss": -19.67}
{"message": "", "levelname": "INFO", "name": "Trainer", "asctime": "2026-04-15 17:11:52,046", "type": "train", "epoch": 9, "batch": 319, "n_batches": 7774, "time": 0.676, "data_time": 0.001, "lr": 0.001, "loss": -12.857}
{"message": "", "levelname": "INFO", "name": "Trainer", "asctime": "2026-04-15 17:11:58,122", "type": "train", "epoch": 9, "batch": 399, "n_batches": 7774, "time": 0.352, "data_time": 0.001, "lr": 0.001, "loss": -17.1}
{"message": "", "levelname": "INFO", "name": "Trainer", "asctime": "2026-04-15 17:12:01,352", "type": "train", "epoch": 9, "batch": 479, "n_batches": 7774, "time": 0.247, "data_time": 0.0, "lr": 0.001, "loss": -15.124}
{"message": "", "levelname": "INFO", "name": "Trainer", "asctime": "2026-04-15 17:12:03,656", "type": "train", "epoch": 9, "batch": 559, "n_batches": 7774, "time": 0.215, "data_time": 0.0, "lr": 0.001, "loss": -18.729}
{"message": "", "levelname": "INFO", "name": "Trainer", "asctime": "2026-04-15 17:12:05,998", "type": "train", "epoch": 9, "batch": 639, "n_batches": 7774, "time": 0.225, "data_time": 0.001, "lr": 0.001, "loss": -16.001}
{"message": "", "levelname": "INFO", "name": "Trainer", "asctime": "2026-04-15 17:12:08,419", "type": "train", "epoch": 9, "batch": 719, "n_batches": 7774, "time": 0.221, "data_time": 0.001, "lr": 0.001, "loss": -12.011}
{"message": "", "levelname": "INFO", "name": "Trainer", "asctime": "2026-04-15 17:12:10,834", "type": "train", "epoch": 9, "batch": 799, "n_batches": 7774, "time": 0.251, "data_time": 0.0, "lr": 0.001, "loss": -16.893}
{"message": "", "levelname": "INFO", "name": "Trainer", "asctime": "2026-04-15 17:12:13,522", "type": "train", "epoch": 9, "batch": 879, "n_batches": 7774, "time": 0.249, "data_time": 0.001, "lr": 0.001, "loss": -14.197}
{"message": "", "levelname": "INFO", "name": "Trainer", "asctime": "2026-04-15 17:12:16,048", "type": "train", "epoch": 9, "batch": 959, "n_batches": 7774, "time": 0.249, "data_time": 0.001, "lr": 0.001, "loss": -17.131}
{"message": "", "levelname": "INFO", "name": "Trainer", "asctime": "2026-04-15 17:12:18,447", "type": "train", "epoch": 9, "batch": 1039, "n_batches": 7774, "time": 0.242, "data_time": 0.0, "lr": 0.001, "loss": -19.098}
{"message": "", "levelname": "INFO", "name": "Trainer", "asctime": "2026-04-15 17:12:21,065", "type": "train", "epoch": 9, "batch": 1119, "n_batches": 7774, "time": 0.189, "data_time": 0.001, "lr": 0.001, "loss": -12.076}
{"message": "", "levelname": "INFO", "name": "Trainer", "asctime": "2026-04-15 17:12:23,032", "type": "train", "epoch": 9, "batch": 1199, "n_batches": 7774, "time": 0.195, "data_time": 0.001, "lr": 0.001, "loss": -19.717}
{"message": "", "levelname": "INFO", "name": "Trainer", "asctime": "2026-04-15 17:12:25,230", "type": "train", "epoch": 9, "batch": 1279, "n_batches": 7774, "time": 0.178, "data_time": 0.0, "lr": 0.001, "loss": -18.984}
{"message": "", "levelname": "INFO", "name": "Trainer", "asctime": "2026-04-15 17:12:27,078", "type": "train", "epoch": 9, "batch": 1359, "n_batches": 7774, "time": 0.19, "data_time": 0.0, "lr": 0.001, "loss": -15.373}
{"message": "", "levelname": "INFO", "name": "Trainer", "asctime": "2026-04-15 17:12:28,857", "type": "train", "epoch": 9, "batch": 1439, "n_batches": 7774, "time": 0.159, "data_time": 0.0, "lr": 0.001, "loss": -19.307}
{"message": "", "levelname": "INFO", "name": "Trainer", "asctime": "2026-04-15 17:12:30,977", "type": "train", "epoch": 9, "batch": 1519, "n_batches": 7774, "time": 0.17, "data_time": 0.0, "lr": 0.001, "loss": -9.351}
{"message": "", "levelname": "INFO", "name": "Trainer", "asctime": "2026-04-15 17:12:33,097", "type": "train", "epoch": 9, "batch": 1599, "n_batches": 7774, "time": 0.245, "data_time": 0.0, "lr": 0.001, "loss": -16.548}
{"message": "", "levelname": "INFO", "name": "Trainer", "asctime": "2026-04-15 17:12:35,169", "type": "train", "epoch": 9, "batch": 1679, "n_batches": 7774, "time": 0.169, "data_time": 0.0, "lr": 0.001, "loss": -17.227}
{"message": "", "levelname": "INFO", "name": "Trainer", "asctime": "2026-04-15 17:12:37,466", "type": "train", "epoch": 9, "batch": 1759, "n_batches": 7774, "time": 0.383, "data_time": 0.001, "lr": 0.001, "loss": -10.993}
{"message": "", "levelname": "INFO", "name": "Trainer", "asctime": "2026-04-15 17:12:39,421", "type": "train", "epoch": 9, "batch": 1839, "n_batches": 7774, "time": 0.171, "data_time": 0.001, "lr": 0.001, "loss": -16.178}
{"message": "", "levelname": "INFO", "name": "Trainer", "asctime": "2026-04-15 17:12:41,264", "type": "train", "epoch": 9, "batch": 1919, "n_batches": 7774, "time": 0.182, "data_time": 0.001, "lr": 0.001, "loss": -16.585}
{"message": "", "levelname": "INFO", "name": "Trainer", "asctime": "2026-04-15 17:12:43,164", "type": "train", "epoch": 9, "batch": 1999, "n_batches": 7774, "time": 0.197, "data_time": 0.0, "lr": 0.001, "loss": -20.426}
{"message": "", "levelname": "INFO", "name": "Trainer", "asctime": "2026-04-15 17:12:45,225", "type": "train", "epoch": 9, "batch": 2079, "n_batches": 7774, "time": 0.196, "data_time": 0.0, "lr": 0.001, "loss": -12.996}
{"message": "", "levelname": "INFO", "name": "Trainer", "asctime": "2026-04-15 17:12:47,032", "type": "train", "epoch": 9, "batch": 2159, "n_batches": 7774, "time": 0.146, "data_time": 0.001, "lr": 0.001, "loss": -9.928}
{"message": "", "levelname": "INFO", "name": "Trainer", "asctime": "2026-04-15 17:12:48,895", "type": "train", "epoch": 9, "batch": 2239, "n_batches": 7774, "time": 0.2, "data_time": 0.001, "lr": 0.001, "loss": -17.671}
{"message": "", "levelname": "INFO", "name": "Trainer", "asctime": "2026-04-15 17:12:50,812", "type": "train", "epoch": 9, "batch": 2319, "n_batches": 7774, "time": 0.185, "data_time": 0.0, "lr": 0.001, "loss": -18.118}
{"message": "", "levelname": "INFO", "name": "Trainer", "asctime": "2026-04-15 17:12:52,827", "type": "train", "epoch": 9, "batch": 2399, "n_batches": 7774, "time": 0.284, "data_time": 0.001, "lr": 0.001, "loss": -17.621}
{"message": "", "levelname": "INFO", "name": "Trainer", "asctime": "2026-04-15 17:12:55,200", "type": "train", "epoch": 9, "batch": 2479, "n_batches": 7774, "time": 0.21, "data_time": 0.0, "lr": 0.001, "loss": -15.251}
{"message": "", "levelname": "INFO", "name": "Trainer", "asctime": "2026-04-15 17:12:57,370", "type": "train", "epoch": 9, "batch": 2559, "n_batches": 7774, "time": 0.237, "data_time": 0.001, "lr": 0.001, "loss": -13.564}
{"message": "", "levelname": "INFO", "name": "Trainer", "asctime": "2026-04-15 17:12:59,791", "type": "train", "epoch": 9, "batch": 2639, "n_batches": 7774, "time": 0.265, "data_time": 0.001, "lr": 0.001, "loss": -12.862}
{"message": "", "levelname": "INFO", "name": "Trainer", "asctime": "2026-04-15 17:13:03,057", "type": "train", "epoch": 9, "batch": 2719, "n_batches": 7774, "time": 0.33, "data_time": 0.0, "lr": 0.001, "loss": -21.308}
{"message": "", "levelname": "INFO", "name": "Trainer", "asctime": "2026-04-15 17:13:06,011", "type": "train", "epoch": 9, "batch": 2799, "n_batches": 7774, "time": 0.332, "data_time": 0.001, "lr": 0.001, "loss": -18.344}
{"message": "", "levelname": "INFO", "name": "Trainer", "asctime": "2026-04-15 17:13:09,089", "type": "train", "epoch": 9, "batch": 2879, "n_batches": 7774, "time": 0.291, "data_time": 0.001, "lr": 0.001, "loss": -14.761}
{"message": "", "levelname": "INFO", "name": "Trainer", "asctime": "2026-04-15 17:13:12,431", "type": "train", "epoch": 9, "batch": 2959, "n_batches": 7774, "time": 0.249, "data_time": 0.001, "lr": 0.001, "loss": -15.416}
{"message": "", "levelname": "INFO", "name": "Trainer", "asctime": "2026-04-15 17:13:15,694", "type": "train", "epoch": 9, "batch": 3039, "n_batches": 7774, "time": 0.362, "data_time": 0.0, "lr": 0.001, "loss": -21.013}
{"message": "", "levelname": "INFO", "name": "Trainer", "asctime": "2026-04-15 17:13:18,957", "type": "train", "epoch": 9, "batch": 3119, "n_batches": 7774, "time": 0.315, "data_time": 0.0, "lr": 0.001, "loss": -20.485}
{"message": "", "levelname": "INFO", "name": "Trainer", "asctime": "2026-04-15 17:13:22,180", "type": "train", "epoch": 9, "batch": 3199, "n_batches": 7774, "time": 0.481, "data_time": 0.0, "lr": 0.001, "loss": -18.465}
{"message": "", "levelname": "INFO", "name": "Trainer", "asctime": "2026-04-15 17:13:25,496", "type": "train", "epoch": 9, "batch": 3279, "n_batches": 7774, "time": 0.321, "data_time": 0.001, "lr": 0.001, "loss": -18.647}
{"message": "", "levelname": "INFO", "name": "Trainer", "asctime": "2026-04-15 17:13:28,662", "type": "train", "epoch": 9, "batch": 3359, "n_batches": 7774, "time": 0.238, "data_time": 0.001, "lr": 0.001, "loss": -16.309}
{"message": "", "levelname": "INFO", "name": "Trainer", "asctime": "2026-04-15 17:13:32,042", "type": "train", "epoch": 9, "batch": 3439, "n_batches": 7774, "time": 0.421, "data_time": 0.001, "lr": 0.001, "loss": -17.213}
{"message": "", "levelname": "INFO", "name": "Trainer", "asctime": "2026-04-15 17:13:35,121", "type": "train", "epoch": 9, "batch": 3519, "n_batches": 7774, "time": 0.287, "data_time": 0.002, "lr": 0.001, "loss": -12.76}
{"message": "", "levelname": "INFO", "name": "Trainer", "asctime": "2026-04-15 17:13:38,155", "type": "train", "epoch": 9, "batch": 3599, "n_batches": 7774, "time": 0.307, "data_time": 0.0, "lr": 0.001, "loss": -18.44}
{"message": "", "levelname": "INFO", "name": "Trainer", "asctime": "2026-04-15 17:13:41,120", "type": "train", "epoch": 9, "batch": 3679, "n_batches": 7774, "time": 0.307, "data_time": 0.001, "lr": 0.001, "loss": -21.135}
{"message": "", "levelname": "INFO", "name": "Trainer", "asctime": "2026-04-15 17:13:44,379", "type": "train", "epoch": 9, "batch": 3759, "n_batches": 7774, "time": 0.331, "data_time": 0.001, "lr": 0.001, "loss": -11.716}
{"message": "", "levelname": "INFO", "name": "Trainer", "asctime": "2026-04-15 17:13:48,495", "type": "train", "epoch": 9, "batch": 3839, "n_batches": 7774, "time": 0.701, "data_time": 0.001, "lr": 0.001, "loss": -15.269}
{"message": "", "levelname": "INFO", "name": "Trainer", "asctime": "2026-04-15 17:13:53,144", "type": "train", "epoch": 9, "batch": 3919, "n_batches": 7774, "time": 0.386, "data_time": 0.0, "lr": 0.001, "loss": -14.301}
{"message": "", "levelname": "INFO", "name": "Trainer", "asctime": "2026-04-15 17:13:57,708", "type": "train", "epoch": 9, "batch": 3999, "n_batches": 7774, "time": 0.526, "data_time": 0.001, "lr": 0.001, "loss": -15.037}
{"message": "", "levelname": "INFO", "name": "Trainer", "asctime": "2026-04-15 17:14:02,183", "type": "train", "epoch": 9, "batch": 4079, "n_batches": 7774, "time": 0.366, "data_time": 0.001, "lr": 0.001, "loss": -14.509}
{"message": "", "levelname": "INFO", "name": "Trainer", "asctime": "2026-04-15 17:14:05,167", "type": "train", "epoch": 9, "batch": 4159, "n_batches": 7774, "time": 0.287, "data_time": 0.001, "lr": 0.001, "loss": -16.398}
{"message": "", "levelname": "INFO", "name": "Trainer", "asctime": "2026-04-15 17:14:08,522", "type": "train", "epoch": 9, "batch": 4239, "n_batches": 7774, "time": 0.273, "data_time": 0.001, "lr": 0.001, "loss": -17.354}
{"message": "", "levelname": "INFO", "name": "Trainer", "asctime": "2026-04-15 17:14:11,508", "type": "train", "epoch": 9, "batch": 4319, "n_batches": 7774, "time": 0.32, "data_time": 0.0, "lr": 0.001, "loss": -15.196}
{"message": "", "levelname": "INFO", "name": "Trainer", "asctime": "2026-04-15 17:14:14,813", "type": "train", "epoch": 9, "batch": 4399, "n_batches": 7774, "time": 0.301, "data_time": 0.001, "lr": 0.001, "loss": -15.213}
{"message": "", "levelname": "INFO", "name": "Trainer", "asctime": "2026-04-15 17:14:17,857", "type": "train", "epoch": 9, "batch": 4479, "n_batches": 7774, "time": 0.25, "data_time": 0.001, "lr": 0.001, "loss": -11.718}
{"message": "", "levelname": "INFO", "name": "Trainer", "asctime": "2026-04-15 17:14:20,696", "type": "train", "epoch": 9, "batch": 4559, "n_batches": 7774, "time": 0.298, "data_time": 0.001, "lr": 0.001, "loss": -12.955}
{"message": "", "levelname": "INFO", "name": "Trainer", "asctime": "2026-04-15 17:14:24,610", "type": "train", "epoch": 9, "batch": 4639, "n_batches": 7774, "time": 0.278, "data_time": 0.002, "lr": 0.001, "loss": -18.25}
{"message": "", "levelname": "INFO", "name": "Trainer", "asctime": "2026-04-15 17:14:27,523", "type": "train", "epoch": 9, "batch": 4719, "n_batches": 7774, "time": 0.434, "data_time": 0.001, "lr": 0.001, "loss": -20.794}
{"message": "", "levelname": "INFO", "name": "Trainer", "asctime": "2026-04-15 17:14:31,747", "type": "train", "epoch": 9, "batch": 4799, "n_batches": 7774, "time": 0.375, "data_time": 0.001, "lr": 0.001, "loss": -11.035}
{"message": "", "levelname": "INFO", "name": "Trainer", "asctime": "2026-04-15 17:14:37,878", "type": "train", "epoch": 9, "batch": 4879, "n_batches": 7774, "time": 0.777, "data_time": 0.001, "lr": 0.001, "loss": -15.267}
{"message": "", "levelname": "INFO", "name": "Trainer", "asctime": "2026-04-15 17:14:44,308", "type": "train", "epoch": 9, "batch": 4959, "n_batches": 7774, "time": 0.542, "data_time": 0.001, "lr": 0.001, "loss": -13.019}
{"message": "", "levelname": "INFO", "name": "Trainer", "asctime": "2026-04-15 17:14:50,565", "type": "train", "epoch": 9, "batch": 5039, "n_batches": 7774, "time": 0.427, "data_time": 0.001, "lr": 0.001, "loss": -19.579}
{"message": "", "levelname": "INFO", "name": "Trainer", "asctime": "2026-04-15 17:14:54,242", "type": "train", "epoch": 9, "batch": 5119, "n_batches": 7774, "time": 0.58, "data_time": 0.0, "lr": 0.001, "loss": -16.855}
{"message": "", "levelname": "INFO", "name": "Trainer", "asctime": "2026-04-15 17:14:58,301", "type": "train", "epoch": 9, "batch": 5199, "n_batches": 7774, "time": 0.414, "data_time": 0.001, "lr": 0.001, "loss": -12.036}
{"message": "", "levelname": "INFO", "name": "Trainer", "asctime": "2026-04-15 17:15:04,423", "type": "train", "epoch": 9, "batch": 5279, "n_batches": 7774, "time": 0.441, "data_time": 0.001, "lr": 0.001, "loss": -13.215}
{"message": "", "levelname": "INFO", "name": "Trainer", "asctime": "2026-04-15 17:15:08,267", "type": "train", "epoch": 9, "batch": 5359, "n_batches": 7774, "time": 0.381, "data_time": 0.001, "lr": 0.001, "loss": -13.705}
{"message": "", "levelname": "INFO", "name": "Trainer", "asctime": "2026-04-15 17:15:11,349", "type": "train", "epoch": 9, "batch": 5439, "n_batches": 7774, "time": 0.415, "data_time": 0.001, "lr": 0.001, "loss": -16.469}
{"message": "", "levelname": "INFO", "name": "Trainer", "asctime": "2026-04-15 17:15:16,403", "type": "train", "epoch": 9, "batch": 5519, "n_batches": 7774, "time": 0.498, "data_time": 0.001, "lr": 0.001, "loss": -16.161}
{"message": "", "levelname": "INFO", "name": "Trainer", "asctime": "2026-04-15 17:15:20,699", "type": "train", "epoch": 9, "batch": 5599, "n_batches": 7774, "time": 0.408, "data_time": 0.0, "lr": 0.001, "loss": -20.745}
{"message": "", "levelname": "INFO", "name": "Trainer", "asctime": "2026-04-15 17:15:24,034", "type": "train", "epoch": 9, "batch": 5679, "n_batches": 7774, "time": 0.461, "data_time": 0.001, "lr": 0.001, "loss": -18.511}
{"message": "", "levelname": "INFO", "name": "Trainer", "asctime": "2026-04-15 17:15:27,716", "type": "train", "epoch": 9, "batch": 5759, "n_batches": 7774, "time": 0.338, "data_time": 0.001, "lr": 0.001, "loss": -14.214}
{"message": "", "levelname": "INFO", "name": "Trainer", "asctime": "2026-04-15 17:15:31,397", "type": "train", "epoch": 9, "batch": 5839, "n_batches": 7774, "time": 0.573, "data_time": 0.001, "lr": 0.001, "loss": -13.838}
{"message": "", "levelname": "INFO", "name": "Trainer", "asctime": "2026-04-15 17:15:35,268", "type": "train", "epoch": 9, "batch": 5919, "n_batches": 7774, "time": 0.576, "data_time": 0.002, "lr": 0.001, "loss": -17.524}
{"message": "", "levelname": "INFO", "name": "Trainer", "asctime": "2026-04-15 17:15:39,156", "type": "train", "epoch": 9, "batch": 5999, "n_batches": 7774, "time": 0.237, "data_time": 0.001, "lr": 0.001, "loss": -13.567}
{"message": "", "levelname": "INFO", "name": "Trainer", "asctime": "2026-04-15 17:15:43,035", "type": "train", "epoch": 9, "batch": 6079, "n_batches": 7774, "time": 0.241, "data_time": 0.001, "lr": 0.001, "loss": -19.595}
{"message": "", "levelname": "INFO", "name": "Trainer", "asctime": "2026-04-15 17:15:46,923", "type": "train", "epoch": 9, "batch": 6159, "n_batches": 7774, "time": 0.44, "data_time": 0.002, "lr": 0.001, "loss": -11.626}
{"message": "", "levelname": "INFO", "name": "Trainer", "asctime": "2026-04-15 17:15:50,922", "type": "train", "epoch": 9, "batch": 6239, "n_batches": 7774, "time": 0.338, "data_time": 0.001, "lr": 0.001, "loss": -13.929}
{"message": "", "levelname": "INFO", "name": "Trainer", "asctime": "2026-04-15 17:15:54,867", "type": "train", "epoch": 9, "batch": 6319, "n_batches": 7774, "time": 0.462, "data_time": 0.001, "lr": 0.001, "loss": -15.813}
{"message": "", "levelname": "INFO", "name": "Trainer", "asctime": "2026-04-15 17:15:58,907", "type": "train", "epoch": 9, "batch": 6399, "n_batches": 7774, "time": 0.334, "data_time": 0.0, "lr": 0.001, "loss": -15.974}
{"message": "", "levelname": "INFO", "name": "Trainer", "asctime": "2026-04-15 17:16:02,466", "type": "train", "epoch": 9, "batch": 6479, "n_batches": 7774, "time": 0.426, "data_time": 0.0, "lr": 0.001, "loss": -18.426}
{"message": "", "levelname": "INFO", "name": "Trainer", "asctime": "2026-04-15 17:16:06,834", "type": "train", "epoch": 9, "batch": 6559, "n_batches": 7774, "time": 0.363, "data_time": 0.001, "lr": 0.001, "loss": -18.979}
{"message": "", "levelname": "INFO", "name": "Trainer", "asctime": "2026-04-15 17:16:10,721", "type": "train", "epoch": 9, "batch": 6639, "n_batches": 7774, "time": 0.404, "data_time": 0.0, "lr": 0.001, "loss": -11.169}
{"message": "", "levelname": "INFO", "name": "Trainer", "asctime": "2026-04-15 17:16:14,786", "type": "train", "epoch": 9, "batch": 6719, "n_batches": 7774, "time": 0.406, "data_time": 0.002, "lr": 0.001, "loss": -21.13}
{"message": "", "levelname": "INFO", "name": "Trainer", "asctime": "2026-04-15 17:16:18,714", "type": "train", "epoch": 9, "batch": 6799, "n_batches": 7774, "time": 0.269, "data_time": 0.001, "lr": 0.001, "loss": -14.693}
{"message": "", "levelname": "INFO", "name": "Trainer", "asctime": "2026-04-15 17:16:22,869", "type": "train", "epoch": 9, "batch": 6879, "n_batches": 7774, "time": 0.347, "data_time": 0.001, "lr": 0.001, "loss": -19.509}
{"message": "", "levelname": "INFO", "name": "Trainer", "asctime": "2026-04-15 17:16:27,019", "type": "train", "epoch": 9, "batch": 6959, "n_batches": 7774, "time": 0.379, "data_time": 0.001, "lr": 0.001, "loss": -12.568}
{"message": "", "levelname": "INFO", "name": "Trainer", "asctime": "2026-04-15 17:16:32,360", "type": "train", "epoch": 9, "batch": 7039, "n_batches": 7774, "time": 0.421, "data_time": 0.001, "lr": 0.001, "loss": -15.043}
{"message": "", "levelname": "INFO", "name": "Trainer", "asctime": "2026-04-15 17:16:36,903", "type": "train", "epoch": 9, "batch": 7119, "n_batches": 7774, "time": 0.475, "data_time": 0.0, "lr": 0.001, "loss": -16.402}
{"message": "", "levelname": "INFO", "name": "Trainer", "asctime": "2026-04-15 17:16:40,526", "type": "train", "epoch": 9, "batch": 7199, "n_batches": 7774, "time": 0.319, "data_time": 0.001, "lr": 0.001, "loss": -12.543}
{"message": "", "levelname": "INFO", "name": "Trainer", "asctime": "2026-04-15 17:16:43,530", "type": "train", "epoch": 9, "batch": 7279, "n_batches": 7774, "time": 0.306, "data_time": 0.001, "lr": 0.001, "loss": -14.515}
{"message": "", "levelname": "INFO", "name": "Trainer", "asctime": "2026-04-15 17:16:47,219", "type": "train", "epoch": 9, "batch": 7359, "n_batches": 7774, "time": 0.234, "data_time": 0.001, "lr": 0.001, "loss": -20.39}
{"message": "", "levelname": "INFO", "name": "Trainer", "asctime": "2026-04-15 17:16:50,301", "type": "train", "epoch": 9, "batch": 7439, "n_batches": 7774, "time": 0.341, "data_time": 0.0, "lr": 0.001, "loss": -9.47}
{"message": "", "levelname": "INFO", "name": "Trainer", "asctime": "2026-04-15 17:16:53,665", "type": "train", "epoch": 9, "batch": 7519, "n_batches": 7774, "time": 0.427, "data_time": 0.001, "lr": 0.001, "loss": -18.258}
{"message": "", "levelname": "INFO", "name": "Trainer", "asctime": "2026-04-15 17:16:57,078", "type": "train", "epoch": 9, "batch": 7599, "n_batches": 7774, "time": 0.262, "data_time": 0.001, "lr": 0.001, "loss": -14.385}
{"message": "", "levelname": "INFO", "name": "Trainer", "asctime": "2026-04-15 17:17:00,521", "type": "train", "epoch": 9, "batch": 7679, "n_batches": 7774, "time": 0.354, "data_time": 0.001, "lr": 0.001, "loss": -18.225}
{"message": "", "levelname": "INFO", "name": "Trainer", "asctime": "2026-04-15 17:17:03,745", "type": "train", "epoch": 9, "batch": 7759, "n_batches": 7774, "time": 0.36, "data_time": 0.001, "lr": 0.001, "loss": -14.883}
{"message": "", "levelname": "INFO", "name": "Trainer", "asctime": "2026-04-15 17:17:04,271", "type": "train-epoch", "epoch": 10, "loss": -1.9294, "time": 336.0}
{"message": "", "levelname": "INFO", "name": "Trainer", "asctime": "2026-04-15 17:17:35,884", "type": "val-epoch", "epoch": 10, "loss": -1.949, "test_loss": -1.949, "time": 31.6}
{"message": "", "levelname": "INFO", "name": "Trainer", "asctime": "2026-04-15 17:17:37,915", "type": "train", "epoch": 10, "batch": 79, "n_batches": 7774, "time": 0.239, "data_time": 0.001, "lr": 0.0001, "loss": -15.435}
{"message": "", "levelname": "INFO", "name": "Trainer", "asctime": "2026-04-15 17:17:39,761", "type": "train", "epoch": 10, "batch": 159, "n_batches": 7774, "time": 0.155, "data_time": 0.001, "lr": 0.0001, "loss": -17.698}
{"message": "", "levelname": "INFO", "name": "Trainer", "asctime": "2026-04-15 17:17:41,789", "type": "train", "epoch": 10, "batch": 239, "n_batches": 7774, "time": 0.202, "data_time": 0.001, "lr": 0.0001, "loss": -14.922}
{"message": "", "levelname": "INFO", "name": "Trainer", "asctime": "2026-04-15 17:17:43,536", "type": "train", "epoch": 10, "batch": 319, "n_batches": 7774, "time": 0.212, "data_time": 0.001, "lr": 0.0001, "loss": -17.884}
{"message": "", "levelname": "INFO", "name": "Trainer", "asctime": "2026-04-15 17:17:45,463", "type": "train", "epoch": 10, "batch": 399, "n_batches": 7774, "time": 0.21, "data_time": 0.001, "lr": 0.0001, "loss": -16.03}
{"message": "", "levelname": "INFO", "name": "Trainer", "asctime": "2026-04-15 17:17:47,351", "type": "train", "epoch": 10, "batch": 479, "n_batches": 7774, "time": 0.186, "data_time": 0.001, "lr": 0.0001, "loss": -12.668}
{"message": "", "levelname": "INFO", "name": "Trainer", "asctime": "2026-04-15 17:17:49,114", "type": "train", "epoch": 10, "batch": 559, "n_batches": 7774, "time": 0.157, "data_time": 0.001, "lr": 0.0001, "loss": -16.774}
{"message": "", "levelname": "INFO", "name": "Trainer", "asctime": "2026-04-15 17:17:50,983", "type": "train", "epoch": 10, "batch": 639, "n_batches": 7774, "time": 0.191, "data_time": 0.0, "lr": 0.0001, "loss": -17.24}
{"message": "", "levelname": "INFO", "name": "Trainer", "asctime": "2026-04-15 17:17:53,115", "type": "train", "epoch": 10, "batch": 719, "n_batches": 7774, "time": 0.241, "data_time": 0.0, "lr": 0.0001, "loss": -14.677}
{"message": "", "levelname": "INFO", "name": "Trainer", "asctime": "2026-04-15 17:17:55,165", "type": "train", "epoch": 10, "batch": 799, "n_batches": 7774, "time": 0.268, "data_time": 0.001, "lr": 0.0001, "loss": -17.267}
{"message": "", "levelname": "INFO", "name": "Trainer", "asctime": "2026-04-15 17:17:57,214", "type": "train", "epoch": 10, "batch": 879, "n_batches": 7774, "time": 0.179, "data_time": 0.001, "lr": 0.0001, "loss": -11.994}
{"message": "", "levelname": "INFO", "name": "Trainer", "asctime": "2026-04-15 17:17:59,092", "type": "train", "epoch": 10, "batch": 959, "n_batches": 7774, "time": 0.185, "data_time": 0.001, "lr": 0.0001, "loss": -12.714}
{"message": "", "levelname": "INFO", "name": "Trainer", "asctime": "2026-04-15 17:18:01,149", "type": "train", "epoch": 10, "batch": 1039, "n_batches": 7774, "time": 0.186, "data_time": 0.001, "lr": 0.0001, "loss": -17.325}
{"message": "", "levelname": "INFO", "name": "Trainer", "asctime": "2026-04-15 17:18:03,176", "type": "train", "epoch": 10, "batch": 1119, "n_batches": 7774, "time": 0.203, "data_time": 0.0, "lr": 0.0001, "loss": -21.636}
{"message": "", "levelname": "INFO", "name": "Trainer", "asctime": "2026-04-15 17:18:05,217", "type": "train", "epoch": 10, "batch": 1199, "n_batches": 7774, "time": 0.166, "data_time": 0.0, "lr": 0.0001, "loss": -18.101}
{"message": "", "levelname": "INFO", "name": "Trainer", "asctime": "2026-04-15 17:18:07,174", "type": "train", "epoch": 10, "batch": 1279, "n_batches": 7774, "time": 0.208, "data_time": 0.001, "lr": 0.0001, "loss": -19.271}
{"message": "", "levelname": "INFO", "name": "Trainer", "asctime": "2026-04-15 17:18:09,143", "type": "train", "epoch": 10, "batch": 1359, "n_batches": 7774, "time": 0.235, "data_time": 0.001, "lr": 0.0001, "loss": -14.715}
{"message": "", "levelname": "INFO", "name": "Trainer", "asctime": "2026-04-15 17:18:11,274", "type": "train", "epoch": 10, "batch": 1439, "n_batches": 7774, "time": 0.246, "data_time": 0.001, "lr": 0.0001, "loss": -17.649}
{"message": "", "levelname": "INFO", "name": "Trainer", "asctime": "2026-04-15 17:18:13,323", "type": "train", "epoch": 10, "batch": 1519, "n_batches": 7774, "time": 0.23, "data_time": 0.001, "lr": 0.0001, "loss": -10.517}
{"message": "", "levelname": "INFO", "name": "Trainer", "asctime": "2026-04-15 17:18:15,338", "type": "train", "epoch": 10, "batch": 1599, "n_batches": 7774, "time": 0.188, "data_time": 0.0, "lr": 0.0001, "loss": -17.54}
{"message": "", "levelname": "INFO", "name": "Trainer", "asctime": "2026-04-15 17:18:17,202", "type": "train", "epoch": 10, "batch": 1679, "n_batches": 7774, "time": 0.153, "data_time": 0.0, "lr": 0.0001, "loss": -16.17}
{"message": "", "levelname": "INFO", "name": "Trainer", "asctime": "2026-04-15 17:18:19,232", "type": "train", "epoch": 10, "batch": 1759, "n_batches": 7774, "time": 0.201, "data_time": 0.0, "lr": 0.0001, "loss": -12.06}
{"message": "", "levelname": "INFO", "name": "Trainer", "asctime": "2026-04-15 17:18:21,140", "type": "train", "epoch": 10, "batch": 1839, "n_batches": 7774, "time": 0.156, "data_time": 0.0, "lr": 0.0001, "loss": -15.475}
{"message": "", "levelname": "INFO", "name": "Trainer", "asctime": "2026-04-15 17:18:23,226", "type": "train", "epoch": 10, "batch": 1919, "n_batches": 7774, "time": 0.211, "data_time": 0.0, "lr": 0.0001, "loss": -16.179}
{"message": "", "levelname": "INFO", "name": "Trainer", "asctime": "2026-04-15 17:18:25,277", "type": "train", "epoch": 10, "batch": 1999, "n_batches": 7774, "time": 0.187, "data_time": 0.001, "lr": 0.0001, "loss": -15.565}
{"message": "", "levelname": "INFO", "name": "Trainer", "asctime": "2026-04-15 17:18:27,318", "type": "train", "epoch": 10, "batch": 2079, "n_batches": 7774, "time": 0.201, "data_time": 0.0, "lr": 0.0001, "loss": -10.884}
{"message": "", "levelname": "INFO", "name": "Trainer", "asctime": "2026-04-15 17:18:29,124", "type": "train", "epoch": 10, "batch": 2159, "n_batches": 7774, "time": 0.228, "data_time": 0.0, "lr": 0.0001, "loss": -16.039}
{"message": "", "levelname": "INFO", "name": "Trainer", "asctime": "2026-04-15 17:18:31,121", "type": "train", "epoch": 10, "batch": 2239, "n_batches": 7774, "time": 0.2, "data_time": 0.0, "lr": 0.0001, "loss": -14.534}
{"message": "", "levelname": "INFO", "name": "Trainer", "asctime": "2026-04-15 17:18:33,235", "type": "train", "epoch": 10, "batch": 2319, "n_batches": 7774, "time": 0.238, "data_time": 0.0, "lr": 0.0001, "loss": -14.984}
{"message": "", "levelname": "INFO", "name": "Trainer", "asctime": "2026-04-15 17:18:35,251", "type": "train", "epoch": 10, "batch": 2399, "n_batches": 7774, "time": 0.213, "data_time": 0.001, "lr": 0.0001, "loss": -9.183}
{"message": "", "levelname": "INFO", "name": "Trainer", "asctime": "2026-04-15 17:18:37,264", "type": "train", "epoch": 10, "batch": 2479, "n_batches": 7774, "time": 0.256, "data_time": 0.001, "lr": 0.0001, "loss": -14.632}
{"message": "", "levelname": "INFO", "name": "Trainer", "asctime": "2026-04-15 17:18:39,364", "type": "train", "epoch": 10, "batch": 2559, "n_batches": 7774, "time": 0.198, "data_time": 0.001, "lr": 0.0001, "loss": -10.231}
{"message": "", "levelname": "INFO", "name": "Trainer", "asctime": "2026-04-15 17:18:41,533", "type": "train", "epoch": 10, "batch": 2639, "n_batches": 7774, "time": 0.209, "data_time": 0.001, "lr": 0.0001, "loss": -12.745}
{"message": "", "levelname": "INFO", "name": "Trainer", "asctime": "2026-04-15 17:18:43,651", "type": "train", "epoch": 10, "batch": 2719, "n_batches": 7774, "time": 0.153, "data_time": 0.001, "lr": 0.0001, "loss": -17.164}
{"message": "", "levelname": "INFO", "name": "Trainer", "asctime": "2026-04-15 17:18:46,248", "type": "train", "epoch": 10, "batch": 2799, "n_batches": 7774, "time": 0.319, "data_time": 0.001, "lr": 0.0001, "loss": -17.01}
{"message": "", "levelname": "INFO", "name": "Trainer", "asctime": "2026-04-15 17:18:48,453", "type": "train", "epoch": 10, "batch": 2879, "n_batches": 7774, "time": 0.257, "data_time": 0.001, "lr": 0.0001, "loss": -15.901}
{"message": "", "levelname": "INFO", "name": "Trainer", "asctime": "2026-04-15 17:18:50,892", "type": "train", "epoch": 10, "batch": 2959, "n_batches": 7774, "time": 0.225, "data_time": 0.0, "lr": 0.0001, "loss": -16.368}
{"message": "", "levelname": "INFO", "name": "Trainer", "asctime": "2026-04-15 17:18:53,070", "type": "train", "epoch": 10, "batch": 3039, "n_batches": 7774, "time": 0.209, "data_time": 0.001, "lr": 0.0001, "loss": -18.711}
{"message": "", "levelname": "INFO", "name": "Trainer", "asctime": "2026-04-15 17:18:55,487", "type": "train", "epoch": 10, "batch": 3119, "n_batches": 7774, "time": 0.28, "data_time": 0.001, "lr": 0.0001, "loss": -11.963}
{"message": "", "levelname": "INFO", "name": "Trainer", "asctime": "2026-04-15 17:18:57,624", "type": "train", "epoch": 10, "batch": 3199, "n_batches": 7774, "time": 0.222, "data_time": 0.001, "lr": 0.0001, "loss": -15.517}
{"message": "", "levelname": "INFO", "name": "Trainer", "asctime": "2026-04-15 17:18:59,869", "type": "train", "epoch": 10, "batch": 3279, "n_batches": 7774, "time": 0.236, "data_time": 0.0, "lr": 0.0001, "loss": -12.999}
{"message": "", "levelname": "INFO", "name": "Trainer", "asctime": "2026-04-15 17:19:02,437", "type": "train", "epoch": 10, "batch": 3359, "n_batches": 7774, "time": 0.187, "data_time": 0.001, "lr": 0.0001, "loss": -13.302}
{"message": "", "levelname": "INFO", "name": "Trainer", "asctime": "2026-04-15 17:19:04,840", "type": "train", "epoch": 10, "batch": 3439, "n_batches": 7774, "time": 0.27, "data_time": 0.001, "lr": 0.0001, "loss": -19.293}
{"message": "", "levelname": "INFO", "name": "Trainer", "asctime": "2026-04-15 17:19:07,251", "type": "train", "epoch": 10, "batch": 3519, "n_batches": 7774, "time": 0.22, "data_time": 0.001, "lr": 0.0001, "loss": -15.792}
{"message": "", "levelname": "INFO", "name": "Trainer", "asctime": "2026-04-15 17:19:09,458", "type": "train", "epoch": 10, "batch": 3599, "n_batches": 7774, "time": 0.201, "data_time": 0.0, "lr": 0.0001, "loss": -12.04}
{"message": "", "levelname": "INFO", "name": "Trainer", "asctime": "2026-04-15 17:19:11,692", "type": "train", "epoch": 10, "batch": 3679, "n_batches": 7774, "time": 0.26, "data_time": 0.0, "lr": 0.0001, "loss": -20.528}
{"message": "", "levelname": "INFO", "name": "Trainer", "asctime": "2026-04-15 17:19:13,826", "type": "train", "epoch": 10, "batch": 3759, "n_batches": 7774, "time": 0.249, "data_time": 0.0, "lr": 0.0001, "loss": -17.803}
{"message": "", "levelname": "INFO", "name": "Trainer", "asctime": "2026-04-15 17:19:16,004", "type": "train", "epoch": 10, "batch": 3839, "n_batches": 7774, "time": 0.222, "data_time": 0.001, "lr": 0.0001, "loss": -18.778}
{"message": "", "levelname": "INFO", "name": "Trainer", "asctime": "2026-04-15 17:19:18,318", "type": "train", "epoch": 10, "batch": 3919, "n_batches": 7774, "time": 0.243, "data_time": 0.0, "lr": 0.0001, "loss": -22.065}
{"message": "", "levelname": "INFO", "name": "Trainer", "asctime": "2026-04-15 17:19:20,774", "type": "train", "epoch": 10, "batch": 3999, "n_batches": 7774, "time": 0.234, "data_time": 0.001, "lr": 0.0001, "loss": -7.193}
{"message": "", "levelname": "INFO", "name": "Trainer", "asctime": "2026-04-15 17:19:23,055", "type": "train", "epoch": 10, "batch": 4079, "n_batches": 7774, "time": 0.225, "data_time": 0.001, "lr": 0.0001, "loss": -12.347}
{"message": "", "levelname": "INFO", "name": "Trainer", "asctime": "2026-04-15 17:19:25,215", "type": "train", "epoch": 10, "batch": 4159, "n_batches": 7774, "time": 0.264, "data_time": 0.001, "lr": 0.0001, "loss": -13.897}
{"message": "", "levelname": "INFO", "name": "Trainer", "asctime": "2026-04-15 17:19:27,564", "type": "train", "epoch": 10, "batch": 4239, "n_batches": 7774, "time": 0.258, "data_time": 0.0, "lr": 0.0001, "loss": -13.289}
{"message": "", "levelname": "INFO", "name": "Trainer", "asctime": "2026-04-15 17:19:30,109", "type": "train", "epoch": 10, "batch": 4319, "n_batches": 7774, "time": 0.222, "data_time": 0.001, "lr": 0.0001, "loss": -20.231}
{"message": "", "levelname": "INFO", "name": "Trainer", "asctime": "2026-04-15 17:19:32,452", "type": "train", "epoch": 10, "batch": 4399, "n_batches": 7774, "time": 0.185, "data_time": 0.001, "lr": 0.0001, "loss": -21.313}
{"message": "", "levelname": "INFO", "name": "Trainer", "asctime": "2026-04-15 17:19:35,287", "type": "train", "epoch": 10, "batch": 4479, "n_batches": 7774, "time": 0.29, "data_time": 0.001, "lr": 0.0001, "loss": -19.686}
{"message": "", "levelname": "INFO", "name": "Trainer", "asctime": "2026-04-15 17:19:39,122", "type": "train", "epoch": 10, "batch": 4559, "n_batches": 7774, "time": 0.336, "data_time": 0.001, "lr": 0.0001, "loss": -17.473}
{"message": "", "levelname": "INFO", "name": "Trainer", "asctime": "2026-04-15 17:19:42,335", "type": "train", "epoch": 10, "batch": 4639, "n_batches": 7774, "time": 0.374, "data_time": 0.0, "lr": 0.0001, "loss": -14.355}
{"message": "", "levelname": "INFO", "name": "Trainer", "asctime": "2026-04-15 17:19:45,739", "type": "train", "epoch": 10, "batch": 4719, "n_batches": 7774, "time": 0.278, "data_time": 0.001, "lr": 0.0001, "loss": -18.766}
{"message": "", "levelname": "INFO", "name": "Trainer", "asctime": "2026-04-15 17:19:49,168", "type": "train", "epoch": 10, "batch": 4799, "n_batches": 7774, "time": 0.178, "data_time": 0.0, "lr": 0.0001, "loss": -17.363}
{"message": "", "levelname": "INFO", "name": "Trainer", "asctime": "2026-04-15 17:19:53,013", "type": "train", "epoch": 10, "batch": 4879, "n_batches": 7774, "time": 0.343, "data_time": 0.0, "lr": 0.0001, "loss": -16.444}
{"message": "", "levelname": "INFO", "name": "Trainer", "asctime": "2026-04-15 17:19:56,420", "type": "train", "epoch": 10, "batch": 4959, "n_batches": 7774, "time": 0.355, "data_time": 0.0, "lr": 0.0001, "loss": -13.381}
{"message": "", "levelname": "INFO", "name": "Trainer", "asctime": "2026-04-15 17:20:00,093", "type": "train", "epoch": 10, "batch": 5039, "n_batches": 7774, "time": 0.392, "data_time": 0.001, "lr": 0.0001, "loss": -19.045}
{"message": "", "levelname": "INFO", "name": "Trainer", "asctime": "2026-04-15 17:20:04,065", "type": "train", "epoch": 10, "batch": 5119, "n_batches": 7774, "time": 0.315, "data_time": 0.0, "lr": 0.0001, "loss": -19.962}
{"message": "", "levelname": "INFO", "name": "Trainer", "asctime": "2026-04-15 17:20:07,335", "type": "train", "epoch": 10, "batch": 5199, "n_batches": 7774, "time": 0.371, "data_time": 0.001, "lr": 0.0001, "loss": -9.454}
{"message": "", "levelname": "INFO", "name": "Trainer", "asctime": "2026-04-15 17:20:10,941", "type": "train", "epoch": 10, "batch": 5279, "n_batches": 7774, "time": 0.347, "data_time": 0.001, "lr": 0.0001, "loss": -15.185}
{"message": "", "levelname": "INFO", "name": "Trainer", "asctime": "2026-04-15 17:20:15,103", "type": "train", "epoch": 10, "batch": 5359, "n_batches": 7774, "time": 0.291, "data_time": 0.0, "lr": 0.0001, "loss": -17.606}
{"message": "", "levelname": "INFO", "name": "Trainer", "asctime": "2026-04-15 17:20:18,877", "type": "train", "epoch": 10, "batch": 5439, "n_batches": 7774, "time": 0.408, "data_time": 0.0, "lr": 0.0001, "loss": -13.029}
{"message": "", "levelname": "INFO", "name": "Trainer", "asctime": "2026-04-15 17:20:23,376", "type": "train", "epoch": 10, "batch": 5519, "n_batches": 7774, "time": 0.835, "data_time": 0.001, "lr": 0.0001, "loss": -12.043}
{"message": "", "levelname": "INFO", "name": "Trainer", "asctime": "2026-04-15 17:20:30,133", "type": "train", "epoch": 10, "batch": 5599, "n_batches": 7774, "time": 0.812, "data_time": 0.0, "lr": 0.0001, "loss": -20.908}
{"message": "", "levelname": "INFO", "name": "Trainer", "asctime": "2026-04-15 17:20:37,943", "type": "train", "epoch": 10, "batch": 5679, "n_batches": 7774, "time": 1.314, "data_time": 0.001, "lr": 0.0001, "loss": -17.731}
{"message": "", "levelname": "INFO", "name": "Trainer", "asctime": "2026-04-15 17:20:46,116", "type": "train", "epoch": 10, "batch": 5759, "n_batches": 7774, "time": 0.618, "data_time": 0.0, "lr": 0.0001, "loss": -17.093}
{"message": "", "levelname": "INFO", "name": "Trainer", "asctime": "2026-04-15 17:20:54,403", "type": "train", "epoch": 10, "batch": 5839, "n_batches": 7774, "time": 0.596, "data_time": 0.001, "lr": 0.0001, "loss": -17.017}
{"message": "", "levelname": "INFO", "name": "Trainer", "asctime": "2026-04-15 17:21:02,667", "type": "train", "epoch": 10, "batch": 5919, "n_batches": 7774, "time": 0.951, "data_time": 0.001, "lr": 0.0001, "loss": -17.698}
{"message": "", "levelname": "INFO", "name": "Trainer", "asctime": "2026-04-15 17:21:11,865", "type": "train", "epoch": 10, "batch": 5999, "n_batches": 7774, "time": 0.57, "data_time": 0.001, "lr": 0.0001, "loss": -15.701}
{"message": "", "levelname": "INFO", "name": "Trainer", "asctime": "2026-04-15 17:21:21,431", "type": "train", "epoch": 10, "batch": 6079, "n_batches": 7774, "time": 0.702, "data_time": 0.001, "lr": 0.0001, "loss": -18.876}
{"message": "", "levelname": "INFO", "name": "Trainer", "asctime": "2026-04-15 17:21:30,036", "type": "train", "epoch": 10, "batch": 6159, "n_batches": 7774, "time": 0.952, "data_time": 0.002, "lr": 0.0001, "loss": -19.993}
{"message": "", "levelname": "INFO", "name": "Trainer", "asctime": "2026-04-15 17:21:39,693", "type": "train", "epoch": 10, "batch": 6239, "n_batches": 7774, "time": 1.093, "data_time": 0.0, "lr": 0.0001, "loss": -20.463}
{"message": "", "levelname": "INFO", "name": "Trainer", "asctime": "2026-04-15 17:21:45,165", "type": "train", "epoch": 10, "batch": 6319, "n_batches": 7774, "time": 0.597, "data_time": 0.001, "lr": 0.0001, "loss": -18.692}
{"message": "", "levelname": "INFO", "name": "Trainer", "asctime": "2026-04-15 17:21:53,497", "type": "train", "epoch": 10, "batch": 6399, "n_batches": 7774, "time": 0.263, "data_time": 0.0, "lr": 0.0001, "loss": -9.756}
{"message": "", "levelname": "INFO", "name": "Trainer", "asctime": "2026-04-15 17:21:57,080", "type": "train", "epoch": 10, "batch": 6479, "n_batches": 7774, "time": 0.242, "data_time": 0.0, "lr": 0.0001, "loss": -17.376}
{"message": "", "levelname": "INFO", "name": "Trainer", "asctime": "2026-04-15 17:22:00,884", "type": "train", "epoch": 10, "batch": 6559, "n_batches": 7774, "time": 0.351, "data_time": 0.001, "lr": 0.0001, "loss": -15.427}
{"message": "", "levelname": "INFO", "name": "Trainer", "asctime": "2026-04-15 17:22:04,152", "type": "train", "epoch": 10, "batch": 6639, "n_batches": 7774, "time": 0.297, "data_time": 0.001, "lr": 0.0001, "loss": -21.756}
{"message": "", "levelname": "INFO", "name": "Trainer", "asctime": "2026-04-15 17:22:07,862", "type": "train", "epoch": 10, "batch": 6719, "n_batches": 7774, "time": 0.294, "data_time": 0.002, "lr": 0.0001, "loss": -18.464}
{"message": "", "levelname": "INFO", "name": "Trainer", "asctime": "2026-04-15 17:22:14,063", "type": "train", "epoch": 10, "batch": 6799, "n_batches": 7774, "time": 0.518, "data_time": 0.002, "lr": 0.0001, "loss": -15.578}
{"message": "", "levelname": "INFO", "name": "Trainer", "asctime": "2026-04-15 17:22:17,353", "type": "train", "epoch": 10, "batch": 6879, "n_batches": 7774, "time": 0.235, "data_time": 0.001, "lr": 0.0001, "loss": -16.254}
{"message": "", "levelname": "INFO", "name": "Trainer", "asctime": "2026-04-15 17:22:21,321", "type": "train", "epoch": 10, "batch": 6959, "n_batches": 7774, "time": 0.417, "data_time": 0.001, "lr": 0.0001, "loss": -14.663}
{"message": "", "levelname": "INFO", "name": "Trainer", "asctime": "2026-04-15 17:22:25,092", "type": "train", "epoch": 10, "batch": 7039, "n_batches": 7774, "time": 0.379, "data_time": 0.001, "lr": 0.0001, "loss": -15.878}
{"message": "", "levelname": "INFO", "name": "Trainer", "asctime": "2026-04-15 17:22:31,494", "type": "train", "epoch": 10, "batch": 7119, "n_batches": 7774, "time": 0.475, "data_time": 0.002, "lr": 0.0001, "loss": -20.316}
{"message": "", "levelname": "INFO", "name": "Trainer", "asctime": "2026-04-15 17:22:37,956", "type": "train", "epoch": 10, "batch": 7199, "n_batches": 7774, "time": 0.631, "data_time": 0.001, "lr": 0.0001, "loss": -17.721}
{"message": "", "levelname": "INFO", "name": "Trainer", "asctime": "2026-04-15 17:22:46,044", "type": "train", "epoch": 10, "batch": 7279, "n_batches": 7774, "time": 0.697, "data_time": 0.001, "lr": 0.0001, "loss": -9.583}
{"message": "", "levelname": "INFO", "name": "Trainer", "asctime": "2026-04-15 17:22:49,126", "type": "train", "epoch": 10, "batch": 7359, "n_batches": 7774, "time": 0.338, "data_time": 0.001, "lr": 0.0001, "loss": -9.813}
{"message": "", "levelname": "INFO", "name": "Trainer", "asctime": "2026-04-15 17:22:53,521", "type": "train", "epoch": 10, "batch": 7439, "n_batches": 7774, "time": 0.383, "data_time": 0.0, "lr": 0.0001, "loss": -14.521}
{"message": "", "levelname": "INFO", "name": "Trainer", "asctime": "2026-04-15 17:22:57,751", "type": "train", "epoch": 10, "batch": 7519, "n_batches": 7774, "time": 0.345, "data_time": 0.001, "lr": 0.0001, "loss": -13.89}
{"message": "", "levelname": "INFO", "name": "Trainer", "asctime": "2026-04-15 17:23:01,635", "type": "train", "epoch": 10, "batch": 7599, "n_batches": 7774, "time": 0.751, "data_time": 0.003, "lr": 0.0001, "loss": -16.101}
{"message": "", "levelname": "INFO", "name": "Trainer", "asctime": "2026-04-15 17:23:05,497", "type": "train", "epoch": 10, "batch": 7679, "n_batches": 7774, "time": 0.312, "data_time": 0.0, "lr": 0.0001, "loss": -13.9}
{"message": "", "levelname": "INFO", "name": "Trainer", "asctime": "2026-04-15 17:23:14,983", "type": "train", "epoch": 10, "batch": 7759, "n_batches": 7774, "time": 0.755, "data_time": 0.001, "lr": 0.0001, "loss": -18.354}
{"message": "", "levelname": "INFO", "name": "Trainer", "asctime": "2026-04-15 17:23:15,961", "type": "train-epoch", "epoch": 11, "loss": -2.03181, "time": 340.0}
{"message": "", "levelname": "INFO", "name": "Trainer", "asctime": "2026-04-15 17:24:45,861", "type": "val-epoch", "epoch": 11, "loss": -2.106, "test_loss": -2.106, "time": 89.9}
{"message": "", "levelname": "INFO", "name": "Trainer", "asctime": "2026-04-15 17:24:53,324", "type": "train", "epoch": 11, "batch": 79, "n_batches": 7774, "time": 0.818, "data_time": 0.001, "lr": 0.0001, "loss": -17.317}
{"message": "", "levelname": "INFO", "name": "Trainer", "asctime": "2026-04-15 17:24:59,424", "type": "train", "epoch": 11, "batch": 159, "n_batches": 7774, "time": 0.367, "data_time": 0.002, "lr": 0.0001, "loss": -15.207}
{"message": "", "levelname": "INFO", "name": "Trainer", "asctime": "2026-04-15 17:25:03,812", "type": "train", "epoch": 11, "batch": 239, "n_batches": 7774, "time": 0.398, "data_time": 0.0, "lr": 0.0001, "loss": -19.956}
{"message": "", "levelname": "INFO", "name": "Trainer", "asctime": "2026-04-15 17:25:08,700", "type": "train", "epoch": 11, "batch": 319, "n_batches": 7774, "time": 0.541, "data_time": 0.001, "lr": 0.0001, "loss": -18.655}
{"message": "", "levelname": "INFO", "name": "Trainer", "asctime": "2026-04-15 17:25:14,290", "type": "train", "epoch": 11, "batch": 399, "n_batches": 7774, "time": 0.454, "data_time": 0.002, "lr": 0.0001, "loss": -8.679}
{"message": "", "levelname": "INFO", "name": "Trainer", "asctime": "2026-04-15 17:25:19,375", "type": "train", "epoch": 11, "batch": 479, "n_batches": 7774, "time": 1.015, "data_time": 0.002, "lr": 0.0001, "loss": -16.928}
{"message": "", "levelname": "INFO", "name": "Trainer", "asctime": "2026-04-15 17:25:23,402", "type": "train", "epoch": 11, "batch": 559, "n_batches": 7774, "time": 0.411, "data_time": 0.0, "lr": 0.0001, "loss": -17.539}
{"message": "", "levelname": "INFO", "name": "Trainer", "asctime": "2026-04-15 17:25:27,577", "type": "train", "epoch": 11, "batch": 639, "n_batches": 7774, "time": 0.514, "data_time": 0.002, "lr": 0.0001, "loss": -12.622}
{"message": "", "levelname": "INFO", "name": "Trainer", "asctime": "2026-04-15 17:25:31,232", "type": "train", "epoch": 11, "batch": 719, "n_batches": 7774, "time": 0.392, "data_time": 0.0, "lr": 0.0001, "loss": -19.939}
{"message": "", "levelname": "INFO", "name": "Trainer", "asctime": "2026-04-15 17:25:35,608", "type": "train", "epoch": 11, "batch": 799, "n_batches": 7774, "time": 0.847, "data_time": 0.001, "lr": 0.0001, "loss": -10.185}
{"message": "", "levelname": "INFO", "name": "Trainer", "asctime": "2026-04-15 17:25:41,084", "type": "train", "epoch": 11, "batch": 879, "n_batches": 7774, "time": 0.537, "data_time": 0.002, "lr": 0.0001, "loss": -14.576}
{"message": "", "levelname": "INFO", "name": "Trainer", "asctime": "2026-04-15 17:25:46,600", "type": "train", "epoch": 11, "batch": 959, "n_batches": 7774, "time": 0.315, "data_time": 0.001, "lr": 0.0001, "loss": -12.121}
{"message": "", "levelname": "INFO", "name": "Trainer", "asctime": "2026-04-15 17:25:51,813", "type": "train", "epoch": 11, "batch": 1039, "n_batches": 7774, "time": 0.784, "data_time": 0.001, "lr": 0.0001, "loss": -19.098}
{"message": "", "levelname": "INFO", "name": "Trainer", "asctime": "2026-04-15 17:25:57,910", "type": "train", "epoch": 11, "batch": 1119, "n_batches": 7774, "time": 0.361, "data_time": 0.0, "lr": 0.0001, "loss": -15.506}
{"message": "", "levelname": "INFO", "name": "Trainer", "asctime": "2026-04-15 17:26:03,223", "type": "train", "epoch": 11, "batch": 1199, "n_batches": 7774, "time": 0.387, "data_time": 0.001, "lr": 0.0001, "loss": -20.548}
{"message": "", "levelname": "INFO", "name": "Trainer", "asctime": "2026-04-15 17:26:08,416", "type": "train", "epoch": 11, "batch": 1279, "n_batches": 7774, "time": 0.677, "data_time": 0.0, "lr": 0.0001, "loss": -22.497}
{"message": "", "levelname": "INFO", "name": "Trainer", "asctime": "2026-04-15 17:26:14,541", "type": "train", "epoch": 11, "batch": 1359, "n_batches": 7774, "time": 0.35, "data_time": 0.001, "lr": 0.0001, "loss": -20.343}
{"message": "", "levelname": "INFO", "name": "Trainer", "asctime": "2026-04-15 17:26:18,377", "type": "train", "epoch": 11, "batch": 1439, "n_batches": 7774, "time": 0.475, "data_time": 0.001, "lr": 0.0001, "loss": -13.311}
{"message": "", "levelname": "INFO", "name": "Trainer", "asctime": "2026-04-15 17:26:22,438", "type": "train", "epoch": 11, "batch": 1519, "n_batches": 7774, "time": 0.25, "data_time": 0.001, "lr": 0.0001, "loss": -18.101}
{"message": "", "levelname": "INFO", "name": "Trainer", "asctime": "2026-04-15 17:26:26,756", "type": "train", "epoch": 11, "batch": 1599, "n_batches": 7774, "time": 0.303, "data_time": 0.001, "lr": 0.0001, "loss": -17.522}
{"message": "", "levelname": "INFO", "name": "Trainer", "asctime": "2026-04-15 17:26:29,980", "type": "train", "epoch": 11, "batch": 1679, "n_batches": 7774, "time": 0.22, "data_time": 0.0, "lr": 0.0001, "loss": -10.067}
{"message": "", "levelname": "INFO", "name": "Trainer", "asctime": "2026-04-15 17:26:33,039", "type": "train", "epoch": 11, "batch": 1759, "n_batches": 7774, "time": 0.228, "data_time": 0.001, "lr": 0.0001, "loss": -20.93}
{"message": "", "levelname": "INFO", "name": "Trainer", "asctime": "2026-04-15 17:26:36,144", "type": "train", "epoch": 11, "batch": 1839, "n_batches": 7774, "time": 0.375, "data_time": 0.001, "lr": 0.0001, "loss": -18.069}
{"message": "", "levelname": "INFO", "name": "Trainer", "asctime": "2026-04-15 17:26:39,876", "type": "train", "epoch": 11, "batch": 1919, "n_batches": 7774, "time": 0.245, "data_time": 0.001, "lr": 0.0001, "loss": -19.805}
{"message": "", "levelname": "INFO", "name": "Trainer", "asctime": "2026-04-15 17:26:42,469", "type": "train", "epoch": 11, "batch": 1999, "n_batches": 7774, "time": 0.246, "data_time": 0.001, "lr": 0.0001, "loss": -15.112}
{"message": "", "levelname": "INFO", "name": "Trainer", "asctime": "2026-04-15 17:26:47,812", "type": "train", "epoch": 11, "batch": 2079, "n_batches": 7774, "time": 0.398, "data_time": 0.001, "lr": 0.0001, "loss": -14.17}
{"message": "", "levelname": "INFO", "name": "Trainer", "asctime": "2026-04-15 17:26:51,272", "type": "train", "epoch": 11, "batch": 2159, "n_batches": 7774, "time": 0.459, "data_time": 0.0, "lr": 0.0001, "loss": -19.142}
{"message": "", "levelname": "INFO", "name": "Trainer", "asctime": "2026-04-15 17:26:57,170", "type": "train", "epoch": 11, "batch": 2239, "n_batches": 7774, "time": 0.609, "data_time": 0.0, "lr": 0.0001, "loss": -17.685}
{"message": "", "levelname": "INFO", "name": "Trainer", "asctime": "2026-04-15 17:27:00,982", "type": "train", "epoch": 11, "batch": 2319, "n_batches": 7774, "time": 0.45, "data_time": 0.001, "lr": 0.0001, "loss": -24.295}
{"message": "", "levelname": "INFO", "name": "Trainer", "asctime": "2026-04-15 17:27:04,616", "type": "train", "epoch": 11, "batch": 2399, "n_batches": 7774, "time": 0.263, "data_time": 0.002, "lr": 0.0001, "loss": -15.553}
{"message": "", "levelname": "INFO", "name": "Trainer", "asctime": "2026-04-15 17:27:08,127", "type": "train", "epoch": 11, "batch": 2479, "n_batches": 7774, "time": 0.328, "data_time": 0.0, "lr": 0.0001, "loss": -16.621}
{"message": "", "levelname": "INFO", "name": "Trainer", "asctime": "2026-04-15 17:27:12,162", "type": "train", "epoch": 11, "batch": 2559, "n_batches": 7774, "time": 0.402, "data_time": 0.001, "lr": 0.0001, "loss": -22.686}
{"message": "", "levelname": "INFO", "name": "Trainer", "asctime": "2026-04-15 17:27:15,879", "type": "train", "epoch": 11, "batch": 2639, "n_batches": 7774, "time": 0.257, "data_time": 0.0, "lr": 0.0001, "loss": -19.94}
{"message": "", "levelname": "INFO", "name": "Trainer", "asctime": "2026-04-15 17:27:19,782", "type": "train", "epoch": 11, "batch": 2719, "n_batches": 7774, "time": 0.442, "data_time": 0.001, "lr": 0.0001, "loss": -14.99}
{"message": "", "levelname": "INFO", "name": "Trainer", "asctime": "2026-04-15 17:27:22,974", "type": "train", "epoch": 11, "batch": 2799, "n_batches": 7774, "time": 0.312, "data_time": 0.001, "lr": 0.0001, "loss": -20.465}
{"message": "", "levelname": "INFO", "name": "Trainer", "asctime": "2026-04-15 17:27:27,330", "type": "train", "epoch": 11, "batch": 2879, "n_batches": 7774, "time": 0.604, "data_time": 0.001, "lr": 0.0001, "loss": -18.304}
{"message": "", "levelname": "INFO", "name": "Trainer", "asctime": "2026-04-15 17:27:30,627", "type": "train", "epoch": 11, "batch": 2959, "n_batches": 7774, "time": 0.308, "data_time": 0.0, "lr": 0.0001, "loss": -13.418}
{"message": "", "levelname": "INFO", "name": "Trainer", "asctime": "2026-04-15 17:27:34,644", "type": "train", "epoch": 11, "batch": 3039, "n_batches": 7774, "time": 0.335, "data_time": 0.001, "lr": 0.0001, "loss": -15.721}
{"message": "", "levelname": "INFO", "name": "Trainer", "asctime": "2026-04-15 17:27:38,334", "type": "train", "epoch": 11, "batch": 3119, "n_batches": 7774, "time": 0.284, "data_time": 0.001, "lr": 0.0001, "loss": -16.786}
{"message": "", "levelname": "INFO", "name": "Trainer", "asctime": "2026-04-15 17:27:43,505", "type": "train", "epoch": 11, "batch": 3199, "n_batches": 7774, "time": 0.909, "data_time": 0.0, "lr": 0.0001, "loss": -17.098}
{"message": "", "levelname": "INFO", "name": "Trainer", "asctime": "2026-04-15 17:27:48,435", "type": "train", "epoch": 11, "batch": 3279, "n_batches": 7774, "time": 0.541, "data_time": 0.001, "lr": 0.0001, "loss": -16.443}
{"message": "", "levelname": "INFO", "name": "Trainer", "asctime": "2026-04-15 17:27:52,701", "type": "train", "epoch": 11, "batch": 3359, "n_batches": 7774, "time": 0.333, "data_time": 0.001, "lr": 0.0001, "loss": -17.814}
{"message": "", "levelname": "INFO", "name": "Trainer", "asctime": "2026-04-15 17:27:56,087", "type": "train", "epoch": 11, "batch": 3439, "n_batches": 7774, "time": 0.376, "data_time": 0.001, "lr": 0.0001, "loss": -22.376}
{"message": "", "levelname": "INFO", "name": "Trainer", "asctime": "2026-04-15 17:27:59,668", "type": "train", "epoch": 11, "batch": 3519, "n_batches": 7774, "time": 0.352, "data_time": 0.001, "lr": 0.0001, "loss": -7.108}
{"message": "", "levelname": "INFO", "name": "Trainer", "asctime": "2026-04-15 17:28:04,508", "type": "train", "epoch": 11, "batch": 3599, "n_batches": 7774, "time": 0.428, "data_time": 0.0, "lr": 0.0001, "loss": -14.179}
{"message": "", "levelname": "INFO", "name": "Trainer", "asctime": "2026-04-15 17:28:08,419", "type": "train", "epoch": 11, "batch": 3679, "n_batches": 7774, "time": 0.433, "data_time": 0.001, "lr": 0.0001, "loss": -16.053}
{"message": "", "levelname": "INFO", "name": "Trainer", "asctime": "2026-04-15 17:28:11,654", "type": "train", "epoch": 11, "batch": 3759, "n_batches": 7774, "time": 0.357, "data_time": 0.001, "lr": 0.0001, "loss": -16.899}
{"message": "", "levelname": "INFO", "name": "Trainer", "asctime": "2026-04-15 17:28:15,216", "type": "train", "epoch": 11, "batch": 3839, "n_batches": 7774, "time": 0.341, "data_time": 0.0, "lr": 0.0001, "loss": -20.871}
{"message": "", "levelname": "INFO", "name": "Trainer", "asctime": "2026-04-15 17:28:18,596", "type": "train", "epoch": 11, "batch": 3919, "n_batches": 7774, "time": 0.291, "data_time": 0.0, "lr": 0.0001, "loss": -16.807}
{"message": "", "levelname": "INFO", "name": "Trainer", "asctime": "2026-04-15 17:28:23,104", "type": "train", "epoch": 11, "batch": 3999, "n_batches": 7774, "time": 0.344, "data_time": 0.002, "lr": 0.0001, "loss": -8.382}
{"message": "", "levelname": "INFO", "name": "Trainer", "asctime": "2026-04-15 17:28:27,039", "type": "train", "epoch": 11, "batch": 4079, "n_batches": 7774, "time": 0.293, "data_time": 0.001, "lr": 0.0001, "loss": -21.601}
{"message": "", "levelname": "INFO", "name": "Trainer", "asctime": "2026-04-15 17:28:31,149", "type": "train", "epoch": 11, "batch": 4159, "n_batches": 7774, "time": 0.363, "data_time": 0.001, "lr": 0.0001, "loss": -14.34}
{"message": "", "levelname": "INFO", "name": "Trainer", "asctime": "2026-04-15 17:28:34,700", "type": "train", "epoch": 11, "batch": 4239, "n_batches": 7774, "time": 0.336, "data_time": 0.001, "lr": 0.0001, "loss": -18.173}
{"message": "", "levelname": "INFO", "name": "Trainer", "asctime": "2026-04-15 17:28:38,049", "type": "train", "epoch": 11, "batch": 4319, "n_batches": 7774, "time": 0.28, "data_time": 0.001, "lr": 0.0001, "loss": -13.698}
{"message": "", "levelname": "INFO", "name": "Trainer", "asctime": "2026-04-15 17:28:41,506", "type": "train", "epoch": 11, "batch": 4399, "n_batches": 7774, "time": 0.334, "data_time": 0.001, "lr": 0.0001, "loss": -15.463}
{"message": "", "levelname": "INFO", "name": "Trainer", "asctime": "2026-04-15 17:28:45,105", "type": "train", "epoch": 11, "batch": 4479, "n_batches": 7774, "time": 0.388, "data_time": 0.001, "lr": 0.0001, "loss": -17.742}
{"message": "", "levelname": "INFO", "name": "Trainer", "asctime": "2026-04-15 17:28:48,685", "type": "train", "epoch": 11, "batch": 4559, "n_batches": 7774, "time": 0.358, "data_time": 0.001, "lr": 0.0001, "loss": -7.433}
{"message": "", "levelname": "INFO", "name": "Trainer", "asctime": "2026-04-15 17:28:52,467", "type": "train", "epoch": 11, "batch": 4639, "n_batches": 7774, "time": 0.347, "data_time": 0.001, "lr": 0.0001, "loss": -21.524}
{"message": "", "levelname": "INFO", "name": "Trainer", "asctime": "2026-04-15 17:28:57,556", "type": "train", "epoch": 11, "batch": 4719, "n_batches": 7774, "time": 0.93, "data_time": 0.001, "lr": 0.0001, "loss": -21.763}
{"message": "", "levelname": "INFO", "name": "Trainer", "asctime": "2026-04-15 17:29:01,725", "type": "train", "epoch": 11, "batch": 4799, "n_batches": 7774, "time": 0.543, "data_time": 0.001, "lr": 0.0001, "loss": -14.568}
{"message": "", "levelname": "INFO", "name": "Trainer", "asctime": "2026-04-15 17:29:05,415", "type": "train", "epoch": 11, "batch": 4879, "n_batches": 7774, "time": 0.401, "data_time": 0.0, "lr": 0.0001, "loss": -18.105}
{"message": "", "levelname": "INFO", "name": "Trainer", "asctime": "2026-04-15 17:29:10,041", "type": "train", "epoch": 11, "batch": 4959, "n_batches": 7774, "time": 0.357, "data_time": 0.001, "lr": 0.0001, "loss": -15.691}
{"message": "", "levelname": "INFO", "name": "Trainer", "asctime": "2026-04-15 17:29:14,042", "type": "train", "epoch": 11, "batch": 5039, "n_batches": 7774, "time": 0.345, "data_time": 0.001, "lr": 0.0001, "loss": -19.933}
{"message": "", "levelname": "INFO", "name": "Trainer", "asctime": "2026-04-15 17:29:17,647", "type": "train", "epoch": 11, "batch": 5119, "n_batches": 7774, "time": 0.322, "data_time": 0.0, "lr": 0.0001, "loss": -9.914}
{"message": "", "levelname": "INFO", "name": "Trainer", "asctime": "2026-04-15 17:29:22,419", "type": "train", "epoch": 11, "batch": 5199, "n_batches": 7774, "time": 0.402, "data_time": 0.001, "lr": 0.0001, "loss": -11.301}
{"message": "", "levelname": "INFO", "name": "Trainer", "asctime": "2026-04-15 17:29:26,639", "type": "train", "epoch": 11, "batch": 5279, "n_batches": 7774, "time": 0.419, "data_time": 0.001, "lr": 0.0001, "loss": -10.76}
{"message": "", "levelname": "INFO", "name": "Trainer", "asctime": "2026-04-15 17:29:32,073", "type": "train", "epoch": 11, "batch": 5359, "n_batches": 7774, "time": 0.221, "data_time": 0.0, "lr": 0.0001, "loss": -16.261}
{"message": "", "levelname": "INFO", "name": "Trainer", "asctime": "2026-04-15 17:29:35,358", "type": "train", "epoch": 11, "batch": 5439, "n_batches": 7774, "time": 0.418, "data_time": 0.002, "lr": 0.0001, "loss": -10.15}
{"message": "", "levelname": "INFO", "name": "Trainer", "asctime": "2026-04-15 17:29:42,560", "type": "train", "epoch": 11, "batch": 5519, "n_batches": 7774, "time": 0.782, "data_time": 0.001, "lr": 0.0001, "loss": -16.332}
{"message": "", "levelname": "INFO", "name": "Trainer", "asctime": "2026-04-15 17:29:49,779", "type": "train", "epoch": 11, "batch": 5599, "n_batches": 7774, "time": 0.716, "data_time": 0.001, "lr": 0.0001, "loss": -19.31}
{"message": "", "levelname": "INFO", "name": "Trainer", "asctime": "2026-04-15 17:29:54,688", "type": "train", "epoch": 11, "batch": 5679, "n_batches": 7774, "time": 0.342, "data_time": 0.001, "lr": 0.0001, "loss": -12.49}
{"message": "", "levelname": "INFO", "name": "Trainer", "asctime": "2026-04-15 17:29:59,689", "type": "train", "epoch": 11, "batch": 5759, "n_batches": 7774, "time": 0.433, "data_time": 0.001, "lr": 0.0001, "loss": -11.909}
{"message": "", "levelname": "INFO", "name": "Trainer", "asctime": "2026-04-15 17:30:03,278", "type": "train", "epoch": 11, "batch": 5839, "n_batches": 7774, "time": 0.368, "data_time": 0.001, "lr": 0.0001, "loss": -20.766}
{"message": "", "levelname": "INFO", "name": "Trainer", "asctime": "2026-04-15 17:30:06,679", "type": "train", "epoch": 11, "batch": 5919, "n_batches": 7774, "time": 0.306, "data_time": 0.001, "lr": 0.0001, "loss": -13.547}
{"message": "", "levelname": "INFO", "name": "Trainer", "asctime": "2026-04-15 17:30:09,991", "type": "train", "epoch": 11, "batch": 5999, "n_batches": 7774, "time": 0.311, "data_time": 0.0, "lr": 0.0001, "loss": -17.692}
{"message": "", "levelname": "INFO", "name": "Trainer", "asctime": "2026-04-15 17:30:13,415", "type": "train", "epoch": 11, "batch": 6079, "n_batches": 7774, "time": 0.32, "data_time": 0.001, "lr": 0.0001, "loss": -18.672}
{"message": "", "levelname": "INFO", "name": "Trainer", "asctime": "2026-04-15 17:30:16,851", "type": "train", "epoch": 11, "batch": 6159, "n_batches": 7774, "time": 0.331, "data_time": 0.001, "lr": 0.0001, "loss": -11.751}
{"message": "", "levelname": "INFO", "name": "Trainer", "asctime": "2026-04-15 17:30:20,727", "type": "train", "epoch": 11, "batch": 6239, "n_batches": 7774, "time": 0.316, "data_time": 0.001, "lr": 0.0001, "loss": -18.259}
{"message": "", "levelname": "INFO", "name": "Trainer", "asctime": "2026-04-15 17:30:23,805", "type": "train", "epoch": 11, "batch": 6319, "n_batches": 7774, "time": 0.285, "data_time": 0.0, "lr": 0.0001, "loss": -17.913}
{"message": "", "levelname": "INFO", "name": "Trainer", "asctime": "2026-04-15 17:30:29,192", "type": "train", "epoch": 11, "batch": 6399, "n_batches": 7774, "time": 0.448, "data_time": 0.0, "lr": 0.0001, "loss": -17.219}
{"message": "", "levelname": "INFO", "name": "Trainer", "asctime": "2026-04-15 17:30:35,453", "type": "train", "epoch": 11, "batch": 6479, "n_batches": 7774, "time": 0.805, "data_time": 0.001, "lr": 0.0001, "loss": -15.157}
{"message": "", "levelname": "INFO", "name": "Trainer", "asctime": "2026-04-15 17:30:41,957", "type": "train", "epoch": 11, "batch": 6559, "n_batches": 7774, "time": 0.71, "data_time": 0.001, "lr": 0.0001, "loss": -11.112}
{"message": "", "levelname": "INFO", "name": "Trainer", "asctime": "2026-04-15 17:30:45,833", "type": "train", "epoch": 11, "batch": 6639, "n_batches": 7774, "time": 0.397, "data_time": 0.0, "lr": 0.0001, "loss": -19.798}
{"message": "", "levelname": "INFO", "name": "Trainer", "asctime": "2026-04-15 17:30:49,334", "type": "train", "epoch": 11, "batch": 6719, "n_batches": 7774, "time": 0.243, "data_time": 0.0, "lr": 0.0001, "loss": -13.229}
{"message": "", "levelname": "INFO", "name": "Trainer", "asctime": "2026-04-15 17:30:52,746", "type": "train", "epoch": 11, "batch": 6799, "n_batches": 7774, "time": 0.281, "data_time": 0.0, "lr": 0.0001, "loss": -25.01}
{"message": "", "levelname": "INFO", "name": "Trainer", "asctime": "2026-04-15 17:30:56,716", "type": "train", "epoch": 11, "batch": 6879, "n_batches": 7774, "time": 0.403, "data_time": 0.001, "lr": 0.0001, "loss": -11.766}
{"message": "", "levelname": "INFO", "name": "Trainer", "asctime": "2026-04-15 17:31:00,763", "type": "train", "epoch": 11, "batch": 6959, "n_batches": 7774, "time": 0.726, "data_time": 0.001, "lr": 0.0001, "loss": -20.736}
{"message": "", "levelname": "INFO", "name": "Trainer", "asctime": "2026-04-15 17:31:04,571", "type": "train", "epoch": 11, "batch": 7039, "n_batches": 7774, "time": 0.325, "data_time": 0.002, "lr": 0.0001, "loss": -19.813}
{"message": "", "levelname": "INFO", "name": "Trainer", "asctime": "2026-04-15 17:31:08,095", "type": "train", "epoch": 11, "batch": 7119, "n_batches": 7774, "time": 0.307, "data_time": 0.001, "lr": 0.0001, "loss": -16.392}
{"message": "", "levelname": "INFO", "name": "Trainer", "asctime": "2026-04-15 17:31:10,905", "type": "train", "epoch": 11, "batch": 7199, "n_batches": 7774, "time": 0.256, "data_time": 0.0, "lr": 0.0001, "loss": -13.701}
{"message": "", "levelname": "INFO", "name": "Trainer", "asctime": "2026-04-15 17:31:14,151", "type": "train", "epoch": 11, "batch": 7279, "n_batches": 7774, "time": 0.324, "data_time": 0.001, "lr": 0.0001, "loss": -18.752}
{"message": "", "levelname": "INFO", "name": "Trainer", "asctime": "2026-04-15 17:31:17,427", "type": "train", "epoch": 11, "batch": 7359, "n_batches": 7774, "time": 0.392, "data_time": 0.001, "lr": 0.0001, "loss": -13.988}
{"message": "", "levelname": "INFO", "name": "Trainer", "asctime": "2026-04-15 17:31:20,306", "type": "train", "epoch": 11, "batch": 7439, "n_batches": 7774, "time": 0.214, "data_time": 0.001, "lr": 0.0001, "loss": -24.037}
{"message": "", "levelname": "INFO", "name": "Trainer", "asctime": "2026-04-15 17:31:23,403", "type": "train", "epoch": 11, "batch": 7519, "n_batches": 7774, "time": 0.369, "data_time": 0.0, "lr": 0.0001, "loss": -19.673}
{"message": "", "levelname": "INFO", "name": "Trainer", "asctime": "2026-04-15 17:31:26,438", "type": "train", "epoch": 11, "batch": 7599, "n_batches": 7774, "time": 0.29, "data_time": 0.001, "lr": 0.0001, "loss": -20.503}
{"message": "", "levelname": "INFO", "name": "Trainer", "asctime": "2026-04-15 17:31:30,140", "type": "train", "epoch": 11, "batch": 7679, "n_batches": 7774, "time": 0.322, "data_time": 0.001, "lr": 0.0001, "loss": -15.212}
{"message": "", "levelname": "INFO", "name": "Trainer", "asctime": "2026-04-15 17:31:33,289", "type": "train", "epoch": 11, "batch": 7759, "n_batches": 7774, "time": 0.349, "data_time": 0.0, "lr": 0.0001, "loss": -10.759}
{"message": "", "levelname": "INFO", "name": "Trainer", "asctime": "2026-04-15 17:31:34,165", "type": "train-epoch", "epoch": 12, "loss": -2.05882, "time": 408.3}
{"message": "", "levelname": "INFO", "name": "Trainer", "asctime": "2026-04-15 17:32:33,697", "type": "val-epoch", "epoch": 12, "loss": -2.109, "test_loss": -2.109, "time": 59.5}
{"message": "", "levelname": "INFO", "name": "Trainer", "asctime": "2026-04-15 17:32:37,340", "type": "train", "epoch": 12, "batch": 79, "n_batches": 7774, "time": 0.291, "data_time": 0.001, "lr": 0.0001, "loss": -20.371}
{"message": "", "levelname": "INFO", "name": "Trainer", "asctime": "2026-04-15 17:32:40,910", "type": "train", "epoch": 12, "batch": 159, "n_batches": 7774, "time": 0.473, "data_time": 0.001, "lr": 0.0001, "loss": -20.011}
{"message": "", "levelname": "INFO", "name": "Trainer", "asctime": "2026-04-15 17:32:44,397", "type": "train", "epoch": 12, "batch": 239, "n_batches": 7774, "time": 0.306, "data_time": 0.001, "lr": 0.0001, "loss": -11.932}
{"message": "", "levelname": "INFO", "name": "Trainer", "asctime": "2026-04-15 17:32:47,889", "type": "train", "epoch": 12, "batch": 319, "n_batches": 7774, "time": 0.305, "data_time": 0.001, "lr": 0.0001, "loss": -19.425}
{"message": "", "levelname": "INFO", "name": "Trainer", "asctime": "2026-04-15 17:32:51,771", "type": "train", "epoch": 12, "batch": 399, "n_batches": 7774, "time": 0.468, "data_time": 0.001, "lr": 0.0001, "loss": -18.868}
{"message": "", "levelname": "INFO", "name": "Trainer", "asctime": "2026-04-15 17:32:54,968", "type": "train", "epoch": 12, "batch": 479, "n_batches": 7774, "time": 0.345, "data_time": 0.001, "lr": 0.0001, "loss": -20.832}
{"message": "", "levelname": "INFO", "name": "Trainer", "asctime": "2026-04-15 17:32:57,539", "type": "train", "epoch": 12, "batch": 559, "n_batches": 7774, "time": 0.188, "data_time": 0.0, "lr": 0.0001, "loss": -20.216}
{"message": "", "levelname": "INFO", "name": "Trainer", "asctime": "2026-04-15 17:33:00,828", "type": "train", "epoch": 12, "batch": 639, "n_batches": 7774, "time": 0.299, "data_time": 0.001, "lr": 0.0001, "loss": -16.586}
{"message": "", "levelname": "INFO", "name": "Trainer", "asctime": "2026-04-15 17:33:04,417", "type": "train", "epoch": 12, "batch": 719, "n_batches": 7774, "time": 0.379, "data_time": 0.002, "lr": 0.0001, "loss": -13.186}
{"message": "", "levelname": "INFO", "name": "Trainer", "asctime": "2026-04-15 17:33:07,264", "type": "train", "epoch": 12, "batch": 799, "n_batches": 7774, "time": 0.231, "data_time": 0.0, "lr": 0.0001, "loss": -22.661}
{"message": "", "levelname": "INFO", "name": "Trainer", "asctime": "2026-04-15 17:33:10,830", "type": "train", "epoch": 12, "batch": 879, "n_batches": 7774, "time": 0.274, "data_time": 0.001, "lr": 0.0001, "loss": -19.541}
{"message": "", "levelname": "INFO", "name": "Trainer", "asctime": "2026-04-15 17:33:13,736", "type": "train", "epoch": 12, "batch": 959, "n_batches": 7774, "time": 0.298, "data_time": 0.001, "lr": 0.0001, "loss": -16.507}
{"message": "", "levelname": "INFO", "name": "Trainer", "asctime": "2026-04-15 17:33:17,507", "type": "train", "epoch": 12, "batch": 1039, "n_batches": 7774, "time": 0.243, "data_time": 0.0, "lr": 0.0001, "loss": -21.177}
{"message": "", "levelname": "INFO", "name": "Trainer", "asctime": "2026-04-15 17:33:21,363", "type": "train", "epoch": 12, "batch": 1119, "n_batches": 7774, "time": 0.539, "data_time": 0.001, "lr": 0.0001, "loss": -18.556}
{"message": "", "levelname": "INFO", "name": "Trainer", "asctime": "2026-04-15 17:33:24,854", "type": "train", "epoch": 12, "batch": 1199, "n_batches": 7774, "time": 0.288, "data_time": 0.001, "lr": 0.0001, "loss": -22.9}
{"message": "", "levelname": "INFO", "name": "Trainer", "asctime": "2026-04-15 17:33:28,213", "type": "train", "epoch": 12, "batch": 1279, "n_batches": 7774, "time": 0.256, "data_time": 0.0, "lr": 0.0001, "loss": -19.149}
{"message": "", "levelname": "INFO", "name": "Trainer", "asctime": "2026-04-15 17:33:31,540", "type": "train", "epoch": 12, "batch": 1359, "n_batches": 7774, "time": 0.35, "data_time": 0.001, "lr": 0.0001, "loss": -17.49}
{"message": "", "levelname": "INFO", "name": "Trainer", "asctime": "2026-04-15 17:33:34,647", "type": "train", "epoch": 12, "batch": 1439, "n_batches": 7774, "time": 0.316, "data_time": 0.0, "lr": 0.0001, "loss": -22.424}
{"message": "", "levelname": "INFO", "name": "Trainer", "asctime": "2026-04-15 17:33:37,895", "type": "train", "epoch": 12, "batch": 1519, "n_batches": 7774, "time": 0.275, "data_time": 0.001, "lr": 0.0001, "loss": -21.417}
{"message": "", "levelname": "INFO", "name": "Trainer", "asctime": "2026-04-15 17:33:40,836", "type": "train", "epoch": 12, "batch": 1599, "n_batches": 7774, "time": 0.315, "data_time": 0.001, "lr": 0.0001, "loss": -15.372}
{"message": "", "levelname": "INFO", "name": "Trainer", "asctime": "2026-04-15 17:33:43,771", "type": "train", "epoch": 12, "batch": 1679, "n_batches": 7774, "time": 0.308, "data_time": 0.001, "lr": 0.0001, "loss": -17.046}
{"message": "", "levelname": "INFO", "name": "Trainer", "asctime": "2026-04-15 17:33:47,228", "type": "train", "epoch": 12, "batch": 1759, "n_batches": 7774, "time": 0.439, "data_time": 0.001, "lr": 0.0001, "loss": -16.596}
{"message": "", "levelname": "INFO", "name": "Trainer", "asctime": "2026-04-15 17:33:50,317", "type": "train", "epoch": 12, "batch": 1839, "n_batches": 7774, "time": 0.31, "data_time": 0.001, "lr": 0.0001, "loss": -19.702}
{"message": "", "levelname": "INFO", "name": "Trainer", "asctime": "2026-04-15 17:33:53,299", "type": "train", "epoch": 12, "batch": 1919, "n_batches": 7774, "time": 0.245, "data_time": 0.001, "lr": 0.0001, "loss": -17.295}
{"message": "", "levelname": "INFO", "name": "Trainer", "asctime": "2026-04-15 17:33:56,477", "type": "train", "epoch": 12, "batch": 1999, "n_batches": 7774, "time": 0.267, "data_time": 0.001, "lr": 0.0001, "loss": -16.476}
{"message": "", "levelname": "INFO", "name": "Trainer", "asctime": "2026-04-15 17:34:00,388", "type": "train", "epoch": 12, "batch": 2079, "n_batches": 7774, "time": 0.415, "data_time": 0.002, "lr": 0.0001, "loss": -22.504}
{"message": "", "levelname": "INFO", "name": "Trainer", "asctime": "2026-04-15 17:34:03,629", "type": "train", "epoch": 12, "batch": 2159, "n_batches": 7774, "time": 0.211, "data_time": 0.0, "lr": 0.0001, "loss": -15.179}
{"message": "", "levelname": "INFO", "name": "Trainer", "asctime": "2026-04-15 17:34:06,790", "type": "train", "epoch": 12, "batch": 2239, "n_batches": 7774, "time": 0.349, "data_time": 0.0, "lr": 0.0001, "loss": -19.144}
{"message": "", "levelname": "INFO", "name": "Trainer", "asctime": "2026-04-15 17:34:10,013", "type": "train", "epoch": 12, "batch": 2319, "n_batches": 7774, "time": 0.307, "data_time": 0.001, "lr": 0.0001, "loss": -16.255}
{"message": "", "levelname": "INFO", "name": "Trainer", "asctime": "2026-04-15 17:34:15,779", "type": "train", "epoch": 12, "batch": 2399, "n_batches": 7774, "time": 0.427, "data_time": 0.001, "lr": 0.0001, "loss": -13.814}
{"message": "", "levelname": "INFO", "name": "Trainer", "asctime": "2026-04-15 17:34:19,539", "type": "train", "epoch": 12, "batch": 2479, "n_batches": 7774, "time": 0.319, "data_time": 0.001, "lr": 0.0001, "loss": -13.178}
{"message": "", "levelname": "INFO", "name": "Trainer", "asctime": "2026-04-15 17:34:22,890", "type": "train", "epoch": 12, "batch": 2559, "n_batches": 7774, "time": 0.312, "data_time": 0.0, "lr": 0.0001, "loss": -18.354}
{"message": "", "levelname": "INFO", "name": "Trainer", "asctime": "2026-04-15 17:34:26,276", "type": "train", "epoch": 12, "batch": 2639, "n_batches": 7774, "time": 0.352, "data_time": 0.0, "lr": 0.0001, "loss": -17.076}
{"message": "", "levelname": "INFO", "name": "Trainer", "asctime": "2026-04-15 17:34:29,796", "type": "train", "epoch": 12, "batch": 2719, "n_batches": 7774, "time": 0.439, "data_time": 0.0, "lr": 0.0001, "loss": -14.552}
{"message": "", "levelname": "INFO", "name": "Trainer", "asctime": "2026-04-15 17:34:33,811", "type": "train", "epoch": 12, "batch": 2799, "n_batches": 7774, "time": 0.278, "data_time": 0.0, "lr": 0.0001, "loss": -23.545}
{"message": "", "levelname": "INFO", "name": "Trainer", "asctime": "2026-04-15 17:34:39,069", "type": "train", "epoch": 12, "batch": 2879, "n_batches": 7774, "time": 0.262, "data_time": 0.0, "lr": 0.0001, "loss": -13.339}
{"message": "", "levelname": "INFO", "name": "Trainer", "asctime": "2026-04-15 17:34:43,147", "type": "train", "epoch": 12, "batch": 2959, "n_batches": 7774, "time": 0.3, "data_time": 0.001, "lr": 0.0001, "loss": -19.736}
{"message": "", "levelname": "INFO", "name": "Trainer", "asctime": "2026-04-15 17:34:46,259", "type": "train", "epoch": 12, "batch": 3039, "n_batches": 7774, "time": 0.37, "data_time": 0.001, "lr": 0.0001, "loss": -16.974}
{"message": "", "levelname": "INFO", "name": "Trainer", "asctime": "2026-04-15 17:34:50,147", "type": "train", "epoch": 12, "batch": 3119, "n_batches": 7774, "time": 0.49, "data_time": 0.001, "lr": 0.0001, "loss": -14.127}
{"message": "", "levelname": "INFO", "name": "Trainer", "asctime": "2026-04-15 17:34:53,886", "type": "train", "epoch": 12, "batch": 3199, "n_batches": 7774, "time": 0.208, "data_time": 0.001, "lr": 0.0001, "loss": -13.87}
{"message": "", "levelname": "INFO", "name": "Trainer", "asctime": "2026-04-15 17:34:56,840", "type": "train", "epoch": 12, "batch": 3279, "n_batches": 7774, "time": 0.287, "data_time": 0.001, "lr": 0.0001, "loss": -14.505}
{"message": "", "levelname": "INFO", "name": "Trainer", "asctime": "2026-04-15 17:35:00,323", "type": "train", "epoch": 12, "batch": 3359, "n_batches": 7774, "time": 0.297, "data_time": 0.001, "lr": 0.0001, "loss": -18.322}
{"message": "", "levelname": "INFO", "name": "Trainer", "asctime": "2026-04-15 17:35:04,189", "type": "train", "epoch": 12, "batch": 3439, "n_batches": 7774, "time": 0.352, "data_time": 0.001, "lr": 0.0001, "loss": -6.966}
{"message": "", "levelname": "INFO", "name": "Trainer", "asctime": "2026-04-15 17:35:07,190", "type": "train", "epoch": 12, "batch": 3519, "n_batches": 7774, "time": 0.263, "data_time": 0.0, "lr": 0.0001, "loss": -12.735}
{"message": "", "levelname": "INFO", "name": "Trainer", "asctime": "2026-04-15 17:35:10,863", "type": "train", "epoch": 12, "batch": 3599, "n_batches": 7774, "time": 0.365, "data_time": 0.001, "lr": 0.0001, "loss": -18.455}
{"message": "", "levelname": "INFO", "name": "Trainer", "asctime": "2026-04-15 17:35:15,765", "type": "train", "epoch": 12, "batch": 3679, "n_batches": 7774, "time": 0.488, "data_time": 0.001, "lr": 0.0001, "loss": -20.032}
{"message": "", "levelname": "INFO", "name": "Trainer", "asctime": "2026-04-15 17:35:19,563", "type": "train", "epoch": 12, "batch": 3759, "n_batches": 7774, "time": 0.402, "data_time": 0.001, "lr": 0.0001, "loss": -12.533}
{"message": "", "levelname": "INFO", "name": "Trainer", "asctime": "2026-04-15 17:35:23,678", "type": "train", "epoch": 12, "batch": 3839, "n_batches": 7774, "time": 0.453, "data_time": 0.0, "lr": 0.0001, "loss": -23.61}
{"message": "", "levelname": "INFO", "name": "Trainer", "asctime": "2026-04-15 17:35:28,063", "type": "train", "epoch": 12, "batch": 3919, "n_batches": 7774, "time": 0.754, "data_time": 0.001, "lr": 0.0001, "loss": -13.759}
{"message": "", "levelname": "INFO", "name": "Trainer", "asctime": "2026-04-15 17:35:32,555", "type": "train", "epoch": 12, "batch": 3999, "n_batches": 7774, "time": 0.243, "data_time": 0.001, "lr": 0.0001, "loss": -16.848}
{"message": "", "levelname": "INFO", "name": "Trainer", "asctime": "2026-04-15 17:35:36,473", "type": "train", "epoch": 12, "batch": 4079, "n_batches": 7774, "time": 0.373, "data_time": 0.001, "lr": 0.0001, "loss": -14.597}
{"message": "", "levelname": "INFO", "name": "Trainer", "asctime": "2026-04-15 17:35:40,234", "type": "train", "epoch": 12, "batch": 4159, "n_batches": 7774, "time": 0.341, "data_time": 0.0, "lr": 0.0001, "loss": -16.556}
{"message": "", "levelname": "INFO", "name": "Trainer", "asctime": "2026-04-15 17:35:44,042", "type": "train", "epoch": 12, "batch": 4239, "n_batches": 7774, "time": 0.251, "data_time": 0.0, "lr": 0.0001, "loss": -13.285}
{"message": "", "levelname": "INFO", "name": "Trainer", "asctime": "2026-04-15 17:35:47,603", "type": "train", "epoch": 12, "batch": 4319, "n_batches": 7774, "time": 0.327, "data_time": 0.001, "lr": 0.0001, "loss": -12.88}
{"message": "", "levelname": "INFO", "name": "Trainer", "asctime": "2026-04-15 17:35:51,656", "type": "train", "epoch": 12, "batch": 4399, "n_batches": 7774, "time": 0.716, "data_time": 0.002, "lr": 0.0001, "loss": -14.432}
{"message": "", "levelname": "INFO", "name": "Trainer", "asctime": "2026-04-15 17:35:55,185", "type": "train", "epoch": 12, "batch": 4479, "n_batches": 7774, "time": 0.452, "data_time": 0.0, "lr": 0.0001, "loss": -16.817}
{"message": "", "levelname": "INFO", "name": "Trainer", "asctime": "2026-04-15 17:35:59,068", "type": "train", "epoch": 12, "batch": 4559, "n_batches": 7774, "time": 0.311, "data_time": 0.0, "lr": 0.0001, "loss": -12.486}
{"message": "", "levelname": "INFO", "name": "Trainer", "asctime": "2026-04-15 17:36:02,816", "type": "train", "epoch": 12, "batch": 4639, "n_batches": 7774, "time": 0.395, "data_time": 0.001, "lr": 0.0001, "loss": -15.697}
{"message": "", "levelname": "INFO", "name": "Trainer", "asctime": "2026-04-15 17:36:06,244", "type": "train", "epoch": 12, "batch": 4719, "n_batches": 7774, "time": 0.237, "data_time": 0.001, "lr": 0.0001, "loss": -12.488}
{"message": "", "levelname": "INFO", "name": "Trainer", "asctime": "2026-04-15 17:36:09,258", "type": "train", "epoch": 12, "batch": 4799, "n_batches": 7774, "time": 0.262, "data_time": 0.001, "lr": 0.0001, "loss": -18.188}
{"message": "", "levelname": "INFO", "name": "Trainer", "asctime": "2026-04-15 17:36:12,420", "type": "train", "epoch": 12, "batch": 4879, "n_batches": 7774, "time": 0.245, "data_time": 0.001, "lr": 0.0001, "loss": -15.041}
{"message": "", "levelname": "INFO", "name": "Trainer", "asctime": "2026-04-15 17:36:16,027", "type": "train", "epoch": 12, "batch": 4959, "n_batches": 7774, "time": 0.291, "data_time": 0.001, "lr": 0.0001, "loss": -20.135}
{"message": "", "levelname": "INFO", "name": "Trainer", "asctime": "2026-04-15 17:36:19,808", "type": "train", "epoch": 12, "batch": 5039, "n_batches": 7774, "time": 0.335, "data_time": 0.001, "lr": 0.0001, "loss": -20.308}
{"message": "", "levelname": "INFO", "name": "Trainer", "asctime": "2026-04-15 17:36:23,939", "type": "train", "epoch": 12, "batch": 5119, "n_batches": 7774, "time": 0.428, "data_time": 0.001, "lr": 0.0001, "loss": -21.566}
{"message": "", "levelname": "INFO", "name": "Trainer", "asctime": "2026-04-15 17:36:27,305", "type": "train", "epoch": 12, "batch": 5199, "n_batches": 7774, "time": 0.33, "data_time": 0.001, "lr": 0.0001, "loss": -17.359}
{"message": "", "levelname": "INFO", "name": "Trainer", "asctime": "2026-04-15 17:36:31,392", "type": "train", "epoch": 12, "batch": 5279, "n_batches": 7774, "time": 0.397, "data_time": 0.001, "lr": 0.0001, "loss": -15.99}
{"message": "", "levelname": "INFO", "name": "Trainer", "asctime": "2026-04-15 17:36:35,317", "type": "train", "epoch": 12, "batch": 5359, "n_batches": 7774, "time": 0.398, "data_time": 0.001, "lr": 0.0001, "loss": -17.999}
{"message": "", "levelname": "INFO", "name": "Trainer", "asctime": "2026-04-15 17:36:39,914", "type": "train", "epoch": 12, "batch": 5439, "n_batches": 7774, "time": 0.434, "data_time": 0.001, "lr": 0.0001, "loss": -12.971}
{"message": "", "levelname": "INFO", "name": "Trainer", "asctime": "2026-04-15 17:36:44,178", "type": "train", "epoch": 12, "batch": 5519, "n_batches": 7774, "time": 0.321, "data_time": 0.001, "lr": 0.0001, "loss": -13.345}
{"message": "", "levelname": "INFO", "name": "Trainer", "asctime": "2026-04-15 17:36:48,956", "type": "train", "epoch": 12, "batch": 5599, "n_batches": 7774, "time": 0.556, "data_time": 0.001, "lr": 0.0001, "loss": -16.11}
{"message": "", "levelname": "INFO", "name": "Trainer", "asctime": "2026-04-15 17:36:58,174", "type": "train", "epoch": 12, "batch": 5679, "n_batches": 7774, "time": 0.587, "data_time": 0.001, "lr": 0.0001, "loss": -18.927}
{"message": "", "levelname": "INFO", "name": "Trainer", "asctime": "2026-04-15 17:37:04,277", "type": "train", "epoch": 12, "batch": 5759, "n_batches": 7774, "time": 0.395, "data_time": 0.001, "lr": 0.0001, "loss": -9.827}
{"message": "", "levelname": "INFO", "name": "Trainer", "asctime": "2026-04-15 17:37:09,422", "type": "train", "epoch": 12, "batch": 5839, "n_batches": 7774, "time": 0.657, "data_time": 0.002, "lr": 0.0001, "loss": -12.977}
{"message": "", "levelname": "INFO", "name": "Trainer", "asctime": "2026-04-15 17:37:15,752", "type": "train", "epoch": 12, "batch": 5919, "n_batches": 7774, "time": 0.277, "data_time": 0.001, "lr": 0.0001, "loss": -13.556}
{"message": "", "levelname": "INFO", "name": "Trainer", "asctime": "2026-04-15 17:37:20,515", "type": "train", "epoch": 12, "batch": 5999, "n_batches": 7774, "time": 0.936, "data_time": 0.001, "lr": 0.0001, "loss": -19.941}
{"message": "", "levelname": "INFO", "name": "Trainer", "asctime": "2026-04-15 17:37:24,818", "type": "train", "epoch": 12, "batch": 6079, "n_batches": 7774, "time": 0.396, "data_time": 0.001, "lr": 0.0001, "loss": -22.768}
{"message": "", "levelname": "INFO", "name": "Trainer", "asctime": "2026-04-15 17:37:28,959", "type": "train", "epoch": 12, "batch": 6159, "n_batches": 7774, "time": 0.343, "data_time": 0.001, "lr": 0.0001, "loss": -23.769}
{"message": "", "levelname": "INFO", "name": "Trainer", "asctime": "2026-04-15 17:37:33,997", "type": "train", "epoch": 12, "batch": 6239, "n_batches": 7774, "time": 0.472, "data_time": 0.001, "lr": 0.0001, "loss": -15.32}
{"message": "", "levelname": "INFO", "name": "Trainer", "asctime": "2026-04-15 17:37:38,220", "type": "train", "epoch": 12, "batch": 6319, "n_batches": 7774, "time": 0.507, "data_time": 0.001, "lr": 0.0001, "loss": -15.218}
{"message": "", "levelname": "INFO", "name": "Trainer", "asctime": "2026-04-15 17:37:42,302", "type": "train", "epoch": 12, "batch": 6399, "n_batches": 7774, "time": 0.414, "data_time": 0.0, "lr": 0.0001, "loss": -13.836}
{"message": "", "levelname": "INFO", "name": "Trainer", "asctime": "2026-04-15 17:37:47,858", "type": "train", "epoch": 12, "batch": 6479, "n_batches": 7774, "time": 0.639, "data_time": 0.001, "lr": 0.0001, "loss": -15.835}
{"message": "", "levelname": "INFO", "name": "Trainer", "asctime": "2026-04-15 17:37:52,798", "type": "train", "epoch": 12, "batch": 6559, "n_batches": 7774, "time": 0.351, "data_time": 0.001, "lr": 0.0001, "loss": -18.866}
{"message": "", "levelname": "INFO", "name": "Trainer", "asctime": "2026-04-15 17:37:56,173", "type": "train", "epoch": 12, "batch": 6639, "n_batches": 7774, "time": 0.344, "data_time": 0.001, "lr": 0.0001, "loss": -18.875}
{"message": "", "levelname": "INFO", "name": "Trainer", "asctime": "2026-04-15 17:37:59,729", "type": "train", "epoch": 12, "batch": 6719, "n_batches": 7774, "time": 0.396, "data_time": 0.002, "lr": 0.0001, "loss": -9.24}
{"message": "", "levelname": "INFO", "name": "Trainer", "asctime": "2026-04-15 17:38:03,663", "type": "train", "epoch": 12, "batch": 6799, "n_batches": 7774, "time": 0.295, "data_time": 0.0, "lr": 0.0001, "loss": -17.797}
{"message": "", "levelname": "INFO", "name": "Trainer", "asctime": "2026-04-15 17:38:09,431", "type": "train", "epoch": 12, "batch": 6879, "n_batches": 7774, "time": 0.304, "data_time": 0.0, "lr": 0.0001, "loss": -12.137}
{"message": "", "levelname": "INFO", "name": "Trainer", "asctime": "2026-04-15 17:38:13,692", "type": "train", "epoch": 12, "batch": 6959, "n_batches": 7774, "time": 0.512, "data_time": 0.001, "lr": 0.0001, "loss": -18.685}
{"message": "", "levelname": "INFO", "name": "Trainer", "asctime": "2026-04-15 17:38:17,416", "type": "train", "epoch": 12, "batch": 7039, "n_batches": 7774, "time": 0.278, "data_time": 0.0, "lr": 0.0001, "loss": -18.369}
{"message": "", "levelname": "INFO", "name": "Trainer", "asctime": "2026-04-15 17:38:22,158", "type": "train", "epoch": 12, "batch": 7119, "n_batches": 7774, "time": 1.023, "data_time": 0.001, "lr": 0.0001, "loss": -16.237}
{"message": "", "levelname": "INFO", "name": "Trainer", "asctime": "2026-04-15 17:38:26,987", "type": "train", "epoch": 12, "batch": 7199, "n_batches": 7774, "time": 0.37, "data_time": 0.001, "lr": 0.0001, "loss": -18.759}
{"message": "", "levelname": "INFO", "name": "Trainer", "asctime": "2026-04-15 17:38:30,674", "type": "train", "epoch": 12, "batch": 7279, "n_batches": 7774, "time": 0.478, "data_time": 0.002, "lr": 0.0001, "loss": -18.412}
{"message": "", "levelname": "INFO", "name": "Trainer", "asctime": "2026-04-15 17:38:36,054", "type": "train", "epoch": 12, "batch": 7359, "n_batches": 7774, "time": 0.388, "data_time": 0.001, "lr": 0.0001, "loss": -20.006}
{"message": "", "levelname": "INFO", "name": "Trainer", "asctime": "2026-04-15 17:38:40,345", "type": "train", "epoch": 12, "batch": 7439, "n_batches": 7774, "time": 0.457, "data_time": 0.001, "lr": 0.0001, "loss": -17.785}
{"message": "", "levelname": "INFO", "name": "Trainer", "asctime": "2026-04-15 17:38:44,686", "type": "train", "epoch": 12, "batch": 7519, "n_batches": 7774, "time": 0.378, "data_time": 0.001, "lr": 0.0001, "loss": -22.294}
{"message": "", "levelname": "INFO", "name": "Trainer", "asctime": "2026-04-15 17:38:48,930", "type": "train", "epoch": 12, "batch": 7599, "n_batches": 7774, "time": 0.364, "data_time": 0.001, "lr": 0.0001, "loss": -16.926}
{"message": "", "levelname": "INFO", "name": "Trainer", "asctime": "2026-04-15 17:38:52,998", "type": "train", "epoch": 12, "batch": 7679, "n_batches": 7774, "time": 0.298, "data_time": 0.001, "lr": 0.0001, "loss": -18.859}
{"message": "", "levelname": "INFO", "name": "Trainer", "asctime": "2026-04-15 17:38:56,666", "type": "train", "epoch": 12, "batch": 7759, "n_batches": 7774, "time": 0.709, "data_time": 0.001, "lr": 0.0001, "loss": -17.286}
{"message": "", "levelname": "INFO", "name": "Trainer", "asctime": "2026-04-15 17:38:58,391", "type": "train-epoch", "epoch": 13, "loss": -2.0682, "time": 384.7}
{"message": "", "levelname": "INFO", "name": "Trainer", "asctime": "2026-04-15 17:40:07,124", "type": "val-epoch", "epoch": 13, "loss": -2.106, "test_loss": -2.106, "time": 68.7}
{"message": "", "levelname": "INFO", "name": "Trainer", "asctime": "2026-04-15 17:40:11,491", "type": "train", "epoch": 13, "batch": 79, "n_batches": 7774, "time": 0.463, "data_time": 0.001, "lr": 0.0001, "loss": -18.412}
{"message": "", "levelname": "INFO", "name": "Trainer", "asctime": "2026-04-15 17:40:17,698", "type": "train", "epoch": 13, "batch": 159, "n_batches": 7774, "time": 0.379, "data_time": 0.001, "lr": 0.0001, "loss": -12.85}
{"message": "", "levelname": "INFO", "name": "Trainer", "asctime": "2026-04-15 17:40:20,619", "type": "train", "epoch": 13, "batch": 239, "n_batches": 7774, "time": 0.346, "data_time": 0.0, "lr": 0.0001, "loss": -21.832}
{"message": "", "levelname": "INFO", "name": "Trainer", "asctime": "2026-04-15 17:40:24,652", "type": "train", "epoch": 13, "batch": 319, "n_batches": 7774, "time": 0.387, "data_time": 0.001, "lr": 0.0001, "loss": -14.529}
{"message": "", "levelname": "INFO", "name": "Trainer", "asctime": "2026-04-15 17:40:29,026", "type": "train", "epoch": 13, "batch": 399, "n_batches": 7774, "time": 0.33, "data_time": 0.0, "lr": 0.0001, "loss": -22.569}
{"message": "", "levelname": "INFO", "name": "Trainer", "asctime": "2026-04-15 17:40:32,981", "type": "train", "epoch": 13, "batch": 479, "n_batches": 7774, "time": 0.44, "data_time": 0.001, "lr": 0.0001, "loss": -19.756}
{"message": "", "levelname": "INFO", "name": "Trainer", "asctime": "2026-04-15 17:40:36,600", "type": "train", "epoch": 13, "batch": 559, "n_batches": 7774, "time": 0.328, "data_time": 0.0, "lr": 0.0001, "loss": -19.231}
{"message": "", "levelname": "INFO", "name": "Trainer", "asctime": "2026-04-15 17:40:42,160", "type": "train", "epoch": 13, "batch": 639, "n_batches": 7774, "time": 0.971, "data_time": 0.001, "lr": 0.0001, "loss": -20.42}
{"message": "", "levelname": "INFO", "name": "Trainer", "asctime": "2026-04-15 17:40:49,083", "type": "train", "epoch": 13, "batch": 719, "n_batches": 7774, "time": 0.241, "data_time": 0.001, "lr": 0.0001, "loss": -14.849}
{"message": "", "levelname": "INFO", "name": "Trainer", "asctime": "2026-04-15 17:40:56,841", "type": "train", "epoch": 13, "batch": 799, "n_batches": 7774, "time": 0.763, "data_time": 0.002, "lr": 0.0001, "loss": -17.934}
{"message": "", "levelname": "INFO", "name": "Trainer", "asctime": "2026-04-15 17:41:04,651", "type": "train", "epoch": 13, "batch": 879, "n_batches": 7774, "time": 0.502, "data_time": 0.001, "lr": 0.0001, "loss": -22.432}
{"message": "", "levelname": "INFO", "name": "Trainer", "asctime": "2026-04-15 17:41:08,979", "type": "train", "epoch": 13, "batch": 959, "n_batches": 7774, "time": 0.315, "data_time": 0.001, "lr": 0.0001, "loss": -17.969}
{"message": "", "levelname": "INFO", "name": "Trainer", "asctime": "2026-04-15 17:41:14,697", "type": "train", "epoch": 13, "batch": 1039, "n_batches": 7774, "time": 0.755, "data_time": 0.001, "lr": 0.0001, "loss": -18.76}
{"message": "", "levelname": "INFO", "name": "Trainer", "asctime": "2026-04-15 17:41:27,316", "type": "train", "epoch": 13, "batch": 1119, "n_batches": 7774, "time": 1.001, "data_time": 0.001, "lr": 0.0001, "loss": -17.61}
{"message": "", "levelname": "INFO", "name": "Trainer", "asctime": "2026-04-15 17:41:33,719", "type": "train", "epoch": 13, "batch": 1199, "n_batches": 7774, "time": 0.339, "data_time": 0.001, "lr": 0.0001, "loss": -11.993}
{"message": "", "levelname": "INFO", "name": "Trainer", "asctime": "2026-04-15 17:41:39,646", "type": "train", "epoch": 13, "batch": 1279, "n_batches": 7774, "time": 0.244, "data_time": 0.001, "lr": 0.0001, "loss": -15.882}
{"message": "", "levelname": "INFO", "name": "Trainer", "asctime": "2026-04-15 17:41:43,087", "type": "train", "epoch": 13, "batch": 1359, "n_batches": 7774, "time": 0.461, "data_time": 0.0, "lr": 0.0001, "loss": -11.527}
{"message": "", "levelname": "INFO", "name": "Trainer", "asctime": "2026-04-15 17:41:47,615", "type": "train", "epoch": 13, "batch": 1439, "n_batches": 7774, "time": 0.362, "data_time": 0.001, "lr": 0.0001, "loss": -16.071}
{"message": "", "levelname": "INFO", "name": "Trainer", "asctime": "2026-04-15 17:41:53,642", "type": "train", "epoch": 13, "batch": 1519, "n_batches": 7774, "time": 0.413, "data_time": 0.0, "lr": 0.0001, "loss": -18.689}
{"message": "", "levelname": "INFO", "name": "Trainer", "asctime": "2026-04-15 17:41:57,449", "type": "train", "epoch": 13, "batch": 1599, "n_batches": 7774, "time": 0.389, "data_time": 0.001, "lr": 0.0001, "loss": -16.403}
{"message": "", "levelname": "INFO", "name": "Trainer", "asctime": "2026-04-15 17:42:02,621", "type": "train", "epoch": 13, "batch": 1679, "n_batches": 7774, "time": 0.558, "data_time": 0.001, "lr": 0.0001, "loss": -13.395}
{"message": "", "levelname": "INFO", "name": "Trainer", "asctime": "2026-04-15 17:42:07,954", "type": "train", "epoch": 13, "batch": 1759, "n_batches": 7774, "time": 0.382, "data_time": 0.002, "lr": 0.0001, "loss": -15.879}
{"message": "", "levelname": "INFO", "name": "Trainer", "asctime": "2026-04-15 17:42:13,077", "type": "train", "epoch": 13, "batch": 1839, "n_batches": 7774, "time": 0.386, "data_time": 0.0, "lr": 0.0001, "loss": -18.694}
{"message": "", "levelname": "INFO", "name": "Trainer", "asctime": "2026-04-15 17:42:17,639", "type": "train", "epoch": 13, "batch": 1919, "n_batches": 7774, "time": 0.657, "data_time": 0.001, "lr": 0.0001, "loss": -22.036}
{"message": "", "levelname": "INFO", "name": "Trainer", "asctime": "2026-04-15 17:42:21,885", "type": "train", "epoch": 13, "batch": 1999, "n_batches": 7774, "time": 0.868, "data_time": 0.001, "lr": 0.0001, "loss": -18.255}
{"message": "", "levelname": "INFO", "name": "Trainer", "asctime": "2026-04-15 17:42:25,460", "type": "train", "epoch": 13, "batch": 2079, "n_batches": 7774, "time": 0.296, "data_time": 0.002, "lr": 0.0001, "loss": -18.724}
{"message": "", "levelname": "INFO", "name": "Trainer", "asctime": "2026-04-15 17:42:28,972", "type": "train", "epoch": 13, "batch": 2159, "n_batches": 7774, "time": 0.331, "data_time": 0.001, "lr": 0.0001, "loss": -16.782}
{"message": "", "levelname": "INFO", "name": "Trainer", "asctime": "2026-04-15 17:42:32,376", "type": "train", "epoch": 13, "batch": 2239, "n_batches": 7774, "time": 0.235, "data_time": 0.001, "lr": 0.0001, "loss": -24.368}
{"message": "", "levelname": "INFO", "name": "Trainer", "asctime": "2026-04-15 17:42:35,849", "type": "train", "epoch": 13, "batch": 2319, "n_batches": 7774, "time": 0.245, "data_time": 0.001, "lr": 0.0001, "loss": -19.61}
{"message": "", "levelname": "INFO", "name": "Trainer", "asctime": "2026-04-15 17:42:39,034", "type": "train", "epoch": 13, "batch": 2399, "n_batches": 7774, "time": 0.308, "data_time": 0.001, "lr": 0.0001, "loss": -15.555}
{"message": "", "levelname": "INFO", "name": "Trainer", "asctime": "2026-04-15 17:42:42,085", "type": "train", "epoch": 13, "batch": 2479, "n_batches": 7774, "time": 0.206, "data_time": 0.0, "lr": 0.0001, "loss": -15.071}
{"message": "", "levelname": "INFO", "name": "Trainer", "asctime": "2026-04-15 17:42:46,033", "type": "train", "epoch": 13, "batch": 2559, "n_batches": 7774, "time": 0.284, "data_time": 0.001, "lr": 0.0001, "loss": -14.733}
{"message": "", "levelname": "INFO", "name": "Trainer", "asctime": "2026-04-15 17:42:49,607", "type": "train", "epoch": 13, "batch": 2639, "n_batches": 7774, "time": 0.396, "data_time": 0.001, "lr": 0.0001, "loss": -19.913}
{"message": "", "levelname": "INFO", "name": "Trainer", "asctime": "2026-04-15 17:42:52,721", "type": "train", "epoch": 13, "batch": 2719, "n_batches": 7774, "time": 0.296, "data_time": 0.001, "lr": 0.0001, "loss": -22.011}
{"message": "", "levelname": "INFO", "name": "Trainer", "asctime": "2026-04-15 17:42:56,122", "type": "train", "epoch": 13, "batch": 2799, "n_batches": 7774, "time": 0.289, "data_time": 0.001, "lr": 0.0001, "loss": -18.294}
{"message": "", "levelname": "INFO", "name": "Trainer", "asctime": "2026-04-15 17:42:59,503", "type": "train", "epoch": 13, "batch": 2879, "n_batches": 7774, "time": 0.497, "data_time": 0.001, "lr": 0.0001, "loss": -21.348}
{"message": "", "levelname": "INFO", "name": "Trainer", "asctime": "2026-04-15 17:43:03,107", "type": "train", "epoch": 13, "batch": 2959, "n_batches": 7774, "time": 0.389, "data_time": 0.001, "lr": 0.0001, "loss": -19.252}
{"message": "", "levelname": "INFO", "name": "Trainer", "asctime": "2026-04-15 17:43:06,579", "type": "train", "epoch": 13, "batch": 3039, "n_batches": 7774, "time": 0.273, "data_time": 0.001, "lr": 0.0001, "loss": -20.984}
{"message": "", "levelname": "INFO", "name": "Trainer", "asctime": "2026-04-15 17:43:09,738", "type": "train", "epoch": 13, "batch": 3119, "n_batches": 7774, "time": 0.327, "data_time": 0.001, "lr": 0.0001, "loss": -14.918}
{"message": "", "levelname": "INFO", "name": "Trainer", "asctime": "2026-04-15 17:43:12,591", "type": "train", "epoch": 13, "batch": 3199, "n_batches": 7774, "time": 0.32, "data_time": 0.003, "lr": 0.0001, "loss": -21.148}
{"message": "", "levelname": "INFO", "name": "Trainer", "asctime": "2026-04-15 17:43:16,076", "type": "train", "epoch": 13, "batch": 3279, "n_batches": 7774, "time": 0.368, "data_time": 0.001, "lr": 0.0001, "loss": -10.658}
{"message": "", "levelname": "INFO", "name": "Trainer", "asctime": "2026-04-15 17:43:19,527", "type": "train", "epoch": 13, "batch": 3359, "n_batches": 7774, "time": 0.287, "data_time": 0.0, "lr": 0.0001, "loss": -11.94}
{"message": "", "levelname": "INFO", "name": "Trainer", "asctime": "2026-04-15 17:43:22,769", "type": "train", "epoch": 13, "batch": 3439, "n_batches": 7774, "time": 0.379, "data_time": 0.0, "lr": 0.0001, "loss": -11.711}
{"message": "", "levelname": "INFO", "name": "Trainer", "asctime": "2026-04-15 17:43:26,377", "type": "train", "epoch": 13, "batch": 3519, "n_batches": 7774, "time": 0.238, "data_time": 0.001, "lr": 0.0001, "loss": -20.544}
{"message": "", "levelname": "INFO", "name": "Trainer", "asctime": "2026-04-15 17:43:30,107", "type": "train", "epoch": 13, "batch": 3599, "n_batches": 7774, "time": 0.656, "data_time": 0.001, "lr": 0.0001, "loss": -5.605}
{"message": "", "levelname": "INFO", "name": "Trainer", "asctime": "2026-04-15 17:43:33,991", "type": "train", "epoch": 13, "batch": 3679, "n_batches": 7774, "time": 0.389, "data_time": 0.001, "lr": 0.0001, "loss": -13.949}
{"message": "", "levelname": "INFO", "name": "Trainer", "asctime": "2026-04-15 17:43:37,739", "type": "train", "epoch": 13, "batch": 3759, "n_batches": 7774, "time": 0.306, "data_time": 0.001, "lr": 0.0001, "loss": -20.028}
{"message": "", "levelname": "INFO", "name": "Trainer", "asctime": "2026-04-15 17:43:41,065", "type": "train", "epoch": 13, "batch": 3839, "n_batches": 7774, "time": 0.376, "data_time": 0.0, "lr": 0.0001, "loss": -15.149}
{"message": "", "levelname": "INFO", "name": "Trainer", "asctime": "2026-04-15 17:43:44,257", "type": "train", "epoch": 13, "batch": 3919, "n_batches": 7774, "time": 0.407, "data_time": 0.001, "lr": 0.0001, "loss": -16.52}
{"message": "", "levelname": "INFO", "name": "Trainer", "asctime": "2026-04-15 17:43:47,961", "type": "train", "epoch": 13, "batch": 3999, "n_batches": 7774, "time": 0.291, "data_time": 0.001, "lr": 0.0001, "loss": -15.284}
{"message": "", "levelname": "INFO", "name": "Trainer", "asctime": "2026-04-15 17:43:51,701", "type": "train", "epoch": 13, "batch": 4079, "n_batches": 7774, "time": 0.349, "data_time": 0.001, "lr": 0.0001, "loss": -18.542}
{"message": "", "levelname": "INFO", "name": "Trainer", "asctime": "2026-04-15 17:43:55,877", "type": "train", "epoch": 13, "batch": 4159, "n_batches": 7774, "time": 0.375, "data_time": 0.0, "lr": 0.0001, "loss": -21.42}
{"message": "", "levelname": "INFO", "name": "Trainer", "asctime": "2026-04-15 17:44:00,010", "type": "train", "epoch": 13, "batch": 4239, "n_batches": 7774, "time": 0.354, "data_time": 0.001, "lr": 0.0001, "loss": -17.912}
{"message": "", "levelname": "INFO", "name": "Trainer", "asctime": "2026-04-15 17:44:03,764", "type": "train", "epoch": 13, "batch": 4319, "n_batches": 7774, "time": 0.49, "data_time": 0.001, "lr": 0.0001, "loss": -19.498}
{"message": "", "levelname": "INFO", "name": "Trainer", "asctime": "2026-04-15 17:44:07,720", "type": "train", "epoch": 13, "batch": 4399, "n_batches": 7774, "time": 0.293, "data_time": 0.001, "lr": 0.0001, "loss": -13.326}
{"message": "", "levelname": "INFO", "name": "Trainer", "asctime": "2026-04-15 17:44:10,922", "type": "train", "epoch": 13, "batch": 4479, "n_batches": 7774, "time": 0.257, "data_time": 0.001, "lr": 0.0001, "loss": -18.749}
{"message": "", "levelname": "INFO", "name": "Trainer", "asctime": "2026-04-15 17:44:13,955", "type": "train", "epoch": 13, "batch": 4559, "n_batches": 7774, "time": 0.314, "data_time": 0.001, "lr": 0.0001, "loss": -20.363}
{"message": "", "levelname": "INFO", "name": "Trainer", "asctime": "2026-04-15 17:44:17,467", "type": "train", "epoch": 13, "batch": 4639, "n_batches": 7774, "time": 0.293, "data_time": 0.001, "lr": 0.0001, "loss": -22.111}
{"message": "", "levelname": "INFO", "name": "Trainer", "asctime": "2026-04-15 17:44:20,633", "type": "train", "epoch": 13, "batch": 4719, "n_batches": 7774, "time": 0.353, "data_time": 0.002, "lr": 0.0001, "loss": -12.866}
{"message": "", "levelname": "INFO", "name": "Trainer", "asctime": "2026-04-15 17:44:23,853", "type": "train", "epoch": 13, "batch": 4799, "n_batches": 7774, "time": 0.261, "data_time": 0.0, "lr": 0.0001, "loss": -15.83}
{"message": "", "levelname": "INFO", "name": "Trainer", "asctime": "2026-04-15 17:44:26,922", "type": "train", "epoch": 13, "batch": 4879, "n_batches": 7774, "time": 0.426, "data_time": 0.001, "lr": 0.0001, "loss": -14.368}
{"message": "", "levelname": "INFO", "name": "Trainer", "asctime": "2026-04-15 17:44:29,832", "type": "train", "epoch": 13, "batch": 4959, "n_batches": 7774, "time": 0.224, "data_time": 0.001, "lr": 0.0001, "loss": -20.82}
{"message": "", "levelname": "INFO", "name": "Trainer", "asctime": "2026-04-15 17:44:33,613", "type": "train", "epoch": 13, "batch": 5039, "n_batches": 7774, "time": 0.349, "data_time": 0.001, "lr": 0.0001, "loss": -11.294}
{"message": "", "levelname": "INFO", "name": "Trainer", "asctime": "2026-04-15 17:44:36,351", "type": "train", "epoch": 13, "batch": 5119, "n_batches": 7774, "time": 0.274, "data_time": 0.0, "lr": 0.0001, "loss": -12.809}
{"message": "", "levelname": "INFO", "name": "Trainer", "asctime": "2026-04-15 17:44:39,685", "type": "train", "epoch": 13, "batch": 5199, "n_batches": 7774, "time": 0.285, "data_time": 0.001, "lr": 0.0001, "loss": -18.046}
{"message": "", "levelname": "INFO", "name": "Trainer", "asctime": "2026-04-15 17:44:42,881", "type": "train", "epoch": 13, "batch": 5279, "n_batches": 7774, "time": 0.305, "data_time": 0.001, "lr": 0.0001, "loss": -7.808}
{"message": "", "levelname": "INFO", "name": "Trainer", "asctime": "2026-04-15 17:44:46,212", "type": "train", "epoch": 13, "batch": 5359, "n_batches": 7774, "time": 0.262, "data_time": 0.001, "lr": 0.0001, "loss": -17.15}
{"message": "", "levelname": "INFO", "name": "Trainer", "asctime": "2026-04-15 17:44:49,834", "type": "train", "epoch": 13, "batch": 5439, "n_batches": 7774, "time": 0.507, "data_time": 0.0, "lr": 0.0001, "loss": -19.846}
{"message": "", "levelname": "INFO", "name": "Trainer", "asctime": "2026-04-15 17:44:55,709", "type": "train", "epoch": 13, "batch": 5519, "n_batches": 7774, "time": 0.604, "data_time": 0.0, "lr": 0.0001, "loss": -20.96}
{"message": "", "levelname": "INFO", "name": "Trainer", "asctime": "2026-04-15 17:45:02,677", "type": "train", "epoch": 13, "batch": 5599, "n_batches": 7774, "time": 0.308, "data_time": 0.001, "lr": 0.0001, "loss": -21.264}
{"message": "", "levelname": "INFO", "name": "Trainer", "asctime": "2026-04-15 17:45:09,206", "type": "train", "epoch": 13, "batch": 5679, "n_batches": 7774, "time": 0.319, "data_time": 0.001, "lr": 0.0001, "loss": -20.645}
{"message": "", "levelname": "INFO", "name": "Trainer", "asctime": "2026-04-15 17:45:13,238", "type": "train", "epoch": 13, "batch": 5759, "n_batches": 7774, "time": 0.564, "data_time": 0.001, "lr": 0.0001, "loss": -17.319}
{"message": "", "levelname": "INFO", "name": "Trainer", "asctime": "2026-04-15 17:45:17,241", "type": "train", "epoch": 13, "batch": 5839, "n_batches": 7774, "time": 0.453, "data_time": 0.0, "lr": 0.0001, "loss": -8.906}
{"message": "", "levelname": "INFO", "name": "Trainer", "asctime": "2026-04-15 17:45:21,871", "type": "train", "epoch": 13, "batch": 5919, "n_batches": 7774, "time": 0.427, "data_time": 0.001, "lr": 0.0001, "loss": -20.276}
{"message": "", "levelname": "INFO", "name": "Trainer", "asctime": "2026-04-15 17:45:26,143", "type": "train", "epoch": 13, "batch": 5999, "n_batches": 7774, "time": 0.405, "data_time": 0.0, "lr": 0.0001, "loss": -24.705}
{"message": "", "levelname": "INFO", "name": "Trainer", "asctime": "2026-04-15 17:45:29,959", "type": "train", "epoch": 13, "batch": 6079, "n_batches": 7774, "time": 0.386, "data_time": 0.001, "lr": 0.0001, "loss": -18.471}
{"message": "", "levelname": "INFO", "name": "Trainer", "asctime": "2026-04-15 17:45:35,029", "type": "train", "epoch": 13, "batch": 6159, "n_batches": 7774, "time": 0.39, "data_time": 0.001, "lr": 0.0001, "loss": -18.857}
{"message": "", "levelname": "INFO", "name": "Trainer", "asctime": "2026-04-15 17:45:39,106", "type": "train", "epoch": 13, "batch": 6239, "n_batches": 7774, "time": 0.406, "data_time": 0.001, "lr": 0.0001, "loss": -20.612}
{"message": "", "levelname": "INFO", "name": "Trainer", "asctime": "2026-04-15 17:45:43,259", "type": "train", "epoch": 13, "batch": 6319, "n_batches": 7774, "time": 0.436, "data_time": 0.001, "lr": 0.0001, "loss": -19.241}
{"message": "", "levelname": "INFO", "name": "Trainer", "asctime": "2026-04-15 17:45:49,362", "type": "train", "epoch": 13, "batch": 6399, "n_batches": 7774, "time": 0.372, "data_time": 0.001, "lr": 0.0001, "loss": -18.285}
{"message": "", "levelname": "INFO", "name": "Trainer", "asctime": "2026-04-15 17:45:57,092", "type": "train", "epoch": 13, "batch": 6479, "n_batches": 7774, "time": 0.422, "data_time": 0.002, "lr": 0.0001, "loss": -15.783}
{"message": "", "levelname": "INFO", "name": "Trainer", "asctime": "2026-04-15 17:46:02,245", "type": "train", "epoch": 13, "batch": 6559, "n_batches": 7774, "time": 0.389, "data_time": 0.001, "lr": 0.0001, "loss": -14.746}
{"message": "", "levelname": "INFO", "name": "Trainer", "asctime": "2026-04-15 17:46:06,340", "type": "train", "epoch": 13, "batch": 6639, "n_batches": 7774, "time": 0.702, "data_time": 0.001, "lr": 0.0001, "loss": -15.458}
{"message": "", "levelname": "INFO", "name": "Trainer", "asctime": "2026-04-15 17:46:09,374", "type": "train", "epoch": 13, "batch": 6719, "n_batches": 7774, "time": 0.313, "data_time": 0.001, "lr": 0.0001, "loss": -14.512}
{"message": "", "levelname": "INFO", "name": "Trainer", "asctime": "2026-04-15 17:46:12,676", "type": "train", "epoch": 13, "batch": 6799, "n_batches": 7774, "time": 0.262, "data_time": 0.001, "lr": 0.0001, "loss": -15.706}
{"message": "", "levelname": "INFO", "name": "Trainer", "asctime": "2026-04-15 17:46:15,853", "type": "train", "epoch": 13, "batch": 6879, "n_batches": 7774, "time": 0.32, "data_time": 0.001, "lr": 0.0001, "loss": -11.567}
{"message": "", "levelname": "INFO", "name": "Trainer", "asctime": "2026-04-15 17:46:18,969", "type": "train", "epoch": 13, "batch": 6959, "n_batches": 7774, "time": 0.264, "data_time": 0.001, "lr": 0.0001, "loss": -16.837}
{"message": "", "levelname": "INFO", "name": "Trainer", "asctime": "2026-04-15 17:46:23,155", "type": "train", "epoch": 13, "batch": 7039, "n_batches": 7774, "time": 0.317, "data_time": 0.001, "lr": 0.0001, "loss": -18.579}
{"message": "", "levelname": "INFO", "name": "Trainer", "asctime": "2026-04-15 17:46:27,435", "type": "train", "epoch": 13, "batch": 7119, "n_batches": 7774, "time": 0.601, "data_time": 0.001, "lr": 0.0001, "loss": -11.497}
{"message": "", "levelname": "INFO", "name": "Trainer", "asctime": "2026-04-15 17:46:31,999", "type": "train", "epoch": 13, "batch": 7199, "n_batches": 7774, "time": 0.37, "data_time": 0.001, "lr": 0.0001, "loss": -13.712}
{"message": "", "levelname": "INFO", "name": "Trainer", "asctime": "2026-04-15 17:46:35,695", "type": "train", "epoch": 13, "batch": 7279, "n_batches": 7774, "time": 0.389, "data_time": 0.001, "lr": 0.0001, "loss": -19.431}
{"message": "", "levelname": "INFO", "name": "Trainer", "asctime": "2026-04-15 17:46:41,406", "type": "train", "epoch": 13, "batch": 7359, "n_batches": 7774, "time": 0.741, "data_time": 0.001, "lr": 0.0001, "loss": -19.321}
{"message": "", "levelname": "INFO", "name": "Trainer", "asctime": "2026-04-15 17:46:47,551", "type": "train", "epoch": 13, "batch": 7439, "n_batches": 7774, "time": 0.573, "data_time": 0.001, "lr": 0.0001, "loss": -15.154}
{"message": "", "levelname": "INFO", "name": "Trainer", "asctime": "2026-04-15 17:46:53,924", "type": "train", "epoch": 13, "batch": 7519, "n_batches": 7774, "time": 0.952, "data_time": 0.001, "lr": 0.0001, "loss": -9.608}
{"message": "", "levelname": "INFO", "name": "Trainer", "asctime": "2026-04-15 17:47:01,042", "type": "train", "epoch": 13, "batch": 7599, "n_batches": 7774, "time": 0.934, "data_time": 0.002, "lr": 0.0001, "loss": -18.158}
{"message": "", "levelname": "INFO", "name": "Trainer", "asctime": "2026-04-15 17:47:15,035", "type": "train", "epoch": 13, "batch": 7679, "n_batches": 7774, "time": 0.793, "data_time": 0.001, "lr": 0.0001, "loss": -20.202}
{"message": "", "levelname": "INFO", "name": "Trainer", "asctime": "2026-04-15 17:47:22,556", "type": "train", "epoch": 13, "batch": 7759, "n_batches": 7774, "time": 0.784, "data_time": 0.001, "lr": 0.0001, "loss": -19.003}
{"message": "", "levelname": "INFO", "name": "Trainer", "asctime": "2026-04-15 17:47:24,089", "type": "train-epoch", "epoch": 14, "loss": -2.0768, "time": 437.0}
{"message": "", "levelname": "INFO", "name": "Trainer", "asctime": "2026-04-15 17:50:56,537", "type": "val-epoch", "epoch": 14, "loss": -2.102, "test_loss": -2.102, "time": 212.4}
{"message": "", "levelname": "INFO", "name": "Trainer", "asctime": "2026-04-15 17:51:02,420", "type": "train", "epoch": 14, "batch": 79, "n_batches": 7774, "time": 0.598, "data_time": 0.001, "lr": 0.0001, "loss": -18.91}
{"message": "", "levelname": "INFO", "name": "Trainer", "asctime": "2026-04-15 17:51:10,251", "type": "train", "epoch": 14, "batch": 159, "n_batches": 7774, "time": 0.725, "data_time": 0.001, "lr": 0.0001, "loss": -17.458}
{"message": "", "levelname": "INFO", "name": "Trainer", "asctime": "2026-04-15 17:51:17,862", "type": "train", "epoch": 14, "batch": 239, "n_batches": 7774, "time": 0.597, "data_time": 0.002, "lr": 0.0001, "loss": -18.813}
{"message": "", "levelname": "INFO", "name": "Trainer", "asctime": "2026-04-15 17:51:25,347", "type": "train", "epoch": 14, "batch": 319, "n_batches": 7774, "time": 0.629, "data_time": 0.001, "lr": 0.0001, "loss": -21.599}
{"message": "", "levelname": "INFO", "name": "Trainer", "asctime": "2026-04-15 17:51:32,260", "type": "train", "epoch": 14, "batch": 399, "n_batches": 7774, "time": 0.817, "data_time": 0.001, "lr": 0.0001, "loss": -15.382}
{"message": "", "levelname": "INFO", "name": "Trainer", "asctime": "2026-04-15 17:51:39,477", "type": "train", "epoch": 14, "batch": 479, "n_batches": 7774, "time": 0.734, "data_time": 0.002, "lr": 0.0001, "loss": -16.18}
{"message": "", "levelname": "INFO", "name": "Trainer", "asctime": "2026-04-15 17:51:46,508", "type": "train", "epoch": 14, "batch": 559, "n_batches": 7774, "time": 0.633, "data_time": 0.002, "lr": 0.0001, "loss": -20.934}
{"message": "", "levelname": "INFO", "name": "Trainer", "asctime": "2026-04-15 17:51:53,189", "type": "train", "epoch": 14, "batch": 639, "n_batches": 7774, "time": 0.676, "data_time": 0.002, "lr": 0.0001, "loss": -13.364}
{"message": "", "levelname": "INFO", "name": "Trainer", "asctime": "2026-04-15 17:52:00,748", "type": "train", "epoch": 14, "batch": 719, "n_batches": 7774, "time": 0.678, "data_time": 0.001, "lr": 0.0001, "loss": -19.532}
{"message": "", "levelname": "INFO", "name": "Trainer", "asctime": "2026-04-15 17:52:08,005", "type": "train", "epoch": 14, "batch": 799, "n_batches": 7774, "time": 0.585, "data_time": 0.001, "lr": 0.0001, "loss": -12.441}
{"message": "", "levelname": "INFO", "name": "Trainer", "asctime": "2026-04-15 17:52:15,670", "type": "train", "epoch": 14, "batch": 879, "n_batches": 7774, "time": 0.802, "data_time": 0.001, "lr": 0.0001, "loss": -16.834}
{"message": "", "levelname": "INFO", "name": "Trainer", "asctime": "2026-04-15 17:52:23,333", "type": "train", "epoch": 14, "batch": 959, "n_batches": 7774, "time": 1.018, "data_time": 0.002, "lr": 0.0001, "loss": -13.105}
{"message": "", "levelname": "INFO", "name": "Trainer", "asctime": "2026-04-15 17:52:31,137", "type": "train", "epoch": 14, "batch": 1039, "n_batches": 7774, "time": 0.664, "data_time": 0.003, "lr": 0.0001, "loss": -8.661}
{"message": "", "levelname": "INFO", "name": "Trainer", "asctime": "2026-04-15 17:52:37,598", "type": "train", "epoch": 14, "batch": 1119, "n_batches": 7774, "time": 0.466, "data_time": 0.0, "lr": 0.0001, "loss": -23.05}
{"message": "", "levelname": "INFO", "name": "Trainer", "asctime": "2026-04-15 17:52:44,699", "type": "train", "epoch": 14, "batch": 1199, "n_batches": 7774, "time": 0.584, "data_time": 0.001, "lr": 0.0001, "loss": -15.627}
{"message": "", "levelname": "INFO", "name": "Trainer", "asctime": "2026-04-15 17:52:51,609", "type": "train", "epoch": 14, "batch": 1279, "n_batches": 7774, "time": 0.963, "data_time": 0.001, "lr": 0.0001, "loss": -15.053}
{"message": "", "levelname": "INFO", "name": "Trainer", "asctime": "2026-04-15 17:52:59,249", "type": "train", "epoch": 14, "batch": 1359, "n_batches": 7774, "time": 0.669, "data_time": 0.001, "lr": 0.0001, "loss": -14.7}
{"message": "", "levelname": "INFO", "name": "Trainer", "asctime": "2026-04-15 17:53:06,427", "type": "train", "epoch": 14, "batch": 1439, "n_batches": 7774, "time": 0.95, "data_time": 0.001, "lr": 0.0001, "loss": -15.986}
{"message": "", "levelname": "INFO", "name": "Trainer", "asctime": "2026-04-15 17:53:13,294", "type": "train", "epoch": 14, "batch": 1519, "n_batches": 7774, "time": 0.651, "data_time": 0.002, "lr": 0.0001, "loss": -13.453}
{"message": "", "levelname": "INFO", "name": "Trainer", "asctime": "2026-04-15 17:53:19,486", "type": "train", "epoch": 14, "batch": 1599, "n_batches": 7774, "time": 0.6, "data_time": 0.001, "lr": 0.0001, "loss": -16.229}
{"message": "", "levelname": "INFO", "name": "Trainer", "asctime": "2026-04-15 17:53:21,743", "type": "train", "epoch": 14, "batch": 1679, "n_batches": 7774, "time": 0.233, "data_time": 0.0, "lr": 0.0001, "loss": -18.547}
{"message": "", "levelname": "INFO", "name": "Trainer", "asctime": "2026-04-15 17:53:23,688", "type": "train", "epoch": 14, "batch": 1759, "n_batches": 7774, "time": 0.217, "data_time": 0.0, "lr": 0.0001, "loss": -15.192}
{"message": "", "levelname": "INFO", "name": "Trainer", "asctime": "2026-04-15 17:53:25,675", "type": "train", "epoch": 14, "batch": 1839, "n_batches": 7774, "time": 0.167, "data_time": 0.0, "lr": 0.0001, "loss": -19.278}
{"message": "", "levelname": "INFO", "name": "Trainer", "asctime": "2026-04-15 17:53:27,819", "type": "train", "epoch": 14, "batch": 1919, "n_batches": 7774, "time": 0.198, "data_time": 0.001, "lr": 0.0001, "loss": -13.466}
{"message": "", "levelname": "INFO", "name": "Trainer", "asctime": "2026-04-15 17:53:29,673", "type": "train", "epoch": 14, "batch": 1999, "n_batches": 7774, "time": 0.166, "data_time": 0.0, "lr": 0.0001, "loss": -17.238}
{"message": "", "levelname": "INFO", "name": "Trainer", "asctime": "2026-04-15 17:53:31,401", "type": "train", "epoch": 14, "batch": 2079, "n_batches": 7774, "time": 0.22, "data_time": 0.0, "lr": 0.0001, "loss": -13.829}
{"message": "", "levelname": "INFO", "name": "Trainer", "asctime": "2026-04-15 17:53:33,511", "type": "train", "epoch": 14, "batch": 2159, "n_batches": 7774, "time": 0.239, "data_time": 0.001, "lr": 0.0001, "loss": -17.449}
{"message": "", "levelname": "INFO", "name": "Trainer", "asctime": "2026-04-15 17:53:35,901", "type": "train", "epoch": 14, "batch": 2239, "n_batches": 7774, "time": 0.234, "data_time": 0.001, "lr": 0.0001, "loss": -11.479}
{"message": "", "levelname": "INFO", "name": "Trainer", "asctime": "2026-04-15 17:53:37,936", "type": "train", "epoch": 14, "batch": 2319, "n_batches": 7774, "time": 0.198, "data_time": 0.001, "lr": 0.0001, "loss": -8.734}
{"message": "", "levelname": "INFO", "name": "Trainer", "asctime": "2026-04-15 17:53:39,863", "type": "train", "epoch": 14, "batch": 2399, "n_batches": 7774, "time": 0.178, "data_time": 0.0, "lr": 0.0001, "loss": -9.956}
{"message": "", "levelname": "INFO", "name": "Trainer", "asctime": "2026-04-15 17:53:41,804", "type": "train", "epoch": 14, "batch": 2479, "n_batches": 7774, "time": 0.215, "data_time": 0.001, "lr": 0.0001, "loss": -18.116}
{"message": "", "levelname": "INFO", "name": "Trainer", "asctime": "2026-04-15 17:53:44,004", "type": "train", "epoch": 14, "batch": 2559, "n_batches": 7774, "time": 0.209, "data_time": 0.001, "lr": 0.0001, "loss": -16.191}
{"message": "", "levelname": "INFO", "name": "Trainer", "asctime": "2026-04-15 17:53:46,346", "type": "train", "epoch": 14, "batch": 2639, "n_batches": 7774, "time": 0.295, "data_time": 0.001, "lr": 0.0001, "loss": -21.978}
{"message": "", "levelname": "INFO", "name": "Trainer", "asctime": "2026-04-15 17:53:49,492", "type": "train", "epoch": 14, "batch": 2719, "n_batches": 7774, "time": 0.385, "data_time": 0.001, "lr": 0.0001, "loss": -17.201}
{"message": "", "levelname": "INFO", "name": "Trainer", "asctime": "2026-04-15 17:53:52,491", "type": "train", "epoch": 14, "batch": 2799, "n_batches": 7774, "time": 0.308, "data_time": 0.001, "lr": 0.0001, "loss": -20.022}
{"message": "", "levelname": "INFO", "name": "Trainer", "asctime": "2026-04-15 17:53:55,492", "type": "train", "epoch": 14, "batch": 2879, "n_batches": 7774, "time": 0.282, "data_time": 0.0, "lr": 0.0001, "loss": -17.862}
{"message": "", "levelname": "INFO", "name": "Trainer", "asctime": "2026-04-15 17:53:58,922", "type": "train", "epoch": 14, "batch": 2959, "n_batches": 7774, "time": 0.29, "data_time": 0.001, "lr": 0.0001, "loss": -12.351}
{"message": "", "levelname": "INFO", "name": "Trainer", "asctime": "2026-04-15 17:54:02,025", "type": "train", "epoch": 14, "batch": 3039, "n_batches": 7774, "time": 0.347, "data_time": 0.002, "lr": 0.0001, "loss": -20.505}
{"message": "", "levelname": "INFO", "name": "Trainer", "asctime": "2026-04-15 17:54:05,375", "type": "train", "epoch": 14, "batch": 3119, "n_batches": 7774, "time": 0.489, "data_time": 0.001, "lr": 0.0001, "loss": -18.125}
{"message": "", "levelname": "INFO", "name": "Trainer", "asctime": "2026-04-15 17:54:08,734", "type": "train", "epoch": 14, "batch": 3199, "n_batches": 7774, "time": 0.247, "data_time": 0.001, "lr": 0.0001, "loss": -18.829}
{"message": "", "levelname": "INFO", "name": "Trainer", "asctime": "2026-04-15 17:54:11,852", "type": "train", "epoch": 14, "batch": 3279, "n_batches": 7774, "time": 0.293, "data_time": 0.001, "lr": 0.0001, "loss": -18.586}
{"message": "", "levelname": "INFO", "name": "Trainer", "asctime": "2026-04-15 17:54:14,742", "type": "train", "epoch": 14, "batch": 3359, "n_batches": 7774, "time": 0.355, "data_time": 0.001, "lr": 0.0001, "loss": -10.111}
{"message": "", "levelname": "INFO", "name": "Trainer", "asctime": "2026-04-15 17:54:18,197", "type": "train", "epoch": 14, "batch": 3439, "n_batches": 7774, "time": 0.261, "data_time": 0.001, "lr": 0.0001, "loss": -7.443}
{"message": "", "levelname": "INFO", "name": "Trainer", "asctime": "2026-04-15 17:54:21,426", "type": "train", "epoch": 14, "batch": 3519, "n_batches": 7774, "time": 0.272, "data_time": 0.001, "lr": 0.0001, "loss": -16.835}
{"message": "", "levelname": "INFO", "name": "Trainer", "asctime": "2026-04-15 17:54:24,890", "type": "train", "epoch": 14, "batch": 3599, "n_batches": 7774, "time": 0.308, "data_time": 0.001, "lr": 0.0001, "loss": -16.41}
{"message": "", "levelname": "INFO", "name": "Trainer", "asctime": "2026-04-15 17:54:28,129", "type": "train", "epoch": 14, "batch": 3679, "n_batches": 7774, "time": 0.291, "data_time": 0.001, "lr": 0.0001, "loss": -19.196}
{"message": "", "levelname": "INFO", "name": "Trainer", "asctime": "2026-04-15 17:54:31,594", "type": "train", "epoch": 14, "batch": 3759, "n_batches": 7774, "time": 0.335, "data_time": 0.001, "lr": 0.0001, "loss": -14.2}
{"message": "", "levelname": "INFO", "name": "Trainer", "asctime": "2026-04-15 17:54:35,012", "type": "train", "epoch": 14, "batch": 3839, "n_batches": 7774, "time": 0.433, "data_time": 0.001, "lr": 0.0001, "loss": -17.353}
{"message": "", "levelname": "INFO", "name": "Trainer", "asctime": "2026-04-15 17:54:37,962", "type": "train", "epoch": 14, "batch": 3919, "n_batches": 7774, "time": 0.261, "data_time": 0.001, "lr": 0.0001, "loss": -19.658}
{"message": "", "levelname": "INFO", "name": "Trainer", "asctime": "2026-04-15 17:54:41,091", "type": "train", "epoch": 14, "batch": 3999, "n_batches": 7774, "time": 0.409, "data_time": 0.001, "lr": 0.0001, "loss": -19.057}
{"message": "", "levelname": "INFO", "name": "Trainer", "asctime": "2026-04-15 17:54:44,435", "type": "train", "epoch": 14, "batch": 4079, "n_batches": 7774, "time": 0.389, "data_time": 0.001, "lr": 0.0001, "loss": -20.764}
{"message": "", "levelname": "INFO", "name": "Trainer", "asctime": "2026-04-15 17:54:47,818", "type": "train", "epoch": 14, "batch": 4159, "n_batches": 7774, "time": 0.309, "data_time": 0.001, "lr": 0.0001, "loss": -15.162}
{"message": "", "levelname": "INFO", "name": "Trainer", "asctime": "2026-04-15 17:54:50,712", "type": "train", "epoch": 14, "batch": 4239, "n_batches": 7774, "time": 0.284, "data_time": 0.001, "lr": 0.0001, "loss": -16.704}
{"message": "", "levelname": "INFO", "name": "Trainer", "asctime": "2026-04-15 17:54:54,192", "type": "train", "epoch": 14, "batch": 4319, "n_batches": 7774, "time": 0.318, "data_time": 0.001, "lr": 0.0001, "loss": -12.595}
{"message": "", "levelname": "INFO", "name": "Trainer", "asctime": "2026-04-15 17:54:57,186", "type": "train", "epoch": 14, "batch": 4399, "n_batches": 7774, "time": 0.259, "data_time": 0.001, "lr": 0.0001, "loss": -19.703}
{"message": "", "levelname": "INFO", "name": "Trainer", "asctime": "2026-04-15 17:55:00,379", "type": "train", "epoch": 14, "batch": 4479, "n_batches": 7774, "time": 0.265, "data_time": 0.001, "lr": 0.0001, "loss": -17.266}
{"message": "", "levelname": "INFO", "name": "Trainer", "asctime": "2026-04-15 17:55:03,372", "type": "train", "epoch": 14, "batch": 4559, "n_batches": 7774, "time": 0.244, "data_time": 0.001, "lr": 0.0001, "loss": -18.506}
{"message": "", "levelname": "INFO", "name": "Trainer", "asctime": "2026-04-15 17:55:06,590", "type": "train", "epoch": 14, "batch": 4639, "n_batches": 7774, "time": 0.29, "data_time": 0.001, "lr": 0.0001, "loss": -20.567}
{"message": "", "levelname": "INFO", "name": "Trainer", "asctime": "2026-04-15 17:55:09,306", "type": "train", "epoch": 14, "batch": 4719, "n_batches": 7774, "time": 0.283, "data_time": 0.001, "lr": 0.0001, "loss": -18.377}
{"message": "", "levelname": "INFO", "name": "Trainer", "asctime": "2026-04-15 17:55:12,930", "type": "train", "epoch": 14, "batch": 4799, "n_batches": 7774, "time": 0.227, "data_time": 0.001, "lr": 0.0001, "loss": -21.77}
{"message": "", "levelname": "INFO", "name": "Trainer", "asctime": "2026-04-15 17:55:15,766", "type": "train", "epoch": 14, "batch": 4879, "n_batches": 7774, "time": 0.375, "data_time": 0.001, "lr": 0.0001, "loss": -17.478}
{"message": "", "levelname": "INFO", "name": "Trainer", "asctime": "2026-04-15 17:55:18,304", "type": "train", "epoch": 14, "batch": 4959, "n_batches": 7774, "time": 0.369, "data_time": 0.001, "lr": 0.0001, "loss": -12.22}
{"message": "", "levelname": "INFO", "name": "Trainer", "asctime": "2026-04-15 17:55:21,300", "type": "train", "epoch": 14, "batch": 5039, "n_batches": 7774, "time": 0.358, "data_time": 0.001, "lr": 0.0001, "loss": -12.573}
{"message": "", "levelname": "INFO", "name": "Trainer", "asctime": "2026-04-15 17:55:24,485", "type": "train", "epoch": 14, "batch": 5119, "n_batches": 7774, "time": 0.319, "data_time": 0.001, "lr": 0.0001, "loss": -17.004}
{"message": "", "levelname": "INFO", "name": "Trainer", "asctime": "2026-04-15 17:55:27,208", "type": "train", "epoch": 14, "batch": 5199, "n_batches": 7774, "time": 0.275, "data_time": 0.001, "lr": 0.0001, "loss": -17.179}
{"message": "", "levelname": "INFO", "name": "Trainer", "asctime": "2026-04-15 17:55:30,145", "type": "train", "epoch": 14, "batch": 5279, "n_batches": 7774, "time": 0.282, "data_time": 0.001, "lr": 0.0001, "loss": -20.939}
{"message": "", "levelname": "INFO", "name": "Trainer", "asctime": "2026-04-15 17:55:33,131", "type": "train", "epoch": 14, "batch": 5359, "n_batches": 7774, "time": 0.441, "data_time": 0.0, "lr": 0.0001, "loss": -19.406}
{"message": "", "levelname": "INFO", "name": "Trainer", "asctime": "2026-04-15 17:55:36,167", "type": "train", "epoch": 14, "batch": 5439, "n_batches": 7774, "time": 0.238, "data_time": 0.0, "lr": 0.0001, "loss": -18.36}
{"message": "", "levelname": "INFO", "name": "Trainer", "asctime": "2026-04-15 17:55:39,533", "type": "train", "epoch": 14, "batch": 5519, "n_batches": 7774, "time": 0.316, "data_time": 0.001, "lr": 0.0001, "loss": -16.564}
{"message": "", "levelname": "INFO", "name": "Trainer", "asctime": "2026-04-15 17:55:42,511", "type": "train", "epoch": 14, "batch": 5599, "n_batches": 7774, "time": 0.257, "data_time": 0.0, "lr": 0.0001, "loss": -18.914}
{"message": "", "levelname": "INFO", "name": "Trainer", "asctime": "2026-04-15 17:55:45,611", "type": "train", "epoch": 14, "batch": 5679, "n_batches": 7774, "time": 0.382, "data_time": 0.001, "lr": 0.0001, "loss": -18.872}
{"message": "", "levelname": "INFO", "name": "Trainer", "asctime": "2026-04-15 17:55:48,786", "type": "train", "epoch": 14, "batch": 5759, "n_batches": 7774, "time": 0.267, "data_time": 0.001, "lr": 0.0001, "loss": -15.436}
{"message": "", "levelname": "INFO", "name": "Trainer", "asctime": "2026-04-15 17:55:52,145", "type": "train", "epoch": 14, "batch": 5839, "n_batches": 7774, "time": 0.32, "data_time": 0.001, "lr": 0.0001, "loss": -16.573}
{"message": "", "levelname": "INFO", "name": "Trainer", "asctime": "2026-04-15 17:55:55,108", "type": "train", "epoch": 14, "batch": 5919, "n_batches": 7774, "time": 0.32, "data_time": 0.001, "lr": 0.0001, "loss": -17.853}
{"message": "", "levelname": "INFO", "name": "Trainer", "asctime": "2026-04-15 17:55:57,918", "type": "train", "epoch": 14, "batch": 5999, "n_batches": 7774, "time": 0.283, "data_time": 0.001, "lr": 0.0001, "loss": -19.217}
{"message": "", "levelname": "INFO", "name": "Trainer", "asctime": "2026-04-15 17:56:00,747", "type": "train", "epoch": 14, "batch": 6079, "n_batches": 7774, "time": 0.268, "data_time": 0.001, "lr": 0.0001, "loss": -12.053}
{"message": "", "levelname": "INFO", "name": "Trainer", "asctime": "2026-04-15 17:56:03,945", "type": "train", "epoch": 14, "batch": 6159, "n_batches": 7774, "time": 0.416, "data_time": 0.001, "lr": 0.0001, "loss": -23.526}
{"message": "", "levelname": "INFO", "name": "Trainer", "asctime": "2026-04-15 17:56:06,920", "type": "train", "epoch": 14, "batch": 6239, "n_batches": 7774, "time": 0.314, "data_time": 0.001, "lr": 0.0001, "loss": -18.289}
{"message": "", "levelname": "INFO", "name": "Trainer", "asctime": "2026-04-15 17:56:09,658", "type": "train", "epoch": 14, "batch": 6319, "n_batches": 7774, "time": 0.274, "data_time": 0.001, "lr": 0.0001, "loss": -20.615}
{"message": "", "levelname": "INFO", "name": "Trainer", "asctime": "2026-04-15 17:56:12,713", "type": "train", "epoch": 14, "batch": 6399, "n_batches": 7774, "time": 0.331, "data_time": 0.001, "lr": 0.0001, "loss": -16.223}
{"message": "", "levelname": "INFO", "name": "Trainer", "asctime": "2026-04-15 17:56:15,792", "type": "train", "epoch": 14, "batch": 6479, "n_batches": 7774, "time": 0.256, "data_time": 0.001, "lr": 0.0001, "loss": -21.082}
{"message": "", "levelname": "INFO", "name": "Trainer", "asctime": "2026-04-15 17:56:19,265", "type": "train", "epoch": 14, "batch": 6559, "n_batches": 7774, "time": 0.407, "data_time": 0.001, "lr": 0.0001, "loss": -18.956}
{"message": "", "levelname": "INFO", "name": "Trainer", "asctime": "2026-04-15 17:56:22,939", "type": "train", "epoch": 14, "batch": 6639, "n_batches": 7774, "time": 0.275, "data_time": 0.002, "lr": 0.0001, "loss": -15.214}
{"message": "", "levelname": "INFO", "name": "Trainer", "asctime": "2026-04-15 17:56:25,743", "type": "train", "epoch": 14, "batch": 6719, "n_batches": 7774, "time": 0.279, "data_time": 0.001, "lr": 0.0001, "loss": -18.099}
{"message": "", "levelname": "INFO", "name": "Trainer", "asctime": "2026-04-15 17:56:28,645", "type": "train", "epoch": 14, "batch": 6799, "n_batches": 7774, "time": 0.298, "data_time": 0.001, "lr": 0.0001, "loss": -22.645}
{"message": "", "levelname": "INFO", "name": "Trainer", "asctime": "2026-04-15 17:56:31,596", "type": "train", "epoch": 14, "batch": 6879, "n_batches": 7774, "time": 0.288, "data_time": 0.001, "lr": 0.0001, "loss": -18.44}
{"message": "", "levelname": "INFO", "name": "Trainer", "asctime": "2026-04-15 17:56:34,383", "type": "train", "epoch": 14, "batch": 6959, "n_batches": 7774, "time": 0.379, "data_time": 0.001, "lr": 0.0001, "loss": -22.763}
{"message": "", "levelname": "INFO", "name": "Trainer", "asctime": "2026-04-15 17:56:37,491", "type": "train", "epoch": 14, "batch": 7039, "n_batches": 7774, "time": 0.269, "data_time": 0.001, "lr": 0.0001, "loss": -20.533}
{"message": "", "levelname": "INFO", "name": "Trainer", "asctime": "2026-04-15 17:56:40,844", "type": "train", "epoch": 14, "batch": 7119, "n_batches": 7774, "time": 0.273, "data_time": 0.001, "lr": 0.0001, "loss": -18.448}
{"message": "", "levelname": "INFO", "name": "Trainer", "asctime": "2026-04-15 17:56:43,874", "type": "train", "epoch": 14, "batch": 7199, "n_batches": 7774, "time": 0.347, "data_time": 0.001, "lr": 0.0001, "loss": -23.781}
{"message": "", "levelname": "INFO", "name": "Trainer", "asctime": "2026-04-15 17:56:46,584", "type": "train", "epoch": 14, "batch": 7279, "n_batches": 7774, "time": 0.233, "data_time": 0.001, "lr": 0.0001, "loss": -20.221}
{"message": "", "levelname": "INFO", "name": "Trainer", "asctime": "2026-04-15 17:56:49,878", "type": "train", "epoch": 14, "batch": 7359, "n_batches": 7774, "time": 0.411, "data_time": 0.0, "lr": 0.0001, "loss": -21.304}
{"message": "", "levelname": "INFO", "name": "Trainer", "asctime": "2026-04-15 17:56:53,008", "type": "train", "epoch": 14, "batch": 7439, "n_batches": 7774, "time": 0.296, "data_time": 0.001, "lr": 0.0001, "loss": -20.783}
{"message": "", "levelname": "INFO", "name": "Trainer", "asctime": "2026-04-15 17:56:56,010", "type": "train", "epoch": 14, "batch": 7519, "n_batches": 7774, "time": 0.217, "data_time": 0.0, "lr": 0.0001, "loss": -15.535}
{"message": "", "levelname": "INFO", "name": "Trainer", "asctime": "2026-04-15 17:56:58,748", "type": "train", "epoch": 14, "batch": 7599, "n_batches": 7774, "time": 0.233, "data_time": 0.001, "lr": 0.0001, "loss": -16.891}
{"message": "", "levelname": "INFO", "name": "Trainer", "asctime": "2026-04-15 17:57:02,469", "type": "train", "epoch": 14, "batch": 7679, "n_batches": 7774, "time": 0.274, "data_time": 0.001, "lr": 0.0001, "loss": -17.938}
{"message": "", "levelname": "INFO", "name": "Trainer", "asctime": "2026-04-15 17:57:05,884", "type": "train", "epoch": 14, "batch": 7759, "n_batches": 7774, "time": 0.358, "data_time": 0.001, "lr": 0.0001, "loss": -19.392}
{"message": "", "levelname": "INFO", "name": "Trainer", "asctime": "2026-04-15 17:57:06,566", "type": "train-epoch", "epoch": 15, "loss": -2.08108, "time": 369.9}
{"message": "", "levelname": "INFO", "name": "Trainer", "asctime": "2026-04-15 17:57:43,230", "type": "val-epoch", "epoch": 15, "loss": -2.111, "test_loss": -2.111, "time": 36.7}
{"message": "", "levelname": "INFO", "name": "Trainer", "asctime": "2026-04-15 17:57:45,784", "type": "train", "epoch": 15, "batch": 79, "n_batches": 7774, "time": 0.199, "data_time": 0.001, "lr": 0.0001, "loss": -20.759}
{"message": "", "levelname": "INFO", "name": "Trainer", "asctime": "2026-04-15 17:57:48,133", "type": "train", "epoch": 15, "batch": 159, "n_batches": 7774, "time": 0.167, "data_time": 0.0, "lr": 0.0001, "loss": -16.513}
{"message": "", "levelname": "INFO", "name": "Trainer", "asctime": "2026-04-15 17:57:50,290", "type": "train", "epoch": 15, "batch": 239, "n_batches": 7774, "time": 0.247, "data_time": 0.001, "lr": 0.0001, "loss": -17.109}
{"message": "", "levelname": "INFO", "name": "Trainer", "asctime": "2026-04-15 17:57:52,556", "type": "train", "epoch": 15, "batch": 319, "n_batches": 7774, "time": 0.189, "data_time": 0.0, "lr": 0.0001, "loss": -21.518}
{"message": "", "levelname": "INFO", "name": "Trainer", "asctime": "2026-04-15 17:57:56,008", "type": "train", "epoch": 15, "batch": 399, "n_batches": 7774, "time": 0.332, "data_time": 0.0, "lr": 0.0001, "loss": -17.85}
{"message": "", "levelname": "INFO", "name": "Trainer", "asctime": "2026-04-15 17:57:58,827", "type": "train", "epoch": 15, "batch": 479, "n_batches": 7774, "time": 0.285, "data_time": 0.001, "lr": 0.0001, "loss": -19.395}
{"message": "", "levelname": "INFO", "name": "Trainer", "asctime": "2026-04-15 17:58:01,916", "type": "train", "epoch": 15, "batch": 559, "n_batches": 7774, "time": 0.195, "data_time": 0.001, "lr": 0.0001, "loss": -15.128}
{"message": "", "levelname": "INFO", "name": "Trainer", "asctime": "2026-04-15 17:58:04,669", "type": "train", "epoch": 15, "batch": 639, "n_batches": 7774, "time": 0.212, "data_time": 0.0, "lr": 0.0001, "loss": -17.868}
{"message": "", "levelname": "INFO", "name": "Trainer", "asctime": "2026-04-15 17:58:07,439", "type": "train", "epoch": 15, "batch": 719, "n_batches": 7774, "time": 0.198, "data_time": 0.0, "lr": 0.0001, "loss": -20.155}
{"message": "", "levelname": "INFO", "name": "Trainer", "asctime": "2026-04-15 17:58:10,313", "type": "train", "epoch": 15, "batch": 799, "n_batches": 7774, "time": 0.224, "data_time": 0.001, "lr": 0.0001, "loss": -20.83}
{"message": "", "levelname": "INFO", "name": "Trainer", "asctime": "2026-04-15 17:58:13,152", "type": "train", "epoch": 15, "batch": 879, "n_batches": 7774, "time": 0.33, "data_time": 0.001, "lr": 0.0001, "loss": -17.345}
{"message": "", "levelname": "INFO", "name": "Trainer", "asctime": "2026-04-15 17:58:16,571", "type": "train", "epoch": 15, "batch": 959, "n_batches": 7774, "time": 0.522, "data_time": 0.001, "lr": 0.0001, "loss": -15.873}
{"message": "", "levelname": "INFO", "name": "Trainer", "asctime": "2026-04-15 17:58:19,400", "type": "train", "epoch": 15, "batch": 1039, "n_batches": 7774, "time": 0.359, "data_time": 0.001, "lr": 0.0001, "loss": -14.996}
{"message": "", "levelname": "INFO", "name": "Trainer", "asctime": "2026-04-15 17:58:22,022", "type": "train", "epoch": 15, "batch": 1119, "n_batches": 7774, "time": 0.197, "data_time": 0.0, "lr": 0.0001, "loss": -13.111}
{"message": "", "levelname": "INFO", "name": "Trainer", "asctime": "2026-04-15 17:58:24,455", "type": "train", "epoch": 15, "batch": 1199, "n_batches": 7774, "time": 0.294, "data_time": 0.001, "lr": 0.0001, "loss": -15.651}
{"message": "", "levelname": "INFO", "name": "Trainer", "asctime": "2026-04-15 17:58:26,763", "type": "train", "epoch": 15, "batch": 1279, "n_batches": 7774, "time": 0.261, "data_time": 0.001, "lr": 0.0001, "loss": -19.35}
{"message": "", "levelname": "INFO", "name": "Trainer", "asctime": "2026-04-15 17:58:29,701", "type": "train", "epoch": 15, "batch": 1359, "n_batches": 7774, "time": 0.236, "data_time": 0.001, "lr": 0.0001, "loss": -18.268}
{"message": "", "levelname": "INFO", "name": "Trainer", "asctime": "2026-04-15 17:58:32,303", "type": "train", "epoch": 15, "batch": 1439, "n_batches": 7774, "time": 0.184, "data_time": 0.001, "lr": 0.0001, "loss": -12.713}
{"message": "", "levelname": "INFO", "name": "Trainer", "asctime": "2026-04-15 17:58:35,101", "type": "train", "epoch": 15, "batch": 1519, "n_batches": 7774, "time": 0.245, "data_time": 0.0, "lr": 0.0001, "loss": -19.679}
{"message": "", "levelname": "INFO", "name": "Trainer", "asctime": "2026-04-15 17:58:38,190", "type": "train", "epoch": 15, "batch": 1599, "n_batches": 7774, "time": 0.225, "data_time": 0.001, "lr": 0.0001, "loss": -16.204}
{"message": "", "levelname": "INFO", "name": "Trainer", "asctime": "2026-04-15 17:58:40,953", "type": "train", "epoch": 15, "batch": 1679, "n_batches": 7774, "time": 0.198, "data_time": 0.0, "lr": 0.0001, "loss": -15.891}
{"message": "", "levelname": "INFO", "name": "Trainer", "asctime": "2026-04-15 17:58:43,482", "type": "train", "epoch": 15, "batch": 1759, "n_batches": 7774, "time": 0.249, "data_time": 0.001, "lr": 0.0001, "loss": -15.307}
{"message": "", "levelname": "INFO", "name": "Trainer", "asctime": "2026-04-15 17:58:45,843", "type": "train", "epoch": 15, "batch": 1839, "n_batches": 7774, "time": 0.18, "data_time": 0.001, "lr": 0.0001, "loss": -16.648}
{"message": "", "levelname": "INFO", "name": "Trainer", "asctime": "2026-04-15 17:58:48,524", "type": "train", "epoch": 15, "batch": 1919, "n_batches": 7774, "time": 0.414, "data_time": 0.001, "lr": 0.0001, "loss": -18.547}
{"message": "", "levelname": "INFO", "name": "Trainer", "asctime": "2026-04-15 17:58:52,425", "type": "train", "epoch": 15, "batch": 1999, "n_batches": 7774, "time": 0.472, "data_time": 0.001, "lr": 0.0001, "loss": -19.957}
{"message": "", "levelname": "INFO", "name": "Trainer", "asctime": "2026-04-15 17:58:55,420", "type": "train", "epoch": 15, "batch": 2079, "n_batches": 7774, "time": 0.305, "data_time": 0.001, "lr": 0.0001, "loss": -13.808}
{"message": "", "levelname": "INFO", "name": "Trainer", "asctime": "2026-04-15 17:58:58,246", "type": "train", "epoch": 15, "batch": 2159, "n_batches": 7774, "time": 0.282, "data_time": 0.0, "lr": 0.0001, "loss": -16.341}
{"message": "", "levelname": "INFO", "name": "Trainer", "asctime": "2026-04-15 17:59:00,539", "type": "train", "epoch": 15, "batch": 2239, "n_batches": 7774, "time": 0.223, "data_time": 0.0, "lr": 0.0001, "loss": -23.597}
{"message": "", "levelname": "INFO", "name": "Trainer", "asctime": "2026-04-15 17:59:02,804", "type": "train", "epoch": 15, "batch": 2319, "n_batches": 7774, "time": 0.227, "data_time": 0.001, "lr": 0.0001, "loss": -17.965}
{"message": "", "levelname": "INFO", "name": "Trainer", "asctime": "2026-04-15 17:59:05,265", "type": "train", "epoch": 15, "batch": 2399, "n_batches": 7774, "time": 0.319, "data_time": 0.001, "lr": 0.0001, "loss": -10.404}
{"message": "", "levelname": "INFO", "name": "Trainer", "asctime": "2026-04-15 17:59:07,635", "type": "train", "epoch": 15, "batch": 2479, "n_batches": 7774, "time": 0.263, "data_time": 0.001, "lr": 0.0001, "loss": -17.093}
{"message": "", "levelname": "INFO", "name": "Trainer", "asctime": "2026-04-15 17:59:11,732", "type": "train", "epoch": 15, "batch": 2559, "n_batches": 7774, "time": 0.285, "data_time": 0.0, "lr": 0.0001, "loss": -19.192}
{"message": "", "levelname": "INFO", "name": "Trainer", "asctime": "2026-04-15 17:59:14,220", "type": "train", "epoch": 15, "batch": 2639, "n_batches": 7774, "time": 0.239, "data_time": 0.001, "lr": 0.0001, "loss": -19.346}
{"message": "", "levelname": "INFO", "name": "Trainer", "asctime": "2026-04-15 17:59:16,482", "type": "train", "epoch": 15, "batch": 2719, "n_batches": 7774, "time": 0.254, "data_time": 0.001, "lr": 0.0001, "loss": -16.968}
{"message": "", "levelname": "INFO", "name": "Trainer", "asctime": "2026-04-15 17:59:18,729", "type": "train", "epoch": 15, "batch": 2799, "n_batches": 7774, "time": 0.288, "data_time": 0.001, "lr": 0.0001, "loss": -8.681}
{"message": "", "levelname": "INFO", "name": "Trainer", "asctime": "2026-04-15 17:59:20,962", "type": "train", "epoch": 15, "batch": 2879, "n_batches": 7774, "time": 0.281, "data_time": 0.001, "lr": 0.0001, "loss": -17.81}
{"message": "", "levelname": "INFO", "name": "Trainer", "asctime": "2026-04-15 17:59:23,357", "type": "train", "epoch": 15, "batch": 2959, "n_batches": 7774, "time": 0.251, "data_time": 0.001, "lr": 0.0001, "loss": -18.165}
{"message": "", "levelname": "INFO", "name": "Trainer", "asctime": "2026-04-15 17:59:25,398", "type": "train", "epoch": 15, "batch": 3039, "n_batches": 7774, "time": 0.227, "data_time": 0.001, "lr": 0.0001, "loss": -18.353}
{"message": "", "levelname": "INFO", "name": "Trainer", "asctime": "2026-04-15 17:59:27,430", "type": "train", "epoch": 15, "batch": 3119, "n_batches": 7774, "time": 0.228, "data_time": 0.001, "lr": 0.0001, "loss": -15.11}
{"message": "", "levelname": "INFO", "name": "Trainer", "asctime": "2026-04-15 17:59:29,276", "type": "train", "epoch": 15, "batch": 3199, "n_batches": 7774, "time": 0.145, "data_time": 0.001, "lr": 0.0001, "loss": -21.007}
{"message": "", "levelname": "INFO", "name": "Trainer", "asctime": "2026-04-15 17:59:31,272", "type": "train", "epoch": 15, "batch": 3279, "n_batches": 7774, "time": 0.164, "data_time": 0.001, "lr": 0.0001, "loss": -18.497}
{"message": "", "levelname": "INFO", "name": "Trainer", "asctime": "2026-04-15 17:59:33,269", "type": "train", "epoch": 15, "batch": 3359, "n_batches": 7774, "time": 0.232, "data_time": 0.001, "lr": 0.0001, "loss": -15.756}
{"message": "", "levelname": "INFO", "name": "Trainer", "asctime": "2026-04-15 17:59:35,260", "type": "train", "epoch": 15, "batch": 3439, "n_batches": 7774, "time": 0.162, "data_time": 0.0, "lr": 0.0001, "loss": -6.483}
{"message": "", "levelname": "INFO", "name": "Trainer", "asctime": "2026-04-15 17:59:37,178", "type": "train", "epoch": 15, "batch": 3519, "n_batches": 7774, "time": 0.183, "data_time": 0.0, "lr": 0.0001, "loss": -14.081}
{"message": "", "levelname": "INFO", "name": "Trainer", "asctime": "2026-04-15 17:59:39,264", "type": "train", "epoch": 15, "batch": 3599, "n_batches": 7774, "time": 0.216, "data_time": 0.001, "lr": 0.0001, "loss": -18.716}
{"message": "", "levelname": "INFO", "name": "Trainer", "asctime": "2026-04-15 17:59:41,193", "type": "train", "epoch": 15, "batch": 3679, "n_batches": 7774, "time": 0.221, "data_time": 0.001, "lr": 0.0001, "loss": -18.161}
{"message": "", "levelname": "INFO", "name": "Trainer", "asctime": "2026-04-15 17:59:43,038", "type": "train", "epoch": 15, "batch": 3759, "n_batches": 7774, "time": 0.179, "data_time": 0.001, "lr": 0.0001, "loss": -14.907}
{"message": "", "levelname": "INFO", "name": "Trainer", "asctime": "2026-04-15 17:59:45,124", "type": "train", "epoch": 15, "batch": 3839, "n_batches": 7774, "time": 0.208, "data_time": 0.001, "lr": 0.0001, "loss": -16.0}
{"message": "", "levelname": "INFO", "name": "Trainer", "asctime": "2026-04-15 17:59:47,360", "type": "train", "epoch": 15, "batch": 3919, "n_batches": 7774, "time": 0.175, "data_time": 0.001, "lr": 0.0001, "loss": -15.306}
{"message": "", "levelname": "INFO", "name": "Trainer", "asctime": "2026-04-15 17:59:49,450", "type": "train", "epoch": 15, "batch": 3999, "n_batches": 7774, "time": 0.309, "data_time": 0.001, "lr": 0.0001, "loss": -11.625}
{"message": "", "levelname": "INFO", "name": "Trainer", "asctime": "2026-04-15 17:59:51,798", "type": "train", "epoch": 15, "batch": 4079, "n_batches": 7774, "time": 0.133, "data_time": 0.0, "lr": 0.0001, "loss": -18.73}
{"message": "", "levelname": "INFO", "name": "Trainer", "asctime": "2026-04-15 17:59:54,048", "type": "train", "epoch": 15, "batch": 4159, "n_batches": 7774, "time": 0.207, "data_time": 0.0, "lr": 0.0001, "loss": -16.909}
{"message": "", "levelname": "INFO", "name": "Trainer", "asctime": "2026-04-15 17:59:55,993", "type": "train", "epoch": 15, "batch": 4239, "n_batches": 7774, "time": 0.179, "data_time": 0.0, "lr": 0.0001, "loss": -17.966}
{"message": "", "levelname": "INFO", "name": "Trainer", "asctime": "2026-04-15 17:59:58,024", "type": "train", "epoch": 15, "batch": 4319, "n_batches": 7774, "time": 0.22, "data_time": 0.0, "lr": 0.0001, "loss": -19.71}
{"message": "", "levelname": "INFO", "name": "Trainer", "asctime": "2026-04-15 17:59:59,897", "type": "train", "epoch": 15, "batch": 4399, "n_batches": 7774, "time": 0.201, "data_time": 0.001, "lr": 0.0001, "loss": -16.728}
{"message": "", "levelname": "INFO", "name": "Trainer", "asctime": "2026-04-15 18:00:01,761", "type": "train", "epoch": 15, "batch": 4479, "n_batches": 7774, "time": 0.147, "data_time": 0.0, "lr": 0.0001, "loss": -22.626}
{"message": "", "levelname": "INFO", "name": "Trainer", "asctime": "2026-04-15 18:00:03,823", "type": "train", "epoch": 15, "batch": 4559, "n_batches": 7774, "time": 0.219, "data_time": 0.001, "lr": 0.0001, "loss": -9.128}
{"message": "", "levelname": "INFO", "name": "Trainer", "asctime": "2026-04-15 18:00:05,893", "type": "train", "epoch": 15, "batch": 4639, "n_batches": 7774, "time": 0.224, "data_time": 0.001, "lr": 0.0001, "loss": -14.044}
{"message": "", "levelname": "INFO", "name": "Trainer", "asctime": "2026-04-15 18:00:07,822", "type": "train", "epoch": 15, "batch": 4719, "n_batches": 7774, "time": 0.179, "data_time": 0.001, "lr": 0.0001, "loss": -20.604}
{"message": "", "levelname": "INFO", "name": "Trainer", "asctime": "2026-04-15 18:00:09,888", "type": "train", "epoch": 15, "batch": 4799, "n_batches": 7774, "time": 0.198, "data_time": 0.001, "lr": 0.0001, "loss": -20.504}
{"message": "", "levelname": "INFO", "name": "Trainer", "asctime": "2026-04-15 18:00:12,140", "type": "train", "epoch": 15, "batch": 4879, "n_batches": 7774, "time": 0.243, "data_time": 0.001, "lr": 0.0001, "loss": -15.128}
{"message": "", "levelname": "INFO", "name": "Trainer", "asctime": "2026-04-15 18:00:14,337", "type": "train", "epoch": 15, "batch": 4959, "n_batches": 7774, "time": 0.262, "data_time": 0.001, "lr": 0.0001, "loss": -12.705}
{"message": "", "levelname": "INFO", "name": "Trainer", "asctime": "2026-04-15 18:00:17,303", "type": "train", "epoch": 15, "batch": 5039, "n_batches": 7774, "time": 0.255, "data_time": 0.0, "lr": 0.0001, "loss": -19.217}
{"message": "", "levelname": "INFO", "name": "Trainer", "asctime": "2026-04-15 18:00:20,736", "type": "train", "epoch": 15, "batch": 5119, "n_batches": 7774, "time": 0.435, "data_time": 0.0, "lr": 0.0001, "loss": -17.053}
{"message": "", "levelname": "INFO", "name": "Trainer", "asctime": "2026-04-15 18:00:23,367", "type": "train", "epoch": 15, "batch": 5199, "n_batches": 7774, "time": 0.243, "data_time": 0.0, "lr": 0.0001, "loss": -15.713}
{"message": "", "levelname": "INFO", "name": "Trainer", "asctime": "2026-04-15 18:00:25,862", "type": "train", "epoch": 15, "batch": 5279, "n_batches": 7774, "time": 0.239, "data_time": 0.0, "lr": 0.0001, "loss": -14.94}
{"message": "", "levelname": "INFO", "name": "Trainer", "asctime": "2026-04-15 18:00:28,434", "type": "train", "epoch": 15, "batch": 5359, "n_batches": 7774, "time": 0.21, "data_time": 0.0, "lr": 0.0001, "loss": -19.261}
{"message": "", "levelname": "INFO", "name": "Trainer", "asctime": "2026-04-15 18:00:31,398", "type": "train", "epoch": 15, "batch": 5439, "n_batches": 7774, "time": 0.336, "data_time": 0.001, "lr": 0.0001, "loss": -18.022}
{"message": "", "levelname": "INFO", "name": "Trainer", "asctime": "2026-04-15 18:00:33,942", "type": "train", "epoch": 15, "batch": 5519, "n_batches": 7774, "time": 0.231, "data_time": 0.001, "lr": 0.0001, "loss": -11.45}
{"message": "", "levelname": "INFO", "name": "Trainer", "asctime": "2026-04-15 18:00:35,922", "type": "train", "epoch": 15, "batch": 5599, "n_batches": 7774, "time": 0.184, "data_time": 0.0, "lr": 0.0001, "loss": -22.123}
{"message": "", "levelname": "INFO", "name": "Trainer", "asctime": "2026-04-15 18:00:38,153", "type": "train", "epoch": 15, "batch": 5679, "n_batches": 7774, "time": 0.245, "data_time": 0.001, "lr": 0.0001, "loss": -15.312}
{"message": "", "levelname": "INFO", "name": "Trainer", "asctime": "2026-04-15 18:00:39,937", "type": "train", "epoch": 15, "batch": 5759, "n_batches": 7774, "time": 0.137, "data_time": 0.0, "lr": 0.0001, "loss": -11.627}
{"message": "", "levelname": "INFO", "name": "Trainer", "asctime": "2026-04-15 18:00:41,777", "type": "train", "epoch": 15, "batch": 5839, "n_batches": 7774, "time": 0.173, "data_time": 0.0, "lr": 0.0001, "loss": -16.989}
{"message": "", "levelname": "INFO", "name": "Trainer", "asctime": "2026-04-15 18:00:43,872", "type": "train", "epoch": 15, "batch": 5919, "n_batches": 7774, "time": 0.236, "data_time": 0.001, "lr": 0.0001, "loss": -14.121}
{"message": "", "levelname": "INFO", "name": "Trainer", "asctime": "2026-04-15 18:00:46,115", "type": "train", "epoch": 15, "batch": 5999, "n_batches": 7774, "time": 0.246, "data_time": 0.001, "lr": 0.0001, "loss": -16.714}
{"message": "", "levelname": "INFO", "name": "Trainer", "asctime": "2026-04-15 18:00:48,957", "type": "train", "epoch": 15, "batch": 6079, "n_batches": 7774, "time": 0.385, "data_time": 0.001, "lr": 0.0001, "loss": -13.286}
{"message": "", "levelname": "INFO", "name": "Trainer", "asctime": "2026-04-15 18:00:52,347", "type": "train", "epoch": 15, "batch": 6159, "n_batches": 7774, "time": 0.267, "data_time": 0.001, "lr": 0.0001, "loss": -18.711}
{"message": "", "levelname": "INFO", "name": "Trainer", "asctime": "2026-04-15 18:00:55,118", "type": "train", "epoch": 15, "batch": 6239, "n_batches": 7774, "time": 0.241, "data_time": 0.001, "lr": 0.0001, "loss": -21.686}
{"message": "", "levelname": "INFO", "name": "Trainer", "asctime": "2026-04-15 18:00:57,844", "type": "train", "epoch": 15, "batch": 6319, "n_batches": 7774, "time": 0.174, "data_time": 0.001, "lr": 0.0001, "loss": -15.915}
{"message": "", "levelname": "INFO", "name": "Trainer", "asctime": "2026-04-15 18:01:01,094", "type": "train", "epoch": 15, "batch": 6399, "n_batches": 7774, "time": 0.258, "data_time": 0.0, "lr": 0.0001, "loss": -7.998}
{"message": "", "levelname": "INFO", "name": "Trainer", "asctime": "2026-04-15 18:01:06,133", "type": "train", "epoch": 15, "batch": 6479, "n_batches": 7774, "time": 0.603, "data_time": 0.002, "lr": 0.0001, "loss": -20.015}
{"message": "", "levelname": "INFO", "name": "Trainer", "asctime": "2026-04-15 18:01:13,168", "type": "train", "epoch": 15, "batch": 6559, "n_batches": 7774, "time": 0.663, "data_time": 0.001, "lr": 0.0001, "loss": -17.01}
{"message": "", "levelname": "INFO", "name": "Trainer", "asctime": "2026-04-15 18:01:17,978", "type": "train", "epoch": 15, "batch": 6639, "n_batches": 7774, "time": 0.371, "data_time": 0.0, "lr": 0.0001, "loss": -14.734}
{"message": "", "levelname": "INFO", "name": "Trainer", "asctime": "2026-04-15 18:01:22,057", "type": "train", "epoch": 15, "batch": 6719, "n_batches": 7774, "time": 0.246, "data_time": 0.001, "lr": 0.0001, "loss": -17.458}
{"message": "", "levelname": "INFO", "name": "Trainer", "asctime": "2026-04-15 18:01:25,875", "type": "train", "epoch": 15, "batch": 6799, "n_batches": 7774, "time": 0.388, "data_time": 0.001, "lr": 0.0001, "loss": -14.548}
{"message": "", "levelname": "INFO", "name": "Trainer", "asctime": "2026-04-15 18:01:29,877", "type": "train", "epoch": 15, "batch": 6879, "n_batches": 7774, "time": 0.31, "data_time": 0.001, "lr": 0.0001, "loss": -19.134}
{"message": "", "levelname": "INFO", "name": "Trainer", "asctime": "2026-04-15 18:01:33,876", "type": "train", "epoch": 15, "batch": 6959, "n_batches": 7774, "time": 0.812, "data_time": 0.0, "lr": 0.0001, "loss": -21.347}
{"message": "", "levelname": "INFO", "name": "Trainer", "asctime": "2026-04-15 18:01:40,479", "type": "train", "epoch": 15, "batch": 7039, "n_batches": 7774, "time": 0.311, "data_time": 0.001, "lr": 0.0001, "loss": -19.245}
{"message": "", "levelname": "INFO", "name": "Trainer", "asctime": "2026-04-15 18:01:45,390", "type": "train", "epoch": 15, "batch": 7119, "n_batches": 7774, "time": 0.305, "data_time": 0.0, "lr": 0.0001, "loss": -18.864}
{"message": "", "levelname": "INFO", "name": "Trainer", "asctime": "2026-04-15 18:01:48,822", "type": "train", "epoch": 15, "batch": 7199, "n_batches": 7774, "time": 0.389, "data_time": 0.0, "lr": 0.0001, "loss": -14.647}
{"message": "", "levelname": "INFO", "name": "Trainer", "asctime": "2026-04-15 18:01:53,748", "type": "train", "epoch": 15, "batch": 7279, "n_batches": 7774, "time": 0.39, "data_time": 0.001, "lr": 0.0001, "loss": -14.751}
{"message": "", "levelname": "INFO", "name": "Trainer", "asctime": "2026-04-15 18:01:57,186", "type": "train", "epoch": 15, "batch": 7359, "n_batches": 7774, "time": 0.325, "data_time": 0.001, "lr": 0.0001, "loss": -19.308}
{"message": "", "levelname": "INFO", "name": "Trainer", "asctime": "2026-04-15 18:02:01,195", "type": "train", "epoch": 15, "batch": 7439, "n_batches": 7774, "time": 0.547, "data_time": 0.001, "lr": 0.0001, "loss": -22.933}
{"message": "", "levelname": "INFO", "name": "Trainer", "asctime": "2026-04-15 18:02:05,824", "type": "train", "epoch": 15, "batch": 7519, "n_batches": 7774, "time": 0.477, "data_time": 0.003, "lr": 0.0001, "loss": -11.453}
{"message": "", "levelname": "INFO", "name": "Trainer", "asctime": "2026-04-15 18:02:10,369", "type": "train", "epoch": 15, "batch": 7599, "n_batches": 7774, "time": 0.296, "data_time": 0.001, "lr": 0.0001, "loss": -21.207}
{"message": "", "levelname": "INFO", "name": "Trainer", "asctime": "2026-04-15 18:02:13,702", "type": "train", "epoch": 15, "batch": 7679, "n_batches": 7774, "time": 0.277, "data_time": 0.001, "lr": 0.0001, "loss": -19.248}
{"message": "", "levelname": "INFO", "name": "Trainer", "asctime": "2026-04-15 18:02:17,370", "type": "train", "epoch": 15, "batch": 7759, "n_batches": 7774, "time": 0.382, "data_time": 0.001, "lr": 0.0001, "loss": -17.532}
{"message": "", "levelname": "INFO", "name": "Trainer", "asctime": "2026-04-15 18:02:17,901", "type": "train-epoch", "epoch": 16, "loss": -2.08877, "time": 274.2}
{"message": "", "levelname": "INFO", "name": "Trainer", "asctime": "2026-04-15 18:03:20,173", "type": "val-epoch", "epoch": 16, "loss": -2.101, "test_loss": -2.101, "time": 62.3}
{"message": "", "levelname": "INFO", "name": "Trainer", "asctime": "2026-04-15 18:03:22,938", "type": "train", "epoch": 16, "batch": 79, "n_batches": 7774, "time": 0.31, "data_time": 0.001, "lr": 0.0001, "loss": -16.802}
{"message": "", "levelname": "INFO", "name": "Trainer", "asctime": "2026-04-15 18:03:25,935", "type": "train", "epoch": 16, "batch": 159, "n_batches": 7774, "time": 0.315, "data_time": 0.0, "lr": 0.0001, "loss": -10.461}
{"message": "", "levelname": "INFO", "name": "Trainer", "asctime": "2026-04-15 18:03:29,396", "type": "train", "epoch": 16, "batch": 239, "n_batches": 7774, "time": 0.376, "data_time": 0.0, "lr": 0.0001, "loss": -16.723}
{"message": "", "levelname": "INFO", "name": "Trainer", "asctime": "2026-04-15 18:03:33,090", "type": "train", "epoch": 16, "batch": 319, "n_batches": 7774, "time": 0.269, "data_time": 0.001, "lr": 0.0001, "loss": -18.831}
{"message": "", "levelname": "INFO", "name": "Trainer", "asctime": "2026-04-15 18:03:36,088", "type": "train", "epoch": 16, "batch": 399, "n_batches": 7774, "time": 0.301, "data_time": 0.001, "lr": 0.0001, "loss": -21.958}
{"message": "", "levelname": "INFO", "name": "Trainer", "asctime": "2026-04-15 18:03:39,577", "type": "train", "epoch": 16, "batch": 479, "n_batches": 7774, "time": 0.396, "data_time": 0.001, "lr": 0.0001, "loss": -17.756}
{"message": "", "levelname": "INFO", "name": "Trainer", "asctime": "2026-04-15 18:03:43,362", "type": "train", "epoch": 16, "batch": 559, "n_batches": 7774, "time": 0.397, "data_time": 0.001, "lr": 0.0001, "loss": -19.654}
{"message": "", "levelname": "INFO", "name": "Trainer", "asctime": "2026-04-15 18:03:47,127", "type": "train", "epoch": 16, "batch": 639, "n_batches": 7774, "time": 0.322, "data_time": 0.001, "lr": 0.0001, "loss": -10.16}
{"message": "", "levelname": "INFO", "name": "Trainer", "asctime": "2026-04-15 18:03:51,235", "type": "train", "epoch": 16, "batch": 719, "n_batches": 7774, "time": 0.705, "data_time": 0.001, "lr": 0.0001, "loss": -9.877}
{"message": "", "levelname": "INFO", "name": "Trainer", "asctime": "2026-04-15 18:03:54,971", "type": "train", "epoch": 16, "batch": 799, "n_batches": 7774, "time": 0.307, "data_time": 0.0, "lr": 0.0001, "loss": -11.248}
{"message": "", "levelname": "INFO", "name": "Trainer", "asctime": "2026-04-15 18:03:59,975", "type": "train", "epoch": 16, "batch": 879, "n_batches": 7774, "time": 0.45, "data_time": 0.001, "lr": 0.0001, "loss": -21.484}
{"message": "", "levelname": "INFO", "name": "Trainer", "asctime": "2026-04-15 18:04:04,943", "type": "train", "epoch": 16, "batch": 959, "n_batches": 7774, "time": 0.399, "data_time": 0.001, "lr": 0.0001, "loss": -18.992}
{"message": "", "levelname": "INFO", "name": "Trainer", "asctime": "2026-04-15 18:04:08,474", "type": "train", "epoch": 16, "batch": 1039, "n_batches": 7774, "time": 0.391, "data_time": 0.001, "lr": 0.0001, "loss": -17.703}
{"message": "", "levelname": "INFO", "name": "Trainer", "asctime": "2026-04-15 18:04:11,739", "type": "train", "epoch": 16, "batch": 1119, "n_batches": 7774, "time": 0.209, "data_time": 0.001, "lr": 0.0001, "loss": -22.066}
{"message": "", "levelname": "INFO", "name": "Trainer", "asctime": "2026-04-15 18:04:15,806", "type": "train", "epoch": 16, "batch": 1199, "n_batches": 7774, "time": 0.475, "data_time": 0.001, "lr": 0.0001, "loss": -17.741}
{"message": "", "levelname": "INFO", "name": "Trainer", "asctime": "2026-04-15 18:04:19,689", "type": "train", "epoch": 16, "batch": 1279, "n_batches": 7774, "time": 0.397, "data_time": 0.001, "lr": 0.0001, "loss": -15.971}
{"message": "", "levelname": "INFO", "name": "Trainer", "asctime": "2026-04-15 18:04:22,947", "type": "train", "epoch": 16, "batch": 1359, "n_batches": 7774, "time": 0.321, "data_time": 0.001, "lr": 0.0001, "loss": -16.611}
{"message": "", "levelname": "INFO", "name": "Trainer", "asctime": "2026-04-15 18:04:26,853", "type": "train", "epoch": 16, "batch": 1439, "n_batches": 7774, "time": 0.403, "data_time": 0.001, "lr": 0.0001, "loss": -24.523}
{"message": "", "levelname": "INFO", "name": "Trainer", "asctime": "2026-04-15 18:04:30,712", "type": "train", "epoch": 16, "batch": 1519, "n_batches": 7774, "time": 0.343, "data_time": 0.001, "lr": 0.0001, "loss": -21.181}
{"message": "", "levelname": "INFO", "name": "Trainer", "asctime": "2026-04-15 18:04:34,727", "type": "train", "epoch": 16, "batch": 1599, "n_batches": 7774, "time": 0.661, "data_time": 0.001, "lr": 0.0001, "loss": -16.137}
{"message": "", "levelname": "INFO", "name": "Trainer", "asctime": "2026-04-15 18:04:39,227", "type": "train", "epoch": 16, "batch": 1679, "n_batches": 7774, "time": 0.455, "data_time": 0.001, "lr": 0.0001, "loss": -13.714}
{"message": "", "levelname": "INFO", "name": "Trainer", "asctime": "2026-04-15 18:04:42,671", "type": "train", "epoch": 16, "batch": 1759, "n_batches": 7774, "time": 0.336, "data_time": 0.001, "lr": 0.0001, "loss": -14.876}
{"message": "", "levelname": "INFO", "name": "Trainer", "asctime": "2026-04-15 18:04:46,754", "type": "train", "epoch": 16, "batch": 1839, "n_batches": 7774, "time": 0.318, "data_time": 0.001, "lr": 0.0001, "loss": -17.655}
{"message": "", "levelname": "INFO", "name": "Trainer", "asctime": "2026-04-15 18:04:52,094", "type": "train", "epoch": 16, "batch": 1919, "n_batches": 7774, "time": 0.809, "data_time": 0.001, "lr": 0.0001, "loss": -13.727}
{"message": "", "levelname": "INFO", "name": "Trainer", "asctime": "2026-04-15 18:04:58,345", "type": "train", "epoch": 16, "batch": 1999, "n_batches": 7774, "time": 0.476, "data_time": 0.001, "lr": 0.0001, "loss": -14.982}
{"message": "", "levelname": "INFO", "name": "Trainer", "asctime": "2026-04-15 18:05:05,925", "type": "train", "epoch": 16, "batch": 2079, "n_batches": 7774, "time": 0.659, "data_time": 0.001, "lr": 0.0001, "loss": -15.688}
{"message": "", "levelname": "INFO", "name": "Trainer", "asctime": "2026-04-15 18:05:12,563", "type": "train", "epoch": 16, "batch": 2159, "n_batches": 7774, "time": 1.07, "data_time": 0.001, "lr": 0.0001, "loss": -17.399}
{"message": "", "levelname": "INFO", "name": "Trainer", "asctime": "2026-04-15 18:05:19,369", "type": "train", "epoch": 16, "batch": 2239, "n_batches": 7774, "time": 0.758, "data_time": 0.001, "lr": 0.0001, "loss": -10.618}
{"message": "", "levelname": "INFO", "name": "Trainer", "asctime": "2026-04-15 18:05:26,591", "type": "train", "epoch": 16, "batch": 2319, "n_batches": 7774, "time": 0.815, "data_time": 0.001, "lr": 0.0001, "loss": -19.358}
{"message": "", "levelname": "INFO", "name": "Trainer", "asctime": "2026-04-15 18:05:33,561", "type": "train", "epoch": 16, "batch": 2399, "n_batches": 7774, "time": 0.612, "data_time": 0.0, "lr": 0.0001, "loss": -15.305}
{"message": "", "levelname": "INFO", "name": "Trainer", "asctime": "2026-04-15 18:05:40,574", "type": "train", "epoch": 16, "batch": 2479, "n_batches": 7774, "time": 0.531, "data_time": 0.001, "lr": 0.0001, "loss": -14.861}
{"message": "", "levelname": "INFO", "name": "Trainer", "asctime": "2026-04-15 18:05:46,975", "type": "train", "epoch": 16, "batch": 2559, "n_batches": 7774, "time": 0.422, "data_time": 0.001, "lr": 0.0001, "loss": -17.016}
{"message": "", "levelname": "INFO", "name": "Trainer", "asctime": "2026-04-15 18:05:52,193", "type": "train", "epoch": 16, "batch": 2639, "n_batches": 7774, "time": 0.217, "data_time": 0.0, "lr": 0.0001, "loss": -12.376}
{"message": "", "levelname": "INFO", "name": "Trainer", "asctime": "2026-04-15 18:05:54,599", "type": "train", "epoch": 16, "batch": 2719, "n_batches": 7774, "time": 0.279, "data_time": 0.001, "lr": 0.0001, "loss": -12.08}
{"message": "", "levelname": "INFO", "name": "Trainer", "asctime": "2026-04-15 18:05:57,069", "type": "train", "epoch": 16, "batch": 2799, "n_batches": 7774, "time": 0.274, "data_time": 0.001, "lr": 0.0001, "loss": -8.914}
{"message": "", "levelname": "INFO", "name": "Trainer", "asctime": "2026-04-15 18:06:00,402", "type": "train", "epoch": 16, "batch": 2879, "n_batches": 7774, "time": 0.431, "data_time": 0.002, "lr": 0.0001, "loss": -12.414}
{"message": "", "levelname": "INFO", "name": "Trainer", "asctime": "2026-04-15 18:06:04,612", "type": "train", "epoch": 16, "batch": 2959, "n_batches": 7774, "time": 0.385, "data_time": 0.001, "lr": 0.0001, "loss": -17.892}
{"message": "", "levelname": "INFO", "name": "Trainer", "asctime": "2026-04-15 18:06:08,575", "type": "train", "epoch": 16, "batch": 3039, "n_batches": 7774, "time": 0.446, "data_time": 0.001, "lr": 0.0001, "loss": -13.018}
{"message": "", "levelname": "INFO", "name": "Trainer", "asctime": "2026-04-15 18:06:12,011", "type": "train", "epoch": 16, "batch": 3119, "n_batches": 7774, "time": 0.369, "data_time": 0.001, "lr": 0.0001, "loss": -19.642}
{"message": "", "levelname": "INFO", "name": "Trainer", "asctime": "2026-04-15 18:06:16,133", "type": "train", "epoch": 16, "batch": 3199, "n_batches": 7774, "time": 0.411, "data_time": 0.001, "lr": 0.0001, "loss": -16.105}
{"message": "", "levelname": "INFO", "name": "Trainer", "asctime": "2026-04-15 18:06:21,526", "type": "train", "epoch": 16, "batch": 3279, "n_batches": 7774, "time": 0.811, "data_time": 0.001, "lr": 0.0001, "loss": -20.821}
{"message": "", "levelname": "INFO", "name": "Trainer", "asctime": "2026-04-15 18:06:27,549", "type": "train", "epoch": 16, "batch": 3359, "n_batches": 7774, "time": 0.902, "data_time": 0.003, "lr": 0.0001, "loss": -12.138}
{"message": "", "levelname": "INFO", "name": "Trainer", "asctime": "2026-04-15 18:06:33,807", "type": "train", "epoch": 16, "batch": 3439, "n_batches": 7774, "time": 0.572, "data_time": 0.001, "lr": 0.0001, "loss": -13.003}
{"message": "", "levelname": "INFO", "name": "Trainer", "asctime": "2026-04-15 18:06:40,265", "type": "train", "epoch": 16, "batch": 3519, "n_batches": 7774, "time": 0.791, "data_time": 0.001, "lr": 0.0001, "loss": -19.755}
{"message": "", "levelname": "INFO", "name": "Trainer", "asctime": "2026-04-15 18:06:46,631", "type": "train", "epoch": 16, "batch": 3599, "n_batches": 7774, "time": 0.549, "data_time": 0.001, "lr": 0.0001, "loss": -20.574}
{"message": "", "levelname": "INFO", "name": "Trainer", "asctime": "2026-04-15 18:06:52,898", "type": "train", "epoch": 16, "batch": 3679, "n_batches": 7774, "time": 0.786, "data_time": 0.001, "lr": 0.0001, "loss": -14.894}
{"message": "", "levelname": "INFO", "name": "Trainer", "asctime": "2026-04-15 18:06:58,059", "type": "train", "epoch": 16, "batch": 3759, "n_batches": 7774, "time": 0.299, "data_time": 0.001, "lr": 0.0001, "loss": -7.165}
{"message": "", "levelname": "INFO", "name": "Trainer", "asctime": "2026-04-15 18:07:01,880", "type": "train", "epoch": 16, "batch": 3839, "n_batches": 7774, "time": 0.278, "data_time": 0.001, "lr": 0.0001, "loss": -16.254}
{"message": "", "levelname": "INFO", "name": "Trainer", "asctime": "2026-04-15 18:07:05,190", "type": "train", "epoch": 16, "batch": 3919, "n_batches": 7774, "time": 0.334, "data_time": 0.001, "lr": 0.0001, "loss": -10.234}
{"message": "", "levelname": "INFO", "name": "Trainer", "asctime": "2026-04-15 18:07:08,514", "type": "train", "epoch": 16, "batch": 3999, "n_batches": 7774, "time": 0.318, "data_time": 0.001, "lr": 0.0001, "loss": -21.856}
{"message": "", "levelname": "INFO", "name": "Trainer", "asctime": "2026-04-15 18:07:12,148", "type": "train", "epoch": 16, "batch": 4079, "n_batches": 7774, "time": 0.423, "data_time": 0.001, "lr": 0.0001, "loss": -15.084}
{"message": "", "levelname": "INFO", "name": "Trainer", "asctime": "2026-04-15 18:07:16,840", "type": "train", "epoch": 16, "batch": 4159, "n_batches": 7774, "time": 0.667, "data_time": 0.001, "lr": 0.0001, "loss": -14.413}
{"message": "", "levelname": "INFO", "name": "Trainer", "asctime": "2026-04-15 18:07:22,916", "type": "train", "epoch": 16, "batch": 4239, "n_batches": 7774, "time": 0.535, "data_time": 0.0, "lr": 0.0001, "loss": -21.499}
{"message": "", "levelname": "INFO", "name": "Trainer", "asctime": "2026-04-15 18:07:28,715", "type": "train", "epoch": 16, "batch": 4319, "n_batches": 7774, "time": 0.669, "data_time": 0.001, "lr": 0.0001, "loss": -23.023}
{"message": "", "levelname": "INFO", "name": "Trainer", "asctime": "2026-04-15 18:07:35,011", "type": "train", "epoch": 16, "batch": 4399, "n_batches": 7774, "time": 0.775, "data_time": 0.001, "lr": 0.0001, "loss": -15.377}
{"message": "", "levelname": "INFO", "name": "Trainer", "asctime": "2026-04-15 18:07:41,471", "type": "train", "epoch": 16, "batch": 4479, "n_batches": 7774, "time": 0.552, "data_time": 0.0, "lr": 0.0001, "loss": -20.409}
{"message": "", "levelname": "INFO", "name": "Trainer", "asctime": "2026-04-15 18:07:47,355", "type": "train", "epoch": 16, "batch": 4559, "n_batches": 7774, "time": 0.298, "data_time": 0.001, "lr": 0.0001, "loss": -20.617}
{"message": "", "levelname": "INFO", "name": "Trainer", "asctime": "2026-04-15 18:07:52,916", "type": "train", "epoch": 16, "batch": 4639, "n_batches": 7774, "time": 0.523, "data_time": 0.0, "lr": 0.0001, "loss": -15.746}
{"message": "", "levelname": "INFO", "name": "Trainer", "asctime": "2026-04-15 18:08:03,429", "type": "train", "epoch": 16, "batch": 4719, "n_batches": 7774, "time": 0.928, "data_time": 0.002, "lr": 0.0001, "loss": -13.718}
{"message": "", "levelname": "INFO", "name": "Trainer", "asctime": "2026-04-15 18:08:12,242", "type": "train", "epoch": 16, "batch": 4799, "n_batches": 7774, "time": 0.308, "data_time": 0.001, "lr": 0.0001, "loss": -10.287}
{"message": "", "levelname": "INFO", "name": "Trainer", "asctime": "2026-04-15 18:08:16,009", "type": "train", "epoch": 16, "batch": 4879, "n_batches": 7774, "time": 0.517, "data_time": 0.001, "lr": 0.0001, "loss": -15.618}
{"message": "", "levelname": "INFO", "name": "Trainer", "asctime": "2026-04-15 18:08:20,456", "type": "train", "epoch": 16, "batch": 4959, "n_batches": 7774, "time": 0.302, "data_time": 0.0, "lr": 0.0001, "loss": -11.82}
{"message": "", "levelname": "INFO", "name": "Trainer", "asctime": "2026-04-15 18:08:24,068", "type": "train", "epoch": 16, "batch": 5039, "n_batches": 7774, "time": 0.367, "data_time": 0.0, "lr": 0.0001, "loss": -20.233}
{"message": "", "levelname": "INFO", "name": "Trainer", "asctime": "2026-04-15 18:08:30,639", "type": "train", "epoch": 16, "batch": 5119, "n_batches": 7774, "time": 0.474, "data_time": 0.001, "lr": 0.0001, "loss": -15.059}
{"message": "", "levelname": "INFO", "name": "Trainer", "asctime": "2026-04-15 18:08:35,756", "type": "train", "epoch": 16, "batch": 5199, "n_batches": 7774, "time": 0.426, "data_time": 0.001, "lr": 0.0001, "loss": -18.784}
{"message": "", "levelname": "INFO", "name": "Trainer", "asctime": "2026-04-15 18:08:39,332", "type": "train", "epoch": 16, "batch": 5279, "n_batches": 7774, "time": 0.228, "data_time": 0.0, "lr": 0.0001, "loss": -14.923}
{"message": "", "levelname": "INFO", "name": "Trainer", "asctime": "2026-04-15 18:08:43,386", "type": "train", "epoch": 16, "batch": 5359, "n_batches": 7774, "time": 0.59, "data_time": 0.001, "lr": 0.0001, "loss": -19.484}
{"message": "", "levelname": "INFO", "name": "Trainer", "asctime": "2026-04-15 18:08:46,046", "type": "train", "epoch": 16, "batch": 5439, "n_batches": 7774, "time": 0.218, "data_time": 0.001, "lr": 0.0001, "loss": -13.177}
{"message": "", "levelname": "INFO", "name": "Trainer", "asctime": "2026-04-15 18:08:48,337", "type": "train", "epoch": 16, "batch": 5519, "n_batches": 7774, "time": 0.244, "data_time": 0.001, "lr": 0.0001, "loss": -16.133}
{"message": "", "levelname": "INFO", "name": "Trainer", "asctime": "2026-04-15 18:08:50,358", "type": "train", "epoch": 16, "batch": 5599, "n_batches": 7774, "time": 0.242, "data_time": 0.001, "lr": 0.0001, "loss": -22.373}
{"message": "", "levelname": "INFO", "name": "Trainer", "asctime": "2026-04-15 18:08:53,135", "type": "train", "epoch": 16, "batch": 5679, "n_batches": 7774, "time": 0.293, "data_time": 0.0, "lr": 0.0001, "loss": -20.153}
{"message": "", "levelname": "INFO", "name": "Trainer", "asctime": "2026-04-15 18:08:56,391", "type": "train", "epoch": 16, "batch": 5759, "n_batches": 7774, "time": 0.333, "data_time": 0.0, "lr": 0.0001, "loss": -17.908}
{"message": "", "levelname": "INFO", "name": "Trainer", "asctime": "2026-04-15 18:08:59,722", "type": "train", "epoch": 16, "batch": 5839, "n_batches": 7774, "time": 0.218, "data_time": 0.001, "lr": 0.0001, "loss": -19.767}
{"message": "", "levelname": "INFO", "name": "Trainer", "asctime": "2026-04-15 18:09:02,817", "type": "train", "epoch": 16, "batch": 5919, "n_batches": 7774, "time": 0.381, "data_time": 0.0, "lr": 0.0001, "loss": -17.596}
{"message": "", "levelname": "INFO", "name": "Trainer", "asctime": "2026-04-15 18:09:06,098", "type": "train", "epoch": 16, "batch": 5999, "n_batches": 7774, "time": 0.217, "data_time": 0.001, "lr": 0.0001, "loss": -22.009}
{"message": "", "levelname": "INFO", "name": "Trainer", "asctime": "2026-04-15 18:09:09,491", "type": "train", "epoch": 16, "batch": 6079, "n_batches": 7774, "time": 0.427, "data_time": 0.0, "lr": 0.0001, "loss": -14.46}
{"message": "", "levelname": "INFO", "name": "Trainer", "asctime": "2026-04-15 18:09:12,795", "type": "train", "epoch": 16, "batch": 6159, "n_batches": 7774, "time": 0.406, "data_time": 0.001, "lr": 0.0001, "loss": -15.462}
{"message": "", "levelname": "INFO", "name": "Trainer", "asctime": "2026-04-15 18:09:16,648", "type": "train", "epoch": 16, "batch": 6239, "n_batches": 7774, "time": 0.366, "data_time": 0.001, "lr": 0.0001, "loss": -13.165}
{"message": "", "levelname": "INFO", "name": "Trainer", "asctime": "2026-04-15 18:09:20,155", "type": "train", "epoch": 16, "batch": 6319, "n_batches": 7774, "time": 0.404, "data_time": 0.001, "lr": 0.0001, "loss": -20.202}
{"message": "", "levelname": "INFO", "name": "Trainer", "asctime": "2026-04-15 18:09:24,675", "type": "train", "epoch": 16, "batch": 6399, "n_batches": 7774, "time": 0.55, "data_time": 0.001, "lr": 0.0001, "loss": -20.29}
{"message": "", "levelname": "INFO", "name": "Trainer", "asctime": "2026-04-15 18:09:28,498", "type": "train", "epoch": 16, "batch": 6479, "n_batches": 7774, "time": 0.395, "data_time": 0.001, "lr": 0.0001, "loss": -15.414}
{"message": "", "levelname": "INFO", "name": "Trainer", "asctime": "2026-04-15 18:09:35,440", "type": "train", "epoch": 16, "batch": 6559, "n_batches": 7774, "time": 0.673, "data_time": 0.004, "lr": 0.0001, "loss": -21.477}
{"message": "", "levelname": "INFO", "name": "Trainer", "asctime": "2026-04-15 18:09:43,167", "type": "train", "epoch": 16, "batch": 6639, "n_batches": 7774, "time": 1.041, "data_time": 0.001, "lr": 0.0001, "loss": -15.824}
{"message": "", "levelname": "INFO", "name": "Trainer", "asctime": "2026-04-15 18:09:47,885", "type": "train", "epoch": 16, "batch": 6719, "n_batches": 7774, "time": 0.374, "data_time": 0.002, "lr": 0.0001, "loss": -14.587}
{"message": "", "levelname": "INFO", "name": "Trainer", "asctime": "2026-04-15 18:09:51,392", "type": "train", "epoch": 16, "batch": 6799, "n_batches": 7774, "time": 0.36, "data_time": 0.001, "lr": 0.0001, "loss": -19.055}
{"message": "", "levelname": "INFO", "name": "Trainer", "asctime": "2026-04-15 18:09:55,085", "type": "train", "epoch": 16, "batch": 6879, "n_batches": 7774, "time": 0.278, "data_time": 0.001, "lr": 0.0001, "loss": -17.989}
{"message": "", "levelname": "INFO", "name": "Trainer", "asctime": "2026-04-15 18:09:58,924", "type": "train", "epoch": 16, "batch": 6959, "n_batches": 7774, "time": 0.512, "data_time": 0.001, "lr": 0.0001, "loss": -14.426}
{"message": "", "levelname": "INFO", "name": "Trainer", "asctime": "2026-04-15 18:10:05,121", "type": "train", "epoch": 16, "batch": 7039, "n_batches": 7774, "time": 0.81, "data_time": 0.001, "lr": 0.0001, "loss": -7.66}
{"message": "", "levelname": "INFO", "name": "Trainer", "asctime": "2026-04-15 18:10:12,073", "type": "train", "epoch": 16, "batch": 7119, "n_batches": 7774, "time": 0.882, "data_time": 0.001, "lr": 0.0001, "loss": -18.102}
{"message": "", "levelname": "INFO", "name": "Trainer", "asctime": "2026-04-15 18:10:19,183", "type": "train", "epoch": 16, "batch": 7199, "n_batches": 7774, "time": 0.877, "data_time": 0.001, "lr": 0.0001, "loss": -13.001}
{"message": "", "levelname": "INFO", "name": "Trainer", "asctime": "2026-04-15 18:10:25,922", "type": "train", "epoch": 16, "batch": 7279, "n_batches": 7774, "time": 0.459, "data_time": 0.001, "lr": 0.0001, "loss": -18.05}
{"message": "", "levelname": "INFO", "name": "Trainer", "asctime": "2026-04-15 18:10:33,099", "type": "train", "epoch": 16, "batch": 7359, "n_batches": 7774, "time": 0.957, "data_time": 0.001, "lr": 0.0001, "loss": -21.206}
{"message": "", "levelname": "INFO", "name": "Trainer", "asctime": "2026-04-15 18:10:40,106", "type": "train", "epoch": 16, "batch": 7439, "n_batches": 7774, "time": 0.617, "data_time": 0.001, "lr": 0.0001, "loss": -20.493}
{"message": "", "levelname": "INFO", "name": "Trainer", "asctime": "2026-04-15 18:10:47,540", "type": "train", "epoch": 16, "batch": 7519, "n_batches": 7774, "time": 0.906, "data_time": 0.001, "lr": 0.0001, "loss": -14.495}
{"message": "", "levelname": "INFO", "name": "Trainer", "asctime": "2026-04-15 18:10:54,314", "type": "train", "epoch": 16, "batch": 7599, "n_batches": 7774, "time": 0.562, "data_time": 0.001, "lr": 0.0001, "loss": -17.101}
{"message": "", "levelname": "INFO", "name": "Trainer", "asctime": "2026-04-15 18:11:00,941", "type": "train", "epoch": 16, "batch": 7679, "n_batches": 7774, "time": 0.959, "data_time": 0.001, "lr": 0.0001, "loss": -16.953}
{"message": "", "levelname": "INFO", "name": "Trainer", "asctime": "2026-04-15 18:11:08,170", "type": "train", "epoch": 16, "batch": 7759, "n_batches": 7774, "time": 0.642, "data_time": 0.002, "lr": 0.0001, "loss": -17.814}
{"message": "", "levelname": "INFO", "name": "Trainer", "asctime": "2026-04-15 18:11:09,402", "type": "train-epoch", "epoch": 17, "loss": -2.09298, "time": 469.2}
{"message": "", "levelname": "INFO", "name": "Trainer", "asctime": "2026-04-15 18:12:19,524", "type": "val-epoch", "epoch": 17, "loss": -2.115, "test_loss": -2.115, "time": 70.1}
{"message": "", "levelname": "INFO", "name": "Trainer", "asctime": "2026-04-15 18:12:23,591", "type": "train", "epoch": 17, "batch": 79, "n_batches": 7774, "time": 0.343, "data_time": 0.001, "lr": 0.0001, "loss": -18.272}
{"message": "", "levelname": "INFO", "name": "Trainer", "asctime": "2026-04-15 18:12:27,932", "type": "train", "epoch": 17, "batch": 159, "n_batches": 7774, "time": 0.351, "data_time": 0.001, "lr": 0.0001, "loss": -17.251}
{"message": "", "levelname": "INFO", "name": "Trainer", "asctime": "2026-04-15 18:12:31,093", "type": "train", "epoch": 17, "batch": 239, "n_batches": 7774, "time": 0.46, "data_time": 0.001, "lr": 0.0001, "loss": -12.079}
{"message": "", "levelname": "INFO", "name": "Trainer", "asctime": "2026-04-15 18:12:35,379", "type": "train", "epoch": 17, "batch": 319, "n_batches": 7774, "time": 0.349, "data_time": 0.002, "lr": 0.0001, "loss": -12.934}
{"message": "", "levelname": "INFO", "name": "Trainer", "asctime": "2026-04-15 18:12:41,698", "type": "train", "epoch": 17, "batch": 399, "n_batches": 7774, "time": 0.659, "data_time": 0.001, "lr": 0.0001, "loss": -19.164}
{"message": "", "levelname": "INFO", "name": "Trainer", "asctime": "2026-04-15 18:12:48,220", "type": "train", "epoch": 17, "batch": 479, "n_batches": 7774, "time": 0.564, "data_time": 0.001, "lr": 0.0001, "loss": -10.718}
{"message": "", "levelname": "INFO", "name": "Trainer", "asctime": "2026-04-15 18:12:55,234", "type": "train", "epoch": 17, "batch": 559, "n_batches": 7774, "time": 0.829, "data_time": 0.001, "lr": 0.0001, "loss": -22.02}
{"message": "", "levelname": "INFO", "name": "Trainer", "asctime": "2026-04-15 18:13:02,443", "type": "train", "epoch": 17, "batch": 639, "n_batches": 7774, "time": 0.639, "data_time": 0.001, "lr": 0.0001, "loss": -14.78}
{"message": "", "levelname": "INFO", "name": "Trainer", "asctime": "2026-04-15 18:13:09,911", "type": "train", "epoch": 17, "batch": 719, "n_batches": 7774, "time": 0.657, "data_time": 0.003, "lr": 0.0001, "loss": -20.892}
{"message": "", "levelname": "INFO", "name": "Trainer", "asctime": "2026-04-15 18:13:16,135", "type": "train", "epoch": 17, "batch": 799, "n_batches": 7774, "time": 0.611, "data_time": 0.001, "lr": 0.0001, "loss": -18.209}
{"message": "", "levelname": "INFO", "name": "Trainer", "asctime": "2026-04-15 18:13:22,727", "type": "train", "epoch": 17, "batch": 879, "n_batches": 7774, "time": 0.401, "data_time": 0.003, "lr": 0.0001, "loss": -12.245}
{"message": "", "levelname": "INFO", "name": "Trainer", "asctime": "2026-04-15 18:13:26,884", "type": "train", "epoch": 17, "batch": 959, "n_batches": 7774, "time": 0.313, "data_time": 0.001, "lr": 0.0001, "loss": -13.885}
{"message": "", "levelname": "INFO", "name": "Trainer", "asctime": "2026-04-15 18:13:30,700", "type": "train", "epoch": 17, "batch": 1039, "n_batches": 7774, "time": 0.449, "data_time": 0.001, "lr": 0.0001, "loss": -13.021}
{"message": "", "levelname": "INFO", "name": "Trainer", "asctime": "2026-04-15 18:13:35,225", "type": "train", "epoch": 17, "batch": 1119, "n_batches": 7774, "time": 0.339, "data_time": 0.001, "lr": 0.0001, "loss": -19.363}
{"message": "", "levelname": "INFO", "name": "Trainer", "asctime": "2026-04-15 18:13:38,982", "type": "train", "epoch": 17, "batch": 1199, "n_batches": 7774, "time": 0.343, "data_time": 0.002, "lr": 0.0001, "loss": -11.598}
{"message": "", "levelname": "INFO", "name": "Trainer", "asctime": "2026-04-15 18:13:44,418", "type": "train", "epoch": 17, "batch": 1279, "n_batches": 7774, "time": 0.797, "data_time": 0.001, "lr": 0.0001, "loss": -18.576}
{"message": "", "levelname": "INFO", "name": "Trainer", "asctime": "2026-04-15 18:13:47,641", "type": "train", "epoch": 17, "batch": 1359, "n_batches": 7774, "time": 0.262, "data_time": 0.001, "lr": 0.0001, "loss": -13.0}
{"message": "", "levelname": "INFO", "name": "Trainer", "asctime": "2026-04-15 18:13:51,144", "type": "train", "epoch": 17, "batch": 1439, "n_batches": 7774, "time": 0.311, "data_time": 0.0, "lr": 0.0001, "loss": -16.009}
{"message": "", "levelname": "INFO", "name": "Trainer", "asctime": "2026-04-15 18:13:53,061", "type": "train", "epoch": 17, "batch": 1519, "n_batches": 7774, "time": 0.158, "data_time": 0.0, "lr": 0.0001, "loss": -18.838}
{"message": "", "levelname": "INFO", "name": "Trainer", "asctime": "2026-04-15 18:13:55,102", "type": "train", "epoch": 17, "batch": 1599, "n_batches": 7774, "time": 0.2, "data_time": 0.0, "lr": 0.0001, "loss": -9.687}
{"message": "", "levelname": "INFO", "name": "Trainer", "asctime": "2026-04-15 18:13:57,885", "type": "train", "epoch": 17, "batch": 1679, "n_batches": 7774, "time": 0.344, "data_time": 0.0, "lr": 0.0001, "loss": -16.168}
{"message": "", "levelname": "INFO", "name": "Trainer", "asctime": "2026-04-15 18:14:00,678", "type": "train", "epoch": 17, "batch": 1759, "n_batches": 7774, "time": 0.225, "data_time": 0.001, "lr": 0.0001, "loss": -18.004}
{"message": "", "levelname": "INFO", "name": "Trainer", "asctime": "2026-04-15 18:14:03,514", "type": "train", "epoch": 17, "batch": 1839, "n_batches": 7774, "time": 0.244, "data_time": 0.0, "lr": 0.0001, "loss": -17.446}
{"message": "", "levelname": "INFO", "name": "Trainer", "asctime": "2026-04-15 18:14:06,630", "type": "train", "epoch": 17, "batch": 1919, "n_batches": 7774, "time": 0.412, "data_time": 0.0, "lr": 0.0001, "loss": -16.605}
{"message": "", "levelname": "INFO", "name": "Trainer", "asctime": "2026-04-15 18:14:10,191", "type": "train", "epoch": 17, "batch": 1999, "n_batches": 7774, "time": 0.617, "data_time": 0.001, "lr": 0.0001, "loss": -18.277}
{"message": "", "levelname": "INFO", "name": "Trainer", "asctime": "2026-04-15 18:14:13,280", "type": "train", "epoch": 17, "batch": 2079, "n_batches": 7774, "time": 0.225, "data_time": 0.001, "lr": 0.0001, "loss": -18.11}
{"message": "", "levelname": "INFO", "name": "Trainer", "asctime": "2026-04-15 18:14:16,534", "type": "train", "epoch": 17, "batch": 2159, "n_batches": 7774, "time": 0.259, "data_time": 0.001, "lr": 0.0001, "loss": -18.094}
{"message": "", "levelname": "INFO", "name": "Trainer", "asctime": "2026-04-15 18:14:19,514", "type": "train", "epoch": 17, "batch": 2239, "n_batches": 7774, "time": 0.263, "data_time": 0.0, "lr": 0.0001, "loss": -20.124}
{"message": "", "levelname": "INFO", "name": "Trainer", "asctime": "2026-04-15 18:14:22,284", "type": "train", "epoch": 17, "batch": 2319, "n_batches": 7774, "time": 0.319, "data_time": 0.001, "lr": 0.0001, "loss": -14.842}
{"message": "", "levelname": "INFO", "name": "Trainer", "asctime": "2026-04-15 18:14:25,294", "type": "train", "epoch": 17, "batch": 2399, "n_batches": 7774, "time": 0.347, "data_time": 0.001, "lr": 0.0001, "loss": -14.797}
{"message": "", "levelname": "INFO", "name": "Trainer", "asctime": "2026-04-15 18:14:28,294", "type": "train", "epoch": 17, "batch": 2479, "n_batches": 7774, "time": 0.257, "data_time": 0.0, "lr": 0.0001, "loss": -12.002}
{"message": "", "levelname": "INFO", "name": "Trainer", "asctime": "2026-04-15 18:14:31,131", "type": "train", "epoch": 17, "batch": 2559, "n_batches": 7774, "time": 0.305, "data_time": 0.002, "lr": 0.0001, "loss": -16.177}
{"message": "", "levelname": "INFO", "name": "Trainer", "asctime": "2026-04-15 18:14:33,603", "type": "train", "epoch": 17, "batch": 2639, "n_batches": 7774, "time": 0.232, "data_time": 0.001, "lr": 0.0001, "loss": -15.101}
{"message": "", "levelname": "INFO", "name": "Trainer", "asctime": "2026-04-15 18:14:36,501", "type": "train", "epoch": 17, "batch": 2719, "n_batches": 7774, "time": 0.273, "data_time": 0.001, "lr": 0.0001, "loss": -18.598}
{"message": "", "levelname": "INFO", "name": "Trainer", "asctime": "2026-04-15 18:14:39,334", "type": "train", "epoch": 17, "batch": 2799, "n_batches": 7774, "time": 0.279, "data_time": 0.001, "lr": 0.0001, "loss": -20.522}
{"message": "", "levelname": "INFO", "name": "Trainer", "asctime": "2026-04-15 18:14:42,417", "type": "train", "epoch": 17, "batch": 2879, "n_batches": 7774, "time": 0.297, "data_time": 0.0, "lr": 0.0001, "loss": -11.254}
{"message": "", "levelname": "INFO", "name": "Trainer", "asctime": "2026-04-15 18:14:45,237", "type": "train", "epoch": 17, "batch": 2959, "n_batches": 7774, "time": 0.315, "data_time": 0.001, "lr": 0.0001, "loss": -15.096}
{"message": "", "levelname": "INFO", "name": "Trainer", "asctime": "2026-04-15 18:14:48,041", "type": "train", "epoch": 17, "batch": 3039, "n_batches": 7774, "time": 0.29, "data_time": 0.0, "lr": 0.0001, "loss": -14.492}
{"message": "", "levelname": "INFO", "name": "Trainer", "asctime": "2026-04-15 18:14:50,712", "type": "train", "epoch": 17, "batch": 3119, "n_batches": 7774, "time": 0.287, "data_time": 0.001, "lr": 0.0001, "loss": -18.222}
{"message": "", "levelname": "INFO", "name": "Trainer", "asctime": "2026-04-15 18:14:53,644", "type": "train", "epoch": 17, "batch": 3199, "n_batches": 7774, "time": 0.296, "data_time": 0.001, "lr": 0.0001, "loss": -15.1}
{"message": "", "levelname": "INFO", "name": "Trainer", "asctime": "2026-04-15 18:14:56,496", "type": "train", "epoch": 17, "batch": 3279, "n_batches": 7774, "time": 0.279, "data_time": 0.001, "lr": 0.0001, "loss": -15.901}
{"message": "", "levelname": "INFO", "name": "Trainer", "asctime": "2026-04-15 18:14:59,745", "type": "train", "epoch": 17, "batch": 3359, "n_batches": 7774, "time": 0.358, "data_time": 0.001, "lr": 0.0001, "loss": -21.013}
{"message": "", "levelname": "INFO", "name": "Trainer", "asctime": "2026-04-15 18:15:02,201", "type": "train", "epoch": 17, "batch": 3439, "n_batches": 7774, "time": 0.254, "data_time": 0.001, "lr": 0.0001, "loss": -15.124}
{"message": "", "levelname": "INFO", "name": "Trainer", "asctime": "2026-04-15 18:15:05,101", "type": "train", "epoch": 17, "batch": 3519, "n_batches": 7774, "time": 0.249, "data_time": 0.001, "lr": 0.0001, "loss": -13.34}
{"message": "", "levelname": "INFO", "name": "Trainer", "asctime": "2026-04-15 18:15:08,242", "type": "train", "epoch": 17, "batch": 3599, "n_batches": 7774, "time": 0.533, "data_time": 0.001, "lr": 0.0001, "loss": -14.734}
{"message": "", "levelname": "INFO", "name": "Trainer", "asctime": "2026-04-15 18:15:10,839", "type": "train", "epoch": 17, "batch": 3679, "n_batches": 7774, "time": 0.253, "data_time": 0.001, "lr": 0.0001, "loss": -17.751}
{"message": "", "levelname": "INFO", "name": "Trainer", "asctime": "2026-04-15 18:15:14,010", "type": "train", "epoch": 17, "batch": 3759, "n_batches": 7774, "time": 0.319, "data_time": 0.001, "lr": 0.0001, "loss": -17.369}
{"message": "", "levelname": "INFO", "name": "Trainer", "asctime": "2026-04-15 18:15:16,942", "type": "train", "epoch": 17, "batch": 3839, "n_batches": 7774, "time": 0.44, "data_time": 0.001, "lr": 0.0001, "loss": -13.599}
{"message": "", "levelname": "INFO", "name": "Trainer", "asctime": "2026-04-15 18:15:19,898", "type": "train", "epoch": 17, "batch": 3919, "n_batches": 7774, "time": 0.436, "data_time": 0.001, "lr": 0.0001, "loss": -16.307}
{"message": "", "levelname": "INFO", "name": "Trainer", "asctime": "2026-04-15 18:15:22,968", "type": "train", "epoch": 17, "batch": 3999, "n_batches": 7774, "time": 0.336, "data_time": 0.001, "lr": 0.0001, "loss": -16.449}
{"message": "", "levelname": "INFO", "name": "Trainer", "asctime": "2026-04-15 18:15:26,066", "type": "train", "epoch": 17, "batch": 4079, "n_batches": 7774, "time": 0.31, "data_time": 0.001, "lr": 0.0001, "loss": -13.5}
{"message": "", "levelname": "INFO", "name": "Trainer", "asctime": "2026-04-15 18:15:28,730", "type": "train", "epoch": 17, "batch": 4159, "n_batches": 7774, "time": 0.217, "data_time": 0.001, "lr": 0.0001, "loss": -19.694}
{"message": "", "levelname": "INFO", "name": "Trainer", "asctime": "2026-04-15 18:15:31,679", "type": "train", "epoch": 17, "batch": 4239, "n_batches": 7774, "time": 0.339, "data_time": 0.001, "lr": 0.0001, "loss": -17.227}
{"message": "", "levelname": "INFO", "name": "Trainer", "asctime": "2026-04-15 18:15:34,659", "type": "train", "epoch": 17, "batch": 4319, "n_batches": 7774, "time": 0.252, "data_time": 0.001, "lr": 0.0001, "loss": -20.844}
{"message": "", "levelname": "INFO", "name": "Trainer", "asctime": "2026-04-15 18:15:37,309", "type": "train", "epoch": 17, "batch": 4399, "n_batches": 7774, "time": 0.242, "data_time": 0.001, "lr": 0.0001, "loss": -17.354}
{"message": "", "levelname": "INFO", "name": "Trainer", "asctime": "2026-04-15 18:15:39,897", "type": "train", "epoch": 17, "batch": 4479, "n_batches": 7774, "time": 0.214, "data_time": 0.001, "lr": 0.0001, "loss": -20.826}
{"message": "", "levelname": "INFO", "name": "Trainer", "asctime": "2026-04-15 18:15:42,827", "type": "train", "epoch": 17, "batch": 4559, "n_batches": 7774, "time": 0.248, "data_time": 0.0, "lr": 0.0001, "loss": -12.467}
{"message": "", "levelname": "INFO", "name": "Trainer", "asctime": "2026-04-15 18:15:45,748", "type": "train", "epoch": 17, "batch": 4639, "n_batches": 7774, "time": 0.253, "data_time": 0.001, "lr": 0.0001, "loss": -14.512}
{"message": "", "levelname": "INFO", "name": "Trainer", "asctime": "2026-04-15 18:15:48,407", "type": "train", "epoch": 17, "batch": 4719, "n_batches": 7774, "time": 0.258, "data_time": 0.001, "lr": 0.0001, "loss": -14.257}
{"message": "", "levelname": "INFO", "name": "Trainer", "asctime": "2026-04-15 18:15:51,332", "type": "train", "epoch": 17, "batch": 4799, "n_batches": 7774, "time": 0.214, "data_time": 0.001, "lr": 0.0001, "loss": -13.334}
{"message": "", "levelname": "INFO", "name": "Trainer", "asctime": "2026-04-15 18:15:54,113", "type": "train", "epoch": 17, "batch": 4879, "n_batches": 7774, "time": 0.229, "data_time": 0.001, "lr": 0.0001, "loss": -20.109}
{"message": "", "levelname": "INFO", "name": "Trainer", "asctime": "2026-04-15 18:15:57,322", "type": "train", "epoch": 17, "batch": 4959, "n_batches": 7774, "time": 0.322, "data_time": 0.001, "lr": 0.0001, "loss": -7.162}
{"message": "", "levelname": "INFO", "name": "Trainer", "asctime": "2026-04-15 18:16:00,360", "type": "train", "epoch": 17, "batch": 5039, "n_batches": 7774, "time": 0.298, "data_time": 0.001, "lr": 0.0001, "loss": -14.754}
{"message": "", "levelname": "INFO", "name": "Trainer", "asctime": "2026-04-15 18:16:03,217", "type": "train", "epoch": 17, "batch": 5119, "n_batches": 7774, "time": 0.326, "data_time": 0.001, "lr": 0.0001, "loss": -19.124}
{"message": "", "levelname": "INFO", "name": "Trainer", "asctime": "2026-04-15 18:16:06,392", "type": "train", "epoch": 17, "batch": 5199, "n_batches": 7774, "time": 0.317, "data_time": 0.001, "lr": 0.0001, "loss": -22.997}
{"message": "", "levelname": "INFO", "name": "Trainer", "asctime": "2026-04-15 18:16:09,690", "type": "train", "epoch": 17, "batch": 5279, "n_batches": 7774, "time": 0.273, "data_time": 0.0, "lr": 0.0001, "loss": -13.852}
{"message": "", "levelname": "INFO", "name": "Trainer", "asctime": "2026-04-15 18:16:12,512", "type": "train", "epoch": 17, "batch": 5359, "n_batches": 7774, "time": 0.402, "data_time": 0.001, "lr": 0.0001, "loss": -19.856}
{"message": "", "levelname": "INFO", "name": "Trainer", "asctime": "2026-04-15 18:16:15,566", "type": "train", "epoch": 17, "batch": 5439, "n_batches": 7774, "time": 0.29, "data_time": 0.001, "lr": 0.0001, "loss": -16.171}
{"message": "", "levelname": "INFO", "name": "Trainer", "asctime": "2026-04-15 18:16:18,361", "type": "train", "epoch": 17, "batch": 5519, "n_batches": 7774, "time": 0.303, "data_time": 0.001, "lr": 0.0001, "loss": -15.477}
{"message": "", "levelname": "INFO", "name": "Trainer", "asctime": "2026-04-15 18:16:21,115", "type": "train", "epoch": 17, "batch": 5599, "n_batches": 7774, "time": 0.27, "data_time": 0.001, "lr": 0.0001, "loss": -21.885}
{"message": "", "levelname": "INFO", "name": "Trainer", "asctime": "2026-04-15 18:16:23,465", "type": "train", "epoch": 17, "batch": 5679, "n_batches": 7774, "time": 0.147, "data_time": 0.001, "lr": 0.0001, "loss": -19.36}
{"message": "", "levelname": "INFO", "name": "Trainer", "asctime": "2026-04-15 18:16:25,620", "type": "train", "epoch": 17, "batch": 5759, "n_batches": 7774, "time": 0.179, "data_time": 0.0, "lr": 0.0001, "loss": -22.337}
{"message": "", "levelname": "INFO", "name": "Trainer", "asctime": "2026-04-15 18:16:28,427", "type": "train", "epoch": 17, "batch": 5839, "n_batches": 7774, "time": 0.327, "data_time": 0.001, "lr": 0.0001, "loss": -21.111}
{"message": "", "levelname": "INFO", "name": "Trainer", "asctime": "2026-04-15 18:16:31,759", "type": "train", "epoch": 17, "batch": 5919, "n_batches": 7774, "time": 0.46, "data_time": 0.001, "lr": 0.0001, "loss": -13.258}
{"message": "", "levelname": "INFO", "name": "Trainer", "asctime": "2026-04-15 18:16:35,012", "type": "train", "epoch": 17, "batch": 5999, "n_batches": 7774, "time": 0.394, "data_time": 0.001, "lr": 0.0001, "loss": -12.181}
{"message": "", "levelname": "INFO", "name": "Trainer", "asctime": "2026-04-15 18:16:37,825", "type": "train", "epoch": 17, "batch": 6079, "n_batches": 7774, "time": 0.39, "data_time": 0.001, "lr": 0.0001, "loss": -17.43}
{"message": "", "levelname": "INFO", "name": "Trainer", "asctime": "2026-04-15 18:16:41,148", "type": "train", "epoch": 17, "batch": 6159, "n_batches": 7774, "time": 0.231, "data_time": 0.001, "lr": 0.0001, "loss": -18.86}
{"message": "", "levelname": "INFO", "name": "Trainer", "asctime": "2026-04-15 18:16:43,823", "type": "train", "epoch": 17, "batch": 6239, "n_batches": 7774, "time": 0.324, "data_time": 0.001, "lr": 0.0001, "loss": -16.584}
{"message": "", "levelname": "INFO", "name": "Trainer", "asctime": "2026-04-15 18:16:46,871", "type": "train", "epoch": 17, "batch": 6319, "n_batches": 7774, "time": 0.242, "data_time": 0.001, "lr": 0.0001, "loss": -23.369}
{"message": "", "levelname": "INFO", "name": "Trainer", "asctime": "2026-04-15 18:16:49,752", "type": "train", "epoch": 17, "batch": 6399, "n_batches": 7774, "time": 0.333, "data_time": 0.001, "lr": 0.0001, "loss": -12.134}
{"message": "", "levelname": "INFO", "name": "Trainer", "asctime": "2026-04-15 18:16:52,875", "type": "train", "epoch": 17, "batch": 6479, "n_batches": 7774, "time": 0.219, "data_time": 0.0, "lr": 0.0001, "loss": -21.856}
{"message": "", "levelname": "INFO", "name": "Trainer", "asctime": "2026-04-15 18:16:55,782", "type": "train", "epoch": 17, "batch": 6559, "n_batches": 7774, "time": 0.192, "data_time": 0.0, "lr": 0.0001, "loss": -21.572}
{"message": "", "levelname": "INFO", "name": "Trainer", "asctime": "2026-04-15 18:16:58,768", "type": "train", "epoch": 17, "batch": 6639, "n_batches": 7774, "time": 0.417, "data_time": 0.0, "lr": 0.0001, "loss": -13.398}
{"message": "", "levelname": "INFO", "name": "Trainer", "asctime": "2026-04-15 18:17:02,086", "type": "train", "epoch": 17, "batch": 6719, "n_batches": 7774, "time": 0.36, "data_time": 0.001, "lr": 0.0001, "loss": -9.671}
{"message": "", "levelname": "INFO", "name": "Trainer", "asctime": "2026-04-15 18:17:05,144", "type": "train", "epoch": 17, "batch": 6799, "n_batches": 7774, "time": 0.247, "data_time": 0.001, "lr": 0.0001, "loss": -15.729}
{"message": "", "levelname": "INFO", "name": "Trainer", "asctime": "2026-04-15 18:17:08,195", "type": "train", "epoch": 17, "batch": 6879, "n_batches": 7774, "time": 0.332, "data_time": 0.001, "lr": 0.0001, "loss": -21.136}
{"message": "", "levelname": "INFO", "name": "Trainer", "asctime": "2026-04-15 18:17:10,871", "type": "train", "epoch": 17, "batch": 6959, "n_batches": 7774, "time": 0.26, "data_time": 0.001, "lr": 0.0001, "loss": -15.542}
{"message": "", "levelname": "INFO", "name": "Trainer", "asctime": "2026-04-15 18:17:14,479", "type": "train", "epoch": 17, "batch": 7039, "n_batches": 7774, "time": 0.326, "data_time": 0.001, "lr": 0.0001, "loss": -19.051}
{"message": "", "levelname": "INFO", "name": "Trainer", "asctime": "2026-04-15 18:17:17,153", "type": "train", "epoch": 17, "batch": 7119, "n_batches": 7774, "time": 0.264, "data_time": 0.001, "lr": 0.0001, "loss": -13.182}
{"message": "", "levelname": "INFO", "name": "Trainer", "asctime": "2026-04-15 18:17:20,666", "type": "train", "epoch": 17, "batch": 7199, "n_batches": 7774, "time": 0.271, "data_time": 0.0, "lr": 0.0001, "loss": -17.449}
{"message": "", "levelname": "INFO", "name": "Trainer", "asctime": "2026-04-15 18:17:23,287", "type": "train", "epoch": 17, "batch": 7279, "n_batches": 7774, "time": 0.223, "data_time": 0.0, "lr": 0.0001, "loss": -19.433}
{"message": "", "levelname": "INFO", "name": "Trainer", "asctime": "2026-04-15 18:17:26,246", "type": "train", "epoch": 17, "batch": 7359, "n_batches": 7774, "time": 0.27, "data_time": 0.001, "lr": 0.0001, "loss": -23.568}
{"message": "", "levelname": "INFO", "name": "Trainer", "asctime": "2026-04-15 18:17:29,093", "type": "train", "epoch": 17, "batch": 7439, "n_batches": 7774, "time": 0.242, "data_time": 0.0, "lr": 0.0001, "loss": -11.68}
{"message": "", "levelname": "INFO", "name": "Trainer", "asctime": "2026-04-15 18:17:31,911", "type": "train", "epoch": 17, "batch": 7519, "n_batches": 7774, "time": 0.323, "data_time": 0.001, "lr": 0.0001, "loss": -18.222}
{"message": "", "levelname": "INFO", "name": "Trainer", "asctime": "2026-04-15 18:17:35,577", "type": "train", "epoch": 17, "batch": 7599, "n_batches": 7774, "time": 0.287, "data_time": 0.001, "lr": 0.0001, "loss": -10.225}
{"message": "", "levelname": "INFO", "name": "Trainer", "asctime": "2026-04-15 18:17:38,648", "type": "train", "epoch": 17, "batch": 7679, "n_batches": 7774, "time": 0.372, "data_time": 0.001, "lr": 0.0001, "loss": -16.868}
{"message": "", "levelname": "INFO", "name": "Trainer", "asctime": "2026-04-15 18:17:41,748", "type": "train", "epoch": 17, "batch": 7759, "n_batches": 7774, "time": 0.219, "data_time": 0.001, "lr": 0.0001, "loss": -15.777}
{"message": "", "levelname": "INFO", "name": "Trainer", "asctime": "2026-04-15 18:17:42,330", "type": "train-epoch", "epoch": 18, "loss": -2.09914, "time": 322.8}
{"message": "", "levelname": "INFO", "name": "Trainer", "asctime": "2026-04-15 18:18:51,274", "type": "val-epoch", "epoch": 18, "loss": -2.117, "test_loss": -2.117, "time": 68.9}
{"message": "", "levelname": "INFO", "name": "Trainer", "asctime": "2026-04-15 18:18:56,923", "type": "train", "epoch": 18, "batch": 79, "n_batches": 7774, "time": 0.457, "data_time": 0.001, "lr": 0.0001, "loss": -14.444}
{"message": "", "levelname": "INFO", "name": "Trainer", "asctime": "2026-04-15 18:19:01,042", "type": "train", "epoch": 18, "batch": 159, "n_batches": 7774, "time": 0.18, "data_time": 0.0, "lr": 0.0001, "loss": -9.618}
{"message": "", "levelname": "INFO", "name": "Trainer", "asctime": "2026-04-15 18:19:03,530", "type": "train", "epoch": 18, "batch": 239, "n_batches": 7774, "time": 0.255, "data_time": 0.001, "lr": 0.0001, "loss": -18.828}
{"message": "", "levelname": "INFO", "name": "Trainer", "asctime": "2026-04-15 18:19:06,463", "type": "train", "epoch": 18, "batch": 319, "n_batches": 7774, "time": 0.272, "data_time": 0.001, "lr": 0.0001, "loss": -20.094}
{"message": "", "levelname": "INFO", "name": "Trainer", "asctime": "2026-04-15 18:19:09,822", "type": "train", "epoch": 18, "batch": 399, "n_batches": 7774, "time": 0.285, "data_time": 0.001, "lr": 0.0001, "loss": -16.355}
{"message": "", "levelname": "INFO", "name": "Trainer", "asctime": "2026-04-15 18:19:13,353", "type": "train", "epoch": 18, "batch": 479, "n_batches": 7774, "time": 0.485, "data_time": 0.001, "lr": 0.0001, "loss": -12.132}
{"message": "", "levelname": "INFO", "name": "Trainer", "asctime": "2026-04-15 18:19:17,203", "type": "train", "epoch": 18, "batch": 559, "n_batches": 7774, "time": 0.264, "data_time": 0.001, "lr": 0.0001, "loss": -14.966}
{"message": "", "levelname": "INFO", "name": "Trainer", "asctime": "2026-04-15 18:19:20,458", "type": "train", "epoch": 18, "batch": 639, "n_batches": 7774, "time": 0.224, "data_time": 0.001, "lr": 0.0001, "loss": -19.328}
{"message": "", "levelname": "INFO", "name": "Trainer", "asctime": "2026-04-15 18:19:24,813", "type": "train", "epoch": 18, "batch": 719, "n_batches": 7774, "time": 0.474, "data_time": 0.001, "lr": 0.0001, "loss": -16.673}
{"message": "", "levelname": "INFO", "name": "Trainer", "asctime": "2026-04-15 18:19:30,798", "type": "train", "epoch": 18, "batch": 799, "n_batches": 7774, "time": 0.422, "data_time": 0.001, "lr": 0.0001, "loss": -13.485}
{"message": "", "levelname": "INFO", "name": "Trainer", "asctime": "2026-04-15 18:19:36,553", "type": "train", "epoch": 18, "batch": 879, "n_batches": 7774, "time": 0.546, "data_time": 0.0, "lr": 0.0001, "loss": -20.584}
{"message": "", "levelname": "INFO", "name": "Trainer", "asctime": "2026-04-15 18:19:43,150", "type": "train", "epoch": 18, "batch": 959, "n_batches": 7774, "time": 0.565, "data_time": 0.001, "lr": 0.0001, "loss": -21.322}
{"message": "", "levelname": "INFO", "name": "Trainer", "asctime": "2026-04-15 18:19:49,678", "type": "train", "epoch": 18, "batch": 1039, "n_batches": 7774, "time": 0.787, "data_time": 0.001, "lr": 0.0001, "loss": -17.204}
{"message": "", "levelname": "INFO", "name": "Trainer", "asctime": "2026-04-15 18:19:56,004", "type": "train", "epoch": 18, "batch": 1119, "n_batches": 7774, "time": 1.003, "data_time": 0.0, "lr": 0.0001, "loss": -16.33}
{"message": "", "levelname": "INFO", "name": "Trainer", "asctime": "2026-04-15 18:20:02,118", "type": "train", "epoch": 18, "batch": 1199, "n_batches": 7774, "time": 0.531, "data_time": 0.001, "lr": 0.0001, "loss": -16.473}
{"message": "", "levelname": "INFO", "name": "Trainer", "asctime": "2026-04-15 18:20:08,065", "type": "train", "epoch": 18, "batch": 1279, "n_batches": 7774, "time": 0.84, "data_time": 0.0, "lr": 0.0001, "loss": -17.148}
{"message": "", "levelname": "INFO", "name": "Trainer", "asctime": "2026-04-15 18:20:14,032", "type": "train", "epoch": 18, "batch": 1359, "n_batches": 7774, "time": 0.861, "data_time": 0.001, "lr": 0.0001, "loss": -12.244}
{"message": "", "levelname": "INFO", "name": "Trainer", "asctime": "2026-04-15 18:20:20,990", "type": "train", "epoch": 18, "batch": 1439, "n_batches": 7774, "time": 0.728, "data_time": 0.001, "lr": 0.0001, "loss": -15.096}
{"message": "", "levelname": "INFO", "name": "Trainer", "asctime": "2026-04-15 18:20:27,244", "type": "train", "epoch": 18, "batch": 1519, "n_batches": 7774, "time": 0.362, "data_time": 0.0, "lr": 0.0001, "loss": -18.702}
{"message": "", "levelname": "INFO", "name": "Trainer", "asctime": "2026-04-15 18:20:31,002", "type": "train", "epoch": 18, "batch": 1599, "n_batches": 7774, "time": 0.361, "data_time": 0.001, "lr": 0.0001, "loss": -16.891}
{"message": "", "levelname": "INFO", "name": "Trainer", "asctime": "2026-04-15 18:20:34,458", "type": "train", "epoch": 18, "batch": 1679, "n_batches": 7774, "time": 0.295, "data_time": 0.001, "lr": 0.0001, "loss": -16.007}
{"message": "", "levelname": "INFO", "name": "Trainer", "asctime": "2026-04-15 18:20:40,167", "type": "train", "epoch": 18, "batch": 1759, "n_batches": 7774, "time": 0.348, "data_time": 0.001, "lr": 0.0001, "loss": -15.876}
{"message": "", "levelname": "INFO", "name": "Trainer", "asctime": "2026-04-15 18:20:43,140", "type": "train", "epoch": 18, "batch": 1839, "n_batches": 7774, "time": 0.307, "data_time": 0.001, "lr": 0.0001, "loss": -19.119}
{"message": "", "levelname": "INFO", "name": "Trainer", "asctime": "2026-04-15 18:20:46,914", "type": "train", "epoch": 18, "batch": 1919, "n_batches": 7774, "time": 0.601, "data_time": 0.001, "lr": 0.0001, "loss": -20.794}
{"message": "", "levelname": "INFO", "name": "Trainer", "asctime": "2026-04-15 18:20:51,049", "type": "train", "epoch": 18, "batch": 1999, "n_batches": 7774, "time": 0.376, "data_time": 0.001, "lr": 0.0001, "loss": -9.734}
{"message": "", "levelname": "INFO", "name": "Trainer", "asctime": "2026-04-15 18:20:54,768", "type": "train", "epoch": 18, "batch": 2079, "n_batches": 7774, "time": 0.453, "data_time": 0.002, "lr": 0.0001, "loss": -16.525}
{"message": "", "levelname": "INFO", "name": "Trainer", "asctime": "2026-04-15 18:20:58,757", "type": "train", "epoch": 18, "batch": 2159, "n_batches": 7774, "time": 0.486, "data_time": 0.001, "lr": 0.0001, "loss": -13.564}
{"message": "", "levelname": "INFO", "name": "Trainer", "asctime": "2026-04-15 18:21:02,676", "type": "train", "epoch": 18, "batch": 2239, "n_batches": 7774, "time": 0.322, "data_time": 0.001, "lr": 0.0001, "loss": -13.506}
{"message": "", "levelname": "INFO", "name": "Trainer", "asctime": "2026-04-15 18:21:05,950", "type": "train", "epoch": 18, "batch": 2319, "n_batches": 7774, "time": 0.384, "data_time": 0.001, "lr": 0.0001, "loss": -12.702}
{"message": "", "levelname": "INFO", "name": "Trainer", "asctime": "2026-04-15 18:21:10,261", "type": "train", "epoch": 18, "batch": 2399, "n_batches": 7774, "time": 0.543, "data_time": 0.001, "lr": 0.0001, "loss": -21.728}
{"message": "", "levelname": "INFO", "name": "Trainer", "asctime": "2026-04-15 18:21:15,645", "type": "train", "epoch": 18, "batch": 2479, "n_batches": 7774, "time": 0.723, "data_time": 0.001, "lr": 0.0001, "loss": -8.906}
{"message": "", "levelname": "INFO", "name": "Trainer", "asctime": "2026-04-15 18:21:22,263", "type": "train", "epoch": 18, "batch": 2559, "n_batches": 7774, "time": 0.643, "data_time": 0.001, "lr": 0.0001, "loss": -10.173}
{"message": "", "levelname": "INFO", "name": "Trainer", "asctime": "2026-04-15 18:21:28,454", "type": "train", "epoch": 18, "batch": 2639, "n_batches": 7774, "time": 0.52, "data_time": 0.0, "lr": 0.0001, "loss": -13.626}
{"message": "", "levelname": "INFO", "name": "Trainer", "asctime": "2026-04-15 18:21:34,197", "type": "train", "epoch": 18, "batch": 2719, "n_batches": 7774, "time": 0.551, "data_time": 0.001, "lr": 0.0001, "loss": -20.688}
{"message": "", "levelname": "INFO", "name": "Trainer", "asctime": "2026-04-15 18:21:41,017", "type": "train", "epoch": 18, "batch": 2799, "n_batches": 7774, "time": 0.762, "data_time": 0.0, "lr": 0.0001, "loss": -16.19}
{"message": "", "levelname": "INFO", "name": "Trainer", "asctime": "2026-04-15 18:21:46,736", "type": "train", "epoch": 18, "batch": 2879, "n_batches": 7774, "time": 0.573, "data_time": 0.002, "lr": 0.0001, "loss": -17.818}
{"message": "", "levelname": "INFO", "name": "Trainer", "asctime": "2026-04-15 18:21:53,173", "type": "train", "epoch": 18, "batch": 2959, "n_batches": 7774, "time": 0.664, "data_time": 0.001, "lr": 0.0001, "loss": -16.244}
{"message": "", "levelname": "INFO", "name": "Trainer", "asctime": "2026-04-15 18:21:55,905", "type": "train", "epoch": 18, "batch": 3039, "n_batches": 7774, "time": 0.297, "data_time": 0.001, "lr": 0.0001, "loss": -15.588}
{"message": "", "levelname": "INFO", "name": "Trainer", "asctime": "2026-04-15 18:21:59,021", "type": "train", "epoch": 18, "batch": 3119, "n_batches": 7774, "time": 0.368, "data_time": 0.002, "lr": 0.0001, "loss": -18.523}
{"message": "", "levelname": "INFO", "name": "Trainer", "asctime": "2026-04-15 18:22:02,111", "type": "train", "epoch": 18, "batch": 3199, "n_batches": 7774, "time": 0.355, "data_time": 0.001, "lr": 0.0001, "loss": -15.941}
{"message": "", "levelname": "INFO", "name": "Trainer", "asctime": "2026-04-15 18:22:05,707", "type": "train", "epoch": 18, "batch": 3279, "n_batches": 7774, "time": 0.345, "data_time": 0.001, "lr": 0.0001, "loss": -19.915}
{"message": "", "levelname": "INFO", "name": "Trainer", "asctime": "2026-04-15 18:22:09,065", "type": "train", "epoch": 18, "batch": 3359, "n_batches": 7774, "time": 0.46, "data_time": 0.001, "lr": 0.0001, "loss": -18.374}
{"message": "", "levelname": "INFO", "name": "Trainer", "asctime": "2026-04-15 18:22:11,895", "type": "train", "epoch": 18, "batch": 3439, "n_batches": 7774, "time": 0.265, "data_time": 0.0, "lr": 0.0001, "loss": -18.789}
{"message": "", "levelname": "INFO", "name": "Trainer", "asctime": "2026-04-15 18:22:15,780", "type": "train", "epoch": 18, "batch": 3519, "n_batches": 7774, "time": 0.699, "data_time": 0.001, "lr": 0.0001, "loss": -19.327}
{"message": "", "levelname": "INFO", "name": "Trainer", "asctime": "2026-04-15 18:22:21,375", "type": "train", "epoch": 18, "batch": 3599, "n_batches": 7774, "time": 0.586, "data_time": 0.001, "lr": 0.0001, "loss": -18.59}
{"message": "", "levelname": "INFO", "name": "Trainer", "asctime": "2026-04-15 18:22:27,248", "type": "train", "epoch": 18, "batch": 3679, "n_batches": 7774, "time": 0.779, "data_time": 0.001, "lr": 0.0001, "loss": -11.245}
{"message": "", "levelname": "INFO", "name": "Trainer", "asctime": "2026-04-15 18:22:32,633", "type": "train", "epoch": 18, "batch": 3759, "n_batches": 7774, "time": 0.325, "data_time": 0.001, "lr": 0.0001, "loss": -16.034}
{"message": "", "levelname": "INFO", "name": "Trainer", "asctime": "2026-04-15 18:22:36,182", "type": "train", "epoch": 18, "batch": 3839, "n_batches": 7774, "time": 0.382, "data_time": 0.001, "lr": 0.0001, "loss": -24.115}
{"message": "", "levelname": "INFO", "name": "Trainer", "asctime": "2026-04-15 18:22:40,051", "type": "train", "epoch": 18, "batch": 3919, "n_batches": 7774, "time": 0.432, "data_time": 0.001, "lr": 0.0001, "loss": -17.679}
{"message": "", "levelname": "INFO", "name": "Trainer", "asctime": "2026-04-15 18:22:44,200", "type": "train", "epoch": 18, "batch": 3999, "n_batches": 7774, "time": 0.499, "data_time": 0.001, "lr": 0.0001, "loss": -11.583}
{"message": "", "levelname": "INFO", "name": "Trainer", "asctime": "2026-04-15 18:22:47,775", "type": "train", "epoch": 18, "batch": 4079, "n_batches": 7774, "time": 0.317, "data_time": 0.0, "lr": 0.0001, "loss": -17.499}
{"message": "", "levelname": "INFO", "name": "Trainer", "asctime": "2026-04-15 18:22:51,968", "type": "train", "epoch": 18, "batch": 4159, "n_batches": 7774, "time": 0.313, "data_time": 0.001, "lr": 0.0001, "loss": -19.238}
{"message": "", "levelname": "INFO", "name": "Trainer", "asctime": "2026-04-15 18:22:55,638", "type": "train", "epoch": 18, "batch": 4239, "n_batches": 7774, "time": 0.401, "data_time": 0.002, "lr": 0.0001, "loss": -13.14}
{"message": "", "levelname": "INFO", "name": "Trainer", "asctime": "2026-04-15 18:22:59,243", "type": "train", "epoch": 18, "batch": 4319, "n_batches": 7774, "time": 0.409, "data_time": 0.001, "lr": 0.0001, "loss": -21.813}
{"message": "", "levelname": "INFO", "name": "Trainer", "asctime": "2026-04-15 18:23:03,123", "type": "train", "epoch": 18, "batch": 4399, "n_batches": 7774, "time": 0.454, "data_time": 0.001, "lr": 0.0001, "loss": -15.946}
{"message": "", "levelname": "INFO", "name": "Trainer", "asctime": "2026-04-15 18:23:06,306", "type": "train", "epoch": 18, "batch": 4479, "n_batches": 7774, "time": 0.35, "data_time": 0.001, "lr": 0.0001, "loss": -15.243}
{"message": "", "levelname": "INFO", "name": "Trainer", "asctime": "2026-04-15 18:23:09,824", "type": "train", "epoch": 18, "batch": 4559, "n_batches": 7774, "time": 0.39, "data_time": 0.0, "lr": 0.0001, "loss": -16.618}
{"message": "", "levelname": "INFO", "name": "Trainer", "asctime": "2026-04-15 18:23:13,326", "type": "train", "epoch": 18, "batch": 4639, "n_batches": 7774, "time": 0.335, "data_time": 0.001, "lr": 0.0001, "loss": -16.004}
{"message": "", "levelname": "INFO", "name": "Trainer", "asctime": "2026-04-15 18:23:17,107", "type": "train", "epoch": 18, "batch": 4719, "n_batches": 7774, "time": 0.454, "data_time": 0.0, "lr": 0.0001, "loss": -16.183}
{"message": "", "levelname": "INFO", "name": "Trainer", "asctime": "2026-04-15 18:23:21,586", "type": "train", "epoch": 18, "batch": 4799, "n_batches": 7774, "time": 0.472, "data_time": 0.001, "lr": 0.0001, "loss": -18.094}
{"message": "", "levelname": "INFO", "name": "Trainer", "asctime": "2026-04-15 18:23:27,842", "type": "train", "epoch": 18, "batch": 4879, "n_batches": 7774, "time": 0.536, "data_time": 0.001, "lr": 0.0001, "loss": -13.21}
{"message": "", "levelname": "INFO", "name": "Trainer", "asctime": "2026-04-15 18:23:34,115", "type": "train", "epoch": 18, "batch": 4959, "n_batches": 7774, "time": 0.533, "data_time": 0.001, "lr": 0.0001, "loss": -18.706}
{"message": "", "levelname": "INFO", "name": "Trainer", "asctime": "2026-04-15 18:23:40,450", "type": "train", "epoch": 18, "batch": 5039, "n_batches": 7774, "time": 0.598, "data_time": 0.001, "lr": 0.0001, "loss": -24.365}
{"message": "", "levelname": "INFO", "name": "Trainer", "asctime": "2026-04-15 18:23:46,929", "type": "train", "epoch": 18, "batch": 5119, "n_batches": 7774, "time": 0.66, "data_time": 0.001, "lr": 0.0001, "loss": -12.96}
{"message": "", "levelname": "INFO", "name": "Trainer", "asctime": "2026-04-15 18:23:53,628", "type": "train", "epoch": 18, "batch": 5199, "n_batches": 7774, "time": 0.555, "data_time": 0.001, "lr": 0.0001, "loss": -15.85}
{"message": "", "levelname": "INFO", "name": "Trainer", "asctime": "2026-04-15 18:23:57,987", "type": "train", "epoch": 18, "batch": 5279, "n_batches": 7774, "time": 0.307, "data_time": 0.001, "lr": 0.0001, "loss": -16.332}
{"message": "", "levelname": "INFO", "name": "Trainer", "asctime": "2026-04-15 18:24:03,133", "type": "train", "epoch": 18, "batch": 5359, "n_batches": 7774, "time": 0.694, "data_time": 0.001, "lr": 0.0001, "loss": -18.762}
{"message": "", "levelname": "INFO", "name": "Trainer", "asctime": "2026-04-15 18:24:09,001", "type": "train", "epoch": 18, "batch": 5439, "n_batches": 7774, "time": 0.828, "data_time": 0.001, "lr": 0.0001, "loss": -14.327}
{"message": "", "levelname": "INFO", "name": "Trainer", "asctime": "2026-04-15 18:24:14,947", "type": "train", "epoch": 18, "batch": 5519, "n_batches": 7774, "time": 0.585, "data_time": 0.002, "lr": 0.0001, "loss": -22.414}
{"message": "", "levelname": "INFO", "name": "Trainer", "asctime": "2026-04-15 18:24:20,578", "type": "train", "epoch": 18, "batch": 5599, "n_batches": 7774, "time": 0.298, "data_time": 0.001, "lr": 0.0001, "loss": -11.493}
{"message": "", "levelname": "INFO", "name": "Trainer", "asctime": "2026-04-15 18:24:24,931", "type": "train", "epoch": 18, "batch": 5679, "n_batches": 7774, "time": 0.391, "data_time": 0.001, "lr": 0.0001, "loss": -15.585}
{"message": "", "levelname": "INFO", "name": "Trainer", "asctime": "2026-04-15 18:24:28,206", "type": "train", "epoch": 18, "batch": 5759, "n_batches": 7774, "time": 0.29, "data_time": 0.001, "lr": 0.0001, "loss": -16.872}
{"message": "", "levelname": "INFO", "name": "Trainer", "asctime": "2026-04-15 18:24:31,927", "type": "train", "epoch": 18, "batch": 5839, "n_batches": 7774, "time": 0.313, "data_time": 0.001, "lr": 0.0001, "loss": -10.503}
{"message": "", "levelname": "INFO", "name": "Trainer", "asctime": "2026-04-15 18:24:35,914", "type": "train", "epoch": 18, "batch": 5919, "n_batches": 7774, "time": 0.269, "data_time": 0.001, "lr": 0.0001, "loss": -18.298}
{"message": "", "levelname": "INFO", "name": "Trainer", "asctime": "2026-04-15 18:24:38,899", "type": "train", "epoch": 18, "batch": 5999, "n_batches": 7774, "time": 0.225, "data_time": 0.001, "lr": 0.0001, "loss": -18.714}
{"message": "", "levelname": "INFO", "name": "Trainer", "asctime": "2026-04-15 18:24:41,329", "type": "train", "epoch": 18, "batch": 6079, "n_batches": 7774, "time": 0.246, "data_time": 0.0, "lr": 0.0001, "loss": -16.726}
{"message": "", "levelname": "INFO", "name": "Trainer", "asctime": "2026-04-15 18:24:44,613", "type": "train", "epoch": 18, "batch": 6159, "n_batches": 7774, "time": 0.454, "data_time": 0.002, "lr": 0.0001, "loss": -26.362}
{"message": "", "levelname": "INFO", "name": "Trainer", "asctime": "2026-04-15 18:24:47,778", "type": "train", "epoch": 18, "batch": 6239, "n_batches": 7774, "time": 0.341, "data_time": 0.001, "lr": 0.0001, "loss": -11.002}
{"message": "", "levelname": "INFO", "name": "Trainer", "asctime": "2026-04-15 18:24:51,118", "type": "train", "epoch": 18, "batch": 6319, "n_batches": 7774, "time": 0.295, "data_time": 0.0, "lr": 0.0001, "loss": -10.868}
{"message": "", "levelname": "INFO", "name": "Trainer", "asctime": "2026-04-15 18:24:54,920", "type": "train", "epoch": 18, "batch": 6399, "n_batches": 7774, "time": 0.421, "data_time": 0.002, "lr": 0.0001, "loss": -14.534}
{"message": "", "levelname": "INFO", "name": "Trainer", "asctime": "2026-04-15 18:24:58,514", "type": "train", "epoch": 18, "batch": 6479, "n_batches": 7774, "time": 0.451, "data_time": 0.001, "lr": 0.0001, "loss": -14.981}
{"message": "", "levelname": "INFO", "name": "Trainer", "asctime": "2026-04-15 18:25:02,635", "type": "train", "epoch": 18, "batch": 6559, "n_batches": 7774, "time": 0.32, "data_time": 0.001, "lr": 0.0001, "loss": -21.482}
{"message": "", "levelname": "INFO", "name": "Trainer", "asctime": "2026-04-15 18:25:06,282", "type": "train", "epoch": 18, "batch": 6639, "n_batches": 7774, "time": 0.427, "data_time": 0.001, "lr": 0.0001, "loss": -16.864}
{"message": "", "levelname": "INFO", "name": "Trainer", "asctime": "2026-04-15 18:25:10,504", "type": "train", "epoch": 18, "batch": 6719, "n_batches": 7774, "time": 0.546, "data_time": 0.002, "lr": 0.0001, "loss": -21.26}
{"message": "", "levelname": "INFO", "name": "Trainer", "asctime": "2026-04-15 18:25:17,495", "type": "train", "epoch": 18, "batch": 6799, "n_batches": 7774, "time": 0.917, "data_time": 0.001, "lr": 0.0001, "loss": -19.691}
{"message": "", "levelname": "INFO", "name": "Trainer", "asctime": "2026-04-15 18:25:23,305", "type": "train", "epoch": 18, "batch": 6879, "n_batches": 7774, "time": 0.459, "data_time": 0.001, "lr": 0.0001, "loss": -15.978}
{"message": "", "levelname": "INFO", "name": "Trainer", "asctime": "2026-04-15 18:25:27,945", "type": "train", "epoch": 18, "batch": 6959, "n_batches": 7774, "time": 0.73, "data_time": 0.001, "lr": 0.0001, "loss": -16.835}
{"message": "", "levelname": "INFO", "name": "Trainer", "asctime": "2026-04-15 18:25:33,646", "type": "train", "epoch": 18, "batch": 7039, "n_batches": 7774, "time": 0.425, "data_time": 0.001, "lr": 0.0001, "loss": -14.737}
{"message": "", "levelname": "INFO", "name": "Trainer", "asctime": "2026-04-15 18:25:39,397", "type": "train", "epoch": 18, "batch": 7119, "n_batches": 7774, "time": 0.392, "data_time": 0.001, "lr": 0.0001, "loss": -15.51}
{"message": "", "levelname": "INFO", "name": "Trainer", "asctime": "2026-04-15 18:25:43,857", "type": "train", "epoch": 18, "batch": 7199, "n_batches": 7774, "time": 0.498, "data_time": 0.001, "lr": 0.0001, "loss": -8.532}
{"message": "", "levelname": "INFO", "name": "Trainer", "asctime": "2026-04-15 18:25:48,954", "type": "train", "epoch": 18, "batch": 7279, "n_batches": 7774, "time": 0.404, "data_time": 0.001, "lr": 0.0001, "loss": -16.734}
{"message": "", "levelname": "INFO", "name": "Trainer", "asctime": "2026-04-15 18:25:53,828", "type": "train", "epoch": 18, "batch": 7359, "n_batches": 7774, "time": 0.271, "data_time": 0.001, "lr": 0.0001, "loss": -18.344}
{"message": "", "levelname": "INFO", "name": "Trainer", "asctime": "2026-04-15 18:25:57,206", "type": "train", "epoch": 18, "batch": 7439, "n_batches": 7774, "time": 0.348, "data_time": 0.001, "lr": 0.0001, "loss": -17.367}
{"message": "", "levelname": "INFO", "name": "Trainer", "asctime": "2026-04-15 18:26:01,712", "type": "train", "epoch": 18, "batch": 7519, "n_batches": 7774, "time": 0.446, "data_time": 0.001, "lr": 0.0001, "loss": -16.19}
{"message": "", "levelname": "INFO", "name": "Trainer", "asctime": "2026-04-15 18:26:06,997", "type": "train", "epoch": 18, "batch": 7599, "n_batches": 7774, "time": 0.443, "data_time": 0.001, "lr": 0.0001, "loss": -16.316}
{"message": "", "levelname": "INFO", "name": "Trainer", "asctime": "2026-04-15 18:26:11,404", "type": "train", "epoch": 18, "batch": 7679, "n_batches": 7774, "time": 0.294, "data_time": 0.002, "lr": 0.0001, "loss": -12.467}
{"message": "", "levelname": "INFO", "name": "Trainer", "asctime": "2026-04-15 18:26:14,881", "type": "train", "epoch": 18, "batch": 7759, "n_batches": 7774, "time": 0.304, "data_time": 0.001, "lr": 0.0001, "loss": -14.666}
{"message": "", "levelname": "INFO", "name": "Trainer", "asctime": "2026-04-15 18:26:15,612", "type": "train-epoch", "epoch": 19, "loss": -2.10444, "time": 444.3}
{"message": "", "levelname": "INFO", "name": "Trainer", "asctime": "2026-04-15 18:27:15,892", "type": "val-epoch", "epoch": 19, "loss": -2.115, "test_loss": -2.115, "time": 60.3}
{"message": "", "levelname": "INFO", "name": "Trainer", "asctime": "2026-04-15 18:27:18,971", "type": "train", "epoch": 19, "batch": 79, "n_batches": 7774, "time": 0.205, "data_time": 0.0, "lr": 0.0001, "loss": -21.578}
{"message": "", "levelname": "INFO", "name": "Trainer", "asctime": "2026-04-15 18:27:22,107", "type": "train", "epoch": 19, "batch": 159, "n_batches": 7774, "time": 0.433, "data_time": 0.001, "lr": 0.0001, "loss": -12.861}
{"message": "", "levelname": "INFO", "name": "Trainer", "asctime": "2026-04-15 18:27:26,295", "type": "train", "epoch": 19, "batch": 239, "n_batches": 7774, "time": 0.44, "data_time": 0.001, "lr": 0.0001, "loss": -20.548}
{"message": "", "levelname": "INFO", "name": "Trainer", "asctime": "2026-04-15 18:27:29,831", "type": "train", "epoch": 19, "batch": 319, "n_batches": 7774, "time": 0.332, "data_time": 0.001, "lr": 0.0001, "loss": -15.22}
{"message": "", "levelname": "INFO", "name": "Trainer", "asctime": "2026-04-15 18:27:33,707", "type": "train", "epoch": 19, "batch": 399, "n_batches": 7774, "time": 0.562, "data_time": 0.001, "lr": 0.0001, "loss": -15.372}
{"message": "", "levelname": "INFO", "name": "Trainer", "asctime": "2026-04-15 18:27:37,518", "type": "train", "epoch": 19, "batch": 479, "n_batches": 7774, "time": 0.375, "data_time": 0.001, "lr": 0.0001, "loss": -10.3}
{"message": "", "levelname": "INFO", "name": "Trainer", "asctime": "2026-04-15 18:27:40,877", "type": "train", "epoch": 19, "batch": 559, "n_batches": 7774, "time": 0.47, "data_time": 0.001, "lr": 0.0001, "loss": -21.263}
{"message": "", "levelname": "INFO", "name": "Trainer", "asctime": "2026-04-15 18:27:44,092", "type": "train", "epoch": 19, "batch": 639, "n_batches": 7774, "time": 0.303, "data_time": 0.001, "lr": 0.0001, "loss": -18.609}
{"message": "", "levelname": "INFO", "name": "Trainer", "asctime": "2026-04-15 18:27:47,670", "type": "train", "epoch": 19, "batch": 719, "n_batches": 7774, "time": 0.274, "data_time": 0.001, "lr": 0.0001, "loss": -16.43}
{"message": "", "levelname": "INFO", "name": "Trainer", "asctime": "2026-04-15 18:27:51,072", "type": "train", "epoch": 19, "batch": 799, "n_batches": 7774, "time": 0.225, "data_time": 0.0, "lr": 0.0001, "loss": -16.304}
{"message": "", "levelname": "INFO", "name": "Trainer", "asctime": "2026-04-15 18:27:54,524", "type": "train", "epoch": 19, "batch": 879, "n_batches": 7774, "time": 0.28, "data_time": 0.001, "lr": 0.0001, "loss": -21.459}
{"message": "", "levelname": "INFO", "name": "Trainer", "asctime": "2026-04-15 18:27:57,356", "type": "train", "epoch": 19, "batch": 959, "n_batches": 7774, "time": 0.253, "data_time": 0.001, "lr": 0.0001, "loss": -19.388}
{"message": "", "levelname": "INFO", "name": "Trainer", "asctime": "2026-04-15 18:28:01,449", "type": "train", "epoch": 19, "batch": 1039, "n_batches": 7774, "time": 0.302, "data_time": 0.0, "lr": 0.0001, "loss": -18.564}
{"message": "", "levelname": "INFO", "name": "Trainer", "asctime": "2026-04-15 18:28:05,050", "type": "train", "epoch": 19, "batch": 1119, "n_batches": 7774, "time": 0.366, "data_time": 0.001, "lr": 0.0001, "loss": -21.567}
{"message": "", "levelname": "INFO", "name": "Trainer", "asctime": "2026-04-15 18:28:09,086", "type": "train", "epoch": 19, "batch": 1199, "n_batches": 7774, "time": 0.272, "data_time": 0.0, "lr": 0.0001, "loss": -17.947}
{"message": "", "levelname": "INFO", "name": "Trainer", "asctime": "2026-04-15 18:28:12,877", "type": "train", "epoch": 19, "batch": 1279, "n_batches": 7774, "time": 0.211, "data_time": 0.001, "lr": 0.0001, "loss": -19.583}
{"message": "", "levelname": "INFO", "name": "Trainer", "asctime": "2026-04-15 18:28:16,055", "type": "train", "epoch": 19, "batch": 1359, "n_batches": 7774, "time": 0.296, "data_time": 0.0, "lr": 0.0001, "loss": -19.307}
{"message": "", "levelname": "INFO", "name": "Trainer", "asctime": "2026-04-15 18:28:18,813", "type": "train", "epoch": 19, "batch": 1439, "n_batches": 7774, "time": 0.29, "data_time": 0.001, "lr": 0.0001, "loss": -21.152}
{"message": "", "levelname": "INFO", "name": "Trainer", "asctime": "2026-04-15 18:28:21,693", "type": "train", "epoch": 19, "batch": 1519, "n_batches": 7774, "time": 0.279, "data_time": 0.001, "lr": 0.0001, "loss": -15.709}
{"message": "", "levelname": "INFO", "name": "Trainer", "asctime": "2026-04-15 18:28:24,529", "type": "train", "epoch": 19, "batch": 1599, "n_batches": 7774, "time": 0.337, "data_time": 0.002, "lr": 0.0001, "loss": -14.259}
{"message": "", "levelname": "INFO", "name": "Trainer", "asctime": "2026-04-15 18:28:28,026", "type": "train", "epoch": 19, "batch": 1679, "n_batches": 7774, "time": 0.251, "data_time": 0.0, "lr": 0.0001, "loss": -19.527}
{"message": "", "levelname": "INFO", "name": "Trainer", "asctime": "2026-04-15 18:28:31,744", "type": "train", "epoch": 19, "batch": 1759, "n_batches": 7774, "time": 0.298, "data_time": 0.001, "lr": 0.0001, "loss": -17.277}
{"message": "", "levelname": "INFO", "name": "Trainer", "asctime": "2026-04-15 18:28:34,901", "type": "train", "epoch": 19, "batch": 1839, "n_batches": 7774, "time": 0.397, "data_time": 0.001, "lr": 0.0001, "loss": -18.306}
{"message": "", "levelname": "INFO", "name": "Trainer", "asctime": "2026-04-15 18:28:39,076", "type": "train", "epoch": 19, "batch": 1919, "n_batches": 7774, "time": 0.427, "data_time": 0.001, "lr": 0.0001, "loss": -18.13}
{"message": "", "levelname": "INFO", "name": "Trainer", "asctime": "2026-04-15 18:28:44,411", "type": "train", "epoch": 19, "batch": 1999, "n_batches": 7774, "time": 0.384, "data_time": 0.0, "lr": 0.0001, "loss": -17.541}
{"message": "", "levelname": "INFO", "name": "Trainer", "asctime": "2026-04-15 18:28:48,058", "type": "train", "epoch": 19, "batch": 2079, "n_batches": 7774, "time": 0.291, "data_time": 0.0, "lr": 0.0001, "loss": -22.267}
{"message": "", "levelname": "INFO", "name": "Trainer", "asctime": "2026-04-15 18:28:51,449", "type": "train", "epoch": 19, "batch": 2159, "n_batches": 7774, "time": 0.296, "data_time": 0.001, "lr": 0.0001, "loss": -14.757}
{"message": "", "levelname": "INFO", "name": "Trainer", "asctime": "2026-04-15 18:28:55,539", "type": "train", "epoch": 19, "batch": 2239, "n_batches": 7774, "time": 0.359, "data_time": 0.001, "lr": 0.0001, "loss": -15.549}
{"message": "", "levelname": "INFO", "name": "Trainer", "asctime": "2026-04-15 18:28:59,478", "type": "train", "epoch": 19, "batch": 2319, "n_batches": 7774, "time": 0.4, "data_time": 0.001, "lr": 0.0001, "loss": -15.911}
{"message": "", "levelname": "INFO", "name": "Trainer", "asctime": "2026-04-15 18:29:04,562", "type": "train", "epoch": 19, "batch": 2399, "n_batches": 7774, "time": 1.314, "data_time": 0.003, "lr": 0.0001, "loss": -19.218}
{"message": "", "levelname": "INFO", "name": "Trainer", "asctime": "2026-04-15 18:29:09,570", "type": "train", "epoch": 19, "batch": 2479, "n_batches": 7774, "time": 0.398, "data_time": 0.0, "lr": 0.0001, "loss": -13.555}
{"message": "", "levelname": "INFO", "name": "Trainer", "asctime": "2026-04-15 18:29:12,708", "type": "train", "epoch": 19, "batch": 2559, "n_batches": 7774, "time": 0.227, "data_time": 0.001, "lr": 0.0001, "loss": -14.545}
{"message": "", "levelname": "INFO", "name": "Trainer", "asctime": "2026-04-15 18:29:16,454", "type": "train", "epoch": 19, "batch": 2639, "n_batches": 7774, "time": 0.351, "data_time": 0.001, "lr": 0.0001, "loss": -7.847}
{"message": "", "levelname": "INFO", "name": "Trainer", "asctime": "2026-04-15 18:29:20,026", "type": "train", "epoch": 19, "batch": 2719, "n_batches": 7774, "time": 0.289, "data_time": 0.001, "lr": 0.0001, "loss": -16.687}
{"message": "", "levelname": "INFO", "name": "Trainer", "asctime": "2026-04-15 18:29:23,123", "type": "train", "epoch": 19, "batch": 2799, "n_batches": 7774, "time": 0.329, "data_time": 0.001, "lr": 0.0001, "loss": -14.818}
{"message": "", "levelname": "INFO", "name": "Trainer", "asctime": "2026-04-15 18:29:27,029", "type": "train", "epoch": 19, "batch": 2879, "n_batches": 7774, "time": 0.308, "data_time": 0.002, "lr": 0.0001, "loss": -12.908}
{"message": "", "levelname": "INFO", "name": "Trainer", "asctime": "2026-04-15 18:29:30,850", "type": "train", "epoch": 19, "batch": 2959, "n_batches": 7774, "time": 0.291, "data_time": 0.001, "lr": 0.0001, "loss": -14.638}
{"message": "", "levelname": "INFO", "name": "Trainer", "asctime": "2026-04-15 18:29:34,672", "type": "train", "epoch": 19, "batch": 3039, "n_batches": 7774, "time": 0.34, "data_time": 0.001, "lr": 0.0001, "loss": -19.724}
{"message": "", "levelname": "INFO", "name": "Trainer", "asctime": "2026-04-15 18:29:37,642", "type": "train", "epoch": 19, "batch": 3119, "n_batches": 7774, "time": 0.226, "data_time": 0.0, "lr": 0.0001, "loss": -9.724}
{"message": "", "levelname": "INFO", "name": "Trainer", "asctime": "2026-04-15 18:29:39,812", "type": "train", "epoch": 19, "batch": 3199, "n_batches": 7774, "time": 0.249, "data_time": 0.001, "lr": 0.0001, "loss": -9.037}
{"message": "", "levelname": "INFO", "name": "Trainer", "asctime": "2026-04-15 18:29:42,327", "type": "train", "epoch": 19, "batch": 3279, "n_batches": 7774, "time": 0.284, "data_time": 0.001, "lr": 0.0001, "loss": -19.67}
{"message": "", "levelname": "INFO", "name": "Trainer", "asctime": "2026-04-15 18:29:45,476", "type": "train", "epoch": 19, "batch": 3359, "n_batches": 7774, "time": 0.409, "data_time": 0.001, "lr": 0.0001, "loss": -17.364}
{"message": "", "levelname": "INFO", "name": "Trainer", "asctime": "2026-04-15 18:29:48,495", "type": "train", "epoch": 19, "batch": 3439, "n_batches": 7774, "time": 0.261, "data_time": 0.001, "lr": 0.0001, "loss": -4.176}
{"message": "", "levelname": "INFO", "name": "Trainer", "asctime": "2026-04-15 18:29:52,095", "type": "train", "epoch": 19, "batch": 3519, "n_batches": 7774, "time": 0.38, "data_time": 0.001, "lr": 0.0001, "loss": -18.058}
{"message": "", "levelname": "INFO", "name": "Trainer", "asctime": "2026-04-15 18:29:55,449", "type": "train", "epoch": 19, "batch": 3599, "n_batches": 7774, "time": 0.349, "data_time": 0.0, "lr": 0.0001, "loss": -16.855}
{"message": "", "levelname": "INFO", "name": "Trainer", "asctime": "2026-04-15 18:29:58,978", "type": "train", "epoch": 19, "batch": 3679, "n_batches": 7774, "time": 0.405, "data_time": 0.001, "lr": 0.0001, "loss": -15.379}
{"message": "", "levelname": "INFO", "name": "Trainer", "asctime": "2026-04-15 18:30:02,279", "type": "train", "epoch": 19, "batch": 3759, "n_batches": 7774, "time": 0.259, "data_time": 0.001, "lr": 0.0001, "loss": -15.96}
{"message": "", "levelname": "INFO", "name": "Trainer", "asctime": "2026-04-15 18:30:05,803", "type": "train", "epoch": 19, "batch": 3839, "n_batches": 7774, "time": 0.29, "data_time": 0.0, "lr": 0.0001, "loss": -16.24}
{"message": "", "levelname": "INFO", "name": "Trainer", "asctime": "2026-04-15 18:30:09,089", "type": "train", "epoch": 19, "batch": 3919, "n_batches": 7774, "time": 0.296, "data_time": 0.001, "lr": 0.0001, "loss": -15.129}
{"message": "", "levelname": "INFO", "name": "Trainer", "asctime": "2026-04-15 18:30:13,034", "type": "train", "epoch": 19, "batch": 3999, "n_batches": 7774, "time": 0.342, "data_time": 0.001, "lr": 0.0001, "loss": -20.936}
{"message": "", "levelname": "INFO", "name": "Trainer", "asctime": "2026-04-15 18:30:16,851", "type": "train", "epoch": 19, "batch": 4079, "n_batches": 7774, "time": 0.234, "data_time": 0.0, "lr": 0.0001, "loss": -16.091}
{"message": "", "levelname": "INFO", "name": "Trainer", "asctime": "2026-04-15 18:30:20,406", "type": "train", "epoch": 19, "batch": 4159, "n_batches": 7774, "time": 0.327, "data_time": 0.0, "lr": 0.0001, "loss": -14.155}
{"message": "", "levelname": "INFO", "name": "Trainer", "asctime": "2026-04-15 18:30:23,822", "type": "train", "epoch": 19, "batch": 4239, "n_batches": 7774, "time": 0.27, "data_time": 0.001, "lr": 0.0001, "loss": -21.153}
{"message": "", "levelname": "INFO", "name": "Trainer", "asctime": "2026-04-15 18:30:27,614", "type": "train", "epoch": 19, "batch": 4319, "n_batches": 7774, "time": 0.314, "data_time": 0.0, "lr": 0.0001, "loss": -15.577}
{"message": "", "levelname": "INFO", "name": "Trainer", "asctime": "2026-04-15 18:30:30,707", "type": "train", "epoch": 19, "batch": 4399, "n_batches": 7774, "time": 0.334, "data_time": 0.001, "lr": 0.0001, "loss": -23.49}
{"message": "", "levelname": "INFO", "name": "Trainer", "asctime": "2026-04-15 18:30:33,993", "type": "train", "epoch": 19, "batch": 4479, "n_batches": 7774, "time": 0.271, "data_time": 0.001, "lr": 0.0001, "loss": -19.406}
{"message": "", "levelname": "INFO", "name": "Trainer", "asctime": "2026-04-15 18:30:37,657", "type": "train", "epoch": 19, "batch": 4559, "n_batches": 7774, "time": 0.323, "data_time": 0.001, "lr": 0.0001, "loss": -20.198}
{"message": "", "levelname": "INFO", "name": "Trainer", "asctime": "2026-04-15 18:30:41,956", "type": "train", "epoch": 19, "batch": 4639, "n_batches": 7774, "time": 0.438, "data_time": 0.001, "lr": 0.0001, "loss": -17.359}
{"message": "", "levelname": "INFO", "name": "Trainer", "asctime": "2026-04-15 18:30:45,574", "type": "train", "epoch": 19, "batch": 4719, "n_batches": 7774, "time": 0.298, "data_time": 0.001, "lr": 0.0001, "loss": -19.63}
{"message": "", "levelname": "INFO", "name": "Trainer", "asctime": "2026-04-15 18:30:50,482", "type": "train", "epoch": 19, "batch": 4799, "n_batches": 7774, "time": 0.354, "data_time": 0.0, "lr": 0.0001, "loss": -17.129}
{"message": "", "levelname": "INFO", "name": "Trainer", "asctime": "2026-04-15 18:30:54,355", "type": "train", "epoch": 19, "batch": 4879, "n_batches": 7774, "time": 0.33, "data_time": 0.001, "lr": 0.0001, "loss": -20.659}
{"message": "", "levelname": "INFO", "name": "Trainer", "asctime": "2026-04-15 18:30:58,391", "type": "train", "epoch": 19, "batch": 4959, "n_batches": 7774, "time": 0.34, "data_time": 0.002, "lr": 0.0001, "loss": -12.033}
{"message": "", "levelname": "INFO", "name": "Trainer", "asctime": "2026-04-15 18:31:01,666", "type": "train", "epoch": 19, "batch": 5039, "n_batches": 7774, "time": 0.269, "data_time": 0.001, "lr": 0.0001, "loss": -16.223}
{"message": "", "levelname": "INFO", "name": "Trainer", "asctime": "2026-04-15 18:31:05,515", "type": "train", "epoch": 19, "batch": 5119, "n_batches": 7774, "time": 0.332, "data_time": 0.001, "lr": 0.0001, "loss": -18.91}
{"message": "", "levelname": "INFO", "name": "Trainer", "asctime": "2026-04-15 18:31:09,398", "type": "train", "epoch": 19, "batch": 5199, "n_batches": 7774, "time": 0.4, "data_time": 0.001, "lr": 0.0001, "loss": -21.951}
{"message": "", "levelname": "INFO", "name": "Trainer", "asctime": "2026-04-15 18:31:13,359", "type": "train", "epoch": 19, "batch": 5279, "n_batches": 7774, "time": 0.504, "data_time": 0.002, "lr": 0.0001, "loss": -19.416}
{"message": "", "levelname": "INFO", "name": "Trainer", "asctime": "2026-04-15 18:31:17,133", "type": "train", "epoch": 19, "batch": 5359, "n_batches": 7774, "time": 0.462, "data_time": 0.001, "lr": 0.0001, "loss": -18.194}
{"message": "", "levelname": "INFO", "name": "Trainer", "asctime": "2026-04-15 18:31:22,144", "type": "train", "epoch": 19, "batch": 5439, "n_batches": 7774, "time": 0.338, "data_time": 0.001, "lr": 0.0001, "loss": -20.593}
{"message": "", "levelname": "INFO", "name": "Trainer", "asctime": "2026-04-15 18:31:26,042", "type": "train", "epoch": 19, "batch": 5519, "n_batches": 7774, "time": 0.336, "data_time": 0.001, "lr": 0.0001, "loss": -16.066}
{"message": "", "levelname": "INFO", "name": "Trainer", "asctime": "2026-04-15 18:31:29,922", "type": "train", "epoch": 19, "batch": 5599, "n_batches": 7774, "time": 0.398, "data_time": 0.001, "lr": 0.0001, "loss": -18.179}
{"message": "", "levelname": "INFO", "name": "Trainer", "asctime": "2026-04-15 18:31:33,446", "type": "train", "epoch": 19, "batch": 5679, "n_batches": 7774, "time": 0.258, "data_time": 0.001, "lr": 0.0001, "loss": -13.704}
{"message": "", "levelname": "INFO", "name": "Trainer", "asctime": "2026-04-15 18:31:37,265", "type": "train", "epoch": 19, "batch": 5759, "n_batches": 7774, "time": 0.295, "data_time": 0.001, "lr": 0.0001, "loss": -18.284}
{"message": "", "levelname": "INFO", "name": "Trainer", "asctime": "2026-04-15 18:31:43,161", "type": "train", "epoch": 19, "batch": 5839, "n_batches": 7774, "time": 0.83, "data_time": 0.001, "lr": 0.0001, "loss": -13.292}
{"message": "", "levelname": "INFO", "name": "Trainer", "asctime": "2026-04-15 18:31:47,298", "type": "train", "epoch": 19, "batch": 5919, "n_batches": 7774, "time": 0.645, "data_time": 0.001, "lr": 0.0001, "loss": -14.652}
{"message": "", "levelname": "INFO", "name": "Trainer", "asctime": "2026-04-15 18:31:51,358", "type": "train", "epoch": 19, "batch": 5999, "n_batches": 7774, "time": 0.349, "data_time": 0.0, "lr": 0.0001, "loss": -16.707}
{"message": "", "levelname": "INFO", "name": "Trainer", "asctime": "2026-04-15 18:31:56,026", "type": "train", "epoch": 19, "batch": 6079, "n_batches": 7774, "time": 0.459, "data_time": 0.0, "lr": 0.0001, "loss": -9.851}
{"message": "", "levelname": "INFO", "name": "Trainer", "asctime": "2026-04-15 18:32:01,016", "type": "train", "epoch": 19, "batch": 6159, "n_batches": 7774, "time": 0.566, "data_time": 0.001, "lr": 0.0001, "loss": -8.193}
{"message": "", "levelname": "INFO", "name": "Trainer", "asctime": "2026-04-15 18:32:05,693", "type": "train", "epoch": 19, "batch": 6239, "n_batches": 7774, "time": 0.275, "data_time": 0.001, "lr": 0.0001, "loss": -16.93}
{"message": "", "levelname": "INFO", "name": "Trainer", "asctime": "2026-04-15 18:32:07,974", "type": "train", "epoch": 19, "batch": 6319, "n_batches": 7774, "time": 0.257, "data_time": 0.001, "lr": 0.0001, "loss": -15.375}
{"message": "", "levelname": "INFO", "name": "Trainer", "asctime": "2026-04-15 18:32:10,392", "type": "train", "epoch": 19, "batch": 6399, "n_batches": 7774, "time": 0.25, "data_time": 0.001, "lr": 0.0001, "loss": -18.835}
{"message": "", "levelname": "INFO", "name": "Trainer", "asctime": "2026-04-15 18:32:12,966", "type": "train", "epoch": 19, "batch": 6479, "n_batches": 7774, "time": 0.261, "data_time": 0.001, "lr": 0.0001, "loss": -17.924}
{"message": "", "levelname": "INFO", "name": "Trainer", "asctime": "2026-04-15 18:32:16,590", "type": "train", "epoch": 19, "batch": 6559, "n_batches": 7774, "time": 0.68, "data_time": 0.001, "lr": 0.0001, "loss": -18.657}
{"message": "", "levelname": "INFO", "name": "Trainer", "asctime": "2026-04-15 18:32:19,826", "type": "train", "epoch": 19, "batch": 6639, "n_batches": 7774, "time": 0.422, "data_time": 0.001, "lr": 0.0001, "loss": -14.031}
{"message": "", "levelname": "INFO", "name": "Trainer", "asctime": "2026-04-15 18:32:23,086", "type": "train", "epoch": 19, "batch": 6719, "n_batches": 7774, "time": 0.325, "data_time": 0.001, "lr": 0.0001, "loss": -20.86}
{"message": "", "levelname": "INFO", "name": "Trainer", "asctime": "2026-04-15 18:32:26,813", "type": "train", "epoch": 19, "batch": 6799, "n_batches": 7774, "time": 0.346, "data_time": 0.001, "lr": 0.0001, "loss": -21.758}
{"message": "", "levelname": "INFO", "name": "Trainer", "asctime": "2026-04-15 18:32:31,913", "type": "train", "epoch": 19, "batch": 6879, "n_batches": 7774, "time": 0.363, "data_time": 0.002, "lr": 0.0001, "loss": -16.387}
{"message": "", "levelname": "INFO", "name": "Trainer", "asctime": "2026-04-15 18:32:35,868", "type": "train", "epoch": 19, "batch": 6959, "n_batches": 7774, "time": 0.406, "data_time": 0.001, "lr": 0.0001, "loss": -18.385}
{"message": "", "levelname": "INFO", "name": "Trainer", "asctime": "2026-04-15 18:32:39,970", "type": "train", "epoch": 19, "batch": 7039, "n_batches": 7774, "time": 0.384, "data_time": 0.001, "lr": 0.0001, "loss": -21.067}
{"message": "", "levelname": "INFO", "name": "Trainer", "asctime": "2026-04-15 18:32:44,052", "type": "train", "epoch": 19, "batch": 7119, "n_batches": 7774, "time": 0.472, "data_time": 0.0, "lr": 0.0001, "loss": -17.47}
{"message": "", "levelname": "INFO", "name": "Trainer", "asctime": "2026-04-15 18:32:49,883", "type": "train", "epoch": 19, "batch": 7199, "n_batches": 7774, "time": 0.483, "data_time": 0.001, "lr": 0.0001, "loss": -19.211}
{"message": "", "levelname": "INFO", "name": "Trainer", "asctime": "2026-04-15 18:32:52,937", "type": "train", "epoch": 19, "batch": 7279, "n_batches": 7774, "time": 0.285, "data_time": 0.001, "lr": 0.0001, "loss": -17.251}
{"message": "", "levelname": "INFO", "name": "Trainer", "asctime": "2026-04-15 18:32:57,290", "type": "train", "epoch": 19, "batch": 7359, "n_batches": 7774, "time": 0.529, "data_time": 0.001, "lr": 0.0001, "loss": -23.642}
{"message": "", "levelname": "INFO", "name": "Trainer", "asctime": "2026-04-15 18:33:00,738", "type": "train", "epoch": 19, "batch": 7439, "n_batches": 7774, "time": 0.314, "data_time": 0.001, "lr": 0.0001, "loss": -15.155}
{"message": "", "levelname": "INFO", "name": "Trainer", "asctime": "2026-04-15 18:33:04,232", "type": "train", "epoch": 19, "batch": 7519, "n_batches": 7774, "time": 0.307, "data_time": 0.001, "lr": 0.0001, "loss": -16.961}
{"message": "", "levelname": "INFO", "name": "Trainer", "asctime": "2026-04-15 18:33:07,578", "type": "train", "epoch": 19, "batch": 7599, "n_batches": 7774, "time": 0.257, "data_time": 0.0, "lr": 0.0001, "loss": -14.515}
{"message": "", "levelname": "INFO", "name": "Trainer", "asctime": "2026-04-15 18:33:10,552", "type": "train", "epoch": 19, "batch": 7679, "n_batches": 7774, "time": 0.283, "data_time": 0.001, "lr": 0.0001, "loss": -11.619}
{"message": "", "levelname": "INFO", "name": "Trainer", "asctime": "2026-04-15 18:33:17,431", "type": "train", "epoch": 19, "batch": 7759, "n_batches": 7774, "time": 0.71, "data_time": 0.001, "lr": 0.0001, "loss": -17.012}
{"message": "", "levelname": "INFO", "name": "Trainer", "asctime": "2026-04-15 18:33:18,099", "type": "train-epoch", "epoch": 20, "loss": -2.11113, "time": 362.2}
{"message": "", "levelname": "INFO", "name": "Trainer", "asctime": "2026-04-15 18:34:14,421", "type": "val-epoch", "epoch": 20, "loss": -2.108, "test_loss": -2.108, "time": 56.3}
{"message": "", "levelname": "INFO", "name": "Trainer", "asctime": "2026-04-15 18:34:18,115", "type": "train", "epoch": 20, "batch": 79, "n_batches": 7774, "time": 0.331, "data_time": 0.0, "lr": 1e-05, "loss": -15.984}
{"message": "", "levelname": "INFO", "name": "Trainer", "asctime": "2026-04-15 18:34:22,311", "type": "train", "epoch": 20, "batch": 159, "n_batches": 7774, "time": 1.188, "data_time": 0.0, "lr": 1e-05, "loss": -22.798}
{"message": "", "levelname": "INFO", "name": "Trainer", "asctime": "2026-04-15 18:34:27,146", "type": "train", "epoch": 20, "batch": 239, "n_batches": 7774, "time": 0.322, "data_time": 0.001, "lr": 1e-05, "loss": -16.987}
{"message": "", "levelname": "INFO", "name": "Trainer", "asctime": "2026-04-15 18:34:34,611", "type": "train", "epoch": 20, "batch": 319, "n_batches": 7774, "time": 0.614, "data_time": 0.001, "lr": 1e-05, "loss": -16.234}
{"message": "", "levelname": "INFO", "name": "Trainer", "asctime": "2026-04-15 18:34:37,864", "type": "train", "epoch": 20, "batch": 399, "n_batches": 7774, "time": 0.308, "data_time": 0.001, "lr": 1e-05, "loss": -14.586}
{"message": "", "levelname": "INFO", "name": "Trainer", "asctime": "2026-04-15 18:34:40,413", "type": "train", "epoch": 20, "batch": 479, "n_batches": 7774, "time": 0.318, "data_time": 0.001, "lr": 1e-05, "loss": -14.188}
{"message": "", "levelname": "INFO", "name": "Trainer", "asctime": "2026-04-15 18:34:43,613", "type": "train", "epoch": 20, "batch": 559, "n_batches": 7774, "time": 0.319, "data_time": 0.001, "lr": 1e-05, "loss": -16.445}
{"message": "", "levelname": "INFO", "name": "Trainer", "asctime": "2026-04-15 18:34:46,637", "type": "train", "epoch": 20, "batch": 639, "n_batches": 7774, "time": 0.409, "data_time": 0.001, "lr": 1e-05, "loss": -14.259}
{"message": "", "levelname": "INFO", "name": "Trainer", "asctime": "2026-04-15 18:34:49,849", "type": "train", "epoch": 20, "batch": 719, "n_batches": 7774, "time": 0.265, "data_time": 0.0, "lr": 1e-05, "loss": -22.474}
{"message": "", "levelname": "INFO", "name": "Trainer", "asctime": "2026-04-15 18:34:52,646", "type": "train", "epoch": 20, "batch": 799, "n_batches": 7774, "time": 0.256, "data_time": 0.001, "lr": 1e-05, "loss": -25.863}
{"message": "", "levelname": "INFO", "name": "Trainer", "asctime": "2026-04-15 18:34:56,049", "type": "train", "epoch": 20, "batch": 879, "n_batches": 7774, "time": 0.232, "data_time": 0.001, "lr": 1e-05, "loss": -15.288}
{"message": "", "levelname": "INFO", "name": "Trainer", "asctime": "2026-04-15 18:34:58,991", "type": "train", "epoch": 20, "batch": 959, "n_batches": 7774, "time": 0.317, "data_time": 0.002, "lr": 1e-05, "loss": -10.27}
{"message": "", "levelname": "INFO", "name": "Trainer", "asctime": "2026-04-15 18:35:02,098", "type": "train", "epoch": 20, "batch": 1039, "n_batches": 7774, "time": 0.355, "data_time": 0.0, "lr": 1e-05, "loss": -18.745}
{"message": "", "levelname": "INFO", "name": "Trainer", "asctime": "2026-04-15 18:35:05,152", "type": "train", "epoch": 20, "batch": 1119, "n_batches": 7774, "time": 0.215, "data_time": 0.001, "lr": 1e-05, "loss": -19.642}
{"message": "", "levelname": "INFO", "name": "Trainer", "asctime": "2026-04-15 18:35:07,836", "type": "train", "epoch": 20, "batch": 1199, "n_batches": 7774, "time": 0.286, "data_time": 0.0, "lr": 1e-05, "loss": -18.084}
{"message": "", "levelname": "INFO", "name": "Trainer", "asctime": "2026-04-15 18:35:11,276", "type": "train", "epoch": 20, "batch": 1279, "n_batches": 7774, "time": 0.272, "data_time": 0.001, "lr": 1e-05, "loss": -11.55}
{"message": "", "levelname": "INFO", "name": "Trainer", "asctime": "2026-04-15 18:35:14,777", "type": "train", "epoch": 20, "batch": 1359, "n_batches": 7774, "time": 0.29, "data_time": 0.001, "lr": 1e-05, "loss": -23.759}
{"message": "", "levelname": "INFO", "name": "Trainer", "asctime": "2026-04-15 18:35:17,975", "type": "train", "epoch": 20, "batch": 1439, "n_batches": 7774, "time": 0.283, "data_time": 0.001, "lr": 1e-05, "loss": -11.135}
{"message": "", "levelname": "INFO", "name": "Trainer", "asctime": "2026-04-15 18:35:21,345", "type": "train", "epoch": 20, "batch": 1519, "n_batches": 7774, "time": 0.375, "data_time": 0.001, "lr": 1e-05, "loss": -14.014}
{"message": "", "levelname": "INFO", "name": "Trainer", "asctime": "2026-04-15 18:35:24,335", "type": "train", "epoch": 20, "batch": 1599, "n_batches": 7774, "time": 0.341, "data_time": 0.001, "lr": 1e-05, "loss": -12.027}
{"message": "", "levelname": "INFO", "name": "Trainer", "asctime": "2026-04-15 18:35:27,431", "type": "train", "epoch": 20, "batch": 1679, "n_batches": 7774, "time": 0.273, "data_time": 0.001, "lr": 1e-05, "loss": -15.587}
{"message": "", "levelname": "INFO", "name": "Trainer", "asctime": "2026-04-15 18:35:30,546", "type": "train", "epoch": 20, "batch": 1759, "n_batches": 7774, "time": 0.316, "data_time": 0.001, "lr": 1e-05, "loss": -14.351}
{"message": "", "levelname": "INFO", "name": "Trainer", "asctime": "2026-04-15 18:35:33,625", "type": "train", "epoch": 20, "batch": 1839, "n_batches": 7774, "time": 0.195, "data_time": 0.0, "lr": 1e-05, "loss": -17.475}
{"message": "", "levelname": "INFO", "name": "Trainer", "asctime": "2026-04-15 18:35:37,121", "type": "train", "epoch": 20, "batch": 1919, "n_batches": 7774, "time": 0.282, "data_time": 0.001, "lr": 1e-05, "loss": -21.161}
{"message": "", "levelname": "INFO", "name": "Trainer", "asctime": "2026-04-15 18:35:40,002", "type": "train", "epoch": 20, "batch": 1999, "n_batches": 7774, "time": 0.218, "data_time": 0.001, "lr": 1e-05, "loss": -19.273}
{"message": "", "levelname": "INFO", "name": "Trainer", "asctime": "2026-04-15 18:35:43,110", "type": "train", "epoch": 20, "batch": 2079, "n_batches": 7774, "time": 0.322, "data_time": 0.0, "lr": 1e-05, "loss": -20.505}
{"message": "", "levelname": "INFO", "name": "Trainer", "asctime": "2026-04-15 18:35:45,842", "type": "train", "epoch": 20, "batch": 2159, "n_batches": 7774, "time": 0.278, "data_time": 0.001, "lr": 1e-05, "loss": -19.573}
{"message": "", "levelname": "INFO", "name": "Trainer", "asctime": "2026-04-15 18:35:48,638", "type": "train", "epoch": 20, "batch": 2239, "n_batches": 7774, "time": 0.264, "data_time": 0.001, "lr": 1e-05, "loss": -16.796}
{"message": "", "levelname": "INFO", "name": "Trainer", "asctime": "2026-04-15 18:35:51,720", "type": "train", "epoch": 20, "batch": 2319, "n_batches": 7774, "time": 0.285, "data_time": 0.001, "lr": 1e-05, "loss": -8.231}
{"message": "", "levelname": "INFO", "name": "Trainer", "asctime": "2026-04-15 18:35:54,832", "type": "train", "epoch": 20, "batch": 2399, "n_batches": 7774, "time": 0.216, "data_time": 0.0, "lr": 1e-05, "loss": -22.734}
{"message": "", "levelname": "INFO", "name": "Trainer", "asctime": "2026-04-15 18:35:58,113", "type": "train", "epoch": 20, "batch": 2479, "n_batches": 7774, "time": 0.238, "data_time": 0.0, "lr": 1e-05, "loss": -12.963}
{"message": "", "levelname": "INFO", "name": "Trainer", "asctime": "2026-04-15 18:36:01,488", "type": "train", "epoch": 20, "batch": 2559, "n_batches": 7774, "time": 0.347, "data_time": 0.001, "lr": 1e-05, "loss": -18.543}
{"message": "", "levelname": "INFO", "name": "Trainer", "asctime": "2026-04-15 18:36:05,059", "type": "train", "epoch": 20, "batch": 2639, "n_batches": 7774, "time": 0.296, "data_time": 0.001, "lr": 1e-05, "loss": -23.866}
{"message": "", "levelname": "INFO", "name": "Trainer", "asctime": "2026-04-15 18:36:08,013", "type": "train", "epoch": 20, "batch": 2719, "n_batches": 7774, "time": 0.323, "data_time": 0.001, "lr": 1e-05, "loss": -18.315}
{"message": "", "levelname": "INFO", "name": "Trainer", "asctime": "2026-04-15 18:36:11,440", "type": "train", "epoch": 20, "batch": 2799, "n_batches": 7774, "time": 0.326, "data_time": 0.0, "lr": 1e-05, "loss": -15.288}
{"message": "", "levelname": "INFO", "name": "Trainer", "asctime": "2026-04-15 18:36:14,887", "type": "train", "epoch": 20, "batch": 2879, "n_batches": 7774, "time": 0.339, "data_time": 0.001, "lr": 1e-05, "loss": -18.396}
{"message": "", "levelname": "INFO", "name": "Trainer", "asctime": "2026-04-15 18:36:18,012", "type": "train", "epoch": 20, "batch": 2959, "n_batches": 7774, "time": 0.412, "data_time": 0.002, "lr": 1e-05, "loss": -8.684}
{"message": "", "levelname": "INFO", "name": "Trainer", "asctime": "2026-04-15 18:36:21,151", "type": "train", "epoch": 20, "batch": 3039, "n_batches": 7774, "time": 0.324, "data_time": 0.001, "lr": 1e-05, "loss": -19.032}
{"message": "", "levelname": "INFO", "name": "Trainer", "asctime": "2026-04-15 18:36:24,280", "type": "train", "epoch": 20, "batch": 3119, "n_batches": 7774, "time": 0.26, "data_time": 0.001, "lr": 1e-05, "loss": -17.48}
{"message": "", "levelname": "INFO", "name": "Trainer", "asctime": "2026-04-15 18:36:27,574", "type": "train", "epoch": 20, "batch": 3199, "n_batches": 7774, "time": 0.391, "data_time": 0.001, "lr": 1e-05, "loss": -15.485}
{"message": "", "levelname": "INFO", "name": "Trainer", "asctime": "2026-04-15 18:36:30,665", "type": "train", "epoch": 20, "batch": 3279, "n_batches": 7774, "time": 0.225, "data_time": 0.001, "lr": 1e-05, "loss": -22.927}
{"message": "", "levelname": "INFO", "name": "Trainer", "asctime": "2026-04-15 18:36:34,235", "type": "train", "epoch": 20, "batch": 3359, "n_batches": 7774, "time": 0.225, "data_time": 0.0, "lr": 1e-05, "loss": -14.546}
{"message": "", "levelname": "INFO", "name": "Trainer", "asctime": "2026-04-15 18:36:37,750", "type": "train", "epoch": 20, "batch": 3439, "n_batches": 7774, "time": 0.356, "data_time": 0.0, "lr": 1e-05, "loss": -17.992}
{"message": "", "levelname": "INFO", "name": "Trainer", "asctime": "2026-04-15 18:36:40,710", "type": "train", "epoch": 20, "batch": 3519, "n_batches": 7774, "time": 0.247, "data_time": 0.001, "lr": 1e-05, "loss": -18.717}
{"message": "", "levelname": "INFO", "name": "Trainer", "asctime": "2026-04-15 18:36:43,764", "type": "train", "epoch": 20, "batch": 3599, "n_batches": 7774, "time": 0.278, "data_time": 0.001, "lr": 1e-05, "loss": -15.322}
{"message": "", "levelname": "INFO", "name": "Trainer", "asctime": "2026-04-15 18:36:46,254", "type": "train", "epoch": 20, "batch": 3679, "n_batches": 7774, "time": 0.226, "data_time": 0.001, "lr": 1e-05, "loss": -18.15}
{"message": "", "levelname": "INFO", "name": "Trainer", "asctime": "2026-04-15 18:36:49,693", "type": "train", "epoch": 20, "batch": 3759, "n_batches": 7774, "time": 0.299, "data_time": 0.001, "lr": 1e-05, "loss": -12.053}
{"message": "", "levelname": "INFO", "name": "Trainer", "asctime": "2026-04-15 18:36:52,307", "type": "train", "epoch": 20, "batch": 3839, "n_batches": 7774, "time": 0.26, "data_time": 0.001, "lr": 1e-05, "loss": -15.457}
{"message": "", "levelname": "INFO", "name": "Trainer", "asctime": "2026-04-15 18:36:55,359", "type": "train", "epoch": 20, "batch": 3919, "n_batches": 7774, "time": 0.244, "data_time": 0.001, "lr": 1e-05, "loss": -19.622}
{"message": "", "levelname": "INFO", "name": "Trainer", "asctime": "2026-04-15 18:36:58,059", "type": "train", "epoch": 20, "batch": 3999, "n_batches": 7774, "time": 0.248, "data_time": 0.001, "lr": 1e-05, "loss": -15.901}
{"message": "", "levelname": "INFO", "name": "Trainer", "asctime": "2026-04-15 18:37:00,969", "type": "train", "epoch": 20, "batch": 4079, "n_batches": 7774, "time": 0.306, "data_time": 0.001, "lr": 1e-05, "loss": -20.876}
{"message": "", "levelname": "INFO", "name": "Trainer", "asctime": "2026-04-15 18:37:03,022", "type": "train", "epoch": 20, "batch": 4159, "n_batches": 7774, "time": 0.207, "data_time": 0.0, "lr": 1e-05, "loss": -16.779}
{"message": "", "levelname": "INFO", "name": "Trainer", "asctime": "2026-04-15 18:37:04,913", "type": "train", "epoch": 20, "batch": 4239, "n_batches": 7774, "time": 0.188, "data_time": 0.001, "lr": 1e-05, "loss": -22.104}
{"message": "", "levelname": "INFO", "name": "Trainer", "asctime": "2026-04-15 18:37:07,692", "type": "train", "epoch": 20, "batch": 4319, "n_batches": 7774, "time": 0.267, "data_time": 0.0, "lr": 1e-05, "loss": -15.398}
{"message": "", "levelname": "INFO", "name": "Trainer", "asctime": "2026-04-15 18:37:10,825", "type": "train", "epoch": 20, "batch": 4399, "n_batches": 7774, "time": 0.316, "data_time": 0.001, "lr": 1e-05, "loss": -14.849}
{"message": "", "levelname": "INFO", "name": "Trainer", "asctime": "2026-04-15 18:37:13,768", "type": "train", "epoch": 20, "batch": 4479, "n_batches": 7774, "time": 0.323, "data_time": 0.0, "lr": 1e-05, "loss": -11.434}
{"message": "", "levelname": "INFO", "name": "Trainer", "asctime": "2026-04-15 18:37:16,820", "type": "train", "epoch": 20, "batch": 4559, "n_batches": 7774, "time": 0.317, "data_time": 0.001, "lr": 1e-05, "loss": -14.498}
{"message": "", "levelname": "INFO", "name": "Trainer", "asctime": "2026-04-15 18:37:20,609", "type": "train", "epoch": 20, "batch": 4639, "n_batches": 7774, "time": 0.413, "data_time": 0.001, "lr": 1e-05, "loss": -18.044}
{"message": "", "levelname": "INFO", "name": "Trainer", "asctime": "2026-04-15 18:37:24,120", "type": "train", "epoch": 20, "batch": 4719, "n_batches": 7774, "time": 0.238, "data_time": 0.0, "lr": 1e-05, "loss": -18.805}
{"message": "", "levelname": "INFO", "name": "Trainer", "asctime": "2026-04-15 18:37:27,026", "type": "train", "epoch": 20, "batch": 4799, "n_batches": 7774, "time": 0.232, "data_time": 0.001, "lr": 1e-05, "loss": -19.359}
{"message": "", "levelname": "INFO", "name": "Trainer", "asctime": "2026-04-15 18:37:30,545", "type": "train", "epoch": 20, "batch": 4879, "n_batches": 7774, "time": 0.476, "data_time": 0.001, "lr": 1e-05, "loss": -11.573}
{"message": "", "levelname": "INFO", "name": "Trainer", "asctime": "2026-04-15 18:37:33,726", "type": "train", "epoch": 20, "batch": 4959, "n_batches": 7774, "time": 0.304, "data_time": 0.001, "lr": 1e-05, "loss": -21.724}
{"message": "", "levelname": "INFO", "name": "Trainer", "asctime": "2026-04-15 18:37:37,369", "type": "train", "epoch": 20, "batch": 5039, "n_batches": 7774, "time": 0.381, "data_time": 0.001, "lr": 1e-05, "loss": -13.357}
{"message": "", "levelname": "INFO", "name": "Trainer", "asctime": "2026-04-15 18:37:40,846", "type": "train", "epoch": 20, "batch": 5119, "n_batches": 7774, "time": 0.291, "data_time": 0.001, "lr": 1e-05, "loss": -14.791}
{"message": "", "levelname": "INFO", "name": "Trainer", "asctime": "2026-04-15 18:37:46,063", "type": "train", "epoch": 20, "batch": 5199, "n_batches": 7774, "time": 0.434, "data_time": 0.001, "lr": 1e-05, "loss": -13.934}
{"message": "", "levelname": "INFO", "name": "Trainer", "asctime": "2026-04-15 18:37:50,880", "type": "train", "epoch": 20, "batch": 5279, "n_batches": 7774, "time": 1.014, "data_time": 0.001, "lr": 1e-05, "loss": -11.151}
{"message": "", "levelname": "INFO", "name": "Trainer", "asctime": "2026-04-15 18:37:58,721", "type": "train", "epoch": 20, "batch": 5359, "n_batches": 7774, "time": 0.607, "data_time": 0.001, "lr": 1e-05, "loss": -15.765}
{"message": "", "levelname": "INFO", "name": "Trainer", "asctime": "2026-04-15 18:38:05,940", "type": "train", "epoch": 20, "batch": 5439, "n_batches": 7774, "time": 0.787, "data_time": 0.0, "lr": 1e-05, "loss": -20.029}
{"message": "", "levelname": "INFO", "name": "Trainer", "asctime": "2026-04-15 18:38:10,766", "type": "train", "epoch": 20, "batch": 5519, "n_batches": 7774, "time": 0.394, "data_time": 0.001, "lr": 1e-05, "loss": -15.529}
{"message": "", "levelname": "INFO", "name": "Trainer", "asctime": "2026-04-15 18:38:13,965", "type": "train", "epoch": 20, "batch": 5599, "n_batches": 7774, "time": 0.436, "data_time": 0.001, "lr": 1e-05, "loss": -9.172}
{"message": "", "levelname": "INFO", "name": "Trainer", "asctime": "2026-04-15 18:38:17,437", "type": "train", "epoch": 20, "batch": 5679, "n_batches": 7774, "time": 0.597, "data_time": 0.001, "lr": 1e-05, "loss": -19.901}
{"message": "", "levelname": "INFO", "name": "Trainer", "asctime": "2026-04-15 18:38:20,782", "type": "train", "epoch": 20, "batch": 5759, "n_batches": 7774, "time": 0.23, "data_time": 0.0, "lr": 1e-05, "loss": -19.078}
{"message": "", "levelname": "INFO", "name": "Trainer", "asctime": "2026-04-15 18:38:24,144", "type": "train", "epoch": 20, "batch": 5839, "n_batches": 7774, "time": 0.228, "data_time": 0.0, "lr": 1e-05, "loss": -11.758}
{"message": "", "levelname": "INFO", "name": "Trainer", "asctime": "2026-04-15 18:38:27,043", "type": "train", "epoch": 20, "batch": 5919, "n_batches": 7774, "time": 0.351, "data_time": 0.001, "lr": 1e-05, "loss": -22.647}
{"message": "", "levelname": "INFO", "name": "Trainer", "asctime": "2026-04-15 18:38:30,418", "type": "train", "epoch": 20, "batch": 5999, "n_batches": 7774, "time": 0.305, "data_time": 0.001, "lr": 1e-05, "loss": -14.113}
{"message": "", "levelname": "INFO", "name": "Trainer", "asctime": "2026-04-15 18:38:33,330", "type": "train", "epoch": 20, "batch": 6079, "n_batches": 7774, "time": 0.233, "data_time": 0.0, "lr": 1e-05, "loss": -18.784}
{"message": "", "levelname": "INFO", "name": "Trainer", "asctime": "2026-04-15 18:38:36,186", "type": "train", "epoch": 20, "batch": 6159, "n_batches": 7774, "time": 0.264, "data_time": 0.001, "lr": 1e-05, "loss": -18.024}
{"message": "", "levelname": "INFO", "name": "Trainer", "asctime": "2026-04-15 18:38:39,051", "type": "train", "epoch": 20, "batch": 6239, "n_batches": 7774, "time": 0.245, "data_time": 0.0, "lr": 1e-05, "loss": -19.877}
{"message": "", "levelname": "INFO", "name": "Trainer", "asctime": "2026-04-15 18:38:41,726", "type": "train", "epoch": 20, "batch": 6319, "n_batches": 7774, "time": 0.228, "data_time": 0.001, "lr": 1e-05, "loss": -16.741}
{"message": "", "levelname": "INFO", "name": "Trainer", "asctime": "2026-04-15 18:38:44,497", "type": "train", "epoch": 20, "batch": 6399, "n_batches": 7774, "time": 0.273, "data_time": 0.0, "lr": 1e-05, "loss": -22.205}
{"message": "", "levelname": "INFO", "name": "Trainer", "asctime": "2026-04-15 18:38:47,553", "type": "train", "epoch": 20, "batch": 6479, "n_batches": 7774, "time": 0.298, "data_time": 0.0, "lr": 1e-05, "loss": -17.92}
{"message": "", "levelname": "INFO", "name": "Trainer", "asctime": "2026-04-15 18:38:50,839", "type": "train", "epoch": 20, "batch": 6559, "n_batches": 7774, "time": 0.247, "data_time": 0.0, "lr": 1e-05, "loss": -19.56}
{"message": "", "levelname": "INFO", "name": "Trainer", "asctime": "2026-04-15 18:38:53,709", "type": "train", "epoch": 20, "batch": 6639, "n_batches": 7774, "time": 0.22, "data_time": 0.001, "lr": 1e-05, "loss": -12.042}
{"message": "", "levelname": "INFO", "name": "Trainer", "asctime": "2026-04-15 18:38:56,270", "type": "train", "epoch": 20, "batch": 6719, "n_batches": 7774, "time": 0.255, "data_time": 0.001, "lr": 1e-05, "loss": -20.391}
{"message": "", "levelname": "INFO", "name": "Trainer", "asctime": "2026-04-15 18:38:58,668", "type": "train", "epoch": 20, "batch": 6799, "n_batches": 7774, "time": 0.263, "data_time": 0.001, "lr": 1e-05, "loss": -14.812}
{"message": "", "levelname": "INFO", "name": "Trainer", "asctime": "2026-04-15 18:39:01,486", "type": "train", "epoch": 20, "batch": 6879, "n_batches": 7774, "time": 0.274, "data_time": 0.001, "lr": 1e-05, "loss": -17.329}
{"message": "", "levelname": "INFO", "name": "Trainer", "asctime": "2026-04-15 18:39:04,337", "type": "train", "epoch": 20, "batch": 6959, "n_batches": 7774, "time": 0.289, "data_time": 0.001, "lr": 1e-05, "loss": -14.256}
{"message": "", "levelname": "INFO", "name": "Trainer", "asctime": "2026-04-15 18:39:07,092", "type": "train", "epoch": 20, "batch": 7039, "n_batches": 7774, "time": 0.228, "data_time": 0.001, "lr": 1e-05, "loss": -14.2}
{"message": "", "levelname": "INFO", "name": "Trainer", "asctime": "2026-04-15 18:39:10,327", "type": "train", "epoch": 20, "batch": 7119, "n_batches": 7774, "time": 0.24, "data_time": 0.0, "lr": 1e-05, "loss": -16.479}
{"message": "", "levelname": "INFO", "name": "Trainer", "asctime": "2026-04-15 18:39:13,167", "type": "train", "epoch": 20, "batch": 7199, "n_batches": 7774, "time": 0.243, "data_time": 0.0, "lr": 1e-05, "loss": -19.819}
{"message": "", "levelname": "INFO", "name": "Trainer", "asctime": "2026-04-15 18:39:16,082", "type": "train", "epoch": 20, "batch": 7279, "n_batches": 7774, "time": 0.296, "data_time": 0.001, "lr": 1e-05, "loss": -14.569}
{"message": "", "levelname": "INFO", "name": "Trainer", "asctime": "2026-04-15 18:39:19,076", "type": "train", "epoch": 20, "batch": 7359, "n_batches": 7774, "time": 0.366, "data_time": 0.001, "lr": 1e-05, "loss": -14.823}
{"message": "", "levelname": "INFO", "name": "Trainer", "asctime": "2026-04-15 18:39:21,881", "type": "train", "epoch": 20, "batch": 7439, "n_batches": 7774, "time": 0.285, "data_time": 0.0, "lr": 1e-05, "loss": -16.454}
{"message": "", "levelname": "INFO", "name": "Trainer", "asctime": "2026-04-15 18:39:24,991", "type": "train", "epoch": 20, "batch": 7519, "n_batches": 7774, "time": 0.317, "data_time": 0.001, "lr": 1e-05, "loss": -18.206}
{"message": "", "levelname": "INFO", "name": "Trainer", "asctime": "2026-04-15 18:39:27,993", "type": "train", "epoch": 20, "batch": 7599, "n_batches": 7774, "time": 0.373, "data_time": 0.001, "lr": 1e-05, "loss": -21.205}
{"message": "", "levelname": "INFO", "name": "Trainer", "asctime": "2026-04-15 18:39:31,020", "type": "train", "epoch": 20, "batch": 7679, "n_batches": 7774, "time": 0.306, "data_time": 0.001, "lr": 1e-05, "loss": -19.235}
{"message": "", "levelname": "INFO", "name": "Trainer", "asctime": "2026-04-15 18:39:34,120", "type": "train", "epoch": 20, "batch": 7759, "n_batches": 7774, "time": 0.239, "data_time": 0.001, "lr": 1e-05, "loss": -19.324}
{"message": "", "levelname": "INFO", "name": "Trainer", "asctime": "2026-04-15 18:39:34,586", "type": "train-epoch", "epoch": 21, "loss": -2.12933, "time": 320.1}
{"message": "", "levelname": "INFO", "name": "Trainer", "asctime": "2026-04-15 18:40:30,108", "type": "val-epoch", "epoch": 21, "loss": -2.118, "test_loss": -2.118, "time": 55.5}
{"message": "", "levelname": "INFO", "name": "Trainer", "asctime": "2026-04-15 18:40:33,892", "type": "train", "epoch": 21, "batch": 79, "n_batches": 7774, "time": 0.324, "data_time": 0.0, "lr": 1e-05, "loss": -23.636}
{"message": "", "levelname": "INFO", "name": "Trainer", "asctime": "2026-04-15 18:40:38,673", "type": "train", "epoch": 21, "batch": 159, "n_batches": 7774, "time": 0.564, "data_time": 0.0, "lr": 1e-05, "loss": -11.481}
{"message": "", "levelname": "INFO", "name": "Trainer", "asctime": "2026-04-15 18:40:43,432", "type": "train", "epoch": 21, "batch": 239, "n_batches": 7774, "time": 0.559, "data_time": 0.001, "lr": 1e-05, "loss": -18.922}
{"message": "", "levelname": "INFO", "name": "Trainer", "asctime": "2026-04-15 18:40:47,988", "type": "train", "epoch": 21, "batch": 319, "n_batches": 7774, "time": 0.312, "data_time": 0.001, "lr": 1e-05, "loss": -15.076}
{"message": "", "levelname": "INFO", "name": "Trainer", "asctime": "2026-04-15 18:40:51,183", "type": "train", "epoch": 21, "batch": 399, "n_batches": 7774, "time": 0.237, "data_time": 0.001, "lr": 1e-05, "loss": -20.353}
{"message": "", "levelname": "INFO", "name": "Trainer", "asctime": "2026-04-15 18:40:54,337", "type": "train", "epoch": 21, "batch": 479, "n_batches": 7774, "time": 0.294, "data_time": 0.001, "lr": 1e-05, "loss": -19.535}
{"message": "", "levelname": "INFO", "name": "Trainer", "asctime": "2026-04-15 18:40:57,331", "type": "train", "epoch": 21, "batch": 559, "n_batches": 7774, "time": 0.323, "data_time": 0.002, "lr": 1e-05, "loss": -13.066}
{"message": "", "levelname": "INFO", "name": "Trainer", "asctime": "2026-04-15 18:41:00,703", "type": "train", "epoch": 21, "batch": 639, "n_batches": 7774, "time": 0.273, "data_time": 0.0, "lr": 1e-05, "loss": -15.92}
{"message": "", "levelname": "INFO", "name": "Trainer", "asctime": "2026-04-15 18:41:03,272", "type": "train", "epoch": 21, "batch": 719, "n_batches": 7774, "time": 0.274, "data_time": 0.0, "lr": 1e-05, "loss": -21.831}
{"message": "", "levelname": "INFO", "name": "Trainer", "asctime": "2026-04-15 18:41:09,497", "type": "train", "epoch": 21, "batch": 799, "n_batches": 7774, "time": 0.834, "data_time": 0.002, "lr": 1e-05, "loss": -18.294}
{"message": "", "levelname": "INFO", "name": "Trainer", "asctime": "2026-04-15 18:41:16,678", "type": "train", "epoch": 21, "batch": 879, "n_batches": 7774, "time": 0.51, "data_time": 0.001, "lr": 1e-05, "loss": -18.339}
{"message": "", "levelname": "INFO", "name": "Trainer", "asctime": "2026-04-15 18:41:20,911", "type": "train", "epoch": 21, "batch": 959, "n_batches": 7774, "time": 0.271, "data_time": 0.001, "lr": 1e-05, "loss": -20.205}
{"message": "", "levelname": "INFO", "name": "Trainer", "asctime": "2026-04-15 18:41:24,348", "type": "train", "epoch": 21, "batch": 1039, "n_batches": 7774, "time": 0.355, "data_time": 0.001, "lr": 1e-05, "loss": -15.569}
{"message": "", "levelname": "INFO", "name": "Trainer", "asctime": "2026-04-15 18:41:28,568", "type": "train", "epoch": 21, "batch": 1119, "n_batches": 7774, "time": 0.421, "data_time": 0.0, "lr": 1e-05, "loss": -17.966}
{"message": "", "levelname": "INFO", "name": "Trainer", "asctime": "2026-04-15 18:41:32,156", "type": "train", "epoch": 21, "batch": 1199, "n_batches": 7774, "time": 0.391, "data_time": 0.001, "lr": 1e-05, "loss": -22.572}
{"message": "", "levelname": "INFO", "name": "Trainer", "asctime": "2026-04-15 18:41:35,173", "type": "train", "epoch": 21, "batch": 1279, "n_batches": 7774, "time": 0.298, "data_time": 0.001, "lr": 1e-05, "loss": -17.633}
{"message": "", "levelname": "INFO", "name": "Trainer", "asctime": "2026-04-15 18:41:40,252", "type": "train", "epoch": 21, "batch": 1359, "n_batches": 7774, "time": 0.297, "data_time": 0.001, "lr": 1e-05, "loss": -19.62}
{"message": "", "levelname": "INFO", "name": "Trainer", "asctime": "2026-04-15 18:41:43,576", "type": "train", "epoch": 21, "batch": 1439, "n_batches": 7774, "time": 0.394, "data_time": 0.001, "lr": 1e-05, "loss": -11.796}
{"message": "", "levelname": "INFO", "name": "Trainer", "asctime": "2026-04-15 18:41:47,820", "type": "train", "epoch": 21, "batch": 1519, "n_batches": 7774, "time": 0.58, "data_time": 0.001, "lr": 1e-05, "loss": -22.701}
{"message": "", "levelname": "INFO", "name": "Trainer", "asctime": "2026-04-15 18:41:52,106", "type": "train", "epoch": 21, "batch": 1599, "n_batches": 7774, "time": 0.463, "data_time": 0.001, "lr": 1e-05, "loss": -14.498}
{"message": "", "levelname": "INFO", "name": "Trainer", "asctime": "2026-04-15 18:41:56,226", "type": "train", "epoch": 21, "batch": 1679, "n_batches": 7774, "time": 0.35, "data_time": 0.001, "lr": 1e-05, "loss": -17.587}
{"message": "", "levelname": "INFO", "name": "Trainer", "asctime": "2026-04-15 18:41:59,985", "type": "train", "epoch": 21, "batch": 1759, "n_batches": 7774, "time": 0.339, "data_time": 0.0, "lr": 1e-05, "loss": -15.057}
{"message": "", "levelname": "INFO", "name": "Trainer", "asctime": "2026-04-15 18:42:03,279", "type": "train", "epoch": 21, "batch": 1839, "n_batches": 7774, "time": 0.256, "data_time": 0.001, "lr": 1e-05, "loss": -18.852}
{"message": "", "levelname": "INFO", "name": "Trainer", "asctime": "2026-04-15 18:42:06,339", "type": "train", "epoch": 21, "batch": 1919, "n_batches": 7774, "time": 0.265, "data_time": 0.001, "lr": 1e-05, "loss": -21.076}
{"message": "", "levelname": "INFO", "name": "Trainer", "asctime": "2026-04-15 18:42:09,551", "type": "train", "epoch": 21, "batch": 1999, "n_batches": 7774, "time": 0.318, "data_time": 0.001, "lr": 1e-05, "loss": -12.35}
{"message": "", "levelname": "INFO", "name": "Trainer", "asctime": "2026-04-15 18:42:13,280", "type": "train", "epoch": 21, "batch": 2079, "n_batches": 7774, "time": 0.305, "data_time": 0.001, "lr": 1e-05, "loss": -20.726}
{"message": "", "levelname": "INFO", "name": "Trainer", "asctime": "2026-04-15 18:42:16,863", "type": "train", "epoch": 21, "batch": 2159, "n_batches": 7774, "time": 0.342, "data_time": 0.001, "lr": 1e-05, "loss": -15.112}
{"message": "", "levelname": "INFO", "name": "Trainer", "asctime": "2026-04-15 18:42:20,010", "type": "train", "epoch": 21, "batch": 2239, "n_batches": 7774, "time": 0.294, "data_time": 0.001, "lr": 1e-05, "loss": -21.79}
{"message": "", "levelname": "INFO", "name": "Trainer", "asctime": "2026-04-15 18:42:23,188", "type": "train", "epoch": 21, "batch": 2319, "n_batches": 7774, "time": 0.398, "data_time": 0.001, "lr": 1e-05, "loss": -17.442}
{"message": "", "levelname": "INFO", "name": "Trainer", "asctime": "2026-04-15 18:42:26,012", "type": "train", "epoch": 21, "batch": 2399, "n_batches": 7774, "time": 0.236, "data_time": 0.001, "lr": 1e-05, "loss": -17.179}
{"message": "", "levelname": "INFO", "name": "Trainer", "asctime": "2026-04-15 18:42:28,466", "type": "train", "epoch": 21, "batch": 2479, "n_batches": 7774, "time": 0.24, "data_time": 0.001, "lr": 1e-05, "loss": -18.625}
{"message": "", "levelname": "INFO", "name": "Trainer", "asctime": "2026-04-15 18:42:31,164", "type": "train", "epoch": 21, "batch": 2559, "n_batches": 7774, "time": 0.27, "data_time": 0.001, "lr": 1e-05, "loss": -18.39}
{"message": "", "levelname": "INFO", "name": "Trainer", "asctime": "2026-04-15 18:42:33,882", "type": "train", "epoch": 21, "batch": 2639, "n_batches": 7774, "time": 0.339, "data_time": 0.0, "lr": 1e-05, "loss": -18.567}
{"message": "", "levelname": "INFO", "name": "Trainer", "asctime": "2026-04-15 18:42:36,885", "type": "train", "epoch": 21, "batch": 2719, "n_batches": 7774, "time": 0.266, "data_time": 0.001, "lr": 1e-05, "loss": -17.191}
{"message": "", "levelname": "INFO", "name": "Trainer", "asctime": "2026-04-15 18:42:40,594", "type": "train", "epoch": 21, "batch": 2799, "n_batches": 7774, "time": 0.41, "data_time": 0.001, "lr": 1e-05, "loss": -21.635}
{"message": "", "levelname": "INFO", "name": "Trainer", "asctime": "2026-04-15 18:42:43,750", "type": "train", "epoch": 21, "batch": 2879, "n_batches": 7774, "time": 0.237, "data_time": 0.001, "lr": 1e-05, "loss": -14.902}
{"message": "", "levelname": "INFO", "name": "Trainer", "asctime": "2026-04-15 18:42:48,441", "type": "train", "epoch": 21, "batch": 2959, "n_batches": 7774, "time": 0.56, "data_time": 0.001, "lr": 1e-05, "loss": -16.897}
{"message": "", "levelname": "INFO", "name": "Trainer", "asctime": "2026-04-15 18:42:51,733", "type": "train", "epoch": 21, "batch": 3039, "n_batches": 7774, "time": 0.316, "data_time": 0.001, "lr": 1e-05, "loss": -5.412}
{"message": "", "levelname": "INFO", "name": "Trainer", "asctime": "2026-04-15 18:42:56,529", "type": "train", "epoch": 21, "batch": 3119, "n_batches": 7774, "time": 0.476, "data_time": 0.0, "lr": 1e-05, "loss": -14.507}
{"message": "", "levelname": "INFO", "name": "Trainer", "asctime": "2026-04-15 18:43:02,291", "type": "train", "epoch": 21, "batch": 3199, "n_batches": 7774, "time": 0.35, "data_time": 0.001, "lr": 1e-05, "loss": -10.479}
{"message": "", "levelname": "INFO", "name": "Trainer", "asctime": "2026-04-15 18:43:06,709", "type": "train", "epoch": 21, "batch": 3279, "n_batches": 7774, "time": 0.358, "data_time": 0.001, "lr": 1e-05, "loss": -15.098}
{"message": "", "levelname": "INFO", "name": "Trainer", "asctime": "2026-04-15 18:43:10,932", "type": "train", "epoch": 21, "batch": 3359, "n_batches": 7774, "time": 0.499, "data_time": 0.003, "lr": 1e-05, "loss": -13.828}
{"message": "", "levelname": "INFO", "name": "Trainer", "asctime": "2026-04-15 18:43:14,403", "type": "train", "epoch": 21, "batch": 3439, "n_batches": 7774, "time": 0.473, "data_time": 0.001, "lr": 1e-05, "loss": -14.133}
{"message": "", "levelname": "INFO", "name": "Trainer", "asctime": "2026-04-15 18:43:18,062", "type": "train", "epoch": 21, "batch": 3519, "n_batches": 7774, "time": 0.408, "data_time": 0.002, "lr": 1e-05, "loss": -18.731}
{"message": "", "levelname": "INFO", "name": "Trainer", "asctime": "2026-04-15 18:43:21,413", "type": "train", "epoch": 21, "batch": 3599, "n_batches": 7774, "time": 0.344, "data_time": 0.001, "lr": 1e-05, "loss": -16.085}
{"message": "", "levelname": "INFO", "name": "Trainer", "asctime": "2026-04-15 18:43:24,645", "type": "train", "epoch": 21, "batch": 3679, "n_batches": 7774, "time": 0.279, "data_time": 0.001, "lr": 1e-05, "loss": -14.639}
{"message": "", "levelname": "INFO", "name": "Trainer", "asctime": "2026-04-15 18:43:28,106", "type": "train", "epoch": 21, "batch": 3759, "n_batches": 7774, "time": 0.38, "data_time": 0.001, "lr": 1e-05, "loss": -23.171}
{"message": "", "levelname": "INFO", "name": "Trainer", "asctime": "2026-04-15 18:43:30,967", "type": "train", "epoch": 21, "batch": 3839, "n_batches": 7774, "time": 0.282, "data_time": 0.001, "lr": 1e-05, "loss": -17.389}
{"message": "", "levelname": "INFO", "name": "Trainer", "asctime": "2026-04-15 18:43:36,593", "type": "train", "epoch": 21, "batch": 3919, "n_batches": 7774, "time": 0.557, "data_time": 0.001, "lr": 1e-05, "loss": -18.554}
{"message": "", "levelname": "INFO", "name": "Trainer", "asctime": "2026-04-15 18:43:42,084", "type": "train", "epoch": 21, "batch": 3999, "n_batches": 7774, "time": 0.326, "data_time": 0.001, "lr": 1e-05, "loss": -16.685}
{"message": "", "levelname": "INFO", "name": "Trainer", "asctime": "2026-04-15 18:43:46,208", "type": "train", "epoch": 21, "batch": 4079, "n_batches": 7774, "time": 0.398, "data_time": 0.001, "lr": 1e-05, "loss": -11.907}
{"message": "", "levelname": "INFO", "name": "Trainer", "asctime": "2026-04-15 18:43:49,007", "type": "train", "epoch": 21, "batch": 4159, "n_batches": 7774, "time": 0.315, "data_time": 0.001, "lr": 1e-05, "loss": -18.141}
{"message": "", "levelname": "INFO", "name": "Trainer", "asctime": "2026-04-15 18:43:52,402", "type": "train", "epoch": 21, "batch": 4239, "n_batches": 7774, "time": 0.426, "data_time": 0.001, "lr": 1e-05, "loss": -18.471}
{"message": "", "levelname": "INFO", "name": "Trainer", "asctime": "2026-04-15 18:43:56,612", "type": "train", "epoch": 21, "batch": 4319, "n_batches": 7774, "time": 0.787, "data_time": 0.001, "lr": 1e-05, "loss": -18.109}
{"message": "", "levelname": "INFO", "name": "Trainer", "asctime": "2026-04-15 18:44:03,228", "type": "train", "epoch": 21, "batch": 4399, "n_batches": 7774, "time": 0.865, "data_time": 0.001, "lr": 1e-05, "loss": -22.36}
{"message": "", "levelname": "INFO", "name": "Trainer", "asctime": "2026-04-15 18:44:07,726", "type": "train", "epoch": 21, "batch": 4479, "n_batches": 7774, "time": 0.438, "data_time": 0.001, "lr": 1e-05, "loss": -14.019}
{"message": "", "levelname": "INFO", "name": "Trainer", "asctime": "2026-04-15 18:44:11,604", "type": "train", "epoch": 21, "batch": 4559, "n_batches": 7774, "time": 0.378, "data_time": 0.001, "lr": 1e-05, "loss": -13.973}
{"message": "", "levelname": "INFO", "name": "Trainer", "asctime": "2026-04-15 18:44:14,772", "type": "train", "epoch": 21, "batch": 4639, "n_batches": 7774, "time": 0.273, "data_time": 0.001, "lr": 1e-05, "loss": -13.804}
{"message": "", "levelname": "INFO", "name": "Trainer", "asctime": "2026-04-15 18:44:18,393", "type": "train", "epoch": 21, "batch": 4719, "n_batches": 7774, "time": 0.272, "data_time": 0.001, "lr": 1e-05, "loss": -22.059}
{"message": "", "levelname": "INFO", "name": "Trainer", "asctime": "2026-04-15 18:44:22,349", "type": "train", "epoch": 21, "batch": 4799, "n_batches": 7774, "time": 0.432, "data_time": 0.001, "lr": 1e-05, "loss": -25.758}
{"message": "", "levelname": "INFO", "name": "Trainer", "asctime": "2026-04-15 18:44:26,686", "type": "train", "epoch": 21, "batch": 4879, "n_batches": 7774, "time": 0.796, "data_time": 0.001, "lr": 1e-05, "loss": -20.166}
{"message": "", "levelname": "INFO", "name": "Trainer", "asctime": "2026-04-15 18:44:30,513", "type": "train", "epoch": 21, "batch": 4959, "n_batches": 7774, "time": 0.256, "data_time": 0.0, "lr": 1e-05, "loss": -21.645}
{"message": "", "levelname": "INFO", "name": "Trainer", "asctime": "2026-04-15 18:44:36,944", "type": "train", "epoch": 21, "batch": 5039, "n_batches": 7774, "time": 0.687, "data_time": 0.001, "lr": 1e-05, "loss": -14.955}
{"message": "", "levelname": "INFO", "name": "Trainer", "asctime": "2026-04-15 18:44:42,493", "type": "train", "epoch": 21, "batch": 5119, "n_batches": 7774, "time": 0.294, "data_time": 0.001, "lr": 1e-05, "loss": -20.858}
{"message": "", "levelname": "INFO", "name": "Trainer", "asctime": "2026-04-15 18:44:46,331", "type": "train", "epoch": 21, "batch": 5199, "n_batches": 7774, "time": 0.33, "data_time": 0.001, "lr": 1e-05, "loss": -21.916}
{"message": "", "levelname": "INFO", "name": "Trainer", "asctime": "2026-04-15 18:44:50,638", "type": "train", "epoch": 21, "batch": 5279, "n_batches": 7774, "time": 0.43, "data_time": 0.001, "lr": 1e-05, "loss": -13.608}
{"message": "", "levelname": "INFO", "name": "Trainer", "asctime": "2026-04-15 18:44:54,558", "type": "train", "epoch": 21, "batch": 5359, "n_batches": 7774, "time": 0.366, "data_time": 0.001, "lr": 1e-05, "loss": -24.124}
{"message": "", "levelname": "INFO", "name": "Trainer", "asctime": "2026-04-15 18:44:58,152", "type": "train", "epoch": 21, "batch": 5439, "n_batches": 7774, "time": 0.306, "data_time": 0.001, "lr": 1e-05, "loss": -16.535}
{"message": "", "levelname": "INFO", "name": "Trainer", "asctime": "2026-04-15 18:45:01,207", "type": "train", "epoch": 21, "batch": 5519, "n_batches": 7774, "time": 0.32, "data_time": 0.001, "lr": 1e-05, "loss": -15.782}
{"message": "", "levelname": "INFO", "name": "Trainer", "asctime": "2026-04-15 18:45:06,484", "type": "train", "epoch": 21, "batch": 5599, "n_batches": 7774, "time": 0.61, "data_time": 0.001, "lr": 1e-05, "loss": -4.633}
{"message": "", "levelname": "INFO", "name": "Trainer", "asctime": "2026-04-15 18:45:10,467", "type": "train", "epoch": 21, "batch": 5679, "n_batches": 7774, "time": 0.284, "data_time": 0.001, "lr": 1e-05, "loss": -21.736}
{"message": "", "levelname": "INFO", "name": "Trainer", "asctime": "2026-04-15 18:45:13,076", "type": "train", "epoch": 21, "batch": 5759, "n_batches": 7774, "time": 0.211, "data_time": 0.0, "lr": 1e-05, "loss": -19.69}
{"message": "", "levelname": "INFO", "name": "Trainer", "asctime": "2026-04-15 18:45:15,799", "type": "train", "epoch": 21, "batch": 5839, "n_batches": 7774, "time": 0.336, "data_time": 0.001, "lr": 1e-05, "loss": -23.226}
{"message": "", "levelname": "INFO", "name": "Trainer", "asctime": "2026-04-15 18:45:18,970", "type": "train", "epoch": 21, "batch": 5919, "n_batches": 7774, "time": 0.334, "data_time": 0.0, "lr": 1e-05, "loss": -15.49}
{"message": "", "levelname": "INFO", "name": "Trainer", "asctime": "2026-04-15 18:45:22,541", "type": "train", "epoch": 21, "batch": 5999, "n_batches": 7774, "time": 0.688, "data_time": 0.001, "lr": 1e-05, "loss": -13.197}
{"message": "", "levelname": "INFO", "name": "Trainer", "asctime": "2026-04-15 18:45:25,685", "type": "train", "epoch": 21, "batch": 6079, "n_batches": 7774, "time": 0.238, "data_time": 0.0, "lr": 1e-05, "loss": -15.164}
{"message": "", "levelname": "INFO", "name": "Trainer", "asctime": "2026-04-15 18:45:29,080", "type": "train", "epoch": 21, "batch": 6159, "n_batches": 7774, "time": 0.33, "data_time": 0.001, "lr": 1e-05, "loss": -11.493}
{"message": "", "levelname": "INFO", "name": "Trainer", "asctime": "2026-04-15 18:45:32,318", "type": "train", "epoch": 21, "batch": 6239, "n_batches": 7774, "time": 0.197, "data_time": 0.001, "lr": 1e-05, "loss": -13.793}
{"message": "", "levelname": "INFO", "name": "Trainer", "asctime": "2026-04-15 18:45:35,742", "type": "train", "epoch": 21, "batch": 6319, "n_batches": 7774, "time": 0.311, "data_time": 0.0, "lr": 1e-05, "loss": -23.883}
{"message": "", "levelname": "INFO", "name": "Trainer", "asctime": "2026-04-15 18:45:39,392", "type": "train", "epoch": 21, "batch": 6399, "n_batches": 7774, "time": 0.363, "data_time": 0.001, "lr": 1e-05, "loss": -9.672}
{"message": "", "levelname": "INFO", "name": "Trainer", "asctime": "2026-04-15 18:45:45,498", "type": "train", "epoch": 21, "batch": 6479, "n_batches": 7774, "time": 1.069, "data_time": 0.001, "lr": 1e-05, "loss": -14.322}
{"message": "", "levelname": "INFO", "name": "Trainer", "asctime": "2026-04-15 18:45:51,360", "type": "train", "epoch": 21, "batch": 6559, "n_batches": 7774, "time": 0.364, "data_time": 0.001, "lr": 1e-05, "loss": -15.844}
{"message": "", "levelname": "INFO", "name": "Trainer", "asctime": "2026-04-15 18:45:55,906", "type": "train", "epoch": 21, "batch": 6639, "n_batches": 7774, "time": 0.423, "data_time": 0.001, "lr": 1e-05, "loss": -18.622}
{"message": "", "levelname": "INFO", "name": "Trainer", "asctime": "2026-04-15 18:45:59,534", "type": "train", "epoch": 21, "batch": 6719, "n_batches": 7774, "time": 0.263, "data_time": 0.001, "lr": 1e-05, "loss": -15.018}
{"message": "", "levelname": "INFO", "name": "Trainer", "asctime": "2026-04-15 18:46:03,240", "type": "train", "epoch": 21, "batch": 6799, "n_batches": 7774, "time": 0.488, "data_time": 0.001, "lr": 1e-05, "loss": -19.489}
{"message": "", "levelname": "INFO", "name": "Trainer", "asctime": "2026-04-15 18:46:07,192", "type": "train", "epoch": 21, "batch": 6879, "n_batches": 7774, "time": 0.389, "data_time": 0.001, "lr": 1e-05, "loss": -16.33}
{"message": "", "levelname": "INFO", "name": "Trainer", "asctime": "2026-04-15 18:46:10,317", "type": "train", "epoch": 21, "batch": 6959, "n_batches": 7774, "time": 0.301, "data_time": 0.001, "lr": 1e-05, "loss": -17.327}
{"message": "", "levelname": "INFO", "name": "Trainer", "asctime": "2026-04-15 18:46:14,480", "type": "train", "epoch": 21, "batch": 7039, "n_batches": 7774, "time": 0.408, "data_time": 0.001, "lr": 1e-05, "loss": -11.277}
{"message": "", "levelname": "INFO", "name": "Trainer", "asctime": "2026-04-15 18:46:18,167", "type": "train", "epoch": 21, "batch": 7119, "n_batches": 7774, "time": 0.425, "data_time": 0.001, "lr": 1e-05, "loss": -22.886}
{"message": "", "levelname": "INFO", "name": "Trainer", "asctime": "2026-04-15 18:46:21,541", "type": "train", "epoch": 21, "batch": 7199, "n_batches": 7774, "time": 0.403, "data_time": 0.001, "lr": 1e-05, "loss": -23.891}
{"message": "", "levelname": "INFO", "name": "Trainer", "asctime": "2026-04-15 18:46:24,952", "type": "train", "epoch": 21, "batch": 7279, "n_batches": 7774, "time": 0.356, "data_time": 0.001, "lr": 1e-05, "loss": -17.898}
{"message": "", "levelname": "INFO", "name": "Trainer", "asctime": "2026-04-15 18:46:28,651", "type": "train", "epoch": 21, "batch": 7359, "n_batches": 7774, "time": 0.313, "data_time": 0.001, "lr": 1e-05, "loss": -19.092}
{"message": "", "levelname": "INFO", "name": "Trainer", "asctime": "2026-04-15 18:46:32,483", "type": "train", "epoch": 21, "batch": 7439, "n_batches": 7774, "time": 0.321, "data_time": 0.001, "lr": 1e-05, "loss": -21.103}
{"message": "", "levelname": "INFO", "name": "Trainer", "asctime": "2026-04-15 18:46:36,402", "type": "train", "epoch": 21, "batch": 7519, "n_batches": 7774, "time": 0.246, "data_time": 0.001, "lr": 1e-05, "loss": -21.712}
{"message": "", "levelname": "INFO", "name": "Trainer", "asctime": "2026-04-15 18:46:39,738", "type": "train", "epoch": 21, "batch": 7599, "n_batches": 7774, "time": 0.398, "data_time": 0.001, "lr": 1e-05, "loss": -13.274}
{"message": "", "levelname": "INFO", "name": "Trainer", "asctime": "2026-04-15 18:46:43,523", "type": "train", "epoch": 21, "batch": 7679, "n_batches": 7774, "time": 0.435, "data_time": 0.001, "lr": 1e-05, "loss": -11.799}
{"message": "", "levelname": "INFO", "name": "Trainer", "asctime": "2026-04-15 18:46:47,076", "type": "train", "epoch": 21, "batch": 7759, "n_batches": 7774, "time": 0.378, "data_time": 0.001, "lr": 1e-05, "loss": -16.605}
{"message": "", "levelname": "INFO", "name": "Trainer", "asctime": "2026-04-15 18:46:47,550", "type": "train-epoch", "epoch": 22, "loss": -2.13323, "time": 377.4}
{"message": "", "levelname": "INFO", "name": "Trainer", "asctime": "2026-04-15 18:47:49,936", "type": "val-epoch", "epoch": 22, "loss": -2.12, "test_loss": -2.12, "time": 62.4}
{"message": "", "levelname": "INFO", "name": "Trainer", "asctime": "2026-04-15 18:47:53,912", "type": "train", "epoch": 22, "batch": 79, "n_batches": 7774, "time": 0.298, "data_time": 0.001, "lr": 1e-05, "loss": -19.532}
{"message": "", "levelname": "INFO", "name": "Trainer", "asctime": "2026-04-15 18:47:57,639", "type": "train", "epoch": 22, "batch": 159, "n_batches": 7774, "time": 0.384, "data_time": 0.001, "lr": 1e-05, "loss": -16.031}
{"message": "", "levelname": "INFO", "name": "Trainer", "asctime": "2026-04-15 18:48:00,072", "type": "train", "epoch": 22, "batch": 239, "n_batches": 7774, "time": 0.2, "data_time": 0.001, "lr": 1e-05, "loss": -16.699}
{"message": "", "levelname": "INFO", "name": "Trainer", "asctime": "2026-04-15 18:48:02,494", "type": "train", "epoch": 22, "batch": 319, "n_batches": 7774, "time": 0.281, "data_time": 0.001, "lr": 1e-05, "loss": -20.246}
{"message": "", "levelname": "INFO", "name": "Trainer", "asctime": "2026-04-15 18:48:05,607", "type": "train", "epoch": 22, "batch": 399, "n_batches": 7774, "time": 0.286, "data_time": 0.001, "lr": 1e-05, "loss": -10.353}
{"message": "", "levelname": "INFO", "name": "Trainer", "asctime": "2026-04-15 18:48:08,627", "type": "train", "epoch": 22, "batch": 479, "n_batches": 7774, "time": 0.193, "data_time": 0.001, "lr": 1e-05, "loss": -17.329}
{"message": "", "levelname": "INFO", "name": "Trainer", "asctime": "2026-04-15 18:48:11,691", "type": "train", "epoch": 22, "batch": 559, "n_batches": 7774, "time": 0.411, "data_time": 0.001, "lr": 1e-05, "loss": -20.192}
{"message": "", "levelname": "INFO", "name": "Trainer", "asctime": "2026-04-15 18:48:15,442", "type": "train", "epoch": 22, "batch": 639, "n_batches": 7774, "time": 0.312, "data_time": 0.001, "lr": 1e-05, "loss": -20.438}
{"message": "", "levelname": "INFO", "name": "Trainer", "asctime": "2026-04-15 18:48:18,936", "type": "train", "epoch": 22, "batch": 719, "n_batches": 7774, "time": 0.312, "data_time": 0.001, "lr": 1e-05, "loss": -19.847}
{"message": "", "levelname": "INFO", "name": "Trainer", "asctime": "2026-04-15 18:48:22,367", "type": "train", "epoch": 22, "batch": 799, "n_batches": 7774, "time": 0.3, "data_time": 0.001, "lr": 1e-05, "loss": -15.299}
{"message": "", "levelname": "INFO", "name": "Trainer", "asctime": "2026-04-15 18:48:26,489", "type": "train", "epoch": 22, "batch": 879, "n_batches": 7774, "time": 0.353, "data_time": 0.001, "lr": 1e-05, "loss": -10.946}
{"message": "", "levelname": "INFO", "name": "Trainer", "asctime": "2026-04-15 18:48:30,136", "type": "train", "epoch": 22, "batch": 959, "n_batches": 7774, "time": 0.29, "data_time": 0.0, "lr": 1e-05, "loss": -13.487}
{"message": "", "levelname": "INFO", "name": "Trainer", "asctime": "2026-04-15 18:48:33,262", "type": "train", "epoch": 22, "batch": 1039, "n_batches": 7774, "time": 0.188, "data_time": 0.001, "lr": 1e-05, "loss": -18.65}
{"message": "", "levelname": "INFO", "name": "Trainer", "asctime": "2026-04-15 18:48:36,721", "type": "train", "epoch": 22, "batch": 1119, "n_batches": 7774, "time": 0.336, "data_time": 0.001, "lr": 1e-05, "loss": -17.715}
{"message": "", "levelname": "INFO", "name": "Trainer", "asctime": "2026-04-15 18:48:39,733", "type": "train", "epoch": 22, "batch": 1199, "n_batches": 7774, "time": 0.328, "data_time": 0.001, "lr": 1e-05, "loss": -18.312}
{"message": "", "levelname": "INFO", "name": "Trainer", "asctime": "2026-04-15 18:48:43,328", "type": "train", "epoch": 22, "batch": 1279, "n_batches": 7774, "time": 0.251, "data_time": 0.001, "lr": 1e-05, "loss": -12.241}
{"message": "", "levelname": "INFO", "name": "Trainer", "asctime": "2026-04-15 18:48:46,717", "type": "train", "epoch": 22, "batch": 1359, "n_batches": 7774, "time": 0.34, "data_time": 0.001, "lr": 1e-05, "loss": -14.813}
{"message": "", "levelname": "INFO", "name": "Trainer", "asctime": "2026-04-15 18:48:51,350", "type": "train", "epoch": 22, "batch": 1439, "n_batches": 7774, "time": 0.632, "data_time": 0.001, "lr": 1e-05, "loss": -18.317}
{"message": "", "levelname": "INFO", "name": "Trainer", "asctime": "2026-04-15 18:48:57,868", "type": "train", "epoch": 22, "batch": 1519, "n_batches": 7774, "time": 0.639, "data_time": 0.001, "lr": 1e-05, "loss": -19.043}
{"message": "", "levelname": "INFO", "name": "Trainer", "asctime": "2026-04-15 18:49:02,567", "type": "train", "epoch": 22, "batch": 1599, "n_batches": 7774, "time": 0.389, "data_time": 0.001, "lr": 1e-05, "loss": -18.323}
{"message": "", "levelname": "INFO", "name": "Trainer", "asctime": "2026-04-15 18:49:06,650", "type": "train", "epoch": 22, "batch": 1679, "n_batches": 7774, "time": 0.451, "data_time": 0.0, "lr": 1e-05, "loss": -15.801}
{"message": "", "levelname": "INFO", "name": "Trainer", "asctime": "2026-04-15 18:49:10,018", "type": "train", "epoch": 22, "batch": 1759, "n_batches": 7774, "time": 0.296, "data_time": 0.001, "lr": 1e-05, "loss": -13.082}
{"message": "", "levelname": "INFO", "name": "Trainer", "asctime": "2026-04-15 18:49:14,543", "type": "train", "epoch": 22, "batch": 1839, "n_batches": 7774, "time": 0.366, "data_time": 0.001, "lr": 1e-05, "loss": -25.456}
{"message": "", "levelname": "INFO", "name": "Trainer", "asctime": "2026-04-15 18:49:17,723", "type": "train", "epoch": 22, "batch": 1919, "n_batches": 7774, "time": 0.515, "data_time": 0.0, "lr": 1e-05, "loss": -20.263}
{"message": "", "levelname": "INFO", "name": "Trainer", "asctime": "2026-04-15 18:49:21,197", "type": "train", "epoch": 22, "batch": 1999, "n_batches": 7774, "time": 0.342, "data_time": 0.001, "lr": 1e-05, "loss": -19.162}
{"message": "", "levelname": "INFO", "name": "Trainer", "asctime": "2026-04-15 18:49:24,887", "type": "train", "epoch": 22, "batch": 2079, "n_batches": 7774, "time": 0.294, "data_time": 0.001, "lr": 1e-05, "loss": -18.129}
{"message": "", "levelname": "INFO", "name": "Trainer", "asctime": "2026-04-15 18:49:28,290", "type": "train", "epoch": 22, "batch": 2159, "n_batches": 7774, "time": 0.263, "data_time": 0.0, "lr": 1e-05, "loss": -16.779}
{"message": "", "levelname": "INFO", "name": "Trainer", "asctime": "2026-04-15 18:49:31,636", "type": "train", "epoch": 22, "batch": 2239, "n_batches": 7774, "time": 0.298, "data_time": 0.001, "lr": 1e-05, "loss": -11.805}
{"message": "", "levelname": "INFO", "name": "Trainer", "asctime": "2026-04-15 18:49:35,349", "type": "train", "epoch": 22, "batch": 2319, "n_batches": 7774, "time": 0.428, "data_time": 0.001, "lr": 1e-05, "loss": -20.694}
{"message": "", "levelname": "INFO", "name": "Trainer", "asctime": "2026-04-15 18:49:38,490", "type": "train", "epoch": 22, "batch": 2399, "n_batches": 7774, "time": 0.2, "data_time": 0.0, "lr": 1e-05, "loss": -16.718}
{"message": "", "levelname": "INFO", "name": "Trainer", "asctime": "2026-04-15 18:49:42,622", "type": "train", "epoch": 22, "batch": 2479, "n_batches": 7774, "time": 0.57, "data_time": 0.001, "lr": 1e-05, "loss": -21.149}
{"message": "", "levelname": "INFO", "name": "Trainer", "asctime": "2026-04-15 18:49:48,045", "type": "train", "epoch": 22, "batch": 2559, "n_batches": 7774, "time": 0.514, "data_time": 0.0, "lr": 1e-05, "loss": -16.838}
{"message": "", "levelname": "INFO", "name": "Trainer", "asctime": "2026-04-15 18:49:52,863", "type": "train", "epoch": 22, "batch": 2639, "n_batches": 7774, "time": 0.358, "data_time": 0.001, "lr": 1e-05, "loss": -13.055}
{"message": "", "levelname": "INFO", "name": "Trainer", "asctime": "2026-04-15 18:49:56,433", "type": "train", "epoch": 22, "batch": 2719, "n_batches": 7774, "time": 0.302, "data_time": 0.001, "lr": 1e-05, "loss": -16.314}
{"message": "", "levelname": "INFO", "name": "Trainer", "asctime": "2026-04-15 18:50:00,287", "type": "train", "epoch": 22, "batch": 2799, "n_batches": 7774, "time": 0.548, "data_time": 0.001, "lr": 1e-05, "loss": -16.198}
{"message": "", "levelname": "INFO", "name": "Trainer", "asctime": "2026-04-15 18:50:03,906", "type": "train", "epoch": 22, "batch": 2879, "n_batches": 7774, "time": 0.316, "data_time": 0.001, "lr": 1e-05, "loss": -18.656}
{"message": "", "levelname": "INFO", "name": "Trainer", "asctime": "2026-04-15 18:50:07,377", "type": "train", "epoch": 22, "batch": 2959, "n_batches": 7774, "time": 0.402, "data_time": 0.001, "lr": 1e-05, "loss": -12.615}
{"message": "", "levelname": "INFO", "name": "Trainer", "asctime": "2026-04-15 18:50:10,891", "type": "train", "epoch": 22, "batch": 3039, "n_batches": 7774, "time": 0.306, "data_time": 0.001, "lr": 1e-05, "loss": -12.398}
{"message": "", "levelname": "INFO", "name": "Trainer", "asctime": "2026-04-15 18:50:15,123", "type": "train", "epoch": 22, "batch": 3119, "n_batches": 7774, "time": 0.423, "data_time": 0.001, "lr": 1e-05, "loss": -22.234}
{"message": "", "levelname": "INFO", "name": "Trainer", "asctime": "2026-04-15 18:50:18,833", "type": "train", "epoch": 22, "batch": 3199, "n_batches": 7774, "time": 0.41, "data_time": 0.001, "lr": 1e-05, "loss": -17.184}
{"message": "", "levelname": "INFO", "name": "Trainer", "asctime": "2026-04-15 18:50:22,427", "type": "train", "epoch": 22, "batch": 3279, "n_batches": 7774, "time": 0.435, "data_time": 0.001, "lr": 1e-05, "loss": -16.587}
{"message": "", "levelname": "INFO", "name": "Trainer", "asctime": "2026-04-15 18:50:25,909", "type": "train", "epoch": 22, "batch": 3359, "n_batches": 7774, "time": 0.322, "data_time": 0.001, "lr": 1e-05, "loss": -19.735}
{"message": "", "levelname": "INFO", "name": "Trainer", "asctime": "2026-04-15 18:50:29,398", "type": "train", "epoch": 22, "batch": 3439, "n_batches": 7774, "time": 0.424, "data_time": 0.002, "lr": 1e-05, "loss": -23.57}
{"message": "", "levelname": "INFO", "name": "Trainer", "asctime": "2026-04-15 18:50:33,399", "type": "train", "epoch": 22, "batch": 3519, "n_batches": 7774, "time": 0.567, "data_time": 0.001, "lr": 1e-05, "loss": -17.472}
{"message": "", "levelname": "INFO", "name": "Trainer", "asctime": "2026-04-15 18:50:36,680", "type": "train", "epoch": 22, "batch": 3599, "n_batches": 7774, "time": 0.364, "data_time": 0.001, "lr": 1e-05, "loss": -19.545}
{"message": "", "levelname": "INFO", "name": "Trainer", "asctime": "2026-04-15 18:50:40,215", "type": "train", "epoch": 22, "batch": 3679, "n_batches": 7774, "time": 0.299, "data_time": 0.001, "lr": 1e-05, "loss": -20.034}
{"message": "", "levelname": "INFO", "name": "Trainer", "asctime": "2026-04-15 18:50:42,822", "type": "train", "epoch": 22, "batch": 3759, "n_batches": 7774, "time": 0.265, "data_time": 0.001, "lr": 1e-05, "loss": -17.782}
{"message": "", "levelname": "INFO", "name": "Trainer", "asctime": "2026-04-15 18:50:45,519", "type": "train", "epoch": 22, "batch": 3839, "n_batches": 7774, "time": 0.344, "data_time": 0.001, "lr": 1e-05, "loss": -18.135}
{"message": "", "levelname": "INFO", "name": "Trainer", "asctime": "2026-04-15 18:50:48,421", "type": "train", "epoch": 22, "batch": 3919, "n_batches": 7774, "time": 0.271, "data_time": 0.001, "lr": 1e-05, "loss": -14.877}
{"message": "", "levelname": "INFO", "name": "Trainer", "asctime": "2026-04-15 18:50:51,577", "type": "train", "epoch": 22, "batch": 3999, "n_batches": 7774, "time": 0.258, "data_time": 0.0, "lr": 1e-05, "loss": -17.918}
{"message": "", "levelname": "INFO", "name": "Trainer", "asctime": "2026-04-15 18:50:54,692", "type": "train", "epoch": 22, "batch": 4079, "n_batches": 7774, "time": 0.341, "data_time": 0.001, "lr": 1e-05, "loss": -19.725}
{"message": "", "levelname": "INFO", "name": "Trainer", "asctime": "2026-04-15 18:50:57,686", "type": "train", "epoch": 22, "batch": 4159, "n_batches": 7774, "time": 0.297, "data_time": 0.001, "lr": 1e-05, "loss": -21.342}
{"message": "", "levelname": "INFO", "name": "Trainer", "asctime": "2026-04-15 18:51:00,906", "type": "train", "epoch": 22, "batch": 4239, "n_batches": 7774, "time": 0.312, "data_time": 0.001, "lr": 1e-05, "loss": -13.595}
{"message": "", "levelname": "INFO", "name": "Trainer", "asctime": "2026-04-15 18:51:05,038", "type": "train", "epoch": 22, "batch": 4319, "n_batches": 7774, "time": 0.379, "data_time": 0.001, "lr": 1e-05, "loss": -17.72}
{"message": "", "levelname": "INFO", "name": "Trainer", "asctime": "2026-04-15 18:51:08,565", "type": "train", "epoch": 22, "batch": 4399, "n_batches": 7774, "time": 0.358, "data_time": 0.001, "lr": 1e-05, "loss": -18.573}
{"message": "", "levelname": "INFO", "name": "Trainer", "asctime": "2026-04-15 18:51:12,250", "type": "train", "epoch": 22, "batch": 4479, "n_batches": 7774, "time": 0.553, "data_time": 0.001, "lr": 1e-05, "loss": -20.083}
{"message": "", "levelname": "INFO", "name": "Trainer", "asctime": "2026-04-15 18:51:15,685", "type": "train", "epoch": 22, "batch": 4559, "n_batches": 7774, "time": 0.325, "data_time": 0.001, "lr": 1e-05, "loss": -18.168}
{"message": "", "levelname": "INFO", "name": "Trainer", "asctime": "2026-04-15 18:51:19,332", "type": "train", "epoch": 22, "batch": 4639, "n_batches": 7774, "time": 0.381, "data_time": 0.001, "lr": 1e-05, "loss": -14.809}
{"message": "", "levelname": "INFO", "name": "Trainer", "asctime": "2026-04-15 18:51:22,953", "type": "train", "epoch": 22, "batch": 4719, "n_batches": 7774, "time": 0.312, "data_time": 0.001, "lr": 1e-05, "loss": -17.873}
{"message": "", "levelname": "INFO", "name": "Trainer", "asctime": "2026-04-15 18:51:26,133", "type": "train", "epoch": 22, "batch": 4799, "n_batches": 7774, "time": 0.405, "data_time": 0.001, "lr": 1e-05, "loss": -19.771}
{"message": "", "levelname": "INFO", "name": "Trainer", "asctime": "2026-04-15 18:51:29,900", "type": "train", "epoch": 22, "batch": 4879, "n_batches": 7774, "time": 0.325, "data_time": 0.001, "lr": 1e-05, "loss": -21.9}
{"message": "", "levelname": "INFO", "name": "Trainer", "asctime": "2026-04-15 18:51:32,851", "type": "train", "epoch": 22, "batch": 4959, "n_batches": 7774, "time": 0.228, "data_time": 0.0, "lr": 1e-05, "loss": -16.823}
{"message": "", "levelname": "INFO", "name": "Trainer", "asctime": "2026-04-15 18:51:36,200", "type": "train", "epoch": 22, "batch": 5039, "n_batches": 7774, "time": 0.28, "data_time": 0.001, "lr": 1e-05, "loss": -18.735}
{"message": "", "levelname": "INFO", "name": "Trainer", "asctime": "2026-04-15 18:51:39,744", "type": "train", "epoch": 22, "batch": 5119, "n_batches": 7774, "time": 0.461, "data_time": 0.001, "lr": 1e-05, "loss": -14.605}
{"message": "", "levelname": "INFO", "name": "Trainer", "asctime": "2026-04-15 18:51:43,093", "type": "train", "epoch": 22, "batch": 5199, "n_batches": 7774, "time": 0.367, "data_time": 0.001, "lr": 1e-05, "loss": -16.812}
{"message": "", "levelname": "INFO", "name": "Trainer", "asctime": "2026-04-15 18:51:46,464", "type": "train", "epoch": 22, "batch": 5279, "n_batches": 7774, "time": 0.299, "data_time": 0.001, "lr": 1e-05, "loss": -13.204}
{"message": "", "levelname": "INFO", "name": "Trainer", "asctime": "2026-04-15 18:51:49,845", "type": "train", "epoch": 22, "batch": 5359, "n_batches": 7774, "time": 0.275, "data_time": 0.001, "lr": 1e-05, "loss": -18.568}
{"message": "", "levelname": "INFO", "name": "Trainer", "asctime": "2026-04-15 18:51:53,618", "type": "train", "epoch": 22, "batch": 5439, "n_batches": 7774, "time": 0.364, "data_time": 0.001, "lr": 1e-05, "loss": -12.082}
{"message": "", "levelname": "INFO", "name": "Trainer", "asctime": "2026-04-15 18:51:57,125", "type": "train", "epoch": 22, "batch": 5519, "n_batches": 7774, "time": 0.485, "data_time": 0.001, "lr": 1e-05, "loss": -17.678}
{"message": "", "levelname": "INFO", "name": "Trainer", "asctime": "2026-04-15 18:52:00,718", "type": "train", "epoch": 22, "batch": 5599, "n_batches": 7774, "time": 0.331, "data_time": 0.001, "lr": 1e-05, "loss": -14.495}
{"message": "", "levelname": "INFO", "name": "Trainer", "asctime": "2026-04-15 18:52:03,797", "type": "train", "epoch": 22, "batch": 5679, "n_batches": 7774, "time": 0.236, "data_time": 0.0, "lr": 1e-05, "loss": -24.484}
{"message": "", "levelname": "INFO", "name": "Trainer", "asctime": "2026-04-15 18:52:07,218", "type": "train", "epoch": 22, "batch": 5759, "n_batches": 7774, "time": 0.404, "data_time": 0.001, "lr": 1e-05, "loss": -20.722}
{"message": "", "levelname": "INFO", "name": "Trainer", "asctime": "2026-04-15 18:52:10,756", "type": "train", "epoch": 22, "batch": 5839, "n_batches": 7774, "time": 0.329, "data_time": 0.001, "lr": 1e-05, "loss": -16.038}
{"message": "", "levelname": "INFO", "name": "Trainer", "asctime": "2026-04-15 18:52:15,152", "type": "train", "epoch": 22, "batch": 5919, "n_batches": 7774, "time": 0.478, "data_time": 0.0, "lr": 1e-05, "loss": -12.29}
{"message": "", "levelname": "INFO", "name": "Trainer", "asctime": "2026-04-15 18:52:18,620", "type": "train", "epoch": 22, "batch": 5999, "n_batches": 7774, "time": 0.339, "data_time": 0.001, "lr": 1e-05, "loss": -17.797}
{"message": "", "levelname": "INFO", "name": "Trainer", "asctime": "2026-04-15 18:52:22,024", "type": "train", "epoch": 22, "batch": 6079, "n_batches": 7774, "time": 0.305, "data_time": 0.001, "lr": 1e-05, "loss": -23.339}
{"message": "", "levelname": "INFO", "name": "Trainer", "asctime": "2026-04-15 18:52:25,106", "type": "train", "epoch": 22, "batch": 6159, "n_batches": 7774, "time": 0.325, "data_time": 0.001, "lr": 1e-05, "loss": -19.057}
{"message": "", "levelname": "INFO", "name": "Trainer", "asctime": "2026-04-15 18:52:28,827", "type": "train", "epoch": 22, "batch": 6239, "n_batches": 7774, "time": 0.437, "data_time": 0.001, "lr": 1e-05, "loss": -17.214}
{"message": "", "levelname": "INFO", "name": "Trainer", "asctime": "2026-04-15 18:52:32,123", "type": "train", "epoch": 22, "batch": 6319, "n_batches": 7774, "time": 0.378, "data_time": 0.001, "lr": 1e-05, "loss": -14.423}
{"message": "", "levelname": "INFO", "name": "Trainer", "asctime": "2026-04-15 18:52:35,680", "type": "train", "epoch": 22, "batch": 6399, "n_batches": 7774, "time": 0.343, "data_time": 0.001, "lr": 1e-05, "loss": -17.3}
{"message": "", "levelname": "INFO", "name": "Trainer", "asctime": "2026-04-15 18:52:39,193", "type": "train", "epoch": 22, "batch": 6479, "n_batches": 7774, "time": 0.282, "data_time": 0.001, "lr": 1e-05, "loss": -14.318}
{"message": "", "levelname": "INFO", "name": "Trainer", "asctime": "2026-04-15 18:52:42,454", "type": "train", "epoch": 22, "batch": 6559, "n_batches": 7774, "time": 0.356, "data_time": 0.001, "lr": 1e-05, "loss": -21.563}
{"message": "", "levelname": "INFO", "name": "Trainer", "asctime": "2026-04-15 18:52:45,818", "type": "train", "epoch": 22, "batch": 6639, "n_batches": 7774, "time": 0.232, "data_time": 0.001, "lr": 1e-05, "loss": -19.785}
{"message": "", "levelname": "INFO", "name": "Trainer", "asctime": "2026-04-15 18:52:49,391", "type": "train", "epoch": 22, "batch": 6719, "n_batches": 7774, "time": 0.35, "data_time": 0.001, "lr": 1e-05, "loss": -14.482}
{"message": "", "levelname": "INFO", "name": "Trainer", "asctime": "2026-04-15 18:52:52,804", "type": "train", "epoch": 22, "batch": 6799, "n_batches": 7774, "time": 0.292, "data_time": 0.0, "lr": 1e-05, "loss": -4.015}
{"message": "", "levelname": "INFO", "name": "Trainer", "asctime": "2026-04-15 18:52:57,276", "type": "train", "epoch": 22, "batch": 6879, "n_batches": 7774, "time": 0.536, "data_time": 0.0, "lr": 1e-05, "loss": -17.372}
{"message": "", "levelname": "INFO", "name": "Trainer", "asctime": "2026-04-15 18:53:01,516", "type": "train", "epoch": 22, "batch": 6959, "n_batches": 7774, "time": 0.448, "data_time": 0.001, "lr": 1e-05, "loss": -19.299}
{"message": "", "levelname": "INFO", "name": "Trainer", "asctime": "2026-04-15 18:53:06,242", "type": "train", "epoch": 22, "batch": 7039, "n_batches": 7774, "time": 0.51, "data_time": 0.001, "lr": 1e-05, "loss": -13.807}
{"message": "", "levelname": "INFO", "name": "Trainer", "asctime": "2026-04-15 18:53:10,347", "type": "train", "epoch": 22, "batch": 7119, "n_batches": 7774, "time": 0.353, "data_time": 0.001, "lr": 1e-05, "loss": -15.694}
{"message": "", "levelname": "INFO", "name": "Trainer", "asctime": "2026-04-15 18:53:14,592", "type": "train", "epoch": 22, "batch": 7199, "n_batches": 7774, "time": 0.52, "data_time": 0.001, "lr": 1e-05, "loss": -15.2}
{"message": "", "levelname": "INFO", "name": "Trainer", "asctime": "2026-04-15 18:53:18,506", "type": "train", "epoch": 22, "batch": 7279, "n_batches": 7774, "time": 0.519, "data_time": 0.001, "lr": 1e-05, "loss": -12.66}
{"message": "", "levelname": "INFO", "name": "Trainer", "asctime": "2026-04-15 18:53:21,567", "type": "train", "epoch": 22, "batch": 7359, "n_batches": 7774, "time": 0.247, "data_time": 0.001, "lr": 1e-05, "loss": -14.192}
{"message": "", "levelname": "INFO", "name": "Trainer", "asctime": "2026-04-15 18:53:24,772", "type": "train", "epoch": 22, "batch": 7439, "n_batches": 7774, "time": 0.268, "data_time": 0.001, "lr": 1e-05, "loss": -14.309}
{"message": "", "levelname": "INFO", "name": "Trainer", "asctime": "2026-04-15 18:53:28,794", "type": "train", "epoch": 22, "batch": 7519, "n_batches": 7774, "time": 0.283, "data_time": 0.0, "lr": 1e-05, "loss": -21.405}
{"message": "", "levelname": "INFO", "name": "Trainer", "asctime": "2026-04-15 18:53:31,914", "type": "train", "epoch": 22, "batch": 7599, "n_batches": 7774, "time": 0.256, "data_time": 0.001, "lr": 1e-05, "loss": -20.795}
{"message": "", "levelname": "INFO", "name": "Trainer", "asctime": "2026-04-15 18:53:35,006", "type": "train", "epoch": 22, "batch": 7679, "n_batches": 7774, "time": 0.319, "data_time": 0.001, "lr": 1e-05, "loss": -16.532}
{"message": "", "levelname": "INFO", "name": "Trainer", "asctime": "2026-04-15 18:53:38,731", "type": "train", "epoch": 22, "batch": 7759, "n_batches": 7774, "time": 0.258, "data_time": 0.001, "lr": 1e-05, "loss": -19.013}
{"message": "", "levelname": "INFO", "name": "Trainer", "asctime": "2026-04-15 18:53:39,539", "type": "train-epoch", "epoch": 23, "loss": -2.13416, "time": 349.6}
{"message": "", "levelname": "INFO", "name": "Trainer", "asctime": "2026-04-15 18:54:52,490", "type": "val-epoch", "epoch": 23, "loss": -2.117, "test_loss": -2.117, "time": 73.0}
{"message": "", "levelname": "INFO", "name": "Trainer", "asctime": "2026-04-15 18:54:56,695", "type": "train", "epoch": 23, "batch": 79, "n_batches": 7774, "time": 0.562, "data_time": 0.0, "lr": 1e-05, "loss": -19.331}
{"message": "", "levelname": "INFO", "name": "Trainer", "asctime": "2026-04-15 18:55:00,406", "type": "train", "epoch": 23, "batch": 159, "n_batches": 7774, "time": 0.321, "data_time": 0.001, "lr": 1e-05, "loss": -14.458}
{"message": "", "levelname": "INFO", "name": "Trainer", "asctime": "2026-04-15 18:55:03,717", "type": "train", "epoch": 23, "batch": 239, "n_batches": 7774, "time": 0.351, "data_time": 0.0, "lr": 1e-05, "loss": -15.548}
{"message": "", "levelname": "INFO", "name": "Trainer", "asctime": "2026-04-15 18:55:07,048", "type": "train", "epoch": 23, "batch": 319, "n_batches": 7774, "time": 0.288, "data_time": 0.003, "lr": 1e-05, "loss": -14.112}
{"message": "", "levelname": "INFO", "name": "Trainer", "asctime": "2026-04-15 18:55:11,590", "type": "train", "epoch": 23, "batch": 399, "n_batches": 7774, "time": 0.398, "data_time": 0.0, "lr": 1e-05, "loss": -22.344}
{"message": "", "levelname": "INFO", "name": "Trainer", "asctime": "2026-04-15 18:55:15,129", "type": "train", "epoch": 23, "batch": 479, "n_batches": 7774, "time": 0.292, "data_time": 0.001, "lr": 1e-05, "loss": -11.853}
{"message": "", "levelname": "INFO", "name": "Trainer", "asctime": "2026-04-15 18:55:19,214", "type": "train", "epoch": 23, "batch": 559, "n_batches": 7774, "time": 0.36, "data_time": 0.001, "lr": 1e-05, "loss": -20.598}
{"message": "", "levelname": "INFO", "name": "Trainer", "asctime": "2026-04-15 18:55:23,594", "type": "train", "epoch": 23, "batch": 639, "n_batches": 7774, "time": 0.298, "data_time": 0.0, "lr": 1e-05, "loss": -16.093}
{"message": "", "levelname": "INFO", "name": "Trainer", "asctime": "2026-04-15 18:55:28,656", "type": "train", "epoch": 23, "batch": 719, "n_batches": 7774, "time": 0.736, "data_time": 0.001, "lr": 1e-05, "loss": -15.05}
{"message": "", "levelname": "INFO", "name": "Trainer", "asctime": "2026-04-15 18:55:34,770", "type": "train", "epoch": 23, "batch": 799, "n_batches": 7774, "time": 0.242, "data_time": 0.001, "lr": 1e-05, "loss": -16.121}
{"message": "", "levelname": "INFO", "name": "Trainer", "asctime": "2026-04-15 18:55:38,698", "type": "train", "epoch": 23, "batch": 879, "n_batches": 7774, "time": 0.726, "data_time": 0.003, "lr": 1e-05, "loss": -20.352}
{"message": "", "levelname": "INFO", "name": "Trainer", "asctime": "2026-04-15 18:55:46,036", "type": "train", "epoch": 23, "batch": 959, "n_batches": 7774, "time": 0.591, "data_time": 0.001, "lr": 1e-05, "loss": -14.123}
{"message": "", "levelname": "INFO", "name": "Trainer", "asctime": "2026-04-15 18:55:48,508", "type": "train", "epoch": 23, "batch": 1039, "n_batches": 7774, "time": 0.229, "data_time": 0.001, "lr": 1e-05, "loss": -22.241}
{"message": "", "levelname": "INFO", "name": "Trainer", "asctime": "2026-04-15 18:55:50,742", "type": "train", "epoch": 23, "batch": 1119, "n_batches": 7774, "time": 0.132, "data_time": 0.0, "lr": 1e-05, "loss": -24.101}
{"message": "", "levelname": "INFO", "name": "Trainer", "asctime": "2026-04-15 18:55:53,116", "type": "train", "epoch": 23, "batch": 1199, "n_batches": 7774, "time": 0.262, "data_time": 0.001, "lr": 1e-05, "loss": -7.843}
{"message": "", "levelname": "INFO", "name": "Trainer", "asctime": "2026-04-15 18:55:56,508", "type": "train", "epoch": 23, "batch": 1279, "n_batches": 7774, "time": 0.29, "data_time": 0.0, "lr": 1e-05, "loss": -17.257}
{"message": "", "levelname": "INFO", "name": "Trainer", "asctime": "2026-04-15 18:56:00,203", "type": "train", "epoch": 23, "batch": 1359, "n_batches": 7774, "time": 0.312, "data_time": 0.001, "lr": 1e-05, "loss": -8.97}
{"message": "", "levelname": "INFO", "name": "Trainer", "asctime": "2026-04-15 18:56:03,948", "type": "train", "epoch": 23, "batch": 1439, "n_batches": 7774, "time": 0.308, "data_time": 0.001, "lr": 1e-05, "loss": -20.172}
{"message": "", "levelname": "INFO", "name": "Trainer", "asctime": "2026-04-15 18:56:08,874", "type": "train", "epoch": 23, "batch": 1519, "n_batches": 7774, "time": 0.654, "data_time": 0.001, "lr": 1e-05, "loss": -17.361}
{"message": "", "levelname": "INFO", "name": "Trainer", "asctime": "2026-04-15 18:56:12,364", "type": "train", "epoch": 23, "batch": 1599, "n_batches": 7774, "time": 0.259, "data_time": 0.001, "lr": 1e-05, "loss": -22.173}
{"message": "", "levelname": "INFO", "name": "Trainer", "asctime": "2026-04-15 18:56:15,864", "type": "train", "epoch": 23, "batch": 1679, "n_batches": 7774, "time": 0.33, "data_time": 0.001, "lr": 1e-05, "loss": -16.03}
{"message": "", "levelname": "INFO", "name": "Trainer", "asctime": "2026-04-15 18:56:20,196", "type": "train", "epoch": 23, "batch": 1759, "n_batches": 7774, "time": 0.588, "data_time": 0.001, "lr": 1e-05, "loss": -18.893}
{"message": "", "levelname": "INFO", "name": "Trainer", "asctime": "2026-04-15 18:56:26,455", "type": "train", "epoch": 23, "batch": 1839, "n_batches": 7774, "time": 0.393, "data_time": 0.001, "lr": 1e-05, "loss": -12.039}
{"message": "", "levelname": "INFO", "name": "Trainer", "asctime": "2026-04-15 18:56:30,865", "type": "train", "epoch": 23, "batch": 1919, "n_batches": 7774, "time": 0.24, "data_time": 0.001, "lr": 1e-05, "loss": -17.904}
{"message": "", "levelname": "INFO", "name": "Trainer", "asctime": "2026-04-15 18:56:33,755", "type": "train", "epoch": 23, "batch": 1999, "n_batches": 7774, "time": 0.249, "data_time": 0.001, "lr": 1e-05, "loss": -19.044}
{"message": "", "levelname": "INFO", "name": "Trainer", "asctime": "2026-04-15 18:56:37,070", "type": "train", "epoch": 23, "batch": 2079, "n_batches": 7774, "time": 0.257, "data_time": 0.001, "lr": 1e-05, "loss": -9.097}
{"message": "", "levelname": "INFO", "name": "Trainer", "asctime": "2026-04-15 18:56:40,739", "type": "train", "epoch": 23, "batch": 2159, "n_batches": 7774, "time": 0.269, "data_time": 0.001, "lr": 1e-05, "loss": -15.776}
{"message": "", "levelname": "INFO", "name": "Trainer", "asctime": "2026-04-15 18:56:47,265", "type": "train", "epoch": 23, "batch": 2239, "n_batches": 7774, "time": 0.62, "data_time": 0.001, "lr": 1e-05, "loss": -20.534}
{"message": "", "levelname": "INFO", "name": "Trainer", "asctime": "2026-04-15 18:56:51,894", "type": "train", "epoch": 23, "batch": 2319, "n_batches": 7774, "time": 0.418, "data_time": 0.002, "lr": 1e-05, "loss": -19.918}
{"message": "", "levelname": "INFO", "name": "Trainer", "asctime": "2026-04-15 18:56:55,529", "type": "train", "epoch": 23, "batch": 2399, "n_batches": 7774, "time": 0.315, "data_time": 0.001, "lr": 1e-05, "loss": -20.534}
{"message": "", "levelname": "INFO", "name": "Trainer", "asctime": "2026-04-15 18:56:59,309", "type": "train", "epoch": 23, "batch": 2479, "n_batches": 7774, "time": 0.299, "data_time": 0.001, "lr": 1e-05, "loss": -16.75}
{"message": "", "levelname": "INFO", "name": "Trainer", "asctime": "2026-04-15 18:57:03,456", "type": "train", "epoch": 23, "batch": 2559, "n_batches": 7774, "time": 0.547, "data_time": 0.002, "lr": 1e-05, "loss": -17.538}
{"message": "", "levelname": "INFO", "name": "Trainer", "asctime": "2026-04-15 18:57:06,835", "type": "train", "epoch": 23, "batch": 2639, "n_batches": 7774, "time": 0.325, "data_time": 0.0, "lr": 1e-05, "loss": -23.681}
{"message": "", "levelname": "INFO", "name": "Trainer", "asctime": "2026-04-15 18:57:10,261", "type": "train", "epoch": 23, "batch": 2719, "n_batches": 7774, "time": 0.244, "data_time": 0.0, "lr": 1e-05, "loss": -10.537}
{"message": "", "levelname": "INFO", "name": "Trainer", "asctime": "2026-04-15 18:57:13,068", "type": "train", "epoch": 23, "batch": 2799, "n_batches": 7774, "time": 0.318, "data_time": 0.001, "lr": 1e-05, "loss": -11.303}
{"message": "", "levelname": "INFO", "name": "Trainer", "asctime": "2026-04-15 18:57:16,092", "type": "train", "epoch": 23, "batch": 2879, "n_batches": 7774, "time": 0.306, "data_time": 0.001, "lr": 1e-05, "loss": -16.716}
{"message": "", "levelname": "INFO", "name": "Trainer", "asctime": "2026-04-15 18:57:19,590", "type": "train", "epoch": 23, "batch": 2959, "n_batches": 7774, "time": 0.265, "data_time": 0.001, "lr": 1e-05, "loss": -15.744}
{"message": "", "levelname": "INFO", "name": "Trainer", "asctime": "2026-04-15 18:57:22,588", "type": "train", "epoch": 23, "batch": 3039, "n_batches": 7774, "time": 0.282, "data_time": 0.001, "lr": 1e-05, "loss": -20.016}
{"message": "", "levelname": "INFO", "name": "Trainer", "asctime": "2026-04-15 18:57:25,534", "type": "train", "epoch": 23, "batch": 3119, "n_batches": 7774, "time": 0.345, "data_time": 0.001, "lr": 1e-05, "loss": -17.055}
{"message": "", "levelname": "INFO", "name": "Trainer", "asctime": "2026-04-15 18:57:28,465", "type": "train", "epoch": 23, "batch": 3199, "n_batches": 7774, "time": 0.216, "data_time": 0.0, "lr": 1e-05, "loss": -21.494}
{"message": "", "levelname": "INFO", "name": "Trainer", "asctime": "2026-04-15 18:57:31,187", "type": "train", "epoch": 23, "batch": 3279, "n_batches": 7774, "time": 0.277, "data_time": 0.001, "lr": 1e-05, "loss": -14.275}
{"message": "", "levelname": "INFO", "name": "Trainer", "asctime": "2026-04-15 18:57:34,314", "type": "train", "epoch": 23, "batch": 3359, "n_batches": 7774, "time": 0.25, "data_time": 0.0, "lr": 1e-05, "loss": -13.026}
{"message": "", "levelname": "INFO", "name": "Trainer", "asctime": "2026-04-15 18:57:37,181", "type": "train", "epoch": 23, "batch": 3439, "n_batches": 7774, "time": 0.294, "data_time": 0.001, "lr": 1e-05, "loss": -21.545}
{"message": "", "levelname": "INFO", "name": "Trainer", "asctime": "2026-04-15 18:57:40,208", "type": "train", "epoch": 23, "batch": 3519, "n_batches": 7774, "time": 0.238, "data_time": 0.0, "lr": 1e-05, "loss": -21.117}
{"message": "", "levelname": "INFO", "name": "Trainer", "asctime": "2026-04-15 18:57:42,918", "type": "train", "epoch": 23, "batch": 3599, "n_batches": 7774, "time": 0.244, "data_time": 0.001, "lr": 1e-05, "loss": -20.476}
{"message": "", "levelname": "INFO", "name": "Trainer", "asctime": "2026-04-15 18:57:45,694", "type": "train", "epoch": 23, "batch": 3679, "n_batches": 7774, "time": 0.271, "data_time": 0.001, "lr": 1e-05, "loss": -23.048}
{"message": "", "levelname": "INFO", "name": "Trainer", "asctime": "2026-04-15 18:57:48,978", "type": "train", "epoch": 23, "batch": 3759, "n_batches": 7774, "time": 0.277, "data_time": 0.0, "lr": 1e-05, "loss": -16.782}
{"message": "", "levelname": "INFO", "name": "Trainer", "asctime": "2026-04-15 18:57:51,952", "type": "train", "epoch": 23, "batch": 3839, "n_batches": 7774, "time": 0.303, "data_time": 0.001, "lr": 1e-05, "loss": -19.871}
{"message": "", "levelname": "INFO", "name": "Trainer", "asctime": "2026-04-15 18:57:54,927", "type": "train", "epoch": 23, "batch": 3919, "n_batches": 7774, "time": 0.245, "data_time": 0.0, "lr": 1e-05, "loss": -17.615}
{"message": "", "levelname": "INFO", "name": "Trainer", "asctime": "2026-04-15 18:57:58,010", "type": "train", "epoch": 23, "batch": 3999, "n_batches": 7774, "time": 0.246, "data_time": 0.001, "lr": 1e-05, "loss": -20.925}
{"message": "", "levelname": "INFO", "name": "Trainer", "asctime": "2026-04-15 18:58:00,792", "type": "train", "epoch": 23, "batch": 4079, "n_batches": 7774, "time": 0.276, "data_time": 0.0, "lr": 1e-05, "loss": -12.672}
{"message": "", "levelname": "INFO", "name": "Trainer", "asctime": "2026-04-15 18:58:03,751", "type": "train", "epoch": 23, "batch": 4159, "n_batches": 7774, "time": 0.288, "data_time": 0.001, "lr": 1e-05, "loss": -15.051}
{"message": "", "levelname": "INFO", "name": "Trainer", "asctime": "2026-04-15 18:58:07,032", "type": "train", "epoch": 23, "batch": 4239, "n_batches": 7774, "time": 0.44, "data_time": 0.001, "lr": 1e-05, "loss": -13.799}
{"message": "", "levelname": "INFO", "name": "Trainer", "asctime": "2026-04-15 18:58:10,254", "type": "train", "epoch": 23, "batch": 4319, "n_batches": 7774, "time": 0.318, "data_time": 0.001, "lr": 1e-05, "loss": -12.014}
{"message": "", "levelname": "INFO", "name": "Trainer", "asctime": "2026-04-15 18:58:13,890", "type": "train", "epoch": 23, "batch": 4399, "n_batches": 7774, "time": 0.291, "data_time": 0.001, "lr": 1e-05, "loss": -26.237}
{"message": "", "levelname": "INFO", "name": "Trainer", "asctime": "2026-04-15 18:58:17,026", "type": "train", "epoch": 23, "batch": 4479, "n_batches": 7774, "time": 0.347, "data_time": 0.001, "lr": 1e-05, "loss": -16.696}
{"message": "", "levelname": "INFO", "name": "Trainer", "asctime": "2026-04-15 18:58:19,236", "type": "train", "epoch": 23, "batch": 4559, "n_batches": 7774, "time": 0.222, "data_time": 0.0, "lr": 1e-05, "loss": -12.205}
{"message": "", "levelname": "INFO", "name": "Trainer", "asctime": "2026-04-15 18:58:21,334", "type": "train", "epoch": 23, "batch": 4639, "n_batches": 7774, "time": 0.225, "data_time": 0.0, "lr": 1e-05, "loss": -19.625}
{"message": "", "levelname": "INFO", "name": "Trainer", "asctime": "2026-04-15 18:58:23,497", "type": "train", "epoch": 23, "batch": 4719, "n_batches": 7774, "time": 0.179, "data_time": 0.0, "lr": 1e-05, "loss": -16.689}
{"message": "", "levelname": "INFO", "name": "Trainer", "asctime": "2026-04-15 18:58:25,521", "type": "train", "epoch": 23, "batch": 4799, "n_batches": 7774, "time": 0.159, "data_time": 0.0, "lr": 1e-05, "loss": -20.883}
{"message": "", "levelname": "INFO", "name": "Trainer", "asctime": "2026-04-15 18:58:27,610", "type": "train", "epoch": 23, "batch": 4879, "n_batches": 7774, "time": 0.167, "data_time": 0.001, "lr": 1e-05, "loss": -10.775}
{"message": "", "levelname": "INFO", "name": "Trainer", "asctime": "2026-04-15 18:58:29,478", "type": "train", "epoch": 23, "batch": 4959, "n_batches": 7774, "time": 0.162, "data_time": 0.0, "lr": 1e-05, "loss": -16.591}
{"message": "", "levelname": "INFO", "name": "Trainer", "asctime": "2026-04-15 18:58:31,298", "type": "train", "epoch": 23, "batch": 5039, "n_batches": 7774, "time": 0.195, "data_time": 0.001, "lr": 1e-05, "loss": -21.621}
{"message": "", "levelname": "INFO", "name": "Trainer", "asctime": "2026-04-15 18:58:33,145", "type": "train", "epoch": 23, "batch": 5119, "n_batches": 7774, "time": 0.208, "data_time": 0.0, "lr": 1e-05, "loss": -20.566}
{"message": "", "levelname": "INFO", "name": "Trainer", "asctime": "2026-04-15 18:58:35,245", "type": "train", "epoch": 23, "batch": 5199, "n_batches": 7774, "time": 0.173, "data_time": 0.0, "lr": 1e-05, "loss": -24.829}
{"message": "", "levelname": "INFO", "name": "Trainer", "asctime": "2026-04-15 18:58:37,198", "type": "train", "epoch": 23, "batch": 5279, "n_batches": 7774, "time": 0.193, "data_time": 0.0, "lr": 1e-05, "loss": -18.44}
{"message": "", "levelname": "INFO", "name": "Trainer", "asctime": "2026-04-15 18:58:39,130", "type": "train", "epoch": 23, "batch": 5359, "n_batches": 7774, "time": 0.222, "data_time": 0.001, "lr": 1e-05, "loss": -18.084}
{"message": "", "levelname": "INFO", "name": "Trainer", "asctime": "2026-04-15 18:58:41,244", "type": "train", "epoch": 23, "batch": 5439, "n_batches": 7774, "time": 0.256, "data_time": 0.0, "lr": 1e-05, "loss": -15.456}
{"message": "", "levelname": "INFO", "name": "Trainer", "asctime": "2026-04-15 18:58:43,299", "type": "train", "epoch": 23, "batch": 5519, "n_batches": 7774, "time": 0.228, "data_time": 0.001, "lr": 1e-05, "loss": -17.304}
{"message": "", "levelname": "INFO", "name": "Trainer", "asctime": "2026-04-15 18:58:45,215", "type": "train", "epoch": 23, "batch": 5599, "n_batches": 7774, "time": 0.183, "data_time": 0.001, "lr": 1e-05, "loss": -20.292}
{"message": "", "levelname": "INFO", "name": "Trainer", "asctime": "2026-04-15 18:58:47,079", "type": "train", "epoch": 23, "batch": 5679, "n_batches": 7774, "time": 0.178, "data_time": 0.0, "lr": 1e-05, "loss": -23.859}
{"message": "", "levelname": "INFO", "name": "Trainer", "asctime": "2026-04-15 18:58:48,988", "type": "train", "epoch": 23, "batch": 5759, "n_batches": 7774, "time": 0.15, "data_time": 0.001, "lr": 1e-05, "loss": -14.224}
{"message": "", "levelname": "INFO", "name": "Trainer", "asctime": "2026-04-15 18:58:50,968", "type": "train", "epoch": 23, "batch": 5839, "n_batches": 7774, "time": 0.166, "data_time": 0.001, "lr": 1e-05, "loss": -17.248}
{"message": "", "levelname": "INFO", "name": "Trainer", "asctime": "2026-04-15 18:58:52,974", "type": "train", "epoch": 23, "batch": 5919, "n_batches": 7774, "time": 0.197, "data_time": 0.001, "lr": 1e-05, "loss": -11.524}
{"message": "", "levelname": "INFO", "name": "Trainer", "asctime": "2026-04-15 18:58:54,867", "type": "train", "epoch": 23, "batch": 5999, "n_batches": 7774, "time": 0.215, "data_time": 0.001, "lr": 1e-05, "loss": -14.875}
{"message": "", "levelname": "INFO", "name": "Trainer", "asctime": "2026-04-15 18:58:56,789", "type": "train", "epoch": 23, "batch": 6079, "n_batches": 7774, "time": 0.153, "data_time": 0.0, "lr": 1e-05, "loss": -18.806}
{"message": "", "levelname": "INFO", "name": "Trainer", "asctime": "2026-04-15 18:58:58,744", "type": "train", "epoch": 23, "batch": 6159, "n_batches": 7774, "time": 0.181, "data_time": 0.0, "lr": 1e-05, "loss": -20.359}
{"message": "", "levelname": "INFO", "name": "Trainer", "asctime": "2026-04-15 18:59:00,641", "type": "train", "epoch": 23, "batch": 6239, "n_batches": 7774, "time": 0.146, "data_time": 0.0, "lr": 1e-05, "loss": -14.76}
{"message": "", "levelname": "INFO", "name": "Trainer", "asctime": "2026-04-15 18:59:02,464", "type": "train", "epoch": 23, "batch": 6319, "n_batches": 7774, "time": 0.109, "data_time": 0.0, "lr": 1e-05, "loss": -20.93}
{"message": "", "levelname": "INFO", "name": "Trainer", "asctime": "2026-04-15 18:59:04,317", "type": "train", "epoch": 23, "batch": 6399, "n_batches": 7774, "time": 0.212, "data_time": 0.001, "lr": 1e-05, "loss": -13.434}
{"message": "", "levelname": "INFO", "name": "Trainer", "asctime": "2026-04-15 18:59:06,277", "type": "train", "epoch": 23, "batch": 6479, "n_batches": 7774, "time": 0.199, "data_time": 0.001, "lr": 1e-05, "loss": -17.962}
{"message": "", "levelname": "INFO", "name": "Trainer", "asctime": "2026-04-15 18:59:08,090", "type": "train", "epoch": 23, "batch": 6559, "n_batches": 7774, "time": 0.164, "data_time": 0.0, "lr": 1e-05, "loss": -17.638}
{"message": "", "levelname": "INFO", "name": "Trainer", "asctime": "2026-04-15 18:59:09,971", "type": "train", "epoch": 23, "batch": 6639, "n_batches": 7774, "time": 0.171, "data_time": 0.0, "lr": 1e-05, "loss": -18.881}
{"message": "", "levelname": "INFO", "name": "Trainer", "asctime": "2026-04-15 18:59:12,069", "type": "train", "epoch": 23, "batch": 6719, "n_batches": 7774, "time": 0.173, "data_time": 0.001, "lr": 1e-05, "loss": -17.97}
{"message": "", "levelname": "INFO", "name": "Trainer", "asctime": "2026-04-15 18:59:13,976", "type": "train", "epoch": 23, "batch": 6799, "n_batches": 7774, "time": 0.177, "data_time": 0.001, "lr": 1e-05, "loss": -16.949}
{"message": "", "levelname": "INFO", "name": "Trainer", "asctime": "2026-04-15 18:59:15,774", "type": "train", "epoch": 23, "batch": 6879, "n_batches": 7774, "time": 0.19, "data_time": 0.0, "lr": 1e-05, "loss": -17.681}
{"message": "", "levelname": "INFO", "name": "Trainer", "asctime": "2026-04-15 18:59:17,722", "type": "train", "epoch": 23, "batch": 6959, "n_batches": 7774, "time": 0.182, "data_time": 0.001, "lr": 1e-05, "loss": -20.667}
{"message": "", "levelname": "INFO", "name": "Trainer", "asctime": "2026-04-15 18:59:19,763", "type": "train", "epoch": 23, "batch": 7039, "n_batches": 7774, "time": 0.265, "data_time": 0.001, "lr": 1e-05, "loss": -18.287}
{"message": "", "levelname": "INFO", "name": "Trainer", "asctime": "2026-04-15 18:59:21,665", "type": "train", "epoch": 23, "batch": 7119, "n_batches": 7774, "time": 0.168, "data_time": 0.0, "lr": 1e-05, "loss": -16.223}
{"message": "", "levelname": "INFO", "name": "Trainer", "asctime": "2026-04-15 18:59:23,537", "type": "train", "epoch": 23, "batch": 7199, "n_batches": 7774, "time": 0.217, "data_time": 0.001, "lr": 1e-05, "loss": -15.357}
{"message": "", "levelname": "INFO", "name": "Trainer", "asctime": "2026-04-15 18:59:25,581", "type": "train", "epoch": 23, "batch": 7279, "n_batches": 7774, "time": 0.219, "data_time": 0.001, "lr": 1e-05, "loss": -15.956}
{"message": "", "levelname": "INFO", "name": "Trainer", "asctime": "2026-04-15 18:59:27,362", "type": "train", "epoch": 23, "batch": 7359, "n_batches": 7774, "time": 0.173, "data_time": 0.0, "lr": 1e-05, "loss": -14.445}
{"message": "", "levelname": "INFO", "name": "Trainer", "asctime": "2026-04-15 18:59:29,190", "type": "train", "epoch": 23, "batch": 7439, "n_batches": 7774, "time": 0.218, "data_time": 0.001, "lr": 1e-05, "loss": -19.469}
{"message": "", "levelname": "INFO", "name": "Trainer", "asctime": "2026-04-15 18:59:31,125", "type": "train", "epoch": 23, "batch": 7519, "n_batches": 7774, "time": 0.208, "data_time": 0.001, "lr": 1e-05, "loss": -12.339}
{"message": "", "levelname": "INFO", "name": "Trainer", "asctime": "2026-04-15 18:59:33,037", "type": "train", "epoch": 23, "batch": 7599, "n_batches": 7774, "time": 0.149, "data_time": 0.001, "lr": 1e-05, "loss": -8.553}
{"message": "", "levelname": "INFO", "name": "Trainer", "asctime": "2026-04-15 18:59:35,029", "type": "train", "epoch": 23, "batch": 7679, "n_batches": 7774, "time": 0.21, "data_time": 0.001, "lr": 1e-05, "loss": -15.824}
{"message": "", "levelname": "INFO", "name": "Trainer", "asctime": "2026-04-15 18:59:36,927", "type": "train", "epoch": 23, "batch": 7759, "n_batches": 7774, "time": 0.154, "data_time": 0.0, "lr": 1e-05, "loss": -15.675}
{"message": "", "levelname": "INFO", "name": "Trainer", "asctime": "2026-04-15 18:59:37,278", "type": "train-epoch", "epoch": 24, "loss": -2.13498, "time": 284.6}
{"message": "", "levelname": "INFO", "name": "Trainer", "asctime": "2026-04-15 19:00:10,423", "type": "val-epoch", "epoch": 24, "loss": -2.118, "test_loss": -2.118, "time": 33.1}
{"message": "", "levelname": "INFO", "name": "Trainer", "asctime": "2026-04-15 19:00:12,388", "type": "train", "epoch": 24, "batch": 79, "n_batches": 7774, "time": 0.244, "data_time": 0.001, "lr": 1e-05, "loss": -18.602}
{"message": "", "levelname": "INFO", "name": "Trainer", "asctime": "2026-04-15 19:00:14,381", "type": "train", "epoch": 24, "batch": 159, "n_batches": 7774, "time": 0.194, "data_time": 0.001, "lr": 1e-05, "loss": -20.211}
{"message": "", "levelname": "INFO", "name": "Trainer", "asctime": "2026-04-15 19:00:16,273", "type": "train", "epoch": 24, "batch": 239, "n_batches": 7774, "time": 0.216, "data_time": 0.0, "lr": 1e-05, "loss": -12.536}
{"message": "", "levelname": "INFO", "name": "Trainer", "asctime": "2026-04-15 19:00:18,179", "type": "train", "epoch": 24, "batch": 319, "n_batches": 7774, "time": 0.202, "data_time": 0.001, "lr": 1e-05, "loss": -20.45}
{"message": "", "levelname": "INFO", "name": "Trainer", "asctime": "2026-04-15 19:00:20,077", "type": "train", "epoch": 24, "batch": 399, "n_batches": 7774, "time": 0.208, "data_time": 0.0, "lr": 1e-05, "loss": -15.885}
{"message": "", "levelname": "INFO", "name": "Trainer", "asctime": "2026-04-15 19:00:21,960", "type": "train", "epoch": 24, "batch": 479, "n_batches": 7774, "time": 0.195, "data_time": 0.001, "lr": 1e-05, "loss": -17.896}
{"message": "", "levelname": "INFO", "name": "Trainer", "asctime": "2026-04-15 19:00:23,699", "type": "train", "epoch": 24, "batch": 559, "n_batches": 7774, "time": 0.208, "data_time": 0.001, "lr": 1e-05, "loss": -19.979}
{"message": "", "levelname": "INFO", "name": "Trainer", "asctime": "2026-04-15 19:00:25,557", "type": "train", "epoch": 24, "batch": 639, "n_batches": 7774, "time": 0.138, "data_time": 0.0, "lr": 1e-05, "loss": -22.974}
{"message": "", "levelname": "INFO", "name": "Trainer", "asctime": "2026-04-15 19:00:27,605", "type": "train", "epoch": 24, "batch": 719, "n_batches": 7774, "time": 0.196, "data_time": 0.001, "lr": 1e-05, "loss": -20.565}
{"message": "", "levelname": "INFO", "name": "Trainer", "asctime": "2026-04-15 19:00:29,521", "type": "train", "epoch": 24, "batch": 799, "n_batches": 7774, "time": 0.193, "data_time": 0.001, "lr": 1e-05, "loss": -13.9}
{"message": "", "levelname": "INFO", "name": "Trainer", "asctime": "2026-04-15 19:00:31,572", "type": "train", "epoch": 24, "batch": 879, "n_batches": 7774, "time": 0.229, "data_time": 0.001, "lr": 1e-05, "loss": -17.086}
{"message": "", "levelname": "INFO", "name": "Trainer", "asctime": "2026-04-15 19:00:33,465", "type": "train", "epoch": 24, "batch": 959, "n_batches": 7774, "time": 0.247, "data_time": 0.0, "lr": 1e-05, "loss": -17.342}
{"message": "", "levelname": "INFO", "name": "Trainer", "asctime": "2026-04-15 19:00:35,632", "type": "train", "epoch": 24, "batch": 1039, "n_batches": 7774, "time": 0.177, "data_time": 0.001, "lr": 1e-05, "loss": -19.282}
{"message": "", "levelname": "INFO", "name": "Trainer", "asctime": "2026-04-15 19:00:37,629", "type": "train", "epoch": 24, "batch": 1119, "n_batches": 7774, "time": 0.229, "data_time": 0.001, "lr": 1e-05, "loss": -20.092}
{"message": "", "levelname": "INFO", "name": "Trainer", "asctime": "2026-04-15 19:00:39,587", "type": "train", "epoch": 24, "batch": 1199, "n_batches": 7774, "time": 0.177, "data_time": 0.001, "lr": 1e-05, "loss": -23.66}
{"message": "", "levelname": "INFO", "name": "Trainer", "asctime": "2026-04-15 19:00:41,689", "type": "train", "epoch": 24, "batch": 1279, "n_batches": 7774, "time": 0.166, "data_time": 0.0, "lr": 1e-05, "loss": -18.009}
{"message": "", "levelname": "INFO", "name": "Trainer", "asctime": "2026-04-15 19:00:43,683", "type": "train", "epoch": 24, "batch": 1359, "n_batches": 7774, "time": 0.216, "data_time": 0.001, "lr": 1e-05, "loss": -21.432}
{"message": "", "levelname": "INFO", "name": "Trainer", "asctime": "2026-04-15 19:00:45,713", "type": "train", "epoch": 24, "batch": 1439, "n_batches": 7774, "time": 0.22, "data_time": 0.0, "lr": 1e-05, "loss": -16.996}
{"message": "", "levelname": "INFO", "name": "Trainer", "asctime": "2026-04-15 19:00:47,543", "type": "train", "epoch": 24, "batch": 1519, "n_batches": 7774, "time": 0.217, "data_time": 0.001, "lr": 1e-05, "loss": -15.463}
{"message": "", "levelname": "INFO", "name": "Trainer", "asctime": "2026-04-15 19:00:49,605", "type": "train", "epoch": 24, "batch": 1599, "n_batches": 7774, "time": 0.197, "data_time": 0.0, "lr": 1e-05, "loss": -16.114}
{"message": "", "levelname": "INFO", "name": "Trainer", "asctime": "2026-04-15 19:00:51,656", "type": "train", "epoch": 24, "batch": 1679, "n_batches": 7774, "time": 0.184, "data_time": 0.0, "lr": 1e-05, "loss": -19.393}
{"message": "", "levelname": "INFO", "name": "Trainer", "asctime": "2026-04-15 19:00:53,458", "type": "train", "epoch": 24, "batch": 1759, "n_batches": 7774, "time": 0.186, "data_time": 0.0, "lr": 1e-05, "loss": -18.609}
{"message": "", "levelname": "INFO", "name": "Trainer", "asctime": "2026-04-15 19:00:55,453", "type": "train", "epoch": 24, "batch": 1839, "n_batches": 7774, "time": 0.225, "data_time": 0.001, "lr": 1e-05, "loss": -19.783}
{"message": "", "levelname": "INFO", "name": "Trainer", "asctime": "2026-04-15 19:00:57,541", "type": "train", "epoch": 24, "batch": 1919, "n_batches": 7774, "time": 0.191, "data_time": 0.001, "lr": 1e-05, "loss": -18.767}
{"message": "", "levelname": "INFO", "name": "Trainer", "asctime": "2026-04-15 19:01:00,101", "type": "train", "epoch": 24, "batch": 1999, "n_batches": 7774, "time": 0.249, "data_time": 0.001, "lr": 1e-05, "loss": -21.965}
{"message": "", "levelname": "INFO", "name": "Trainer", "asctime": "2026-04-15 19:01:02,417", "type": "train", "epoch": 24, "batch": 2079, "n_batches": 7774, "time": 0.221, "data_time": 0.001, "lr": 1e-05, "loss": -16.363}
{"message": "", "levelname": "INFO", "name": "Trainer", "asctime": "2026-04-15 19:01:04,718", "type": "train", "epoch": 24, "batch": 2159, "n_batches": 7774, "time": 0.203, "data_time": 0.0, "lr": 1e-05, "loss": -16.022}
{"message": "", "levelname": "INFO", "name": "Trainer", "asctime": "2026-04-15 19:01:07,030", "type": "train", "epoch": 24, "batch": 2239, "n_batches": 7774, "time": 0.189, "data_time": 0.0, "lr": 1e-05, "loss": -15.612}
{"message": "", "levelname": "INFO", "name": "Trainer", "asctime": "2026-04-15 19:01:09,348", "type": "train", "epoch": 24, "batch": 2319, "n_batches": 7774, "time": 0.224, "data_time": 0.0, "lr": 1e-05, "loss": -25.1}
{"message": "", "levelname": "INFO", "name": "Trainer", "asctime": "2026-04-15 19:01:11,652", "type": "train", "epoch": 24, "batch": 2399, "n_batches": 7774, "time": 0.245, "data_time": 0.0, "lr": 1e-05, "loss": -20.835}
{"message": "", "levelname": "INFO", "name": "Trainer", "asctime": "2026-04-15 19:01:14,474", "type": "train", "epoch": 24, "batch": 2479, "n_batches": 7774, "time": 0.232, "data_time": 0.001, "lr": 1e-05, "loss": -17.43}
{"message": "", "levelname": "INFO", "name": "Trainer", "asctime": "2026-04-15 19:01:16,730", "type": "train", "epoch": 24, "batch": 2559, "n_batches": 7774, "time": 0.202, "data_time": 0.0, "lr": 1e-05, "loss": -15.823}
{"message": "", "levelname": "INFO", "name": "Trainer", "asctime": "2026-04-15 19:01:19,757", "type": "train", "epoch": 24, "batch": 2639, "n_batches": 7774, "time": 0.384, "data_time": 0.001, "lr": 1e-05, "loss": -20.201}
{"message": "", "levelname": "INFO", "name": "Trainer", "asctime": "2026-04-15 19:01:22,897", "type": "train", "epoch": 24, "batch": 2719, "n_batches": 7774, "time": 0.26, "data_time": 0.001, "lr": 1e-05, "loss": -22.035}
{"message": "", "levelname": "INFO", "name": "Trainer", "asctime": "2026-04-15 19:01:25,384", "type": "train", "epoch": 24, "batch": 2799, "n_batches": 7774, "time": 0.171, "data_time": 0.0, "lr": 1e-05, "loss": -17.696}
{"message": "", "levelname": "INFO", "name": "Trainer", "asctime": "2026-04-15 19:01:27,616", "type": "train", "epoch": 24, "batch": 2879, "n_batches": 7774, "time": 0.182, "data_time": 0.0, "lr": 1e-05, "loss": -16.974}
{"message": "", "levelname": "INFO", "name": "Trainer", "asctime": "2026-04-15 19:01:30,547", "type": "train", "epoch": 24, "batch": 2959, "n_batches": 7774, "time": 0.691, "data_time": 0.001, "lr": 1e-05, "loss": -15.935}
{"message": "", "levelname": "INFO", "name": "Trainer", "asctime": "2026-04-15 19:01:36,873", "type": "train", "epoch": 24, "batch": 3039, "n_batches": 7774, "time": 0.794, "data_time": 0.001, "lr": 1e-05, "loss": -16.557}
{"message": "", "levelname": "INFO", "name": "Trainer", "asctime": "2026-04-15 19:01:44,077", "type": "train", "epoch": 24, "batch": 3119, "n_batches": 7774, "time": 0.731, "data_time": 0.001, "lr": 1e-05, "loss": -20.134}
{"message": "", "levelname": "INFO", "name": "Trainer", "asctime": "2026-04-15 19:01:51,485", "type": "train", "epoch": 24, "batch": 3199, "n_batches": 7774, "time": 0.368, "data_time": 0.0, "lr": 1e-05, "loss": -15.589}
{"message": "", "levelname": "INFO", "name": "Trainer", "asctime": "2026-04-15 19:01:56,838", "type": "train", "epoch": 24, "batch": 3279, "n_batches": 7774, "time": 0.572, "data_time": 0.001, "lr": 1e-05, "loss": -16.322}
{"message": "", "levelname": "INFO", "name": "Trainer", "asctime": "2026-04-15 19:02:04,303", "type": "train", "epoch": 24, "batch": 3359, "n_batches": 7774, "time": 1.362, "data_time": 0.001, "lr": 1e-05, "loss": -20.934}
{"message": "", "levelname": "INFO", "name": "Trainer", "asctime": "2026-04-15 19:02:12,512", "type": "train", "epoch": 24, "batch": 3439, "n_batches": 7774, "time": 1.26, "data_time": 0.001, "lr": 1e-05, "loss": -14.492}
{"message": "", "levelname": "INFO", "name": "Trainer", "asctime": "2026-04-15 19:02:18,915", "type": "train", "epoch": 24, "batch": 3519, "n_batches": 7774, "time": 0.881, "data_time": 0.001, "lr": 1e-05, "loss": -17.973}
{"message": "", "levelname": "INFO", "name": "Trainer", "asctime": "2026-04-15 19:02:26,142", "type": "train", "epoch": 24, "batch": 3599, "n_batches": 7774, "time": 0.507, "data_time": 0.001, "lr": 1e-05, "loss": -13.957}
{"message": "", "levelname": "INFO", "name": "Trainer", "asctime": "2026-04-15 19:02:32,489", "type": "train", "epoch": 24, "batch": 3679, "n_batches": 7774, "time": 1.179, "data_time": 0.001, "lr": 1e-05, "loss": -17.181}
{"message": "", "levelname": "INFO", "name": "Trainer", "asctime": "2026-04-15 19:02:39,654", "type": "train", "epoch": 24, "batch": 3759, "n_batches": 7774, "time": 0.451, "data_time": 0.0, "lr": 1e-05, "loss": -14.494}
{"message": "", "levelname": "INFO", "name": "Trainer", "asctime": "2026-04-15 19:02:46,926", "type": "train", "epoch": 24, "batch": 3839, "n_batches": 7774, "time": 0.482, "data_time": 0.0, "lr": 1e-05, "loss": -17.549}
{"message": "", "levelname": "INFO", "name": "Trainer", "asctime": "2026-04-15 19:02:54,571", "type": "train", "epoch": 24, "batch": 3919, "n_batches": 7774, "time": 0.753, "data_time": 0.001, "lr": 1e-05, "loss": -19.389}
{"message": "", "levelname": "INFO", "name": "Trainer", "asctime": "2026-04-15 19:02:59,949", "type": "train", "epoch": 24, "batch": 3999, "n_batches": 7774, "time": 0.492, "data_time": 0.001, "lr": 1e-05, "loss": -22.481}
{"message": "", "levelname": "INFO", "name": "Trainer", "asctime": "2026-04-15 19:03:06,876", "type": "train", "epoch": 24, "batch": 4079, "n_batches": 7774, "time": 0.645, "data_time": 0.001, "lr": 1e-05, "loss": -21.348}
{"message": "", "levelname": "INFO", "name": "Trainer", "asctime": "2026-04-15 19:03:16,900", "type": "train", "epoch": 24, "batch": 4159, "n_batches": 7774, "time": 0.988, "data_time": 0.0, "lr": 1e-05, "loss": -14.502}
{"message": "", "levelname": "INFO", "name": "Trainer", "asctime": "2026-04-15 19:03:26,473", "type": "train", "epoch": 24, "batch": 4239, "n_batches": 7774, "time": 1.124, "data_time": 0.001, "lr": 1e-05, "loss": -20.594}
{"message": "", "levelname": "INFO", "name": "Trainer", "asctime": "2026-04-15 19:03:34,244", "type": "train", "epoch": 24, "batch": 4319, "n_batches": 7774, "time": 0.833, "data_time": 0.001, "lr": 1e-05, "loss": -19.34}
{"message": "", "levelname": "INFO", "name": "Trainer", "asctime": "2026-04-15 19:03:41,865", "type": "train", "epoch": 24, "batch": 4399, "n_batches": 7774, "time": 0.598, "data_time": 0.001, "lr": 1e-05, "loss": -18.307}
{"message": "", "levelname": "INFO", "name": "Trainer", "asctime": "2026-04-15 19:03:49,688", "type": "train", "epoch": 24, "batch": 4479, "n_batches": 7774, "time": 0.932, "data_time": 0.001, "lr": 1e-05, "loss": -17.979}
{"message": "", "levelname": "INFO", "name": "Trainer", "asctime": "2026-04-15 19:03:58,625", "type": "train", "epoch": 24, "batch": 4559, "n_batches": 7774, "time": 1.084, "data_time": 0.001, "lr": 1e-05, "loss": -16.105}
{"message": "", "levelname": "INFO", "name": "Trainer", "asctime": "2026-04-15 19:04:06,064", "type": "train", "epoch": 24, "batch": 4639, "n_batches": 7774, "time": 1.112, "data_time": 0.001, "lr": 1e-05, "loss": -21.258}
{"message": "", "levelname": "INFO", "name": "Trainer", "asctime": "2026-04-15 19:04:14,042", "type": "train", "epoch": 24, "batch": 4719, "n_batches": 7774, "time": 0.7, "data_time": 0.0, "lr": 1e-05, "loss": -13.677}
{"message": "", "levelname": "INFO", "name": "Trainer", "asctime": "2026-04-15 19:04:20,006", "type": "train", "epoch": 24, "batch": 4799, "n_batches": 7774, "time": 0.483, "data_time": 0.001, "lr": 1e-05, "loss": -17.866}
{"message": "", "levelname": "INFO", "name": "Trainer", "asctime": "2026-04-15 19:04:26,478", "type": "train", "epoch": 24, "batch": 4879, "n_batches": 7774, "time": 0.448, "data_time": 0.001, "lr": 1e-05, "loss": -15.846}
{"message": "", "levelname": "INFO", "name": "Trainer", "asctime": "2026-04-15 19:04:33,464", "type": "train", "epoch": 24, "batch": 4959, "n_batches": 7774, "time": 0.625, "data_time": 0.001, "lr": 1e-05, "loss": -16.051}
{"message": "", "levelname": "INFO", "name": "Trainer", "asctime": "2026-04-15 19:04:41,443", "type": "train", "epoch": 24, "batch": 5039, "n_batches": 7774, "time": 0.487, "data_time": 0.001, "lr": 1e-05, "loss": -15.462}
{"message": "", "levelname": "INFO", "name": "Trainer", "asctime": "2026-04-15 19:04:48,378", "type": "train", "epoch": 24, "batch": 5119, "n_batches": 7774, "time": 0.399, "data_time": 0.0, "lr": 1e-05, "loss": -18.898}
{"message": "", "levelname": "INFO", "name": "Trainer", "asctime": "2026-04-15 19:04:54,604", "type": "train", "epoch": 24, "batch": 5199, "n_batches": 7774, "time": 0.625, "data_time": 0.0, "lr": 1e-05, "loss": -19.178}
{"message": "", "levelname": "INFO", "name": "Trainer", "asctime": "2026-04-15 19:05:01,490", "type": "train", "epoch": 24, "batch": 5279, "n_batches": 7774, "time": 0.74, "data_time": 0.001, "lr": 1e-05, "loss": -16.047}
{"message": "", "levelname": "INFO", "name": "Trainer", "asctime": "2026-04-15 19:05:07,378", "type": "train", "epoch": 24, "batch": 5359, "n_batches": 7774, "time": 0.677, "data_time": 0.001, "lr": 1e-05, "loss": -19.233}
{"message": "", "levelname": "INFO", "name": "Trainer", "asctime": "2026-04-15 19:05:14,352", "type": "train", "epoch": 24, "batch": 5439, "n_batches": 7774, "time": 0.482, "data_time": 0.001, "lr": 1e-05, "loss": -18.033}
{"message": "", "levelname": "INFO", "name": "Trainer", "asctime": "2026-04-15 19:05:21,482", "type": "train", "epoch": 24, "batch": 5519, "n_batches": 7774, "time": 0.711, "data_time": 0.001, "lr": 1e-05, "loss": -16.353}
{"message": "", "levelname": "INFO", "name": "Trainer", "asctime": "2026-04-15 19:05:26,732", "type": "train", "epoch": 24, "batch": 5599, "n_batches": 7774, "time": 0.346, "data_time": 0.001, "lr": 1e-05, "loss": -18.461}
{"message": "", "levelname": "INFO", "name": "Trainer", "asctime": "2026-04-15 19:05:34,851", "type": "train", "epoch": 24, "batch": 5679, "n_batches": 7774, "time": 1.143, "data_time": 0.001, "lr": 1e-05, "loss": -18.354}
{"message": "", "levelname": "INFO", "name": "Trainer", "asctime": "2026-04-15 19:05:41,903", "type": "train", "epoch": 24, "batch": 5759, "n_batches": 7774, "time": 1.023, "data_time": 0.001, "lr": 1e-05, "loss": -20.67}
{"message": "", "levelname": "INFO", "name": "Trainer", "asctime": "2026-04-15 19:05:47,774", "type": "train", "epoch": 24, "batch": 5839, "n_batches": 7774, "time": 0.741, "data_time": 0.001, "lr": 1e-05, "loss": -20.836}
{"message": "", "levelname": "INFO", "name": "Trainer", "asctime": "2026-04-15 19:05:56,202", "type": "train", "epoch": 24, "batch": 5919, "n_batches": 7774, "time": 0.819, "data_time": 0.001, "lr": 1e-05, "loss": -15.04}
{"message": "", "levelname": "INFO", "name": "Trainer", "asctime": "2026-04-15 19:06:04,725", "type": "train", "epoch": 24, "batch": 5999, "n_batches": 7774, "time": 0.52, "data_time": 0.0, "lr": 1e-05, "loss": -19.337}
{"message": "", "levelname": "INFO", "name": "Trainer", "asctime": "2026-04-15 19:06:10,694", "type": "train", "epoch": 24, "batch": 6079, "n_batches": 7774, "time": 0.353, "data_time": 0.001, "lr": 1e-05, "loss": -18.749}
{"message": "", "levelname": "INFO", "name": "Trainer", "asctime": "2026-04-15 19:06:15,877", "type": "train", "epoch": 24, "batch": 6159, "n_batches": 7774, "time": 0.373, "data_time": 0.001, "lr": 1e-05, "loss": -11.813}
{"message": "", "levelname": "INFO", "name": "Trainer", "asctime": "2026-04-15 19:06:20,107", "type": "train", "epoch": 24, "batch": 6239, "n_batches": 7774, "time": 0.391, "data_time": 0.001, "lr": 1e-05, "loss": -20.569}
{"message": "", "levelname": "INFO", "name": "Trainer", "asctime": "2026-04-15 19:06:28,894", "type": "train", "epoch": 24, "batch": 6319, "n_batches": 7774, "time": 0.862, "data_time": 0.001, "lr": 1e-05, "loss": -19.44}
{"message": "", "levelname": "INFO", "name": "Trainer", "asctime": "2026-04-15 19:06:37,310", "type": "train", "epoch": 24, "batch": 6399, "n_batches": 7774, "time": 0.754, "data_time": 0.001, "lr": 1e-05, "loss": -15.45}
{"message": "", "levelname": "INFO", "name": "Trainer", "asctime": "2026-04-15 19:06:44,714", "type": "train", "epoch": 24, "batch": 6479, "n_batches": 7774, "time": 0.514, "data_time": 0.001, "lr": 1e-05, "loss": -12.433}
{"message": "", "levelname": "INFO", "name": "Trainer", "asctime": "2026-04-15 19:06:51,287", "type": "train", "epoch": 24, "batch": 6559, "n_batches": 7774, "time": 0.636, "data_time": 0.001, "lr": 1e-05, "loss": -11.513}
{"message": "", "levelname": "INFO", "name": "Trainer", "asctime": "2026-04-15 19:06:59,151", "type": "train", "epoch": 24, "batch": 6639, "n_batches": 7774, "time": 1.265, "data_time": 0.001, "lr": 1e-05, "loss": -13.085}
{"message": "", "levelname": "INFO", "name": "Trainer", "asctime": "2026-04-15 19:07:08,644", "type": "train", "epoch": 24, "batch": 6719, "n_batches": 7774, "time": 0.858, "data_time": 0.0, "lr": 1e-05, "loss": -15.991}
{"message": "", "levelname": "INFO", "name": "Trainer", "asctime": "2026-04-15 19:07:16,317", "type": "train", "epoch": 24, "batch": 6799, "n_batches": 7774, "time": 0.753, "data_time": 0.001, "lr": 1e-05, "loss": -15.539}
{"message": "", "levelname": "INFO", "name": "Trainer", "asctime": "2026-04-15 19:07:23,401", "type": "train", "epoch": 24, "batch": 6879, "n_batches": 7774, "time": 0.456, "data_time": 0.001, "lr": 1e-05, "loss": -16.701}
{"message": "", "levelname": "INFO", "name": "Trainer", "asctime": "2026-04-15 19:07:30,644", "type": "train", "epoch": 24, "batch": 6959, "n_batches": 7774, "time": 0.74, "data_time": 0.001, "lr": 1e-05, "loss": -11.87}
{"message": "", "levelname": "INFO", "name": "Trainer", "asctime": "2026-04-15 19:07:38,133", "type": "train", "epoch": 24, "batch": 7039, "n_batches": 7774, "time": 0.936, "data_time": 0.001, "lr": 1e-05, "loss": -18.158}
{"message": "", "levelname": "INFO", "name": "Trainer", "asctime": "2026-04-15 19:07:47,191", "type": "train", "epoch": 24, "batch": 7119, "n_batches": 7774, "time": 0.631, "data_time": 0.001, "lr": 1e-05, "loss": -15.076}
{"message": "", "levelname": "INFO", "name": "Trainer", "asctime": "2026-04-15 19:07:58,560", "type": "train", "epoch": 24, "batch": 7199, "n_batches": 7774, "time": 1.341, "data_time": 0.002, "lr": 1e-05, "loss": -15.619}
{"message": "", "levelname": "INFO", "name": "Trainer", "asctime": "2026-04-15 19:08:08,170", "type": "train", "epoch": 24, "batch": 7279, "n_batches": 7774, "time": 0.929, "data_time": 0.001, "lr": 1e-05, "loss": -18.207}
{"message": "", "levelname": "INFO", "name": "Trainer", "asctime": "2026-04-15 19:08:15,420", "type": "train", "epoch": 24, "batch": 7359, "n_batches": 7774, "time": 0.55, "data_time": 0.001, "lr": 1e-05, "loss": -19.028}
{"message": "", "levelname": "INFO", "name": "Trainer", "asctime": "2026-04-15 19:08:24,161", "type": "train", "epoch": 24, "batch": 7439, "n_batches": 7774, "time": 1.727, "data_time": 0.001, "lr": 1e-05, "loss": -11.975}
{"message": "", "levelname": "INFO", "name": "Trainer", "asctime": "2026-04-15 19:08:30,399", "type": "train", "epoch": 24, "batch": 7519, "n_batches": 7774, "time": 0.559, "data_time": 0.001, "lr": 1e-05, "loss": -13.264}
{"message": "", "levelname": "INFO", "name": "Trainer", "asctime": "2026-04-15 19:08:35,984", "type": "train", "epoch": 24, "batch": 7599, "n_batches": 7774, "time": 0.601, "data_time": 0.001, "lr": 1e-05, "loss": -21.603}
{"message": "", "levelname": "INFO", "name": "Trainer", "asctime": "2026-04-15 19:08:43,200", "type": "train", "epoch": 24, "batch": 7679, "n_batches": 7774, "time": 0.752, "data_time": 0.001, "lr": 1e-05, "loss": -19.772}
{"message": "", "levelname": "INFO", "name": "Trainer", "asctime": "2026-04-15 19:08:51,288", "type": "train", "epoch": 24, "batch": 7759, "n_batches": 7774, "time": 0.963, "data_time": 0.001, "lr": 1e-05, "loss": -12.692}
{"message": "", "levelname": "INFO", "name": "Trainer", "asctime": "2026-04-15 19:08:53,067", "type": "train-epoch", "epoch": 25, "loss": -2.13588, "time": 522.6}
{"message": "", "levelname": "INFO", "name": "Trainer", "asctime": "2026-04-15 19:11:21,986", "type": "val-epoch", "epoch": 25, "loss": -2.117, "test_loss": -2.117, "time": 148.9}
