{"message": "", "levelname": "INFO", "name": "root", "asctime": "2026-04-16 14:59:56,494", "type": "process", "argv": ["/NAS/School/CS7643/DL-Final-Project/trajnetpluspluscvae/trajnetbaselines/vae/trainer.py", "--path", "output", "--epochs", "25", "--save_every", "5", "--batch_size", "8", "--lr", "1e-3", "--step_size", "10", "--sample", "1.0", "--seed", "42", "--type", "vanilla", "--k", "20", "--noise_dim", "8", "--alpha_kld", "0.1", "--kld_anneal_epochs", "10", "-o", "vae_vanilla_20260415_163022"], "args": {"epochs": 25, "save_every": 5, "obs_length": 9, "pred_length": 12, "start_length": 0, "batch_size": 8, "lr": 0.001, "step_size": 10, "output": "OUTPUT_BLOCK/output/vae_vanilla_vae_vanilla_20260415_163022.pkl", "disable_cuda": false, "path": "output", "goals": false, "loss": "pred", "type": "vanilla", "sample": 1.0, "seed": 42, "augment": false, "normalize_scene": false, "augment_noise": false, "obs_dropout": false, "load_state": null, "load_full_state": null, "nonstrict_load_state": null, "hidden_dim": 128, "coordinate_embedding_dim": 64, "pool_dim": 256, "goal_dim": 64, "cell_side": 0.6, "n": 12, "layer_dims": [512], "embedding_arch": "one_layer", "pool_constant": 0, "norm_pool": false, "front": false, "latent_dim": 16, "norm": 0, "no_vel": false, "spatial_dim": 32, "vel_dim": 32, "neigh": 4, "mp_iters": 5, "alpha_kld": 0.1, "kld_anneal_epochs": 10, "k": 20, "noise_dim": 8}, "version": "0.1.0", "hostname": "xander-code-machine"}
{"message": "", "levelname": "INFO", "name": "Trainer", "asctime": "2026-04-16 15:00:26,789", "type": "train", "epoch": 0, "batch": 79, "n_batches": 7774, "time": 3.025, "data_time": 0.0, "lr": 0.001, "loss": 5.385, "recon_loss": 5.384, "kld_loss": 0.135, "kld_weight": 0.01}
{"message": "", "levelname": "INFO", "name": "Trainer", "asctime": "2026-04-16 15:00:51,938", "type": "train", "epoch": 0, "batch": 159, "n_batches": 7774, "time": 2.709, "data_time": 0.001, "lr": 0.001, "loss": -9.036, "recon_loss": -9.048, "kld_loss": 1.127, "kld_weight": 0.01}
{"message": "", "levelname": "INFO", "name": "Trainer", "asctime": "2026-04-16 15:01:18,185", "type": "train", "epoch": 0, "batch": 239, "n_batches": 7774, "time": 2.672, "data_time": 0.0, "lr": 0.001, "loss": 0.813, "recon_loss": 0.746, "kld_loss": 6.692, "kld_weight": 0.01}
{"message": "", "levelname": "INFO", "name": "Trainer", "asctime": "2026-04-16 15:01:45,262", "type": "train", "epoch": 0, "batch": 319, "n_batches": 7774, "time": 2.809, "data_time": 0.001, "lr": 0.001, "loss": -2.861, "recon_loss": -3.044, "kld_loss": 18.262, "kld_weight": 0.01}
{"message": "", "levelname": "INFO", "name": "Trainer", "asctime": "2026-04-16 15:02:12,019", "type": "train", "epoch": 0, "batch": 399, "n_batches": 7774, "time": 2.654, "data_time": 0.0, "lr": 0.001, "loss": -13.3, "recon_loss": -13.488, "kld_loss": 18.893, "kld_weight": 0.01}
{"message": "", "levelname": "INFO", "name": "Trainer", "asctime": "2026-04-16 15:02:41,084", "type": "train", "epoch": 0, "batch": 479, "n_batches": 7774, "time": 4.067, "data_time": 0.001, "lr": 0.001, "loss": -10.677, "recon_loss": -10.835, "kld_loss": 15.737, "kld_weight": 0.01}
{"message": "", "levelname": "INFO", "name": "Trainer", "asctime": "2026-04-16 15:03:08,597", "type": "train", "epoch": 0, "batch": 559, "n_batches": 7774, "time": 2.939, "data_time": 0.0, "lr": 0.001, "loss": -10.825, "recon_loss": -11.124, "kld_loss": 29.897, "kld_weight": 0.01}
{"message": "", "levelname": "INFO", "name": "Trainer", "asctime": "2026-04-16 15:03:42,384", "type": "train", "epoch": 0, "batch": 639, "n_batches": 7774, "time": 5.6, "data_time": 0.001, "lr": 0.001, "loss": -14.48, "recon_loss": -14.627, "kld_loss": 14.681, "kld_weight": 0.01}
{"message": "", "levelname": "INFO", "name": "Trainer", "asctime": "2026-04-16 15:04:08,445", "type": "train", "epoch": 0, "batch": 719, "n_batches": 7774, "time": 1.992, "data_time": 0.0, "lr": 0.001, "loss": -10.385, "recon_loss": -10.693, "kld_loss": 30.77, "kld_weight": 0.01}
{"message": "", "levelname": "INFO", "name": "Trainer", "asctime": "2026-04-16 15:04:38,060", "type": "train", "epoch": 0, "batch": 799, "n_batches": 7774, "time": 2.208, "data_time": 0.0, "lr": 0.001, "loss": -13.339, "recon_loss": -13.63, "kld_loss": 29.057, "kld_weight": 0.01}
{"message": "", "levelname": "INFO", "name": "Trainer", "asctime": "2026-04-16 15:05:07,902", "type": "train", "epoch": 0, "batch": 879, "n_batches": 7774, "time": 4.363, "data_time": 0.001, "lr": 0.001, "loss": -14.834, "recon_loss": -15.062, "kld_loss": 22.766, "kld_weight": 0.01}
{"message": "", "levelname": "INFO", "name": "Trainer", "asctime": "2026-04-16 15:05:35,611", "type": "train", "epoch": 0, "batch": 959, "n_batches": 7774, "time": 2.513, "data_time": 0.0, "lr": 0.001, "loss": -13.017, "recon_loss": -13.239, "kld_loss": 22.237, "kld_weight": 0.01}
{"message": "", "levelname": "INFO", "name": "Trainer", "asctime": "2026-04-16 15:06:03,738", "type": "train", "epoch": 0, "batch": 1039, "n_batches": 7774, "time": 3.003, "data_time": 0.0, "lr": 0.001, "loss": -8.935, "recon_loss": -9.129, "kld_loss": 19.434, "kld_weight": 0.01}
{"message": "", "levelname": "INFO", "name": "Trainer", "asctime": "2026-04-16 15:06:29,802", "type": "train", "epoch": 0, "batch": 1119, "n_batches": 7774, "time": 2.5, "data_time": 0.0, "lr": 0.001, "loss": -11.347, "recon_loss": -11.633, "kld_loss": 28.618, "kld_weight": 0.01}
{"message": "", "levelname": "INFO", "name": "Trainer", "asctime": "2026-04-16 15:06:53,070", "type": "train", "epoch": 0, "batch": 1199, "n_batches": 7774, "time": 2.047, "data_time": 0.001, "lr": 0.001, "loss": -17.314, "recon_loss": -17.605, "kld_loss": 29.098, "kld_weight": 0.01}
{"message": "", "levelname": "INFO", "name": "Trainer", "asctime": "2026-04-16 15:07:21,742", "type": "train", "epoch": 0, "batch": 1279, "n_batches": 7774, "time": 5.108, "data_time": 0.001, "lr": 0.001, "loss": -11.34, "recon_loss": -11.6, "kld_loss": 25.935, "kld_weight": 0.01}
{"message": "", "levelname": "INFO", "name": "Trainer", "asctime": "2026-04-16 15:07:50,807", "type": "train", "epoch": 0, "batch": 1359, "n_batches": 7774, "time": 3.067, "data_time": 0.001, "lr": 0.001, "loss": -12.371, "recon_loss": -12.723, "kld_loss": 35.243, "kld_weight": 0.01}
{"message": "", "levelname": "INFO", "name": "Trainer", "asctime": "2026-04-16 15:08:24,719", "type": "train", "epoch": 0, "batch": 1439, "n_batches": 7774, "time": 4.275, "data_time": 0.001, "lr": 0.001, "loss": -11.865, "recon_loss": -12.108, "kld_loss": 24.318, "kld_weight": 0.01}
{"message": "", "levelname": "INFO", "name": "Trainer", "asctime": "2026-04-16 15:09:19,999", "type": "train", "epoch": 0, "batch": 1519, "n_batches": 7774, "time": 5.94, "data_time": 0.0, "lr": 0.001, "loss": -12.223, "recon_loss": -12.576, "kld_loss": 35.265, "kld_weight": 0.01}
{"message": "", "levelname": "INFO", "name": "Trainer", "asctime": "2026-04-16 15:10:13,384", "type": "train", "epoch": 0, "batch": 1599, "n_batches": 7774, "time": 6.556, "data_time": 0.0, "lr": 0.001, "loss": -18.807, "recon_loss": -19.068, "kld_loss": 26.045, "kld_weight": 0.01}
{"message": "", "levelname": "INFO", "name": "Trainer", "asctime": "2026-04-16 15:11:27,476", "type": "train", "epoch": 0, "batch": 1679, "n_batches": 7774, "time": 5.034, "data_time": 0.002, "lr": 0.001, "loss": -14.249, "recon_loss": -14.685, "kld_loss": 43.564, "kld_weight": 0.01}
{"message": "", "levelname": "INFO", "name": "Trainer", "asctime": "2026-04-16 15:12:15,535", "type": "train", "epoch": 0, "batch": 1759, "n_batches": 7774, "time": 2.195, "data_time": 0.001, "lr": 0.001, "loss": -16.944, "recon_loss": -17.347, "kld_loss": 40.294, "kld_weight": 0.01}
{"message": "", "levelname": "INFO", "name": "Trainer", "asctime": "2026-04-16 15:12:43,971", "type": "train", "epoch": 0, "batch": 1839, "n_batches": 7774, "time": 2.137, "data_time": 0.0, "lr": 0.001, "loss": -6.946, "recon_loss": -7.33, "kld_loss": 38.371, "kld_weight": 0.01}
{"message": "", "levelname": "INFO", "name": "Trainer", "asctime": "2026-04-16 15:13:11,906", "type": "train", "epoch": 0, "batch": 1919, "n_batches": 7774, "time": 2.783, "data_time": 0.001, "lr": 0.001, "loss": -10.781, "recon_loss": -11.013, "kld_loss": 23.198, "kld_weight": 0.01}
{"message": "", "levelname": "INFO", "name": "Trainer", "asctime": "2026-04-16 15:13:39,392", "type": "train", "epoch": 0, "batch": 1999, "n_batches": 7774, "time": 2.269, "data_time": 0.0, "lr": 0.001, "loss": -14.908, "recon_loss": -15.218, "kld_loss": 30.937, "kld_weight": 0.01}
{"message": "", "levelname": "INFO", "name": "Trainer", "asctime": "2026-04-16 15:14:06,532", "type": "train", "epoch": 0, "batch": 2079, "n_batches": 7774, "time": 3.157, "data_time": 0.001, "lr": 0.001, "loss": -13.401, "recon_loss": -13.622, "kld_loss": 22.018, "kld_weight": 0.01}
{"message": "", "levelname": "INFO", "name": "Trainer", "asctime": "2026-04-16 15:14:32,791", "type": "train", "epoch": 0, "batch": 2159, "n_batches": 7774, "time": 3.403, "data_time": 0.001, "lr": 0.001, "loss": -13.953, "recon_loss": -14.348, "kld_loss": 39.54, "kld_weight": 0.01}
{"message": "", "levelname": "INFO", "name": "Trainer", "asctime": "2026-04-16 15:15:01,789", "type": "train", "epoch": 0, "batch": 2239, "n_batches": 7774, "time": 3.802, "data_time": 0.001, "lr": 0.001, "loss": -16.532, "recon_loss": -16.807, "kld_loss": 27.525, "kld_weight": 0.01}
{"message": "", "levelname": "INFO", "name": "Trainer", "asctime": "2026-04-16 15:15:31,342", "type": "train", "epoch": 0, "batch": 2319, "n_batches": 7774, "time": 2.453, "data_time": 0.001, "lr": 0.001, "loss": -18.052, "recon_loss": -18.419, "kld_loss": 36.686, "kld_weight": 0.01}
{"message": "", "levelname": "INFO", "name": "Trainer", "asctime": "2026-04-16 15:15:59,258", "type": "train", "epoch": 0, "batch": 2399, "n_batches": 7774, "time": 3.028, "data_time": 0.001, "lr": 0.001, "loss": -15.847, "recon_loss": -16.148, "kld_loss": 30.13, "kld_weight": 0.01}
{"message": "", "levelname": "INFO", "name": "Trainer", "asctime": "2026-04-16 15:16:28,556", "type": "train", "epoch": 0, "batch": 2479, "n_batches": 7774, "time": 2.548, "data_time": 0.001, "lr": 0.001, "loss": -17.473, "recon_loss": -17.764, "kld_loss": 29.062, "kld_weight": 0.01}
{"message": "", "levelname": "INFO", "name": "Trainer", "asctime": "2026-04-16 15:17:01,836", "type": "train", "epoch": 0, "batch": 2559, "n_batches": 7774, "time": 2.516, "data_time": 0.001, "lr": 0.001, "loss": -6.626, "recon_loss": -6.868, "kld_loss": 24.138, "kld_weight": 0.01}
{"message": "", "levelname": "INFO", "name": "Trainer", "asctime": "2026-04-16 15:17:30,336", "type": "train", "epoch": 0, "batch": 2639, "n_batches": 7774, "time": 2.52, "data_time": 0.001, "lr": 0.001, "loss": -17.679, "recon_loss": -18.111, "kld_loss": 43.222, "kld_weight": 0.01}
{"message": "", "levelname": "INFO", "name": "Trainer", "asctime": "2026-04-16 15:18:02,293", "type": "train", "epoch": 0, "batch": 2719, "n_batches": 7774, "time": 3.093, "data_time": 0.001, "lr": 0.001, "loss": -12.934, "recon_loss": -13.152, "kld_loss": 21.86, "kld_weight": 0.01}
{"message": "", "levelname": "INFO", "name": "Trainer", "asctime": "2026-04-16 15:19:10,839", "type": "train", "epoch": 0, "batch": 2799, "n_batches": 7774, "time": 6.666, "data_time": 0.001, "lr": 0.001, "loss": -13.838, "recon_loss": -14.133, "kld_loss": 29.435, "kld_weight": 0.01}
{"message": "", "levelname": "INFO", "name": "Trainer", "asctime": "2026-04-16 15:20:18,704", "type": "train", "epoch": 0, "batch": 2879, "n_batches": 7774, "time": 7.031, "data_time": 0.001, "lr": 0.001, "loss": -17.665, "recon_loss": -17.941, "kld_loss": 27.616, "kld_weight": 0.01}
{"message": "", "levelname": "INFO", "name": "Trainer", "asctime": "2026-04-16 15:21:14,295", "type": "train", "epoch": 0, "batch": 2959, "n_batches": 7774, "time": 3.282, "data_time": 0.0, "lr": 0.001, "loss": -11.963, "recon_loss": -12.179, "kld_loss": 21.618, "kld_weight": 0.01}
{"message": "", "levelname": "INFO", "name": "Trainer", "asctime": "2026-04-16 15:21:42,041", "type": "train", "epoch": 0, "batch": 3039, "n_batches": 7774, "time": 2.877, "data_time": 0.001, "lr": 0.001, "loss": -19.89, "recon_loss": -20.082, "kld_loss": 19.19, "kld_weight": 0.01}
{"message": "", "levelname": "INFO", "name": "Trainer", "asctime": "2026-04-16 15:22:10,457", "type": "train", "epoch": 0, "batch": 3119, "n_batches": 7774, "time": 2.947, "data_time": 0.0, "lr": 0.001, "loss": -16.927, "recon_loss": -17.286, "kld_loss": 35.924, "kld_weight": 0.01}
{"message": "", "levelname": "INFO", "name": "Trainer", "asctime": "2026-04-16 15:22:37,796", "type": "train", "epoch": 0, "batch": 3199, "n_batches": 7774, "time": 2.926, "data_time": 0.001, "lr": 0.001, "loss": -13.708, "recon_loss": -13.968, "kld_loss": 26.043, "kld_weight": 0.01}
{"message": "", "levelname": "INFO", "name": "Trainer", "asctime": "2026-04-16 15:23:16,742", "type": "train", "epoch": 0, "batch": 3279, "n_batches": 7774, "time": 5.265, "data_time": 0.001, "lr": 0.001, "loss": -11.905, "recon_loss": -12.224, "kld_loss": 31.867, "kld_weight": 0.01}
{"message": "", "levelname": "INFO", "name": "Trainer", "asctime": "2026-04-16 15:24:12,748", "type": "train", "epoch": 0, "batch": 3359, "n_batches": 7774, "time": 5.212, "data_time": 0.0, "lr": 0.001, "loss": -21.498, "recon_loss": -21.865, "kld_loss": 36.641, "kld_weight": 0.01}
{"message": "", "levelname": "INFO", "name": "Trainer", "asctime": "2026-04-16 15:25:07,584", "type": "train", "epoch": 0, "batch": 3439, "n_batches": 7774, "time": 6.189, "data_time": 0.001, "lr": 0.001, "loss": -15.376, "recon_loss": -15.665, "kld_loss": 28.819, "kld_weight": 0.01}
{"message": "", "levelname": "INFO", "name": "Trainer", "asctime": "2026-04-16 15:25:49,178", "type": "train", "epoch": 0, "batch": 3519, "n_batches": 7774, "time": 2.64, "data_time": 0.001, "lr": 0.001, "loss": -18.431, "recon_loss": -18.702, "kld_loss": 27.055, "kld_weight": 0.01}
{"message": "", "levelname": "INFO", "name": "Trainer", "asctime": "2026-04-16 15:26:14,312", "type": "train", "epoch": 0, "batch": 3599, "n_batches": 7774, "time": 2.376, "data_time": 0.001, "lr": 0.001, "loss": -17.394, "recon_loss": -17.635, "kld_loss": 24.104, "kld_weight": 0.01}
{"message": "", "levelname": "INFO", "name": "Trainer", "asctime": "2026-04-16 15:26:39,755", "type": "train", "epoch": 0, "batch": 3679, "n_batches": 7774, "time": 2.123, "data_time": 0.001, "lr": 0.001, "loss": -18.741, "recon_loss": -18.946, "kld_loss": 20.531, "kld_weight": 0.01}
{"message": "", "levelname": "INFO", "name": "Trainer", "asctime": "2026-04-16 15:27:05,090", "type": "train", "epoch": 0, "batch": 3759, "n_batches": 7774, "time": 3.115, "data_time": 0.001, "lr": 0.001, "loss": -19.318, "recon_loss": -19.852, "kld_loss": 53.404, "kld_weight": 0.01}
{"message": "", "levelname": "INFO", "name": "Trainer", "asctime": "2026-04-16 15:27:29,463", "type": "train", "epoch": 0, "batch": 3839, "n_batches": 7774, "time": 2.117, "data_time": 0.0, "lr": 0.001, "loss": -16.047, "recon_loss": -16.414, "kld_loss": 36.675, "kld_weight": 0.01}
{"message": "", "levelname": "INFO", "name": "Trainer", "asctime": "2026-04-16 15:27:57,302", "type": "train", "epoch": 0, "batch": 3919, "n_batches": 7774, "time": 2.792, "data_time": 0.0, "lr": 0.001, "loss": -15.229, "recon_loss": -15.711, "kld_loss": 48.176, "kld_weight": 0.01}
{"message": "", "levelname": "INFO", "name": "Trainer", "asctime": "2026-04-16 15:28:27,089", "type": "train", "epoch": 0, "batch": 3999, "n_batches": 7774, "time": 3.083, "data_time": 0.001, "lr": 0.001, "loss": -14.49, "recon_loss": -14.837, "kld_loss": 34.731, "kld_weight": 0.01}
{"message": "", "levelname": "INFO", "name": "Trainer", "asctime": "2026-04-16 15:28:57,335", "type": "train", "epoch": 0, "batch": 4079, "n_batches": 7774, "time": 3.46, "data_time": 0.0, "lr": 0.001, "loss": -16.49, "recon_loss": -16.86, "kld_loss": 37.021, "kld_weight": 0.01}
{"message": "", "levelname": "INFO", "name": "Trainer", "asctime": "2026-04-16 15:29:28,753", "type": "train", "epoch": 0, "batch": 4159, "n_batches": 7774, "time": 3.689, "data_time": 0.001, "lr": 0.001, "loss": -21.554, "recon_loss": -21.985, "kld_loss": 43.112, "kld_weight": 0.01}
{"message": "", "levelname": "INFO", "name": "Trainer", "asctime": "2026-04-16 15:29:56,576", "type": "train", "epoch": 0, "batch": 4239, "n_batches": 7774, "time": 3.322, "data_time": 0.0, "lr": 0.001, "loss": -13.828, "recon_loss": -14.458, "kld_loss": 63.041, "kld_weight": 0.01}
{"message": "", "levelname": "INFO", "name": "Trainer", "asctime": "2026-04-16 15:30:25,589", "type": "train", "epoch": 0, "batch": 4319, "n_batches": 7774, "time": 3.274, "data_time": 0.001, "lr": 0.001, "loss": -21.372, "recon_loss": -21.877, "kld_loss": 50.502, "kld_weight": 0.01}
{"message": "", "levelname": "INFO", "name": "Trainer", "asctime": "2026-04-16 15:30:56,054", "type": "train", "epoch": 0, "batch": 4399, "n_batches": 7774, "time": 2.612, "data_time": 0.0, "lr": 0.001, "loss": -21.746, "recon_loss": -22.21, "kld_loss": 46.402, "kld_weight": 0.01}
{"message": "", "levelname": "INFO", "name": "Trainer", "asctime": "2026-04-16 15:31:23,724", "type": "train", "epoch": 0, "batch": 4479, "n_batches": 7774, "time": 2.781, "data_time": 0.001, "lr": 0.001, "loss": -22.107, "recon_loss": -22.562, "kld_loss": 45.432, "kld_weight": 0.01}
{"message": "", "levelname": "INFO", "name": "Trainer", "asctime": "2026-04-16 15:31:53,168", "type": "train", "epoch": 0, "batch": 4559, "n_batches": 7774, "time": 2.735, "data_time": 0.0, "lr": 0.001, "loss": -11.983, "recon_loss": -12.546, "kld_loss": 56.32, "kld_weight": 0.01}
{"message": "", "levelname": "INFO", "name": "Trainer", "asctime": "2026-04-16 15:32:18,982", "type": "train", "epoch": 0, "batch": 4639, "n_batches": 7774, "time": 3.057, "data_time": 0.001, "lr": 0.001, "loss": -18.022, "recon_loss": -18.558, "kld_loss": 53.549, "kld_weight": 0.01}
{"message": "", "levelname": "INFO", "name": "Trainer", "asctime": "2026-04-16 15:32:47,536", "type": "train", "epoch": 0, "batch": 4719, "n_batches": 7774, "time": 2.759, "data_time": 0.001, "lr": 0.001, "loss": -21.037, "recon_loss": -21.704, "kld_loss": 66.675, "kld_weight": 0.01}
{"message": "", "levelname": "INFO", "name": "Trainer", "asctime": "2026-04-16 15:33:17,432", "type": "train", "epoch": 0, "batch": 4799, "n_batches": 7774, "time": 2.691, "data_time": 0.0, "lr": 0.001, "loss": -22.513, "recon_loss": -23.036, "kld_loss": 52.284, "kld_weight": 0.01}
{"message": "", "levelname": "INFO", "name": "Trainer", "asctime": "2026-04-16 15:33:50,991", "type": "train", "epoch": 0, "batch": 4879, "n_batches": 7774, "time": 3.081, "data_time": 0.0, "lr": 0.001, "loss": -17.748, "recon_loss": -18.36, "kld_loss": 61.162, "kld_weight": 0.01}
{"message": "", "levelname": "INFO", "name": "Trainer", "asctime": "2026-04-16 15:34:18,860", "type": "train", "epoch": 0, "batch": 4959, "n_batches": 7774, "time": 2.318, "data_time": 0.0, "lr": 0.001, "loss": -29.118, "recon_loss": -29.586, "kld_loss": 46.802, "kld_weight": 0.01}
{"message": "", "levelname": "INFO", "name": "Trainer", "asctime": "2026-04-16 15:34:46,034", "type": "train", "epoch": 0, "batch": 5039, "n_batches": 7774, "time": 3.11, "data_time": 0.001, "lr": 0.001, "loss": -23.485, "recon_loss": -24.0, "kld_loss": 51.544, "kld_weight": 0.01}
{"message": "", "levelname": "INFO", "name": "Trainer", "asctime": "2026-04-16 15:35:13,366", "type": "train", "epoch": 0, "batch": 5119, "n_batches": 7774, "time": 2.972, "data_time": 0.001, "lr": 0.001, "loss": -23.302, "recon_loss": -23.855, "kld_loss": 55.342, "kld_weight": 0.01}
{"message": "", "levelname": "INFO", "name": "Trainer", "asctime": "2026-04-16 15:35:41,153", "type": "train", "epoch": 0, "batch": 5199, "n_batches": 7774, "time": 2.49, "data_time": 0.0, "lr": 0.001, "loss": -21.882, "recon_loss": -22.457, "kld_loss": 57.548, "kld_weight": 0.01}
{"message": "", "levelname": "INFO", "name": "Trainer", "asctime": "2026-04-16 15:36:09,533", "type": "train", "epoch": 0, "batch": 5279, "n_batches": 7774, "time": 2.9, "data_time": 0.0, "lr": 0.001, "loss": -20.5, "recon_loss": -21.052, "kld_loss": 55.227, "kld_weight": 0.01}
{"message": "", "levelname": "INFO", "name": "Trainer", "asctime": "2026-04-16 15:36:36,775", "type": "train", "epoch": 0, "batch": 5359, "n_batches": 7774, "time": 3.052, "data_time": 0.001, "lr": 0.001, "loss": -20.046, "recon_loss": -20.744, "kld_loss": 69.832, "kld_weight": 0.01}
{"message": "", "levelname": "INFO", "name": "Trainer", "asctime": "2026-04-16 15:37:35,974", "type": "train", "epoch": 0, "batch": 5439, "n_batches": 7774, "time": 5.192, "data_time": 0.001, "lr": 0.001, "loss": -17.03, "recon_loss": -17.579, "kld_loss": 54.917, "kld_weight": 0.01}
{"message": "", "levelname": "INFO", "name": "Trainer", "asctime": "2026-04-16 15:38:05,265", "type": "train", "epoch": 0, "batch": 5519, "n_batches": 7774, "time": 2.848, "data_time": 0.0, "lr": 0.001, "loss": -22.069, "recon_loss": -22.565, "kld_loss": 49.628, "kld_weight": 0.01}
{"message": "", "levelname": "INFO", "name": "Trainer", "asctime": "2026-04-16 15:38:32,040", "type": "train", "epoch": 0, "batch": 5599, "n_batches": 7774, "time": 2.276, "data_time": 0.001, "lr": 0.001, "loss": -20.405, "recon_loss": -20.862, "kld_loss": 45.653, "kld_weight": 0.01}
{"message": "", "levelname": "INFO", "name": "Trainer", "asctime": "2026-04-16 15:39:38,954", "type": "train", "epoch": 0, "batch": 5679, "n_batches": 7774, "time": 7.76, "data_time": 0.001, "lr": 0.001, "loss": -22.606, "recon_loss": -23.062, "kld_loss": 45.595, "kld_weight": 0.01}
{"message": "", "levelname": "INFO", "name": "Trainer", "asctime": "2026-04-16 15:40:41,513", "type": "train", "epoch": 0, "batch": 5759, "n_batches": 7774, "time": 5.883, "data_time": 0.0, "lr": 0.001, "loss": -20.457, "recon_loss": -21.064, "kld_loss": 60.667, "kld_weight": 0.01}
{"message": "", "levelname": "INFO", "name": "Trainer", "asctime": "2026-04-16 15:41:25,417", "type": "train", "epoch": 0, "batch": 5839, "n_batches": 7774, "time": 2.492, "data_time": 0.0, "lr": 0.001, "loss": -21.511, "recon_loss": -22.008, "kld_loss": 49.713, "kld_weight": 0.01}
{"message": "", "levelname": "INFO", "name": "Trainer", "asctime": "2026-04-16 15:41:55,854", "type": "train", "epoch": 0, "batch": 5919, "n_batches": 7774, "time": 3.344, "data_time": 0.0, "lr": 0.001, "loss": -15.914, "recon_loss": -16.484, "kld_loss": 56.999, "kld_weight": 0.01}
{"message": "", "levelname": "INFO", "name": "Trainer", "asctime": "2026-04-16 15:42:25,394", "type": "train", "epoch": 0, "batch": 5999, "n_batches": 7774, "time": 3.329, "data_time": 0.0, "lr": 0.001, "loss": -23.018, "recon_loss": -23.59, "kld_loss": 57.204, "kld_weight": 0.01}
{"message": "", "levelname": "INFO", "name": "Trainer", "asctime": "2026-04-16 15:42:54,171", "type": "train", "epoch": 0, "batch": 6079, "n_batches": 7774, "time": 2.27, "data_time": 0.0, "lr": 0.001, "loss": -24.585, "recon_loss": -25.036, "kld_loss": 45.147, "kld_weight": 0.01}
{"message": "", "levelname": "INFO", "name": "Trainer", "asctime": "2026-04-16 15:43:23,001", "type": "train", "epoch": 0, "batch": 6159, "n_batches": 7774, "time": 2.034, "data_time": 0.0, "lr": 0.001, "loss": -23.042, "recon_loss": -23.633, "kld_loss": 59.07, "kld_weight": 0.01}
{"message": "", "levelname": "INFO", "name": "Trainer", "asctime": "2026-04-16 15:43:51,020", "type": "train", "epoch": 0, "batch": 6239, "n_batches": 7774, "time": 2.496, "data_time": 0.0, "lr": 0.001, "loss": -22.851, "recon_loss": -23.361, "kld_loss": 51.048, "kld_weight": 0.01}
{"message": "", "levelname": "INFO", "name": "Trainer", "asctime": "2026-04-16 15:44:18,079", "type": "train", "epoch": 0, "batch": 6319, "n_batches": 7774, "time": 3.181, "data_time": 0.001, "lr": 0.001, "loss": -20.611, "recon_loss": -21.087, "kld_loss": 47.579, "kld_weight": 0.01}
{"message": "", "levelname": "INFO", "name": "Trainer", "asctime": "2026-04-16 15:44:45,571", "type": "train", "epoch": 0, "batch": 6399, "n_batches": 7774, "time": 2.93, "data_time": 0.001, "lr": 0.001, "loss": -26.005, "recon_loss": -26.448, "kld_loss": 44.329, "kld_weight": 0.01}
{"message": "", "levelname": "INFO", "name": "Trainer", "asctime": "2026-04-16 15:45:13,002", "type": "train", "epoch": 0, "batch": 6479, "n_batches": 7774, "time": 2.507, "data_time": 0.001, "lr": 0.001, "loss": -23.57, "recon_loss": -24.078, "kld_loss": 50.839, "kld_weight": 0.01}
{"message": "", "levelname": "INFO", "name": "Trainer", "asctime": "2026-04-16 15:45:39,330", "type": "train", "epoch": 0, "batch": 6559, "n_batches": 7774, "time": 2.347, "data_time": 0.001, "lr": 0.001, "loss": -23.597, "recon_loss": -24.13, "kld_loss": 53.293, "kld_weight": 0.01}
{"message": "", "levelname": "INFO", "name": "Trainer", "asctime": "2026-04-16 15:46:08,329", "type": "train", "epoch": 0, "batch": 6639, "n_batches": 7774, "time": 2.43, "data_time": 0.001, "lr": 0.001, "loss": -16.567, "recon_loss": -17.145, "kld_loss": 57.768, "kld_weight": 0.01}
{"message": "", "levelname": "INFO", "name": "Trainer", "asctime": "2026-04-16 15:46:35,502", "type": "train", "epoch": 0, "batch": 6719, "n_batches": 7774, "time": 2.762, "data_time": 0.001, "lr": 0.001, "loss": -22.079, "recon_loss": -22.575, "kld_loss": 49.594, "kld_weight": 0.01}
{"message": "", "levelname": "INFO", "name": "Trainer", "asctime": "2026-04-16 15:47:09,836", "type": "train", "epoch": 0, "batch": 6799, "n_batches": 7774, "time": 2.735, "data_time": 0.001, "lr": 0.001, "loss": -20.229, "recon_loss": -20.778, "kld_loss": 54.89, "kld_weight": 0.01}
{"message": "", "levelname": "INFO", "name": "Trainer", "asctime": "2026-04-16 15:47:37,167", "type": "train", "epoch": 0, "batch": 6879, "n_batches": 7774, "time": 2.864, "data_time": 0.001, "lr": 0.001, "loss": -21.341, "recon_loss": -21.792, "kld_loss": 45.13, "kld_weight": 0.01}
{"message": "", "levelname": "INFO", "name": "Trainer", "asctime": "2026-04-16 15:48:38,605", "type": "train", "epoch": 0, "batch": 6959, "n_batches": 7774, "time": 9.871, "data_time": 0.001, "lr": 0.001, "loss": -24.35, "recon_loss": -24.848, "kld_loss": 49.852, "kld_weight": 0.01}
{"message": "", "levelname": "INFO", "name": "Trainer", "asctime": "2026-04-16 15:49:39,572", "type": "train", "epoch": 0, "batch": 7039, "n_batches": 7774, "time": 5.444, "data_time": 0.0, "lr": 0.001, "loss": -27.065, "recon_loss": -27.585, "kld_loss": 51.921, "kld_weight": 0.01}
{"message": "", "levelname": "INFO", "name": "Trainer", "asctime": "2026-04-16 15:50:27,087", "type": "train", "epoch": 0, "batch": 7119, "n_batches": 7774, "time": 2.912, "data_time": 0.001, "lr": 0.001, "loss": -23.356, "recon_loss": -23.864, "kld_loss": 50.759, "kld_weight": 0.01}
{"message": "", "levelname": "INFO", "name": "Trainer", "asctime": "2026-04-16 15:50:53,662", "type": "train", "epoch": 0, "batch": 7199, "n_batches": 7774, "time": 2.697, "data_time": 0.001, "lr": 0.001, "loss": -10.918, "recon_loss": -11.507, "kld_loss": 58.876, "kld_weight": 0.01}
{"message": "", "levelname": "INFO", "name": "Trainer", "asctime": "2026-04-16 15:51:21,162", "type": "train", "epoch": 0, "batch": 7279, "n_batches": 7774, "time": 2.234, "data_time": 0.0, "lr": 0.001, "loss": -25.883, "recon_loss": -26.343, "kld_loss": 45.964, "kld_weight": 0.01}
{"message": "", "levelname": "INFO", "name": "Trainer", "asctime": "2026-04-16 15:51:50,586", "type": "train", "epoch": 0, "batch": 7359, "n_batches": 7774, "time": 2.959, "data_time": 0.001, "lr": 0.001, "loss": -20.555, "recon_loss": -21.093, "kld_loss": 53.792, "kld_weight": 0.01}
{"message": "", "levelname": "INFO", "name": "Trainer", "asctime": "2026-04-16 15:52:17,552", "type": "train", "epoch": 0, "batch": 7439, "n_batches": 7774, "time": 2.211, "data_time": 0.0, "lr": 0.001, "loss": -24.195, "recon_loss": -24.882, "kld_loss": 68.676, "kld_weight": 0.01}
{"message": "", "levelname": "INFO", "name": "Trainer", "asctime": "2026-04-16 15:52:47,355", "type": "train", "epoch": 0, "batch": 7519, "n_batches": 7774, "time": 3.098, "data_time": 0.001, "lr": 0.001, "loss": -16.212, "recon_loss": -16.771, "kld_loss": 55.87, "kld_weight": 0.01}
{"message": "", "levelname": "INFO", "name": "Trainer", "asctime": "2026-04-16 15:53:13,328", "type": "train", "epoch": 0, "batch": 7599, "n_batches": 7774, "time": 3.314, "data_time": 0.001, "lr": 0.001, "loss": -24.831, "recon_loss": -25.339, "kld_loss": 50.765, "kld_weight": 0.01}
{"message": "", "levelname": "INFO", "name": "Trainer", "asctime": "2026-04-16 15:53:39,893", "type": "train", "epoch": 0, "batch": 7679, "n_batches": 7774, "time": 2.689, "data_time": 0.0, "lr": 0.001, "loss": -17.501, "recon_loss": -18.162, "kld_loss": 66.104, "kld_weight": 0.01}
{"message": "", "levelname": "INFO", "name": "Trainer", "asctime": "2026-04-16 15:54:34,574", "type": "train", "epoch": 0, "batch": 7759, "n_batches": 7774, "time": 7.057, "data_time": 0.001, "lr": 0.001, "loss": -27.461, "recon_loss": -27.921, "kld_loss": 45.912, "kld_weight": 0.01}
{"message": "", "levelname": "INFO", "name": "Trainer", "asctime": "2026-04-16 15:54:46,820", "type": "train-epoch", "epoch": 1, "loss": -2.17509, "recon_loss": -2.22497, "kld_loss": 4.98817, "kld_weight": 0.01, "time": 3285.3}
{"message": "", "levelname": "INFO", "name": "Trainer", "asctime": "2026-04-16 16:02:33,547", "type": "val-epoch", "epoch": 1, "loss": -3.119, "test_loss": 0.3, "recon_loss": -3.186, "kld_loss": 6.668, "kld_weight": 0.01, "note": "loss is teacher-forced CVAE objective; test_loss is prior-only reconstruction", "time": 466.7}
{"message": "", "levelname": "INFO", "name": "Trainer", "asctime": "2026-04-16 16:02:59,622", "type": "train", "epoch": 1, "batch": 79, "n_batches": 7774, "time": 2.173, "data_time": 0.001, "lr": 0.001, "loss": -24.768, "recon_loss": -25.924, "kld_loss": 57.824, "kld_weight": 0.02}
{"message": "", "levelname": "INFO", "name": "Trainer", "asctime": "2026-04-16 16:03:26,379", "type": "train", "epoch": 1, "batch": 159, "n_batches": 7774, "time": 2.315, "data_time": 0.0, "lr": 0.001, "loss": -25.555, "recon_loss": -26.387, "kld_loss": 41.61, "kld_weight": 0.02}
{"message": "", "levelname": "INFO", "name": "Trainer", "asctime": "2026-04-16 16:03:53,126", "type": "train", "epoch": 1, "batch": 239, "n_batches": 7774, "time": 2.349, "data_time": 0.001, "lr": 0.001, "loss": -23.492, "recon_loss": -24.376, "kld_loss": 44.246, "kld_weight": 0.02}
{"message": "", "levelname": "INFO", "name": "Trainer", "asctime": "2026-04-16 16:04:20,057", "type": "train", "epoch": 1, "batch": 319, "n_batches": 7774, "time": 2.837, "data_time": 0.0, "lr": 0.001, "loss": -19.572, "recon_loss": -20.489, "kld_loss": 45.844, "kld_weight": 0.02}
{"message": "", "levelname": "INFO", "name": "Trainer", "asctime": "2026-04-16 16:04:46,516", "type": "train", "epoch": 1, "batch": 399, "n_batches": 7774, "time": 2.517, "data_time": 0.001, "lr": 0.001, "loss": -24.879, "recon_loss": -26.063, "kld_loss": 59.166, "kld_weight": 0.02}
{"message": "", "levelname": "INFO", "name": "Trainer", "asctime": "2026-04-16 16:05:12,211", "type": "train", "epoch": 1, "batch": 479, "n_batches": 7774, "time": 2.87, "data_time": 0.0, "lr": 0.001, "loss": -25.883, "recon_loss": -26.636, "kld_loss": 37.626, "kld_weight": 0.02}
{"message": "", "levelname": "INFO", "name": "Trainer", "asctime": "2026-04-16 16:05:39,674", "type": "train", "epoch": 1, "batch": 559, "n_batches": 7774, "time": 2.851, "data_time": 0.001, "lr": 0.001, "loss": -21.05, "recon_loss": -22.023, "kld_loss": 48.673, "kld_weight": 0.02}
{"message": "", "levelname": "INFO", "name": "Trainer", "asctime": "2026-04-16 16:06:06,056", "type": "train", "epoch": 1, "batch": 639, "n_batches": 7774, "time": 3.098, "data_time": 0.001, "lr": 0.001, "loss": -20.494, "recon_loss": -21.48, "kld_loss": 49.278, "kld_weight": 0.02}
{"message": "", "levelname": "INFO", "name": "Trainer", "asctime": "2026-04-16 16:06:32,493", "type": "train", "epoch": 1, "batch": 719, "n_batches": 7774, "time": 2.856, "data_time": 0.001, "lr": 0.001, "loss": -18.204, "recon_loss": -19.264, "kld_loss": 53.011, "kld_weight": 0.02}
{"message": "", "levelname": "INFO", "name": "Trainer", "asctime": "2026-04-16 16:06:57,849", "type": "train", "epoch": 1, "batch": 799, "n_batches": 7774, "time": 3.385, "data_time": 0.001, "lr": 0.001, "loss": -23.541, "recon_loss": -24.326, "kld_loss": 39.268, "kld_weight": 0.02}
{"message": "", "levelname": "INFO", "name": "Trainer", "asctime": "2026-04-16 16:07:27,489", "type": "train", "epoch": 1, "batch": 879, "n_batches": 7774, "time": 3.298, "data_time": 0.0, "lr": 0.001, "loss": -26.747, "recon_loss": -27.487, "kld_loss": 36.982, "kld_weight": 0.02}
{"message": "", "levelname": "INFO", "name": "Trainer", "asctime": "2026-04-16 16:07:56,277", "type": "train", "epoch": 1, "batch": 959, "n_batches": 7774, "time": 3.651, "data_time": 0.001, "lr": 0.001, "loss": -19.111, "recon_loss": -19.88, "kld_loss": 38.448, "kld_weight": 0.02}
{"message": "", "levelname": "INFO", "name": "Trainer", "asctime": "2026-04-16 16:08:23,315", "type": "train", "epoch": 1, "batch": 1039, "n_batches": 7774, "time": 2.043, "data_time": 0.001, "lr": 0.001, "loss": -27.193, "recon_loss": -28.057, "kld_loss": 43.171, "kld_weight": 0.02}
{"message": "", "levelname": "INFO", "name": "Trainer", "asctime": "2026-04-16 16:08:48,260", "type": "train", "epoch": 1, "batch": 1119, "n_batches": 7774, "time": 2.816, "data_time": 0.001, "lr": 0.001, "loss": -20.197, "recon_loss": -21.073, "kld_loss": 43.819, "kld_weight": 0.02}
{"message": "", "levelname": "INFO", "name": "Trainer", "asctime": "2026-04-16 16:09:15,260", "type": "train", "epoch": 1, "batch": 1199, "n_batches": 7774, "time": 2.218, "data_time": 0.001, "lr": 0.001, "loss": -16.751, "recon_loss": -17.685, "kld_loss": 46.685, "kld_weight": 0.02}
{"message": "", "levelname": "INFO", "name": "Trainer", "asctime": "2026-04-16 16:09:40,733", "type": "train", "epoch": 1, "batch": 1279, "n_batches": 7774, "time": 1.896, "data_time": 0.0, "lr": 0.001, "loss": -22.863, "recon_loss": -23.628, "kld_loss": 38.244, "kld_weight": 0.02}
{"message": "", "levelname": "INFO", "name": "Trainer", "asctime": "2026-04-16 16:10:07,572", "type": "train", "epoch": 1, "batch": 1359, "n_batches": 7774, "time": 3.053, "data_time": 0.001, "lr": 0.001, "loss": -28.767, "recon_loss": -29.643, "kld_loss": 43.81, "kld_weight": 0.02}
{"message": "", "levelname": "INFO", "name": "Trainer", "asctime": "2026-04-16 16:10:33,810", "type": "train", "epoch": 1, "batch": 1439, "n_batches": 7774, "time": 2.1, "data_time": 0.0, "lr": 0.001, "loss": -27.033, "recon_loss": -27.949, "kld_loss": 45.786, "kld_weight": 0.02}
{"message": "", "levelname": "INFO", "name": "Trainer", "asctime": "2026-04-16 16:11:00,933", "type": "train", "epoch": 1, "batch": 1519, "n_batches": 7774, "time": 2.6, "data_time": 0.001, "lr": 0.001, "loss": -29.144, "recon_loss": -30.01, "kld_loss": 43.272, "kld_weight": 0.02}
{"message": "", "levelname": "INFO", "name": "Trainer", "asctime": "2026-04-16 16:11:25,817", "type": "train", "epoch": 1, "batch": 1599, "n_batches": 7774, "time": 2.734, "data_time": 0.001, "lr": 0.001, "loss": -18.727, "recon_loss": -19.56, "kld_loss": 41.636, "kld_weight": 0.02}
{"message": "", "levelname": "INFO", "name": "Trainer", "asctime": "2026-04-16 16:11:50,027", "type": "train", "epoch": 1, "batch": 1679, "n_batches": 7774, "time": 2.281, "data_time": 0.0, "lr": 0.001, "loss": -23.862, "recon_loss": -24.66, "kld_loss": 39.861, "kld_weight": 0.02}
{"message": "", "levelname": "INFO", "name": "Trainer", "asctime": "2026-04-16 16:12:15,113", "type": "train", "epoch": 1, "batch": 1759, "n_batches": 7774, "time": 2.687, "data_time": 0.0, "lr": 0.001, "loss": -16.65, "recon_loss": -17.745, "kld_loss": 54.742, "kld_weight": 0.02}
{"message": "", "levelname": "INFO", "name": "Trainer", "asctime": "2026-04-16 16:12:42,249", "type": "train", "epoch": 1, "batch": 1839, "n_batches": 7774, "time": 3.211, "data_time": 0.001, "lr": 0.001, "loss": -25.531, "recon_loss": -26.442, "kld_loss": 45.545, "kld_weight": 0.02}
{"message": "", "levelname": "INFO", "name": "Trainer", "asctime": "2026-04-16 16:13:08,168", "type": "train", "epoch": 1, "batch": 1919, "n_batches": 7774, "time": 2.385, "data_time": 0.001, "lr": 0.001, "loss": -22.964, "recon_loss": -23.873, "kld_loss": 45.476, "kld_weight": 0.02}
{"message": "", "levelname": "INFO", "name": "Trainer", "asctime": "2026-04-16 16:13:35,531", "type": "train", "epoch": 1, "batch": 1999, "n_batches": 7774, "time": 2.394, "data_time": 0.001, "lr": 0.001, "loss": -24.54, "recon_loss": -25.339, "kld_loss": 39.948, "kld_weight": 0.02}
{"message": "", "levelname": "INFO", "name": "Trainer", "asctime": "2026-04-16 16:14:00,709", "type": "train", "epoch": 1, "batch": 2079, "n_batches": 7774, "time": 2.672, "data_time": 0.001, "lr": 0.001, "loss": -23.458, "recon_loss": -24.428, "kld_loss": 48.468, "kld_weight": 0.02}
{"message": "", "levelname": "INFO", "name": "Trainer", "asctime": "2026-04-16 16:14:26,893", "type": "train", "epoch": 1, "batch": 2159, "n_batches": 7774, "time": 3.052, "data_time": 0.001, "lr": 0.001, "loss": -23.937, "recon_loss": -24.77, "kld_loss": 41.649, "kld_weight": 0.02}
{"message": "", "levelname": "INFO", "name": "Trainer", "asctime": "2026-04-16 16:14:53,847", "type": "train", "epoch": 1, "batch": 2239, "n_batches": 7774, "time": 2.799, "data_time": 0.001, "lr": 0.001, "loss": -26.754, "recon_loss": -27.53, "kld_loss": 38.794, "kld_weight": 0.02}
{"message": "", "levelname": "INFO", "name": "Trainer", "asctime": "2026-04-16 16:15:20,571", "type": "train", "epoch": 1, "batch": 2319, "n_batches": 7774, "time": 2.414, "data_time": 0.001, "lr": 0.001, "loss": -26.162, "recon_loss": -26.979, "kld_loss": 40.859, "kld_weight": 0.02}
{"message": "", "levelname": "INFO", "name": "Trainer", "asctime": "2026-04-16 16:15:46,962", "type": "train", "epoch": 1, "batch": 2399, "n_batches": 7774, "time": 2.93, "data_time": 0.001, "lr": 0.001, "loss": -22.573, "recon_loss": -23.367, "kld_loss": 39.677, "kld_weight": 0.02}
{"message": "", "levelname": "INFO", "name": "Trainer", "asctime": "2026-04-16 16:16:14,195", "type": "train", "epoch": 1, "batch": 2479, "n_batches": 7774, "time": 2.261, "data_time": 0.0, "lr": 0.001, "loss": -16.52, "recon_loss": -17.384, "kld_loss": 43.193, "kld_weight": 0.02}
{"message": "", "levelname": "INFO", "name": "Trainer", "asctime": "2026-04-16 16:16:42,150", "type": "train", "epoch": 1, "batch": 2559, "n_batches": 7774, "time": 2.918, "data_time": 0.001, "lr": 0.001, "loss": -23.017, "recon_loss": -23.881, "kld_loss": 43.224, "kld_weight": 0.02}
{"message": "", "levelname": "INFO", "name": "Trainer", "asctime": "2026-04-16 16:17:08,666", "type": "train", "epoch": 1, "batch": 2639, "n_batches": 7774, "time": 2.684, "data_time": 0.0, "lr": 0.001, "loss": -26.104, "recon_loss": -26.989, "kld_loss": 44.25, "kld_weight": 0.02}
{"message": "", "levelname": "INFO", "name": "Trainer", "asctime": "2026-04-16 16:17:34,841", "type": "train", "epoch": 1, "batch": 2719, "n_batches": 7774, "time": 2.514, "data_time": 0.0, "lr": 0.001, "loss": -25.684, "recon_loss": -26.585, "kld_loss": 45.054, "kld_weight": 0.02}
{"message": "", "levelname": "INFO", "name": "Trainer", "asctime": "2026-04-16 16:18:01,185", "type": "train", "epoch": 1, "batch": 2799, "n_batches": 7774, "time": 2.642, "data_time": 0.001, "lr": 0.001, "loss": -26.562, "recon_loss": -27.43, "kld_loss": 43.372, "kld_weight": 0.02}
{"message": "", "levelname": "INFO", "name": "Trainer", "asctime": "2026-04-16 16:18:27,579", "type": "train", "epoch": 1, "batch": 2879, "n_batches": 7774, "time": 2.51, "data_time": 0.001, "lr": 0.001, "loss": -25.003, "recon_loss": -25.76, "kld_loss": 37.848, "kld_weight": 0.02}
{"message": "", "levelname": "INFO", "name": "Trainer", "asctime": "2026-04-16 16:18:53,228", "type": "train", "epoch": 1, "batch": 2959, "n_batches": 7774, "time": 2.427, "data_time": 0.0, "lr": 0.001, "loss": -23.28, "recon_loss": -24.088, "kld_loss": 40.374, "kld_weight": 0.02}
{"message": "", "levelname": "INFO", "name": "Trainer", "asctime": "2026-04-16 16:19:18,995", "type": "train", "epoch": 1, "batch": 3039, "n_batches": 7774, "time": 2.589, "data_time": 0.001, "lr": 0.001, "loss": -20.587, "recon_loss": -21.48, "kld_loss": 44.639, "kld_weight": 0.02}
{"message": "", "levelname": "INFO", "name": "Trainer", "asctime": "2026-04-16 16:19:44,157", "type": "train", "epoch": 1, "batch": 3119, "n_batches": 7774, "time": 2.433, "data_time": 0.0, "lr": 0.001, "loss": -23.683, "recon_loss": -24.524, "kld_loss": 42.069, "kld_weight": 0.02}
{"message": "", "levelname": "INFO", "name": "Trainer", "asctime": "2026-04-16 16:20:10,193", "type": "train", "epoch": 1, "batch": 3199, "n_batches": 7774, "time": 3.318, "data_time": 0.001, "lr": 0.001, "loss": -26.859, "recon_loss": -27.709, "kld_loss": 42.469, "kld_weight": 0.02}
{"message": "", "levelname": "INFO", "name": "Trainer", "asctime": "2026-04-16 16:20:37,230", "type": "train", "epoch": 1, "batch": 3279, "n_batches": 7774, "time": 2.414, "data_time": 0.001, "lr": 0.001, "loss": -26.76, "recon_loss": -27.569, "kld_loss": 40.44, "kld_weight": 0.02}
{"message": "", "levelname": "INFO", "name": "Trainer", "asctime": "2026-04-16 16:21:02,153", "type": "train", "epoch": 1, "batch": 3359, "n_batches": 7774, "time": 2.468, "data_time": 0.0, "lr": 0.001, "loss": -22.715, "recon_loss": -23.6, "kld_loss": 44.234, "kld_weight": 0.02}
{"message": "", "levelname": "INFO", "name": "Trainer", "asctime": "2026-04-16 16:21:27,725", "type": "train", "epoch": 1, "batch": 3439, "n_batches": 7774, "time": 3.094, "data_time": 0.001, "lr": 0.001, "loss": -20.871, "recon_loss": -21.604, "kld_loss": 36.624, "kld_weight": 0.02}
{"message": "", "levelname": "INFO", "name": "Trainer", "asctime": "2026-04-16 16:21:54,815", "type": "train", "epoch": 1, "batch": 3519, "n_batches": 7774, "time": 3.357, "data_time": 0.001, "lr": 0.001, "loss": -26.265, "recon_loss": -27.046, "kld_loss": 39.045, "kld_weight": 0.02}
{"message": "", "levelname": "INFO", "name": "Trainer", "asctime": "2026-04-16 16:22:21,853", "type": "train", "epoch": 1, "batch": 3599, "n_batches": 7774, "time": 2.158, "data_time": 0.0, "lr": 0.001, "loss": -25.954, "recon_loss": -26.724, "kld_loss": 38.515, "kld_weight": 0.02}
{"message": "", "levelname": "INFO", "name": "Trainer", "asctime": "2026-04-16 16:22:45,858", "type": "train", "epoch": 1, "batch": 3679, "n_batches": 7774, "time": 2.466, "data_time": 0.0, "lr": 0.001, "loss": -32.314, "recon_loss": -33.076, "kld_loss": 38.082, "kld_weight": 0.02}
{"message": "", "levelname": "INFO", "name": "Trainer", "asctime": "2026-04-16 16:23:10,219", "type": "train", "epoch": 1, "batch": 3759, "n_batches": 7774, "time": 3.247, "data_time": 0.0, "lr": 0.001, "loss": -16.53, "recon_loss": -17.44, "kld_loss": 45.494, "kld_weight": 0.02}
{"message": "", "levelname": "INFO", "name": "Trainer", "asctime": "2026-04-16 16:23:38,862", "type": "train", "epoch": 1, "batch": 3839, "n_batches": 7774, "time": 2.168, "data_time": 0.001, "lr": 0.001, "loss": -22.648, "recon_loss": -23.59, "kld_loss": 47.146, "kld_weight": 0.02}
{"message": "", "levelname": "INFO", "name": "Trainer", "asctime": "2026-04-16 16:24:04,382", "type": "train", "epoch": 1, "batch": 3919, "n_batches": 7774, "time": 2.345, "data_time": 0.0, "lr": 0.001, "loss": -25.999, "recon_loss": -27.064, "kld_loss": 53.263, "kld_weight": 0.02}
{"message": "", "levelname": "INFO", "name": "Trainer", "asctime": "2026-04-16 16:24:28,552", "type": "train", "epoch": 1, "batch": 3999, "n_batches": 7774, "time": 2.766, "data_time": 0.001, "lr": 0.001, "loss": -25.112, "recon_loss": -25.94, "kld_loss": 41.408, "kld_weight": 0.02}
{"message": "", "levelname": "INFO", "name": "Trainer", "asctime": "2026-04-16 16:24:54,618", "type": "train", "epoch": 1, "batch": 4079, "n_batches": 7774, "time": 2.321, "data_time": 0.001, "lr": 0.001, "loss": -21.085, "recon_loss": -22.052, "kld_loss": 48.368, "kld_weight": 0.02}
{"message": "", "levelname": "INFO", "name": "Trainer", "asctime": "2026-04-16 16:25:20,776", "type": "train", "epoch": 1, "batch": 4159, "n_batches": 7774, "time": 2.976, "data_time": 0.001, "lr": 0.001, "loss": -24.649, "recon_loss": -25.513, "kld_loss": 43.159, "kld_weight": 0.02}
{"message": "", "levelname": "INFO", "name": "Trainer", "asctime": "2026-04-16 16:25:49,021", "type": "train", "epoch": 1, "batch": 4239, "n_batches": 7774, "time": 2.186, "data_time": 0.0, "lr": 0.001, "loss": -30.046, "recon_loss": -30.772, "kld_loss": 36.321, "kld_weight": 0.02}
{"message": "", "levelname": "INFO", "name": "Trainer", "asctime": "2026-04-16 16:26:15,828", "type": "train", "epoch": 1, "batch": 4319, "n_batches": 7774, "time": 2.564, "data_time": 0.001, "lr": 0.001, "loss": -28.715, "recon_loss": -29.655, "kld_loss": 47.016, "kld_weight": 0.02}
{"message": "", "levelname": "INFO", "name": "Trainer", "asctime": "2026-04-16 16:26:40,964", "type": "train", "epoch": 1, "batch": 4399, "n_batches": 7774, "time": 2.929, "data_time": 0.001, "lr": 0.001, "loss": -22.979, "recon_loss": -23.992, "kld_loss": 50.668, "kld_weight": 0.02}
{"message": "", "levelname": "INFO", "name": "Trainer", "asctime": "2026-04-16 16:27:08,589", "type": "train", "epoch": 1, "batch": 4479, "n_batches": 7774, "time": 2.916, "data_time": 0.0, "lr": 0.001, "loss": -25.926, "recon_loss": -26.782, "kld_loss": 42.843, "kld_weight": 0.02}
{"message": "", "levelname": "INFO", "name": "Trainer", "asctime": "2026-04-16 16:27:35,892", "type": "train", "epoch": 1, "batch": 4559, "n_batches": 7774, "time": 2.94, "data_time": 0.001, "lr": 0.001, "loss": -26.677, "recon_loss": -27.66, "kld_loss": 49.174, "kld_weight": 0.02}
{"message": "", "levelname": "INFO", "name": "Trainer", "asctime": "2026-04-16 16:28:01,019", "type": "train", "epoch": 1, "batch": 4639, "n_batches": 7774, "time": 2.124, "data_time": 0.001, "lr": 0.001, "loss": -25.512, "recon_loss": -26.356, "kld_loss": 42.234, "kld_weight": 0.02}
{"message": "", "levelname": "INFO", "name": "Trainer", "asctime": "2026-04-16 16:28:27,921", "type": "train", "epoch": 1, "batch": 4719, "n_batches": 7774, "time": 3.077, "data_time": 0.0, "lr": 0.001, "loss": -19.166, "recon_loss": -20.151, "kld_loss": 49.262, "kld_weight": 0.02}
{"message": "", "levelname": "INFO", "name": "Trainer", "asctime": "2026-04-16 16:28:55,878", "type": "train", "epoch": 1, "batch": 4799, "n_batches": 7774, "time": 3.159, "data_time": 0.0, "lr": 0.001, "loss": -22.422, "recon_loss": -23.244, "kld_loss": 41.108, "kld_weight": 0.02}
{"message": "", "levelname": "INFO", "name": "Trainer", "asctime": "2026-04-16 16:29:24,068", "type": "train", "epoch": 1, "batch": 4879, "n_batches": 7774, "time": 2.863, "data_time": 0.001, "lr": 0.001, "loss": -18.002, "recon_loss": -18.837, "kld_loss": 41.739, "kld_weight": 0.02}
{"message": "", "levelname": "INFO", "name": "Trainer", "asctime": "2026-04-16 16:29:50,427", "type": "train", "epoch": 1, "batch": 4959, "n_batches": 7774, "time": 2.991, "data_time": 0.0, "lr": 0.001, "loss": -17.866, "recon_loss": -18.692, "kld_loss": 41.34, "kld_weight": 0.02}
{"message": "", "levelname": "INFO", "name": "Trainer", "asctime": "2026-04-16 16:30:14,786", "type": "train", "epoch": 1, "batch": 5039, "n_batches": 7774, "time": 2.51, "data_time": 0.0, "lr": 0.001, "loss": -22.582, "recon_loss": -23.605, "kld_loss": 51.172, "kld_weight": 0.02}
{"message": "", "levelname": "INFO", "name": "Trainer", "asctime": "2026-04-16 16:30:41,924", "type": "train", "epoch": 1, "batch": 5119, "n_batches": 7774, "time": 2.264, "data_time": 0.001, "lr": 0.001, "loss": -26.051, "recon_loss": -26.862, "kld_loss": 40.556, "kld_weight": 0.02}
{"message": "", "levelname": "INFO", "name": "Trainer", "asctime": "2026-04-16 16:31:10,580", "type": "train", "epoch": 1, "batch": 5199, "n_batches": 7774, "time": 3.363, "data_time": 0.001, "lr": 0.001, "loss": -23.209, "recon_loss": -24.08, "kld_loss": 43.56, "kld_weight": 0.02}
{"message": "", "levelname": "INFO", "name": "Trainer", "asctime": "2026-04-16 16:31:37,772", "type": "train", "epoch": 1, "batch": 5279, "n_batches": 7774, "time": 2.001, "data_time": 0.001, "lr": 0.001, "loss": -30.109, "recon_loss": -31.029, "kld_loss": 45.997, "kld_weight": 0.02}
{"message": "", "levelname": "INFO", "name": "Trainer", "asctime": "2026-04-16 16:32:06,246", "type": "train", "epoch": 1, "batch": 5359, "n_batches": 7774, "time": 3.119, "data_time": 0.001, "lr": 0.001, "loss": -25.029, "recon_loss": -25.842, "kld_loss": 40.635, "kld_weight": 0.02}
{"message": "", "levelname": "INFO", "name": "Trainer", "asctime": "2026-04-16 16:32:32,467", "type": "train", "epoch": 1, "batch": 5439, "n_batches": 7774, "time": 3.524, "data_time": 0.001, "lr": 0.001, "loss": -25.388, "recon_loss": -26.211, "kld_loss": 41.135, "kld_weight": 0.02}
{"message": "", "levelname": "INFO", "name": "Trainer", "asctime": "2026-04-16 16:32:57,235", "type": "train", "epoch": 1, "batch": 5519, "n_batches": 7774, "time": 2.362, "data_time": 0.001, "lr": 0.001, "loss": -27.9, "recon_loss": -28.827, "kld_loss": 46.325, "kld_weight": 0.02}
{"message": "", "levelname": "INFO", "name": "Trainer", "asctime": "2026-04-16 16:33:24,533", "type": "train", "epoch": 1, "batch": 5599, "n_batches": 7774, "time": 2.266, "data_time": 0.0, "lr": 0.001, "loss": -25.454, "recon_loss": -26.3, "kld_loss": 42.298, "kld_weight": 0.02}
{"message": "", "levelname": "INFO", "name": "Trainer", "asctime": "2026-04-16 16:33:48,811", "type": "train", "epoch": 1, "batch": 5679, "n_batches": 7774, "time": 2.262, "data_time": 0.0, "lr": 0.001, "loss": -26.665, "recon_loss": -27.535, "kld_loss": 43.508, "kld_weight": 0.02}
{"message": "", "levelname": "INFO", "name": "Trainer", "asctime": "2026-04-16 16:34:19,103", "type": "train", "epoch": 1, "batch": 5759, "n_batches": 7774, "time": 3.374, "data_time": 0.001, "lr": 0.001, "loss": -21.444, "recon_loss": -22.283, "kld_loss": 41.921, "kld_weight": 0.02}
{"message": "", "levelname": "INFO", "name": "Trainer", "asctime": "2026-04-16 16:34:46,557", "type": "train", "epoch": 1, "batch": 5839, "n_batches": 7774, "time": 3.269, "data_time": 0.001, "lr": 0.001, "loss": -20.443, "recon_loss": -21.407, "kld_loss": 48.198, "kld_weight": 0.02}
{"message": "", "levelname": "INFO", "name": "Trainer", "asctime": "2026-04-16 16:35:11,808", "type": "train", "epoch": 1, "batch": 5919, "n_batches": 7774, "time": 2.183, "data_time": 0.001, "lr": 0.001, "loss": -26.597, "recon_loss": -27.419, "kld_loss": 41.093, "kld_weight": 0.02}
{"message": "", "levelname": "INFO", "name": "Trainer", "asctime": "2026-04-16 16:35:38,251", "type": "train", "epoch": 1, "batch": 5999, "n_batches": 7774, "time": 2.464, "data_time": 0.0, "lr": 0.001, "loss": -23.965, "recon_loss": -24.8, "kld_loss": 41.756, "kld_weight": 0.02}
{"message": "", "levelname": "INFO", "name": "Trainer", "asctime": "2026-04-16 16:36:04,056", "type": "train", "epoch": 1, "batch": 6079, "n_batches": 7774, "time": 2.728, "data_time": 0.001, "lr": 0.001, "loss": -26.523, "recon_loss": -27.349, "kld_loss": 41.279, "kld_weight": 0.02}
{"message": "", "levelname": "INFO", "name": "Trainer", "asctime": "2026-04-16 16:36:28,674", "type": "train", "epoch": 1, "batch": 6159, "n_batches": 7774, "time": 2.262, "data_time": 0.001, "lr": 0.001, "loss": -26.304, "recon_loss": -27.243, "kld_loss": 46.958, "kld_weight": 0.02}
{"message": "", "levelname": "INFO", "name": "Trainer", "asctime": "2026-04-16 16:36:56,236", "type": "train", "epoch": 1, "batch": 6239, "n_batches": 7774, "time": 2.293, "data_time": 0.0, "lr": 0.001, "loss": -17.302, "recon_loss": -18.197, "kld_loss": 44.785, "kld_weight": 0.02}
{"message": "", "levelname": "INFO", "name": "Trainer", "asctime": "2026-04-16 16:37:24,759", "type": "train", "epoch": 1, "batch": 6319, "n_batches": 7774, "time": 2.658, "data_time": 0.0, "lr": 0.001, "loss": -27.55, "recon_loss": -28.293, "kld_loss": 37.192, "kld_weight": 0.02}
{"message": "", "levelname": "INFO", "name": "Trainer", "asctime": "2026-04-16 16:37:52,085", "type": "train", "epoch": 1, "batch": 6399, "n_batches": 7774, "time": 2.67, "data_time": 0.001, "lr": 0.001, "loss": -22.307, "recon_loss": -23.134, "kld_loss": 41.344, "kld_weight": 0.02}
{"message": "", "levelname": "INFO", "name": "Trainer", "asctime": "2026-04-16 16:38:19,104", "type": "train", "epoch": 1, "batch": 6479, "n_batches": 7774, "time": 2.529, "data_time": 0.001, "lr": 0.001, "loss": -18.801, "recon_loss": -19.719, "kld_loss": 45.873, "kld_weight": 0.02}
{"message": "", "levelname": "INFO", "name": "Trainer", "asctime": "2026-04-16 16:38:44,500", "type": "train", "epoch": 1, "batch": 6559, "n_batches": 7774, "time": 1.876, "data_time": 0.0, "lr": 0.001, "loss": -23.53, "recon_loss": -24.354, "kld_loss": 41.206, "kld_weight": 0.02}
{"message": "", "levelname": "INFO", "name": "Trainer", "asctime": "2026-04-16 16:39:10,682", "type": "train", "epoch": 1, "batch": 6639, "n_batches": 7774, "time": 3.104, "data_time": 0.001, "lr": 0.001, "loss": -24.42, "recon_loss": -25.206, "kld_loss": 39.286, "kld_weight": 0.02}
{"message": "", "levelname": "INFO", "name": "Trainer", "asctime": "2026-04-16 16:39:38,122", "type": "train", "epoch": 1, "batch": 6719, "n_batches": 7774, "time": 3.2, "data_time": 0.001, "lr": 0.001, "loss": -27.164, "recon_loss": -27.98, "kld_loss": 40.789, "kld_weight": 0.02}
{"message": "", "levelname": "INFO", "name": "Trainer", "asctime": "2026-04-16 16:40:03,605", "type": "train", "epoch": 1, "batch": 6799, "n_batches": 7774, "time": 3.172, "data_time": 0.0, "lr": 0.001, "loss": -23.592, "recon_loss": -24.397, "kld_loss": 40.245, "kld_weight": 0.02}
{"message": "", "levelname": "INFO", "name": "Trainer", "asctime": "2026-04-16 16:40:30,673", "type": "train", "epoch": 1, "batch": 6879, "n_batches": 7774, "time": 2.947, "data_time": 0.0, "lr": 0.001, "loss": -19.372, "recon_loss": -20.331, "kld_loss": 47.966, "kld_weight": 0.02}
{"message": "", "levelname": "INFO", "name": "Trainer", "asctime": "2026-04-16 16:40:56,114", "type": "train", "epoch": 1, "batch": 6959, "n_batches": 7774, "time": 2.987, "data_time": 0.001, "lr": 0.001, "loss": -19.453, "recon_loss": -20.421, "kld_loss": 48.364, "kld_weight": 0.02}
{"message": "", "levelname": "INFO", "name": "Trainer", "asctime": "2026-04-16 16:41:20,294", "type": "train", "epoch": 1, "batch": 7039, "n_batches": 7774, "time": 2.015, "data_time": 0.0, "lr": 0.001, "loss": -23.755, "recon_loss": -24.649, "kld_loss": 44.699, "kld_weight": 0.02}
{"message": "", "levelname": "INFO", "name": "Trainer", "asctime": "2026-04-16 16:41:48,730", "type": "train", "epoch": 1, "batch": 7119, "n_batches": 7774, "time": 3.888, "data_time": 0.001, "lr": 0.001, "loss": -22.128, "recon_loss": -23.034, "kld_loss": 45.286, "kld_weight": 0.02}
{"message": "", "levelname": "INFO", "name": "Trainer", "asctime": "2026-04-16 16:42:14,213", "type": "train", "epoch": 1, "batch": 7199, "n_batches": 7774, "time": 2.799, "data_time": 0.001, "lr": 0.001, "loss": -21.092, "recon_loss": -22.29, "kld_loss": 59.914, "kld_weight": 0.02}
{"message": "", "levelname": "INFO", "name": "Trainer", "asctime": "2026-04-16 16:42:40,439", "type": "train", "epoch": 1, "batch": 7279, "n_batches": 7774, "time": 2.205, "data_time": 0.0, "lr": 0.001, "loss": -22.823, "recon_loss": -23.755, "kld_loss": 46.592, "kld_weight": 0.02}
{"message": "", "levelname": "INFO", "name": "Trainer", "asctime": "2026-04-16 16:43:06,405", "type": "train", "epoch": 1, "batch": 7359, "n_batches": 7774, "time": 2.54, "data_time": 0.0, "lr": 0.001, "loss": -20.596, "recon_loss": -21.505, "kld_loss": 45.491, "kld_weight": 0.02}
{"message": "", "levelname": "INFO", "name": "Trainer", "asctime": "2026-04-16 16:43:31,848", "type": "train", "epoch": 1, "batch": 7439, "n_batches": 7774, "time": 2.797, "data_time": 0.001, "lr": 0.001, "loss": -19.796, "recon_loss": -20.62, "kld_loss": 41.245, "kld_weight": 0.02}
{"message": "", "levelname": "INFO", "name": "Trainer", "asctime": "2026-04-16 16:43:57,487", "type": "train", "epoch": 1, "batch": 7519, "n_batches": 7774, "time": 2.123, "data_time": 0.001, "lr": 0.001, "loss": -24.648, "recon_loss": -25.455, "kld_loss": 40.306, "kld_weight": 0.02}
{"message": "", "levelname": "INFO", "name": "Trainer", "asctime": "2026-04-16 16:44:25,963", "type": "train", "epoch": 1, "batch": 7599, "n_batches": 7774, "time": 2.784, "data_time": 0.001, "lr": 0.001, "loss": -16.122, "recon_loss": -16.998, "kld_loss": 43.824, "kld_weight": 0.02}
{"message": "", "levelname": "INFO", "name": "Trainer", "asctime": "2026-04-16 16:44:53,312", "type": "train", "epoch": 1, "batch": 7679, "n_batches": 7774, "time": 2.602, "data_time": 0.001, "lr": 0.001, "loss": -23.757, "recon_loss": -24.7, "kld_loss": 47.172, "kld_weight": 0.02}
{"message": "", "levelname": "INFO", "name": "Trainer", "asctime": "2026-04-16 16:45:18,440", "type": "train", "epoch": 1, "batch": 7759, "n_batches": 7774, "time": 2.204, "data_time": 0.001, "lr": 0.001, "loss": -21.842, "recon_loss": -22.714, "kld_loss": 43.598, "kld_weight": 0.02}
{"message": "", "levelname": "INFO", "name": "Trainer", "asctime": "2026-04-16 16:45:23,605", "type": "train-epoch", "epoch": 2, "loss": -2.88157, "recon_loss": -2.99158, "kld_loss": 5.50067, "kld_weight": 0.02, "time": 2570.1}
{"message": "", "levelname": "INFO", "name": "Trainer", "asctime": "2026-04-16 16:52:11,601", "type": "val-epoch", "epoch": 2, "loss": -3.125, "test_loss": 0.211, "recon_loss": -3.232, "kld_loss": 5.373, "kld_weight": 0.02, "note": "loss is teacher-forced CVAE objective; test_loss is prior-only reconstruction", "time": 408.0}
{"message": "", "levelname": "INFO", "name": "Trainer", "asctime": "2026-04-16 16:52:38,979", "type": "train", "epoch": 2, "batch": 79, "n_batches": 7774, "time": 2.381, "data_time": 0.001, "lr": 0.001, "loss": -20.776, "recon_loss": -22.059, "kld_loss": 42.768, "kld_weight": 0.03}
{"message": "", "levelname": "INFO", "name": "Trainer", "asctime": "2026-04-16 16:53:04,568", "type": "train", "epoch": 2, "batch": 159, "n_batches": 7774, "time": 2.786, "data_time": 0.001, "lr": 0.001, "loss": -17.079, "recon_loss": -18.303, "kld_loss": 40.81, "kld_weight": 0.03}
{"message": "", "levelname": "INFO", "name": "Trainer", "asctime": "2026-04-16 16:53:30,687", "type": "train", "epoch": 2, "batch": 239, "n_batches": 7774, "time": 1.855, "data_time": 0.001, "lr": 0.001, "loss": -20.481, "recon_loss": -21.767, "kld_loss": 42.88, "kld_weight": 0.03}
{"message": "", "levelname": "INFO", "name": "Trainer", "asctime": "2026-04-16 16:53:56,338", "type": "train", "epoch": 2, "batch": 319, "n_batches": 7774, "time": 2.558, "data_time": 0.001, "lr": 0.001, "loss": -26.82, "recon_loss": -27.939, "kld_loss": 37.311, "kld_weight": 0.03}
{"message": "", "levelname": "INFO", "name": "Trainer", "asctime": "2026-04-16 16:54:22,016", "type": "train", "epoch": 2, "batch": 399, "n_batches": 7774, "time": 2.771, "data_time": 0.001, "lr": 0.001, "loss": -22.207, "recon_loss": -23.415, "kld_loss": 40.259, "kld_weight": 0.03}
{"message": "", "levelname": "INFO", "name": "Trainer", "asctime": "2026-04-16 16:54:47,704", "type": "train", "epoch": 2, "batch": 479, "n_batches": 7774, "time": 2.53, "data_time": 0.001, "lr": 0.001, "loss": -22.64, "recon_loss": -24.089, "kld_loss": 48.305, "kld_weight": 0.03}
{"message": "", "levelname": "INFO", "name": "Trainer", "asctime": "2026-04-16 16:55:15,221", "type": "train", "epoch": 2, "batch": 559, "n_batches": 7774, "time": 2.541, "data_time": 0.0, "lr": 0.001, "loss": -21.541, "recon_loss": -22.757, "kld_loss": 40.523, "kld_weight": 0.03}
{"message": "", "levelname": "INFO", "name": "Trainer", "asctime": "2026-04-16 16:55:40,609", "type": "train", "epoch": 2, "batch": 639, "n_batches": 7774, "time": 2.185, "data_time": 0.0, "lr": 0.001, "loss": -17.425, "recon_loss": -18.645, "kld_loss": 40.666, "kld_weight": 0.03}
{"message": "", "levelname": "INFO", "name": "Trainer", "asctime": "2026-04-16 16:56:04,733", "type": "train", "epoch": 2, "batch": 719, "n_batches": 7774, "time": 1.799, "data_time": 0.001, "lr": 0.001, "loss": -26.74, "recon_loss": -27.78, "kld_loss": 34.668, "kld_weight": 0.03}
{"message": "", "levelname": "INFO", "name": "Trainer", "asctime": "2026-04-16 16:56:32,301", "type": "train", "epoch": 2, "batch": 799, "n_batches": 7774, "time": 3.44, "data_time": 0.001, "lr": 0.001, "loss": -20.582, "recon_loss": -21.74, "kld_loss": 38.595, "kld_weight": 0.03}
{"message": "", "levelname": "INFO", "name": "Trainer", "asctime": "2026-04-16 16:56:58,880", "type": "train", "epoch": 2, "batch": 879, "n_batches": 7774, "time": 2.361, "data_time": 0.001, "lr": 0.001, "loss": -25.242, "recon_loss": -26.967, "kld_loss": 57.495, "kld_weight": 0.03}
{"message": "", "levelname": "INFO", "name": "Trainer", "asctime": "2026-04-16 16:57:24,922", "type": "train", "epoch": 2, "batch": 959, "n_batches": 7774, "time": 2.975, "data_time": 0.001, "lr": 0.001, "loss": -13.203, "recon_loss": -14.356, "kld_loss": 38.419, "kld_weight": 0.03}
{"message": "", "levelname": "INFO", "name": "Trainer", "asctime": "2026-04-16 16:57:50,383", "type": "train", "epoch": 2, "batch": 1039, "n_batches": 7774, "time": 2.316, "data_time": 0.001, "lr": 0.001, "loss": -29.136, "recon_loss": -30.248, "kld_loss": 37.047, "kld_weight": 0.03}
{"message": "", "levelname": "INFO", "name": "Trainer", "asctime": "2026-04-16 16:58:16,304", "type": "train", "epoch": 2, "batch": 1119, "n_batches": 7774, "time": 2.223, "data_time": 0.001, "lr": 0.001, "loss": -18.406, "recon_loss": -19.922, "kld_loss": 50.528, "kld_weight": 0.03}
{"message": "", "levelname": "INFO", "name": "Trainer", "asctime": "2026-04-16 16:58:42,028", "type": "train", "epoch": 2, "batch": 1199, "n_batches": 7774, "time": 3.001, "data_time": 0.001, "lr": 0.001, "loss": -31.533, "recon_loss": -32.856, "kld_loss": 44.107, "kld_weight": 0.03}
{"message": "", "levelname": "INFO", "name": "Trainer", "asctime": "2026-04-16 16:59:09,639", "type": "train", "epoch": 2, "batch": 1279, "n_batches": 7774, "time": 2.95, "data_time": 0.001, "lr": 0.001, "loss": -25.862, "recon_loss": -27.005, "kld_loss": 38.08, "kld_weight": 0.03}
{"message": "", "levelname": "INFO", "name": "Trainer", "asctime": "2026-04-16 16:59:37,084", "type": "train", "epoch": 2, "batch": 1359, "n_batches": 7774, "time": 2.521, "data_time": 0.001, "lr": 0.001, "loss": -13.422, "recon_loss": -14.76, "kld_loss": 44.581, "kld_weight": 0.03}
{"message": "", "levelname": "INFO", "name": "Trainer", "asctime": "2026-04-16 17:00:04,553", "type": "train", "epoch": 2, "batch": 1439, "n_batches": 7774, "time": 2.514, "data_time": 0.001, "lr": 0.001, "loss": -28.615, "recon_loss": -29.774, "kld_loss": 38.635, "kld_weight": 0.03}
{"message": "", "levelname": "INFO", "name": "Trainer", "asctime": "2026-04-16 17:00:31,544", "type": "train", "epoch": 2, "batch": 1519, "n_batches": 7774, "time": 2.885, "data_time": 0.001, "lr": 0.001, "loss": -16.445, "recon_loss": -17.775, "kld_loss": 44.322, "kld_weight": 0.03}
{"message": "", "levelname": "INFO", "name": "Trainer", "asctime": "2026-04-16 17:00:58,243", "type": "train", "epoch": 2, "batch": 1599, "n_batches": 7774, "time": 2.818, "data_time": 0.001, "lr": 0.001, "loss": -22.58, "recon_loss": -23.787, "kld_loss": 40.235, "kld_weight": 0.03}
{"message": "", "levelname": "INFO", "name": "Trainer", "asctime": "2026-04-16 17:01:25,235", "type": "train", "epoch": 2, "batch": 1679, "n_batches": 7774, "time": 2.368, "data_time": 0.001, "lr": 0.001, "loss": -22.898, "recon_loss": -24.112, "kld_loss": 40.464, "kld_weight": 0.03}
{"message": "", "levelname": "INFO", "name": "Trainer", "asctime": "2026-04-16 17:01:51,199", "type": "train", "epoch": 2, "batch": 1759, "n_batches": 7774, "time": 3.432, "data_time": 0.001, "lr": 0.001, "loss": -20.543, "recon_loss": -21.701, "kld_loss": 38.6, "kld_weight": 0.03}
{"message": "", "levelname": "INFO", "name": "Trainer", "asctime": "2026-04-16 17:02:18,458", "type": "train", "epoch": 2, "batch": 1839, "n_batches": 7774, "time": 2.8, "data_time": 0.0, "lr": 0.001, "loss": -23.683, "recon_loss": -24.858, "kld_loss": 39.188, "kld_weight": 0.03}
{"message": "", "levelname": "INFO", "name": "Trainer", "asctime": "2026-04-16 17:02:46,242", "type": "train", "epoch": 2, "batch": 1919, "n_batches": 7774, "time": 2.654, "data_time": 0.001, "lr": 0.001, "loss": -15.172, "recon_loss": -16.354, "kld_loss": 39.425, "kld_weight": 0.03}
{"message": "", "levelname": "INFO", "name": "Trainer", "asctime": "2026-04-16 17:03:11,721", "type": "train", "epoch": 2, "batch": 1999, "n_batches": 7774, "time": 2.279, "data_time": 0.0, "lr": 0.001, "loss": -24.396, "recon_loss": -25.733, "kld_loss": 44.566, "kld_weight": 0.03}
{"message": "", "levelname": "INFO", "name": "Trainer", "asctime": "2026-04-16 17:03:38,621", "type": "train", "epoch": 2, "batch": 2079, "n_batches": 7774, "time": 2.75, "data_time": 0.0, "lr": 0.001, "loss": -21.775, "recon_loss": -22.902, "kld_loss": 37.566, "kld_weight": 0.03}
{"message": "", "levelname": "INFO", "name": "Trainer", "asctime": "2026-04-16 17:04:05,266", "type": "train", "epoch": 2, "batch": 2159, "n_batches": 7774, "time": 2.146, "data_time": 0.001, "lr": 0.001, "loss": -16.276, "recon_loss": -17.705, "kld_loss": 47.632, "kld_weight": 0.03}
{"message": "", "levelname": "INFO", "name": "Trainer", "asctime": "2026-04-16 17:04:30,591", "type": "train", "epoch": 2, "batch": 2239, "n_batches": 7774, "time": 2.861, "data_time": 0.001, "lr": 0.001, "loss": -24.02, "recon_loss": -25.197, "kld_loss": 39.244, "kld_weight": 0.03}
{"message": "", "levelname": "INFO", "name": "Trainer", "asctime": "2026-04-16 17:04:59,552", "type": "train", "epoch": 2, "batch": 2319, "n_batches": 7774, "time": 2.518, "data_time": 0.001, "lr": 0.001, "loss": -24.599, "recon_loss": -25.762, "kld_loss": 38.78, "kld_weight": 0.03}
{"message": "", "levelname": "INFO", "name": "Trainer", "asctime": "2026-04-16 17:05:27,180", "type": "train", "epoch": 2, "batch": 2399, "n_batches": 7774, "time": 2.528, "data_time": 0.0, "lr": 0.001, "loss": -20.895, "recon_loss": -22.096, "kld_loss": 40.028, "kld_weight": 0.03}
{"message": "", "levelname": "INFO", "name": "Trainer", "asctime": "2026-04-16 17:05:55,148", "type": "train", "epoch": 2, "batch": 2479, "n_batches": 7774, "time": 2.926, "data_time": 0.001, "lr": 0.001, "loss": -22.601, "recon_loss": -23.833, "kld_loss": 41.081, "kld_weight": 0.03}
{"message": "", "levelname": "INFO", "name": "Trainer", "asctime": "2026-04-16 17:06:21,868", "type": "train", "epoch": 2, "batch": 2559, "n_batches": 7774, "time": 2.533, "data_time": 0.0, "lr": 0.001, "loss": -20.173, "recon_loss": -21.372, "kld_loss": 39.947, "kld_weight": 0.03}
{"message": "", "levelname": "INFO", "name": "Trainer", "asctime": "2026-04-16 17:06:47,704", "type": "train", "epoch": 2, "batch": 2639, "n_batches": 7774, "time": 3.079, "data_time": 0.001, "lr": 0.001, "loss": -25.851, "recon_loss": -27.246, "kld_loss": 46.475, "kld_weight": 0.03}
{"message": "", "levelname": "INFO", "name": "Trainer", "asctime": "2026-04-16 17:07:13,354", "type": "train", "epoch": 2, "batch": 2719, "n_batches": 7774, "time": 2.156, "data_time": 0.0, "lr": 0.001, "loss": -20.165, "recon_loss": -21.388, "kld_loss": 40.74, "kld_weight": 0.03}
{"message": "", "levelname": "INFO", "name": "Trainer", "asctime": "2026-04-16 17:07:39,847", "type": "train", "epoch": 2, "batch": 2799, "n_batches": 7774, "time": 2.643, "data_time": 0.001, "lr": 0.001, "loss": -22.071, "recon_loss": -23.366, "kld_loss": 43.162, "kld_weight": 0.03}
{"message": "", "levelname": "INFO", "name": "Trainer", "asctime": "2026-04-16 17:08:06,547", "type": "train", "epoch": 2, "batch": 2879, "n_batches": 7774, "time": 3.563, "data_time": 0.001, "lr": 0.001, "loss": -23.394, "recon_loss": -24.82, "kld_loss": 47.527, "kld_weight": 0.03}
{"message": "", "levelname": "INFO", "name": "Trainer", "asctime": "2026-04-16 17:08:33,578", "type": "train", "epoch": 2, "batch": 2959, "n_batches": 7774, "time": 2.223, "data_time": 0.0, "lr": 0.001, "loss": -24.615, "recon_loss": -25.719, "kld_loss": 36.785, "kld_weight": 0.03}
{"message": "", "levelname": "INFO", "name": "Trainer", "asctime": "2026-04-16 17:08:59,861", "type": "train", "epoch": 2, "batch": 3039, "n_batches": 7774, "time": 1.853, "data_time": 0.0, "lr": 0.001, "loss": -22.916, "recon_loss": -24.071, "kld_loss": 38.485, "kld_weight": 0.03}
{"message": "", "levelname": "INFO", "name": "Trainer", "asctime": "2026-04-16 17:09:25,207", "type": "train", "epoch": 2, "batch": 3119, "n_batches": 7774, "time": 2.837, "data_time": 0.001, "lr": 0.001, "loss": -26.315, "recon_loss": -27.626, "kld_loss": 43.71, "kld_weight": 0.03}
{"message": "", "levelname": "INFO", "name": "Trainer", "asctime": "2026-04-16 17:09:52,815", "type": "train", "epoch": 2, "batch": 3199, "n_batches": 7774, "time": 3.358, "data_time": 0.001, "lr": 0.001, "loss": -27.081, "recon_loss": -28.307, "kld_loss": 40.869, "kld_weight": 0.03}
{"message": "", "levelname": "INFO", "name": "Trainer", "asctime": "2026-04-16 17:10:18,217", "type": "train", "epoch": 2, "batch": 3279, "n_batches": 7774, "time": 3.099, "data_time": 0.001, "lr": 0.001, "loss": -19.717, "recon_loss": -21.418, "kld_loss": 56.724, "kld_weight": 0.03}
{"message": "", "levelname": "INFO", "name": "Trainer", "asctime": "2026-04-16 17:10:46,015", "type": "train", "epoch": 2, "batch": 3359, "n_batches": 7774, "time": 3.11, "data_time": 0.001, "lr": 0.001, "loss": -18.69, "recon_loss": -19.96, "kld_loss": 42.34, "kld_weight": 0.03}
{"message": "", "levelname": "INFO", "name": "Trainer", "asctime": "2026-04-16 17:11:13,260", "type": "train", "epoch": 2, "batch": 3439, "n_batches": 7774, "time": 2.703, "data_time": 0.0, "lr": 0.001, "loss": -21.718, "recon_loss": -23.011, "kld_loss": 43.129, "kld_weight": 0.03}
{"message": "", "levelname": "INFO", "name": "Trainer", "asctime": "2026-04-16 17:11:36,797", "type": "train", "epoch": 2, "batch": 3519, "n_batches": 7774, "time": 2.296, "data_time": 0.0, "lr": 0.001, "loss": -22.371, "recon_loss": -23.528, "kld_loss": 38.573, "kld_weight": 0.03}
{"message": "", "levelname": "INFO", "name": "Trainer", "asctime": "2026-04-16 17:12:01,789", "type": "train", "epoch": 2, "batch": 3599, "n_batches": 7774, "time": 2.902, "data_time": 0.001, "lr": 0.001, "loss": -24.234, "recon_loss": -25.601, "kld_loss": 45.566, "kld_weight": 0.03}
{"message": "", "levelname": "INFO", "name": "Trainer", "asctime": "2026-04-16 17:12:28,834", "type": "train", "epoch": 2, "batch": 3679, "n_batches": 7774, "time": 2.716, "data_time": 0.0, "lr": 0.001, "loss": -28.875, "recon_loss": -30.037, "kld_loss": 38.74, "kld_weight": 0.03}
{"message": "", "levelname": "INFO", "name": "Trainer", "asctime": "2026-04-16 17:12:54,982", "type": "train", "epoch": 2, "batch": 3759, "n_batches": 7774, "time": 2.753, "data_time": 0.0, "lr": 0.001, "loss": -23.627, "recon_loss": -24.808, "kld_loss": 39.377, "kld_weight": 0.03}
{"message": "", "levelname": "INFO", "name": "Trainer", "asctime": "2026-04-16 17:13:20,472", "type": "train", "epoch": 2, "batch": 3839, "n_batches": 7774, "time": 2.077, "data_time": 0.0, "lr": 0.001, "loss": -26.712, "recon_loss": -27.922, "kld_loss": 40.332, "kld_weight": 0.03}
{"message": "", "levelname": "INFO", "name": "Trainer", "asctime": "2026-04-16 17:13:48,442", "type": "train", "epoch": 2, "batch": 3919, "n_batches": 7774, "time": 2.511, "data_time": 0.001, "lr": 0.001, "loss": -26.298, "recon_loss": -27.629, "kld_loss": 44.391, "kld_weight": 0.03}
{"message": "", "levelname": "INFO", "name": "Trainer", "asctime": "2026-04-16 17:14:15,701", "type": "train", "epoch": 2, "batch": 3999, "n_batches": 7774, "time": 3.427, "data_time": 0.001, "lr": 0.001, "loss": -20.51, "recon_loss": -21.86, "kld_loss": 45.0, "kld_weight": 0.03}
{"message": "", "levelname": "INFO", "name": "Trainer", "asctime": "2026-04-16 17:14:43,025", "type": "train", "epoch": 2, "batch": 4079, "n_batches": 7774, "time": 3.03, "data_time": 0.001, "lr": 0.001, "loss": -25.089, "recon_loss": -26.246, "kld_loss": 38.571, "kld_weight": 0.03}
{"message": "", "levelname": "INFO", "name": "Trainer", "asctime": "2026-04-16 17:15:09,252", "type": "train", "epoch": 2, "batch": 4159, "n_batches": 7774, "time": 3.125, "data_time": 0.001, "lr": 0.001, "loss": -22.483, "recon_loss": -23.749, "kld_loss": 42.191, "kld_weight": 0.03}
{"message": "", "levelname": "INFO", "name": "Trainer", "asctime": "2026-04-16 17:15:37,218", "type": "train", "epoch": 2, "batch": 4239, "n_batches": 7774, "time": 1.978, "data_time": 0.0, "lr": 0.001, "loss": -22.922, "recon_loss": -24.248, "kld_loss": 44.203, "kld_weight": 0.03}
{"message": "", "levelname": "INFO", "name": "Trainer", "asctime": "2026-04-16 17:16:03,091", "type": "train", "epoch": 2, "batch": 4319, "n_batches": 7774, "time": 2.573, "data_time": 0.001, "lr": 0.001, "loss": -10.361, "recon_loss": -12.176, "kld_loss": 60.508, "kld_weight": 0.03}
{"message": "", "levelname": "INFO", "name": "Trainer", "asctime": "2026-04-16 17:16:27,368", "type": "train", "epoch": 2, "batch": 4399, "n_batches": 7774, "time": 2.357, "data_time": 0.0, "lr": 0.001, "loss": -26.332, "recon_loss": -27.668, "kld_loss": 44.547, "kld_weight": 0.03}
{"message": "", "levelname": "INFO", "name": "Trainer", "asctime": "2026-04-16 17:16:54,543", "type": "train", "epoch": 2, "batch": 4479, "n_batches": 7774, "time": 2.861, "data_time": 0.001, "lr": 0.001, "loss": -25.541, "recon_loss": -26.875, "kld_loss": 44.477, "kld_weight": 0.03}
{"message": "", "levelname": "INFO", "name": "Trainer", "asctime": "2026-04-16 17:17:20,306", "type": "train", "epoch": 2, "batch": 4559, "n_batches": 7774, "time": 2.924, "data_time": 0.001, "lr": 0.001, "loss": -25.41, "recon_loss": -26.591, "kld_loss": 39.35, "kld_weight": 0.03}
{"message": "", "levelname": "INFO", "name": "Trainer", "asctime": "2026-04-16 17:17:48,652", "type": "train", "epoch": 2, "batch": 4639, "n_batches": 7774, "time": 3.432, "data_time": 0.001, "lr": 0.001, "loss": -24.51, "recon_loss": -25.676, "kld_loss": 38.874, "kld_weight": 0.03}
{"message": "", "levelname": "INFO", "name": "Trainer", "asctime": "2026-04-16 17:18:15,435", "type": "train", "epoch": 2, "batch": 4719, "n_batches": 7774, "time": 2.996, "data_time": 0.0, "lr": 0.001, "loss": -27.919, "recon_loss": -29.114, "kld_loss": 39.852, "kld_weight": 0.03}
{"message": "", "levelname": "INFO", "name": "Trainer", "asctime": "2026-04-16 17:18:37,610", "type": "train", "epoch": 2, "batch": 4799, "n_batches": 7774, "time": 1.835, "data_time": 0.0, "lr": 0.001, "loss": -21.002, "recon_loss": -22.322, "kld_loss": 44.009, "kld_weight": 0.03}
{"message": "", "levelname": "INFO", "name": "Trainer", "asctime": "2026-04-16 17:19:03,902", "type": "train", "epoch": 2, "batch": 4879, "n_batches": 7774, "time": 3.165, "data_time": 0.001, "lr": 0.001, "loss": -21.599, "recon_loss": -22.748, "kld_loss": 38.317, "kld_weight": 0.03}
{"message": "", "levelname": "INFO", "name": "Trainer", "asctime": "2026-04-16 17:19:30,951", "type": "train", "epoch": 2, "batch": 4959, "n_batches": 7774, "time": 2.862, "data_time": 0.001, "lr": 0.001, "loss": -23.751, "recon_loss": -24.936, "kld_loss": 39.515, "kld_weight": 0.03}
{"message": "", "levelname": "INFO", "name": "Trainer", "asctime": "2026-04-16 17:19:58,211", "type": "train", "epoch": 2, "batch": 5039, "n_batches": 7774, "time": 2.261, "data_time": 0.0, "lr": 0.001, "loss": -23.007, "recon_loss": -24.195, "kld_loss": 39.599, "kld_weight": 0.03}
{"message": "", "levelname": "INFO", "name": "Trainer", "asctime": "2026-04-16 17:20:26,715", "type": "train", "epoch": 2, "batch": 5119, "n_batches": 7774, "time": 3.105, "data_time": 0.0, "lr": 0.001, "loss": -24.469, "recon_loss": -26.052, "kld_loss": 52.76, "kld_weight": 0.03}
{"message": "", "levelname": "INFO", "name": "Trainer", "asctime": "2026-04-16 17:20:51,198", "type": "train", "epoch": 2, "batch": 5199, "n_batches": 7774, "time": 2.143, "data_time": 0.0, "lr": 0.001, "loss": -22.674, "recon_loss": -24.021, "kld_loss": 44.884, "kld_weight": 0.03}
{"message": "", "levelname": "INFO", "name": "Trainer", "asctime": "2026-04-16 17:21:19,038", "type": "train", "epoch": 2, "batch": 5279, "n_batches": 7774, "time": 2.292, "data_time": 0.001, "lr": 0.001, "loss": -22.396, "recon_loss": -23.588, "kld_loss": 39.732, "kld_weight": 0.03}
{"message": "", "levelname": "INFO", "name": "Trainer", "asctime": "2026-04-16 17:21:44,931", "type": "train", "epoch": 2, "batch": 5359, "n_batches": 7774, "time": 2.479, "data_time": 0.001, "lr": 0.001, "loss": -23.014, "recon_loss": -24.184, "kld_loss": 39.011, "kld_weight": 0.03}
{"message": "", "levelname": "INFO", "name": "Trainer", "asctime": "2026-04-16 17:22:10,755", "type": "train", "epoch": 2, "batch": 5439, "n_batches": 7774, "time": 3.185, "data_time": 0.001, "lr": 0.001, "loss": -24.538, "recon_loss": -25.881, "kld_loss": 44.762, "kld_weight": 0.03}
{"message": "", "levelname": "INFO", "name": "Trainer", "asctime": "2026-04-16 17:22:39,525", "type": "train", "epoch": 2, "batch": 5519, "n_batches": 7774, "time": 3.152, "data_time": 0.001, "lr": 0.001, "loss": -24.909, "recon_loss": -26.357, "kld_loss": 48.271, "kld_weight": 0.03}
{"message": "", "levelname": "INFO", "name": "Trainer", "asctime": "2026-04-16 17:23:05,619", "type": "train", "epoch": 2, "batch": 5599, "n_batches": 7774, "time": 2.756, "data_time": 0.0, "lr": 0.001, "loss": -23.887, "recon_loss": -25.026, "kld_loss": 37.992, "kld_weight": 0.03}
{"message": "", "levelname": "INFO", "name": "Trainer", "asctime": "2026-04-16 17:23:30,940", "type": "train", "epoch": 2, "batch": 5679, "n_batches": 7774, "time": 1.708, "data_time": 0.001, "lr": 0.001, "loss": -30.534, "recon_loss": -31.823, "kld_loss": 42.966, "kld_weight": 0.03}
{"message": "", "levelname": "INFO", "name": "Trainer", "asctime": "2026-04-16 17:23:55,275", "type": "train", "epoch": 2, "batch": 5759, "n_batches": 7774, "time": 2.738, "data_time": 0.0, "lr": 0.001, "loss": -21.957, "recon_loss": -23.247, "kld_loss": 42.994, "kld_weight": 0.03}
{"message": "", "levelname": "INFO", "name": "Trainer", "asctime": "2026-04-16 17:24:24,611", "type": "train", "epoch": 2, "batch": 5839, "n_batches": 7774, "time": 2.871, "data_time": 0.001, "lr": 0.001, "loss": -22.311, "recon_loss": -23.715, "kld_loss": 46.777, "kld_weight": 0.03}
{"message": "", "levelname": "INFO", "name": "Trainer", "asctime": "2026-04-16 17:24:51,265", "type": "train", "epoch": 2, "batch": 5919, "n_batches": 7774, "time": 2.473, "data_time": 0.001, "lr": 0.001, "loss": -21.543, "recon_loss": -22.737, "kld_loss": 39.782, "kld_weight": 0.03}
{"message": "", "levelname": "INFO", "name": "Trainer", "asctime": "2026-04-16 17:25:18,386", "type": "train", "epoch": 2, "batch": 5999, "n_batches": 7774, "time": 2.833, "data_time": 0.001, "lr": 0.001, "loss": -24.709, "recon_loss": -25.948, "kld_loss": 41.275, "kld_weight": 0.03}
{"message": "", "levelname": "INFO", "name": "Trainer", "asctime": "2026-04-16 17:25:47,559", "type": "train", "epoch": 2, "batch": 6079, "n_batches": 7774, "time": 2.619, "data_time": 0.0, "lr": 0.001, "loss": -21.36, "recon_loss": -22.522, "kld_loss": 38.735, "kld_weight": 0.03}
{"message": "", "levelname": "INFO", "name": "Trainer", "asctime": "2026-04-16 17:26:12,978", "type": "train", "epoch": 2, "batch": 6159, "n_batches": 7774, "time": 2.928, "data_time": 0.001, "lr": 0.001, "loss": -26.645, "recon_loss": -27.929, "kld_loss": 42.796, "kld_weight": 0.03}
{"message": "", "levelname": "INFO", "name": "Trainer", "asctime": "2026-04-16 17:26:38,086", "type": "train", "epoch": 2, "batch": 6239, "n_batches": 7774, "time": 2.714, "data_time": 0.0, "lr": 0.001, "loss": -26.472, "recon_loss": -27.748, "kld_loss": 42.537, "kld_weight": 0.03}
{"message": "", "levelname": "INFO", "name": "Trainer", "asctime": "2026-04-16 17:27:04,339", "type": "train", "epoch": 2, "batch": 6319, "n_batches": 7774, "time": 2.563, "data_time": 0.001, "lr": 0.001, "loss": -25.083, "recon_loss": -26.367, "kld_loss": 42.778, "kld_weight": 0.03}
{"message": "", "levelname": "INFO", "name": "Trainer", "asctime": "2026-04-16 17:27:31,698", "type": "train", "epoch": 2, "batch": 6399, "n_batches": 7774, "time": 2.874, "data_time": 0.0, "lr": 0.001, "loss": -19.733, "recon_loss": -21.006, "kld_loss": 42.444, "kld_weight": 0.03}
{"message": "", "levelname": "INFO", "name": "Trainer", "asctime": "2026-04-16 17:27:58,569", "type": "train", "epoch": 2, "batch": 6479, "n_batches": 7774, "time": 2.191, "data_time": 0.0, "lr": 0.001, "loss": -27.777, "recon_loss": -29.051, "kld_loss": 42.476, "kld_weight": 0.03}
{"message": "", "levelname": "INFO", "name": "Trainer", "asctime": "2026-04-16 17:28:27,888", "type": "train", "epoch": 2, "batch": 6559, "n_batches": 7774, "time": 2.875, "data_time": 0.0, "lr": 0.001, "loss": -25.076, "recon_loss": -26.403, "kld_loss": 44.234, "kld_weight": 0.03}
{"message": "", "levelname": "INFO", "name": "Trainer", "asctime": "2026-04-16 17:28:55,824", "type": "train", "epoch": 2, "batch": 6639, "n_batches": 7774, "time": 2.83, "data_time": 0.001, "lr": 0.001, "loss": -26.237, "recon_loss": -27.597, "kld_loss": 45.341, "kld_weight": 0.03}
{"message": "", "levelname": "INFO", "name": "Trainer", "asctime": "2026-04-16 17:29:20,467", "type": "train", "epoch": 2, "batch": 6719, "n_batches": 7774, "time": 2.589, "data_time": 0.001, "lr": 0.001, "loss": -23.52, "recon_loss": -24.907, "kld_loss": 46.262, "kld_weight": 0.03}
{"message": "", "levelname": "INFO", "name": "Trainer", "asctime": "2026-04-16 17:29:46,980", "type": "train", "epoch": 2, "batch": 6799, "n_batches": 7774, "time": 2.294, "data_time": 0.0, "lr": 0.001, "loss": -27.615, "recon_loss": -28.957, "kld_loss": 44.726, "kld_weight": 0.03}
{"message": "", "levelname": "INFO", "name": "Trainer", "asctime": "2026-04-16 17:30:14,618", "type": "train", "epoch": 2, "batch": 6879, "n_batches": 7774, "time": 2.718, "data_time": 0.0, "lr": 0.001, "loss": -19.037, "recon_loss": -20.156, "kld_loss": 37.302, "kld_weight": 0.03}
{"message": "", "levelname": "INFO", "name": "Trainer", "asctime": "2026-04-16 17:30:41,464", "type": "train", "epoch": 2, "batch": 6959, "n_batches": 7774, "time": 2.226, "data_time": 0.0, "lr": 0.001, "loss": -25.073, "recon_loss": -26.422, "kld_loss": 44.969, "kld_weight": 0.03}
{"message": "", "levelname": "INFO", "name": "Trainer", "asctime": "2026-04-16 17:31:07,210", "type": "train", "epoch": 2, "batch": 7039, "n_batches": 7774, "time": 1.807, "data_time": 0.0, "lr": 0.001, "loss": -27.74, "recon_loss": -29.137, "kld_loss": 46.55, "kld_weight": 0.03}
{"message": "", "levelname": "INFO", "name": "Trainer", "asctime": "2026-04-16 17:31:33,448", "type": "train", "epoch": 2, "batch": 7119, "n_batches": 7774, "time": 2.648, "data_time": 0.001, "lr": 0.001, "loss": -19.726, "recon_loss": -21.067, "kld_loss": 44.692, "kld_weight": 0.03}
{"message": "", "levelname": "INFO", "name": "Trainer", "asctime": "2026-04-16 17:32:02,045", "type": "train", "epoch": 2, "batch": 7199, "n_batches": 7774, "time": 3.325, "data_time": 0.001, "lr": 0.001, "loss": -26.319, "recon_loss": -27.637, "kld_loss": 43.938, "kld_weight": 0.03}
{"message": "", "levelname": "INFO", "name": "Trainer", "asctime": "2026-04-16 17:32:30,129", "type": "train", "epoch": 2, "batch": 7279, "n_batches": 7774, "time": 2.506, "data_time": 0.0, "lr": 0.001, "loss": -19.668, "recon_loss": -20.836, "kld_loss": 38.934, "kld_weight": 0.03}
{"message": "", "levelname": "INFO", "name": "Trainer", "asctime": "2026-04-16 17:32:55,737", "type": "train", "epoch": 2, "batch": 7359, "n_batches": 7774, "time": 2.596, "data_time": 0.0, "lr": 0.001, "loss": -25.204, "recon_loss": -26.402, "kld_loss": 39.949, "kld_weight": 0.03}
{"message": "", "levelname": "INFO", "name": "Trainer", "asctime": "2026-04-16 17:33:21,520", "type": "train", "epoch": 2, "batch": 7439, "n_batches": 7774, "time": 3.087, "data_time": 0.0, "lr": 0.001, "loss": -23.675, "recon_loss": -25.02, "kld_loss": 44.824, "kld_weight": 0.03}
{"message": "", "levelname": "INFO", "name": "Trainer", "asctime": "2026-04-16 17:33:48,207", "type": "train", "epoch": 2, "batch": 7519, "n_batches": 7774, "time": 2.333, "data_time": 0.001, "lr": 0.001, "loss": -27.063, "recon_loss": -28.897, "kld_loss": 61.138, "kld_weight": 0.03}
{"message": "", "levelname": "INFO", "name": "Trainer", "asctime": "2026-04-16 17:34:13,811", "type": "train", "epoch": 2, "batch": 7599, "n_batches": 7774, "time": 2.176, "data_time": 0.0, "lr": 0.001, "loss": -23.837, "recon_loss": -25.074, "kld_loss": 41.243, "kld_weight": 0.03}
{"message": "", "levelname": "INFO", "name": "Trainer", "asctime": "2026-04-16 17:34:40,650", "type": "train", "epoch": 2, "batch": 7679, "n_batches": 7774, "time": 2.422, "data_time": 0.001, "lr": 0.001, "loss": -23.64, "recon_loss": -25.135, "kld_loss": 49.836, "kld_weight": 0.03}
{"message": "", "levelname": "INFO", "name": "Trainer", "asctime": "2026-04-16 17:35:07,323", "type": "train", "epoch": 2, "batch": 7759, "n_batches": 7774, "time": 1.803, "data_time": 0.001, "lr": 0.001, "loss": -24.054, "recon_loss": -25.337, "kld_loss": 42.771, "kld_weight": 0.03}
{"message": "", "levelname": "INFO", "name": "Trainer", "asctime": "2026-04-16 17:35:12,148", "type": "train-epoch", "epoch": 3, "loss": -2.90067, "recon_loss": -3.05999, "kld_loss": 5.31056, "kld_weight": 0.03, "time": 2580.5}
{"message": "", "levelname": "INFO", "name": "Trainer", "asctime": "2026-04-16 17:45:44,761", "type": "val-epoch", "epoch": 3, "loss": -2.97, "test_loss": 0.246, "recon_loss": -3.126, "kld_loss": 5.199, "kld_weight": 0.03, "note": "loss is teacher-forced CVAE objective; test_loss is prior-only reconstruction", "time": 632.6}
{"message": "", "levelname": "INFO", "name": "Trainer", "asctime": "2026-04-16 17:46:11,948", "type": "train", "epoch": 3, "batch": 79, "n_batches": 7774, "time": 2.324, "data_time": 0.001, "lr": 0.001, "loss": -21.176, "recon_loss": -23.04, "kld_loss": 46.59, "kld_weight": 0.04}
{"message": "", "levelname": "INFO", "name": "Trainer", "asctime": "2026-04-16 17:46:39,680", "type": "train", "epoch": 3, "batch": 159, "n_batches": 7774, "time": 2.475, "data_time": 0.001, "lr": 0.001, "loss": -23.401, "recon_loss": -25.136, "kld_loss": 43.366, "kld_weight": 0.04}
{"message": "", "levelname": "INFO", "name": "Trainer", "asctime": "2026-04-16 17:47:05,397", "type": "train", "epoch": 3, "batch": 239, "n_batches": 7774, "time": 2.639, "data_time": 0.001, "lr": 0.001, "loss": -28.449, "recon_loss": -29.961, "kld_loss": 37.811, "kld_weight": 0.04}
{"message": "", "levelname": "INFO", "name": "Trainer", "asctime": "2026-04-16 17:47:34,419", "type": "train", "epoch": 3, "batch": 319, "n_batches": 7774, "time": 3.126, "data_time": 0.001, "lr": 0.001, "loss": -26.397, "recon_loss": -28.073, "kld_loss": 41.883, "kld_weight": 0.04}
{"message": "", "levelname": "INFO", "name": "Trainer", "asctime": "2026-04-16 17:48:04,259", "type": "train", "epoch": 3, "batch": 399, "n_batches": 7774, "time": 3.489, "data_time": 0.001, "lr": 0.001, "loss": -20.283, "recon_loss": -22.28, "kld_loss": 49.927, "kld_weight": 0.04}
{"message": "", "levelname": "INFO", "name": "Trainer", "asctime": "2026-04-16 17:48:32,792", "type": "train", "epoch": 3, "batch": 479, "n_batches": 7774, "time": 3.28, "data_time": 0.0, "lr": 0.001, "loss": -18.111, "recon_loss": -19.679, "kld_loss": 39.183, "kld_weight": 0.04}
{"message": "", "levelname": "INFO", "name": "Trainer", "asctime": "2026-04-16 17:48:58,484", "type": "train", "epoch": 3, "batch": 559, "n_batches": 7774, "time": 2.485, "data_time": 0.001, "lr": 0.001, "loss": -21.991, "recon_loss": -23.554, "kld_loss": 39.063, "kld_weight": 0.04}
{"message": "", "levelname": "INFO", "name": "Trainer", "asctime": "2026-04-16 17:49:27,164", "type": "train", "epoch": 3, "batch": 639, "n_batches": 7774, "time": 2.223, "data_time": 0.0, "lr": 0.001, "loss": -22.43, "recon_loss": -23.81, "kld_loss": 34.492, "kld_weight": 0.04}
{"message": "", "levelname": "INFO", "name": "Trainer", "asctime": "2026-04-16 17:49:56,324", "type": "train", "epoch": 3, "batch": 719, "n_batches": 7774, "time": 2.642, "data_time": 0.0, "lr": 0.001, "loss": -27.048, "recon_loss": -28.709, "kld_loss": 41.528, "kld_weight": 0.04}
{"message": "", "levelname": "INFO", "name": "Trainer", "asctime": "2026-04-16 17:50:21,333", "type": "train", "epoch": 3, "batch": 799, "n_batches": 7774, "time": 2.246, "data_time": 0.001, "lr": 0.001, "loss": -24.231, "recon_loss": -25.808, "kld_loss": 39.439, "kld_weight": 0.04}
{"message": "", "levelname": "INFO", "name": "Trainer", "asctime": "2026-04-16 17:50:50,755", "type": "train", "epoch": 3, "batch": 879, "n_batches": 7774, "time": 3.633, "data_time": 0.001, "lr": 0.001, "loss": -17.424, "recon_loss": -19.125, "kld_loss": 42.545, "kld_weight": 0.04}
{"message": "", "levelname": "INFO", "name": "Trainer", "asctime": "2026-04-16 17:51:20,866", "type": "train", "epoch": 3, "batch": 959, "n_batches": 7774, "time": 2.956, "data_time": 0.001, "lr": 0.001, "loss": -26.989, "recon_loss": -28.627, "kld_loss": 40.949, "kld_weight": 0.04}
{"message": "", "levelname": "INFO", "name": "Trainer", "asctime": "2026-04-16 17:51:48,436", "type": "train", "epoch": 3, "batch": 1039, "n_batches": 7774, "time": 2.649, "data_time": 0.001, "lr": 0.001, "loss": -24.588, "recon_loss": -26.116, "kld_loss": 38.189, "kld_weight": 0.04}
{"message": "", "levelname": "INFO", "name": "Trainer", "asctime": "2026-04-16 17:52:18,134", "type": "train", "epoch": 3, "batch": 1119, "n_batches": 7774, "time": 3.156, "data_time": 0.001, "lr": 0.001, "loss": -24.23, "recon_loss": -25.929, "kld_loss": 42.479, "kld_weight": 0.04}
{"message": "", "levelname": "INFO", "name": "Trainer", "asctime": "2026-04-16 17:52:47,022", "type": "train", "epoch": 3, "batch": 1199, "n_batches": 7774, "time": 2.384, "data_time": 0.001, "lr": 0.001, "loss": -31.951, "recon_loss": -33.555, "kld_loss": 40.113, "kld_weight": 0.04}
{"message": "", "levelname": "INFO", "name": "Trainer", "asctime": "2026-04-16 17:53:17,560", "type": "train", "epoch": 3, "batch": 1279, "n_batches": 7774, "time": 3.679, "data_time": 0.001, "lr": 0.001, "loss": -31.062, "recon_loss": -32.666, "kld_loss": 40.115, "kld_weight": 0.04}
{"message": "", "levelname": "INFO", "name": "Trainer", "asctime": "2026-04-16 17:53:47,401", "type": "train", "epoch": 3, "batch": 1359, "n_batches": 7774, "time": 3.396, "data_time": 0.0, "lr": 0.001, "loss": -23.573, "recon_loss": -25.495, "kld_loss": 48.058, "kld_weight": 0.04}
{"message": "", "levelname": "INFO", "name": "Trainer", "asctime": "2026-04-16 17:54:14,149", "type": "train", "epoch": 3, "batch": 1439, "n_batches": 7774, "time": 2.367, "data_time": 0.001, "lr": 0.001, "loss": -22.963, "recon_loss": -24.542, "kld_loss": 39.483, "kld_weight": 0.04}
{"message": "", "levelname": "INFO", "name": "Trainer", "asctime": "2026-04-16 17:54:40,714", "type": "train", "epoch": 3, "batch": 1519, "n_batches": 7774, "time": 2.489, "data_time": 0.0, "lr": 0.001, "loss": -19.022, "recon_loss": -20.647, "kld_loss": 40.625, "kld_weight": 0.04}
{"message": "", "levelname": "INFO", "name": "Trainer", "asctime": "2026-04-16 17:55:08,945", "type": "train", "epoch": 3, "batch": 1599, "n_batches": 7774, "time": 3.142, "data_time": 0.001, "lr": 0.001, "loss": -23.063, "recon_loss": -24.41, "kld_loss": 33.68, "kld_weight": 0.04}
{"message": "", "levelname": "INFO", "name": "Trainer", "asctime": "2026-04-16 17:55:36,645", "type": "train", "epoch": 3, "batch": 1679, "n_batches": 7774, "time": 2.106, "data_time": 0.0, "lr": 0.001, "loss": -23.325, "recon_loss": -24.932, "kld_loss": 40.182, "kld_weight": 0.04}
{"message": "", "levelname": "INFO", "name": "Trainer", "asctime": "2026-04-16 17:56:03,850", "type": "train", "epoch": 3, "batch": 1759, "n_batches": 7774, "time": 2.975, "data_time": 0.0, "lr": 0.001, "loss": -25.09, "recon_loss": -26.919, "kld_loss": 45.718, "kld_weight": 0.04}
{"message": "", "levelname": "INFO", "name": "Trainer", "asctime": "2026-04-16 17:56:29,944", "type": "train", "epoch": 3, "batch": 1839, "n_batches": 7774, "time": 3.231, "data_time": 0.001, "lr": 0.001, "loss": -22.975, "recon_loss": -24.872, "kld_loss": 47.43, "kld_weight": 0.04}
{"message": "", "levelname": "INFO", "name": "Trainer", "asctime": "2026-04-16 17:56:54,859", "type": "train", "epoch": 3, "batch": 1919, "n_batches": 7774, "time": 2.446, "data_time": 0.001, "lr": 0.001, "loss": -18.516, "recon_loss": -20.191, "kld_loss": 41.874, "kld_weight": 0.04}
{"message": "", "levelname": "INFO", "name": "Trainer", "asctime": "2026-04-16 17:57:23,403", "type": "train", "epoch": 3, "batch": 1999, "n_batches": 7774, "time": 3.512, "data_time": 0.001, "lr": 0.001, "loss": -25.074, "recon_loss": -26.657, "kld_loss": 39.579, "kld_weight": 0.04}
{"message": "", "levelname": "INFO", "name": "Trainer", "asctime": "2026-04-16 17:57:51,554", "type": "train", "epoch": 3, "batch": 2079, "n_batches": 7774, "time": 2.511, "data_time": 0.001, "lr": 0.001, "loss": -18.013, "recon_loss": -20.481, "kld_loss": 61.711, "kld_weight": 0.04}
{"message": "", "levelname": "INFO", "name": "Trainer", "asctime": "2026-04-16 17:58:19,633", "type": "train", "epoch": 3, "batch": 2159, "n_batches": 7774, "time": 3.223, "data_time": 0.001, "lr": 0.001, "loss": -26.953, "recon_loss": -28.596, "kld_loss": 41.07, "kld_weight": 0.04}
{"message": "", "levelname": "INFO", "name": "Trainer", "asctime": "2026-04-16 17:58:47,604", "type": "train", "epoch": 3, "batch": 2239, "n_batches": 7774, "time": 2.375, "data_time": 0.001, "lr": 0.001, "loss": -23.932, "recon_loss": -25.502, "kld_loss": 39.242, "kld_weight": 0.04}
{"message": "", "levelname": "INFO", "name": "Trainer", "asctime": "2026-04-16 17:59:15,857", "type": "train", "epoch": 3, "batch": 2319, "n_batches": 7774, "time": 3.137, "data_time": 0.001, "lr": 0.001, "loss": -18.109, "recon_loss": -19.884, "kld_loss": 44.383, "kld_weight": 0.04}
{"message": "", "levelname": "INFO", "name": "Trainer", "asctime": "2026-04-16 17:59:42,294", "type": "train", "epoch": 3, "batch": 2399, "n_batches": 7774, "time": 3.041, "data_time": 0.0, "lr": 0.001, "loss": -18.993, "recon_loss": -20.697, "kld_loss": 42.597, "kld_weight": 0.04}
{"message": "", "levelname": "INFO", "name": "Trainer", "asctime": "2026-04-16 18:00:10,323", "type": "train", "epoch": 3, "batch": 2479, "n_batches": 7774, "time": 2.56, "data_time": 0.0, "lr": 0.001, "loss": -20.093, "recon_loss": -21.934, "kld_loss": 46.03, "kld_weight": 0.04}
{"message": "", "levelname": "INFO", "name": "Trainer", "asctime": "2026-04-16 18:00:36,904", "type": "train", "epoch": 3, "batch": 2559, "n_batches": 7774, "time": 2.97, "data_time": 0.0, "lr": 0.001, "loss": -19.003, "recon_loss": -20.704, "kld_loss": 42.518, "kld_weight": 0.04}
{"message": "", "levelname": "INFO", "name": "Trainer", "asctime": "2026-04-16 18:01:04,498", "type": "train", "epoch": 3, "batch": 2639, "n_batches": 7774, "time": 3.145, "data_time": 0.001, "lr": 0.001, "loss": -26.097, "recon_loss": -27.643, "kld_loss": 38.631, "kld_weight": 0.04}
{"message": "", "levelname": "INFO", "name": "Trainer", "asctime": "2026-04-16 18:01:33,128", "type": "train", "epoch": 3, "batch": 2719, "n_batches": 7774, "time": 3.145, "data_time": 0.0, "lr": 0.001, "loss": -16.941, "recon_loss": -18.803, "kld_loss": 46.551, "kld_weight": 0.04}
{"message": "", "levelname": "INFO", "name": "Trainer", "asctime": "2026-04-16 18:02:02,221", "type": "train", "epoch": 3, "batch": 2799, "n_batches": 7774, "time": 3.018, "data_time": 0.0, "lr": 0.001, "loss": -24.752, "recon_loss": -26.321, "kld_loss": 39.21, "kld_weight": 0.04}
{"message": "", "levelname": "INFO", "name": "Trainer", "asctime": "2026-04-16 18:02:28,954", "type": "train", "epoch": 3, "batch": 2879, "n_batches": 7774, "time": 2.478, "data_time": 0.001, "lr": 0.001, "loss": -20.793, "recon_loss": -22.678, "kld_loss": 47.106, "kld_weight": 0.04}
{"message": "", "levelname": "INFO", "name": "Trainer", "asctime": "2026-04-16 18:02:54,792", "type": "train", "epoch": 3, "batch": 2959, "n_batches": 7774, "time": 3.04, "data_time": 0.001, "lr": 0.001, "loss": -25.192, "recon_loss": -26.757, "kld_loss": 39.129, "kld_weight": 0.04}
{"message": "", "levelname": "INFO", "name": "Trainer", "asctime": "2026-04-16 18:03:22,435", "type": "train", "epoch": 3, "batch": 3039, "n_batches": 7774, "time": 2.678, "data_time": 0.0, "lr": 0.001, "loss": -22.021, "recon_loss": -23.699, "kld_loss": 41.94, "kld_weight": 0.04}
{"message": "", "levelname": "INFO", "name": "Trainer", "asctime": "2026-04-16 18:03:51,592", "type": "train", "epoch": 3, "batch": 3119, "n_batches": 7774, "time": 2.596, "data_time": 0.0, "lr": 0.001, "loss": -25.041, "recon_loss": -27.008, "kld_loss": 49.16, "kld_weight": 0.04}
{"message": "", "levelname": "INFO", "name": "Trainer", "asctime": "2026-04-16 18:04:17,574", "type": "train", "epoch": 3, "batch": 3199, "n_batches": 7774, "time": 2.613, "data_time": 0.0, "lr": 0.001, "loss": -22.034, "recon_loss": -23.823, "kld_loss": 44.714, "kld_weight": 0.04}
{"message": "", "levelname": "INFO", "name": "Trainer", "asctime": "2026-04-16 18:04:46,471", "type": "train", "epoch": 3, "batch": 3279, "n_batches": 7774, "time": 2.432, "data_time": 0.0, "lr": 0.001, "loss": -24.277, "recon_loss": -25.828, "kld_loss": 38.758, "kld_weight": 0.04}
{"message": "", "levelname": "INFO", "name": "Trainer", "asctime": "2026-04-16 18:05:13,302", "type": "train", "epoch": 3, "batch": 3359, "n_batches": 7774, "time": 2.689, "data_time": 0.0, "lr": 0.001, "loss": -17.762, "recon_loss": -20.031, "kld_loss": 56.717, "kld_weight": 0.04}
{"message": "", "levelname": "INFO", "name": "Trainer", "asctime": "2026-04-16 18:05:42,724", "type": "train", "epoch": 3, "batch": 3439, "n_batches": 7774, "time": 2.77, "data_time": 0.001, "lr": 0.001, "loss": -24.118, "recon_loss": -25.8, "kld_loss": 42.051, "kld_weight": 0.04}
{"message": "", "levelname": "INFO", "name": "Trainer", "asctime": "2026-04-16 18:06:07,632", "type": "train", "epoch": 3, "batch": 3519, "n_batches": 7774, "time": 2.03, "data_time": 0.001, "lr": 0.001, "loss": -25.588, "recon_loss": -27.307, "kld_loss": 42.957, "kld_weight": 0.04}
{"message": "", "levelname": "INFO", "name": "Trainer", "asctime": "2026-04-16 18:06:35,100", "type": "train", "epoch": 3, "batch": 3599, "n_batches": 7774, "time": 2.208, "data_time": 0.0, "lr": 0.001, "loss": -27.008, "recon_loss": -28.552, "kld_loss": 38.619, "kld_weight": 0.04}
{"message": "", "levelname": "INFO", "name": "Trainer", "asctime": "2026-04-16 18:07:00,831", "type": "train", "epoch": 3, "batch": 3679, "n_batches": 7774, "time": 1.648, "data_time": 0.0, "lr": 0.001, "loss": -24.179, "recon_loss": -25.83, "kld_loss": 41.266, "kld_weight": 0.04}
{"message": "", "levelname": "INFO", "name": "Trainer", "asctime": "2026-04-16 18:07:27,810", "type": "train", "epoch": 3, "batch": 3759, "n_batches": 7774, "time": 2.721, "data_time": 0.0, "lr": 0.001, "loss": -26.021, "recon_loss": -27.978, "kld_loss": 48.916, "kld_weight": 0.04}
{"message": "", "levelname": "INFO", "name": "Trainer", "asctime": "2026-04-16 18:07:55,263", "type": "train", "epoch": 3, "batch": 3839, "n_batches": 7774, "time": 3.172, "data_time": 0.001, "lr": 0.001, "loss": -23.777, "recon_loss": -25.327, "kld_loss": 38.75, "kld_weight": 0.04}
{"message": "", "levelname": "INFO", "name": "Trainer", "asctime": "2026-04-16 18:08:23,397", "type": "train", "epoch": 3, "batch": 3919, "n_batches": 7774, "time": 2.293, "data_time": 0.001, "lr": 0.001, "loss": -23.682, "recon_loss": -25.393, "kld_loss": 42.775, "kld_weight": 0.04}
{"message": "", "levelname": "INFO", "name": "Trainer", "asctime": "2026-04-16 18:08:51,950", "type": "train", "epoch": 3, "batch": 3999, "n_batches": 7774, "time": 2.99, "data_time": 0.001, "lr": 0.001, "loss": -20.422, "recon_loss": -22.143, "kld_loss": 43.033, "kld_weight": 0.04}
{"message": "", "levelname": "INFO", "name": "Trainer", "asctime": "2026-04-16 18:09:18,481", "type": "train", "epoch": 3, "batch": 4079, "n_batches": 7774, "time": 3.213, "data_time": 0.001, "lr": 0.001, "loss": -26.268, "recon_loss": -28.003, "kld_loss": 43.391, "kld_weight": 0.04}
{"message": "", "levelname": "INFO", "name": "Trainer", "asctime": "2026-04-16 18:09:47,722", "type": "train", "epoch": 3, "batch": 4159, "n_batches": 7774, "time": 2.933, "data_time": 0.0, "lr": 0.001, "loss": -19.317, "recon_loss": -21.392, "kld_loss": 51.882, "kld_weight": 0.04}
{"message": "", "levelname": "INFO", "name": "Trainer", "asctime": "2026-04-16 18:10:17,617", "type": "train", "epoch": 3, "batch": 4239, "n_batches": 7774, "time": 3.05, "data_time": 0.001, "lr": 0.001, "loss": -23.755, "recon_loss": -25.311, "kld_loss": 38.902, "kld_weight": 0.04}
{"message": "", "levelname": "INFO", "name": "Trainer", "asctime": "2026-04-16 18:10:49,393", "type": "train", "epoch": 3, "batch": 4319, "n_batches": 7774, "time": 2.386, "data_time": 0.001, "lr": 0.001, "loss": -27.988, "recon_loss": -29.601, "kld_loss": 40.313, "kld_weight": 0.04}
{"message": "", "levelname": "INFO", "name": "Trainer", "asctime": "2026-04-16 18:11:17,472", "type": "train", "epoch": 3, "batch": 4399, "n_batches": 7774, "time": 2.043, "data_time": 0.0, "lr": 0.001, "loss": -22.943, "recon_loss": -24.603, "kld_loss": 41.505, "kld_weight": 0.04}
{"message": "", "levelname": "INFO", "name": "Trainer", "asctime": "2026-04-16 18:11:45,452", "type": "train", "epoch": 3, "batch": 4479, "n_batches": 7774, "time": 3.141, "data_time": 0.001, "lr": 0.001, "loss": -23.907, "recon_loss": -25.65, "kld_loss": 43.57, "kld_weight": 0.04}
{"message": "", "levelname": "INFO", "name": "Trainer", "asctime": "2026-04-16 18:12:18,442", "type": "train", "epoch": 3, "batch": 4559, "n_batches": 7774, "time": 3.408, "data_time": 0.001, "lr": 0.001, "loss": -15.615, "recon_loss": -17.139, "kld_loss": 38.105, "kld_weight": 0.04}
{"message": "", "levelname": "INFO", "name": "Trainer", "asctime": "2026-04-16 18:12:55,343", "type": "train", "epoch": 3, "batch": 4639, "n_batches": 7774, "time": 3.703, "data_time": 0.001, "lr": 0.001, "loss": -25.208, "recon_loss": -26.909, "kld_loss": 42.532, "kld_weight": 0.04}
{"message": "", "levelname": "INFO", "name": "Trainer", "asctime": "2026-04-16 18:13:22,938", "type": "train", "epoch": 3, "batch": 4719, "n_batches": 7774, "time": 3.277, "data_time": 0.001, "lr": 0.001, "loss": -25.503, "recon_loss": -27.142, "kld_loss": 40.973, "kld_weight": 0.04}
{"message": "", "levelname": "INFO", "name": "Trainer", "asctime": "2026-04-16 18:13:55,985", "type": "train", "epoch": 3, "batch": 4799, "n_batches": 7774, "time": 3.204, "data_time": 0.001, "lr": 0.001, "loss": -26.601, "recon_loss": -28.452, "kld_loss": 46.289, "kld_weight": 0.04}
{"message": "", "levelname": "INFO", "name": "Trainer", "asctime": "2026-04-16 18:14:25,337", "type": "train", "epoch": 3, "batch": 4879, "n_batches": 7774, "time": 2.471, "data_time": 0.001, "lr": 0.001, "loss": -23.686, "recon_loss": -25.343, "kld_loss": 41.436, "kld_weight": 0.04}
{"message": "", "levelname": "INFO", "name": "Trainer", "asctime": "2026-04-16 18:14:55,821", "type": "train", "epoch": 3, "batch": 4959, "n_batches": 7774, "time": 3.576, "data_time": 0.001, "lr": 0.001, "loss": -26.916, "recon_loss": -28.49, "kld_loss": 39.361, "kld_weight": 0.04}
{"message": "", "levelname": "INFO", "name": "Trainer", "asctime": "2026-04-16 18:15:25,714", "type": "train", "epoch": 3, "batch": 5039, "n_batches": 7774, "time": 2.673, "data_time": 0.001, "lr": 0.001, "loss": -25.215, "recon_loss": -26.971, "kld_loss": 43.898, "kld_weight": 0.04}
{"message": "", "levelname": "INFO", "name": "Trainer", "asctime": "2026-04-16 18:15:57,254", "type": "train", "epoch": 3, "batch": 5119, "n_batches": 7774, "time": 3.318, "data_time": 0.001, "lr": 0.001, "loss": -30.549, "recon_loss": -32.19, "kld_loss": 41.029, "kld_weight": 0.04}
{"message": "", "levelname": "INFO", "name": "Trainer", "asctime": "2026-04-16 18:16:26,316", "type": "train", "epoch": 3, "batch": 5199, "n_batches": 7774, "time": 3.299, "data_time": 0.001, "lr": 0.001, "loss": -27.429, "recon_loss": -29.223, "kld_loss": 44.851, "kld_weight": 0.04}
{"message": "", "levelname": "INFO", "name": "Trainer", "asctime": "2026-04-16 18:16:54,787", "type": "train", "epoch": 3, "batch": 5279, "n_batches": 7774, "time": 2.646, "data_time": 0.001, "lr": 0.001, "loss": -21.247, "recon_loss": -22.922, "kld_loss": 41.885, "kld_weight": 0.04}
{"message": "", "levelname": "INFO", "name": "Trainer", "asctime": "2026-04-16 18:17:25,007", "type": "train", "epoch": 3, "batch": 5359, "n_batches": 7774, "time": 2.78, "data_time": 0.001, "lr": 0.001, "loss": -25.512, "recon_loss": -27.129, "kld_loss": 40.413, "kld_weight": 0.04}
{"message": "", "levelname": "INFO", "name": "Trainer", "asctime": "2026-04-16 18:17:57,450", "type": "train", "epoch": 3, "batch": 5439, "n_batches": 7774, "time": 3.781, "data_time": 0.001, "lr": 0.001, "loss": -22.079, "recon_loss": -23.576, "kld_loss": 37.417, "kld_weight": 0.04}
{"message": "", "levelname": "INFO", "name": "Trainer", "asctime": "2026-04-16 18:18:32,490", "type": "train", "epoch": 3, "batch": 5519, "n_batches": 7774, "time": 3.686, "data_time": 0.0, "lr": 0.001, "loss": -24.334, "recon_loss": -25.98, "kld_loss": 41.168, "kld_weight": 0.04}
{"message": "", "levelname": "INFO", "name": "Trainer", "asctime": "2026-04-16 18:19:03,353", "type": "train", "epoch": 3, "batch": 5599, "n_batches": 7774, "time": 4.005, "data_time": 0.001, "lr": 0.001, "loss": -24.188, "recon_loss": -25.965, "kld_loss": 44.428, "kld_weight": 0.04}
{"message": "", "levelname": "INFO", "name": "Trainer", "asctime": "2026-04-16 18:19:34,550", "type": "train", "epoch": 3, "batch": 5679, "n_batches": 7774, "time": 2.909, "data_time": 0.001, "lr": 0.001, "loss": -21.013, "recon_loss": -23.018, "kld_loss": 50.121, "kld_weight": 0.04}
{"message": "", "levelname": "INFO", "name": "Trainer", "asctime": "2026-04-16 18:20:05,564", "type": "train", "epoch": 3, "batch": 5759, "n_batches": 7774, "time": 2.398, "data_time": 0.0, "lr": 0.001, "loss": -22.948, "recon_loss": -24.81, "kld_loss": 46.557, "kld_weight": 0.04}
{"message": "", "levelname": "INFO", "name": "Trainer", "asctime": "2026-04-16 18:20:35,723", "type": "train", "epoch": 3, "batch": 5839, "n_batches": 7774, "time": 2.738, "data_time": 0.001, "lr": 0.001, "loss": -26.775, "recon_loss": -28.336, "kld_loss": 39.013, "kld_weight": 0.04}
{"message": "", "levelname": "INFO", "name": "Trainer", "asctime": "2026-04-16 18:21:05,257", "type": "train", "epoch": 3, "batch": 5919, "n_batches": 7774, "time": 2.477, "data_time": 0.001, "lr": 0.001, "loss": -23.993, "recon_loss": -26.63, "kld_loss": 65.926, "kld_weight": 0.04}
{"message": "", "levelname": "INFO", "name": "Trainer", "asctime": "2026-04-16 18:21:33,280", "type": "train", "epoch": 3, "batch": 5999, "n_batches": 7774, "time": 2.974, "data_time": 0.0, "lr": 0.001, "loss": -28.677, "recon_loss": -30.233, "kld_loss": 38.901, "kld_weight": 0.04}
{"message": "", "levelname": "INFO", "name": "Trainer", "asctime": "2026-04-16 18:21:58,095", "type": "train", "epoch": 3, "batch": 6079, "n_batches": 7774, "time": 2.875, "data_time": 0.001, "lr": 0.001, "loss": -26.17, "recon_loss": -27.694, "kld_loss": 38.095, "kld_weight": 0.04}
{"message": "", "levelname": "INFO", "name": "Trainer", "asctime": "2026-04-16 18:22:24,356", "type": "train", "epoch": 3, "batch": 6159, "n_batches": 7774, "time": 3.108, "data_time": 0.001, "lr": 0.001, "loss": -18.048, "recon_loss": -19.858, "kld_loss": 45.249, "kld_weight": 0.04}
{"message": "", "levelname": "INFO", "name": "Trainer", "asctime": "2026-04-16 18:22:55,269", "type": "train", "epoch": 3, "batch": 6239, "n_batches": 7774, "time": 3.427, "data_time": 0.001, "lr": 0.001, "loss": -20.69, "recon_loss": -22.742, "kld_loss": 51.31, "kld_weight": 0.04}
{"message": "", "levelname": "INFO", "name": "Trainer", "asctime": "2026-04-16 18:23:23,973", "type": "train", "epoch": 3, "batch": 6319, "n_batches": 7774, "time": 3.106, "data_time": 0.001, "lr": 0.001, "loss": -26.58, "recon_loss": -28.096, "kld_loss": 37.882, "kld_weight": 0.04}
{"message": "", "levelname": "INFO", "name": "Trainer", "asctime": "2026-04-16 18:23:53,059", "type": "train", "epoch": 3, "batch": 6399, "n_batches": 7774, "time": 2.857, "data_time": 0.001, "lr": 0.001, "loss": -24.546, "recon_loss": -26.306, "kld_loss": 43.996, "kld_weight": 0.04}
{"message": "", "levelname": "INFO", "name": "Trainer", "asctime": "2026-04-16 18:24:19,966", "type": "train", "epoch": 3, "batch": 6479, "n_batches": 7774, "time": 2.711, "data_time": 0.001, "lr": 0.001, "loss": -24.493, "recon_loss": -26.202, "kld_loss": 42.724, "kld_weight": 0.04}
{"message": "", "levelname": "INFO", "name": "Trainer", "asctime": "2026-04-16 18:24:48,898", "type": "train", "epoch": 3, "batch": 6559, "n_batches": 7774, "time": 2.949, "data_time": 0.001, "lr": 0.001, "loss": -27.272, "recon_loss": -28.946, "kld_loss": 41.863, "kld_weight": 0.04}
{"message": "", "levelname": "INFO", "name": "Trainer", "asctime": "2026-04-16 18:25:19,346", "type": "train", "epoch": 3, "batch": 6639, "n_batches": 7774, "time": 3.18, "data_time": 0.001, "lr": 0.001, "loss": -22.449, "recon_loss": -24.086, "kld_loss": 40.921, "kld_weight": 0.04}
{"message": "", "levelname": "INFO", "name": "Trainer", "asctime": "2026-04-16 18:25:48,701", "type": "train", "epoch": 3, "batch": 6719, "n_batches": 7774, "time": 3.374, "data_time": 0.001, "lr": 0.001, "loss": -22.501, "recon_loss": -24.394, "kld_loss": 47.318, "kld_weight": 0.04}
{"message": "", "levelname": "INFO", "name": "Trainer", "asctime": "2026-04-16 18:26:17,364", "type": "train", "epoch": 3, "batch": 6799, "n_batches": 7774, "time": 3.367, "data_time": 0.001, "lr": 0.001, "loss": -22.441, "recon_loss": -25.42, "kld_loss": 74.463, "kld_weight": 0.04}
{"message": "", "levelname": "INFO", "name": "Trainer", "asctime": "2026-04-16 18:26:45,933", "type": "train", "epoch": 3, "batch": 6879, "n_batches": 7774, "time": 3.159, "data_time": 0.001, "lr": 0.001, "loss": -21.946, "recon_loss": -23.657, "kld_loss": 42.786, "kld_weight": 0.04}
{"message": "", "levelname": "INFO", "name": "Trainer", "asctime": "2026-04-16 18:27:15,777", "type": "train", "epoch": 3, "batch": 6959, "n_batches": 7774, "time": 2.668, "data_time": 0.0, "lr": 0.001, "loss": -24.587, "recon_loss": -26.217, "kld_loss": 40.745, "kld_weight": 0.04}
{"message": "", "levelname": "INFO", "name": "Trainer", "asctime": "2026-04-16 18:27:43,704", "type": "train", "epoch": 3, "batch": 7039, "n_batches": 7774, "time": 2.904, "data_time": 0.0, "lr": 0.001, "loss": -19.723, "recon_loss": -21.447, "kld_loss": 43.113, "kld_weight": 0.04}
{"message": "", "levelname": "INFO", "name": "Trainer", "asctime": "2026-04-16 18:28:13,225", "type": "train", "epoch": 3, "batch": 7119, "n_batches": 7774, "time": 2.941, "data_time": 0.0, "lr": 0.001, "loss": -19.31, "recon_loss": -21.073, "kld_loss": 44.074, "kld_weight": 0.04}
{"message": "", "levelname": "INFO", "name": "Trainer", "asctime": "2026-04-16 18:28:40,996", "type": "train", "epoch": 3, "batch": 7199, "n_batches": 7774, "time": 3.349, "data_time": 0.001, "lr": 0.001, "loss": -24.061, "recon_loss": -25.876, "kld_loss": 45.377, "kld_weight": 0.04}
{"message": "", "levelname": "INFO", "name": "Trainer", "asctime": "2026-04-16 18:29:06,541", "type": "train", "epoch": 3, "batch": 7279, "n_batches": 7774, "time": 2.328, "data_time": 0.0, "lr": 0.001, "loss": -24.552, "recon_loss": -26.343, "kld_loss": 44.755, "kld_weight": 0.04}
{"message": "", "levelname": "INFO", "name": "Trainer", "asctime": "2026-04-16 18:29:32,172", "type": "train", "epoch": 3, "batch": 7359, "n_batches": 7774, "time": 2.378, "data_time": 0.0, "lr": 0.001, "loss": -24.561, "recon_loss": -26.108, "kld_loss": 38.677, "kld_weight": 0.04}
{"message": "", "levelname": "INFO", "name": "Trainer", "asctime": "2026-04-16 18:29:57,148", "type": "train", "epoch": 3, "batch": 7439, "n_batches": 7774, "time": 2.965, "data_time": 0.001, "lr": 0.001, "loss": -17.51, "recon_loss": -19.261, "kld_loss": 43.797, "kld_weight": 0.04}
{"message": "", "levelname": "INFO", "name": "Trainer", "asctime": "2026-04-16 18:30:21,918", "type": "train", "epoch": 3, "batch": 7519, "n_batches": 7774, "time": 2.344, "data_time": 0.0, "lr": 0.001, "loss": -18.947, "recon_loss": -20.771, "kld_loss": 45.615, "kld_weight": 0.04}
{"message": "", "levelname": "INFO", "name": "Trainer", "asctime": "2026-04-16 18:30:52,657", "type": "train", "epoch": 3, "batch": 7599, "n_batches": 7774, "time": 3.676, "data_time": 0.001, "lr": 0.001, "loss": -23.482, "recon_loss": -25.03, "kld_loss": 38.704, "kld_weight": 0.04}
{"message": "", "levelname": "INFO", "name": "Trainer", "asctime": "2026-04-16 18:31:19,143", "type": "train", "epoch": 3, "batch": 7679, "n_batches": 7774, "time": 2.937, "data_time": 0.001, "lr": 0.001, "loss": -23.316, "recon_loss": -25.026, "kld_loss": 42.74, "kld_weight": 0.04}
{"message": "", "levelname": "INFO", "name": "Trainer", "asctime": "2026-04-16 18:31:46,803", "type": "train", "epoch": 3, "batch": 7759, "n_batches": 7774, "time": 3.169, "data_time": 0.0, "lr": 0.001, "loss": -23.328, "recon_loss": -25.076, "kld_loss": 43.699, "kld_weight": 0.04}
{"message": "", "levelname": "INFO", "name": "Trainer", "asctime": "2026-04-16 18:31:52,822", "type": "train-epoch", "epoch": 4, "loss": -2.93042, "recon_loss": -3.146, "kld_loss": 5.38935, "kld_weight": 0.04, "time": 2768.0}
{"message": "", "levelname": "INFO", "name": "Trainer", "asctime": "2026-04-16 18:39:37,467", "type": "val-epoch", "epoch": 4, "loss": -3.053, "test_loss": 0.076, "recon_loss": -3.272, "kld_loss": 5.473, "kld_weight": 0.04, "note": "loss is teacher-forced CVAE objective; test_loss is prior-only reconstruction", "time": 464.6}
{"message": "", "levelname": "INFO", "name": "Trainer", "asctime": "2026-04-16 18:40:07,318", "type": "train", "epoch": 4, "batch": 79, "n_batches": 7774, "time": 2.936, "data_time": 0.001, "lr": 0.001, "loss": -26.157, "recon_loss": -28.241, "kld_loss": 41.685, "kld_weight": 0.05}
{"message": "", "levelname": "INFO", "name": "Trainer", "asctime": "2026-04-16 18:40:34,791", "type": "train", "epoch": 4, "batch": 159, "n_batches": 7774, "time": 2.778, "data_time": 0.001, "lr": 0.001, "loss": -27.856, "recon_loss": -29.727, "kld_loss": 37.418, "kld_weight": 0.05}
{"message": "", "levelname": "INFO", "name": "Trainer", "asctime": "2026-04-16 18:41:00,320", "type": "train", "epoch": 4, "batch": 239, "n_batches": 7774, "time": 2.926, "data_time": 0.0, "lr": 0.001, "loss": -23.708, "recon_loss": -25.741, "kld_loss": 40.661, "kld_weight": 0.05}
{"message": "", "levelname": "INFO", "name": "Trainer", "asctime": "2026-04-16 18:41:26,980", "type": "train", "epoch": 4, "batch": 319, "n_batches": 7774, "time": 2.921, "data_time": 0.001, "lr": 0.001, "loss": -20.447, "recon_loss": -22.607, "kld_loss": 43.209, "kld_weight": 0.05}
{"message": "", "levelname": "INFO", "name": "Trainer", "asctime": "2026-04-16 18:41:51,937", "type": "train", "epoch": 4, "batch": 399, "n_batches": 7774, "time": 2.342, "data_time": 0.001, "lr": 0.001, "loss": -23.277, "recon_loss": -25.493, "kld_loss": 44.325, "kld_weight": 0.05}
{"message": "", "levelname": "INFO", "name": "Trainer", "asctime": "2026-04-16 18:42:16,105", "type": "train", "epoch": 4, "batch": 479, "n_batches": 7774, "time": 2.133, "data_time": 0.001, "lr": 0.001, "loss": -27.758, "recon_loss": -29.874, "kld_loss": 42.333, "kld_weight": 0.05}
{"message": "", "levelname": "INFO", "name": "Trainer", "asctime": "2026-04-16 18:42:38,242", "type": "train", "epoch": 4, "batch": 559, "n_batches": 7774, "time": 2.325, "data_time": 0.0, "lr": 0.001, "loss": -21.478, "recon_loss": -23.945, "kld_loss": 49.335, "kld_weight": 0.05}
{"message": "", "levelname": "INFO", "name": "Trainer", "asctime": "2026-04-16 18:43:01,246", "type": "train", "epoch": 4, "batch": 639, "n_batches": 7774, "time": 2.289, "data_time": 0.001, "lr": 0.001, "loss": -27.056, "recon_loss": -29.049, "kld_loss": 39.853, "kld_weight": 0.05}
{"message": "", "levelname": "INFO", "name": "Trainer", "asctime": "2026-04-16 18:43:27,579", "type": "train", "epoch": 4, "batch": 719, "n_batches": 7774, "time": 2.83, "data_time": 0.001, "lr": 0.001, "loss": -24.486, "recon_loss": -26.874, "kld_loss": 47.744, "kld_weight": 0.05}
{"message": "", "levelname": "INFO", "name": "Trainer", "asctime": "2026-04-16 18:43:52,185", "type": "train", "epoch": 4, "batch": 799, "n_batches": 7774, "time": 2.48, "data_time": 0.001, "lr": 0.001, "loss": -21.748, "recon_loss": -23.809, "kld_loss": 41.223, "kld_weight": 0.05}
{"message": "", "levelname": "INFO", "name": "Trainer", "asctime": "2026-04-16 18:44:17,626", "type": "train", "epoch": 4, "batch": 879, "n_batches": 7774, "time": 2.434, "data_time": 0.001, "lr": 0.001, "loss": -19.294, "recon_loss": -21.385, "kld_loss": 41.832, "kld_weight": 0.05}
{"message": "", "levelname": "INFO", "name": "Trainer", "asctime": "2026-04-16 18:44:42,622", "type": "train", "epoch": 4, "batch": 959, "n_batches": 7774, "time": 3.117, "data_time": 0.001, "lr": 0.001, "loss": -24.306, "recon_loss": -26.268, "kld_loss": 39.236, "kld_weight": 0.05}
{"message": "", "levelname": "INFO", "name": "Trainer", "asctime": "2026-04-16 18:45:08,999", "type": "train", "epoch": 4, "batch": 1039, "n_batches": 7774, "time": 2.89, "data_time": 0.0, "lr": 0.001, "loss": -21.752, "recon_loss": -24.108, "kld_loss": 47.123, "kld_weight": 0.05}
{"message": "", "levelname": "INFO", "name": "Trainer", "asctime": "2026-04-16 18:45:32,748", "type": "train", "epoch": 4, "batch": 1119, "n_batches": 7774, "time": 2.043, "data_time": 0.0, "lr": 0.001, "loss": -22.555, "recon_loss": -24.923, "kld_loss": 47.359, "kld_weight": 0.05}
{"message": "", "levelname": "INFO", "name": "Trainer", "asctime": "2026-04-16 18:45:57,403", "type": "train", "epoch": 4, "batch": 1199, "n_batches": 7774, "time": 2.946, "data_time": 0.001, "lr": 0.001, "loss": -25.536, "recon_loss": -27.799, "kld_loss": 45.269, "kld_weight": 0.05}
{"message": "", "levelname": "INFO", "name": "Trainer", "asctime": "2026-04-16 18:46:23,786", "type": "train", "epoch": 4, "batch": 1279, "n_batches": 7774, "time": 2.687, "data_time": 0.001, "lr": 0.001, "loss": -20.944, "recon_loss": -22.809, "kld_loss": 37.294, "kld_weight": 0.05}
{"message": "", "levelname": "INFO", "name": "Trainer", "asctime": "2026-04-16 18:46:49,878", "type": "train", "epoch": 4, "batch": 1359, "n_batches": 7774, "time": 2.045, "data_time": 0.001, "lr": 0.001, "loss": -24.532, "recon_loss": -26.487, "kld_loss": 39.101, "kld_weight": 0.05}
{"message": "", "levelname": "INFO", "name": "Trainer", "asctime": "2026-04-16 18:47:16,122", "type": "train", "epoch": 4, "batch": 1439, "n_batches": 7774, "time": 2.181, "data_time": 0.001, "lr": 0.001, "loss": -18.271, "recon_loss": -21.496, "kld_loss": 64.495, "kld_weight": 0.05}
{"message": "", "levelname": "INFO", "name": "Trainer", "asctime": "2026-04-16 18:47:41,209", "type": "train", "epoch": 4, "batch": 1519, "n_batches": 7774, "time": 2.796, "data_time": 0.0, "lr": 0.001, "loss": -25.252, "recon_loss": -27.465, "kld_loss": 44.265, "kld_weight": 0.05}
{"message": "", "levelname": "INFO", "name": "Trainer", "asctime": "2026-04-16 18:48:05,854", "type": "train", "epoch": 4, "batch": 1599, "n_batches": 7774, "time": 2.815, "data_time": 0.001, "lr": 0.001, "loss": -21.078, "recon_loss": -23.103, "kld_loss": 40.505, "kld_weight": 0.05}
{"message": "", "levelname": "INFO", "name": "Trainer", "asctime": "2026-04-16 18:48:29,322", "type": "train", "epoch": 4, "batch": 1679, "n_batches": 7774, "time": 2.049, "data_time": 0.0, "lr": 0.001, "loss": -24.716, "recon_loss": -26.993, "kld_loss": 45.555, "kld_weight": 0.05}
{"message": "", "levelname": "INFO", "name": "Trainer", "asctime": "2026-04-16 18:48:51,606", "type": "train", "epoch": 4, "batch": 1759, "n_batches": 7774, "time": 1.632, "data_time": 0.0, "lr": 0.001, "loss": -28.932, "recon_loss": -31.06, "kld_loss": 42.565, "kld_weight": 0.05}
{"message": "", "levelname": "INFO", "name": "Trainer", "asctime": "2026-04-16 18:49:17,143", "type": "train", "epoch": 4, "batch": 1839, "n_batches": 7774, "time": 2.332, "data_time": 0.001, "lr": 0.001, "loss": -24.612, "recon_loss": -26.867, "kld_loss": 45.089, "kld_weight": 0.05}
{"message": "", "levelname": "INFO", "name": "Trainer", "asctime": "2026-04-16 18:49:43,790", "type": "train", "epoch": 4, "batch": 1919, "n_batches": 7774, "time": 2.578, "data_time": 0.0, "lr": 0.001, "loss": -18.028, "recon_loss": -20.122, "kld_loss": 41.878, "kld_weight": 0.05}
{"message": "", "levelname": "INFO", "name": "Trainer", "asctime": "2026-04-16 18:50:11,636", "type": "train", "epoch": 4, "batch": 1999, "n_batches": 7774, "time": 2.849, "data_time": 0.001, "lr": 0.001, "loss": -22.533, "recon_loss": -24.618, "kld_loss": 41.696, "kld_weight": 0.05}
{"message": "", "levelname": "INFO", "name": "Trainer", "asctime": "2026-04-16 18:50:37,817", "type": "train", "epoch": 4, "batch": 2079, "n_batches": 7774, "time": 2.661, "data_time": 0.0, "lr": 0.001, "loss": -25.523, "recon_loss": -27.478, "kld_loss": 39.095, "kld_weight": 0.05}
{"message": "", "levelname": "INFO", "name": "Trainer", "asctime": "2026-04-16 18:51:04,688", "type": "train", "epoch": 4, "batch": 2159, "n_batches": 7774, "time": 2.66, "data_time": 0.0, "lr": 0.001, "loss": -24.271, "recon_loss": -26.304, "kld_loss": 40.651, "kld_weight": 0.05}
{"message": "", "levelname": "INFO", "name": "Trainer", "asctime": "2026-04-16 18:51:31,009", "type": "train", "epoch": 4, "batch": 2239, "n_batches": 7774, "time": 2.979, "data_time": 0.0, "lr": 0.001, "loss": -29.928, "recon_loss": -32.23, "kld_loss": 46.051, "kld_weight": 0.05}
{"message": "", "levelname": "INFO", "name": "Trainer", "asctime": "2026-04-16 18:51:59,230", "type": "train", "epoch": 4, "batch": 2319, "n_batches": 7774, "time": 3.098, "data_time": 0.0, "lr": 0.001, "loss": -29.331, "recon_loss": -31.405, "kld_loss": 41.488, "kld_weight": 0.05}
{"message": "", "levelname": "INFO", "name": "Trainer", "asctime": "2026-04-16 18:52:26,012", "type": "train", "epoch": 4, "batch": 2399, "n_batches": 7774, "time": 2.058, "data_time": 0.0, "lr": 0.001, "loss": -28.734, "recon_loss": -30.766, "kld_loss": 40.636, "kld_weight": 0.05}
{"message": "", "levelname": "INFO", "name": "Trainer", "asctime": "2026-04-16 18:52:54,355", "type": "train", "epoch": 4, "batch": 2479, "n_batches": 7774, "time": 2.95, "data_time": 0.001, "lr": 0.001, "loss": -19.455, "recon_loss": -21.887, "kld_loss": 48.65, "kld_weight": 0.05}
{"message": "", "levelname": "INFO", "name": "Trainer", "asctime": "2026-04-16 18:53:22,829", "type": "train", "epoch": 4, "batch": 2559, "n_batches": 7774, "time": 3.032, "data_time": 0.001, "lr": 0.001, "loss": -25.147, "recon_loss": -27.618, "kld_loss": 49.411, "kld_weight": 0.05}
{"message": "", "levelname": "INFO", "name": "Trainer", "asctime": "2026-04-16 18:53:47,855", "type": "train", "epoch": 4, "batch": 2639, "n_batches": 7774, "time": 2.206, "data_time": 0.0, "lr": 0.001, "loss": -29.496, "recon_loss": -31.557, "kld_loss": 41.213, "kld_weight": 0.05}
{"message": "", "levelname": "INFO", "name": "Trainer", "asctime": "2026-04-16 18:54:16,542", "type": "train", "epoch": 4, "batch": 2719, "n_batches": 7774, "time": 2.538, "data_time": 0.001, "lr": 0.001, "loss": -21.307, "recon_loss": -23.939, "kld_loss": 52.63, "kld_weight": 0.05}
{"message": "", "levelname": "INFO", "name": "Trainer", "asctime": "2026-04-16 18:54:42,427", "type": "train", "epoch": 4, "batch": 2799, "n_batches": 7774, "time": 2.425, "data_time": 0.0, "lr": 0.001, "loss": -23.702, "recon_loss": -26.211, "kld_loss": 50.17, "kld_weight": 0.05}
{"message": "", "levelname": "INFO", "name": "Trainer", "asctime": "2026-04-16 18:55:09,532", "type": "train", "epoch": 4, "batch": 2879, "n_batches": 7774, "time": 2.322, "data_time": 0.001, "lr": 0.001, "loss": -30.603, "recon_loss": -32.515, "kld_loss": 38.252, "kld_weight": 0.05}
{"message": "", "levelname": "INFO", "name": "Trainer", "asctime": "2026-04-16 18:55:36,655", "type": "train", "epoch": 4, "batch": 2959, "n_batches": 7774, "time": 2.539, "data_time": 0.0, "lr": 0.001, "loss": -23.063, "recon_loss": -25.223, "kld_loss": 43.208, "kld_weight": 0.05}
{"message": "", "levelname": "INFO", "name": "Trainer", "asctime": "2026-04-16 18:56:05,300", "type": "train", "epoch": 4, "batch": 3039, "n_batches": 7774, "time": 2.748, "data_time": 0.0, "lr": 0.001, "loss": -27.069, "recon_loss": -29.295, "kld_loss": 44.522, "kld_weight": 0.05}
{"message": "", "levelname": "INFO", "name": "Trainer", "asctime": "2026-04-16 18:56:33,715", "type": "train", "epoch": 4, "batch": 3119, "n_batches": 7774, "time": 2.929, "data_time": 0.001, "lr": 0.001, "loss": -20.086, "recon_loss": -22.231, "kld_loss": 42.903, "kld_weight": 0.05}
{"message": "", "levelname": "INFO", "name": "Trainer", "asctime": "2026-04-16 18:56:59,531", "type": "train", "epoch": 4, "batch": 3199, "n_batches": 7774, "time": 2.931, "data_time": 0.001, "lr": 0.001, "loss": -27.571, "recon_loss": -29.671, "kld_loss": 41.998, "kld_weight": 0.05}
{"message": "", "levelname": "INFO", "name": "Trainer", "asctime": "2026-04-16 18:57:25,550", "type": "train", "epoch": 4, "batch": 3279, "n_batches": 7774, "time": 2.918, "data_time": 0.001, "lr": 0.001, "loss": -18.193, "recon_loss": -20.719, "kld_loss": 50.516, "kld_weight": 0.05}
{"message": "", "levelname": "INFO", "name": "Trainer", "asctime": "2026-04-16 18:57:50,404", "type": "train", "epoch": 4, "batch": 3359, "n_batches": 7774, "time": 3.116, "data_time": 0.001, "lr": 0.001, "loss": -22.046, "recon_loss": -24.202, "kld_loss": 43.129, "kld_weight": 0.05}
{"message": "", "levelname": "INFO", "name": "Trainer", "asctime": "2026-04-16 18:58:16,403", "type": "train", "epoch": 4, "batch": 3439, "n_batches": 7774, "time": 3.232, "data_time": 0.001, "lr": 0.001, "loss": -23.774, "recon_loss": -26.043, "kld_loss": 45.381, "kld_weight": 0.05}
{"message": "", "levelname": "INFO", "name": "Trainer", "asctime": "2026-04-16 18:58:43,840", "type": "train", "epoch": 4, "batch": 3519, "n_batches": 7774, "time": 2.382, "data_time": 0.001, "lr": 0.001, "loss": -21.93, "recon_loss": -24.095, "kld_loss": 43.299, "kld_weight": 0.05}
{"message": "", "levelname": "INFO", "name": "Trainer", "asctime": "2026-04-16 18:59:11,583", "type": "train", "epoch": 4, "batch": 3599, "n_batches": 7774, "time": 2.47, "data_time": 0.0, "lr": 0.001, "loss": -24.086, "recon_loss": -26.252, "kld_loss": 43.306, "kld_weight": 0.05}
{"message": "", "levelname": "INFO", "name": "Trainer", "asctime": "2026-04-16 18:59:39,941", "type": "train", "epoch": 4, "batch": 3679, "n_batches": 7774, "time": 2.686, "data_time": 0.001, "lr": 0.001, "loss": -22.778, "recon_loss": -24.791, "kld_loss": 40.268, "kld_weight": 0.05}
{"message": "", "levelname": "INFO", "name": "Trainer", "asctime": "2026-04-16 19:00:05,693", "type": "train", "epoch": 4, "batch": 3759, "n_batches": 7774, "time": 2.031, "data_time": 0.001, "lr": 0.001, "loss": -26.834, "recon_loss": -29.057, "kld_loss": 44.45, "kld_weight": 0.05}
{"message": "", "levelname": "INFO", "name": "Trainer", "asctime": "2026-04-16 19:00:33,996", "type": "train", "epoch": 4, "batch": 3839, "n_batches": 7774, "time": 2.95, "data_time": 0.001, "lr": 0.001, "loss": -20.152, "recon_loss": -22.134, "kld_loss": 39.645, "kld_weight": 0.05}
{"message": "", "levelname": "INFO", "name": "Trainer", "asctime": "2026-04-16 19:00:57,371", "type": "train", "epoch": 4, "batch": 3919, "n_batches": 7774, "time": 2.212, "data_time": 0.001, "lr": 0.001, "loss": -21.999, "recon_loss": -24.163, "kld_loss": 43.277, "kld_weight": 0.05}
{"message": "", "levelname": "INFO", "name": "Trainer", "asctime": "2026-04-16 19:01:23,937", "type": "train", "epoch": 4, "batch": 3999, "n_batches": 7774, "time": 2.952, "data_time": 0.001, "lr": 0.001, "loss": -25.909, "recon_loss": -27.988, "kld_loss": 41.579, "kld_weight": 0.05}
{"message": "", "levelname": "INFO", "name": "Trainer", "asctime": "2026-04-16 19:01:50,462", "type": "train", "epoch": 4, "batch": 4079, "n_batches": 7774, "time": 2.844, "data_time": 0.001, "lr": 0.001, "loss": -21.511, "recon_loss": -23.754, "kld_loss": 44.856, "kld_weight": 0.05}
{"message": "", "levelname": "INFO", "name": "Trainer", "asctime": "2026-04-16 19:02:17,263", "type": "train", "epoch": 4, "batch": 4159, "n_batches": 7774, "time": 2.944, "data_time": 0.001, "lr": 0.001, "loss": -21.755, "recon_loss": -23.94, "kld_loss": 43.707, "kld_weight": 0.05}
{"message": "", "levelname": "INFO", "name": "Trainer", "asctime": "2026-04-16 19:02:43,196", "type": "train", "epoch": 4, "batch": 4239, "n_batches": 7774, "time": 2.711, "data_time": 0.001, "lr": 0.001, "loss": -27.576, "recon_loss": -29.63, "kld_loss": 41.081, "kld_weight": 0.05}
{"message": "", "levelname": "INFO", "name": "Trainer", "asctime": "2026-04-16 19:03:10,267", "type": "train", "epoch": 4, "batch": 4319, "n_batches": 7774, "time": 2.736, "data_time": 0.001, "lr": 0.001, "loss": -26.61, "recon_loss": -28.568, "kld_loss": 39.167, "kld_weight": 0.05}
{"message": "", "levelname": "INFO", "name": "Trainer", "asctime": "2026-04-16 19:03:40,363", "type": "train", "epoch": 4, "batch": 4399, "n_batches": 7774, "time": 3.15, "data_time": 0.001, "lr": 0.001, "loss": -18.92, "recon_loss": -21.994, "kld_loss": 61.474, "kld_weight": 0.05}
{"message": "", "levelname": "INFO", "name": "Trainer", "asctime": "2026-04-16 19:04:07,260", "type": "train", "epoch": 4, "batch": 4479, "n_batches": 7774, "time": 2.6, "data_time": 0.001, "lr": 0.001, "loss": -21.624, "recon_loss": -23.916, "kld_loss": 45.833, "kld_weight": 0.05}
{"message": "", "levelname": "INFO", "name": "Trainer", "asctime": "2026-04-16 19:04:31,976", "type": "train", "epoch": 4, "batch": 4559, "n_batches": 7774, "time": 2.293, "data_time": 0.001, "lr": 0.001, "loss": -23.138, "recon_loss": -25.407, "kld_loss": 45.37, "kld_weight": 0.05}
{"message": "", "levelname": "INFO", "name": "Trainer", "asctime": "2026-04-16 19:04:59,162", "type": "train", "epoch": 4, "batch": 4639, "n_batches": 7774, "time": 2.499, "data_time": 0.0, "lr": 0.001, "loss": -21.623, "recon_loss": -23.9, "kld_loss": 45.557, "kld_weight": 0.05}
{"message": "", "levelname": "INFO", "name": "Trainer", "asctime": "2026-04-16 19:05:27,820", "type": "train", "epoch": 4, "batch": 4719, "n_batches": 7774, "time": 2.931, "data_time": 0.001, "lr": 0.001, "loss": -21.02, "recon_loss": -22.707, "kld_loss": 33.753, "kld_weight": 0.05}
{"message": "", "levelname": "INFO", "name": "Trainer", "asctime": "2026-04-16 19:05:52,750", "type": "train", "epoch": 4, "batch": 4799, "n_batches": 7774, "time": 1.701, "data_time": 0.0, "lr": 0.001, "loss": -22.333, "recon_loss": -24.476, "kld_loss": 42.845, "kld_weight": 0.05}
{"message": "", "levelname": "INFO", "name": "Trainer", "asctime": "2026-04-16 19:06:21,951", "type": "train", "epoch": 4, "batch": 4879, "n_batches": 7774, "time": 2.37, "data_time": 0.0, "lr": 0.001, "loss": -22.405, "recon_loss": -24.658, "kld_loss": 45.057, "kld_weight": 0.05}
{"message": "", "levelname": "INFO", "name": "Trainer", "asctime": "2026-04-16 19:06:46,844", "type": "train", "epoch": 4, "batch": 4959, "n_batches": 7774, "time": 2.243, "data_time": 0.0, "lr": 0.001, "loss": -23.166, "recon_loss": -25.533, "kld_loss": 47.342, "kld_weight": 0.05}
{"message": "", "levelname": "INFO", "name": "Trainer", "asctime": "2026-04-16 19:07:12,602", "type": "train", "epoch": 4, "batch": 5039, "n_batches": 7774, "time": 2.58, "data_time": 0.001, "lr": 0.001, "loss": -24.967, "recon_loss": -27.169, "kld_loss": 44.031, "kld_weight": 0.05}
{"message": "", "levelname": "INFO", "name": "Trainer", "asctime": "2026-04-16 19:07:39,977", "type": "train", "epoch": 4, "batch": 5119, "n_batches": 7774, "time": 3.016, "data_time": 0.0, "lr": 0.001, "loss": -27.479, "recon_loss": -29.585, "kld_loss": 42.128, "kld_weight": 0.05}
{"message": "", "levelname": "INFO", "name": "Trainer", "asctime": "2026-04-16 19:08:07,770", "type": "train", "epoch": 4, "batch": 5199, "n_batches": 7774, "time": 3.115, "data_time": 0.001, "lr": 0.001, "loss": -24.575, "recon_loss": -27.382, "kld_loss": 56.141, "kld_weight": 0.05}
{"message": "", "levelname": "INFO", "name": "Trainer", "asctime": "2026-04-16 19:08:34,907", "type": "train", "epoch": 4, "batch": 5279, "n_batches": 7774, "time": 2.654, "data_time": 0.001, "lr": 0.001, "loss": -27.146, "recon_loss": -29.069, "kld_loss": 38.457, "kld_weight": 0.05}
{"message": "", "levelname": "INFO", "name": "Trainer", "asctime": "2026-04-16 19:09:01,219", "type": "train", "epoch": 4, "batch": 5359, "n_batches": 7774, "time": 2.521, "data_time": 0.001, "lr": 0.001, "loss": -28.867, "recon_loss": -31.056, "kld_loss": 43.774, "kld_weight": 0.05}
{"message": "", "levelname": "INFO", "name": "Trainer", "asctime": "2026-04-16 19:09:28,107", "type": "train", "epoch": 4, "batch": 5439, "n_batches": 7774, "time": 3.241, "data_time": 0.001, "lr": 0.001, "loss": -21.049, "recon_loss": -23.137, "kld_loss": 41.756, "kld_weight": 0.05}
{"message": "", "levelname": "INFO", "name": "Trainer", "asctime": "2026-04-16 19:09:54,132", "type": "train", "epoch": 4, "batch": 5519, "n_batches": 7774, "time": 2.962, "data_time": 0.001, "lr": 0.001, "loss": -25.036, "recon_loss": -27.174, "kld_loss": 42.749, "kld_weight": 0.05}
{"message": "", "levelname": "INFO", "name": "Trainer", "asctime": "2026-04-16 19:10:20,359", "type": "train", "epoch": 4, "batch": 5599, "n_batches": 7774, "time": 2.499, "data_time": 0.0, "lr": 0.001, "loss": -25.539, "recon_loss": -27.922, "kld_loss": 47.667, "kld_weight": 0.05}
{"message": "", "levelname": "INFO", "name": "Trainer", "asctime": "2026-04-16 19:10:47,834", "type": "train", "epoch": 4, "batch": 5679, "n_batches": 7774, "time": 2.669, "data_time": 0.0, "lr": 0.001, "loss": -17.639, "recon_loss": -19.663, "kld_loss": 40.485, "kld_weight": 0.05}
{"message": "", "levelname": "INFO", "name": "Trainer", "asctime": "2026-04-16 19:11:16,965", "type": "train", "epoch": 4, "batch": 5759, "n_batches": 7774, "time": 2.556, "data_time": 0.0, "lr": 0.001, "loss": -30.101, "recon_loss": -32.218, "kld_loss": 42.332, "kld_weight": 0.05}
{"message": "", "levelname": "INFO", "name": "Trainer", "asctime": "2026-04-16 19:11:42,491", "type": "train", "epoch": 4, "batch": 5839, "n_batches": 7774, "time": 2.381, "data_time": 0.0, "lr": 0.001, "loss": -27.78, "recon_loss": -29.88, "kld_loss": 42.008, "kld_weight": 0.05}
{"message": "", "levelname": "INFO", "name": "Trainer", "asctime": "2026-04-16 19:12:11,374", "type": "train", "epoch": 4, "batch": 5919, "n_batches": 7774, "time": 3.639, "data_time": 0.001, "lr": 0.001, "loss": -27.394, "recon_loss": -29.516, "kld_loss": 42.431, "kld_weight": 0.05}
{"message": "", "levelname": "INFO", "name": "Trainer", "asctime": "2026-04-16 19:12:37,538", "type": "train", "epoch": 4, "batch": 5999, "n_batches": 7774, "time": 2.961, "data_time": 0.001, "lr": 0.001, "loss": -27.407, "recon_loss": -29.587, "kld_loss": 43.604, "kld_weight": 0.05}
{"message": "", "levelname": "INFO", "name": "Trainer", "asctime": "2026-04-16 19:13:04,472", "type": "train", "epoch": 4, "batch": 6079, "n_batches": 7774, "time": 2.668, "data_time": 0.0, "lr": 0.001, "loss": -22.466, "recon_loss": -24.699, "kld_loss": 44.664, "kld_weight": 0.05}
{"message": "", "levelname": "INFO", "name": "Trainer", "asctime": "2026-04-16 19:13:31,080", "type": "train", "epoch": 4, "batch": 6159, "n_batches": 7774, "time": 3.237, "data_time": 0.001, "lr": 0.001, "loss": -19.946, "recon_loss": -22.299, "kld_loss": 47.05, "kld_weight": 0.05}
{"message": "", "levelname": "INFO", "name": "Trainer", "asctime": "2026-04-16 19:13:58,657", "type": "train", "epoch": 4, "batch": 6239, "n_batches": 7774, "time": 1.763, "data_time": 0.0, "lr": 0.001, "loss": -25.87, "recon_loss": -27.926, "kld_loss": 41.11, "kld_weight": 0.05}
{"message": "", "levelname": "INFO", "name": "Trainer", "asctime": "2026-04-16 19:14:26,939", "type": "train", "epoch": 4, "batch": 6319, "n_batches": 7774, "time": 3.175, "data_time": 0.001, "lr": 0.001, "loss": -21.592, "recon_loss": -23.893, "kld_loss": 46.024, "kld_weight": 0.05}
{"message": "", "levelname": "INFO", "name": "Trainer", "asctime": "2026-04-16 19:14:54,443", "type": "train", "epoch": 4, "batch": 6399, "n_batches": 7774, "time": 2.768, "data_time": 0.001, "lr": 0.001, "loss": -21.469, "recon_loss": -23.652, "kld_loss": 43.652, "kld_weight": 0.05}
{"message": "", "levelname": "INFO", "name": "Trainer", "asctime": "2026-04-16 19:15:20,588", "type": "train", "epoch": 4, "batch": 6479, "n_batches": 7774, "time": 2.576, "data_time": 0.0, "lr": 0.001, "loss": -18.659, "recon_loss": -20.696, "kld_loss": 40.741, "kld_weight": 0.05}
{"message": "", "levelname": "INFO", "name": "Trainer", "asctime": "2026-04-16 19:15:47,438", "type": "train", "epoch": 4, "batch": 6559, "n_batches": 7774, "time": 2.564, "data_time": 0.001, "lr": 0.001, "loss": -24.468, "recon_loss": -27.159, "kld_loss": 53.811, "kld_weight": 0.05}
{"message": "", "levelname": "INFO", "name": "Trainer", "asctime": "2026-04-16 19:16:14,939", "type": "train", "epoch": 4, "batch": 6639, "n_batches": 7774, "time": 2.505, "data_time": 0.001, "lr": 0.001, "loss": -22.956, "recon_loss": -24.855, "kld_loss": 37.982, "kld_weight": 0.05}
{"message": "", "levelname": "INFO", "name": "Trainer", "asctime": "2026-04-16 19:16:41,825", "type": "train", "epoch": 4, "batch": 6719, "n_batches": 7774, "time": 3.147, "data_time": 0.001, "lr": 0.001, "loss": -17.465, "recon_loss": -19.657, "kld_loss": 43.845, "kld_weight": 0.05}
{"message": "", "levelname": "INFO", "name": "Trainer", "asctime": "2026-04-16 19:17:08,063", "type": "train", "epoch": 4, "batch": 6799, "n_batches": 7774, "time": 2.944, "data_time": 0.001, "lr": 0.001, "loss": -20.581, "recon_loss": -22.796, "kld_loss": 44.308, "kld_weight": 0.05}
{"message": "", "levelname": "INFO", "name": "Trainer", "asctime": "2026-04-16 19:17:34,049", "type": "train", "epoch": 4, "batch": 6879, "n_batches": 7774, "time": 2.781, "data_time": 0.001, "lr": 0.001, "loss": -26.664, "recon_loss": -28.76, "kld_loss": 41.918, "kld_weight": 0.05}
{"message": "", "levelname": "INFO", "name": "Trainer", "asctime": "2026-04-16 19:17:57,634", "type": "train", "epoch": 4, "batch": 6959, "n_batches": 7774, "time": 2.466, "data_time": 0.001, "lr": 0.001, "loss": -26.251, "recon_loss": -28.419, "kld_loss": 43.354, "kld_weight": 0.05}
{"message": "", "levelname": "INFO", "name": "Trainer", "asctime": "2026-04-16 19:18:24,238", "type": "train", "epoch": 4, "batch": 7039, "n_batches": 7774, "time": 2.72, "data_time": 0.001, "lr": 0.001, "loss": -20.684, "recon_loss": -22.918, "kld_loss": 44.687, "kld_weight": 0.05}
{"message": "", "levelname": "INFO", "name": "Trainer", "asctime": "2026-04-16 19:18:49,187", "type": "train", "epoch": 4, "batch": 7119, "n_batches": 7774, "time": 2.381, "data_time": 0.001, "lr": 0.001, "loss": -20.181, "recon_loss": -22.572, "kld_loss": 47.825, "kld_weight": 0.05}
{"message": "", "levelname": "INFO", "name": "Trainer", "asctime": "2026-04-16 19:19:15,316", "type": "train", "epoch": 4, "batch": 7199, "n_batches": 7774, "time": 2.682, "data_time": 0.001, "lr": 0.001, "loss": -22.865, "recon_loss": -25.212, "kld_loss": 46.94, "kld_weight": 0.05}
{"message": "", "levelname": "INFO", "name": "Trainer", "asctime": "2026-04-16 19:19:39,974", "type": "train", "epoch": 4, "batch": 7279, "n_batches": 7774, "time": 1.99, "data_time": 0.0, "lr": 0.001, "loss": -29.358, "recon_loss": -31.548, "kld_loss": 43.816, "kld_weight": 0.05}
{"message": "", "levelname": "INFO", "name": "Trainer", "asctime": "2026-04-16 19:20:05,061", "type": "train", "epoch": 4, "batch": 7359, "n_batches": 7774, "time": 2.517, "data_time": 0.001, "lr": 0.001, "loss": -21.199, "recon_loss": -23.242, "kld_loss": 40.866, "kld_weight": 0.05}
{"message": "", "levelname": "INFO", "name": "Trainer", "asctime": "2026-04-16 19:20:29,801", "type": "train", "epoch": 4, "batch": 7439, "n_batches": 7774, "time": 2.338, "data_time": 0.0, "lr": 0.001, "loss": -22.538, "recon_loss": -24.539, "kld_loss": 40.021, "kld_weight": 0.05}
{"message": "", "levelname": "INFO", "name": "Trainer", "asctime": "2026-04-16 19:20:57,625", "type": "train", "epoch": 4, "batch": 7519, "n_batches": 7774, "time": 3.136, "data_time": 0.0, "lr": 0.001, "loss": -21.423, "recon_loss": -23.386, "kld_loss": 39.247, "kld_weight": 0.05}
{"message": "", "levelname": "INFO", "name": "Trainer", "asctime": "2026-04-16 19:21:21,689", "type": "train", "epoch": 4, "batch": 7599, "n_batches": 7774, "time": 2.478, "data_time": 0.0, "lr": 0.001, "loss": -25.987, "recon_loss": -27.901, "kld_loss": 38.285, "kld_weight": 0.05}
{"message": "", "levelname": "INFO", "name": "Trainer", "asctime": "2026-04-16 19:21:46,102", "type": "train", "epoch": 4, "batch": 7679, "n_batches": 7774, "time": 2.514, "data_time": 0.0, "lr": 0.001, "loss": -22.985, "recon_loss": -24.977, "kld_loss": 39.858, "kld_weight": 0.05}
{"message": "", "levelname": "INFO", "name": "Trainer", "asctime": "2026-04-16 19:22:11,334", "type": "train", "epoch": 4, "batch": 7759, "n_batches": 7774, "time": 1.656, "data_time": 0.0, "lr": 0.001, "loss": -23.171, "recon_loss": -25.351, "kld_loss": 43.602, "kld_weight": 0.05}
{"message": "", "levelname": "INFO", "name": "Trainer", "asctime": "2026-04-16 19:22:17,187", "type": "train-epoch", "epoch": 5, "loss": -2.93054, "recon_loss": -3.20326, "kld_loss": 5.45455, "kld_weight": 0.05, "time": 2559.7}
{"message": "", "levelname": "INFO", "name": "Trainer", "asctime": "2026-04-16 19:28:44,340", "type": "val-epoch", "epoch": 5, "loss": -3.047, "test_loss": 0.128, "recon_loss": -3.319, "kld_loss": 5.442, "kld_weight": 0.05, "note": "loss is teacher-forced CVAE objective; test_loss is prior-only reconstruction", "time": 387.2}
{"message": "", "levelname": "INFO", "name": "Trainer", "asctime": "2026-04-16 19:29:09,492", "type": "train", "epoch": 5, "batch": 79, "n_batches": 7774, "time": 2.303, "data_time": 0.001, "lr": 0.001, "loss": -24.203, "recon_loss": -26.867, "kld_loss": 44.408, "kld_weight": 0.06}
{"message": "", "levelname": "INFO", "name": "Trainer", "asctime": "2026-04-16 19:29:35,117", "type": "train", "epoch": 5, "batch": 159, "n_batches": 7774, "time": 2.31, "data_time": 0.001, "lr": 0.001, "loss": -19.448, "recon_loss": -22.466, "kld_loss": 50.293, "kld_weight": 0.06}
{"message": "", "levelname": "INFO", "name": "Trainer", "asctime": "2026-04-16 19:30:00,154", "type": "train", "epoch": 5, "batch": 239, "n_batches": 7774, "time": 2.419, "data_time": 0.0, "lr": 0.001, "loss": -17.957, "recon_loss": -20.406, "kld_loss": 40.829, "kld_weight": 0.06}
{"message": "", "levelname": "INFO", "name": "Trainer", "asctime": "2026-04-16 19:30:23,812", "type": "train", "epoch": 5, "batch": 319, "n_batches": 7774, "time": 2.256, "data_time": 0.0, "lr": 0.001, "loss": -23.15, "recon_loss": -25.689, "kld_loss": 42.314, "kld_weight": 0.06}
{"message": "", "levelname": "INFO", "name": "Trainer", "asctime": "2026-04-16 19:30:49,007", "type": "train", "epoch": 5, "batch": 399, "n_batches": 7774, "time": 2.412, "data_time": 0.001, "lr": 0.001, "loss": -26.494, "recon_loss": -28.998, "kld_loss": 41.72, "kld_weight": 0.06}
{"message": "", "levelname": "INFO", "name": "Trainer", "asctime": "2026-04-16 19:31:14,298", "type": "train", "epoch": 5, "batch": 479, "n_batches": 7774, "time": 2.539, "data_time": 0.0, "lr": 0.001, "loss": -26.34, "recon_loss": -29.277, "kld_loss": 48.952, "kld_weight": 0.06}
{"message": "", "levelname": "INFO", "name": "Trainer", "asctime": "2026-04-16 19:31:40,139", "type": "train", "epoch": 5, "batch": 559, "n_batches": 7774, "time": 2.456, "data_time": 0.001, "lr": 0.001, "loss": -25.2, "recon_loss": -27.435, "kld_loss": 37.25, "kld_weight": 0.06}
{"message": "", "levelname": "INFO", "name": "Trainer", "asctime": "2026-04-16 19:32:04,311", "type": "train", "epoch": 5, "batch": 639, "n_batches": 7774, "time": 2.837, "data_time": 0.0, "lr": 0.001, "loss": -22.899, "recon_loss": -25.305, "kld_loss": 40.1, "kld_weight": 0.06}
{"message": "", "levelname": "INFO", "name": "Trainer", "asctime": "2026-04-16 19:32:29,564", "type": "train", "epoch": 5, "batch": 719, "n_batches": 7774, "time": 3.203, "data_time": 0.001, "lr": 0.001, "loss": -20.342, "recon_loss": -23.257, "kld_loss": 48.586, "kld_weight": 0.06}
{"message": "", "levelname": "INFO", "name": "Trainer", "asctime": "2026-04-16 19:32:55,568", "type": "train", "epoch": 5, "batch": 799, "n_batches": 7774, "time": 2.099, "data_time": 0.0, "lr": 0.001, "loss": -25.65, "recon_loss": -28.196, "kld_loss": 42.436, "kld_weight": 0.06}
{"message": "", "levelname": "INFO", "name": "Trainer", "asctime": "2026-04-16 19:33:18,335", "type": "train", "epoch": 5, "batch": 879, "n_batches": 7774, "time": 2.856, "data_time": 0.001, "lr": 0.001, "loss": -22.101, "recon_loss": -24.981, "kld_loss": 47.997, "kld_weight": 0.06}
{"message": "", "levelname": "INFO", "name": "Trainer", "asctime": "2026-04-16 19:33:43,771", "type": "train", "epoch": 5, "batch": 959, "n_batches": 7774, "time": 2.026, "data_time": 0.0, "lr": 0.001, "loss": -28.049, "recon_loss": -30.592, "kld_loss": 42.394, "kld_weight": 0.06}
{"message": "", "levelname": "INFO", "name": "Trainer", "asctime": "2026-04-16 19:34:07,935", "type": "train", "epoch": 5, "batch": 1039, "n_batches": 7774, "time": 2.458, "data_time": 0.001, "lr": 0.001, "loss": -16.81, "recon_loss": -19.927, "kld_loss": 51.939, "kld_weight": 0.06}
{"message": "", "levelname": "INFO", "name": "Trainer", "asctime": "2026-04-16 19:34:33,645", "type": "train", "epoch": 5, "batch": 1119, "n_batches": 7774, "time": 2.754, "data_time": 0.001, "lr": 0.001, "loss": -20.682, "recon_loss": -22.988, "kld_loss": 38.421, "kld_weight": 0.06}
{"message": "", "levelname": "INFO", "name": "Trainer", "asctime": "2026-04-16 19:34:59,584", "type": "train", "epoch": 5, "batch": 1199, "n_batches": 7774, "time": 2.451, "data_time": 0.001, "lr": 0.001, "loss": -21.838, "recon_loss": -24.175, "kld_loss": 38.953, "kld_weight": 0.06}
{"message": "", "levelname": "INFO", "name": "Trainer", "asctime": "2026-04-16 19:35:24,557", "type": "train", "epoch": 5, "batch": 1279, "n_batches": 7774, "time": 2.64, "data_time": 0.001, "lr": 0.001, "loss": -20.09, "recon_loss": -22.512, "kld_loss": 40.365, "kld_weight": 0.06}
{"message": "", "levelname": "INFO", "name": "Trainer", "asctime": "2026-04-16 19:35:48,933", "type": "train", "epoch": 5, "batch": 1359, "n_batches": 7774, "time": 1.797, "data_time": 0.0, "lr": 0.001, "loss": -30.133, "recon_loss": -32.741, "kld_loss": 43.463, "kld_weight": 0.06}
{"message": "", "levelname": "INFO", "name": "Trainer", "asctime": "2026-04-16 19:36:13,427", "type": "train", "epoch": 5, "batch": 1439, "n_batches": 7774, "time": 2.273, "data_time": 0.0, "lr": 0.001, "loss": -27.724, "recon_loss": -30.254, "kld_loss": 42.151, "kld_weight": 0.06}
{"message": "", "levelname": "INFO", "name": "Trainer", "asctime": "2026-04-16 19:36:38,628", "type": "train", "epoch": 5, "batch": 1519, "n_batches": 7774, "time": 1.734, "data_time": 0.0, "lr": 0.001, "loss": -11.754, "recon_loss": -14.549, "kld_loss": 46.584, "kld_weight": 0.06}
{"message": "", "levelname": "INFO", "name": "Trainer", "asctime": "2026-04-16 19:37:03,234", "type": "train", "epoch": 5, "batch": 1599, "n_batches": 7774, "time": 2.63, "data_time": 0.001, "lr": 0.001, "loss": -28.094, "recon_loss": -30.678, "kld_loss": 43.06, "kld_weight": 0.06}
{"message": "", "levelname": "INFO", "name": "Trainer", "asctime": "2026-04-16 19:37:29,672", "type": "train", "epoch": 5, "batch": 1679, "n_batches": 7774, "time": 2.439, "data_time": 0.001, "lr": 0.001, "loss": -24.627, "recon_loss": -27.106, "kld_loss": 41.323, "kld_weight": 0.06}
{"message": "", "levelname": "INFO", "name": "Trainer", "asctime": "2026-04-16 19:37:53,419", "type": "train", "epoch": 5, "batch": 1759, "n_batches": 7774, "time": 2.215, "data_time": 0.0, "lr": 0.001, "loss": -21.914, "recon_loss": -24.338, "kld_loss": 40.397, "kld_weight": 0.06}
{"message": "", "levelname": "INFO", "name": "Trainer", "asctime": "2026-04-16 19:38:20,994", "type": "train", "epoch": 5, "batch": 1839, "n_batches": 7774, "time": 2.471, "data_time": 0.001, "lr": 0.001, "loss": -22.72, "recon_loss": -25.829, "kld_loss": 51.819, "kld_weight": 0.06}
{"message": "", "levelname": "INFO", "name": "Trainer", "asctime": "2026-04-16 19:38:46,614", "type": "train", "epoch": 5, "batch": 1919, "n_batches": 7774, "time": 2.334, "data_time": 0.0, "lr": 0.001, "loss": -26.133, "recon_loss": -28.399, "kld_loss": 37.771, "kld_weight": 0.06}
{"message": "", "levelname": "INFO", "name": "Trainer", "asctime": "2026-04-16 19:39:12,630", "type": "train", "epoch": 5, "batch": 1999, "n_batches": 7774, "time": 2.653, "data_time": 0.0, "lr": 0.001, "loss": -23.474, "recon_loss": -25.983, "kld_loss": 41.815, "kld_weight": 0.06}
{"message": "", "levelname": "INFO", "name": "Trainer", "asctime": "2026-04-16 19:39:41,315", "type": "train", "epoch": 5, "batch": 2079, "n_batches": 7774, "time": 2.986, "data_time": 0.001, "lr": 0.001, "loss": -21.914, "recon_loss": -24.274, "kld_loss": 39.332, "kld_weight": 0.06}
{"message": "", "levelname": "INFO", "name": "Trainer", "asctime": "2026-04-16 19:40:05,775", "type": "train", "epoch": 5, "batch": 2159, "n_batches": 7774, "time": 2.557, "data_time": 0.001, "lr": 0.001, "loss": -22.556, "recon_loss": -25.197, "kld_loss": 44.012, "kld_weight": 0.06}
{"message": "", "levelname": "INFO", "name": "Trainer", "asctime": "2026-04-16 19:40:30,353", "type": "train", "epoch": 5, "batch": 2239, "n_batches": 7774, "time": 2.795, "data_time": 0.001, "lr": 0.001, "loss": -25.489, "recon_loss": -27.93, "kld_loss": 40.688, "kld_weight": 0.06}
{"message": "", "levelname": "INFO", "name": "Trainer", "asctime": "2026-04-16 19:40:56,033", "type": "train", "epoch": 5, "batch": 2319, "n_batches": 7774, "time": 1.958, "data_time": 0.0, "lr": 0.001, "loss": -23.278, "recon_loss": -25.968, "kld_loss": 44.821, "kld_weight": 0.06}
{"message": "", "levelname": "INFO", "name": "Trainer", "asctime": "2026-04-16 19:41:20,672", "type": "train", "epoch": 5, "batch": 2399, "n_batches": 7774, "time": 2.467, "data_time": 0.001, "lr": 0.001, "loss": -27.358, "recon_loss": -29.883, "kld_loss": 42.079, "kld_weight": 0.06}
{"message": "", "levelname": "INFO", "name": "Trainer", "asctime": "2026-04-16 19:41:48,002", "type": "train", "epoch": 5, "batch": 2479, "n_batches": 7774, "time": 2.564, "data_time": 0.001, "lr": 0.001, "loss": -26.117, "recon_loss": -28.498, "kld_loss": 39.689, "kld_weight": 0.06}
{"message": "", "levelname": "INFO", "name": "Trainer", "asctime": "2026-04-16 19:42:13,208", "type": "train", "epoch": 5, "batch": 2559, "n_batches": 7774, "time": 2.322, "data_time": 0.001, "lr": 0.001, "loss": -24.567, "recon_loss": -26.904, "kld_loss": 38.962, "kld_weight": 0.06}
{"message": "", "levelname": "INFO", "name": "Trainer", "asctime": "2026-04-16 19:42:37,155", "type": "train", "epoch": 5, "batch": 2639, "n_batches": 7774, "time": 2.534, "data_time": 0.001, "lr": 0.001, "loss": -26.547, "recon_loss": -28.9, "kld_loss": 39.217, "kld_weight": 0.06}
{"message": "", "levelname": "INFO", "name": "Trainer", "asctime": "2026-04-16 19:43:02,933", "type": "train", "epoch": 5, "batch": 2719, "n_batches": 7774, "time": 3.266, "data_time": 0.001, "lr": 0.001, "loss": -23.949, "recon_loss": -26.632, "kld_loss": 44.727, "kld_weight": 0.06}
{"message": "", "levelname": "INFO", "name": "Trainer", "asctime": "2026-04-16 19:43:27,685", "type": "train", "epoch": 5, "batch": 2799, "n_batches": 7774, "time": 2.463, "data_time": 0.001, "lr": 0.001, "loss": -22.243, "recon_loss": -24.689, "kld_loss": 40.768, "kld_weight": 0.06}
{"message": "", "levelname": "INFO", "name": "Trainer", "asctime": "2026-04-16 19:43:52,276", "type": "train", "epoch": 5, "batch": 2879, "n_batches": 7774, "time": 1.742, "data_time": 0.001, "lr": 0.001, "loss": -19.42, "recon_loss": -22.188, "kld_loss": 46.147, "kld_weight": 0.06}
{"message": "", "levelname": "INFO", "name": "Trainer", "asctime": "2026-04-16 19:44:15,102", "type": "train", "epoch": 5, "batch": 2959, "n_batches": 7774, "time": 2.03, "data_time": 0.001, "lr": 0.001, "loss": -21.575, "recon_loss": -23.879, "kld_loss": 38.396, "kld_weight": 0.06}
{"message": "", "levelname": "INFO", "name": "Trainer", "asctime": "2026-04-16 19:44:40,358", "type": "train", "epoch": 5, "batch": 3039, "n_batches": 7774, "time": 2.516, "data_time": 0.0, "lr": 0.001, "loss": -22.496, "recon_loss": -25.575, "kld_loss": 51.315, "kld_weight": 0.06}
{"message": "", "levelname": "INFO", "name": "Trainer", "asctime": "2026-04-16 19:45:06,495", "type": "train", "epoch": 5, "batch": 3119, "n_batches": 7774, "time": 2.776, "data_time": 0.001, "lr": 0.001, "loss": -21.285, "recon_loss": -23.605, "kld_loss": 38.672, "kld_weight": 0.06}
{"message": "", "levelname": "INFO", "name": "Trainer", "asctime": "2026-04-16 19:45:32,432", "type": "train", "epoch": 5, "batch": 3199, "n_batches": 7774, "time": 2.871, "data_time": 0.001, "lr": 0.001, "loss": -23.174, "recon_loss": -25.692, "kld_loss": 41.975, "kld_weight": 0.06}
{"message": "", "levelname": "INFO", "name": "Trainer", "asctime": "2026-04-16 19:45:57,836", "type": "train", "epoch": 5, "batch": 3279, "n_batches": 7774, "time": 2.493, "data_time": 0.001, "lr": 0.001, "loss": -17.056, "recon_loss": -19.475, "kld_loss": 40.326, "kld_weight": 0.06}
{"message": "", "levelname": "INFO", "name": "Trainer", "asctime": "2026-04-16 19:46:23,897", "type": "train", "epoch": 5, "batch": 3359, "n_batches": 7774, "time": 2.414, "data_time": 0.001, "lr": 0.001, "loss": -23.362, "recon_loss": -25.994, "kld_loss": 43.867, "kld_weight": 0.06}
{"message": "", "levelname": "INFO", "name": "Trainer", "asctime": "2026-04-16 19:46:50,148", "type": "train", "epoch": 5, "batch": 3439, "n_batches": 7774, "time": 3.002, "data_time": 0.001, "lr": 0.001, "loss": -24.444, "recon_loss": -26.814, "kld_loss": 39.497, "kld_weight": 0.06}
{"message": "", "levelname": "INFO", "name": "Trainer", "asctime": "2026-04-16 19:47:15,778", "type": "train", "epoch": 5, "batch": 3519, "n_batches": 7774, "time": 2.56, "data_time": 0.0, "lr": 0.001, "loss": -26.438, "recon_loss": -28.71, "kld_loss": 37.871, "kld_weight": 0.06}
{"message": "", "levelname": "INFO", "name": "Trainer", "asctime": "2026-04-16 19:47:39,318", "type": "train", "epoch": 5, "batch": 3599, "n_batches": 7774, "time": 2.603, "data_time": 0.001, "lr": 0.001, "loss": -12.718, "recon_loss": -15.114, "kld_loss": 39.935, "kld_weight": 0.06}
{"message": "", "levelname": "INFO", "name": "Trainer", "asctime": "2026-04-16 19:48:06,006", "type": "train", "epoch": 5, "batch": 3679, "n_batches": 7774, "time": 2.786, "data_time": 0.001, "lr": 0.001, "loss": -26.347, "recon_loss": -28.786, "kld_loss": 40.654, "kld_weight": 0.06}
{"message": "", "levelname": "INFO", "name": "Trainer", "asctime": "2026-04-16 19:48:32,929", "type": "train", "epoch": 5, "batch": 3759, "n_batches": 7774, "time": 2.532, "data_time": 0.001, "lr": 0.001, "loss": -19.449, "recon_loss": -22.291, "kld_loss": 47.38, "kld_weight": 0.06}
{"message": "", "levelname": "INFO", "name": "Trainer", "asctime": "2026-04-16 19:48:58,747", "type": "train", "epoch": 5, "batch": 3839, "n_batches": 7774, "time": 2.678, "data_time": 0.001, "lr": 0.001, "loss": -29.908, "recon_loss": -32.524, "kld_loss": 43.586, "kld_weight": 0.06}
{"message": "", "levelname": "INFO", "name": "Trainer", "asctime": "2026-04-16 19:49:23,906", "type": "train", "epoch": 5, "batch": 3919, "n_batches": 7774, "time": 2.651, "data_time": 0.001, "lr": 0.001, "loss": -26.246, "recon_loss": -28.822, "kld_loss": 42.924, "kld_weight": 0.06}
{"message": "", "levelname": "INFO", "name": "Trainer", "asctime": "2026-04-16 19:49:49,722", "type": "train", "epoch": 5, "batch": 3999, "n_batches": 7774, "time": 2.671, "data_time": 0.0, "lr": 0.001, "loss": -27.071, "recon_loss": -29.69, "kld_loss": 43.643, "kld_weight": 0.06}
{"message": "", "levelname": "INFO", "name": "Trainer", "asctime": "2026-04-16 19:50:14,579", "type": "train", "epoch": 5, "batch": 4079, "n_batches": 7774, "time": 2.225, "data_time": 0.001, "lr": 0.001, "loss": -20.777, "recon_loss": -23.509, "kld_loss": 45.54, "kld_weight": 0.06}
{"message": "", "levelname": "INFO", "name": "Trainer", "asctime": "2026-04-16 19:50:41,073", "type": "train", "epoch": 5, "batch": 4159, "n_batches": 7774, "time": 3.289, "data_time": 0.0, "lr": 0.001, "loss": -19.613, "recon_loss": -22.425, "kld_loss": 46.875, "kld_weight": 0.06}
{"message": "", "levelname": "INFO", "name": "Trainer", "asctime": "2026-04-16 19:51:06,792", "type": "train", "epoch": 5, "batch": 4239, "n_batches": 7774, "time": 2.541, "data_time": 0.0, "lr": 0.001, "loss": -25.365, "recon_loss": -28.0, "kld_loss": 43.912, "kld_weight": 0.06}
{"message": "", "levelname": "INFO", "name": "Trainer", "asctime": "2026-04-16 19:51:32,750", "type": "train", "epoch": 5, "batch": 4319, "n_batches": 7774, "time": 2.07, "data_time": 0.001, "lr": 0.001, "loss": -23.692, "recon_loss": -26.107, "kld_loss": 40.26, "kld_weight": 0.06}
{"message": "", "levelname": "INFO", "name": "Trainer", "asctime": "2026-04-16 19:51:56,327", "type": "train", "epoch": 5, "batch": 4399, "n_batches": 7774, "time": 2.769, "data_time": 0.001, "lr": 0.001, "loss": -17.783, "recon_loss": -20.107, "kld_loss": 38.729, "kld_weight": 0.06}
{"message": "", "levelname": "INFO", "name": "Trainer", "asctime": "2026-04-16 19:52:21,671", "type": "train", "epoch": 5, "batch": 4479, "n_batches": 7774, "time": 2.403, "data_time": 0.0, "lr": 0.001, "loss": -23.357, "recon_loss": -25.825, "kld_loss": 41.12, "kld_weight": 0.06}
{"message": "", "levelname": "INFO", "name": "Trainer", "asctime": "2026-04-16 19:52:46,774", "type": "train", "epoch": 5, "batch": 4559, "n_batches": 7774, "time": 2.448, "data_time": 0.001, "lr": 0.001, "loss": -22.6, "recon_loss": -25.313, "kld_loss": 45.205, "kld_weight": 0.06}
{"message": "", "levelname": "INFO", "name": "Trainer", "asctime": "2026-04-16 19:53:11,796", "type": "train", "epoch": 5, "batch": 4639, "n_batches": 7774, "time": 2.37, "data_time": 0.001, "lr": 0.001, "loss": -19.682, "recon_loss": -22.487, "kld_loss": 46.746, "kld_weight": 0.06}
{"message": "", "levelname": "INFO", "name": "Trainer", "asctime": "2026-04-16 19:53:36,522", "type": "train", "epoch": 5, "batch": 4719, "n_batches": 7774, "time": 2.656, "data_time": 0.001, "lr": 0.001, "loss": -23.815, "recon_loss": -26.236, "kld_loss": 40.35, "kld_weight": 0.06}
{"message": "", "levelname": "INFO", "name": "Trainer", "asctime": "2026-04-16 19:54:01,221", "type": "train", "epoch": 5, "batch": 4799, "n_batches": 7774, "time": 2.326, "data_time": 0.0, "lr": 0.001, "loss": -27.409, "recon_loss": -29.804, "kld_loss": 39.907, "kld_weight": 0.06}
{"message": "", "levelname": "INFO", "name": "Trainer", "asctime": "2026-04-16 19:54:28,218", "type": "train", "epoch": 5, "batch": 4879, "n_batches": 7774, "time": 3.141, "data_time": 0.001, "lr": 0.001, "loss": -23.949, "recon_loss": -26.801, "kld_loss": 47.528, "kld_weight": 0.06}
{"message": "", "levelname": "INFO", "name": "Trainer", "asctime": "2026-04-16 19:54:53,555", "type": "train", "epoch": 5, "batch": 4959, "n_batches": 7774, "time": 1.985, "data_time": 0.001, "lr": 0.001, "loss": -23.922, "recon_loss": -26.41, "kld_loss": 41.462, "kld_weight": 0.06}
{"message": "", "levelname": "INFO", "name": "Trainer", "asctime": "2026-04-16 19:55:19,033", "type": "train", "epoch": 5, "batch": 5039, "n_batches": 7774, "time": 2.733, "data_time": 0.001, "lr": 0.001, "loss": -25.54, "recon_loss": -28.251, "kld_loss": 45.189, "kld_weight": 0.06}
{"message": "", "levelname": "INFO", "name": "Trainer", "asctime": "2026-04-16 19:55:45,728", "type": "train", "epoch": 5, "batch": 5119, "n_batches": 7774, "time": 2.59, "data_time": 0.0, "lr": 0.001, "loss": -19.714, "recon_loss": -22.542, "kld_loss": 47.129, "kld_weight": 0.06}
{"message": "", "levelname": "INFO", "name": "Trainer", "asctime": "2026-04-16 19:56:08,987", "type": "train", "epoch": 5, "batch": 5199, "n_batches": 7774, "time": 1.959, "data_time": 0.001, "lr": 0.001, "loss": -28.334, "recon_loss": -30.796, "kld_loss": 41.041, "kld_weight": 0.06}
{"message": "", "levelname": "INFO", "name": "Trainer", "asctime": "2026-04-16 19:56:33,455", "type": "train", "epoch": 5, "batch": 5279, "n_batches": 7774, "time": 2.374, "data_time": 0.0, "lr": 0.001, "loss": -11.188, "recon_loss": -14.179, "kld_loss": 49.848, "kld_weight": 0.06}
{"message": "", "levelname": "INFO", "name": "Trainer", "asctime": "2026-04-16 19:56:57,482", "type": "train", "epoch": 5, "batch": 5359, "n_batches": 7774, "time": 2.141, "data_time": 0.001, "lr": 0.001, "loss": -26.63, "recon_loss": -29.031, "kld_loss": 40.029, "kld_weight": 0.06}
{"message": "", "levelname": "INFO", "name": "Trainer", "asctime": "2026-04-16 19:57:22,771", "type": "train", "epoch": 5, "batch": 5439, "n_batches": 7774, "time": 2.232, "data_time": 0.0, "lr": 0.001, "loss": -17.902, "recon_loss": -20.06, "kld_loss": 35.964, "kld_weight": 0.06}
{"message": "", "levelname": "INFO", "name": "Trainer", "asctime": "2026-04-16 19:57:47,409", "type": "train", "epoch": 5, "batch": 5519, "n_batches": 7774, "time": 2.7, "data_time": 0.001, "lr": 0.001, "loss": -23.666, "recon_loss": -26.094, "kld_loss": 40.466, "kld_weight": 0.06}
{"message": "", "levelname": "INFO", "name": "Trainer", "asctime": "2026-04-16 19:58:11,977", "type": "train", "epoch": 5, "batch": 5599, "n_batches": 7774, "time": 1.993, "data_time": 0.0, "lr": 0.001, "loss": -20.211, "recon_loss": -23.402, "kld_loss": 53.196, "kld_weight": 0.06}
{"message": "", "levelname": "INFO", "name": "Trainer", "asctime": "2026-04-16 19:58:38,229", "type": "train", "epoch": 5, "batch": 5679, "n_batches": 7774, "time": 2.499, "data_time": 0.001, "lr": 0.001, "loss": -17.823, "recon_loss": -20.783, "kld_loss": 49.329, "kld_weight": 0.06}
{"message": "", "levelname": "INFO", "name": "Trainer", "asctime": "2026-04-16 19:59:02,146", "type": "train", "epoch": 5, "batch": 5759, "n_batches": 7774, "time": 2.379, "data_time": 0.001, "lr": 0.001, "loss": -20.28, "recon_loss": -22.837, "kld_loss": 42.609, "kld_weight": 0.06}
{"message": "", "levelname": "INFO", "name": "Trainer", "asctime": "2026-04-16 19:59:28,854", "type": "train", "epoch": 5, "batch": 5839, "n_batches": 7774, "time": 1.762, "data_time": 0.0, "lr": 0.001, "loss": -16.889, "recon_loss": -19.382, "kld_loss": 41.545, "kld_weight": 0.06}
{"message": "", "levelname": "INFO", "name": "Trainer", "asctime": "2026-04-16 19:59:52,978", "type": "train", "epoch": 5, "batch": 5919, "n_batches": 7774, "time": 3.059, "data_time": 0.001, "lr": 0.001, "loss": -28.353, "recon_loss": -30.89, "kld_loss": 42.278, "kld_weight": 0.06}
{"message": "", "levelname": "INFO", "name": "Trainer", "asctime": "2026-04-16 20:00:19,034", "type": "train", "epoch": 5, "batch": 5999, "n_batches": 7774, "time": 2.491, "data_time": 0.001, "lr": 0.001, "loss": -20.259, "recon_loss": -24.469, "kld_loss": 70.155, "kld_weight": 0.06}
{"message": "", "levelname": "INFO", "name": "Trainer", "asctime": "2026-04-16 20:00:44,350", "type": "train", "epoch": 5, "batch": 6079, "n_batches": 7774, "time": 2.398, "data_time": 0.001, "lr": 0.001, "loss": -20.138, "recon_loss": -22.853, "kld_loss": 45.239, "kld_weight": 0.06}
{"message": "", "levelname": "INFO", "name": "Trainer", "asctime": "2026-04-16 20:01:09,481", "type": "train", "epoch": 5, "batch": 6159, "n_batches": 7774, "time": 2.803, "data_time": 0.0, "lr": 0.001, "loss": -19.173, "recon_loss": -21.748, "kld_loss": 42.916, "kld_weight": 0.06}
{"message": "", "levelname": "INFO", "name": "Trainer", "asctime": "2026-04-16 20:01:33,623", "type": "train", "epoch": 5, "batch": 6239, "n_batches": 7774, "time": 1.393, "data_time": 0.001, "lr": 0.001, "loss": -24.884, "recon_loss": -27.12, "kld_loss": 37.263, "kld_weight": 0.06}
{"message": "", "levelname": "INFO", "name": "Trainer", "asctime": "2026-04-16 20:02:00,344", "type": "train", "epoch": 5, "batch": 6319, "n_batches": 7774, "time": 2.829, "data_time": 0.001, "lr": 0.001, "loss": -27.178, "recon_loss": -29.768, "kld_loss": 43.161, "kld_weight": 0.06}
{"message": "", "levelname": "INFO", "name": "Trainer", "asctime": "2026-04-16 20:02:24,115", "type": "train", "epoch": 5, "batch": 6399, "n_batches": 7774, "time": 2.354, "data_time": 0.0, "lr": 0.001, "loss": -25.63, "recon_loss": -27.989, "kld_loss": 39.305, "kld_weight": 0.06}
{"message": "", "levelname": "INFO", "name": "Trainer", "asctime": "2026-04-16 20:02:48,584", "type": "train", "epoch": 5, "batch": 6479, "n_batches": 7774, "time": 2.167, "data_time": 0.001, "lr": 0.001, "loss": -25.138, "recon_loss": -27.638, "kld_loss": 41.667, "kld_weight": 0.06}
{"message": "", "levelname": "INFO", "name": "Trainer", "asctime": "2026-04-16 20:03:13,194", "type": "train", "epoch": 5, "batch": 6559, "n_batches": 7774, "time": 2.833, "data_time": 0.001, "lr": 0.001, "loss": -22.162, "recon_loss": -24.74, "kld_loss": 42.964, "kld_weight": 0.06}
{"message": "", "levelname": "INFO", "name": "Trainer", "asctime": "2026-04-16 20:03:40,093", "type": "train", "epoch": 5, "batch": 6639, "n_batches": 7774, "time": 2.479, "data_time": 0.0, "lr": 0.001, "loss": -22.588, "recon_loss": -25.258, "kld_loss": 44.502, "kld_weight": 0.06}
{"message": "", "levelname": "INFO", "name": "Trainer", "asctime": "2026-04-16 20:04:05,730", "type": "train", "epoch": 5, "batch": 6719, "n_batches": 7774, "time": 2.5, "data_time": 0.0, "lr": 0.001, "loss": -22.643, "recon_loss": -25.05, "kld_loss": 40.116, "kld_weight": 0.06}
{"message": "", "levelname": "INFO", "name": "Trainer", "asctime": "2026-04-16 20:04:29,101", "type": "train", "epoch": 5, "batch": 6799, "n_batches": 7774, "time": 2.335, "data_time": 0.001, "lr": 0.001, "loss": -26.162, "recon_loss": -28.569, "kld_loss": 40.111, "kld_weight": 0.06}
{"message": "", "levelname": "INFO", "name": "Trainer", "asctime": "2026-04-16 20:04:52,881", "type": "train", "epoch": 5, "batch": 6879, "n_batches": 7774, "time": 2.123, "data_time": 0.0, "lr": 0.001, "loss": -30.079, "recon_loss": -32.684, "kld_loss": 43.416, "kld_weight": 0.06}
{"message": "", "levelname": "INFO", "name": "Trainer", "asctime": "2026-04-16 20:05:20,039", "type": "train", "epoch": 5, "batch": 6959, "n_batches": 7774, "time": 3.358, "data_time": 0.001, "lr": 0.001, "loss": -21.811, "recon_loss": -24.525, "kld_loss": 45.239, "kld_weight": 0.06}
{"message": "", "levelname": "INFO", "name": "Trainer", "asctime": "2026-04-16 20:05:43,416", "type": "train", "epoch": 5, "batch": 7039, "n_batches": 7774, "time": 2.721, "data_time": 0.0, "lr": 0.001, "loss": -22.261, "recon_loss": -25.26, "kld_loss": 49.98, "kld_weight": 0.06}
{"message": "", "levelname": "INFO", "name": "Trainer", "asctime": "2026-04-16 20:06:08,619", "type": "train", "epoch": 5, "batch": 7119, "n_batches": 7774, "time": 2.518, "data_time": 0.001, "lr": 0.001, "loss": -19.028, "recon_loss": -21.308, "kld_loss": 37.994, "kld_weight": 0.06}
{"message": "", "levelname": "INFO", "name": "Trainer", "asctime": "2026-04-16 20:06:32,412", "type": "train", "epoch": 5, "batch": 7199, "n_batches": 7774, "time": 1.924, "data_time": 0.0, "lr": 0.001, "loss": -24.246, "recon_loss": -26.717, "kld_loss": 41.185, "kld_weight": 0.06}
{"message": "", "levelname": "INFO", "name": "Trainer", "asctime": "2026-04-16 20:06:56,883", "type": "train", "epoch": 5, "batch": 7279, "n_batches": 7774, "time": 2.656, "data_time": 0.0, "lr": 0.001, "loss": -23.37, "recon_loss": -25.874, "kld_loss": 41.747, "kld_weight": 0.06}
{"message": "", "levelname": "INFO", "name": "Trainer", "asctime": "2026-04-16 20:07:20,235", "type": "train", "epoch": 5, "batch": 7359, "n_batches": 7774, "time": 2.989, "data_time": 0.001, "lr": 0.001, "loss": -22.828, "recon_loss": -25.199, "kld_loss": 39.51, "kld_weight": 0.06}
{"message": "", "levelname": "INFO", "name": "Trainer", "asctime": "2026-04-16 20:07:44,754", "type": "train", "epoch": 5, "batch": 7439, "n_batches": 7774, "time": 2.859, "data_time": 0.001, "lr": 0.001, "loss": -27.301, "recon_loss": -30.043, "kld_loss": 45.706, "kld_weight": 0.06}
{"message": "", "levelname": "INFO", "name": "Trainer", "asctime": "2026-04-16 20:08:07,909", "type": "train", "epoch": 5, "batch": 7519, "n_batches": 7774, "time": 2.064, "data_time": 0.0, "lr": 0.001, "loss": -23.405, "recon_loss": -26.105, "kld_loss": 45.01, "kld_weight": 0.06}
{"message": "", "levelname": "INFO", "name": "Trainer", "asctime": "2026-04-16 20:08:33,489", "type": "train", "epoch": 5, "batch": 7599, "n_batches": 7774, "time": 2.694, "data_time": 0.001, "lr": 0.001, "loss": -18.434, "recon_loss": -20.9, "kld_loss": 41.099, "kld_weight": 0.06}
{"message": "", "levelname": "INFO", "name": "Trainer", "asctime": "2026-04-16 20:08:58,299", "type": "train", "epoch": 5, "batch": 7679, "n_batches": 7774, "time": 3.057, "data_time": 0.001, "lr": 0.001, "loss": -19.365, "recon_loss": -21.986, "kld_loss": 43.678, "kld_weight": 0.06}
{"message": "", "levelname": "INFO", "name": "Trainer", "asctime": "2026-04-16 20:09:22,624", "type": "train", "epoch": 5, "batch": 7759, "n_batches": 7774, "time": 2.433, "data_time": 0.0, "lr": 0.001, "loss": -23.855, "recon_loss": -26.474, "kld_loss": 43.657, "kld_weight": 0.06}
{"message": "", "levelname": "INFO", "name": "Trainer", "asctime": "2026-04-16 20:09:27,296", "type": "train-epoch", "epoch": 6, "loss": -2.90143, "recon_loss": -3.22722, "kld_loss": 5.42998, "kld_weight": 0.06, "time": 2442.9}
{"message": "", "levelname": "INFO", "name": "Trainer", "asctime": "2026-04-16 20:15:54,152", "type": "val-epoch", "epoch": 6, "loss": -2.959, "test_loss": -0.181, "recon_loss": -3.279, "kld_loss": 5.344, "kld_weight": 0.06, "note": "loss is teacher-forced CVAE objective; test_loss is prior-only reconstruction", "time": 386.9}
{"message": "", "levelname": "INFO", "name": "Trainer", "asctime": "2026-04-16 20:16:21,338", "type": "train", "epoch": 6, "batch": 79, "n_batches": 7774, "time": 2.524, "data_time": 0.0, "lr": 0.001, "loss": -26.694, "recon_loss": -29.642, "kld_loss": 42.103, "kld_weight": 0.07}
{"message": "", "levelname": "INFO", "name": "Trainer", "asctime": "2026-04-16 20:16:46,120", "type": "train", "epoch": 6, "batch": 159, "n_batches": 7774, "time": 2.761, "data_time": 0.0, "lr": 0.001, "loss": -25.699, "recon_loss": -28.703, "kld_loss": 42.908, "kld_weight": 0.07}
{"message": "", "levelname": "INFO", "name": "Trainer", "asctime": "2026-04-16 20:17:11,207", "type": "train", "epoch": 6, "batch": 239, "n_batches": 7774, "time": 2.987, "data_time": 0.001, "lr": 0.001, "loss": -20.431, "recon_loss": -23.177, "kld_loss": 39.227, "kld_weight": 0.07}
{"message": "", "levelname": "INFO", "name": "Trainer", "asctime": "2026-04-16 20:17:37,285", "type": "train", "epoch": 6, "batch": 319, "n_batches": 7774, "time": 2.739, "data_time": 0.0, "lr": 0.001, "loss": -24.214, "recon_loss": -27.361, "kld_loss": 44.953, "kld_weight": 0.07}
{"message": "", "levelname": "INFO", "name": "Trainer", "asctime": "2026-04-16 20:18:03,015", "type": "train", "epoch": 6, "batch": 399, "n_batches": 7774, "time": 2.33, "data_time": 0.0, "lr": 0.001, "loss": -26.36, "recon_loss": -29.656, "kld_loss": 47.098, "kld_weight": 0.07}
{"message": "", "levelname": "INFO", "name": "Trainer", "asctime": "2026-04-16 20:18:28,468", "type": "train", "epoch": 6, "batch": 479, "n_batches": 7774, "time": 2.845, "data_time": 0.001, "lr": 0.001, "loss": -25.685, "recon_loss": -28.458, "kld_loss": 39.61, "kld_weight": 0.07}
{"message": "", "levelname": "INFO", "name": "Trainer", "asctime": "2026-04-16 20:18:54,228", "type": "train", "epoch": 6, "batch": 559, "n_batches": 7774, "time": 2.607, "data_time": 0.0, "lr": 0.001, "loss": -21.226, "recon_loss": -23.936, "kld_loss": 38.714, "kld_weight": 0.07}
{"message": "", "levelname": "INFO", "name": "Trainer", "asctime": "2026-04-16 20:19:16,866", "type": "train", "epoch": 6, "batch": 639, "n_batches": 7774, "time": 2.632, "data_time": 0.001, "lr": 0.001, "loss": -26.643, "recon_loss": -29.874, "kld_loss": 46.155, "kld_weight": 0.07}
{"message": "", "levelname": "INFO", "name": "Trainer", "asctime": "2026-04-16 20:19:41,481", "type": "train", "epoch": 6, "batch": 719, "n_batches": 7774, "time": 2.502, "data_time": 0.001, "lr": 0.001, "loss": -22.399, "recon_loss": -25.485, "kld_loss": 44.081, "kld_weight": 0.07}
{"message": "", "levelname": "INFO", "name": "Trainer", "asctime": "2026-04-16 20:20:06,838", "type": "train", "epoch": 6, "batch": 799, "n_batches": 7774, "time": 2.53, "data_time": 0.001, "lr": 0.001, "loss": -26.645, "recon_loss": -29.543, "kld_loss": 41.403, "kld_weight": 0.07}
{"message": "", "levelname": "INFO", "name": "Trainer", "asctime": "2026-04-16 20:20:32,818", "type": "train", "epoch": 6, "batch": 879, "n_batches": 7774, "time": 2.377, "data_time": 0.0, "lr": 0.001, "loss": -22.282, "recon_loss": -25.19, "kld_loss": 41.545, "kld_weight": 0.07}
{"message": "", "levelname": "INFO", "name": "Trainer", "asctime": "2026-04-16 20:20:56,842", "type": "train", "epoch": 6, "batch": 959, "n_batches": 7774, "time": 3.074, "data_time": 0.001, "lr": 0.001, "loss": -25.859, "recon_loss": -28.704, "kld_loss": 40.642, "kld_weight": 0.07}
{"message": "", "levelname": "INFO", "name": "Trainer", "asctime": "2026-04-16 20:21:22,662", "type": "train", "epoch": 6, "batch": 1039, "n_batches": 7774, "time": 2.215, "data_time": 0.001, "lr": 0.001, "loss": -25.682, "recon_loss": -28.912, "kld_loss": 46.141, "kld_weight": 0.07}
{"message": "", "levelname": "INFO", "name": "Trainer", "asctime": "2026-04-16 20:21:47,824", "type": "train", "epoch": 6, "batch": 1119, "n_batches": 7774, "time": 2.085, "data_time": 0.0, "lr": 0.001, "loss": -24.91, "recon_loss": -27.756, "kld_loss": 40.659, "kld_weight": 0.07}
{"message": "", "levelname": "INFO", "name": "Trainer", "asctime": "2026-04-16 20:22:11,361", "type": "train", "epoch": 6, "batch": 1199, "n_batches": 7774, "time": 2.42, "data_time": 0.0, "lr": 0.001, "loss": -23.843, "recon_loss": -26.456, "kld_loss": 37.341, "kld_weight": 0.07}
{"message": "", "levelname": "INFO", "name": "Trainer", "asctime": "2026-04-16 20:22:35,244", "type": "train", "epoch": 6, "batch": 1279, "n_batches": 7774, "time": 2.58, "data_time": 0.001, "lr": 0.001, "loss": -19.106, "recon_loss": -21.642, "kld_loss": 36.223, "kld_weight": 0.07}
{"message": "", "levelname": "INFO", "name": "Trainer", "asctime": "2026-04-16 20:22:57,744", "type": "train", "epoch": 6, "batch": 1359, "n_batches": 7774, "time": 2.106, "data_time": 0.001, "lr": 0.001, "loss": -27.404, "recon_loss": -30.058, "kld_loss": 37.914, "kld_weight": 0.07}
{"message": "", "levelname": "INFO", "name": "Trainer", "asctime": "2026-04-16 20:23:22,495", "type": "train", "epoch": 6, "batch": 1439, "n_batches": 7774, "time": 2.448, "data_time": 0.0, "lr": 0.001, "loss": -20.026, "recon_loss": -22.9, "kld_loss": 41.067, "kld_weight": 0.07}
{"message": "", "levelname": "INFO", "name": "Trainer", "asctime": "2026-04-16 20:23:48,878", "type": "train", "epoch": 6, "batch": 1519, "n_batches": 7774, "time": 2.706, "data_time": 0.001, "lr": 0.001, "loss": -22.134, "recon_loss": -25.152, "kld_loss": 43.106, "kld_weight": 0.07}
{"message": "", "levelname": "INFO", "name": "Trainer", "asctime": "2026-04-16 20:24:10,979", "type": "train", "epoch": 6, "batch": 1599, "n_batches": 7774, "time": 2.177, "data_time": 0.0, "lr": 0.001, "loss": -25.687, "recon_loss": -28.272, "kld_loss": 36.921, "kld_weight": 0.07}
{"message": "", "levelname": "INFO", "name": "Trainer", "asctime": "2026-04-16 20:24:35,056", "type": "train", "epoch": 6, "batch": 1679, "n_batches": 7774, "time": 2.409, "data_time": 0.001, "lr": 0.001, "loss": -19.795, "recon_loss": -22.708, "kld_loss": 41.61, "kld_weight": 0.07}
{"message": "", "levelname": "INFO", "name": "Trainer", "asctime": "2026-04-16 20:25:00,266", "type": "train", "epoch": 6, "batch": 1759, "n_batches": 7774, "time": 2.467, "data_time": 0.001, "lr": 0.001, "loss": -24.646, "recon_loss": -27.495, "kld_loss": 40.698, "kld_weight": 0.07}
{"message": "", "levelname": "INFO", "name": "Trainer", "asctime": "2026-04-16 20:25:25,258", "type": "train", "epoch": 6, "batch": 1839, "n_batches": 7774, "time": 2.045, "data_time": 0.0, "lr": 0.001, "loss": -19.358, "recon_loss": -22.336, "kld_loss": 42.544, "kld_weight": 0.07}
{"message": "", "levelname": "INFO", "name": "Trainer", "asctime": "2026-04-16 20:25:50,444", "type": "train", "epoch": 6, "batch": 1919, "n_batches": 7774, "time": 2.581, "data_time": 0.001, "lr": 0.001, "loss": -22.077, "recon_loss": -24.926, "kld_loss": 40.694, "kld_weight": 0.07}
{"message": "", "levelname": "INFO", "name": "Trainer", "asctime": "2026-04-16 20:26:16,125", "type": "train", "epoch": 6, "batch": 1999, "n_batches": 7774, "time": 3.123, "data_time": 0.001, "lr": 0.001, "loss": -23.662, "recon_loss": -27.148, "kld_loss": 49.799, "kld_weight": 0.07}
{"message": "", "levelname": "INFO", "name": "Trainer", "asctime": "2026-04-16 20:26:41,651", "type": "train", "epoch": 6, "batch": 2079, "n_batches": 7774, "time": 2.973, "data_time": 0.0, "lr": 0.001, "loss": -19.097, "recon_loss": -22.164, "kld_loss": 43.81, "kld_weight": 0.07}
{"message": "", "levelname": "INFO", "name": "Trainer", "asctime": "2026-04-16 20:27:07,640", "type": "train", "epoch": 6, "batch": 2159, "n_batches": 7774, "time": 2.762, "data_time": 0.001, "lr": 0.001, "loss": -26.55, "recon_loss": -29.427, "kld_loss": 41.106, "kld_weight": 0.07}
{"message": "", "levelname": "INFO", "name": "Trainer", "asctime": "2026-04-16 20:27:33,106", "type": "train", "epoch": 6, "batch": 2239, "n_batches": 7774, "time": 2.536, "data_time": 0.0, "lr": 0.001, "loss": -24.196, "recon_loss": -26.975, "kld_loss": 39.704, "kld_weight": 0.07}
{"message": "", "levelname": "INFO", "name": "Trainer", "asctime": "2026-04-16 20:28:00,565", "type": "train", "epoch": 6, "batch": 2319, "n_batches": 7774, "time": 2.395, "data_time": 0.0, "lr": 0.001, "loss": -25.393, "recon_loss": -28.37, "kld_loss": 42.54, "kld_weight": 0.07}
{"message": "", "levelname": "INFO", "name": "Trainer", "asctime": "2026-04-16 20:28:24,998", "type": "train", "epoch": 6, "batch": 2399, "n_batches": 7774, "time": 2.572, "data_time": 0.0, "lr": 0.001, "loss": -20.083, "recon_loss": -23.02, "kld_loss": 41.96, "kld_weight": 0.07}
{"message": "", "levelname": "INFO", "name": "Trainer", "asctime": "2026-04-16 20:28:49,045", "type": "train", "epoch": 6, "batch": 2479, "n_batches": 7774, "time": 2.212, "data_time": 0.001, "lr": 0.001, "loss": -18.334, "recon_loss": -21.493, "kld_loss": 45.132, "kld_weight": 0.07}
{"message": "", "levelname": "INFO", "name": "Trainer", "asctime": "2026-04-16 20:29:14,980", "type": "train", "epoch": 6, "batch": 2559, "n_batches": 7774, "time": 2.214, "data_time": 0.0, "lr": 0.001, "loss": -23.871, "recon_loss": -26.835, "kld_loss": 42.344, "kld_weight": 0.07}
{"message": "", "levelname": "INFO", "name": "Trainer", "asctime": "2026-04-16 20:29:38,915", "type": "train", "epoch": 6, "batch": 2639, "n_batches": 7774, "time": 2.11, "data_time": 0.0, "lr": 0.001, "loss": -25.627, "recon_loss": -28.473, "kld_loss": 40.65, "kld_weight": 0.07}
{"message": "", "levelname": "INFO", "name": "Trainer", "asctime": "2026-04-16 20:30:03,078", "type": "train", "epoch": 6, "batch": 2719, "n_batches": 7774, "time": 2.051, "data_time": 0.0, "lr": 0.001, "loss": -24.354, "recon_loss": -27.243, "kld_loss": 41.284, "kld_weight": 0.07}
{"message": "", "levelname": "INFO", "name": "Trainer", "asctime": "2026-04-16 20:30:27,771", "type": "train", "epoch": 6, "batch": 2799, "n_batches": 7774, "time": 2.357, "data_time": 0.0, "lr": 0.001, "loss": -17.202, "recon_loss": -20.454, "kld_loss": 46.452, "kld_weight": 0.07}
{"message": "", "levelname": "INFO", "name": "Trainer", "asctime": "2026-04-16 20:30:52,513", "type": "train", "epoch": 6, "batch": 2879, "n_batches": 7774, "time": 2.077, "data_time": 0.0, "lr": 0.001, "loss": -31.049, "recon_loss": -33.761, "kld_loss": 38.739, "kld_weight": 0.07}
{"message": "", "levelname": "INFO", "name": "Trainer", "asctime": "2026-04-16 20:31:18,984", "type": "train", "epoch": 6, "batch": 2959, "n_batches": 7774, "time": 2.555, "data_time": 0.001, "lr": 0.001, "loss": -17.748, "recon_loss": -21.563, "kld_loss": 54.507, "kld_weight": 0.07}
{"message": "", "levelname": "INFO", "name": "Trainer", "asctime": "2026-04-16 20:31:43,891", "type": "train", "epoch": 6, "batch": 3039, "n_batches": 7774, "time": 2.489, "data_time": 0.0, "lr": 0.001, "loss": -23.438, "recon_loss": -26.388, "kld_loss": 42.142, "kld_weight": 0.07}
{"message": "", "levelname": "INFO", "name": "Trainer", "asctime": "2026-04-16 20:32:08,704", "type": "train", "epoch": 6, "batch": 3119, "n_batches": 7774, "time": 2.43, "data_time": 0.0, "lr": 0.001, "loss": -25.086, "recon_loss": -28.442, "kld_loss": 47.945, "kld_weight": 0.07}
{"message": "", "levelname": "INFO", "name": "Trainer", "asctime": "2026-04-16 20:32:34,854", "type": "train", "epoch": 6, "batch": 3199, "n_batches": 7774, "time": 2.924, "data_time": 0.001, "lr": 0.001, "loss": -25.4, "recon_loss": -28.398, "kld_loss": 42.829, "kld_weight": 0.07}
{"message": "", "levelname": "INFO", "name": "Trainer", "asctime": "2026-04-16 20:33:01,126", "type": "train", "epoch": 6, "batch": 3279, "n_batches": 7774, "time": 2.524, "data_time": 0.0, "lr": 0.001, "loss": -27.102, "recon_loss": -29.788, "kld_loss": 38.374, "kld_weight": 0.07}
{"message": "", "levelname": "INFO", "name": "Trainer", "asctime": "2026-04-16 20:33:24,566", "type": "train", "epoch": 6, "batch": 3359, "n_batches": 7774, "time": 2.513, "data_time": 0.001, "lr": 0.001, "loss": -25.633, "recon_loss": -29.008, "kld_loss": 48.221, "kld_weight": 0.07}
{"message": "", "levelname": "INFO", "name": "Trainer", "asctime": "2026-04-16 20:33:50,756", "type": "train", "epoch": 6, "batch": 3439, "n_batches": 7774, "time": 3.043, "data_time": 0.0, "lr": 0.001, "loss": -21.991, "recon_loss": -25.084, "kld_loss": 44.197, "kld_weight": 0.07}
{"message": "", "levelname": "INFO", "name": "Trainer", "asctime": "2026-04-16 20:34:15,760", "type": "train", "epoch": 6, "batch": 3519, "n_batches": 7774, "time": 2.931, "data_time": 0.0, "lr": 0.001, "loss": -21.634, "recon_loss": -24.666, "kld_loss": 43.311, "kld_weight": 0.07}
{"message": "", "levelname": "INFO", "name": "Trainer", "asctime": "2026-04-16 20:34:41,115", "type": "train", "epoch": 6, "batch": 3599, "n_batches": 7774, "time": 2.261, "data_time": 0.001, "lr": 0.001, "loss": -24.419, "recon_loss": -27.257, "kld_loss": 40.537, "kld_weight": 0.07}
{"message": "", "levelname": "INFO", "name": "Trainer", "asctime": "2026-04-16 20:35:07,741", "type": "train", "epoch": 6, "batch": 3679, "n_batches": 7774, "time": 2.517, "data_time": 0.001, "lr": 0.001, "loss": -20.383, "recon_loss": -23.393, "kld_loss": 43.003, "kld_weight": 0.07}
{"message": "", "levelname": "INFO", "name": "Trainer", "asctime": "2026-04-16 20:35:32,182", "type": "train", "epoch": 6, "batch": 3759, "n_batches": 7774, "time": 2.606, "data_time": 0.0, "lr": 0.001, "loss": -30.209, "recon_loss": -33.06, "kld_loss": 40.737, "kld_weight": 0.07}
{"message": "", "levelname": "INFO", "name": "Trainer", "asctime": "2026-04-16 20:35:57,183", "type": "train", "epoch": 6, "batch": 3839, "n_batches": 7774, "time": 2.422, "data_time": 0.001, "lr": 0.001, "loss": -21.353, "recon_loss": -24.311, "kld_loss": 42.268, "kld_weight": 0.07}
{"message": "", "levelname": "INFO", "name": "Trainer", "asctime": "2026-04-16 20:36:23,176", "type": "train", "epoch": 6, "batch": 3919, "n_batches": 7774, "time": 2.263, "data_time": 0.001, "lr": 0.001, "loss": -25.128, "recon_loss": -27.928, "kld_loss": 40.006, "kld_weight": 0.07}
{"message": "", "levelname": "INFO", "name": "Trainer", "asctime": "2026-04-16 20:36:47,523", "type": "train", "epoch": 6, "batch": 3999, "n_batches": 7774, "time": 2.338, "data_time": 0.0, "lr": 0.001, "loss": -14.436, "recon_loss": -17.643, "kld_loss": 45.817, "kld_weight": 0.07}
{"message": "", "levelname": "INFO", "name": "Trainer", "asctime": "2026-04-16 20:37:10,936", "type": "train", "epoch": 6, "batch": 4079, "n_batches": 7774, "time": 2.586, "data_time": 0.001, "lr": 0.001, "loss": -23.912, "recon_loss": -27.243, "kld_loss": 47.579, "kld_weight": 0.07}
{"message": "", "levelname": "INFO", "name": "Trainer", "asctime": "2026-04-16 20:37:34,820", "type": "train", "epoch": 6, "batch": 4159, "n_batches": 7774, "time": 1.848, "data_time": 0.0, "lr": 0.001, "loss": -27.108, "recon_loss": -29.624, "kld_loss": 35.95, "kld_weight": 0.07}
{"message": "", "levelname": "INFO", "name": "Trainer", "asctime": "2026-04-16 20:37:59,668", "type": "train", "epoch": 6, "batch": 4239, "n_batches": 7774, "time": 2.877, "data_time": 0.0, "lr": 0.001, "loss": -22.869, "recon_loss": -25.932, "kld_loss": 43.754, "kld_weight": 0.07}
{"message": "", "levelname": "INFO", "name": "Trainer", "asctime": "2026-04-16 20:38:23,767", "type": "train", "epoch": 6, "batch": 4319, "n_batches": 7774, "time": 2.351, "data_time": 0.001, "lr": 0.001, "loss": -31.339, "recon_loss": -34.524, "kld_loss": 45.508, "kld_weight": 0.07}
{"message": "", "levelname": "INFO", "name": "Trainer", "asctime": "2026-04-16 20:38:48,466", "type": "train", "epoch": 6, "batch": 4399, "n_batches": 7774, "time": 2.532, "data_time": 0.001, "lr": 0.001, "loss": -23.094, "recon_loss": -25.898, "kld_loss": 40.057, "kld_weight": 0.07}
{"message": "", "levelname": "INFO", "name": "Trainer", "asctime": "2026-04-16 20:39:13,021", "type": "train", "epoch": 6, "batch": 4479, "n_batches": 7774, "time": 2.172, "data_time": 0.001, "lr": 0.001, "loss": -29.064, "recon_loss": -31.712, "kld_loss": 37.822, "kld_weight": 0.07}
{"message": "", "levelname": "INFO", "name": "Trainer", "asctime": "2026-04-16 20:39:38,592", "type": "train", "epoch": 6, "batch": 4559, "n_batches": 7774, "time": 2.197, "data_time": 0.0, "lr": 0.001, "loss": -18.315, "recon_loss": -21.206, "kld_loss": 41.299, "kld_weight": 0.07}
{"message": "", "levelname": "INFO", "name": "Trainer", "asctime": "2026-04-16 20:40:04,493", "type": "train", "epoch": 6, "batch": 4639, "n_batches": 7774, "time": 2.972, "data_time": 0.0, "lr": 0.001, "loss": -13.225, "recon_loss": -15.962, "kld_loss": 39.094, "kld_weight": 0.07}
{"message": "", "levelname": "INFO", "name": "Trainer", "asctime": "2026-04-16 20:40:31,185", "type": "train", "epoch": 6, "batch": 4719, "n_batches": 7774, "time": 2.985, "data_time": 0.001, "lr": 0.001, "loss": -26.081, "recon_loss": -28.625, "kld_loss": 36.34, "kld_weight": 0.07}
{"message": "", "levelname": "INFO", "name": "Trainer", "asctime": "2026-04-16 20:40:58,362", "type": "train", "epoch": 6, "batch": 4799, "n_batches": 7774, "time": 3.116, "data_time": 0.001, "lr": 0.001, "loss": -25.009, "recon_loss": -27.728, "kld_loss": 38.848, "kld_weight": 0.07}
{"message": "", "levelname": "INFO", "name": "Trainer", "asctime": "2026-04-16 20:41:24,852", "type": "train", "epoch": 6, "batch": 4879, "n_batches": 7774, "time": 2.935, "data_time": 0.001, "lr": 0.001, "loss": -28.748, "recon_loss": -31.636, "kld_loss": 41.262, "kld_weight": 0.07}
{"message": "", "levelname": "INFO", "name": "Trainer", "asctime": "2026-04-16 20:41:49,489", "type": "train", "epoch": 6, "batch": 4959, "n_batches": 7774, "time": 2.959, "data_time": 0.001, "lr": 0.001, "loss": -20.127, "recon_loss": -23.164, "kld_loss": 43.38, "kld_weight": 0.07}
{"message": "", "levelname": "INFO", "name": "Trainer", "asctime": "2026-04-16 20:42:15,404", "type": "train", "epoch": 6, "batch": 5039, "n_batches": 7774, "time": 2.62, "data_time": 0.001, "lr": 0.001, "loss": -21.88, "recon_loss": -25.252, "kld_loss": 48.165, "kld_weight": 0.07}
{"message": "", "levelname": "INFO", "name": "Trainer", "asctime": "2026-04-16 20:42:41,683", "type": "train", "epoch": 6, "batch": 5119, "n_batches": 7774, "time": 2.55, "data_time": 0.001, "lr": 0.001, "loss": -25.724, "recon_loss": -28.55, "kld_loss": 40.372, "kld_weight": 0.07}
{"message": "", "levelname": "INFO", "name": "Trainer", "asctime": "2026-04-16 20:43:07,169", "type": "train", "epoch": 6, "batch": 5199, "n_batches": 7774, "time": 2.711, "data_time": 0.001, "lr": 0.001, "loss": -22.191, "recon_loss": -25.072, "kld_loss": 41.153, "kld_weight": 0.07}
{"message": "", "levelname": "INFO", "name": "Trainer", "asctime": "2026-04-16 20:43:32,661", "type": "train", "epoch": 6, "batch": 5279, "n_batches": 7774, "time": 2.055, "data_time": 0.0, "lr": 0.001, "loss": -20.109, "recon_loss": -23.328, "kld_loss": 45.982, "kld_weight": 0.07}
{"message": "", "levelname": "INFO", "name": "Trainer", "asctime": "2026-04-16 20:43:58,385", "type": "train", "epoch": 6, "batch": 5359, "n_batches": 7774, "time": 2.441, "data_time": 0.0, "lr": 0.001, "loss": -27.038, "recon_loss": -29.801, "kld_loss": 39.481, "kld_weight": 0.07}
{"message": "", "levelname": "INFO", "name": "Trainer", "asctime": "2026-04-16 20:44:25,277", "type": "train", "epoch": 6, "batch": 5439, "n_batches": 7774, "time": 3.19, "data_time": 0.001, "lr": 0.001, "loss": -18.167, "recon_loss": -21.17, "kld_loss": 42.9, "kld_weight": 0.07}
{"message": "", "levelname": "INFO", "name": "Trainer", "asctime": "2026-04-16 20:44:49,971", "type": "train", "epoch": 6, "batch": 5519, "n_batches": 7774, "time": 2.1, "data_time": 0.0, "lr": 0.001, "loss": -23.957, "recon_loss": -27.052, "kld_loss": 44.204, "kld_weight": 0.07}
{"message": "", "levelname": "INFO", "name": "Trainer", "asctime": "2026-04-16 20:45:15,457", "type": "train", "epoch": 6, "batch": 5599, "n_batches": 7774, "time": 2.716, "data_time": 0.001, "lr": 0.001, "loss": -26.367, "recon_loss": -29.137, "kld_loss": 39.574, "kld_weight": 0.07}
{"message": "", "levelname": "INFO", "name": "Trainer", "asctime": "2026-04-16 20:45:40,145", "type": "train", "epoch": 6, "batch": 5679, "n_batches": 7774, "time": 2.971, "data_time": 0.0, "lr": 0.001, "loss": -24.018, "recon_loss": -26.997, "kld_loss": 42.568, "kld_weight": 0.07}
{"message": "", "levelname": "INFO", "name": "Trainer", "asctime": "2026-04-16 20:46:04,074", "type": "train", "epoch": 6, "batch": 5759, "n_batches": 7774, "time": 2.344, "data_time": 0.001, "lr": 0.001, "loss": -17.844, "recon_loss": -20.951, "kld_loss": 44.388, "kld_weight": 0.07}
{"message": "", "levelname": "INFO", "name": "Trainer", "asctime": "2026-04-16 20:46:30,198", "type": "train", "epoch": 6, "batch": 5839, "n_batches": 7774, "time": 2.652, "data_time": 0.001, "lr": 0.001, "loss": -23.19, "recon_loss": -26.158, "kld_loss": 42.4, "kld_weight": 0.07}
{"message": "", "levelname": "INFO", "name": "Trainer", "asctime": "2026-04-16 20:46:54,971", "type": "train", "epoch": 6, "batch": 5919, "n_batches": 7774, "time": 2.322, "data_time": 0.001, "lr": 0.001, "loss": -21.921, "recon_loss": -25.015, "kld_loss": 44.19, "kld_weight": 0.07}
{"message": "", "levelname": "INFO", "name": "Trainer", "asctime": "2026-04-16 20:47:19,414", "type": "train", "epoch": 6, "batch": 5999, "n_batches": 7774, "time": 2.062, "data_time": 0.0, "lr": 0.001, "loss": -23.262, "recon_loss": -26.397, "kld_loss": 44.789, "kld_weight": 0.07}
{"message": "", "levelname": "INFO", "name": "Trainer", "asctime": "2026-04-16 20:47:43,169", "type": "train", "epoch": 6, "batch": 6079, "n_batches": 7774, "time": 2.605, "data_time": 0.001, "lr": 0.001, "loss": -24.044, "recon_loss": -26.905, "kld_loss": 40.866, "kld_weight": 0.07}
{"message": "", "levelname": "INFO", "name": "Trainer", "asctime": "2026-04-16 20:48:09,305", "type": "train", "epoch": 6, "batch": 6159, "n_batches": 7774, "time": 2.553, "data_time": 0.001, "lr": 0.001, "loss": -23.516, "recon_loss": -26.363, "kld_loss": 40.664, "kld_weight": 0.07}
{"message": "", "levelname": "INFO", "name": "Trainer", "asctime": "2026-04-16 20:48:33,308", "type": "train", "epoch": 6, "batch": 6239, "n_batches": 7774, "time": 1.805, "data_time": 0.0, "lr": 0.001, "loss": -27.302, "recon_loss": -30.285, "kld_loss": 42.612, "kld_weight": 0.07}
{"message": "", "levelname": "INFO", "name": "Trainer", "asctime": "2026-04-16 20:48:57,370", "type": "train", "epoch": 6, "batch": 6319, "n_batches": 7774, "time": 2.413, "data_time": 0.001, "lr": 0.001, "loss": -27.304, "recon_loss": -30.25, "kld_loss": 42.094, "kld_weight": 0.07}
{"message": "", "levelname": "INFO", "name": "Trainer", "asctime": "2026-04-16 20:49:24,596", "type": "train", "epoch": 6, "batch": 6399, "n_batches": 7774, "time": 2.448, "data_time": 0.001, "lr": 0.001, "loss": -25.561, "recon_loss": -28.244, "kld_loss": 38.323, "kld_weight": 0.07}
{"message": "", "levelname": "INFO", "name": "Trainer", "asctime": "2026-04-16 20:49:48,545", "type": "train", "epoch": 6, "batch": 6479, "n_batches": 7774, "time": 2.471, "data_time": 0.001, "lr": 0.001, "loss": -18.573, "recon_loss": -21.598, "kld_loss": 43.222, "kld_weight": 0.07}
{"message": "", "levelname": "INFO", "name": "Trainer", "asctime": "2026-04-16 20:50:15,400", "type": "train", "epoch": 6, "batch": 6559, "n_batches": 7774, "time": 3.268, "data_time": 0.001, "lr": 0.001, "loss": -22.721, "recon_loss": -25.702, "kld_loss": 42.59, "kld_weight": 0.07}
{"message": "", "levelname": "INFO", "name": "Trainer", "asctime": "2026-04-16 20:50:43,463", "type": "train", "epoch": 6, "batch": 6639, "n_batches": 7774, "time": 3.256, "data_time": 0.001, "lr": 0.001, "loss": -22.583, "recon_loss": -25.551, "kld_loss": 42.392, "kld_weight": 0.07}
{"message": "", "levelname": "INFO", "name": "Trainer", "asctime": "2026-04-16 20:51:08,274", "type": "train", "epoch": 6, "batch": 6719, "n_batches": 7774, "time": 2.438, "data_time": 0.001, "lr": 0.001, "loss": -22.637, "recon_loss": -25.963, "kld_loss": 47.525, "kld_weight": 0.07}
{"message": "", "levelname": "INFO", "name": "Trainer", "asctime": "2026-04-16 20:51:34,553", "type": "train", "epoch": 6, "batch": 6799, "n_batches": 7774, "time": 3.178, "data_time": 0.0, "lr": 0.001, "loss": -25.471, "recon_loss": -28.321, "kld_loss": 40.716, "kld_weight": 0.07}
{"message": "", "levelname": "INFO", "name": "Trainer", "asctime": "2026-04-16 20:52:02,517", "type": "train", "epoch": 6, "batch": 6879, "n_batches": 7774, "time": 2.182, "data_time": 0.001, "lr": 0.001, "loss": -26.278, "recon_loss": -29.298, "kld_loss": 43.145, "kld_weight": 0.07}
{"message": "", "levelname": "INFO", "name": "Trainer", "asctime": "2026-04-16 20:52:30,033", "type": "train", "epoch": 6, "batch": 6959, "n_batches": 7774, "time": 3.039, "data_time": 0.001, "lr": 0.001, "loss": -26.193, "recon_loss": -29.222, "kld_loss": 43.268, "kld_weight": 0.07}
{"message": "", "levelname": "INFO", "name": "Trainer", "asctime": "2026-04-16 20:52:56,677", "type": "train", "epoch": 6, "batch": 7039, "n_batches": 7774, "time": 2.37, "data_time": 0.0, "lr": 0.001, "loss": -22.703, "recon_loss": -26.284, "kld_loss": 51.166, "kld_weight": 0.07}
{"message": "", "levelname": "INFO", "name": "Trainer", "asctime": "2026-04-16 20:53:22,805", "type": "train", "epoch": 6, "batch": 7119, "n_batches": 7774, "time": 3.294, "data_time": 0.001, "lr": 0.001, "loss": -15.446, "recon_loss": -18.424, "kld_loss": 42.54, "kld_weight": 0.07}
{"message": "", "levelname": "INFO", "name": "Trainer", "asctime": "2026-04-16 20:53:50,525", "type": "train", "epoch": 6, "batch": 7199, "n_batches": 7774, "time": 3.585, "data_time": 0.001, "lr": 0.001, "loss": -20.252, "recon_loss": -23.14, "kld_loss": 41.252, "kld_weight": 0.07}
{"message": "", "levelname": "INFO", "name": "Trainer", "asctime": "2026-04-16 20:54:16,867", "type": "train", "epoch": 6, "batch": 7279, "n_batches": 7774, "time": 2.89, "data_time": 0.001, "lr": 0.001, "loss": -21.246, "recon_loss": -24.561, "kld_loss": 47.356, "kld_weight": 0.07}
{"message": "", "levelname": "INFO", "name": "Trainer", "asctime": "2026-04-16 20:54:43,900", "type": "train", "epoch": 6, "batch": 7359, "n_batches": 7774, "time": 2.895, "data_time": 0.0, "lr": 0.001, "loss": -25.149, "recon_loss": -28.115, "kld_loss": 42.375, "kld_weight": 0.07}
{"message": "", "levelname": "INFO", "name": "Trainer", "asctime": "2026-04-16 20:55:10,643", "type": "train", "epoch": 6, "batch": 7439, "n_batches": 7774, "time": 3.017, "data_time": 0.0, "lr": 0.001, "loss": -22.66, "recon_loss": -25.854, "kld_loss": 45.63, "kld_weight": 0.07}
{"message": "", "levelname": "INFO", "name": "Trainer", "asctime": "2026-04-16 20:55:38,420", "type": "train", "epoch": 6, "batch": 7519, "n_batches": 7774, "time": 3.185, "data_time": 0.001, "lr": 0.001, "loss": -22.184, "recon_loss": -25.291, "kld_loss": 44.382, "kld_weight": 0.07}
{"message": "", "levelname": "INFO", "name": "Trainer", "asctime": "2026-04-16 20:56:05,403", "type": "train", "epoch": 6, "batch": 7599, "n_batches": 7774, "time": 2.158, "data_time": 0.0, "lr": 0.001, "loss": -18.165, "recon_loss": -21.785, "kld_loss": 51.719, "kld_weight": 0.07}
{"message": "", "levelname": "INFO", "name": "Trainer", "asctime": "2026-04-16 20:56:33,851", "type": "train", "epoch": 6, "batch": 7679, "n_batches": 7774, "time": 2.409, "data_time": 0.0, "lr": 0.001, "loss": -24.707, "recon_loss": -27.631, "kld_loss": 41.767, "kld_weight": 0.07}
{"message": "", "levelname": "INFO", "name": "Trainer", "asctime": "2026-04-16 20:56:59,322", "type": "train", "epoch": 6, "batch": 7759, "n_batches": 7774, "time": 2.736, "data_time": 0.0, "lr": 0.001, "loss": -22.658, "recon_loss": -25.982, "kld_loss": 47.481, "kld_weight": 0.07}
{"message": "", "levelname": "INFO", "name": "Trainer", "asctime": "2026-04-16 20:57:04,405", "type": "train-epoch", "epoch": 7, "loss": -2.87697, "recon_loss": -3.25473, "kld_loss": 5.39664, "kld_weight": 0.07, "time": 2470.3}
{"message": "", "levelname": "INFO", "name": "Trainer", "asctime": "2026-04-16 21:03:31,992", "type": "val-epoch", "epoch": 7, "loss": -3.016, "test_loss": 0.025, "recon_loss": -3.386, "kld_loss": 5.283, "kld_weight": 0.07, "note": "loss is teacher-forced CVAE objective; test_loss is prior-only reconstruction", "time": 387.6}
{"message": "", "levelname": "INFO", "name": "Trainer", "asctime": "2026-04-16 21:03:54,821", "type": "train", "epoch": 7, "batch": 79, "n_batches": 7774, "time": 2.755, "data_time": 0.0, "lr": 0.001, "loss": -26.406, "recon_loss": -29.577, "kld_loss": 39.636, "kld_weight": 0.08}
{"message": "", "levelname": "INFO", "name": "Trainer", "asctime": "2026-04-16 21:04:19,230", "type": "train", "epoch": 7, "batch": 159, "n_batches": 7774, "time": 3.171, "data_time": 0.0, "lr": 0.001, "loss": -26.008, "recon_loss": -29.323, "kld_loss": 41.433, "kld_weight": 0.08}
{"message": "", "levelname": "INFO", "name": "Trainer", "asctime": "2026-04-16 21:04:42,424", "type": "train", "epoch": 7, "batch": 239, "n_batches": 7774, "time": 2.561, "data_time": 0.001, "lr": 0.001, "loss": -23.594, "recon_loss": -27.089, "kld_loss": 43.691, "kld_weight": 0.08}
{"message": "", "levelname": "INFO", "name": "Trainer", "asctime": "2026-04-16 21:05:09,797", "type": "train", "epoch": 7, "batch": 319, "n_batches": 7774, "time": 3.31, "data_time": 0.001, "lr": 0.001, "loss": -26.132, "recon_loss": -29.45, "kld_loss": 41.48, "kld_weight": 0.08}
{"message": "", "levelname": "INFO", "name": "Trainer", "asctime": "2026-04-16 21:05:35,900", "type": "train", "epoch": 7, "batch": 399, "n_batches": 7774, "time": 2.506, "data_time": 0.001, "lr": 0.001, "loss": -28.522, "recon_loss": -31.714, "kld_loss": 39.905, "kld_weight": 0.08}
{"message": "", "levelname": "INFO", "name": "Trainer", "asctime": "2026-04-16 21:06:01,482", "type": "train", "epoch": 7, "batch": 479, "n_batches": 7774, "time": 2.979, "data_time": 0.001, "lr": 0.001, "loss": -25.792, "recon_loss": -29.156, "kld_loss": 42.041, "kld_weight": 0.08}
{"message": "", "levelname": "INFO", "name": "Trainer", "asctime": "2026-04-16 21:06:27,090", "type": "train", "epoch": 7, "batch": 559, "n_batches": 7774, "time": 2.785, "data_time": 0.001, "lr": 0.001, "loss": -17.419, "recon_loss": -21.043, "kld_loss": 45.3, "kld_weight": 0.08}
{"message": "", "levelname": "INFO", "name": "Trainer", "asctime": "2026-04-16 21:06:55,570", "type": "train", "epoch": 7, "batch": 639, "n_batches": 7774, "time": 3.037, "data_time": 0.0, "lr": 0.001, "loss": -10.051, "recon_loss": -14.091, "kld_loss": 50.499, "kld_weight": 0.08}
{"message": "", "levelname": "INFO", "name": "Trainer", "asctime": "2026-04-16 21:07:22,154", "type": "train", "epoch": 7, "batch": 719, "n_batches": 7774, "time": 2.169, "data_time": 0.0, "lr": 0.001, "loss": -25.469, "recon_loss": -28.76, "kld_loss": 41.14, "kld_weight": 0.08}
{"message": "", "levelname": "INFO", "name": "Trainer", "asctime": "2026-04-16 21:07:48,003", "type": "train", "epoch": 7, "batch": 799, "n_batches": 7774, "time": 2.246, "data_time": 0.001, "lr": 0.001, "loss": -14.04, "recon_loss": -17.383, "kld_loss": 41.788, "kld_weight": 0.08}
{"message": "", "levelname": "INFO", "name": "Trainer", "asctime": "2026-04-16 21:08:14,452", "type": "train", "epoch": 7, "batch": 879, "n_batches": 7774, "time": 2.266, "data_time": 0.001, "lr": 0.001, "loss": -20.717, "recon_loss": -24.2, "kld_loss": 43.53, "kld_weight": 0.08}
{"message": "", "levelname": "INFO", "name": "Trainer", "asctime": "2026-04-16 21:08:41,743", "type": "train", "epoch": 7, "batch": 959, "n_batches": 7774, "time": 2.318, "data_time": 0.001, "lr": 0.001, "loss": -22.853, "recon_loss": -26.172, "kld_loss": 41.484, "kld_weight": 0.08}
{"message": "", "levelname": "INFO", "name": "Trainer", "asctime": "2026-04-16 21:09:10,737", "type": "train", "epoch": 7, "batch": 1039, "n_batches": 7774, "time": 3.113, "data_time": 0.0, "lr": 0.001, "loss": -24.231, "recon_loss": -27.924, "kld_loss": 46.169, "kld_weight": 0.08}
{"message": "", "levelname": "INFO", "name": "Trainer", "asctime": "2026-04-16 21:09:36,050", "type": "train", "epoch": 7, "batch": 1119, "n_batches": 7774, "time": 2.996, "data_time": 0.001, "lr": 0.001, "loss": -20.64, "recon_loss": -23.779, "kld_loss": 39.238, "kld_weight": 0.08}
{"message": "", "levelname": "INFO", "name": "Trainer", "asctime": "2026-04-16 21:10:02,677", "type": "train", "epoch": 7, "batch": 1199, "n_batches": 7774, "time": 2.205, "data_time": 0.0, "lr": 0.001, "loss": -17.79, "recon_loss": -20.945, "kld_loss": 39.429, "kld_weight": 0.08}
{"message": "", "levelname": "INFO", "name": "Trainer", "asctime": "2026-04-16 21:10:28,506", "type": "train", "epoch": 7, "batch": 1279, "n_batches": 7774, "time": 2.019, "data_time": 0.001, "lr": 0.001, "loss": -27.416, "recon_loss": -30.862, "kld_loss": 43.069, "kld_weight": 0.08}
{"message": "", "levelname": "INFO", "name": "Trainer", "asctime": "2026-04-16 21:10:55,460", "type": "train", "epoch": 7, "batch": 1359, "n_batches": 7774, "time": 2.688, "data_time": 0.0, "lr": 0.001, "loss": -24.617, "recon_loss": -27.899, "kld_loss": 41.023, "kld_weight": 0.08}
{"message": "", "levelname": "INFO", "name": "Trainer", "asctime": "2026-04-16 21:11:26,250", "type": "train", "epoch": 7, "batch": 1439, "n_batches": 7774, "time": 3.134, "data_time": 0.0, "lr": 0.001, "loss": -17.802, "recon_loss": -21.157, "kld_loss": 41.944, "kld_weight": 0.08}
{"message": "", "levelname": "INFO", "name": "Trainer", "asctime": "2026-04-16 21:11:53,141", "type": "train", "epoch": 7, "batch": 1519, "n_batches": 7774, "time": 2.707, "data_time": 0.0, "lr": 0.001, "loss": -20.344, "recon_loss": -23.569, "kld_loss": 40.306, "kld_weight": 0.08}
{"message": "", "levelname": "INFO", "name": "Trainer", "asctime": "2026-04-16 21:12:19,451", "type": "train", "epoch": 7, "batch": 1599, "n_batches": 7774, "time": 3.497, "data_time": 0.001, "lr": 0.001, "loss": -16.746, "recon_loss": -19.858, "kld_loss": 38.896, "kld_weight": 0.08}
{"message": "", "levelname": "INFO", "name": "Trainer", "asctime": "2026-04-16 21:12:47,766", "type": "train", "epoch": 7, "batch": 1679, "n_batches": 7774, "time": 1.828, "data_time": 0.0, "lr": 0.001, "loss": -25.301, "recon_loss": -28.334, "kld_loss": 37.908, "kld_weight": 0.08}
{"message": "", "levelname": "INFO", "name": "Trainer", "asctime": "2026-04-16 21:13:15,516", "type": "train", "epoch": 7, "batch": 1759, "n_batches": 7774, "time": 2.665, "data_time": 0.001, "lr": 0.001, "loss": -22.094, "recon_loss": -25.15, "kld_loss": 38.199, "kld_weight": 0.08}
{"message": "", "levelname": "INFO", "name": "Trainer", "asctime": "2026-04-16 21:13:40,550", "type": "train", "epoch": 7, "batch": 1839, "n_batches": 7774, "time": 2.517, "data_time": 0.001, "lr": 0.001, "loss": -26.689, "recon_loss": -30.21, "kld_loss": 44.009, "kld_weight": 0.08}
{"message": "", "levelname": "INFO", "name": "Trainer", "asctime": "2026-04-16 21:14:08,834", "type": "train", "epoch": 7, "batch": 1919, "n_batches": 7774, "time": 3.04, "data_time": 0.0, "lr": 0.001, "loss": -11.904, "recon_loss": -15.913, "kld_loss": 50.111, "kld_weight": 0.08}
{"message": "", "levelname": "INFO", "name": "Trainer", "asctime": "2026-04-16 21:14:35,582", "type": "train", "epoch": 7, "batch": 1999, "n_batches": 7774, "time": 2.242, "data_time": 0.0, "lr": 0.001, "loss": -23.614, "recon_loss": -26.807, "kld_loss": 39.922, "kld_weight": 0.08}
{"message": "", "levelname": "INFO", "name": "Trainer", "asctime": "2026-04-16 21:15:04,947", "type": "train", "epoch": 7, "batch": 2079, "n_batches": 7774, "time": 2.893, "data_time": 0.0, "lr": 0.001, "loss": -20.825, "recon_loss": -23.927, "kld_loss": 38.784, "kld_weight": 0.08}
{"message": "", "levelname": "INFO", "name": "Trainer", "asctime": "2026-04-16 21:15:30,879", "type": "train", "epoch": 7, "batch": 2159, "n_batches": 7774, "time": 3.112, "data_time": 0.0, "lr": 0.001, "loss": -17.541, "recon_loss": -21.722, "kld_loss": 52.261, "kld_weight": 0.08}
{"message": "", "levelname": "INFO", "name": "Trainer", "asctime": "2026-04-16 21:15:59,584", "type": "train", "epoch": 7, "batch": 2239, "n_batches": 7774, "time": 3.122, "data_time": 0.001, "lr": 0.001, "loss": -23.556, "recon_loss": -26.762, "kld_loss": 40.066, "kld_weight": 0.08}
{"message": "", "levelname": "INFO", "name": "Trainer", "asctime": "2026-04-16 21:16:25,666", "type": "train", "epoch": 7, "batch": 2319, "n_batches": 7774, "time": 2.028, "data_time": 0.001, "lr": 0.001, "loss": -27.009, "recon_loss": -30.13, "kld_loss": 39.01, "kld_weight": 0.08}
{"message": "", "levelname": "INFO", "name": "Trainer", "asctime": "2026-04-16 21:16:48,131", "type": "train", "epoch": 7, "batch": 2399, "n_batches": 7774, "time": 2.198, "data_time": 0.001, "lr": 0.001, "loss": -24.319, "recon_loss": -27.593, "kld_loss": 40.921, "kld_weight": 0.08}
{"message": "", "levelname": "INFO", "name": "Trainer", "asctime": "2026-04-16 21:17:11,005", "type": "train", "epoch": 7, "batch": 2479, "n_batches": 7774, "time": 2.28, "data_time": 0.0, "lr": 0.001, "loss": -23.246, "recon_loss": -26.448, "kld_loss": 40.032, "kld_weight": 0.08}
{"message": "", "levelname": "INFO", "name": "Trainer", "asctime": "2026-04-16 21:17:35,735", "type": "train", "epoch": 7, "batch": 2559, "n_batches": 7774, "time": 2.308, "data_time": 0.0, "lr": 0.001, "loss": -25.035, "recon_loss": -28.095, "kld_loss": 38.25, "kld_weight": 0.08}
{"message": "", "levelname": "INFO", "name": "Trainer", "asctime": "2026-04-16 21:18:00,196", "type": "train", "epoch": 7, "batch": 2639, "n_batches": 7774, "time": 2.395, "data_time": 0.001, "lr": 0.001, "loss": -24.275, "recon_loss": -27.934, "kld_loss": 45.736, "kld_weight": 0.08}
{"message": "", "levelname": "INFO", "name": "Trainer", "asctime": "2026-04-16 21:18:25,899", "type": "train", "epoch": 7, "batch": 2719, "n_batches": 7774, "time": 3.008, "data_time": 0.001, "lr": 0.001, "loss": -25.256, "recon_loss": -28.32, "kld_loss": 38.307, "kld_weight": 0.08}
{"message": "", "levelname": "INFO", "name": "Trainer", "asctime": "2026-04-16 21:18:49,355", "type": "train", "epoch": 7, "batch": 2799, "n_batches": 7774, "time": 2.329, "data_time": 0.0, "lr": 0.001, "loss": -23.733, "recon_loss": -27.274, "kld_loss": 44.27, "kld_weight": 0.08}
{"message": "", "levelname": "INFO", "name": "Trainer", "asctime": "2026-04-16 21:19:13,545", "type": "train", "epoch": 7, "batch": 2879, "n_batches": 7774, "time": 2.355, "data_time": 0.0, "lr": 0.001, "loss": -26.959, "recon_loss": -30.047, "kld_loss": 38.597, "kld_weight": 0.08}
{"message": "", "levelname": "INFO", "name": "Trainer", "asctime": "2026-04-16 21:19:40,618", "type": "train", "epoch": 7, "batch": 2959, "n_batches": 7774, "time": 2.639, "data_time": 0.0, "lr": 0.001, "loss": -24.116, "recon_loss": -27.301, "kld_loss": 39.803, "kld_weight": 0.08}
{"message": "", "levelname": "INFO", "name": "Trainer", "asctime": "2026-04-16 21:20:08,128", "type": "train", "epoch": 7, "batch": 3039, "n_batches": 7774, "time": 2.227, "data_time": 0.0, "lr": 0.001, "loss": -23.478, "recon_loss": -26.637, "kld_loss": 39.479, "kld_weight": 0.08}
{"message": "", "levelname": "INFO", "name": "Trainer", "asctime": "2026-04-16 21:20:36,057", "type": "train", "epoch": 7, "batch": 3119, "n_batches": 7774, "time": 3.102, "data_time": 0.001, "lr": 0.001, "loss": -23.101, "recon_loss": -26.072, "kld_loss": 37.139, "kld_weight": 0.08}
{"message": "", "levelname": "INFO", "name": "Trainer", "asctime": "2026-04-16 21:21:06,636", "type": "train", "epoch": 7, "batch": 3199, "n_batches": 7774, "time": 2.67, "data_time": 0.001, "lr": 0.001, "loss": -26.116, "recon_loss": -29.281, "kld_loss": 39.562, "kld_weight": 0.08}
{"message": "", "levelname": "INFO", "name": "Trainer", "asctime": "2026-04-16 21:21:33,376", "type": "train", "epoch": 7, "batch": 3279, "n_batches": 7774, "time": 3.213, "data_time": 0.0, "lr": 0.001, "loss": -20.84, "recon_loss": -23.889, "kld_loss": 38.114, "kld_weight": 0.08}
{"message": "", "levelname": "INFO", "name": "Trainer", "asctime": "2026-04-16 21:22:00,973", "type": "train", "epoch": 7, "batch": 3359, "n_batches": 7774, "time": 2.95, "data_time": 0.0, "lr": 0.001, "loss": -26.068, "recon_loss": -29.153, "kld_loss": 38.552, "kld_weight": 0.08}
{"message": "", "levelname": "INFO", "name": "Trainer", "asctime": "2026-04-16 21:22:27,518", "type": "train", "epoch": 7, "batch": 3439, "n_batches": 7774, "time": 2.364, "data_time": 0.0, "lr": 0.001, "loss": -21.143, "recon_loss": -24.345, "kld_loss": 40.021, "kld_weight": 0.08}
{"message": "", "levelname": "INFO", "name": "Trainer", "asctime": "2026-04-16 21:22:53,029", "type": "train", "epoch": 7, "batch": 3519, "n_batches": 7774, "time": 2.181, "data_time": 0.001, "lr": 0.001, "loss": -20.335, "recon_loss": -23.985, "kld_loss": 45.625, "kld_weight": 0.08}
{"message": "", "levelname": "INFO", "name": "Trainer", "asctime": "2026-04-16 21:23:19,025", "type": "train", "epoch": 7, "batch": 3599, "n_batches": 7774, "time": 2.086, "data_time": 0.0, "lr": 0.001, "loss": -23.143, "recon_loss": -26.729, "kld_loss": 44.826, "kld_weight": 0.08}
{"message": "", "levelname": "INFO", "name": "Trainer", "asctime": "2026-04-16 21:23:47,325", "type": "train", "epoch": 7, "batch": 3679, "n_batches": 7774, "time": 2.902, "data_time": 0.0, "lr": 0.001, "loss": -23.209, "recon_loss": -26.508, "kld_loss": 41.229, "kld_weight": 0.08}
{"message": "", "levelname": "INFO", "name": "Trainer", "asctime": "2026-04-16 21:24:15,110", "type": "train", "epoch": 7, "batch": 3759, "n_batches": 7774, "time": 2.802, "data_time": 0.001, "lr": 0.001, "loss": -20.708, "recon_loss": -24.29, "kld_loss": 44.787, "kld_weight": 0.08}
{"message": "", "levelname": "INFO", "name": "Trainer", "asctime": "2026-04-16 21:24:41,036", "type": "train", "epoch": 7, "batch": 3839, "n_batches": 7774, "time": 2.392, "data_time": 0.0, "lr": 0.001, "loss": -18.009, "recon_loss": -22.847, "kld_loss": 60.469, "kld_weight": 0.08}
{"message": "", "levelname": "INFO", "name": "Trainer", "asctime": "2026-04-16 21:25:05,746", "type": "train", "epoch": 7, "batch": 3919, "n_batches": 7774, "time": 1.514, "data_time": 0.0, "lr": 0.001, "loss": -26.47, "recon_loss": -29.842, "kld_loss": 42.143, "kld_weight": 0.08}
{"message": "", "levelname": "INFO", "name": "Trainer", "asctime": "2026-04-16 21:25:33,311", "type": "train", "epoch": 7, "batch": 3999, "n_batches": 7774, "time": 2.915, "data_time": 0.001, "lr": 0.001, "loss": -24.258, "recon_loss": -27.14, "kld_loss": 36.027, "kld_weight": 0.08}
{"message": "", "levelname": "INFO", "name": "Trainer", "asctime": "2026-04-16 21:26:00,856", "type": "train", "epoch": 7, "batch": 4079, "n_batches": 7774, "time": 3.272, "data_time": 0.001, "lr": 0.001, "loss": -22.545, "recon_loss": -25.677, "kld_loss": 39.146, "kld_weight": 0.08}
{"message": "", "levelname": "INFO", "name": "Trainer", "asctime": "2026-04-16 21:26:29,817", "type": "train", "epoch": 7, "batch": 4159, "n_batches": 7774, "time": 2.527, "data_time": 0.001, "lr": 0.001, "loss": -24.509, "recon_loss": -27.805, "kld_loss": 41.197, "kld_weight": 0.08}
{"message": "", "levelname": "INFO", "name": "Trainer", "asctime": "2026-04-16 21:26:54,785", "type": "train", "epoch": 7, "batch": 4239, "n_batches": 7774, "time": 2.536, "data_time": 0.0, "lr": 0.001, "loss": -29.837, "recon_loss": -33.311, "kld_loss": 43.426, "kld_weight": 0.08}
{"message": "", "levelname": "INFO", "name": "Trainer", "asctime": "2026-04-16 21:27:21,453", "type": "train", "epoch": 7, "batch": 4319, "n_batches": 7774, "time": 3.034, "data_time": 0.001, "lr": 0.001, "loss": -26.995, "recon_loss": -30.318, "kld_loss": 41.54, "kld_weight": 0.08}
{"message": "", "levelname": "INFO", "name": "Trainer", "asctime": "2026-04-16 21:27:47,924", "type": "train", "epoch": 7, "batch": 4399, "n_batches": 7774, "time": 2.461, "data_time": 0.001, "lr": 0.001, "loss": -23.859, "recon_loss": -27.408, "kld_loss": 44.362, "kld_weight": 0.08}
{"message": "", "levelname": "INFO", "name": "Trainer", "asctime": "2026-04-16 21:28:15,250", "type": "train", "epoch": 7, "batch": 4479, "n_batches": 7774, "time": 3.158, "data_time": 0.0, "lr": 0.001, "loss": -26.414, "recon_loss": -29.886, "kld_loss": 43.403, "kld_weight": 0.08}
{"message": "", "levelname": "INFO", "name": "Trainer", "asctime": "2026-04-16 21:28:42,875", "type": "train", "epoch": 7, "batch": 4559, "n_batches": 7774, "time": 2.009, "data_time": 0.0, "lr": 0.001, "loss": -20.603, "recon_loss": -24.22, "kld_loss": 45.211, "kld_weight": 0.08}
{"message": "", "levelname": "INFO", "name": "Trainer", "asctime": "2026-04-16 21:29:09,938", "type": "train", "epoch": 7, "batch": 4639, "n_batches": 7774, "time": 3.337, "data_time": 0.0, "lr": 0.001, "loss": -21.365, "recon_loss": -24.41, "kld_loss": 38.055, "kld_weight": 0.08}
{"message": "", "levelname": "INFO", "name": "Trainer", "asctime": "2026-04-16 21:29:37,516", "type": "train", "epoch": 7, "batch": 4719, "n_batches": 7774, "time": 3.183, "data_time": 0.001, "lr": 0.001, "loss": -28.305, "recon_loss": -31.47, "kld_loss": 39.561, "kld_weight": 0.08}
{"message": "", "levelname": "INFO", "name": "Trainer", "asctime": "2026-04-16 21:30:03,060", "type": "train", "epoch": 7, "batch": 4799, "n_batches": 7774, "time": 2.558, "data_time": 0.001, "lr": 0.001, "loss": -23.675, "recon_loss": -26.998, "kld_loss": 41.533, "kld_weight": 0.08}
{"message": "", "levelname": "INFO", "name": "Trainer", "asctime": "2026-04-16 21:30:30,941", "type": "train", "epoch": 7, "batch": 4879, "n_batches": 7774, "time": 2.08, "data_time": 0.0, "lr": 0.001, "loss": -26.287, "recon_loss": -29.777, "kld_loss": 43.623, "kld_weight": 0.08}
{"message": "", "levelname": "INFO", "name": "Trainer", "asctime": "2026-04-16 21:30:56,327", "type": "train", "epoch": 7, "batch": 4959, "n_batches": 7774, "time": 2.216, "data_time": 0.001, "lr": 0.001, "loss": -23.304, "recon_loss": -26.696, "kld_loss": 42.399, "kld_weight": 0.08}
{"message": "", "levelname": "INFO", "name": "Trainer", "asctime": "2026-04-16 21:31:20,324", "type": "train", "epoch": 7, "batch": 5039, "n_batches": 7774, "time": 2.873, "data_time": 0.001, "lr": 0.001, "loss": -18.795, "recon_loss": -22.414, "kld_loss": 45.24, "kld_weight": 0.08}
{"message": "", "levelname": "INFO", "name": "Trainer", "asctime": "2026-04-16 21:31:48,249", "type": "train", "epoch": 7, "batch": 5119, "n_batches": 7774, "time": 2.531, "data_time": 0.0, "lr": 0.001, "loss": -23.663, "recon_loss": -27.153, "kld_loss": 43.629, "kld_weight": 0.08}
{"message": "", "levelname": "INFO", "name": "Trainer", "asctime": "2026-04-16 21:32:15,240", "type": "train", "epoch": 7, "batch": 5199, "n_batches": 7774, "time": 2.507, "data_time": 0.0, "lr": 0.001, "loss": -26.544, "recon_loss": -29.792, "kld_loss": 40.601, "kld_weight": 0.08}
{"message": "", "levelname": "INFO", "name": "Trainer", "asctime": "2026-04-16 21:32:41,355", "type": "train", "epoch": 7, "batch": 5279, "n_batches": 7774, "time": 2.728, "data_time": 0.0, "lr": 0.001, "loss": -24.293, "recon_loss": -27.437, "kld_loss": 39.297, "kld_weight": 0.08}
{"message": "", "levelname": "INFO", "name": "Trainer", "asctime": "2026-04-16 21:33:08,649", "type": "train", "epoch": 7, "batch": 5359, "n_batches": 7774, "time": 2.635, "data_time": 0.0, "lr": 0.001, "loss": -23.145, "recon_loss": -27.023, "kld_loss": 48.478, "kld_weight": 0.08}
{"message": "", "levelname": "INFO", "name": "Trainer", "asctime": "2026-04-16 21:33:35,323", "type": "train", "epoch": 7, "batch": 5439, "n_batches": 7774, "time": 1.994, "data_time": 0.0, "lr": 0.001, "loss": -23.035, "recon_loss": -26.477, "kld_loss": 43.022, "kld_weight": 0.08}
{"message": "", "levelname": "INFO", "name": "Trainer", "asctime": "2026-04-16 21:34:03,993", "type": "train", "epoch": 7, "batch": 5519, "n_batches": 7774, "time": 3.05, "data_time": 0.001, "lr": 0.001, "loss": -27.684, "recon_loss": -31.104, "kld_loss": 42.746, "kld_weight": 0.08}
{"message": "", "levelname": "INFO", "name": "Trainer", "asctime": "2026-04-16 21:34:32,112", "type": "train", "epoch": 7, "batch": 5599, "n_batches": 7774, "time": 2.692, "data_time": 0.0, "lr": 0.001, "loss": -18.554, "recon_loss": -21.662, "kld_loss": 38.849, "kld_weight": 0.08}
{"message": "", "levelname": "INFO", "name": "Trainer", "asctime": "2026-04-16 21:34:59,995", "type": "train", "epoch": 7, "batch": 5679, "n_batches": 7774, "time": 3.043, "data_time": 0.001, "lr": 0.001, "loss": -27.056, "recon_loss": -30.611, "kld_loss": 44.433, "kld_weight": 0.08}
{"message": "", "levelname": "INFO", "name": "Trainer", "asctime": "2026-04-16 21:35:27,277", "type": "train", "epoch": 7, "batch": 5759, "n_batches": 7774, "time": 2.725, "data_time": 0.001, "lr": 0.001, "loss": -18.18, "recon_loss": -21.952, "kld_loss": 47.153, "kld_weight": 0.08}
{"message": "", "levelname": "INFO", "name": "Trainer", "asctime": "2026-04-16 21:35:53,683", "type": "train", "epoch": 7, "batch": 5839, "n_batches": 7774, "time": 2.877, "data_time": 0.001, "lr": 0.001, "loss": -23.91, "recon_loss": -26.989, "kld_loss": 38.489, "kld_weight": 0.08}
{"message": "", "levelname": "INFO", "name": "Trainer", "asctime": "2026-04-16 21:36:19,139", "type": "train", "epoch": 7, "batch": 5919, "n_batches": 7774, "time": 2.319, "data_time": 0.001, "lr": 0.001, "loss": -27.001, "recon_loss": -30.33, "kld_loss": 41.607, "kld_weight": 0.08}
{"message": "", "levelname": "INFO", "name": "Trainer", "asctime": "2026-04-16 21:36:47,254", "type": "train", "epoch": 7, "batch": 5999, "n_batches": 7774, "time": 2.358, "data_time": 0.001, "lr": 0.001, "loss": -25.087, "recon_loss": -28.584, "kld_loss": 43.722, "kld_weight": 0.08}
{"message": "", "levelname": "INFO", "name": "Trainer", "asctime": "2026-04-16 21:37:14,626", "type": "train", "epoch": 7, "batch": 6079, "n_batches": 7774, "time": 2.317, "data_time": 0.001, "lr": 0.001, "loss": -23.918, "recon_loss": -27.068, "kld_loss": 39.38, "kld_weight": 0.08}
{"message": "", "levelname": "INFO", "name": "Trainer", "asctime": "2026-04-16 21:37:42,777", "type": "train", "epoch": 7, "batch": 6159, "n_batches": 7774, "time": 2.524, "data_time": 0.001, "lr": 0.001, "loss": -25.177, "recon_loss": -28.424, "kld_loss": 40.593, "kld_weight": 0.08}
{"message": "", "levelname": "INFO", "name": "Trainer", "asctime": "2026-04-16 21:38:11,812", "type": "train", "epoch": 7, "batch": 6239, "n_batches": 7774, "time": 2.674, "data_time": 0.001, "lr": 0.001, "loss": -20.973, "recon_loss": -24.358, "kld_loss": 42.313, "kld_weight": 0.08}
{"message": "", "levelname": "INFO", "name": "Trainer", "asctime": "2026-04-16 21:38:38,173", "type": "train", "epoch": 7, "batch": 6319, "n_batches": 7774, "time": 2.971, "data_time": 0.001, "lr": 0.001, "loss": -18.981, "recon_loss": -22.264, "kld_loss": 41.032, "kld_weight": 0.08}
{"message": "", "levelname": "INFO", "name": "Trainer", "asctime": "2026-04-16 21:39:06,491", "type": "train", "epoch": 7, "batch": 6399, "n_batches": 7774, "time": 2.849, "data_time": 0.001, "lr": 0.001, "loss": -18.119, "recon_loss": -21.981, "kld_loss": 48.27, "kld_weight": 0.08}
{"message": "", "levelname": "INFO", "name": "Trainer", "asctime": "2026-04-16 21:39:36,435", "type": "train", "epoch": 7, "batch": 6479, "n_batches": 7774, "time": 3.428, "data_time": 0.0, "lr": 0.001, "loss": -26.828, "recon_loss": -30.158, "kld_loss": 41.622, "kld_weight": 0.08}
{"message": "", "levelname": "INFO", "name": "Trainer", "asctime": "2026-04-16 21:40:05,348", "type": "train", "epoch": 7, "batch": 6559, "n_batches": 7774, "time": 2.629, "data_time": 0.001, "lr": 0.001, "loss": -20.826, "recon_loss": -24.436, "kld_loss": 45.124, "kld_weight": 0.08}
{"message": "", "levelname": "INFO", "name": "Trainer", "asctime": "2026-04-16 21:40:30,961", "type": "train", "epoch": 7, "batch": 6639, "n_batches": 7774, "time": 2.106, "data_time": 0.001, "lr": 0.001, "loss": -20.924, "recon_loss": -24.174, "kld_loss": 40.619, "kld_weight": 0.08}
{"message": "", "levelname": "INFO", "name": "Trainer", "asctime": "2026-04-16 21:40:55,626", "type": "train", "epoch": 7, "batch": 6719, "n_batches": 7774, "time": 2.677, "data_time": 0.0, "lr": 0.001, "loss": -22.788, "recon_loss": -26.052, "kld_loss": 40.79, "kld_weight": 0.08}
{"message": "", "levelname": "INFO", "name": "Trainer", "asctime": "2026-04-16 21:41:22,808", "type": "train", "epoch": 7, "batch": 6799, "n_batches": 7774, "time": 2.617, "data_time": 0.001, "lr": 0.001, "loss": -25.68, "recon_loss": -29.256, "kld_loss": 44.701, "kld_weight": 0.08}
{"message": "", "levelname": "INFO", "name": "Trainer", "asctime": "2026-04-16 21:41:49,952", "type": "train", "epoch": 7, "batch": 6879, "n_batches": 7774, "time": 2.394, "data_time": 0.0, "lr": 0.001, "loss": -24.603, "recon_loss": -27.835, "kld_loss": 40.408, "kld_weight": 0.08}
{"message": "", "levelname": "INFO", "name": "Trainer", "asctime": "2026-04-16 21:42:19,828", "type": "train", "epoch": 7, "batch": 6959, "n_batches": 7774, "time": 2.75, "data_time": 0.0, "lr": 0.001, "loss": -18.404, "recon_loss": -22.386, "kld_loss": 49.773, "kld_weight": 0.08}
{"message": "", "levelname": "INFO", "name": "Trainer", "asctime": "2026-04-16 21:42:46,452", "type": "train", "epoch": 7, "batch": 7039, "n_batches": 7774, "time": 2.759, "data_time": 0.001, "lr": 0.001, "loss": -25.037, "recon_loss": -28.535, "kld_loss": 43.717, "kld_weight": 0.08}
{"message": "", "levelname": "INFO", "name": "Trainer", "asctime": "2026-04-16 21:43:12,186", "type": "train", "epoch": 7, "batch": 7119, "n_batches": 7774, "time": 2.682, "data_time": 0.0, "lr": 0.001, "loss": -20.247, "recon_loss": -23.755, "kld_loss": 43.846, "kld_weight": 0.08}
{"message": "", "levelname": "INFO", "name": "Trainer", "asctime": "2026-04-16 21:43:38,769", "type": "train", "epoch": 7, "batch": 7199, "n_batches": 7774, "time": 2.54, "data_time": 0.001, "lr": 0.001, "loss": -25.074, "recon_loss": -28.257, "kld_loss": 39.795, "kld_weight": 0.08}
{"message": "", "levelname": "INFO", "name": "Trainer", "asctime": "2026-04-16 21:44:08,287", "type": "train", "epoch": 7, "batch": 7279, "n_batches": 7774, "time": 2.271, "data_time": 0.0, "lr": 0.001, "loss": -22.833, "recon_loss": -26.227, "kld_loss": 42.418, "kld_weight": 0.08}
{"message": "", "levelname": "INFO", "name": "Trainer", "asctime": "2026-04-16 21:44:34,069", "type": "train", "epoch": 7, "batch": 7359, "n_batches": 7774, "time": 3.019, "data_time": 0.0, "lr": 0.001, "loss": -22.539, "recon_loss": -25.676, "kld_loss": 39.22, "kld_weight": 0.08}
{"message": "", "levelname": "INFO", "name": "Trainer", "asctime": "2026-04-16 21:45:01,302", "type": "train", "epoch": 7, "batch": 7439, "n_batches": 7774, "time": 2.458, "data_time": 0.001, "lr": 0.001, "loss": -22.511, "recon_loss": -25.65, "kld_loss": 39.237, "kld_weight": 0.08}
{"message": "", "levelname": "INFO", "name": "Trainer", "asctime": "2026-04-16 21:45:30,222", "type": "train", "epoch": 7, "batch": 7519, "n_batches": 7774, "time": 3.544, "data_time": 0.0, "lr": 0.001, "loss": -16.391, "recon_loss": -19.612, "kld_loss": 40.27, "kld_weight": 0.08}
{"message": "", "levelname": "INFO", "name": "Trainer", "asctime": "2026-04-16 21:45:57,634", "type": "train", "epoch": 7, "batch": 7599, "n_batches": 7774, "time": 3.064, "data_time": 0.0, "lr": 0.001, "loss": -23.676, "recon_loss": -26.873, "kld_loss": 39.964, "kld_weight": 0.08}
{"message": "", "levelname": "INFO", "name": "Trainer", "asctime": "2026-04-16 21:46:25,259", "type": "train", "epoch": 7, "batch": 7679, "n_batches": 7774, "time": 3.296, "data_time": 0.0, "lr": 0.001, "loss": -19.637, "recon_loss": -22.752, "kld_loss": 38.945, "kld_weight": 0.08}
{"message": "", "levelname": "INFO", "name": "Trainer", "asctime": "2026-04-16 21:46:49,983", "type": "train", "epoch": 7, "batch": 7759, "n_batches": 7774, "time": 1.908, "data_time": 0.0, "lr": 0.001, "loss": -25.42, "recon_loss": -28.729, "kld_loss": 41.363, "kld_weight": 0.08}
{"message": "", "levelname": "INFO", "name": "Trainer", "asctime": "2026-04-16 21:46:55,080", "type": "train-epoch", "epoch": 8, "loss": -2.84791, "recon_loss": -3.275, "kld_loss": 5.3387, "kld_weight": 0.08, "time": 2603.1}
{"message": "", "levelname": "INFO", "name": "Trainer", "asctime": "2026-04-16 21:53:38,131", "type": "val-epoch", "epoch": 8, "loss": -2.99, "test_loss": 0.274, "recon_loss": -3.419, "kld_loss": 5.357, "kld_weight": 0.08, "note": "loss is teacher-forced CVAE objective; test_loss is prior-only reconstruction", "time": 403.1}
{"message": "", "levelname": "INFO", "name": "Trainer", "asctime": "2026-04-16 21:54:05,684", "type": "train", "epoch": 8, "batch": 79, "n_batches": 7774, "time": 3.397, "data_time": 0.001, "lr": 0.001, "loss": -24.637, "recon_loss": -28.554, "kld_loss": 43.521, "kld_weight": 0.09}
{"message": "", "levelname": "INFO", "name": "Trainer", "asctime": "2026-04-16 21:54:30,357", "type": "train", "epoch": 8, "batch": 159, "n_batches": 7774, "time": 2.224, "data_time": 0.0, "lr": 0.001, "loss": -20.986, "recon_loss": -24.881, "kld_loss": 43.284, "kld_weight": 0.09}
{"message": "", "levelname": "INFO", "name": "Trainer", "asctime": "2026-04-16 21:54:55,517", "type": "train", "epoch": 8, "batch": 239, "n_batches": 7774, "time": 2.618, "data_time": 0.001, "lr": 0.001, "loss": -26.105, "recon_loss": -29.53, "kld_loss": 38.046, "kld_weight": 0.09}
{"message": "", "levelname": "INFO", "name": "Trainer", "asctime": "2026-04-16 21:55:23,070", "type": "train", "epoch": 8, "batch": 319, "n_batches": 7774, "time": 2.596, "data_time": 0.001, "lr": 0.001, "loss": -24.66, "recon_loss": -28.277, "kld_loss": 40.195, "kld_weight": 0.09}
{"message": "", "levelname": "INFO", "name": "Trainer", "asctime": "2026-04-16 21:55:49,015", "type": "train", "epoch": 8, "batch": 399, "n_batches": 7774, "time": 2.359, "data_time": 0.001, "lr": 0.001, "loss": -19.727, "recon_loss": -23.561, "kld_loss": 42.597, "kld_weight": 0.09}
{"message": "", "levelname": "INFO", "name": "Trainer", "asctime": "2026-04-16 21:56:13,627", "type": "train", "epoch": 8, "batch": 479, "n_batches": 7774, "time": 2.559, "data_time": 0.0, "lr": 0.001, "loss": -22.737, "recon_loss": -26.828, "kld_loss": 45.46, "kld_weight": 0.09}
{"message": "", "levelname": "INFO", "name": "Trainer", "asctime": "2026-04-16 21:56:39,875", "type": "train", "epoch": 8, "batch": 559, "n_batches": 7774, "time": 2.945, "data_time": 0.0, "lr": 0.001, "loss": -28.134, "recon_loss": -31.712, "kld_loss": 39.758, "kld_weight": 0.09}
{"message": "", "levelname": "INFO", "name": "Trainer", "asctime": "2026-04-16 21:57:07,394", "type": "train", "epoch": 8, "batch": 639, "n_batches": 7774, "time": 3.048, "data_time": 0.001, "lr": 0.001, "loss": -25.496, "recon_loss": -29.233, "kld_loss": 41.521, "kld_weight": 0.09}
{"message": "", "levelname": "INFO", "name": "Trainer", "asctime": "2026-04-16 21:57:32,588", "type": "train", "epoch": 8, "batch": 719, "n_batches": 7774, "time": 2.525, "data_time": 0.0, "lr": 0.001, "loss": -23.211, "recon_loss": -26.786, "kld_loss": 39.721, "kld_weight": 0.09}
{"message": "", "levelname": "INFO", "name": "Trainer", "asctime": "2026-04-16 21:57:58,659", "type": "train", "epoch": 8, "batch": 799, "n_batches": 7774, "time": 2.395, "data_time": 0.001, "lr": 0.001, "loss": -19.129, "recon_loss": -23.063, "kld_loss": 43.718, "kld_weight": 0.09}
{"message": "", "levelname": "INFO", "name": "Trainer", "asctime": "2026-04-16 21:58:25,663", "type": "train", "epoch": 8, "batch": 879, "n_batches": 7774, "time": 2.397, "data_time": 0.0, "lr": 0.001, "loss": -16.809, "recon_loss": -21.288, "kld_loss": 49.764, "kld_weight": 0.09}
{"message": "", "levelname": "INFO", "name": "Trainer", "asctime": "2026-04-16 21:58:53,017", "type": "train", "epoch": 8, "batch": 959, "n_batches": 7774, "time": 2.885, "data_time": 0.001, "lr": 0.001, "loss": -23.056, "recon_loss": -27.152, "kld_loss": 45.513, "kld_weight": 0.09}
{"message": "", "levelname": "INFO", "name": "Trainer", "asctime": "2026-04-16 21:59:17,469", "type": "train", "epoch": 8, "batch": 1039, "n_batches": 7774, "time": 2.359, "data_time": 0.001, "lr": 0.001, "loss": -16.924, "recon_loss": -20.819, "kld_loss": 43.271, "kld_weight": 0.09}
{"message": "", "levelname": "INFO", "name": "Trainer", "asctime": "2026-04-16 21:59:42,907", "type": "train", "epoch": 8, "batch": 1119, "n_batches": 7774, "time": 3.327, "data_time": 0.001, "lr": 0.001, "loss": -22.346, "recon_loss": -25.911, "kld_loss": 39.613, "kld_weight": 0.09}
{"message": "", "levelname": "INFO", "name": "Trainer", "asctime": "2026-04-16 22:00:09,638", "type": "train", "epoch": 8, "batch": 1199, "n_batches": 7774, "time": 3.172, "data_time": 0.001, "lr": 0.001, "loss": -24.624, "recon_loss": -28.172, "kld_loss": 39.42, "kld_weight": 0.09}
{"message": "", "levelname": "INFO", "name": "Trainer", "asctime": "2026-04-16 22:00:34,780", "type": "train", "epoch": 8, "batch": 1279, "n_batches": 7774, "time": 3.219, "data_time": 0.001, "lr": 0.001, "loss": -25.695, "recon_loss": -29.456, "kld_loss": 41.793, "kld_weight": 0.09}
{"message": "", "levelname": "INFO", "name": "Trainer", "asctime": "2026-04-16 22:01:01,774", "type": "train", "epoch": 8, "batch": 1359, "n_batches": 7774, "time": 3.227, "data_time": 0.001, "lr": 0.001, "loss": -23.016, "recon_loss": -26.892, "kld_loss": 43.065, "kld_weight": 0.09}
{"message": "", "levelname": "INFO", "name": "Trainer", "asctime": "2026-04-16 22:01:26,594", "type": "train", "epoch": 8, "batch": 1439, "n_batches": 7774, "time": 1.991, "data_time": 0.001, "lr": 0.001, "loss": -22.495, "recon_loss": -26.239, "kld_loss": 41.603, "kld_weight": 0.09}
{"message": "", "levelname": "INFO", "name": "Trainer", "asctime": "2026-04-16 22:01:51,902", "type": "train", "epoch": 8, "batch": 1519, "n_batches": 7774, "time": 2.08, "data_time": 0.001, "lr": 0.001, "loss": -21.745, "recon_loss": -25.068, "kld_loss": 36.918, "kld_weight": 0.09}
{"message": "", "levelname": "INFO", "name": "Trainer", "asctime": "2026-04-16 22:02:18,524", "type": "train", "epoch": 8, "batch": 1599, "n_batches": 7774, "time": 2.867, "data_time": 0.001, "lr": 0.001, "loss": -16.21, "recon_loss": -21.023, "kld_loss": 53.484, "kld_weight": 0.09}
{"message": "", "levelname": "INFO", "name": "Trainer", "asctime": "2026-04-16 22:02:42,701", "type": "train", "epoch": 8, "batch": 1679, "n_batches": 7774, "time": 2.511, "data_time": 0.001, "lr": 0.001, "loss": -18.337, "recon_loss": -22.382, "kld_loss": 44.949, "kld_weight": 0.09}
{"message": "", "levelname": "INFO", "name": "Trainer", "asctime": "2026-04-16 22:03:08,351", "type": "train", "epoch": 8, "batch": 1759, "n_batches": 7774, "time": 2.761, "data_time": 0.001, "lr": 0.001, "loss": -19.868, "recon_loss": -23.334, "kld_loss": 38.508, "kld_weight": 0.09}
{"message": "", "levelname": "INFO", "name": "Trainer", "asctime": "2026-04-16 22:03:34,015", "type": "train", "epoch": 8, "batch": 1839, "n_batches": 7774, "time": 3.026, "data_time": 0.001, "lr": 0.001, "loss": -23.932, "recon_loss": -27.914, "kld_loss": 44.24, "kld_weight": 0.09}
{"message": "", "levelname": "INFO", "name": "Trainer", "asctime": "2026-04-16 22:03:58,862", "type": "train", "epoch": 8, "batch": 1919, "n_batches": 7774, "time": 2.37, "data_time": 0.0, "lr": 0.001, "loss": -21.594, "recon_loss": -25.528, "kld_loss": 43.72, "kld_weight": 0.09}
{"message": "", "levelname": "INFO", "name": "Trainer", "asctime": "2026-04-16 22:04:25,633", "type": "train", "epoch": 8, "batch": 1999, "n_batches": 7774, "time": 2.714, "data_time": 0.0, "lr": 0.001, "loss": -19.323, "recon_loss": -23.851, "kld_loss": 50.306, "kld_weight": 0.09}
{"message": "", "levelname": "INFO", "name": "Trainer", "asctime": "2026-04-16 22:04:54,044", "type": "train", "epoch": 8, "batch": 2079, "n_batches": 7774, "time": 2.702, "data_time": 0.001, "lr": 0.001, "loss": -27.862, "recon_loss": -31.435, "kld_loss": 39.69, "kld_weight": 0.09}
{"message": "", "levelname": "INFO", "name": "Trainer", "asctime": "2026-04-16 22:05:19,662", "type": "train", "epoch": 8, "batch": 2159, "n_batches": 7774, "time": 2.107, "data_time": 0.0, "lr": 0.001, "loss": -21.855, "recon_loss": -25.487, "kld_loss": 40.358, "kld_weight": 0.09}
{"message": "", "levelname": "INFO", "name": "Trainer", "asctime": "2026-04-16 22:05:44,608", "type": "train", "epoch": 8, "batch": 2239, "n_batches": 7774, "time": 2.264, "data_time": 0.0, "lr": 0.001, "loss": -21.754, "recon_loss": -25.797, "kld_loss": 44.927, "kld_weight": 0.09}
{"message": "", "levelname": "INFO", "name": "Trainer", "asctime": "2026-04-16 22:06:10,479", "type": "train", "epoch": 8, "batch": 2319, "n_batches": 7774, "time": 2.484, "data_time": 0.001, "lr": 0.001, "loss": -23.06, "recon_loss": -26.898, "kld_loss": 42.641, "kld_weight": 0.09}
{"message": "", "levelname": "INFO", "name": "Trainer", "asctime": "2026-04-16 22:06:38,528", "type": "train", "epoch": 8, "batch": 2399, "n_batches": 7774, "time": 3.161, "data_time": 0.001, "lr": 0.001, "loss": -23.251, "recon_loss": -26.827, "kld_loss": 39.738, "kld_weight": 0.09}
{"message": "", "levelname": "INFO", "name": "Trainer", "asctime": "2026-04-16 22:07:06,425", "type": "train", "epoch": 8, "batch": 2479, "n_batches": 7774, "time": 3.157, "data_time": 0.0, "lr": 0.001, "loss": -21.131, "recon_loss": -24.725, "kld_loss": 39.933, "kld_weight": 0.09}
{"message": "", "levelname": "INFO", "name": "Trainer", "asctime": "2026-04-16 22:07:33,104", "type": "train", "epoch": 8, "batch": 2559, "n_batches": 7774, "time": 2.535, "data_time": 0.001, "lr": 0.001, "loss": -22.683, "recon_loss": -26.246, "kld_loss": 39.59, "kld_weight": 0.09}
{"message": "", "levelname": "INFO", "name": "Trainer", "asctime": "2026-04-16 22:08:00,684", "type": "train", "epoch": 8, "batch": 2639, "n_batches": 7774, "time": 2.663, "data_time": 0.001, "lr": 0.001, "loss": -25.191, "recon_loss": -28.8, "kld_loss": 40.1, "kld_weight": 0.09}
{"message": "", "levelname": "INFO", "name": "Trainer", "asctime": "2026-04-16 22:08:24,897", "type": "train", "epoch": 8, "batch": 2719, "n_batches": 7774, "time": 2.336, "data_time": 0.001, "lr": 0.001, "loss": -28.15, "recon_loss": -31.888, "kld_loss": 41.534, "kld_weight": 0.09}
{"message": "", "levelname": "INFO", "name": "Trainer", "asctime": "2026-04-16 22:08:50,141", "type": "train", "epoch": 8, "batch": 2799, "n_batches": 7774, "time": 2.152, "data_time": 0.001, "lr": 0.001, "loss": -23.653, "recon_loss": -27.348, "kld_loss": 41.06, "kld_weight": 0.09}
{"message": "", "levelname": "INFO", "name": "Trainer", "asctime": "2026-04-16 22:09:13,126", "type": "train", "epoch": 8, "batch": 2879, "n_batches": 7774, "time": 2.62, "data_time": 0.0, "lr": 0.001, "loss": -21.738, "recon_loss": -25.371, "kld_loss": 40.363, "kld_weight": 0.09}
{"message": "", "levelname": "INFO", "name": "Trainer", "asctime": "2026-04-16 22:09:37,144", "type": "train", "epoch": 8, "batch": 2959, "n_batches": 7774, "time": 3.153, "data_time": 0.001, "lr": 0.001, "loss": -17.434, "recon_loss": -21.315, "kld_loss": 43.122, "kld_weight": 0.09}
{"message": "", "levelname": "INFO", "name": "Trainer", "asctime": "2026-04-16 22:10:03,853", "type": "train", "epoch": 8, "batch": 3039, "n_batches": 7774, "time": 2.788, "data_time": 0.001, "lr": 0.001, "loss": -26.462, "recon_loss": -30.373, "kld_loss": 43.453, "kld_weight": 0.09}
{"message": "", "levelname": "INFO", "name": "Trainer", "asctime": "2026-04-16 22:10:29,513", "type": "train", "epoch": 8, "batch": 3119, "n_batches": 7774, "time": 2.831, "data_time": 0.0, "lr": 0.001, "loss": -20.293, "recon_loss": -23.873, "kld_loss": 39.777, "kld_weight": 0.09}
{"message": "", "levelname": "INFO", "name": "Trainer", "asctime": "2026-04-16 22:11:01,045", "type": "train", "epoch": 8, "batch": 3199, "n_batches": 7774, "time": 3.473, "data_time": 0.001, "lr": 0.001, "loss": -26.303, "recon_loss": -29.971, "kld_loss": 40.756, "kld_weight": 0.09}
{"message": "", "levelname": "INFO", "name": "Trainer", "asctime": "2026-04-16 22:11:35,833", "type": "train", "epoch": 8, "batch": 3279, "n_batches": 7774, "time": 2.895, "data_time": 0.001, "lr": 0.001, "loss": -23.922, "recon_loss": -27.831, "kld_loss": 43.426, "kld_weight": 0.09}
{"message": "", "levelname": "INFO", "name": "Trainer", "asctime": "2026-04-16 22:12:05,480", "type": "train", "epoch": 8, "batch": 3359, "n_batches": 7774, "time": 1.992, "data_time": 0.001, "lr": 0.001, "loss": -23.185, "recon_loss": -27.475, "kld_loss": 47.666, "kld_weight": 0.09}
{"message": "", "levelname": "INFO", "name": "Trainer", "asctime": "2026-04-16 22:12:35,301", "type": "train", "epoch": 8, "batch": 3439, "n_batches": 7774, "time": 3.041, "data_time": 0.001, "lr": 0.001, "loss": -22.495, "recon_loss": -26.16, "kld_loss": 40.724, "kld_weight": 0.09}
{"message": "", "levelname": "INFO", "name": "Trainer", "asctime": "2026-04-16 22:13:05,120", "type": "train", "epoch": 8, "batch": 3519, "n_batches": 7774, "time": 2.503, "data_time": 0.001, "lr": 0.001, "loss": -23.492, "recon_loss": -27.181, "kld_loss": 40.991, "kld_weight": 0.09}
{"message": "", "levelname": "INFO", "name": "Trainer", "asctime": "2026-04-16 22:13:31,854", "type": "train", "epoch": 8, "batch": 3599, "n_batches": 7774, "time": 2.944, "data_time": 0.0, "lr": 0.001, "loss": -26.529, "recon_loss": -30.058, "kld_loss": 39.209, "kld_weight": 0.09}
{"message": "", "levelname": "INFO", "name": "Trainer", "asctime": "2026-04-16 22:14:02,157", "type": "train", "epoch": 8, "batch": 3679, "n_batches": 7774, "time": 2.65, "data_time": 0.001, "lr": 0.001, "loss": -26.144, "recon_loss": -29.618, "kld_loss": 38.599, "kld_weight": 0.09}
{"message": "", "levelname": "INFO", "name": "Trainer", "asctime": "2026-04-16 22:14:30,375", "type": "train", "epoch": 8, "batch": 3759, "n_batches": 7774, "time": 2.84, "data_time": 0.001, "lr": 0.001, "loss": -25.737, "recon_loss": -29.228, "kld_loss": 38.781, "kld_weight": 0.09}
{"message": "", "levelname": "INFO", "name": "Trainer", "asctime": "2026-04-16 22:14:59,189", "type": "train", "epoch": 8, "batch": 3839, "n_batches": 7774, "time": 2.78, "data_time": 0.001, "lr": 0.001, "loss": -23.65, "recon_loss": -27.271, "kld_loss": 40.232, "kld_weight": 0.09}
{"message": "", "levelname": "INFO", "name": "Trainer", "asctime": "2026-04-16 22:15:28,581", "type": "train", "epoch": 8, "batch": 3919, "n_batches": 7774, "time": 2.641, "data_time": 0.001, "lr": 0.001, "loss": -23.038, "recon_loss": -26.823, "kld_loss": 42.053, "kld_weight": 0.09}
{"message": "", "levelname": "INFO", "name": "Trainer", "asctime": "2026-04-16 22:15:56,620", "type": "train", "epoch": 8, "batch": 3999, "n_batches": 7774, "time": 3.097, "data_time": 0.0, "lr": 0.001, "loss": -11.889, "recon_loss": -16.386, "kld_loss": 49.966, "kld_weight": 0.09}
{"message": "", "levelname": "INFO", "name": "Trainer", "asctime": "2026-04-16 22:16:24,241", "type": "train", "epoch": 8, "batch": 4079, "n_batches": 7774, "time": 2.992, "data_time": 0.001, "lr": 0.001, "loss": -20.845, "recon_loss": -24.501, "kld_loss": 40.623, "kld_weight": 0.09}
{"message": "", "levelname": "INFO", "name": "Trainer", "asctime": "2026-04-16 22:16:55,441", "type": "train", "epoch": 8, "batch": 4159, "n_batches": 7774, "time": 3.312, "data_time": 0.001, "lr": 0.001, "loss": -21.15, "recon_loss": -25.459, "kld_loss": 47.886, "kld_weight": 0.09}
{"message": "", "levelname": "INFO", "name": "Trainer", "asctime": "2026-04-16 22:17:25,058", "type": "train", "epoch": 8, "batch": 4239, "n_batches": 7774, "time": 2.885, "data_time": 0.001, "lr": 0.001, "loss": -25.243, "recon_loss": -28.841, "kld_loss": 39.98, "kld_weight": 0.09}
{"message": "", "levelname": "INFO", "name": "Trainer", "asctime": "2026-04-16 22:17:55,646", "type": "train", "epoch": 8, "batch": 4319, "n_batches": 7774, "time": 2.301, "data_time": 0.001, "lr": 0.001, "loss": -24.556, "recon_loss": -28.336, "kld_loss": 41.998, "kld_weight": 0.09}
{"message": "", "levelname": "INFO", "name": "Trainer", "asctime": "2026-04-16 22:18:25,867", "type": "train", "epoch": 8, "batch": 4399, "n_batches": 7774, "time": 3.003, "data_time": 0.001, "lr": 0.001, "loss": -25.463, "recon_loss": -29.168, "kld_loss": 41.172, "kld_weight": 0.09}
{"message": "", "levelname": "INFO", "name": "Trainer", "asctime": "2026-04-16 22:18:53,996", "type": "train", "epoch": 8, "batch": 4479, "n_batches": 7774, "time": 2.353, "data_time": 0.001, "lr": 0.001, "loss": -27.847, "recon_loss": -31.393, "kld_loss": 39.399, "kld_weight": 0.09}
{"message": "", "levelname": "INFO", "name": "Trainer", "asctime": "2026-04-16 22:19:24,743", "type": "train", "epoch": 8, "batch": 4559, "n_batches": 7774, "time": 3.481, "data_time": 0.001, "lr": 0.001, "loss": -23.737, "recon_loss": -27.29, "kld_loss": 39.481, "kld_weight": 0.09}
{"message": "", "levelname": "INFO", "name": "Trainer", "asctime": "2026-04-16 22:19:55,456", "type": "train", "epoch": 8, "batch": 4639, "n_batches": 7774, "time": 3.733, "data_time": 0.0, "lr": 0.001, "loss": -20.138, "recon_loss": -24.293, "kld_loss": 46.168, "kld_weight": 0.09}
{"message": "", "levelname": "INFO", "name": "Trainer", "asctime": "2026-04-16 22:20:24,863", "type": "train", "epoch": 8, "batch": 4719, "n_batches": 7774, "time": 3.118, "data_time": 0.0, "lr": 0.001, "loss": -24.107, "recon_loss": -27.79, "kld_loss": 40.916, "kld_weight": 0.09}
{"message": "", "levelname": "INFO", "name": "Trainer", "asctime": "2026-04-16 22:20:55,047", "type": "train", "epoch": 8, "batch": 4799, "n_batches": 7774, "time": 2.17, "data_time": 0.0, "lr": 0.001, "loss": -17.896, "recon_loss": -21.657, "kld_loss": 41.787, "kld_weight": 0.09}
{"message": "", "levelname": "INFO", "name": "Trainer", "asctime": "2026-04-16 22:21:23,097", "type": "train", "epoch": 8, "batch": 4879, "n_batches": 7774, "time": 2.322, "data_time": 0.001, "lr": 0.001, "loss": -23.961, "recon_loss": -27.418, "kld_loss": 38.412, "kld_weight": 0.09}
{"message": "", "levelname": "INFO", "name": "Trainer", "asctime": "2026-04-16 22:21:52,250", "type": "train", "epoch": 8, "batch": 4959, "n_batches": 7774, "time": 3.368, "data_time": 0.001, "lr": 0.001, "loss": -27.173, "recon_loss": -30.225, "kld_loss": 33.911, "kld_weight": 0.09}
{"message": "", "levelname": "INFO", "name": "Trainer", "asctime": "2026-04-16 22:22:22,621", "type": "train", "epoch": 8, "batch": 5039, "n_batches": 7774, "time": 2.679, "data_time": 0.001, "lr": 0.001, "loss": -23.064, "recon_loss": -26.757, "kld_loss": 41.028, "kld_weight": 0.09}
{"message": "", "levelname": "INFO", "name": "Trainer", "asctime": "2026-04-16 22:22:51,184", "type": "train", "epoch": 8, "batch": 5119, "n_batches": 7774, "time": 1.865, "data_time": 0.0, "lr": 0.001, "loss": -26.547, "recon_loss": -29.851, "kld_loss": 36.713, "kld_weight": 0.09}
{"message": "", "levelname": "INFO", "name": "Trainer", "asctime": "2026-04-16 22:23:20,109", "type": "train", "epoch": 8, "batch": 5199, "n_batches": 7774, "time": 2.052, "data_time": 0.001, "lr": 0.001, "loss": -16.045, "recon_loss": -19.805, "kld_loss": 41.782, "kld_weight": 0.09}
{"message": "", "levelname": "INFO", "name": "Trainer", "asctime": "2026-04-16 22:23:46,693", "type": "train", "epoch": 8, "batch": 5279, "n_batches": 7774, "time": 2.552, "data_time": 0.0, "lr": 0.001, "loss": -20.514, "recon_loss": -24.682, "kld_loss": 46.314, "kld_weight": 0.09}
{"message": "", "levelname": "INFO", "name": "Trainer", "asctime": "2026-04-16 22:24:11,663", "type": "train", "epoch": 8, "batch": 5359, "n_batches": 7774, "time": 2.309, "data_time": 0.0, "lr": 0.001, "loss": -25.554, "recon_loss": -29.124, "kld_loss": 39.663, "kld_weight": 0.09}
{"message": "", "levelname": "INFO", "name": "Trainer", "asctime": "2026-04-16 22:24:37,604", "type": "train", "epoch": 8, "batch": 5439, "n_batches": 7774, "time": 2.657, "data_time": 0.001, "lr": 0.001, "loss": -23.887, "recon_loss": -27.73, "kld_loss": 42.704, "kld_weight": 0.09}
{"message": "", "levelname": "INFO", "name": "Trainer", "asctime": "2026-04-16 22:25:04,051", "type": "train", "epoch": 8, "batch": 5519, "n_batches": 7774, "time": 2.414, "data_time": 0.001, "lr": 0.001, "loss": -18.002, "recon_loss": -22.148, "kld_loss": 46.058, "kld_weight": 0.09}
{"message": "", "levelname": "INFO", "name": "Trainer", "asctime": "2026-04-16 22:25:31,322", "type": "train", "epoch": 8, "batch": 5599, "n_batches": 7774, "time": 3.504, "data_time": 0.001, "lr": 0.001, "loss": -21.205, "recon_loss": -24.791, "kld_loss": 39.843, "kld_weight": 0.09}
{"message": "", "levelname": "INFO", "name": "Trainer", "asctime": "2026-04-16 22:26:00,844", "type": "train", "epoch": 8, "batch": 5679, "n_batches": 7774, "time": 2.856, "data_time": 0.001, "lr": 0.001, "loss": -14.729, "recon_loss": -18.305, "kld_loss": 39.727, "kld_weight": 0.09}
{"message": "", "levelname": "INFO", "name": "Trainer", "asctime": "2026-04-16 22:26:32,607", "type": "train", "epoch": 8, "batch": 5759, "n_batches": 7774, "time": 3.215, "data_time": 0.001, "lr": 0.001, "loss": -18.87, "recon_loss": -22.259, "kld_loss": 37.663, "kld_weight": 0.09}
{"message": "", "levelname": "INFO", "name": "Trainer", "asctime": "2026-04-16 22:27:02,076", "type": "train", "epoch": 8, "batch": 5839, "n_batches": 7774, "time": 2.833, "data_time": 0.001, "lr": 0.001, "loss": -18.092, "recon_loss": -22.33, "kld_loss": 47.084, "kld_weight": 0.09}
{"message": "", "levelname": "INFO", "name": "Trainer", "asctime": "2026-04-16 22:27:31,528", "type": "train", "epoch": 8, "batch": 5919, "n_batches": 7774, "time": 2.856, "data_time": 0.0, "lr": 0.001, "loss": -20.559, "recon_loss": -23.857, "kld_loss": 36.64, "kld_weight": 0.09}
{"message": "", "levelname": "INFO", "name": "Trainer", "asctime": "2026-04-16 22:28:03,347", "type": "train", "epoch": 8, "batch": 5999, "n_batches": 7774, "time": 3.045, "data_time": 0.001, "lr": 0.001, "loss": -23.023, "recon_loss": -26.468, "kld_loss": 38.28, "kld_weight": 0.09}
{"message": "", "levelname": "INFO", "name": "Trainer", "asctime": "2026-04-16 22:28:31,665", "type": "train", "epoch": 8, "batch": 6079, "n_batches": 7774, "time": 2.197, "data_time": 0.0, "lr": 0.001, "loss": -16.41, "recon_loss": -19.969, "kld_loss": 39.538, "kld_weight": 0.09}
{"message": "", "levelname": "INFO", "name": "Trainer", "asctime": "2026-04-16 22:28:59,967", "type": "train", "epoch": 8, "batch": 6159, "n_batches": 7774, "time": 3.224, "data_time": 0.001, "lr": 0.001, "loss": -22.559, "recon_loss": -26.32, "kld_loss": 41.795, "kld_weight": 0.09}
{"message": "", "levelname": "INFO", "name": "Trainer", "asctime": "2026-04-16 22:29:28,224", "type": "train", "epoch": 8, "batch": 6239, "n_batches": 7774, "time": 3.459, "data_time": 0.001, "lr": 0.001, "loss": -24.028, "recon_loss": -27.644, "kld_loss": 40.183, "kld_weight": 0.09}
{"message": "", "levelname": "INFO", "name": "Trainer", "asctime": "2026-04-16 22:29:56,712", "type": "train", "epoch": 8, "batch": 6319, "n_batches": 7774, "time": 2.766, "data_time": 0.001, "lr": 0.001, "loss": -17.861, "recon_loss": -23.251, "kld_loss": 59.888, "kld_weight": 0.09}
{"message": "", "levelname": "INFO", "name": "Trainer", "asctime": "2026-04-16 22:30:25,259", "type": "train", "epoch": 8, "batch": 6399, "n_batches": 7774, "time": 2.819, "data_time": 0.001, "lr": 0.001, "loss": -23.129, "recon_loss": -26.73, "kld_loss": 40.007, "kld_weight": 0.09}
{"message": "", "levelname": "INFO", "name": "Trainer", "asctime": "2026-04-16 22:30:53,398", "type": "train", "epoch": 8, "batch": 6479, "n_batches": 7774, "time": 2.596, "data_time": 0.001, "lr": 0.001, "loss": -23.895, "recon_loss": -27.739, "kld_loss": 42.716, "kld_weight": 0.09}
{"message": "", "levelname": "INFO", "name": "Trainer", "asctime": "2026-04-16 22:31:23,733", "type": "train", "epoch": 8, "batch": 6559, "n_batches": 7774, "time": 3.943, "data_time": 0.001, "lr": 0.001, "loss": -21.699, "recon_loss": -25.713, "kld_loss": 44.607, "kld_weight": 0.09}
{"message": "", "levelname": "INFO", "name": "Trainer", "asctime": "2026-04-16 22:31:54,658", "type": "train", "epoch": 8, "batch": 6639, "n_batches": 7774, "time": 2.897, "data_time": 0.001, "lr": 0.001, "loss": -27.114, "recon_loss": -30.593, "kld_loss": 38.66, "kld_weight": 0.09}
{"message": "", "levelname": "INFO", "name": "Trainer", "asctime": "2026-04-16 22:32:24,234", "type": "train", "epoch": 8, "batch": 6719, "n_batches": 7774, "time": 2.911, "data_time": 0.001, "lr": 0.001, "loss": -23.83, "recon_loss": -27.789, "kld_loss": 43.996, "kld_weight": 0.09}
{"message": "", "levelname": "INFO", "name": "Trainer", "asctime": "2026-04-16 22:32:56,059", "type": "train", "epoch": 8, "batch": 6799, "n_batches": 7774, "time": 4.159, "data_time": 0.001, "lr": 0.001, "loss": -19.481, "recon_loss": -23.471, "kld_loss": 44.334, "kld_weight": 0.09}
{"message": "", "levelname": "INFO", "name": "Trainer", "asctime": "2026-04-16 22:33:25,689", "type": "train", "epoch": 8, "batch": 6879, "n_batches": 7774, "time": 2.904, "data_time": 0.0, "lr": 0.001, "loss": -21.612, "recon_loss": -25.359, "kld_loss": 41.628, "kld_weight": 0.09}
{"message": "", "levelname": "INFO", "name": "Trainer", "asctime": "2026-04-16 22:33:54,636", "type": "train", "epoch": 8, "batch": 6959, "n_batches": 7774, "time": 2.891, "data_time": 0.001, "lr": 0.001, "loss": -24.205, "recon_loss": -28.09, "kld_loss": 43.168, "kld_weight": 0.09}
{"message": "", "levelname": "INFO", "name": "Trainer", "asctime": "2026-04-16 22:34:24,631", "type": "train", "epoch": 8, "batch": 7039, "n_batches": 7774, "time": 3.412, "data_time": 0.001, "lr": 0.001, "loss": -16.867, "recon_loss": -21.08, "kld_loss": 46.819, "kld_weight": 0.09}
{"message": "", "levelname": "INFO", "name": "Trainer", "asctime": "2026-04-16 22:34:54,052", "type": "train", "epoch": 8, "batch": 7119, "n_batches": 7774, "time": 3.653, "data_time": 0.001, "lr": 0.001, "loss": -15.042, "recon_loss": -18.852, "kld_loss": 42.338, "kld_weight": 0.09}
{"message": "", "levelname": "INFO", "name": "Trainer", "asctime": "2026-04-16 22:35:27,280", "type": "train", "epoch": 8, "batch": 7199, "n_batches": 7774, "time": 2.658, "data_time": 0.0, "lr": 0.001, "loss": -23.122, "recon_loss": -26.806, "kld_loss": 40.931, "kld_weight": 0.09}
{"message": "", "levelname": "INFO", "name": "Trainer", "asctime": "2026-04-16 22:35:56,889", "type": "train", "epoch": 8, "batch": 7279, "n_batches": 7774, "time": 3.284, "data_time": 0.0, "lr": 0.001, "loss": -21.585, "recon_loss": -25.174, "kld_loss": 39.875, "kld_weight": 0.09}
{"message": "", "levelname": "INFO", "name": "Trainer", "asctime": "2026-04-16 22:36:25,598", "type": "train", "epoch": 8, "batch": 7359, "n_batches": 7774, "time": 2.984, "data_time": 0.001, "lr": 0.001, "loss": -26.453, "recon_loss": -30.189, "kld_loss": 41.513, "kld_weight": 0.09}
{"message": "", "levelname": "INFO", "name": "Trainer", "asctime": "2026-04-16 22:36:54,334", "type": "train", "epoch": 8, "batch": 7439, "n_batches": 7774, "time": 2.223, "data_time": 0.001, "lr": 0.001, "loss": -16.839, "recon_loss": -20.298, "kld_loss": 38.432, "kld_weight": 0.09}
{"message": "", "levelname": "INFO", "name": "Trainer", "asctime": "2026-04-16 22:37:22,488", "type": "train", "epoch": 8, "batch": 7519, "n_batches": 7774, "time": 2.791, "data_time": 0.0, "lr": 0.001, "loss": -19.361, "recon_loss": -23.663, "kld_loss": 47.802, "kld_weight": 0.09}
{"message": "", "levelname": "INFO", "name": "Trainer", "asctime": "2026-04-16 22:37:49,991", "type": "train", "epoch": 8, "batch": 7599, "n_batches": 7774, "time": 2.783, "data_time": 0.001, "lr": 0.001, "loss": -17.272, "recon_loss": -22.509, "kld_loss": 58.19, "kld_weight": 0.09}
{"message": "", "levelname": "INFO", "name": "Trainer", "asctime": "2026-04-16 22:38:18,494", "type": "train", "epoch": 8, "batch": 7679, "n_batches": 7774, "time": 2.801, "data_time": 0.001, "lr": 0.001, "loss": -21.444, "recon_loss": -25.331, "kld_loss": 43.18, "kld_weight": 0.09}
{"message": "", "levelname": "INFO", "name": "Trainer", "asctime": "2026-04-16 22:38:46,025", "type": "train", "epoch": 8, "batch": 7759, "n_batches": 7774, "time": 3.287, "data_time": 0.001, "lr": 0.001, "loss": -27.193, "recon_loss": -30.871, "kld_loss": 40.871, "kld_weight": 0.09}
{"message": "", "levelname": "INFO", "name": "Trainer", "asctime": "2026-04-16 22:38:51,308", "type": "train-epoch", "epoch": 9, "loss": -2.8085, "recon_loss": -3.28247, "kld_loss": 5.26624, "kld_weight": 0.09, "time": 2713.2}
{"message": "", "levelname": "INFO", "name": "Trainer", "asctime": "2026-04-16 22:46:40,739", "type": "val-epoch", "epoch": 9, "loss": -2.927, "test_loss": 0.105, "recon_loss": -3.4, "kld_loss": 5.251, "kld_weight": 0.09, "note": "loss is teacher-forced CVAE objective; test_loss is prior-only reconstruction", "time": 469.4}
{"message": "", "levelname": "INFO", "name": "Trainer", "asctime": "2026-04-16 22:47:09,714", "type": "train", "epoch": 9, "batch": 79, "n_batches": 7774, "time": 3.427, "data_time": 0.001, "lr": 0.001, "loss": -18.954, "recon_loss": -22.756, "kld_loss": 38.025, "kld_weight": 0.1}
{"message": "", "levelname": "INFO", "name": "Trainer", "asctime": "2026-04-16 22:47:39,389", "type": "train", "epoch": 9, "batch": 159, "n_batches": 7774, "time": 2.617, "data_time": 0.0, "lr": 0.001, "loss": -19.459, "recon_loss": -23.56, "kld_loss": 41.015, "kld_weight": 0.1}
{"message": "", "levelname": "INFO", "name": "Trainer", "asctime": "2026-04-16 22:48:04,821", "type": "train", "epoch": 9, "batch": 239, "n_batches": 7774, "time": 2.683, "data_time": 0.001, "lr": 0.001, "loss": -25.571, "recon_loss": -29.058, "kld_loss": 34.87, "kld_weight": 0.1}
{"message": "", "levelname": "INFO", "name": "Trainer", "asctime": "2026-04-16 22:48:33,100", "type": "train", "epoch": 9, "batch": 319, "n_batches": 7774, "time": 3.107, "data_time": 0.001, "lr": 0.001, "loss": -19.945, "recon_loss": -24.127, "kld_loss": 41.818, "kld_weight": 0.1}
{"message": "", "levelname": "INFO", "name": "Trainer", "asctime": "2026-04-16 22:49:01,910", "type": "train", "epoch": 9, "batch": 399, "n_batches": 7774, "time": 2.485, "data_time": 0.0, "lr": 0.001, "loss": -25.021, "recon_loss": -28.911, "kld_loss": 38.896, "kld_weight": 0.1}
{"message": "", "levelname": "INFO", "name": "Trainer", "asctime": "2026-04-16 22:49:34,820", "type": "train", "epoch": 9, "batch": 479, "n_batches": 7774, "time": 3.237, "data_time": 0.001, "lr": 0.001, "loss": -19.515, "recon_loss": -23.683, "kld_loss": 41.683, "kld_weight": 0.1}
{"message": "", "levelname": "INFO", "name": "Trainer", "asctime": "2026-04-16 22:50:04,212", "type": "train", "epoch": 9, "batch": 559, "n_batches": 7774, "time": 2.986, "data_time": 0.0, "lr": 0.001, "loss": -26.612, "recon_loss": -30.591, "kld_loss": 39.787, "kld_weight": 0.1}
{"message": "", "levelname": "INFO", "name": "Trainer", "asctime": "2026-04-16 22:50:35,471", "type": "train", "epoch": 9, "batch": 639, "n_batches": 7774, "time": 2.894, "data_time": 0.001, "lr": 0.001, "loss": -24.824, "recon_loss": -28.799, "kld_loss": 39.744, "kld_weight": 0.1}
{"message": "", "levelname": "INFO", "name": "Trainer", "asctime": "2026-04-16 22:51:07,206", "type": "train", "epoch": 9, "batch": 719, "n_batches": 7774, "time": 3.163, "data_time": 0.001, "lr": 0.001, "loss": -22.962, "recon_loss": -27.462, "kld_loss": 44.996, "kld_weight": 0.1}
{"message": "", "levelname": "INFO", "name": "Trainer", "asctime": "2026-04-16 22:51:38,060", "type": "train", "epoch": 9, "batch": 799, "n_batches": 7774, "time": 2.776, "data_time": 0.0, "lr": 0.001, "loss": -22.284, "recon_loss": -26.148, "kld_loss": 38.646, "kld_weight": 0.1}
{"message": "", "levelname": "INFO", "name": "Trainer", "asctime": "2026-04-16 22:52:07,564", "type": "train", "epoch": 9, "batch": 879, "n_batches": 7774, "time": 2.007, "data_time": 0.001, "lr": 0.001, "loss": -22.042, "recon_loss": -26.87, "kld_loss": 48.285, "kld_weight": 0.1}
{"message": "", "levelname": "INFO", "name": "Trainer", "asctime": "2026-04-16 22:52:37,167", "type": "train", "epoch": 9, "batch": 959, "n_batches": 7774, "time": 3.198, "data_time": 0.001, "lr": 0.001, "loss": -24.841, "recon_loss": -28.557, "kld_loss": 37.159, "kld_weight": 0.1}
{"message": "", "levelname": "INFO", "name": "Trainer", "asctime": "2026-04-16 22:53:07,291", "type": "train", "epoch": 9, "batch": 1039, "n_batches": 7774, "time": 3.126, "data_time": 0.0, "lr": 0.001, "loss": -27.263, "recon_loss": -30.936, "kld_loss": 36.73, "kld_weight": 0.1}
{"message": "", "levelname": "INFO", "name": "Trainer", "asctime": "2026-04-16 22:53:36,145", "type": "train", "epoch": 9, "batch": 1119, "n_batches": 7774, "time": 2.517, "data_time": 0.001, "lr": 0.001, "loss": -15.779, "recon_loss": -19.543, "kld_loss": 37.642, "kld_weight": 0.1}
{"message": "", "levelname": "INFO", "name": "Trainer", "asctime": "2026-04-16 22:54:01,091", "type": "train", "epoch": 9, "batch": 1199, "n_batches": 7774, "time": 2.381, "data_time": 0.001, "lr": 0.001, "loss": -26.345, "recon_loss": -30.033, "kld_loss": 36.881, "kld_weight": 0.1}
{"message": "", "levelname": "INFO", "name": "Trainer", "asctime": "2026-04-16 22:54:29,811", "type": "train", "epoch": 9, "batch": 1279, "n_batches": 7774, "time": 2.398, "data_time": 0.0, "lr": 0.001, "loss": -26.553, "recon_loss": -30.549, "kld_loss": 39.961, "kld_weight": 0.1}
{"message": "", "levelname": "INFO", "name": "Trainer", "asctime": "2026-04-16 22:54:58,779", "type": "train", "epoch": 9, "batch": 1359, "n_batches": 7774, "time": 2.874, "data_time": 0.0, "lr": 0.001, "loss": -21.343, "recon_loss": -25.556, "kld_loss": 42.131, "kld_weight": 0.1}
{"message": "", "levelname": "INFO", "name": "Trainer", "asctime": "2026-04-16 22:55:24,923", "type": "train", "epoch": 9, "batch": 1439, "n_batches": 7774, "time": 2.399, "data_time": 0.0, "lr": 0.001, "loss": -25.406, "recon_loss": -29.565, "kld_loss": 41.589, "kld_weight": 0.1}
{"message": "", "levelname": "INFO", "name": "Trainer", "asctime": "2026-04-16 22:55:56,085", "type": "train", "epoch": 9, "batch": 1519, "n_batches": 7774, "time": 2.744, "data_time": 0.0, "lr": 0.001, "loss": -21.482, "recon_loss": -25.764, "kld_loss": 42.816, "kld_weight": 0.1}
{"message": "", "levelname": "INFO", "name": "Trainer", "asctime": "2026-04-16 22:56:26,886", "type": "train", "epoch": 9, "batch": 1599, "n_batches": 7774, "time": 3.572, "data_time": 0.0, "lr": 0.001, "loss": -23.123, "recon_loss": -27.315, "kld_loss": 41.918, "kld_weight": 0.1}
{"message": "", "levelname": "INFO", "name": "Trainer", "asctime": "2026-04-16 22:56:56,193", "type": "train", "epoch": 9, "batch": 1679, "n_batches": 7774, "time": 2.647, "data_time": 0.0, "lr": 0.001, "loss": -21.173, "recon_loss": -24.849, "kld_loss": 36.759, "kld_weight": 0.1}
{"message": "", "levelname": "INFO", "name": "Trainer", "asctime": "2026-04-16 22:57:27,340", "type": "train", "epoch": 9, "batch": 1759, "n_batches": 7774, "time": 3.074, "data_time": 0.001, "lr": 0.001, "loss": -20.192, "recon_loss": -24.794, "kld_loss": 46.018, "kld_weight": 0.1}
{"message": "", "levelname": "INFO", "name": "Trainer", "asctime": "2026-04-16 22:57:56,318", "type": "train", "epoch": 9, "batch": 1839, "n_batches": 7774, "time": 2.67, "data_time": 0.001, "lr": 0.001, "loss": -18.143, "recon_loss": -22.08, "kld_loss": 39.369, "kld_weight": 0.1}
{"message": "", "levelname": "INFO", "name": "Trainer", "asctime": "2026-04-16 22:58:25,965", "type": "train", "epoch": 9, "batch": 1919, "n_batches": 7774, "time": 3.013, "data_time": 0.001, "lr": 0.001, "loss": -22.941, "recon_loss": -26.986, "kld_loss": 40.443, "kld_weight": 0.1}
{"message": "", "levelname": "INFO", "name": "Trainer", "asctime": "2026-04-16 22:58:56,314", "type": "train", "epoch": 9, "batch": 1999, "n_batches": 7774, "time": 3.011, "data_time": 0.001, "lr": 0.001, "loss": -27.78, "recon_loss": -31.395, "kld_loss": 36.143, "kld_weight": 0.1}
{"message": "", "levelname": "INFO", "name": "Trainer", "asctime": "2026-04-16 22:59:24,879", "type": "train", "epoch": 9, "batch": 2079, "n_batches": 7774, "time": 2.698, "data_time": 0.001, "lr": 0.001, "loss": -25.678, "recon_loss": -30.253, "kld_loss": 45.744, "kld_weight": 0.1}
{"message": "", "levelname": "INFO", "name": "Trainer", "asctime": "2026-04-16 22:59:49,732", "type": "train", "epoch": 9, "batch": 2159, "n_batches": 7774, "time": 2.281, "data_time": 0.001, "lr": 0.001, "loss": -25.453, "recon_loss": -30.295, "kld_loss": 48.423, "kld_weight": 0.1}
{"message": "", "levelname": "INFO", "name": "Trainer", "asctime": "2026-04-16 23:00:19,807", "type": "train", "epoch": 9, "batch": 2239, "n_batches": 7774, "time": 3.185, "data_time": 0.001, "lr": 0.001, "loss": -24.572, "recon_loss": -28.65, "kld_loss": 40.773, "kld_weight": 0.1}
{"message": "", "levelname": "INFO", "name": "Trainer", "asctime": "2026-04-16 23:00:51,528", "type": "train", "epoch": 9, "batch": 2319, "n_batches": 7774, "time": 2.713, "data_time": 0.0, "lr": 0.001, "loss": -25.326, "recon_loss": -29.364, "kld_loss": 40.376, "kld_weight": 0.1}
{"message": "", "levelname": "INFO", "name": "Trainer", "asctime": "2026-04-16 23:01:23,149", "type": "train", "epoch": 9, "batch": 2399, "n_batches": 7774, "time": 3.443, "data_time": 0.001, "lr": 0.001, "loss": -18.72, "recon_loss": -22.639, "kld_loss": 39.192, "kld_weight": 0.1}
{"message": "", "levelname": "INFO", "name": "Trainer", "asctime": "2026-04-16 23:01:54,716", "type": "train", "epoch": 9, "batch": 2479, "n_batches": 7774, "time": 3.115, "data_time": 0.0, "lr": 0.001, "loss": -18.24, "recon_loss": -22.142, "kld_loss": 39.023, "kld_weight": 0.1}
{"message": "", "levelname": "INFO", "name": "Trainer", "asctime": "2026-04-16 23:02:26,546", "type": "train", "epoch": 9, "batch": 2559, "n_batches": 7774, "time": 3.019, "data_time": 0.001, "lr": 0.001, "loss": -23.268, "recon_loss": -27.7, "kld_loss": 44.314, "kld_weight": 0.1}
{"message": "", "levelname": "INFO", "name": "Trainer", "asctime": "2026-04-16 23:02:55,533", "type": "train", "epoch": 9, "batch": 2639, "n_batches": 7774, "time": 2.77, "data_time": 0.001, "lr": 0.001, "loss": -17.446, "recon_loss": -21.542, "kld_loss": 40.96, "kld_weight": 0.1}
{"message": "", "levelname": "INFO", "name": "Trainer", "asctime": "2026-04-16 23:03:24,387", "type": "train", "epoch": 9, "batch": 2719, "n_batches": 7774, "time": 3.188, "data_time": 0.001, "lr": 0.001, "loss": -27.76, "recon_loss": -31.721, "kld_loss": 39.611, "kld_weight": 0.1}
{"message": "", "levelname": "INFO", "name": "Trainer", "asctime": "2026-04-16 23:03:51,888", "type": "train", "epoch": 9, "batch": 2799, "n_batches": 7774, "time": 3.003, "data_time": 0.001, "lr": 0.001, "loss": -19.105, "recon_loss": -23.337, "kld_loss": 42.325, "kld_weight": 0.1}
{"message": "", "levelname": "INFO", "name": "Trainer", "asctime": "2026-04-16 23:04:24,455", "type": "train", "epoch": 9, "batch": 2879, "n_batches": 7774, "time": 4.119, "data_time": 0.001, "lr": 0.001, "loss": -21.624, "recon_loss": -25.879, "kld_loss": 42.549, "kld_weight": 0.1}
{"message": "", "levelname": "INFO", "name": "Trainer", "asctime": "2026-04-16 23:04:55,818", "type": "train", "epoch": 9, "batch": 2959, "n_batches": 7774, "time": 2.548, "data_time": 0.001, "lr": 0.001, "loss": -23.975, "recon_loss": -28.126, "kld_loss": 41.51, "kld_weight": 0.1}
{"message": "", "levelname": "INFO", "name": "Trainer", "asctime": "2026-04-16 23:05:27,115", "type": "train", "epoch": 9, "batch": 3039, "n_batches": 7774, "time": 2.721, "data_time": 0.001, "lr": 0.001, "loss": -24.737, "recon_loss": -28.479, "kld_loss": 37.413, "kld_weight": 0.1}
{"message": "", "levelname": "INFO", "name": "Trainer", "asctime": "2026-04-16 23:05:58,742", "type": "train", "epoch": 9, "batch": 3119, "n_batches": 7774, "time": 2.499, "data_time": 0.0, "lr": 0.001, "loss": -27.023, "recon_loss": -30.815, "kld_loss": 37.922, "kld_weight": 0.1}
{"message": "", "levelname": "INFO", "name": "Trainer", "asctime": "2026-04-16 23:06:30,191", "type": "train", "epoch": 9, "batch": 3199, "n_batches": 7774, "time": 3.98, "data_time": 0.0, "lr": 0.001, "loss": -25.095, "recon_loss": -28.95, "kld_loss": 38.552, "kld_weight": 0.1}
{"message": "", "levelname": "INFO", "name": "Trainer", "asctime": "2026-04-16 23:06:59,511", "type": "train", "epoch": 9, "batch": 3279, "n_batches": 7774, "time": 2.995, "data_time": 0.001, "lr": 0.001, "loss": -27.081, "recon_loss": -31.073, "kld_loss": 39.919, "kld_weight": 0.1}
{"message": "", "levelname": "INFO", "name": "Trainer", "asctime": "2026-04-16 23:07:28,742", "type": "train", "epoch": 9, "batch": 3359, "n_batches": 7774, "time": 2.521, "data_time": 0.0, "lr": 0.001, "loss": -29.761, "recon_loss": -33.954, "kld_loss": 41.934, "kld_weight": 0.1}
{"message": "", "levelname": "INFO", "name": "Trainer", "asctime": "2026-04-16 23:07:59,282", "type": "train", "epoch": 9, "batch": 3439, "n_batches": 7774, "time": 3.89, "data_time": 0.001, "lr": 0.001, "loss": -21.321, "recon_loss": -25.555, "kld_loss": 42.343, "kld_weight": 0.1}
{"message": "", "levelname": "INFO", "name": "Trainer", "asctime": "2026-04-16 23:08:27,760", "type": "train", "epoch": 9, "batch": 3519, "n_batches": 7774, "time": 2.314, "data_time": 0.001, "lr": 0.001, "loss": -15.439, "recon_loss": -19.452, "kld_loss": 40.126, "kld_weight": 0.1}
{"message": "", "levelname": "INFO", "name": "Trainer", "asctime": "2026-04-16 23:08:57,613", "type": "train", "epoch": 9, "batch": 3599, "n_batches": 7774, "time": 2.654, "data_time": 0.0, "lr": 0.001, "loss": -24.225, "recon_loss": -28.129, "kld_loss": 39.036, "kld_weight": 0.1}
{"message": "", "levelname": "INFO", "name": "Trainer", "asctime": "2026-04-16 23:09:29,210", "type": "train", "epoch": 9, "batch": 3679, "n_batches": 7774, "time": 3.434, "data_time": 0.001, "lr": 0.001, "loss": -25.109, "recon_loss": -28.919, "kld_loss": 38.108, "kld_weight": 0.1}
{"message": "", "levelname": "INFO", "name": "Trainer", "asctime": "2026-04-16 23:09:56,675", "type": "train", "epoch": 9, "batch": 3759, "n_batches": 7774, "time": 2.455, "data_time": 0.0, "lr": 0.001, "loss": -18.669, "recon_loss": -22.731, "kld_loss": 40.623, "kld_weight": 0.1}
{"message": "", "levelname": "INFO", "name": "Trainer", "asctime": "2026-04-16 23:10:25,533", "type": "train", "epoch": 9, "batch": 3839, "n_batches": 7774, "time": 3.245, "data_time": 0.001, "lr": 0.001, "loss": -27.918, "recon_loss": -32.088, "kld_loss": 41.693, "kld_weight": 0.1}
{"message": "", "levelname": "INFO", "name": "Trainer", "asctime": "2026-04-16 23:10:55,666", "type": "train", "epoch": 9, "batch": 3919, "n_batches": 7774, "time": 2.883, "data_time": 0.0, "lr": 0.001, "loss": -23.592, "recon_loss": -29.189, "kld_loss": 55.966, "kld_weight": 0.1}
{"message": "", "levelname": "INFO", "name": "Trainer", "asctime": "2026-04-16 23:11:24,216", "type": "train", "epoch": 9, "batch": 3999, "n_batches": 7774, "time": 3.324, "data_time": 0.001, "lr": 0.001, "loss": -24.97, "recon_loss": -29.464, "kld_loss": 44.941, "kld_weight": 0.1}
{"message": "", "levelname": "INFO", "name": "Trainer", "asctime": "2026-04-16 23:11:53,255", "type": "train", "epoch": 9, "batch": 4079, "n_batches": 7774, "time": 3.177, "data_time": 0.001, "lr": 0.001, "loss": -21.828, "recon_loss": -26.141, "kld_loss": 43.131, "kld_weight": 0.1}
{"message": "", "levelname": "INFO", "name": "Trainer", "asctime": "2026-04-16 23:12:22,490", "type": "train", "epoch": 9, "batch": 4159, "n_batches": 7774, "time": 2.412, "data_time": 0.001, "lr": 0.001, "loss": -22.545, "recon_loss": -26.363, "kld_loss": 38.181, "kld_weight": 0.1}
{"message": "", "levelname": "INFO", "name": "Trainer", "asctime": "2026-04-16 23:12:51,004", "type": "train", "epoch": 9, "batch": 4239, "n_batches": 7774, "time": 3.202, "data_time": 0.001, "lr": 0.001, "loss": -28.824, "recon_loss": -32.9, "kld_loss": 40.754, "kld_weight": 0.1}
{"message": "", "levelname": "INFO", "name": "Trainer", "asctime": "2026-04-16 23:13:18,336", "type": "train", "epoch": 9, "batch": 4319, "n_batches": 7774, "time": 3.211, "data_time": 0.0, "lr": 0.001, "loss": -19.865, "recon_loss": -23.785, "kld_loss": 39.203, "kld_weight": 0.1}
{"message": "", "levelname": "INFO", "name": "Trainer", "asctime": "2026-04-16 23:13:48,372", "type": "train", "epoch": 9, "batch": 4399, "n_batches": 7774, "time": 3.228, "data_time": 0.001, "lr": 0.001, "loss": -23.544, "recon_loss": -27.559, "kld_loss": 40.144, "kld_weight": 0.1}
{"message": "", "levelname": "INFO", "name": "Trainer", "asctime": "2026-04-16 23:14:16,360", "type": "train", "epoch": 9, "batch": 4479, "n_batches": 7774, "time": 2.547, "data_time": 0.001, "lr": 0.001, "loss": -15.895, "recon_loss": -20.417, "kld_loss": 45.225, "kld_weight": 0.1}
{"message": "", "levelname": "INFO", "name": "Trainer", "asctime": "2026-04-16 23:14:44,500", "type": "train", "epoch": 9, "batch": 4559, "n_batches": 7774, "time": 3.25, "data_time": 0.001, "lr": 0.001, "loss": -23.637, "recon_loss": -27.938, "kld_loss": 43.003, "kld_weight": 0.1}
{"message": "", "levelname": "INFO", "name": "Trainer", "asctime": "2026-04-16 23:15:15,335", "type": "train", "epoch": 9, "batch": 4639, "n_batches": 7774, "time": 2.648, "data_time": 0.001, "lr": 0.001, "loss": -24.678, "recon_loss": -28.665, "kld_loss": 39.872, "kld_weight": 0.1}
{"message": "", "levelname": "INFO", "name": "Trainer", "asctime": "2026-04-16 23:15:42,787", "type": "train", "epoch": 9, "batch": 4719, "n_batches": 7774, "time": 4.643, "data_time": 0.001, "lr": 0.001, "loss": -26.37, "recon_loss": -30.16, "kld_loss": 37.9, "kld_weight": 0.1}
{"message": "", "levelname": "INFO", "name": "Trainer", "asctime": "2026-04-16 23:16:11,145", "type": "train", "epoch": 9, "batch": 4799, "n_batches": 7774, "time": 2.421, "data_time": 0.001, "lr": 0.001, "loss": -24.64, "recon_loss": -29.333, "kld_loss": 46.927, "kld_weight": 0.1}
{"message": "", "levelname": "INFO", "name": "Trainer", "asctime": "2026-04-16 23:16:39,116", "type": "train", "epoch": 9, "batch": 4879, "n_batches": 7774, "time": 2.516, "data_time": 0.0, "lr": 0.001, "loss": -18.804, "recon_loss": -22.901, "kld_loss": 40.977, "kld_weight": 0.1}
{"message": "", "levelname": "INFO", "name": "Trainer", "asctime": "2026-04-16 23:17:10,230", "type": "train", "epoch": 9, "batch": 4959, "n_batches": 7774, "time": 3.28, "data_time": 0.001, "lr": 0.001, "loss": -19.836, "recon_loss": -23.792, "kld_loss": 39.56, "kld_weight": 0.1}
{"message": "", "levelname": "INFO", "name": "Trainer", "asctime": "2026-04-16 23:17:38,566", "type": "train", "epoch": 9, "batch": 5039, "n_batches": 7774, "time": 2.944, "data_time": 0.001, "lr": 0.001, "loss": -24.318, "recon_loss": -28.077, "kld_loss": 37.586, "kld_weight": 0.1}
{"message": "", "levelname": "INFO", "name": "Trainer", "asctime": "2026-04-16 23:18:07,641", "type": "train", "epoch": 9, "batch": 5119, "n_batches": 7774, "time": 3.003, "data_time": 0.0, "lr": 0.001, "loss": -26.759, "recon_loss": -30.762, "kld_loss": 40.026, "kld_weight": 0.1}
{"message": "", "levelname": "INFO", "name": "Trainer", "asctime": "2026-04-16 23:18:35,407", "type": "train", "epoch": 9, "batch": 5199, "n_batches": 7774, "time": 2.521, "data_time": 0.0, "lr": 0.001, "loss": -23.862, "recon_loss": -28.138, "kld_loss": 42.764, "kld_weight": 0.1}
{"message": "", "levelname": "INFO", "name": "Trainer", "asctime": "2026-04-16 23:19:09,373", "type": "train", "epoch": 9, "batch": 5279, "n_batches": 7774, "time": 3.864, "data_time": 0.001, "lr": 0.001, "loss": -19.95, "recon_loss": -23.971, "kld_loss": 40.211, "kld_weight": 0.1}
{"message": "", "levelname": "INFO", "name": "Trainer", "asctime": "2026-04-16 23:19:38,546", "type": "train", "epoch": 9, "batch": 5359, "n_batches": 7774, "time": 3.03, "data_time": 0.001, "lr": 0.001, "loss": -22.424, "recon_loss": -26.555, "kld_loss": 41.307, "kld_weight": 0.1}
{"message": "", "levelname": "INFO", "name": "Trainer", "asctime": "2026-04-16 23:20:06,491", "type": "train", "epoch": 9, "batch": 5439, "n_batches": 7774, "time": 3.169, "data_time": 0.001, "lr": 0.001, "loss": -20.117, "recon_loss": -24.064, "kld_loss": 39.472, "kld_weight": 0.1}
{"message": "", "levelname": "INFO", "name": "Trainer", "asctime": "2026-04-16 23:20:36,286", "type": "train", "epoch": 9, "batch": 5519, "n_batches": 7774, "time": 3.341, "data_time": 0.0, "lr": 0.001, "loss": -22.339, "recon_loss": -26.312, "kld_loss": 39.728, "kld_weight": 0.1}
{"message": "", "levelname": "INFO", "name": "Trainer", "asctime": "2026-04-16 23:21:08,010", "type": "train", "epoch": 9, "batch": 5599, "n_batches": 7774, "time": 3.486, "data_time": 0.0, "lr": 0.001, "loss": -26.548, "recon_loss": -30.459, "kld_loss": 39.11, "kld_weight": 0.1}
{"message": "", "levelname": "INFO", "name": "Trainer", "asctime": "2026-04-16 23:21:41,790", "type": "train", "epoch": 9, "batch": 5679, "n_batches": 7774, "time": 4.437, "data_time": 0.001, "lr": 0.001, "loss": -21.268, "recon_loss": -24.835, "kld_loss": 35.67, "kld_weight": 0.1}
{"message": "", "levelname": "INFO", "name": "Trainer", "asctime": "2026-04-16 23:22:12,205", "type": "train", "epoch": 9, "batch": 5759, "n_batches": 7774, "time": 3.077, "data_time": 0.001, "lr": 0.001, "loss": -20.354, "recon_loss": -24.701, "kld_loss": 43.477, "kld_weight": 0.1}
{"message": "", "levelname": "INFO", "name": "Trainer", "asctime": "2026-04-16 23:22:43,367", "type": "train", "epoch": 9, "batch": 5839, "n_batches": 7774, "time": 3.193, "data_time": 0.001, "lr": 0.001, "loss": -19.939, "recon_loss": -24.393, "kld_loss": 44.542, "kld_weight": 0.1}
{"message": "", "levelname": "INFO", "name": "Trainer", "asctime": "2026-04-16 23:23:11,493", "type": "train", "epoch": 9, "batch": 5919, "n_batches": 7774, "time": 2.886, "data_time": 0.0, "lr": 0.001, "loss": -23.783, "recon_loss": -27.899, "kld_loss": 41.158, "kld_weight": 0.1}
{"message": "", "levelname": "INFO", "name": "Trainer", "asctime": "2026-04-16 23:23:35,390", "type": "train", "epoch": 9, "batch": 5999, "n_batches": 7774, "time": 1.911, "data_time": 0.001, "lr": 0.001, "loss": -21.047, "recon_loss": -24.977, "kld_loss": 39.3, "kld_weight": 0.1}
{"message": "", "levelname": "INFO", "name": "Trainer", "asctime": "2026-04-16 23:24:01,303", "type": "train", "epoch": 9, "batch": 6079, "n_batches": 7774, "time": 1.903, "data_time": 0.0, "lr": 0.001, "loss": -25.823, "recon_loss": -30.134, "kld_loss": 43.105, "kld_weight": 0.1}
{"message": "", "levelname": "INFO", "name": "Trainer", "asctime": "2026-04-16 23:24:29,303", "type": "train", "epoch": 9, "batch": 6159, "n_batches": 7774, "time": 2.857, "data_time": 0.001, "lr": 0.001, "loss": -20.195, "recon_loss": -24.651, "kld_loss": 44.559, "kld_weight": 0.1}
{"message": "", "levelname": "INFO", "name": "Trainer", "asctime": "2026-04-16 23:24:55,247", "type": "train", "epoch": 9, "batch": 6239, "n_batches": 7774, "time": 2.107, "data_time": 0.001, "lr": 0.001, "loss": -19.705, "recon_loss": -24.008, "kld_loss": 43.033, "kld_weight": 0.1}
{"message": "", "levelname": "INFO", "name": "Trainer", "asctime": "2026-04-16 23:25:21,278", "type": "train", "epoch": 9, "batch": 6319, "n_batches": 7774, "time": 3.18, "data_time": 0.001, "lr": 0.001, "loss": -19.384, "recon_loss": -23.391, "kld_loss": 40.069, "kld_weight": 0.1}
{"message": "", "levelname": "INFO", "name": "Trainer", "asctime": "2026-04-16 23:25:46,650", "type": "train", "epoch": 9, "batch": 6399, "n_batches": 7774, "time": 2.269, "data_time": 0.0, "lr": 0.001, "loss": -23.02, "recon_loss": -27.348, "kld_loss": 43.282, "kld_weight": 0.1}
{"message": "", "levelname": "INFO", "name": "Trainer", "asctime": "2026-04-16 23:26:10,852", "type": "train", "epoch": 9, "batch": 6479, "n_batches": 7774, "time": 2.487, "data_time": 0.0, "lr": 0.001, "loss": -25.02, "recon_loss": -28.978, "kld_loss": 39.571, "kld_weight": 0.1}
{"message": "", "levelname": "INFO", "name": "Trainer", "asctime": "2026-04-16 23:26:39,074", "type": "train", "epoch": 9, "batch": 6559, "n_batches": 7774, "time": 2.946, "data_time": 0.001, "lr": 0.001, "loss": -22.078, "recon_loss": -25.894, "kld_loss": 38.159, "kld_weight": 0.1}
{"message": "", "levelname": "INFO", "name": "Trainer", "asctime": "2026-04-16 23:27:04,805", "type": "train", "epoch": 9, "batch": 6639, "n_batches": 7774, "time": 2.532, "data_time": 0.0, "lr": 0.001, "loss": -15.48, "recon_loss": -19.977, "kld_loss": 44.961, "kld_weight": 0.1}
{"message": "", "levelname": "INFO", "name": "Trainer", "asctime": "2026-04-16 23:27:31,094", "type": "train", "epoch": 9, "batch": 6719, "n_batches": 7774, "time": 2.86, "data_time": 0.001, "lr": 0.001, "loss": -24.748, "recon_loss": -28.852, "kld_loss": 41.042, "kld_weight": 0.1}
{"message": "", "levelname": "INFO", "name": "Trainer", "asctime": "2026-04-16 23:27:57,675", "type": "train", "epoch": 9, "batch": 6799, "n_batches": 7774, "time": 2.659, "data_time": 0.001, "lr": 0.001, "loss": -23.487, "recon_loss": -27.522, "kld_loss": 40.347, "kld_weight": 0.1}
{"message": "", "levelname": "INFO", "name": "Trainer", "asctime": "2026-04-16 23:28:28,981", "type": "train", "epoch": 9, "batch": 6879, "n_batches": 7774, "time": 2.528, "data_time": 0.001, "lr": 0.001, "loss": -22.872, "recon_loss": -26.645, "kld_loss": 37.732, "kld_weight": 0.1}
{"message": "", "levelname": "INFO", "name": "Trainer", "asctime": "2026-04-16 23:28:54,168", "type": "train", "epoch": 9, "batch": 6959, "n_batches": 7774, "time": 2.544, "data_time": 0.001, "lr": 0.001, "loss": -14.431, "recon_loss": -19.055, "kld_loss": 46.24, "kld_weight": 0.1}
{"message": "", "levelname": "INFO", "name": "Trainer", "asctime": "2026-04-16 23:29:20,533", "type": "train", "epoch": 9, "batch": 7039, "n_batches": 7774, "time": 2.88, "data_time": 0.001, "lr": 0.001, "loss": -24.933, "recon_loss": -29.2, "kld_loss": 42.671, "kld_weight": 0.1}
{"message": "", "levelname": "INFO", "name": "Trainer", "asctime": "2026-04-16 23:29:47,973", "type": "train", "epoch": 9, "batch": 7119, "n_batches": 7774, "time": 2.394, "data_time": 0.0, "lr": 0.001, "loss": -24.987, "recon_loss": -29.148, "kld_loss": 41.614, "kld_weight": 0.1}
{"message": "", "levelname": "INFO", "name": "Trainer", "asctime": "2026-04-16 23:30:31,108", "type": "train", "epoch": 9, "batch": 7199, "n_batches": 7774, "time": 3.461, "data_time": 0.001, "lr": 0.001, "loss": -13.981, "recon_loss": -17.748, "kld_loss": 37.672, "kld_weight": 0.1}
{"message": "", "levelname": "INFO", "name": "Trainer", "asctime": "2026-04-16 23:30:58,514", "type": "train", "epoch": 9, "batch": 7279, "n_batches": 7774, "time": 2.36, "data_time": 0.0, "lr": 0.001, "loss": -21.544, "recon_loss": -25.764, "kld_loss": 42.206, "kld_weight": 0.1}
{"message": "", "levelname": "INFO", "name": "Trainer", "asctime": "2026-04-16 23:31:22,650", "type": "train", "epoch": 9, "batch": 7359, "n_batches": 7774, "time": 1.974, "data_time": 0.001, "lr": 0.001, "loss": -27.499, "recon_loss": -31.747, "kld_loss": 42.475, "kld_weight": 0.1}
{"message": "", "levelname": "INFO", "name": "Trainer", "asctime": "2026-04-16 23:31:45,629", "type": "train", "epoch": 9, "batch": 7439, "n_batches": 7774, "time": 2.732, "data_time": 0.0, "lr": 0.001, "loss": -19.271, "recon_loss": -23.83, "kld_loss": 45.592, "kld_weight": 0.1}
{"message": "", "levelname": "INFO", "name": "Trainer", "asctime": "2026-04-16 23:32:19,131", "type": "train", "epoch": 9, "batch": 7519, "n_batches": 7774, "time": 3.508, "data_time": 0.001, "lr": 0.001, "loss": -21.908, "recon_loss": -25.882, "kld_loss": 39.742, "kld_weight": 0.1}
{"message": "", "levelname": "INFO", "name": "Trainer", "asctime": "2026-04-16 23:32:48,474", "type": "train", "epoch": 9, "batch": 7599, "n_batches": 7774, "time": 2.66, "data_time": 0.001, "lr": 0.001, "loss": -18.414, "recon_loss": -22.977, "kld_loss": 45.622, "kld_weight": 0.1}
{"message": "", "levelname": "INFO", "name": "Trainer", "asctime": "2026-04-16 23:33:15,304", "type": "train", "epoch": 9, "batch": 7679, "n_batches": 7774, "time": 2.276, "data_time": 0.0, "lr": 0.001, "loss": -24.057, "recon_loss": -28.143, "kld_loss": 40.861, "kld_weight": 0.1}
{"message": "", "levelname": "INFO", "name": "Trainer", "asctime": "2026-04-16 23:33:41,854", "type": "train", "epoch": 9, "batch": 7759, "n_batches": 7774, "time": 2.862, "data_time": 0.0, "lr": 0.001, "loss": -18.847, "recon_loss": -22.581, "kld_loss": 37.348, "kld_weight": 0.1}
{"message": "", "levelname": "INFO", "name": "Trainer", "asctime": "2026-04-16 23:33:47,034", "type": "train-epoch", "epoch": 10, "loss": -2.78898, "recon_loss": -3.31182, "kld_loss": 5.22835, "kld_weight": 0.1, "time": 2826.3}
{"message": "", "levelname": "INFO", "name": "Trainer", "asctime": "2026-04-16 23:40:26,925", "type": "val-epoch", "epoch": 10, "loss": -2.858, "test_loss": -0.066, "recon_loss": -3.368, "kld_loss": 5.096, "kld_weight": 0.1, "note": "loss is teacher-forced CVAE objective; test_loss is prior-only reconstruction", "time": 399.9}
{"message": "", "levelname": "INFO", "name": "Trainer", "asctime": "2026-04-16 23:40:52,540", "type": "train", "epoch": 10, "batch": 79, "n_batches": 7774, "time": 2.996, "data_time": 0.001, "lr": 0.0001, "loss": -22.838, "recon_loss": -27.041, "kld_loss": 42.029, "kld_weight": 0.1}
{"message": "", "levelname": "INFO", "name": "Trainer", "asctime": "2026-04-16 23:41:18,358", "type": "train", "epoch": 10, "batch": 159, "n_batches": 7774, "time": 2.072, "data_time": 0.001, "lr": 0.0001, "loss": -25.875, "recon_loss": -29.715, "kld_loss": 38.404, "kld_weight": 0.1}
{"message": "", "levelname": "INFO", "name": "Trainer", "asctime": "2026-04-16 23:41:46,793", "type": "train", "epoch": 10, "batch": 239, "n_batches": 7774, "time": 3.723, "data_time": 0.001, "lr": 0.0001, "loss": -25.843, "recon_loss": -29.915, "kld_loss": 40.714, "kld_weight": 0.1}
{"message": "", "levelname": "INFO", "name": "Trainer", "asctime": "2026-04-16 23:42:17,660", "type": "train", "epoch": 10, "batch": 319, "n_batches": 7774, "time": 3.896, "data_time": 0.001, "lr": 0.0001, "loss": -29.079, "recon_loss": -33.156, "kld_loss": 40.773, "kld_weight": 0.1}
{"message": "", "levelname": "INFO", "name": "Trainer", "asctime": "2026-04-16 23:42:45,685", "type": "train", "epoch": 10, "batch": 399, "n_batches": 7774, "time": 3.103, "data_time": 0.001, "lr": 0.0001, "loss": -22.729, "recon_loss": -26.616, "kld_loss": 38.871, "kld_weight": 0.1}
{"message": "", "levelname": "INFO", "name": "Trainer", "asctime": "2026-04-16 23:43:11,319", "type": "train", "epoch": 10, "batch": 479, "n_batches": 7774, "time": 2.698, "data_time": 0.001, "lr": 0.0001, "loss": -22.074, "recon_loss": -26.132, "kld_loss": 40.578, "kld_weight": 0.1}
{"message": "", "levelname": "INFO", "name": "Trainer", "asctime": "2026-04-16 23:43:35,736", "type": "train", "epoch": 10, "batch": 559, "n_batches": 7774, "time": 2.326, "data_time": 0.001, "lr": 0.0001, "loss": -23.689, "recon_loss": -27.665, "kld_loss": 39.757, "kld_weight": 0.1}
{"message": "", "levelname": "INFO", "name": "Trainer", "asctime": "2026-04-16 23:44:01,081", "type": "train", "epoch": 10, "batch": 639, "n_batches": 7774, "time": 2.654, "data_time": 0.0, "lr": 0.0001, "loss": -23.283, "recon_loss": -27.268, "kld_loss": 39.852, "kld_weight": 0.1}
{"message": "", "levelname": "INFO", "name": "Trainer", "asctime": "2026-04-16 23:44:31,167", "type": "train", "epoch": 10, "batch": 719, "n_batches": 7774, "time": 4.337, "data_time": 0.001, "lr": 0.0001, "loss": -22.449, "recon_loss": -26.699, "kld_loss": 42.504, "kld_weight": 0.1}
{"message": "", "levelname": "INFO", "name": "Trainer", "asctime": "2026-04-16 23:45:05,885", "type": "train", "epoch": 10, "batch": 799, "n_batches": 7774, "time": 3.391, "data_time": 0.001, "lr": 0.0001, "loss": -22.978, "recon_loss": -26.869, "kld_loss": 38.91, "kld_weight": 0.1}
{"message": "", "levelname": "INFO", "name": "Trainer", "asctime": "2026-04-16 23:45:31,887", "type": "train", "epoch": 10, "batch": 879, "n_batches": 7774, "time": 2.321, "data_time": 0.0, "lr": 0.0001, "loss": -20.226, "recon_loss": -24.54, "kld_loss": 43.142, "kld_weight": 0.1}
{"message": "", "levelname": "INFO", "name": "Trainer", "asctime": "2026-04-16 23:45:55,505", "type": "train", "epoch": 10, "batch": 959, "n_batches": 7774, "time": 2.349, "data_time": 0.001, "lr": 0.0001, "loss": -21.575, "recon_loss": -25.603, "kld_loss": 40.28, "kld_weight": 0.1}
{"message": "", "levelname": "INFO", "name": "Trainer", "asctime": "2026-04-16 23:46:21,959", "type": "train", "epoch": 10, "batch": 1039, "n_batches": 7774, "time": 2.694, "data_time": 0.001, "lr": 0.0001, "loss": -23.519, "recon_loss": -27.759, "kld_loss": 42.404, "kld_weight": 0.1}
{"message": "", "levelname": "INFO", "name": "Trainer", "asctime": "2026-04-16 23:46:48,688", "type": "train", "epoch": 10, "batch": 1119, "n_batches": 7774, "time": 2.527, "data_time": 0.0, "lr": 0.0001, "loss": -27.831, "recon_loss": -31.522, "kld_loss": 36.91, "kld_weight": 0.1}
{"message": "", "levelname": "INFO", "name": "Trainer", "asctime": "2026-04-16 23:47:12,376", "type": "train", "epoch": 10, "batch": 1199, "n_batches": 7774, "time": 2.172, "data_time": 0.0, "lr": 0.0001, "loss": -27.466, "recon_loss": -31.608, "kld_loss": 41.412, "kld_weight": 0.1}
{"message": "", "levelname": "INFO", "name": "Trainer", "asctime": "2026-04-16 23:47:36,957", "type": "train", "epoch": 10, "batch": 1279, "n_batches": 7774, "time": 2.33, "data_time": 0.001, "lr": 0.0001, "loss": -26.926, "recon_loss": -30.873, "kld_loss": 39.471, "kld_weight": 0.1}
{"message": "", "levelname": "INFO", "name": "Trainer", "asctime": "2026-04-16 23:48:02,979", "type": "train", "epoch": 10, "batch": 1359, "n_batches": 7774, "time": 2.781, "data_time": 0.001, "lr": 0.0001, "loss": -24.391, "recon_loss": -28.619, "kld_loss": 42.284, "kld_weight": 0.1}
{"message": "", "levelname": "INFO", "name": "Trainer", "asctime": "2026-04-16 23:48:29,712", "type": "train", "epoch": 10, "batch": 1439, "n_batches": 7774, "time": 2.822, "data_time": 0.0, "lr": 0.0001, "loss": -24.665, "recon_loss": -28.612, "kld_loss": 39.468, "kld_weight": 0.1}
{"message": "", "levelname": "INFO", "name": "Trainer", "asctime": "2026-04-16 23:48:55,906", "type": "train", "epoch": 10, "batch": 1519, "n_batches": 7774, "time": 3.047, "data_time": 0.001, "lr": 0.0001, "loss": -20.669, "recon_loss": -25.041, "kld_loss": 43.723, "kld_weight": 0.1}
{"message": "", "levelname": "INFO", "name": "Trainer", "asctime": "2026-04-16 23:49:21,866", "type": "train", "epoch": 10, "batch": 1599, "n_batches": 7774, "time": 2.448, "data_time": 0.0, "lr": 0.0001, "loss": -22.402, "recon_loss": -26.792, "kld_loss": 43.904, "kld_weight": 0.1}
{"message": "", "levelname": "INFO", "name": "Trainer", "asctime": "2026-04-16 23:49:46,059", "type": "train", "epoch": 10, "batch": 1679, "n_batches": 7774, "time": 2.014, "data_time": 0.0, "lr": 0.0001, "loss": -18.299, "recon_loss": -22.481, "kld_loss": 41.827, "kld_weight": 0.1}
{"message": "", "levelname": "INFO", "name": "Trainer", "asctime": "2026-04-16 23:50:12,470", "type": "train", "epoch": 10, "batch": 1759, "n_batches": 7774, "time": 2.599, "data_time": 0.0, "lr": 0.0001, "loss": -19.11, "recon_loss": -23.453, "kld_loss": 43.434, "kld_weight": 0.1}
{"message": "", "levelname": "INFO", "name": "Trainer", "asctime": "2026-04-16 23:50:36,230", "type": "train", "epoch": 10, "batch": 1839, "n_batches": 7774, "time": 1.988, "data_time": 0.0, "lr": 0.0001, "loss": -24.598, "recon_loss": -29.151, "kld_loss": 45.527, "kld_weight": 0.1}
{"message": "", "levelname": "INFO", "name": "Trainer", "asctime": "2026-04-16 23:51:03,337", "type": "train", "epoch": 10, "batch": 1919, "n_batches": 7774, "time": 2.749, "data_time": 0.0, "lr": 0.0001, "loss": -25.63, "recon_loss": -29.492, "kld_loss": 38.617, "kld_weight": 0.1}
{"message": "", "levelname": "INFO", "name": "Trainer", "asctime": "2026-04-16 23:51:30,435", "type": "train", "epoch": 10, "batch": 1999, "n_batches": 7774, "time": 2.461, "data_time": 0.001, "lr": 0.0001, "loss": -25.254, "recon_loss": -29.984, "kld_loss": 47.306, "kld_weight": 0.1}
{"message": "", "levelname": "INFO", "name": "Trainer", "asctime": "2026-04-16 23:51:57,722", "type": "train", "epoch": 10, "batch": 2079, "n_batches": 7774, "time": 2.784, "data_time": 0.0, "lr": 0.0001, "loss": -17.434, "recon_loss": -21.914, "kld_loss": 44.802, "kld_weight": 0.1}
{"message": "", "levelname": "INFO", "name": "Trainer", "asctime": "2026-04-16 23:52:20,960", "type": "train", "epoch": 10, "batch": 2159, "n_batches": 7774, "time": 3.038, "data_time": 0.0, "lr": 0.0001, "loss": -25.782, "recon_loss": -30.087, "kld_loss": 43.053, "kld_weight": 0.1}
{"message": "", "levelname": "INFO", "name": "Trainer", "asctime": "2026-04-16 23:52:54,015", "type": "train", "epoch": 10, "batch": 2239, "n_batches": 7774, "time": 3.05, "data_time": 0.0, "lr": 0.0001, "loss": -27.258, "recon_loss": -31.914, "kld_loss": 46.559, "kld_weight": 0.1}
{"message": "", "levelname": "INFO", "name": "Trainer", "asctime": "2026-04-16 23:53:19,654", "type": "train", "epoch": 10, "batch": 2319, "n_batches": 7774, "time": 2.889, "data_time": 0.0, "lr": 0.0001, "loss": -21.94, "recon_loss": -26.367, "kld_loss": 44.275, "kld_weight": 0.1}
{"message": "", "levelname": "INFO", "name": "Trainer", "asctime": "2026-04-16 23:53:45,692", "type": "train", "epoch": 10, "batch": 2399, "n_batches": 7774, "time": 2.786, "data_time": 0.001, "lr": 0.0001, "loss": -14.125, "recon_loss": -21.094, "kld_loss": 69.692, "kld_weight": 0.1}
{"message": "", "levelname": "INFO", "name": "Trainer", "asctime": "2026-04-16 23:54:11,568", "type": "train", "epoch": 10, "batch": 2479, "n_batches": 7774, "time": 3.366, "data_time": 0.001, "lr": 0.0001, "loss": -20.92, "recon_loss": -25.018, "kld_loss": 40.98, "kld_weight": 0.1}
{"message": "", "levelname": "INFO", "name": "Trainer", "asctime": "2026-04-16 23:54:37,604", "type": "train", "epoch": 10, "batch": 2559, "n_batches": 7774, "time": 2.438, "data_time": 0.001, "lr": 0.0001, "loss": -16.333, "recon_loss": -20.863, "kld_loss": 45.303, "kld_weight": 0.1}
{"message": "", "levelname": "INFO", "name": "Trainer", "asctime": "2026-04-16 23:55:00,513", "type": "train", "epoch": 10, "batch": 2639, "n_batches": 7774, "time": 2.46, "data_time": 0.001, "lr": 0.0001, "loss": -18.031, "recon_loss": -22.408, "kld_loss": 43.768, "kld_weight": 0.1}
{"message": "", "levelname": "INFO", "name": "Trainer", "asctime": "2026-04-16 23:55:25,993", "type": "train", "epoch": 10, "batch": 2719, "n_batches": 7774, "time": 1.839, "data_time": 0.001, "lr": 0.0001, "loss": -24.18, "recon_loss": -28.135, "kld_loss": 39.544, "kld_weight": 0.1}
{"message": "", "levelname": "INFO", "name": "Trainer", "asctime": "2026-04-16 23:55:50,988", "type": "train", "epoch": 10, "batch": 2799, "n_batches": 7774, "time": 3.087, "data_time": 0.001, "lr": 0.0001, "loss": -25.731, "recon_loss": -29.64, "kld_loss": 39.098, "kld_weight": 0.1}
{"message": "", "levelname": "INFO", "name": "Trainer", "asctime": "2026-04-16 23:56:14,836", "type": "train", "epoch": 10, "batch": 2879, "n_batches": 7774, "time": 2.887, "data_time": 0.001, "lr": 0.0001, "loss": -22.943, "recon_loss": -27.26, "kld_loss": 43.169, "kld_weight": 0.1}
{"message": "", "levelname": "INFO", "name": "Trainer", "asctime": "2026-04-16 23:56:40,926", "type": "train", "epoch": 10, "batch": 2959, "n_batches": 7774, "time": 2.666, "data_time": 0.0, "lr": 0.0001, "loss": -17.407, "recon_loss": -21.624, "kld_loss": 42.165, "kld_weight": 0.1}
{"message": "", "levelname": "INFO", "name": "Trainer", "asctime": "2026-04-16 23:57:04,719", "type": "train", "epoch": 10, "batch": 3039, "n_batches": 7774, "time": 2.314, "data_time": 0.001, "lr": 0.0001, "loss": -25.894, "recon_loss": -30.387, "kld_loss": 44.931, "kld_weight": 0.1}
{"message": "", "levelname": "INFO", "name": "Trainer", "asctime": "2026-04-16 23:57:30,534", "type": "train", "epoch": 10, "batch": 3119, "n_batches": 7774, "time": 3.294, "data_time": 0.001, "lr": 0.0001, "loss": -22.435, "recon_loss": -27.588, "kld_loss": 51.526, "kld_weight": 0.1}
{"message": "", "levelname": "INFO", "name": "Trainer", "asctime": "2026-04-16 23:57:56,041", "type": "train", "epoch": 10, "batch": 3199, "n_batches": 7774, "time": 2.685, "data_time": 0.001, "lr": 0.0001, "loss": -27.058, "recon_loss": -31.655, "kld_loss": 45.961, "kld_weight": 0.1}
{"message": "", "levelname": "INFO", "name": "Trainer", "asctime": "2026-04-16 23:58:21,180", "type": "train", "epoch": 10, "batch": 3279, "n_batches": 7774, "time": 2.618, "data_time": 0.0, "lr": 0.0001, "loss": -22.045, "recon_loss": -26.759, "kld_loss": 47.137, "kld_weight": 0.1}
{"message": "", "levelname": "INFO", "name": "Trainer", "asctime": "2026-04-16 23:58:48,918", "type": "train", "epoch": 10, "batch": 3359, "n_batches": 7774, "time": 2.106, "data_time": 0.001, "lr": 0.0001, "loss": -19.328, "recon_loss": -24.459, "kld_loss": 51.308, "kld_weight": 0.1}
{"message": "", "levelname": "INFO", "name": "Trainer", "asctime": "2026-04-16 23:59:15,633", "type": "train", "epoch": 10, "batch": 3439, "n_batches": 7774, "time": 2.894, "data_time": 0.001, "lr": 0.0001, "loss": -19.807, "recon_loss": -23.704, "kld_loss": 38.976, "kld_weight": 0.1}
{"message": "", "levelname": "INFO", "name": "Trainer", "asctime": "2026-04-16 23:59:42,981", "type": "train", "epoch": 10, "batch": 3519, "n_batches": 7774, "time": 2.66, "data_time": 0.001, "lr": 0.0001, "loss": -20.229, "recon_loss": -24.608, "kld_loss": 43.784, "kld_weight": 0.1}
{"message": "", "levelname": "INFO", "name": "Trainer", "asctime": "2026-04-17 00:00:09,489", "type": "train", "epoch": 10, "batch": 3599, "n_batches": 7774, "time": 2.496, "data_time": 0.0, "lr": 0.0001, "loss": -13.934, "recon_loss": -18.215, "kld_loss": 42.812, "kld_weight": 0.1}
{"message": "", "levelname": "INFO", "name": "Trainer", "asctime": "2026-04-17 00:00:42,170", "type": "train", "epoch": 10, "batch": 3679, "n_batches": 7774, "time": 4.226, "data_time": 0.001, "lr": 0.0001, "loss": -26.39, "recon_loss": -30.264, "kld_loss": 38.738, "kld_weight": 0.1}
{"message": "", "levelname": "INFO", "name": "Trainer", "asctime": "2026-04-17 00:01:09,295", "type": "train", "epoch": 10, "batch": 3759, "n_batches": 7774, "time": 2.781, "data_time": 0.0, "lr": 0.0001, "loss": -23.961, "recon_loss": -28.235, "kld_loss": 42.741, "kld_weight": 0.1}
{"message": "", "levelname": "INFO", "name": "Trainer", "asctime": "2026-04-17 00:01:32,921", "type": "train", "epoch": 10, "batch": 3839, "n_batches": 7774, "time": 2.449, "data_time": 0.001, "lr": 0.0001, "loss": -26.557, "recon_loss": -30.775, "kld_loss": 42.178, "kld_weight": 0.1}
{"message": "", "levelname": "INFO", "name": "Trainer", "asctime": "2026-04-17 00:01:57,913", "type": "train", "epoch": 10, "batch": 3919, "n_batches": 7774, "time": 2.769, "data_time": 0.0, "lr": 0.0001, "loss": -26.204, "recon_loss": -29.862, "kld_loss": 36.585, "kld_weight": 0.1}
{"message": "", "levelname": "INFO", "name": "Trainer", "asctime": "2026-04-17 00:02:26,016", "type": "train", "epoch": 10, "batch": 3999, "n_batches": 7774, "time": 2.889, "data_time": 0.0, "lr": 0.0001, "loss": -19.974, "recon_loss": -24.983, "kld_loss": 50.085, "kld_weight": 0.1}
{"message": "", "levelname": "INFO", "name": "Trainer", "asctime": "2026-04-17 00:02:51,377", "type": "train", "epoch": 10, "batch": 4079, "n_batches": 7774, "time": 2.687, "data_time": 0.001, "lr": 0.0001, "loss": -20.343, "recon_loss": -24.782, "kld_loss": 44.394, "kld_weight": 0.1}
{"message": "", "levelname": "INFO", "name": "Trainer", "asctime": "2026-04-17 00:03:14,510", "type": "train", "epoch": 10, "batch": 4159, "n_batches": 7774, "time": 2.163, "data_time": 0.0, "lr": 0.0001, "loss": -21.944, "recon_loss": -27.613, "kld_loss": 56.693, "kld_weight": 0.1}
{"message": "", "levelname": "INFO", "name": "Trainer", "asctime": "2026-04-17 00:03:39,796", "type": "train", "epoch": 10, "batch": 4239, "n_batches": 7774, "time": 2.775, "data_time": 0.0, "lr": 0.0001, "loss": -22.02, "recon_loss": -26.262, "kld_loss": 42.429, "kld_weight": 0.1}
{"message": "", "levelname": "INFO", "name": "Trainer", "asctime": "2026-04-17 00:04:03,697", "type": "train", "epoch": 10, "batch": 4319, "n_batches": 7774, "time": 2.201, "data_time": 0.001, "lr": 0.0001, "loss": -25.41, "recon_loss": -29.207, "kld_loss": 37.973, "kld_weight": 0.1}
{"message": "", "levelname": "INFO", "name": "Trainer", "asctime": "2026-04-17 00:04:31,707", "type": "train", "epoch": 10, "batch": 4399, "n_batches": 7774, "time": 1.899, "data_time": 0.0, "lr": 0.0001, "loss": -27.013, "recon_loss": -30.977, "kld_loss": 39.644, "kld_weight": 0.1}
{"message": "", "levelname": "INFO", "name": "Trainer", "asctime": "2026-04-17 00:04:58,581", "type": "train", "epoch": 10, "batch": 4479, "n_batches": 7774, "time": 2.195, "data_time": 0.001, "lr": 0.0001, "loss": -25.752, "recon_loss": -30.036, "kld_loss": 42.842, "kld_weight": 0.1}
{"message": "", "levelname": "INFO", "name": "Trainer", "asctime": "2026-04-17 00:05:26,322", "type": "train", "epoch": 10, "batch": 4559, "n_batches": 7774, "time": 2.562, "data_time": 0.0, "lr": 0.0001, "loss": -23.626, "recon_loss": -27.932, "kld_loss": 43.066, "kld_weight": 0.1}
{"message": "", "levelname": "INFO", "name": "Trainer", "asctime": "2026-04-17 00:05:52,577", "type": "train", "epoch": 10, "batch": 4639, "n_batches": 7774, "time": 2.914, "data_time": 0.0, "lr": 0.0001, "loss": -21.814, "recon_loss": -26.015, "kld_loss": 42.013, "kld_weight": 0.1}
{"message": "", "levelname": "INFO", "name": "Trainer", "asctime": "2026-04-17 00:06:18,155", "type": "train", "epoch": 10, "batch": 4719, "n_batches": 7774, "time": 2.638, "data_time": 0.001, "lr": 0.0001, "loss": -25.802, "recon_loss": -29.781, "kld_loss": 39.789, "kld_weight": 0.1}
{"message": "", "levelname": "INFO", "name": "Trainer", "asctime": "2026-04-17 00:06:42,637", "type": "train", "epoch": 10, "batch": 4799, "n_batches": 7774, "time": 1.887, "data_time": 0.0, "lr": 0.0001, "loss": -28.102, "recon_loss": -32.428, "kld_loss": 43.263, "kld_weight": 0.1}
{"message": "", "levelname": "INFO", "name": "Trainer", "asctime": "2026-04-17 00:07:09,255", "type": "train", "epoch": 10, "batch": 4879, "n_batches": 7774, "time": 2.407, "data_time": 0.0, "lr": 0.0001, "loss": -25.092, "recon_loss": -29.326, "kld_loss": 42.339, "kld_weight": 0.1}
{"message": "", "levelname": "INFO", "name": "Trainer", "asctime": "2026-04-17 00:07:35,397", "type": "train", "epoch": 10, "batch": 4959, "n_batches": 7774, "time": 2.976, "data_time": 0.0, "lr": 0.0001, "loss": -25.081, "recon_loss": -29.768, "kld_loss": 46.87, "kld_weight": 0.1}
{"message": "", "levelname": "INFO", "name": "Trainer", "asctime": "2026-04-17 00:08:00,367", "type": "train", "epoch": 10, "batch": 5039, "n_batches": 7774, "time": 2.716, "data_time": 0.001, "lr": 0.0001, "loss": -22.11, "recon_loss": -26.127, "kld_loss": 40.172, "kld_weight": 0.1}
{"message": "", "levelname": "INFO", "name": "Trainer", "asctime": "2026-04-17 00:08:23,380", "type": "train", "epoch": 10, "batch": 5119, "n_batches": 7774, "time": 2.707, "data_time": 0.0, "lr": 0.0001, "loss": -26.003, "recon_loss": -30.084, "kld_loss": 40.816, "kld_weight": 0.1}
{"message": "", "levelname": "INFO", "name": "Trainer", "asctime": "2026-04-17 00:08:49,084", "type": "train", "epoch": 10, "batch": 5199, "n_batches": 7774, "time": 2.597, "data_time": 0.001, "lr": 0.0001, "loss": -18.401, "recon_loss": -22.846, "kld_loss": 44.45, "kld_weight": 0.1}
{"message": "", "levelname": "INFO", "name": "Trainer", "asctime": "2026-04-17 00:09:14,683", "type": "train", "epoch": 10, "batch": 5279, "n_batches": 7774, "time": 2.592, "data_time": 0.0, "lr": 0.0001, "loss": -24.389, "recon_loss": -28.845, "kld_loss": 44.561, "kld_weight": 0.1}
{"message": "", "levelname": "INFO", "name": "Trainer", "asctime": "2026-04-17 00:09:40,450", "type": "train", "epoch": 10, "batch": 5359, "n_batches": 7774, "time": 2.473, "data_time": 0.0, "lr": 0.0001, "loss": -26.369, "recon_loss": -30.277, "kld_loss": 39.083, "kld_weight": 0.1}
{"message": "", "levelname": "INFO", "name": "Trainer", "asctime": "2026-04-17 00:10:07,976", "type": "train", "epoch": 10, "batch": 5439, "n_batches": 7774, "time": 2.757, "data_time": 0.0, "lr": 0.0001, "loss": -20.813, "recon_loss": -25.226, "kld_loss": 44.129, "kld_weight": 0.1}
{"message": "", "levelname": "INFO", "name": "Trainer", "asctime": "2026-04-17 00:10:34,249", "type": "train", "epoch": 10, "batch": 5519, "n_batches": 7774, "time": 3.049, "data_time": 0.001, "lr": 0.0001, "loss": -22.676, "recon_loss": -27.432, "kld_loss": 47.563, "kld_weight": 0.1}
{"message": "", "levelname": "INFO", "name": "Trainer", "asctime": "2026-04-17 00:10:58,526", "type": "train", "epoch": 10, "batch": 5599, "n_batches": 7774, "time": 2.441, "data_time": 0.0, "lr": 0.0001, "loss": -24.497, "recon_loss": -28.125, "kld_loss": 36.281, "kld_weight": 0.1}
{"message": "", "levelname": "INFO", "name": "Trainer", "asctime": "2026-04-17 00:11:23,166", "type": "train", "epoch": 10, "batch": 5679, "n_batches": 7774, "time": 2.936, "data_time": 0.001, "lr": 0.0001, "loss": -21.79, "recon_loss": -25.812, "kld_loss": 40.226, "kld_weight": 0.1}
{"message": "", "levelname": "INFO", "name": "Trainer", "asctime": "2026-04-17 00:11:47,984", "type": "train", "epoch": 10, "batch": 5759, "n_batches": 7774, "time": 2.371, "data_time": 0.0, "lr": 0.0001, "loss": -20.851, "recon_loss": -25.884, "kld_loss": 50.331, "kld_weight": 0.1}
{"message": "", "levelname": "INFO", "name": "Trainer", "asctime": "2026-04-17 00:12:13,610", "type": "train", "epoch": 10, "batch": 5839, "n_batches": 7774, "time": 2.428, "data_time": 0.0, "lr": 0.0001, "loss": -25.482, "recon_loss": -29.477, "kld_loss": 39.953, "kld_weight": 0.1}
{"message": "", "levelname": "INFO", "name": "Trainer", "asctime": "2026-04-17 00:12:36,416", "type": "train", "epoch": 10, "batch": 5919, "n_batches": 7774, "time": 2.528, "data_time": 0.0, "lr": 0.0001, "loss": -26.549, "recon_loss": -31.081, "kld_loss": 45.32, "kld_weight": 0.1}
{"message": "", "levelname": "INFO", "name": "Trainer", "asctime": "2026-04-17 00:13:02,714", "type": "train", "epoch": 10, "batch": 5999, "n_batches": 7774, "time": 2.385, "data_time": 0.001, "lr": 0.0001, "loss": -27.192, "recon_loss": -32.062, "kld_loss": 48.701, "kld_weight": 0.1}
{"message": "", "levelname": "INFO", "name": "Trainer", "asctime": "2026-04-17 00:13:28,356", "type": "train", "epoch": 10, "batch": 6079, "n_batches": 7774, "time": 2.613, "data_time": 0.0, "lr": 0.0001, "loss": -26.731, "recon_loss": -30.731, "kld_loss": 40.002, "kld_weight": 0.1}
{"message": "", "levelname": "INFO", "name": "Trainer", "asctime": "2026-04-17 00:13:53,337", "type": "train", "epoch": 10, "batch": 6159, "n_batches": 7774, "time": 2.488, "data_time": 0.001, "lr": 0.0001, "loss": -26.793, "recon_loss": -30.955, "kld_loss": 41.627, "kld_weight": 0.1}
{"message": "", "levelname": "INFO", "name": "Trainer", "asctime": "2026-04-17 00:14:18,784", "type": "train", "epoch": 10, "batch": 6239, "n_batches": 7774, "time": 2.288, "data_time": 0.0, "lr": 0.0001, "loss": -23.858, "recon_loss": -27.787, "kld_loss": 39.286, "kld_weight": 0.1}
{"message": "", "levelname": "INFO", "name": "Trainer", "asctime": "2026-04-17 00:14:43,158", "type": "train", "epoch": 10, "batch": 6319, "n_batches": 7774, "time": 2.014, "data_time": 0.0, "lr": 0.0001, "loss": -24.642, "recon_loss": -29.074, "kld_loss": 44.32, "kld_weight": 0.1}
{"message": "", "levelname": "INFO", "name": "Trainer", "asctime": "2026-04-17 00:15:09,046", "type": "train", "epoch": 10, "batch": 6399, "n_batches": 7774, "time": 1.77, "data_time": 0.0, "lr": 0.0001, "loss": -21.413, "recon_loss": -26.831, "kld_loss": 54.179, "kld_weight": 0.1}
{"message": "", "levelname": "INFO", "name": "Trainer", "asctime": "2026-04-17 00:15:33,535", "type": "train", "epoch": 10, "batch": 6479, "n_batches": 7774, "time": 1.593, "data_time": 0.0, "lr": 0.0001, "loss": -24.933, "recon_loss": -29.325, "kld_loss": 43.918, "kld_weight": 0.1}
{"message": "", "levelname": "INFO", "name": "Trainer", "asctime": "2026-04-17 00:15:59,080", "type": "train", "epoch": 10, "batch": 6559, "n_batches": 7774, "time": 2.42, "data_time": 0.001, "lr": 0.0001, "loss": -23.765, "recon_loss": -27.899, "kld_loss": 41.34, "kld_weight": 0.1}
{"message": "", "levelname": "INFO", "name": "Trainer", "asctime": "2026-04-17 00:16:23,079", "type": "train", "epoch": 10, "batch": 6639, "n_batches": 7774, "time": 2.924, "data_time": 0.001, "lr": 0.0001, "loss": -28.989, "recon_loss": -32.958, "kld_loss": 39.687, "kld_weight": 0.1}
{"message": "", "levelname": "INFO", "name": "Trainer", "asctime": "2026-04-17 00:16:49,427", "type": "train", "epoch": 10, "batch": 6719, "n_batches": 7774, "time": 2.334, "data_time": 0.001, "lr": 0.0001, "loss": -26.06, "recon_loss": -30.239, "kld_loss": 41.797, "kld_weight": 0.1}
{"message": "", "levelname": "INFO", "name": "Trainer", "asctime": "2026-04-17 00:17:14,744", "type": "train", "epoch": 10, "batch": 6799, "n_batches": 7774, "time": 2.481, "data_time": 0.001, "lr": 0.0001, "loss": -23.919, "recon_loss": -28.386, "kld_loss": 44.671, "kld_weight": 0.1}
{"message": "", "levelname": "INFO", "name": "Trainer", "asctime": "2026-04-17 00:17:39,727", "type": "train", "epoch": 10, "batch": 6879, "n_batches": 7774, "time": 2.514, "data_time": 0.0, "lr": 0.0001, "loss": -26.512, "recon_loss": -30.659, "kld_loss": 41.473, "kld_weight": 0.1}
{"message": "", "levelname": "INFO", "name": "Trainer", "asctime": "2026-04-17 00:18:05,544", "type": "train", "epoch": 10, "batch": 6959, "n_batches": 7774, "time": 2.399, "data_time": 0.001, "lr": 0.0001, "loss": -21.423, "recon_loss": -25.826, "kld_loss": 44.036, "kld_weight": 0.1}
{"message": "", "levelname": "INFO", "name": "Trainer", "asctime": "2026-04-17 00:18:30,357", "type": "train", "epoch": 10, "batch": 7039, "n_batches": 7774, "time": 2.132, "data_time": 0.0, "lr": 0.0001, "loss": -20.1, "recon_loss": -24.26, "kld_loss": 41.593, "kld_weight": 0.1}
{"message": "", "levelname": "INFO", "name": "Trainer", "asctime": "2026-04-17 00:18:56,479", "type": "train", "epoch": 10, "batch": 7119, "n_batches": 7774, "time": 2.748, "data_time": 0.001, "lr": 0.0001, "loss": -26.762, "recon_loss": -30.44, "kld_loss": 36.782, "kld_weight": 0.1}
{"message": "", "levelname": "INFO", "name": "Trainer", "asctime": "2026-04-17 00:19:21,838", "type": "train", "epoch": 10, "batch": 7199, "n_batches": 7774, "time": 2.732, "data_time": 0.001, "lr": 0.0001, "loss": -21.931, "recon_loss": -25.951, "kld_loss": 40.195, "kld_weight": 0.1}
{"message": "", "levelname": "INFO", "name": "Trainer", "asctime": "2026-04-17 00:19:45,532", "type": "train", "epoch": 10, "batch": 7279, "n_batches": 7774, "time": 2.27, "data_time": 0.001, "lr": 0.0001, "loss": -17.874, "recon_loss": -24.107, "kld_loss": 62.332, "kld_weight": 0.1}
{"message": "", "levelname": "INFO", "name": "Trainer", "asctime": "2026-04-17 00:20:08,739", "type": "train", "epoch": 10, "batch": 7359, "n_batches": 7774, "time": 2.044, "data_time": 0.001, "lr": 0.0001, "loss": -17.092, "recon_loss": -21.529, "kld_loss": 44.366, "kld_weight": 0.1}
{"message": "", "levelname": "INFO", "name": "Trainer", "asctime": "2026-04-17 00:20:35,351", "type": "train", "epoch": 10, "batch": 7439, "n_batches": 7774, "time": 2.151, "data_time": 0.0, "lr": 0.0001, "loss": -24.345, "recon_loss": -28.861, "kld_loss": 45.156, "kld_weight": 0.1}
{"message": "", "levelname": "INFO", "name": "Trainer", "asctime": "2026-04-17 00:21:01,845", "type": "train", "epoch": 10, "batch": 7519, "n_batches": 7774, "time": 2.65, "data_time": 0.001, "lr": 0.0001, "loss": -23.55, "recon_loss": -27.794, "kld_loss": 42.44, "kld_weight": 0.1}
{"message": "", "levelname": "INFO", "name": "Trainer", "asctime": "2026-04-17 00:21:26,359", "type": "train", "epoch": 10, "batch": 7599, "n_batches": 7774, "time": 2.995, "data_time": 0.001, "lr": 0.0001, "loss": -24.626, "recon_loss": -29.271, "kld_loss": 46.459, "kld_weight": 0.1}
{"message": "", "levelname": "INFO", "name": "Trainer", "asctime": "2026-04-17 00:21:57,122", "type": "train", "epoch": 10, "batch": 7679, "n_batches": 7774, "time": 3.126, "data_time": 0.0, "lr": 0.0001, "loss": -19.864, "recon_loss": -24.181, "kld_loss": 43.176, "kld_weight": 0.1}
{"message": "", "levelname": "INFO", "name": "Trainer", "asctime": "2026-04-17 00:22:25,914", "type": "train", "epoch": 10, "batch": 7759, "n_batches": 7774, "time": 2.672, "data_time": 0.0, "lr": 0.0001, "loss": -21.688, "recon_loss": -25.73, "kld_loss": 40.414, "kld_weight": 0.1}
{"message": "", "levelname": "INFO", "name": "Trainer", "asctime": "2026-04-17 00:22:29,360", "type": "train-epoch", "epoch": 11, "loss": -2.90806, "recon_loss": -3.4392, "kld_loss": 5.31146, "kld_weight": 0.1, "time": 2522.4}
{"message": "", "levelname": "INFO", "name": "Trainer", "asctime": "2026-04-17 00:28:57,941", "type": "val-epoch", "epoch": 11, "loss": -2.97, "test_loss": -0.003, "recon_loss": -3.508, "kld_loss": 5.385, "kld_weight": 0.1, "note": "loss is teacher-forced CVAE objective; test_loss is prior-only reconstruction", "time": 388.6}
{"message": "", "levelname": "INFO", "name": "Trainer", "asctime": "2026-04-17 00:29:22,701", "type": "train", "epoch": 11, "batch": 79, "n_batches": 7774, "time": 2.813, "data_time": 0.001, "lr": 0.0001, "loss": -25.933, "recon_loss": -30.141, "kld_loss": 42.077, "kld_weight": 0.1}
{"message": "", "levelname": "INFO", "name": "Trainer", "asctime": "2026-04-17 00:29:48,385", "type": "train", "epoch": 11, "batch": 159, "n_batches": 7774, "time": 2.022, "data_time": 0.0, "lr": 0.0001, "loss": -23.629, "recon_loss": -28.117, "kld_loss": 44.883, "kld_weight": 0.1}
{"message": "", "levelname": "INFO", "name": "Trainer", "asctime": "2026-04-17 00:30:14,707", "type": "train", "epoch": 11, "batch": 239, "n_batches": 7774, "time": 2.438, "data_time": 0.0, "lr": 0.0001, "loss": -26.603, "recon_loss": -30.878, "kld_loss": 42.752, "kld_weight": 0.1}
{"message": "", "levelname": "INFO", "name": "Trainer", "asctime": "2026-04-17 00:30:39,735", "type": "train", "epoch": 11, "batch": 319, "n_batches": 7774, "time": 2.821, "data_time": 0.0, "lr": 0.0001, "loss": -22.85, "recon_loss": -26.659, "kld_loss": 38.091, "kld_weight": 0.1}
{"message": "", "levelname": "INFO", "name": "Trainer", "asctime": "2026-04-17 00:31:04,670", "type": "train", "epoch": 11, "batch": 399, "n_batches": 7774, "time": 1.954, "data_time": 0.0, "lr": 0.0001, "loss": -23.291, "recon_loss": -28.037, "kld_loss": 47.454, "kld_weight": 0.1}
{"message": "", "levelname": "INFO", "name": "Trainer", "asctime": "2026-04-17 00:31:30,501", "type": "train", "epoch": 11, "batch": 479, "n_batches": 7774, "time": 2.948, "data_time": 0.001, "lr": 0.0001, "loss": -23.7, "recon_loss": -27.91, "kld_loss": 42.101, "kld_weight": 0.1}
{"message": "", "levelname": "INFO", "name": "Trainer", "asctime": "2026-04-17 00:31:53,894", "type": "train", "epoch": 11, "batch": 559, "n_batches": 7774, "time": 2.658, "data_time": 0.0, "lr": 0.0001, "loss": -22.965, "recon_loss": -27.004, "kld_loss": 40.384, "kld_weight": 0.1}
{"message": "", "levelname": "INFO", "name": "Trainer", "asctime": "2026-04-17 00:32:19,352", "type": "train", "epoch": 11, "batch": 639, "n_batches": 7774, "time": 2.819, "data_time": 0.001, "lr": 0.0001, "loss": -20.203, "recon_loss": -24.52, "kld_loss": 43.175, "kld_weight": 0.1}
{"message": "", "levelname": "INFO", "name": "Trainer", "asctime": "2026-04-17 00:32:42,631", "type": "train", "epoch": 11, "batch": 719, "n_batches": 7774, "time": 2.037, "data_time": 0.0, "lr": 0.0001, "loss": -24.323, "recon_loss": -28.428, "kld_loss": 41.048, "kld_weight": 0.1}
{"message": "", "levelname": "INFO", "name": "Trainer", "asctime": "2026-04-17 00:33:07,306", "type": "train", "epoch": 11, "batch": 799, "n_batches": 7774, "time": 3.329, "data_time": 0.001, "lr": 0.0001, "loss": -14.194, "recon_loss": -18.572, "kld_loss": 43.784, "kld_weight": 0.1}
{"message": "", "levelname": "INFO", "name": "Trainer", "asctime": "2026-04-17 00:33:33,818", "type": "train", "epoch": 11, "batch": 879, "n_batches": 7774, "time": 2.332, "data_time": 0.001, "lr": 0.0001, "loss": -17.872, "recon_loss": -21.949, "kld_loss": 40.775, "kld_weight": 0.1}
{"message": "", "levelname": "INFO", "name": "Trainer", "asctime": "2026-04-17 00:34:00,226", "type": "train", "epoch": 11, "batch": 959, "n_batches": 7774, "time": 2.571, "data_time": 0.001, "lr": 0.0001, "loss": -22.145, "recon_loss": -26.793, "kld_loss": 46.479, "kld_weight": 0.1}
{"message": "", "levelname": "INFO", "name": "Trainer", "asctime": "2026-04-17 00:34:25,338", "type": "train", "epoch": 11, "batch": 1039, "n_batches": 7774, "time": 3.095, "data_time": 0.001, "lr": 0.0001, "loss": -26.983, "recon_loss": -31.243, "kld_loss": 42.598, "kld_weight": 0.1}
{"message": "", "levelname": "INFO", "name": "Trainer", "asctime": "2026-04-17 00:34:52,831", "type": "train", "epoch": 11, "batch": 1119, "n_batches": 7774, "time": 2.822, "data_time": 0.0, "lr": 0.0001, "loss": -22.895, "recon_loss": -27.168, "kld_loss": 42.728, "kld_weight": 0.1}
{"message": "", "levelname": "INFO", "name": "Trainer", "asctime": "2026-04-17 00:35:18,793", "type": "train", "epoch": 11, "batch": 1199, "n_batches": 7774, "time": 2.616, "data_time": 0.001, "lr": 0.0001, "loss": -24.098, "recon_loss": -28.166, "kld_loss": 40.685, "kld_weight": 0.1}
{"message": "", "levelname": "INFO", "name": "Trainer", "asctime": "2026-04-17 00:35:43,305", "type": "train", "epoch": 11, "batch": 1279, "n_batches": 7774, "time": 2.491, "data_time": 0.0, "lr": 0.0001, "loss": -29.515, "recon_loss": -33.34, "kld_loss": 38.247, "kld_weight": 0.1}
{"message": "", "levelname": "INFO", "name": "Trainer", "asctime": "2026-04-17 00:36:10,989", "type": "train", "epoch": 11, "batch": 1359, "n_batches": 7774, "time": 2.825, "data_time": 0.001, "lr": 0.0001, "loss": -28.747, "recon_loss": -33.052, "kld_loss": 43.055, "kld_weight": 0.1}
{"message": "", "levelname": "INFO", "name": "Trainer", "asctime": "2026-04-17 00:36:38,593", "type": "train", "epoch": 11, "batch": 1439, "n_batches": 7774, "time": 3.13, "data_time": 0.001, "lr": 0.0001, "loss": -24.974, "recon_loss": -29.485, "kld_loss": 45.107, "kld_weight": 0.1}
{"message": "", "levelname": "INFO", "name": "Trainer", "asctime": "2026-04-17 00:37:04,350", "type": "train", "epoch": 11, "batch": 1519, "n_batches": 7774, "time": 2.792, "data_time": 0.001, "lr": 0.0001, "loss": -25.905, "recon_loss": -30.358, "kld_loss": 44.532, "kld_weight": 0.1}
{"message": "", "levelname": "INFO", "name": "Trainer", "asctime": "2026-04-17 00:37:30,244", "type": "train", "epoch": 11, "batch": 1599, "n_batches": 7774, "time": 2.884, "data_time": 0.001, "lr": 0.0001, "loss": -21.852, "recon_loss": -25.935, "kld_loss": 40.831, "kld_weight": 0.1}
{"message": "", "levelname": "INFO", "name": "Trainer", "asctime": "2026-04-17 00:37:56,055", "type": "train", "epoch": 11, "batch": 1679, "n_batches": 7774, "time": 1.94, "data_time": 0.0, "lr": 0.0001, "loss": -16.761, "recon_loss": -21.574, "kld_loss": 48.131, "kld_weight": 0.1}
{"message": "", "levelname": "INFO", "name": "Trainer", "asctime": "2026-04-17 00:38:21,520", "type": "train", "epoch": 11, "batch": 1759, "n_batches": 7774, "time": 2.073, "data_time": 0.0, "lr": 0.0001, "loss": -26.576, "recon_loss": -30.954, "kld_loss": 43.776, "kld_weight": 0.1}
{"message": "", "levelname": "INFO", "name": "Trainer", "asctime": "2026-04-17 00:38:46,868", "type": "train", "epoch": 11, "batch": 1839, "n_batches": 7774, "time": 2.674, "data_time": 0.001, "lr": 0.0001, "loss": -23.531, "recon_loss": -27.467, "kld_loss": 39.361, "kld_weight": 0.1}
{"message": "", "levelname": "INFO", "name": "Trainer", "asctime": "2026-04-17 00:39:12,031", "type": "train", "epoch": 11, "batch": 1919, "n_batches": 7774, "time": 2.379, "data_time": 0.001, "lr": 0.0001, "loss": -29.168, "recon_loss": -33.449, "kld_loss": 42.811, "kld_weight": 0.1}
{"message": "", "levelname": "INFO", "name": "Trainer", "asctime": "2026-04-17 00:39:35,566", "type": "train", "epoch": 11, "batch": 1999, "n_batches": 7774, "time": 2.553, "data_time": 0.001, "lr": 0.0001, "loss": -19.378, "recon_loss": -23.646, "kld_loss": 42.683, "kld_weight": 0.1}
{"message": "", "levelname": "INFO", "name": "Trainer", "asctime": "2026-04-17 00:40:03,424", "type": "train", "epoch": 11, "batch": 2079, "n_batches": 7774, "time": 2.905, "data_time": 0.001, "lr": 0.0001, "loss": -21.074, "recon_loss": -25.321, "kld_loss": 42.467, "kld_weight": 0.1}
{"message": "", "levelname": "INFO", "name": "Trainer", "asctime": "2026-04-17 00:40:27,318", "type": "train", "epoch": 11, "batch": 2159, "n_batches": 7774, "time": 2.378, "data_time": 0.0, "lr": 0.0001, "loss": -26.548, "recon_loss": -30.629, "kld_loss": 40.81, "kld_weight": 0.1}
{"message": "", "levelname": "INFO", "name": "Trainer", "asctime": "2026-04-17 00:40:54,371", "type": "train", "epoch": 11, "batch": 2239, "n_batches": 7774, "time": 2.957, "data_time": 0.0, "lr": 0.0001, "loss": -23.615, "recon_loss": -27.855, "kld_loss": 42.402, "kld_weight": 0.1}
{"message": "", "levelname": "INFO", "name": "Trainer", "asctime": "2026-04-17 00:41:18,814", "type": "train", "epoch": 11, "batch": 2319, "n_batches": 7774, "time": 2.805, "data_time": 0.001, "lr": 0.0001, "loss": -29.529, "recon_loss": -33.501, "kld_loss": 39.72, "kld_weight": 0.1}
{"message": "", "levelname": "INFO", "name": "Trainer", "asctime": "2026-04-17 00:41:44,428", "type": "train", "epoch": 11, "batch": 2399, "n_batches": 7774, "time": 2.31, "data_time": 0.001, "lr": 0.0001, "loss": -22.836, "recon_loss": -26.88, "kld_loss": 40.44, "kld_weight": 0.1}
{"message": "", "levelname": "INFO", "name": "Trainer", "asctime": "2026-04-17 00:42:09,585", "type": "train", "epoch": 11, "batch": 2479, "n_batches": 7774, "time": 1.587, "data_time": 0.0, "lr": 0.0001, "loss": -21.594, "recon_loss": -26.258, "kld_loss": 46.641, "kld_weight": 0.1}
{"message": "", "levelname": "INFO", "name": "Trainer", "asctime": "2026-04-17 00:42:37,103", "type": "train", "epoch": 11, "batch": 2559, "n_batches": 7774, "time": 2.793, "data_time": 0.0, "lr": 0.0001, "loss": -31.061, "recon_loss": -35.013, "kld_loss": 39.52, "kld_weight": 0.1}
{"message": "", "levelname": "INFO", "name": "Trainer", "asctime": "2026-04-17 00:43:00,941", "type": "train", "epoch": 11, "batch": 2639, "n_batches": 7774, "time": 2.189, "data_time": 0.0, "lr": 0.0001, "loss": -25.628, "recon_loss": -29.692, "kld_loss": 40.634, "kld_weight": 0.1}
{"message": "", "levelname": "INFO", "name": "Trainer", "asctime": "2026-04-17 00:43:27,641", "type": "train", "epoch": 11, "batch": 2719, "n_batches": 7774, "time": 3.271, "data_time": 0.001, "lr": 0.0001, "loss": -24.215, "recon_loss": -28.56, "kld_loss": 43.456, "kld_weight": 0.1}
{"message": "", "levelname": "INFO", "name": "Trainer", "asctime": "2026-04-17 00:43:52,159", "type": "train", "epoch": 11, "batch": 2799, "n_batches": 7774, "time": 1.922, "data_time": 0.001, "lr": 0.0001, "loss": -26.487, "recon_loss": -30.784, "kld_loss": 42.974, "kld_weight": 0.1}
{"message": "", "levelname": "INFO", "name": "Trainer", "asctime": "2026-04-17 00:44:18,210", "type": "train", "epoch": 11, "batch": 2879, "n_batches": 7774, "time": 3.119, "data_time": 0.001, "lr": 0.0001, "loss": -22.243, "recon_loss": -26.28, "kld_loss": 40.369, "kld_weight": 0.1}
{"message": "", "levelname": "INFO", "name": "Trainer", "asctime": "2026-04-17 00:44:45,395", "type": "train", "epoch": 11, "batch": 2959, "n_batches": 7774, "time": 2.272, "data_time": 0.0, "lr": 0.0001, "loss": -20.511, "recon_loss": -24.765, "kld_loss": 42.543, "kld_weight": 0.1}
{"message": "", "levelname": "INFO", "name": "Trainer", "asctime": "2026-04-17 00:45:13,507", "type": "train", "epoch": 11, "batch": 3039, "n_batches": 7774, "time": 2.591, "data_time": 0.001, "lr": 0.0001, "loss": -25.929, "recon_loss": -31.541, "kld_loss": 56.128, "kld_weight": 0.1}
{"message": "", "levelname": "INFO", "name": "Trainer", "asctime": "2026-04-17 00:45:38,625", "type": "train", "epoch": 11, "batch": 3119, "n_batches": 7774, "time": 2.25, "data_time": 0.0, "lr": 0.0001, "loss": -22.15, "recon_loss": -27.551, "kld_loss": 54.016, "kld_weight": 0.1}
{"message": "", "levelname": "INFO", "name": "Trainer", "asctime": "2026-04-17 00:46:04,621", "type": "train", "epoch": 11, "batch": 3199, "n_batches": 7774, "time": 2.252, "data_time": 0.0, "lr": 0.0001, "loss": -27.199, "recon_loss": -31.619, "kld_loss": 44.203, "kld_weight": 0.1}
{"message": "", "levelname": "INFO", "name": "Trainer", "asctime": "2026-04-17 00:46:29,920", "type": "train", "epoch": 11, "batch": 3279, "n_batches": 7774, "time": 2.494, "data_time": 0.001, "lr": 0.0001, "loss": -24.83, "recon_loss": -28.873, "kld_loss": 40.432, "kld_weight": 0.1}
{"message": "", "levelname": "INFO", "name": "Trainer", "asctime": "2026-04-17 00:46:55,010", "type": "train", "epoch": 11, "batch": 3359, "n_batches": 7774, "time": 2.152, "data_time": 0.0, "lr": 0.0001, "loss": -26.744, "recon_loss": -30.939, "kld_loss": 41.949, "kld_weight": 0.1}
{"message": "", "levelname": "INFO", "name": "Trainer", "asctime": "2026-04-17 00:47:20,619", "type": "train", "epoch": 11, "batch": 3439, "n_batches": 7774, "time": 2.384, "data_time": 0.0, "lr": 0.0001, "loss": -31.083, "recon_loss": -35.182, "kld_loss": 40.991, "kld_weight": 0.1}
{"message": "", "levelname": "INFO", "name": "Trainer", "asctime": "2026-04-17 00:47:44,964", "type": "train", "epoch": 11, "batch": 3519, "n_batches": 7774, "time": 2.218, "data_time": 0.0, "lr": 0.0001, "loss": -17.915, "recon_loss": -24.266, "kld_loss": 63.508, "kld_weight": 0.1}
{"message": "", "levelname": "INFO", "name": "Trainer", "asctime": "2026-04-17 00:48:09,760", "type": "train", "epoch": 11, "batch": 3599, "n_batches": 7774, "time": 1.893, "data_time": 0.0, "lr": 0.0001, "loss": -21.436, "recon_loss": -25.962, "kld_loss": 45.253, "kld_weight": 0.1}
{"message": "", "levelname": "INFO", "name": "Trainer", "asctime": "2026-04-17 00:48:35,631", "type": "train", "epoch": 11, "batch": 3679, "n_batches": 7774, "time": 2.36, "data_time": 0.001, "lr": 0.0001, "loss": -27.066, "recon_loss": -31.404, "kld_loss": 43.378, "kld_weight": 0.1}
{"message": "", "levelname": "INFO", "name": "Trainer", "asctime": "2026-04-17 00:48:59,480", "type": "train", "epoch": 11, "batch": 3759, "n_batches": 7774, "time": 2.182, "data_time": 0.001, "lr": 0.0001, "loss": -22.777, "recon_loss": -26.913, "kld_loss": 41.358, "kld_weight": 0.1}
{"message": "", "levelname": "INFO", "name": "Trainer", "asctime": "2026-04-17 00:49:23,492", "type": "train", "epoch": 11, "batch": 3839, "n_batches": 7774, "time": 2.475, "data_time": 0.0, "lr": 0.0001, "loss": -25.65, "recon_loss": -29.808, "kld_loss": 41.576, "kld_weight": 0.1}
{"message": "", "levelname": "INFO", "name": "Trainer", "asctime": "2026-04-17 00:49:46,918", "type": "train", "epoch": 11, "batch": 3919, "n_batches": 7774, "time": 1.991, "data_time": 0.0, "lr": 0.0001, "loss": -24.646, "recon_loss": -28.929, "kld_loss": 42.832, "kld_weight": 0.1}
{"message": "", "levelname": "INFO", "name": "Trainer", "asctime": "2026-04-17 00:50:11,212", "type": "train", "epoch": 11, "batch": 3999, "n_batches": 7774, "time": 3.034, "data_time": 0.001, "lr": 0.0001, "loss": -17.173, "recon_loss": -21.773, "kld_loss": 46.001, "kld_weight": 0.1}
{"message": "", "levelname": "INFO", "name": "Trainer", "asctime": "2026-04-17 00:50:35,993", "type": "train", "epoch": 11, "batch": 4079, "n_batches": 7774, "time": 1.945, "data_time": 0.001, "lr": 0.0001, "loss": -29.089, "recon_loss": -33.524, "kld_loss": 44.348, "kld_weight": 0.1}
{"message": "", "levelname": "INFO", "name": "Trainer", "asctime": "2026-04-17 00:51:03,612", "type": "train", "epoch": 11, "batch": 4159, "n_batches": 7774, "time": 2.171, "data_time": 0.001, "lr": 0.0001, "loss": -22.672, "recon_loss": -27.062, "kld_loss": 43.896, "kld_weight": 0.1}
{"message": "", "levelname": "INFO", "name": "Trainer", "asctime": "2026-04-17 00:51:27,611", "type": "train", "epoch": 11, "batch": 4239, "n_batches": 7774, "time": 2.238, "data_time": 0.001, "lr": 0.0001, "loss": -26.078, "recon_loss": -30.155, "kld_loss": 40.773, "kld_weight": 0.1}
{"message": "", "levelname": "INFO", "name": "Trainer", "asctime": "2026-04-17 00:51:51,651", "type": "train", "epoch": 11, "batch": 4319, "n_batches": 7774, "time": 1.729, "data_time": 0.001, "lr": 0.0001, "loss": -20.596, "recon_loss": -25.19, "kld_loss": 45.935, "kld_weight": 0.1}
{"message": "", "levelname": "INFO", "name": "Trainer", "asctime": "2026-04-17 00:52:16,133", "type": "train", "epoch": 11, "batch": 4399, "n_batches": 7774, "time": 2.406, "data_time": 0.001, "lr": 0.0001, "loss": -24.105, "recon_loss": -28.51, "kld_loss": 44.051, "kld_weight": 0.1}
{"message": "", "levelname": "INFO", "name": "Trainer", "asctime": "2026-04-17 00:52:41,300", "type": "train", "epoch": 11, "batch": 4479, "n_batches": 7774, "time": 2.632, "data_time": 0.0, "lr": 0.0001, "loss": -23.849, "recon_loss": -28.087, "kld_loss": 42.376, "kld_weight": 0.1}
{"message": "", "levelname": "INFO", "name": "Trainer", "asctime": "2026-04-17 00:53:04,762", "type": "train", "epoch": 11, "batch": 4559, "n_batches": 7774, "time": 1.92, "data_time": 0.0, "lr": 0.0001, "loss": -15.288, "recon_loss": -20.136, "kld_loss": 48.472, "kld_weight": 0.1}
{"message": "", "levelname": "INFO", "name": "Trainer", "asctime": "2026-04-17 00:53:31,640", "type": "train", "epoch": 11, "batch": 4639, "n_batches": 7774, "time": 2.369, "data_time": 0.001, "lr": 0.0001, "loss": -28.21, "recon_loss": -32.418, "kld_loss": 42.075, "kld_weight": 0.1}
{"message": "", "levelname": "INFO", "name": "Trainer", "asctime": "2026-04-17 00:53:59,258", "type": "train", "epoch": 11, "batch": 4719, "n_batches": 7774, "time": 3.167, "data_time": 0.0, "lr": 0.0001, "loss": -32.609, "recon_loss": -37.052, "kld_loss": 44.426, "kld_weight": 0.1}
{"message": "", "levelname": "INFO", "name": "Trainer", "asctime": "2026-04-17 00:54:24,791", "type": "train", "epoch": 11, "batch": 4799, "n_batches": 7774, "time": 2.941, "data_time": 0.001, "lr": 0.0001, "loss": -25.266, "recon_loss": -30.036, "kld_loss": 47.699, "kld_weight": 0.1}
{"message": "", "levelname": "INFO", "name": "Trainer", "asctime": "2026-04-17 00:54:49,180", "type": "train", "epoch": 11, "batch": 4879, "n_batches": 7774, "time": 2.32, "data_time": 0.0, "lr": 0.0001, "loss": -24.031, "recon_loss": -28.292, "kld_loss": 42.606, "kld_weight": 0.1}
{"message": "", "levelname": "INFO", "name": "Trainer", "asctime": "2026-04-17 00:55:16,863", "type": "train", "epoch": 11, "batch": 4959, "n_batches": 7774, "time": 3.075, "data_time": 0.0, "lr": 0.0001, "loss": -25.07, "recon_loss": -29.443, "kld_loss": 43.734, "kld_weight": 0.1}
{"message": "", "levelname": "INFO", "name": "Trainer", "asctime": "2026-04-17 00:55:41,193", "type": "train", "epoch": 11, "batch": 5039, "n_batches": 7774, "time": 2.382, "data_time": 0.001, "lr": 0.0001, "loss": -26.062, "recon_loss": -30.249, "kld_loss": 41.874, "kld_weight": 0.1}
{"message": "", "levelname": "INFO", "name": "Trainer", "asctime": "2026-04-17 00:56:06,608", "type": "train", "epoch": 11, "batch": 5119, "n_batches": 7774, "time": 2.332, "data_time": 0.001, "lr": 0.0001, "loss": -18.853, "recon_loss": -22.999, "kld_loss": 41.461, "kld_weight": 0.1}
{"message": "", "levelname": "INFO", "name": "Trainer", "asctime": "2026-04-17 00:56:32,790", "type": "train", "epoch": 11, "batch": 5199, "n_batches": 7774, "time": 2.515, "data_time": 0.001, "lr": 0.0001, "loss": -17.193, "recon_loss": -21.707, "kld_loss": 45.14, "kld_weight": 0.1}
{"message": "", "levelname": "INFO", "name": "Trainer", "asctime": "2026-04-17 00:56:57,769", "type": "train", "epoch": 11, "batch": 5279, "n_batches": 7774, "time": 2.779, "data_time": 0.001, "lr": 0.0001, "loss": -21.841, "recon_loss": -26.382, "kld_loss": 45.412, "kld_weight": 0.1}
{"message": "", "levelname": "INFO", "name": "Trainer", "asctime": "2026-04-17 00:57:23,453", "type": "train", "epoch": 11, "batch": 5359, "n_batches": 7774, "time": 1.694, "data_time": 0.0, "lr": 0.0001, "loss": -24.742, "recon_loss": -29.031, "kld_loss": 42.883, "kld_weight": 0.1}
{"message": "", "levelname": "INFO", "name": "Trainer", "asctime": "2026-04-17 00:57:47,024", "type": "train", "epoch": 11, "batch": 5439, "n_batches": 7774, "time": 2.894, "data_time": 0.001, "lr": 0.0001, "loss": -18.677, "recon_loss": -23.4, "kld_loss": 47.232, "kld_weight": 0.1}
{"message": "", "levelname": "INFO", "name": "Trainer", "asctime": "2026-04-17 00:58:12,104", "type": "train", "epoch": 11, "batch": 5519, "n_batches": 7774, "time": 2.748, "data_time": 0.001, "lr": 0.0001, "loss": -22.668, "recon_loss": -26.871, "kld_loss": 42.031, "kld_weight": 0.1}
{"message": "", "levelname": "INFO", "name": "Trainer", "asctime": "2026-04-17 00:58:35,849", "type": "train", "epoch": 11, "batch": 5599, "n_batches": 7774, "time": 2.055, "data_time": 0.0, "lr": 0.0001, "loss": -21.181, "recon_loss": -25.366, "kld_loss": 41.85, "kld_weight": 0.1}
{"message": "", "levelname": "INFO", "name": "Trainer", "asctime": "2026-04-17 00:58:58,393", "type": "train", "epoch": 11, "batch": 5679, "n_batches": 7774, "time": 2.075, "data_time": 0.0, "lr": 0.0001, "loss": -22.584, "recon_loss": -27.297, "kld_loss": 47.128, "kld_weight": 0.1}
{"message": "", "levelname": "INFO", "name": "Trainer", "asctime": "2026-04-17 00:59:24,726", "type": "train", "epoch": 11, "batch": 5759, "n_batches": 7774, "time": 2.612, "data_time": 0.001, "lr": 0.0001, "loss": -20.702, "recon_loss": -25.531, "kld_loss": 48.288, "kld_weight": 0.1}
{"message": "", "levelname": "INFO", "name": "Trainer", "asctime": "2026-04-17 00:59:49,981", "type": "train", "epoch": 11, "batch": 5839, "n_batches": 7774, "time": 2.987, "data_time": 0.001, "lr": 0.0001, "loss": -28.285, "recon_loss": -32.275, "kld_loss": 39.9, "kld_weight": 0.1}
{"message": "", "levelname": "INFO", "name": "Trainer", "asctime": "2026-04-17 01:00:14,702", "type": "train", "epoch": 11, "batch": 5919, "n_batches": 7774, "time": 2.241, "data_time": 0.001, "lr": 0.0001, "loss": -21.716, "recon_loss": -25.971, "kld_loss": 42.55, "kld_weight": 0.1}
{"message": "", "levelname": "INFO", "name": "Trainer", "asctime": "2026-04-17 01:00:40,344", "type": "train", "epoch": 11, "batch": 5999, "n_batches": 7774, "time": 1.999, "data_time": 0.0, "lr": 0.0001, "loss": -20.027, "recon_loss": -24.584, "kld_loss": 45.569, "kld_weight": 0.1}
{"message": "", "levelname": "INFO", "name": "Trainer", "asctime": "2026-04-17 01:01:04,981", "type": "train", "epoch": 11, "batch": 6079, "n_batches": 7774, "time": 2.549, "data_time": 0.001, "lr": 0.0001, "loss": -26.553, "recon_loss": -30.955, "kld_loss": 44.023, "kld_weight": 0.1}
{"message": "", "levelname": "INFO", "name": "Trainer", "asctime": "2026-04-17 01:01:30,532", "type": "train", "epoch": 11, "batch": 6159, "n_batches": 7774, "time": 2.798, "data_time": 0.001, "lr": 0.0001, "loss": -17.952, "recon_loss": -22.688, "kld_loss": 47.361, "kld_weight": 0.1}
{"message": "", "levelname": "INFO", "name": "Trainer", "asctime": "2026-04-17 01:01:57,177", "type": "train", "epoch": 11, "batch": 6239, "n_batches": 7774, "time": 2.413, "data_time": 0.001, "lr": 0.0001, "loss": -26.611, "recon_loss": -30.864, "kld_loss": 42.528, "kld_weight": 0.1}
{"message": "", "levelname": "INFO", "name": "Trainer", "asctime": "2026-04-17 01:02:22,654", "type": "train", "epoch": 11, "batch": 6319, "n_batches": 7774, "time": 2.405, "data_time": 0.0, "lr": 0.0001, "loss": -26.821, "recon_loss": -31.564, "kld_loss": 47.436, "kld_weight": 0.1}
{"message": "", "levelname": "INFO", "name": "Trainer", "asctime": "2026-04-17 01:02:45,609", "type": "train", "epoch": 11, "batch": 6399, "n_batches": 7774, "time": 2.078, "data_time": 0.0, "lr": 0.0001, "loss": -25.631, "recon_loss": -29.809, "kld_loss": 41.779, "kld_weight": 0.1}
{"message": "", "levelname": "INFO", "name": "Trainer", "asctime": "2026-04-17 01:03:11,123", "type": "train", "epoch": 11, "batch": 6479, "n_batches": 7774, "time": 2.404, "data_time": 0.001, "lr": 0.0001, "loss": -19.353, "recon_loss": -23.833, "kld_loss": 44.803, "kld_weight": 0.1}
{"message": "", "levelname": "INFO", "name": "Trainer", "asctime": "2026-04-17 01:03:33,415", "type": "train", "epoch": 11, "batch": 6559, "n_batches": 7774, "time": 2.63, "data_time": 0.001, "lr": 0.0001, "loss": -18.861, "recon_loss": -23.465, "kld_loss": 46.043, "kld_weight": 0.1}
{"message": "", "levelname": "INFO", "name": "Trainer", "asctime": "2026-04-17 01:03:57,996", "type": "train", "epoch": 11, "batch": 6639, "n_batches": 7774, "time": 2.533, "data_time": 0.0, "lr": 0.0001, "loss": -24.341, "recon_loss": -28.215, "kld_loss": 38.74, "kld_weight": 0.1}
{"message": "", "levelname": "INFO", "name": "Trainer", "asctime": "2026-04-17 01:04:23,372", "type": "train", "epoch": 11, "batch": 6719, "n_batches": 7774, "time": 2.129, "data_time": 0.0, "lr": 0.0001, "loss": -24.573, "recon_loss": -29.252, "kld_loss": 46.786, "kld_weight": 0.1}
{"message": "", "levelname": "INFO", "name": "Trainer", "asctime": "2026-04-17 01:04:47,600", "type": "train", "epoch": 11, "batch": 6799, "n_batches": 7774, "time": 2.761, "data_time": 0.0, "lr": 0.0001, "loss": -30.113, "recon_loss": -34.452, "kld_loss": 43.389, "kld_weight": 0.1}
{"message": "", "levelname": "INFO", "name": "Trainer", "asctime": "2026-04-17 01:05:14,233", "type": "train", "epoch": 11, "batch": 6879, "n_batches": 7774, "time": 2.318, "data_time": 0.0, "lr": 0.0001, "loss": -15.509, "recon_loss": -20.249, "kld_loss": 47.396, "kld_weight": 0.1}
{"message": "", "levelname": "INFO", "name": "Trainer", "asctime": "2026-04-17 01:05:38,084", "type": "train", "epoch": 11, "batch": 6959, "n_batches": 7774, "time": 2.958, "data_time": 0.0, "lr": 0.0001, "loss": -27.192, "recon_loss": -31.412, "kld_loss": 42.2, "kld_weight": 0.1}
{"message": "", "levelname": "INFO", "name": "Trainer", "asctime": "2026-04-17 01:06:02,363", "type": "train", "epoch": 11, "batch": 7039, "n_batches": 7774, "time": 2.131, "data_time": 0.001, "lr": 0.0001, "loss": -26.199, "recon_loss": -30.308, "kld_loss": 41.088, "kld_weight": 0.1}
{"message": "", "levelname": "INFO", "name": "Trainer", "asctime": "2026-04-17 01:06:27,817", "type": "train", "epoch": 11, "batch": 7119, "n_batches": 7774, "time": 2.048, "data_time": 0.001, "lr": 0.0001, "loss": -20.948, "recon_loss": -25.167, "kld_loss": 42.197, "kld_weight": 0.1}
{"message": "", "levelname": "INFO", "name": "Trainer", "asctime": "2026-04-17 01:06:51,735", "type": "train", "epoch": 11, "batch": 7199, "n_batches": 7774, "time": 2.243, "data_time": 0.0, "lr": 0.0001, "loss": -19.871, "recon_loss": -24.601, "kld_loss": 47.301, "kld_weight": 0.1}
{"message": "", "levelname": "INFO", "name": "Trainer", "asctime": "2026-04-17 01:07:18,544", "type": "train", "epoch": 11, "batch": 7279, "n_batches": 7774, "time": 2.831, "data_time": 0.001, "lr": 0.0001, "loss": -25.342, "recon_loss": -29.606, "kld_loss": 42.644, "kld_weight": 0.1}
{"message": "", "levelname": "INFO", "name": "Trainer", "asctime": "2026-04-17 01:07:43,797", "type": "train", "epoch": 11, "batch": 7359, "n_batches": 7774, "time": 3.123, "data_time": 0.001, "lr": 0.0001, "loss": -21.438, "recon_loss": -25.86, "kld_loss": 44.213, "kld_weight": 0.1}
{"message": "", "levelname": "INFO", "name": "Trainer", "asctime": "2026-04-17 01:08:07,248", "type": "train", "epoch": 11, "batch": 7439, "n_batches": 7774, "time": 2.067, "data_time": 0.001, "lr": 0.0001, "loss": -30.536, "recon_loss": -34.296, "kld_loss": 37.598, "kld_weight": 0.1}
{"message": "", "levelname": "INFO", "name": "Trainer", "asctime": "2026-04-17 01:08:32,287", "type": "train", "epoch": 11, "batch": 7519, "n_batches": 7774, "time": 2.529, "data_time": 0.0, "lr": 0.0001, "loss": -24.273, "recon_loss": -28.721, "kld_loss": 44.483, "kld_weight": 0.1}
{"message": "", "levelname": "INFO", "name": "Trainer", "asctime": "2026-04-17 01:08:56,396", "type": "train", "epoch": 11, "batch": 7599, "n_batches": 7774, "time": 2.633, "data_time": 0.001, "lr": 0.0001, "loss": -29.327, "recon_loss": -33.669, "kld_loss": 43.417, "kld_weight": 0.1}
{"message": "", "levelname": "INFO", "name": "Trainer", "asctime": "2026-04-17 01:09:21,659", "type": "train", "epoch": 11, "batch": 7679, "n_batches": 7774, "time": 2.791, "data_time": 0.001, "lr": 0.0001, "loss": -23.232, "recon_loss": -27.886, "kld_loss": 46.541, "kld_weight": 0.1}
{"message": "", "levelname": "INFO", "name": "Trainer", "asctime": "2026-04-17 01:09:46,292", "type": "train", "epoch": 11, "batch": 7759, "n_batches": 7774, "time": 2.307, "data_time": 0.0, "lr": 0.0001, "loss": -17.488, "recon_loss": -22.305, "kld_loss": 48.166, "kld_weight": 0.1}
{"message": "", "levelname": "INFO", "name": "Trainer", "asctime": "2026-04-17 01:09:50,814", "type": "train-epoch", "epoch": 12, "loss": -2.9332, "recon_loss": -3.47785, "kld_loss": 5.44646, "kld_weight": 0.1, "time": 2452.9}
{"message": "", "levelname": "INFO", "name": "Trainer", "asctime": "2026-04-17 01:16:18,291", "type": "val-epoch", "epoch": 12, "loss": -2.979, "test_loss": -0.001, "recon_loss": -3.522, "kld_loss": 5.432, "kld_weight": 0.1, "note": "loss is teacher-forced CVAE objective; test_loss is prior-only reconstruction", "time": 387.5}
{"message": "", "levelname": "INFO", "name": "Trainer", "asctime": "2026-04-17 01:16:44,081", "type": "train", "epoch": 12, "batch": 79, "n_batches": 7774, "time": 3.009, "data_time": 0.001, "lr": 0.0001, "loss": -27.506, "recon_loss": -31.57, "kld_loss": 40.635, "kld_weight": 0.1}
{"message": "", "levelname": "INFO", "name": "Trainer", "asctime": "2026-04-17 01:17:09,881", "type": "train", "epoch": 12, "batch": 159, "n_batches": 7774, "time": 3.059, "data_time": 0.0, "lr": 0.0001, "loss": -28.125, "recon_loss": -32.227, "kld_loss": 41.023, "kld_weight": 0.1}
{"message": "", "levelname": "INFO", "name": "Trainer", "asctime": "2026-04-17 01:17:35,638", "type": "train", "epoch": 12, "batch": 239, "n_batches": 7774, "time": 2.749, "data_time": 0.001, "lr": 0.0001, "loss": -22.897, "recon_loss": -27.279, "kld_loss": 43.821, "kld_weight": 0.1}
{"message": "", "levelname": "INFO", "name": "Trainer", "asctime": "2026-04-17 01:18:00,605", "type": "train", "epoch": 12, "batch": 319, "n_batches": 7774, "time": 2.426, "data_time": 0.001, "lr": 0.0001, "loss": -26.18, "recon_loss": -30.205, "kld_loss": 40.25, "kld_weight": 0.1}
{"message": "", "levelname": "INFO", "name": "Trainer", "asctime": "2026-04-17 01:18:29,827", "type": "train", "epoch": 12, "batch": 399, "n_batches": 7774, "time": 3.16, "data_time": 0.001, "lr": 0.0001, "loss": -29.417, "recon_loss": -33.762, "kld_loss": 43.441, "kld_weight": 0.1}
{"message": "", "levelname": "INFO", "name": "Trainer", "asctime": "2026-04-17 01:18:58,360", "type": "train", "epoch": 12, "batch": 479, "n_batches": 7774, "time": 2.619, "data_time": 0.0, "lr": 0.0001, "loss": -25.487, "recon_loss": -29.619, "kld_loss": 41.325, "kld_weight": 0.1}
{"message": "", "levelname": "INFO", "name": "Trainer", "asctime": "2026-04-17 01:19:23,884", "type": "train", "epoch": 12, "batch": 559, "n_batches": 7774, "time": 1.857, "data_time": 0.0, "lr": 0.0001, "loss": -27.938, "recon_loss": -31.946, "kld_loss": 40.078, "kld_weight": 0.1}
{"message": "", "levelname": "INFO", "name": "Trainer", "asctime": "2026-04-17 01:19:51,045", "type": "train", "epoch": 12, "batch": 639, "n_batches": 7774, "time": 2.549, "data_time": 0.0, "lr": 0.0001, "loss": -28.465, "recon_loss": -32.766, "kld_loss": 43.018, "kld_weight": 0.1}
{"message": "", "levelname": "INFO", "name": "Trainer", "asctime": "2026-04-17 01:20:19,654", "type": "train", "epoch": 12, "batch": 719, "n_batches": 7774, "time": 2.774, "data_time": 0.001, "lr": 0.0001, "loss": -24.914, "recon_loss": -29.053, "kld_loss": 41.396, "kld_weight": 0.1}
{"message": "", "levelname": "INFO", "name": "Trainer", "asctime": "2026-04-17 01:20:44,660", "type": "train", "epoch": 12, "batch": 799, "n_batches": 7774, "time": 2.26, "data_time": 0.0, "lr": 0.0001, "loss": -29.402, "recon_loss": -33.431, "kld_loss": 40.288, "kld_weight": 0.1}
{"message": "", "levelname": "INFO", "name": "Trainer", "asctime": "2026-04-17 01:21:13,555", "type": "train", "epoch": 12, "batch": 879, "n_batches": 7774, "time": 2.672, "data_time": 0.001, "lr": 0.0001, "loss": -22.34, "recon_loss": -26.543, "kld_loss": 42.034, "kld_weight": 0.1}
{"message": "", "levelname": "INFO", "name": "Trainer", "asctime": "2026-04-17 01:21:40,590", "type": "train", "epoch": 12, "batch": 959, "n_batches": 7774, "time": 2.858, "data_time": 0.0, "lr": 0.0001, "loss": -22.297, "recon_loss": -26.667, "kld_loss": 43.707, "kld_weight": 0.1}
{"message": "", "levelname": "INFO", "name": "Trainer", "asctime": "2026-04-17 01:22:06,842", "type": "train", "epoch": 12, "batch": 1039, "n_batches": 7774, "time": 2.791, "data_time": 0.0, "lr": 0.0001, "loss": -28.619, "recon_loss": -32.678, "kld_loss": 40.595, "kld_weight": 0.1}
{"message": "", "levelname": "INFO", "name": "Trainer", "asctime": "2026-04-17 01:22:34,606", "type": "train", "epoch": 12, "batch": 1119, "n_batches": 7774, "time": 2.91, "data_time": 0.001, "lr": 0.0001, "loss": -23.531, "recon_loss": -27.814, "kld_loss": 42.827, "kld_weight": 0.1}
{"message": "", "levelname": "INFO", "name": "Trainer", "asctime": "2026-04-17 01:23:02,575", "type": "train", "epoch": 12, "batch": 1199, "n_batches": 7774, "time": 2.496, "data_time": 0.0, "lr": 0.0001, "loss": -29.026, "recon_loss": -33.491, "kld_loss": 44.656, "kld_weight": 0.1}
{"message": "", "levelname": "INFO", "name": "Trainer", "asctime": "2026-04-17 01:23:30,326", "type": "train", "epoch": 12, "batch": 1279, "n_batches": 7774, "time": 2.829, "data_time": 0.001, "lr": 0.0001, "loss": -24.601, "recon_loss": -28.651, "kld_loss": 40.494, "kld_weight": 0.1}
{"message": "", "levelname": "INFO", "name": "Trainer", "asctime": "2026-04-17 01:23:58,254", "type": "train", "epoch": 12, "batch": 1359, "n_batches": 7774, "time": 3.134, "data_time": 0.0, "lr": 0.0001, "loss": -22.314, "recon_loss": -26.182, "kld_loss": 38.67, "kld_weight": 0.1}
{"message": "", "levelname": "INFO", "name": "Trainer", "asctime": "2026-04-17 01:24:25,507", "type": "train", "epoch": 12, "batch": 1439, "n_batches": 7774, "time": 3.252, "data_time": 0.0, "lr": 0.0001, "loss": -32.654, "recon_loss": -36.974, "kld_loss": 43.197, "kld_weight": 0.1}
{"message": "", "levelname": "INFO", "name": "Trainer", "asctime": "2026-04-17 01:24:54,410", "type": "train", "epoch": 12, "batch": 1519, "n_batches": 7774, "time": 2.032, "data_time": 0.001, "lr": 0.0001, "loss": -25.851, "recon_loss": -30.029, "kld_loss": 41.786, "kld_weight": 0.1}
{"message": "", "levelname": "INFO", "name": "Trainer", "asctime": "2026-04-17 01:25:23,752", "type": "train", "epoch": 12, "batch": 1599, "n_batches": 7774, "time": 3.299, "data_time": 0.001, "lr": 0.0001, "loss": -21.297, "recon_loss": -26.155, "kld_loss": 48.581, "kld_weight": 0.1}
{"message": "", "levelname": "INFO", "name": "Trainer", "asctime": "2026-04-17 01:25:52,401", "type": "train", "epoch": 12, "batch": 1679, "n_batches": 7774, "time": 3.04, "data_time": 0.001, "lr": 0.0001, "loss": -24.404, "recon_loss": -28.974, "kld_loss": 45.702, "kld_weight": 0.1}
{"message": "", "levelname": "INFO", "name": "Trainer", "asctime": "2026-04-17 01:26:23,317", "type": "train", "epoch": 12, "batch": 1759, "n_batches": 7774, "time": 3.38, "data_time": 0.001, "lr": 0.0001, "loss": -23.865, "recon_loss": -28.584, "kld_loss": 47.187, "kld_weight": 0.1}
{"message": "", "levelname": "INFO", "name": "Trainer", "asctime": "2026-04-17 01:26:57,762", "type": "train", "epoch": 12, "batch": 1839, "n_batches": 7774, "time": 4.395, "data_time": 0.001, "lr": 0.0001, "loss": -25.996, "recon_loss": -30.149, "kld_loss": 41.531, "kld_weight": 0.1}
{"message": "", "levelname": "INFO", "name": "Trainer", "asctime": "2026-04-17 01:27:26,734", "type": "train", "epoch": 12, "batch": 1919, "n_batches": 7774, "time": 2.87, "data_time": 0.0, "lr": 0.0001, "loss": -26.098, "recon_loss": -30.514, "kld_loss": 44.161, "kld_weight": 0.1}
{"message": "", "levelname": "INFO", "name": "Trainer", "asctime": "2026-04-17 01:27:58,581", "type": "train", "epoch": 12, "batch": 1999, "n_batches": 7774, "time": 2.844, "data_time": 0.001, "lr": 0.0001, "loss": -23.369, "recon_loss": -27.408, "kld_loss": 40.388, "kld_weight": 0.1}
{"message": "", "levelname": "INFO", "name": "Trainer", "asctime": "2026-04-17 01:28:33,143", "type": "train", "epoch": 12, "batch": 2079, "n_batches": 7774, "time": 2.899, "data_time": 0.001, "lr": 0.0001, "loss": -25.559, "recon_loss": -29.934, "kld_loss": 43.744, "kld_weight": 0.1}
{"message": "", "levelname": "INFO", "name": "Trainer", "asctime": "2026-04-17 01:29:06,704", "type": "train", "epoch": 12, "batch": 2159, "n_batches": 7774, "time": 2.241, "data_time": 0.0, "lr": 0.0001, "loss": -19.882, "recon_loss": -23.965, "kld_loss": 40.833, "kld_weight": 0.1}
{"message": "", "levelname": "INFO", "name": "Trainer", "asctime": "2026-04-17 01:29:33,913", "type": "train", "epoch": 12, "batch": 2239, "n_batches": 7774, "time": 2.509, "data_time": 0.0, "lr": 0.0001, "loss": -27.048, "recon_loss": -31.381, "kld_loss": 43.333, "kld_weight": 0.1}
{"message": "", "levelname": "INFO", "name": "Trainer", "asctime": "2026-04-17 01:30:04,003", "type": "train", "epoch": 12, "batch": 2319, "n_batches": 7774, "time": 3.223, "data_time": 0.001, "lr": 0.0001, "loss": -22.276, "recon_loss": -26.667, "kld_loss": 43.914, "kld_weight": 0.1}
{"message": "", "levelname": "INFO", "name": "Trainer", "asctime": "2026-04-17 01:30:33,319", "type": "train", "epoch": 12, "batch": 2399, "n_batches": 7774, "time": 3.352, "data_time": 0.001, "lr": 0.0001, "loss": -20.78, "recon_loss": -25.286, "kld_loss": 45.056, "kld_weight": 0.1}
{"message": "", "levelname": "INFO", "name": "Trainer", "asctime": "2026-04-17 01:31:01,947", "type": "train", "epoch": 12, "batch": 2479, "n_batches": 7774, "time": 2.486, "data_time": 0.001, "lr": 0.0001, "loss": -21.315, "recon_loss": -25.926, "kld_loss": 46.116, "kld_weight": 0.1}
{"message": "", "levelname": "INFO", "name": "Trainer", "asctime": "2026-04-17 01:31:37,401", "type": "train", "epoch": 12, "batch": 2559, "n_batches": 7774, "time": 3.488, "data_time": 0.001, "lr": 0.0001, "loss": -25.106, "recon_loss": -29.523, "kld_loss": 44.169, "kld_weight": 0.1}
{"message": "", "levelname": "INFO", "name": "Trainer", "asctime": "2026-04-17 01:32:09,033", "type": "train", "epoch": 12, "batch": 2639, "n_batches": 7774, "time": 3.077, "data_time": 0.0, "lr": 0.0001, "loss": -20.236, "recon_loss": -24.865, "kld_loss": 46.293, "kld_weight": 0.1}
{"message": "", "levelname": "INFO", "name": "Trainer", "asctime": "2026-04-17 01:32:38,413", "type": "train", "epoch": 12, "batch": 2719, "n_batches": 7774, "time": 2.473, "data_time": 0.0, "lr": 0.0001, "loss": -20.363, "recon_loss": -24.476, "kld_loss": 41.132, "kld_weight": 0.1}
{"message": "", "levelname": "INFO", "name": "Trainer", "asctime": "2026-04-17 01:33:10,912", "type": "train", "epoch": 12, "batch": 2799, "n_batches": 7774, "time": 2.915, "data_time": 0.0, "lr": 0.0001, "loss": -29.264, "recon_loss": -33.105, "kld_loss": 38.411, "kld_weight": 0.1}
{"message": "", "levelname": "INFO", "name": "Trainer", "asctime": "2026-04-17 01:33:40,964", "type": "train", "epoch": 12, "batch": 2879, "n_batches": 7774, "time": 2.433, "data_time": 0.001, "lr": 0.0001, "loss": -22.01, "recon_loss": -26.723, "kld_loss": 47.129, "kld_weight": 0.1}
{"message": "", "levelname": "INFO", "name": "Trainer", "asctime": "2026-04-17 01:34:10,740", "type": "train", "epoch": 12, "batch": 2959, "n_batches": 7774, "time": 2.416, "data_time": 0.001, "lr": 0.0001, "loss": -27.655, "recon_loss": -32.114, "kld_loss": 44.59, "kld_weight": 0.1}
{"message": "", "levelname": "INFO", "name": "Trainer", "asctime": "2026-04-17 01:34:39,623", "type": "train", "epoch": 12, "batch": 3039, "n_batches": 7774, "time": 3.596, "data_time": 0.001, "lr": 0.0001, "loss": -23.197, "recon_loss": -27.594, "kld_loss": 43.966, "kld_weight": 0.1}
{"message": "", "levelname": "INFO", "name": "Trainer", "asctime": "2026-04-17 01:35:08,271", "type": "train", "epoch": 12, "batch": 3119, "n_batches": 7774, "time": 3.061, "data_time": 0.001, "lr": 0.0001, "loss": -19.608, "recon_loss": -23.954, "kld_loss": 43.462, "kld_weight": 0.1}
{"message": "", "levelname": "INFO", "name": "Trainer", "asctime": "2026-04-17 01:35:36,671", "type": "train", "epoch": 12, "batch": 3199, "n_batches": 7774, "time": 2.092, "data_time": 0.001, "lr": 0.0001, "loss": -24.505, "recon_loss": -29.915, "kld_loss": 54.1, "kld_weight": 0.1}
{"message": "", "levelname": "INFO", "name": "Trainer", "asctime": "2026-04-17 01:36:04,873", "type": "train", "epoch": 12, "batch": 3279, "n_batches": 7774, "time": 3.233, "data_time": 0.001, "lr": 0.0001, "loss": -18.546, "recon_loss": -22.879, "kld_loss": 43.332, "kld_weight": 0.1}
{"message": "", "levelname": "INFO", "name": "Trainer", "asctime": "2026-04-17 01:36:35,949", "type": "train", "epoch": 12, "batch": 3359, "n_batches": 7774, "time": 2.818, "data_time": 0.001, "lr": 0.0001, "loss": -28.581, "recon_loss": -33.08, "kld_loss": 44.984, "kld_weight": 0.1}
{"message": "", "levelname": "INFO", "name": "Trainer", "asctime": "2026-04-17 01:37:04,535", "type": "train", "epoch": 12, "batch": 3439, "n_batches": 7774, "time": 2.812, "data_time": 0.0, "lr": 0.0001, "loss": -13.644, "recon_loss": -19.189, "kld_loss": 55.453, "kld_weight": 0.1}
{"message": "", "levelname": "INFO", "name": "Trainer", "asctime": "2026-04-17 01:37:30,088", "type": "train", "epoch": 12, "batch": 3519, "n_batches": 7774, "time": 2.13, "data_time": 0.0, "lr": 0.0001, "loss": -22.602, "recon_loss": -27.642, "kld_loss": 50.404, "kld_weight": 0.1}
{"message": "", "levelname": "INFO", "name": "Trainer", "asctime": "2026-04-17 01:38:00,435", "type": "train", "epoch": 12, "batch": 3599, "n_batches": 7774, "time": 2.569, "data_time": 0.0, "lr": 0.0001, "loss": -24.326, "recon_loss": -27.986, "kld_loss": 36.601, "kld_weight": 0.1}
{"message": "", "levelname": "INFO", "name": "Trainer", "asctime": "2026-04-17 01:38:29,449", "type": "train", "epoch": 12, "batch": 3679, "n_batches": 7774, "time": 3.384, "data_time": 0.001, "lr": 0.0001, "loss": -26.941, "recon_loss": -31.167, "kld_loss": 42.257, "kld_weight": 0.1}
{"message": "", "levelname": "INFO", "name": "Trainer", "asctime": "2026-04-17 01:38:57,358", "type": "train", "epoch": 12, "batch": 3759, "n_batches": 7774, "time": 3.143, "data_time": 0.001, "lr": 0.0001, "loss": -20.831, "recon_loss": -25.336, "kld_loss": 45.049, "kld_weight": 0.1}
{"message": "", "levelname": "INFO", "name": "Trainer", "asctime": "2026-04-17 01:39:28,316", "type": "train", "epoch": 12, "batch": 3839, "n_batches": 7774, "time": 2.985, "data_time": 0.0, "lr": 0.0001, "loss": -30.357, "recon_loss": -34.294, "kld_loss": 39.367, "kld_weight": 0.1}
{"message": "", "levelname": "INFO", "name": "Trainer", "asctime": "2026-04-17 01:39:59,808", "type": "train", "epoch": 12, "batch": 3919, "n_batches": 7774, "time": 2.977, "data_time": 0.001, "lr": 0.0001, "loss": -21.998, "recon_loss": -26.342, "kld_loss": 43.439, "kld_weight": 0.1}
{"message": "", "levelname": "INFO", "name": "Trainer", "asctime": "2026-04-17 01:40:28,893", "type": "train", "epoch": 12, "batch": 3999, "n_batches": 7774, "time": 2.551, "data_time": 0.001, "lr": 0.0001, "loss": -22.813, "recon_loss": -27.135, "kld_loss": 43.225, "kld_weight": 0.1}
{"message": "", "levelname": "INFO", "name": "Trainer", "asctime": "2026-04-17 01:41:00,144", "type": "train", "epoch": 12, "batch": 4079, "n_batches": 7774, "time": 3.628, "data_time": 0.001, "lr": 0.0001, "loss": -20.124, "recon_loss": -24.675, "kld_loss": 45.513, "kld_weight": 0.1}
{"message": "", "levelname": "INFO", "name": "Trainer", "asctime": "2026-04-17 01:41:26,578", "type": "train", "epoch": 12, "batch": 4159, "n_batches": 7774, "time": 2.293, "data_time": 0.0, "lr": 0.0001, "loss": -26.293, "recon_loss": -30.756, "kld_loss": 44.625, "kld_weight": 0.1}
{"message": "", "levelname": "INFO", "name": "Trainer", "asctime": "2026-04-17 01:41:51,251", "type": "train", "epoch": 12, "batch": 4239, "n_batches": 7774, "time": 1.802, "data_time": 0.0, "lr": 0.0001, "loss": -23.266, "recon_loss": -27.629, "kld_loss": 43.633, "kld_weight": 0.1}
{"message": "", "levelname": "INFO", "name": "Trainer", "asctime": "2026-04-17 01:42:15,013", "type": "train", "epoch": 12, "batch": 4319, "n_batches": 7774, "time": 3.156, "data_time": 0.001, "lr": 0.0001, "loss": -18.348, "recon_loss": -22.973, "kld_loss": 46.248, "kld_weight": 0.1}
{"message": "", "levelname": "INFO", "name": "Trainer", "asctime": "2026-04-17 01:42:38,463", "type": "train", "epoch": 12, "batch": 4399, "n_batches": 7774, "time": 2.794, "data_time": 0.001, "lr": 0.0001, "loss": -26.55, "recon_loss": -31.171, "kld_loss": 46.207, "kld_weight": 0.1}
{"message": "", "levelname": "INFO", "name": "Trainer", "asctime": "2026-04-17 01:43:04,493", "type": "train", "epoch": 12, "batch": 4479, "n_batches": 7774, "time": 2.965, "data_time": 0.0, "lr": 0.0001, "loss": -24.698, "recon_loss": -29.337, "kld_loss": 46.391, "kld_weight": 0.1}
{"message": "", "levelname": "INFO", "name": "Trainer", "asctime": "2026-04-17 01:43:30,661", "type": "train", "epoch": 12, "batch": 4559, "n_batches": 7774, "time": 2.601, "data_time": 0.0, "lr": 0.0001, "loss": -14.47, "recon_loss": -18.961, "kld_loss": 44.904, "kld_weight": 0.1}
{"message": "", "levelname": "INFO", "name": "Trainer", "asctime": "2026-04-17 01:43:55,074", "type": "train", "epoch": 12, "batch": 4639, "n_batches": 7774, "time": 2.352, "data_time": 0.0, "lr": 0.0001, "loss": -21.253, "recon_loss": -25.565, "kld_loss": 43.112, "kld_weight": 0.1}
{"message": "", "levelname": "INFO", "name": "Trainer", "asctime": "2026-04-17 01:44:17,946", "type": "train", "epoch": 12, "batch": 4719, "n_batches": 7774, "time": 2.395, "data_time": 0.0, "lr": 0.0001, "loss": -19.834, "recon_loss": -24.186, "kld_loss": 43.517, "kld_weight": 0.1}
{"message": "", "levelname": "INFO", "name": "Trainer", "asctime": "2026-04-17 01:44:42,635", "type": "train", "epoch": 12, "batch": 4799, "n_batches": 7774, "time": 1.874, "data_time": 0.001, "lr": 0.0001, "loss": -26.899, "recon_loss": -31.139, "kld_loss": 42.4, "kld_weight": 0.1}
{"message": "", "levelname": "INFO", "name": "Trainer", "asctime": "2026-04-17 01:45:05,123", "type": "train", "epoch": 12, "batch": 4879, "n_batches": 7774, "time": 1.977, "data_time": 0.001, "lr": 0.0001, "loss": -17.72, "recon_loss": -22.023, "kld_loss": 43.032, "kld_weight": 0.1}
{"message": "", "levelname": "INFO", "name": "Trainer", "asctime": "2026-04-17 01:45:28,182", "type": "train", "epoch": 12, "batch": 4959, "n_batches": 7774, "time": 1.957, "data_time": 0.001, "lr": 0.0001, "loss": -29.433, "recon_loss": -33.611, "kld_loss": 41.784, "kld_weight": 0.1}
{"message": "", "levelname": "INFO", "name": "Trainer", "asctime": "2026-04-17 01:45:54,013", "type": "train", "epoch": 12, "batch": 5039, "n_batches": 7774, "time": 2.138, "data_time": 0.001, "lr": 0.0001, "loss": -28.799, "recon_loss": -33.374, "kld_loss": 45.741, "kld_weight": 0.1}
{"message": "", "levelname": "INFO", "name": "Trainer", "asctime": "2026-04-17 01:46:16,855", "type": "train", "epoch": 12, "batch": 5119, "n_batches": 7774, "time": 2.215, "data_time": 0.001, "lr": 0.0001, "loss": -25.738, "recon_loss": -29.575, "kld_loss": 38.366, "kld_weight": 0.1}
{"message": "", "levelname": "INFO", "name": "Trainer", "asctime": "2026-04-17 01:46:39,637", "type": "train", "epoch": 12, "batch": 5199, "n_batches": 7774, "time": 2.362, "data_time": 0.0, "lr": 0.0001, "loss": -23.805, "recon_loss": -28.227, "kld_loss": 44.225, "kld_weight": 0.1}
{"message": "", "levelname": "INFO", "name": "Trainer", "asctime": "2026-04-17 01:47:04,855", "type": "train", "epoch": 12, "batch": 5279, "n_batches": 7774, "time": 2.857, "data_time": 0.001, "lr": 0.0001, "loss": -20.814, "recon_loss": -25.518, "kld_loss": 47.043, "kld_weight": 0.1}
{"message": "", "levelname": "INFO", "name": "Trainer", "asctime": "2026-04-17 01:47:30,428", "type": "train", "epoch": 12, "batch": 5359, "n_batches": 7774, "time": 2.519, "data_time": 0.0, "lr": 0.0001, "loss": -23.416, "recon_loss": -27.623, "kld_loss": 42.069, "kld_weight": 0.1}
{"message": "", "levelname": "INFO", "name": "Trainer", "asctime": "2026-04-17 01:47:56,586", "type": "train", "epoch": 12, "batch": 5439, "n_batches": 7774, "time": 2.179, "data_time": 0.001, "lr": 0.0001, "loss": -19.26, "recon_loss": -23.869, "kld_loss": 46.093, "kld_weight": 0.1}
{"message": "", "levelname": "INFO", "name": "Trainer", "asctime": "2026-04-17 01:48:19,099", "type": "train", "epoch": 12, "batch": 5519, "n_batches": 7774, "time": 1.84, "data_time": 0.0, "lr": 0.0001, "loss": -22.45, "recon_loss": -27.124, "kld_loss": 46.738, "kld_weight": 0.1}
{"message": "", "levelname": "INFO", "name": "Trainer", "asctime": "2026-04-17 01:48:44,130", "type": "train", "epoch": 12, "batch": 5599, "n_batches": 7774, "time": 2.292, "data_time": 0.0, "lr": 0.0001, "loss": -25.117, "recon_loss": -29.524, "kld_loss": 44.072, "kld_weight": 0.1}
{"message": "", "levelname": "INFO", "name": "Trainer", "asctime": "2026-04-17 01:49:09,432", "type": "train", "epoch": 12, "batch": 5679, "n_batches": 7774, "time": 1.935, "data_time": 0.0, "lr": 0.0001, "loss": -23.126, "recon_loss": -27.221, "kld_loss": 40.952, "kld_weight": 0.1}
{"message": "", "levelname": "INFO", "name": "Trainer", "asctime": "2026-04-17 01:49:32,358", "type": "train", "epoch": 12, "batch": 5759, "n_batches": 7774, "time": 2.727, "data_time": 0.001, "lr": 0.0001, "loss": -19.368, "recon_loss": -24.579, "kld_loss": 52.112, "kld_weight": 0.1}
{"message": "", "levelname": "INFO", "name": "Trainer", "asctime": "2026-04-17 01:49:54,371", "type": "train", "epoch": 12, "batch": 5839, "n_batches": 7774, "time": 2.409, "data_time": 0.001, "lr": 0.0001, "loss": -26.513, "recon_loss": -30.967, "kld_loss": 44.545, "kld_weight": 0.1}
{"message": "", "levelname": "INFO", "name": "Trainer", "asctime": "2026-04-17 01:50:20,022", "type": "train", "epoch": 12, "batch": 5919, "n_batches": 7774, "time": 2.119, "data_time": 0.0, "lr": 0.0001, "loss": -16.952, "recon_loss": -21.384, "kld_loss": 44.313, "kld_weight": 0.1}
{"message": "", "levelname": "INFO", "name": "Trainer", "asctime": "2026-04-17 01:50:44,883", "type": "train", "epoch": 12, "batch": 5999, "n_batches": 7774, "time": 2.641, "data_time": 0.0, "lr": 0.0001, "loss": -25.624, "recon_loss": -29.531, "kld_loss": 39.064, "kld_weight": 0.1}
{"message": "", "levelname": "INFO", "name": "Trainer", "asctime": "2026-04-17 01:51:08,296", "type": "train", "epoch": 12, "batch": 6079, "n_batches": 7774, "time": 2.728, "data_time": 0.001, "lr": 0.0001, "loss": -28.727, "recon_loss": -32.768, "kld_loss": 40.407, "kld_weight": 0.1}
{"message": "", "levelname": "INFO", "name": "Trainer", "asctime": "2026-04-17 01:51:34,474", "type": "train", "epoch": 12, "batch": 6159, "n_batches": 7774, "time": 2.793, "data_time": 0.001, "lr": 0.0001, "loss": -30.539, "recon_loss": -34.839, "kld_loss": 43.003, "kld_weight": 0.1}
{"message": "", "levelname": "INFO", "name": "Trainer", "asctime": "2026-04-17 01:51:59,567", "type": "train", "epoch": 12, "batch": 6239, "n_batches": 7774, "time": 2.8, "data_time": 0.001, "lr": 0.0001, "loss": -23.091, "recon_loss": -27.374, "kld_loss": 42.829, "kld_weight": 0.1}
{"message": "", "levelname": "INFO", "name": "Trainer", "asctime": "2026-04-17 01:52:25,832", "type": "train", "epoch": 12, "batch": 6319, "n_batches": 7774, "time": 2.868, "data_time": 0.001, "lr": 0.0001, "loss": -29.845, "recon_loss": -34.747, "kld_loss": 49.025, "kld_weight": 0.1}
{"message": "", "levelname": "INFO", "name": "Trainer", "asctime": "2026-04-17 01:52:50,633", "type": "train", "epoch": 12, "batch": 6399, "n_batches": 7774, "time": 2.643, "data_time": 0.0, "lr": 0.0001, "loss": -19.858, "recon_loss": -24.263, "kld_loss": 44.045, "kld_weight": 0.1}
{"message": "", "levelname": "INFO", "name": "Trainer", "asctime": "2026-04-17 01:53:14,366", "type": "train", "epoch": 12, "batch": 6479, "n_batches": 7774, "time": 3.021, "data_time": 0.0, "lr": 0.0001, "loss": -22.497, "recon_loss": -26.899, "kld_loss": 44.021, "kld_weight": 0.1}
{"message": "", "levelname": "INFO", "name": "Trainer", "asctime": "2026-04-17 01:53:41,034", "type": "train", "epoch": 12, "batch": 6559, "n_batches": 7774, "time": 2.832, "data_time": 0.001, "lr": 0.0001, "loss": -25.864, "recon_loss": -30.062, "kld_loss": 41.987, "kld_weight": 0.1}
{"message": "", "levelname": "INFO", "name": "Trainer", "asctime": "2026-04-17 01:54:04,815", "type": "train", "epoch": 12, "batch": 6639, "n_batches": 7774, "time": 2.865, "data_time": 0.001, "lr": 0.0001, "loss": -21.046, "recon_loss": -25.251, "kld_loss": 42.047, "kld_weight": 0.1}
{"message": "", "levelname": "INFO", "name": "Trainer", "asctime": "2026-04-17 01:54:29,983", "type": "train", "epoch": 12, "batch": 6719, "n_batches": 7774, "time": 2.495, "data_time": 0.001, "lr": 0.0001, "loss": -21.953, "recon_loss": -26.623, "kld_loss": 46.7, "kld_weight": 0.1}
{"message": "", "levelname": "INFO", "name": "Trainer", "asctime": "2026-04-17 01:54:53,735", "type": "train", "epoch": 12, "batch": 6799, "n_batches": 7774, "time": 2.102, "data_time": 0.0, "lr": 0.0001, "loss": -23.568, "recon_loss": -27.601, "kld_loss": 40.331, "kld_weight": 0.1}
{"message": "", "levelname": "INFO", "name": "Trainer", "asctime": "2026-04-17 01:55:18,267", "type": "train", "epoch": 12, "batch": 6879, "n_batches": 7774, "time": 2.085, "data_time": 0.0, "lr": 0.0001, "loss": -21.547, "recon_loss": -26.828, "kld_loss": 52.815, "kld_weight": 0.1}
{"message": "", "levelname": "INFO", "name": "Trainer", "asctime": "2026-04-17 01:55:42,853", "type": "train", "epoch": 12, "batch": 6959, "n_batches": 7774, "time": 2.456, "data_time": 0.001, "lr": 0.0001, "loss": -25.597, "recon_loss": -30.188, "kld_loss": 45.901, "kld_weight": 0.1}
{"message": "", "levelname": "INFO", "name": "Trainer", "asctime": "2026-04-17 01:56:06,488", "type": "train", "epoch": 12, "batch": 7039, "n_batches": 7774, "time": 1.869, "data_time": 0.0, "lr": 0.0001, "loss": -25.692, "recon_loss": -30.124, "kld_loss": 44.318, "kld_weight": 0.1}
{"message": "", "levelname": "INFO", "name": "Trainer", "asctime": "2026-04-17 01:56:32,548", "type": "train", "epoch": 12, "batch": 7119, "n_batches": 7774, "time": 3.151, "data_time": 0.0, "lr": 0.0001, "loss": -24.585, "recon_loss": -29.109, "kld_loss": 45.238, "kld_weight": 0.1}
{"message": "", "levelname": "INFO", "name": "Trainer", "asctime": "2026-04-17 01:56:57,165", "type": "train", "epoch": 12, "batch": 7199, "n_batches": 7774, "time": 2.177, "data_time": 0.001, "lr": 0.0001, "loss": -26.153, "recon_loss": -30.403, "kld_loss": 42.494, "kld_weight": 0.1}
{"message": "", "levelname": "INFO", "name": "Trainer", "asctime": "2026-04-17 01:57:20,157", "type": "train", "epoch": 12, "batch": 7279, "n_batches": 7774, "time": 2.328, "data_time": 0.001, "lr": 0.0001, "loss": -22.362, "recon_loss": -26.615, "kld_loss": 42.529, "kld_weight": 0.1}
{"message": "", "levelname": "INFO", "name": "Trainer", "asctime": "2026-04-17 01:57:48,303", "type": "train", "epoch": 12, "batch": 7359, "n_batches": 7774, "time": 2.455, "data_time": 0.0, "lr": 0.0001, "loss": -28.39, "recon_loss": -32.635, "kld_loss": 42.456, "kld_weight": 0.1}
{"message": "", "levelname": "INFO", "name": "Trainer", "asctime": "2026-04-17 01:58:13,459", "type": "train", "epoch": 12, "batch": 7439, "n_batches": 7774, "time": 2.383, "data_time": 0.001, "lr": 0.0001, "loss": -25.173, "recon_loss": -29.395, "kld_loss": 42.22, "kld_weight": 0.1}
{"message": "", "levelname": "INFO", "name": "Trainer", "asctime": "2026-04-17 01:58:37,068", "type": "train", "epoch": 12, "batch": 7519, "n_batches": 7774, "time": 2.638, "data_time": 0.001, "lr": 0.0001, "loss": -29.684, "recon_loss": -33.864, "kld_loss": 41.8, "kld_weight": 0.1}
{"message": "", "levelname": "INFO", "name": "Trainer", "asctime": "2026-04-17 01:59:02,965", "type": "train", "epoch": 12, "batch": 7599, "n_batches": 7774, "time": 1.873, "data_time": 0.001, "lr": 0.0001, "loss": -22.977, "recon_loss": -27.372, "kld_loss": 43.952, "kld_weight": 0.1}
{"message": "", "levelname": "INFO", "name": "Trainer", "asctime": "2026-04-17 01:59:27,593", "type": "train", "epoch": 12, "batch": 7679, "n_batches": 7774, "time": 2.375, "data_time": 0.0, "lr": 0.0001, "loss": -27.373, "recon_loss": -31.657, "kld_loss": 42.843, "kld_weight": 0.1}
{"message": "", "levelname": "INFO", "name": "Trainer", "asctime": "2026-04-17 01:59:54,203", "type": "train", "epoch": 12, "batch": 7759, "n_batches": 7774, "time": 2.785, "data_time": 0.001, "lr": 0.0001, "loss": -23.262, "recon_loss": -27.419, "kld_loss": 41.576, "kld_weight": 0.1}
{"message": "", "levelname": "INFO", "name": "Trainer", "asctime": "2026-04-17 01:59:58,879", "type": "train-epoch", "epoch": 13, "loss": -2.94373, "recon_loss": -3.49469, "kld_loss": 5.50955, "kld_weight": 0.1, "time": 2620.6}
{"message": "", "levelname": "INFO", "name": "Trainer", "asctime": "2026-04-17 02:06:20,660", "type": "val-epoch", "epoch": 13, "loss": -2.981, "test_loss": 0.008, "recon_loss": -3.533, "kld_loss": 5.518, "kld_weight": 0.1, "note": "loss is teacher-forced CVAE objective; test_loss is prior-only reconstruction", "time": 381.8}
{"message": "", "levelname": "INFO", "name": "Trainer", "asctime": "2026-04-17 02:06:45,223", "type": "train", "epoch": 13, "batch": 79, "n_batches": 7774, "time": 2.781, "data_time": 0.0, "lr": 0.0001, "loss": -28.401, "recon_loss": -32.797, "kld_loss": 43.951, "kld_weight": 0.1}
{"message": "", "levelname": "INFO", "name": "Trainer", "asctime": "2026-04-17 02:07:09,896", "type": "train", "epoch": 13, "batch": 159, "n_batches": 7774, "time": 2.414, "data_time": 0.0, "lr": 0.0001, "loss": -18.832, "recon_loss": -23.389, "kld_loss": 45.571, "kld_weight": 0.1}
{"message": "", "levelname": "INFO", "name": "Trainer", "asctime": "2026-04-17 02:07:34,890", "type": "train", "epoch": 13, "batch": 239, "n_batches": 7774, "time": 2.636, "data_time": 0.0, "lr": 0.0001, "loss": -26.782, "recon_loss": -31.076, "kld_loss": 42.936, "kld_weight": 0.1}
{"message": "", "levelname": "INFO", "name": "Trainer", "asctime": "2026-04-17 02:08:00,024", "type": "train", "epoch": 13, "batch": 319, "n_batches": 7774, "time": 2.503, "data_time": 0.0, "lr": 0.0001, "loss": -21.68, "recon_loss": -26.142, "kld_loss": 44.618, "kld_weight": 0.1}
{"message": "", "levelname": "INFO", "name": "Trainer", "asctime": "2026-04-17 02:08:24,862", "type": "train", "epoch": 13, "batch": 399, "n_batches": 7774, "time": 2.333, "data_time": 0.0, "lr": 0.0001, "loss": -30.492, "recon_loss": -34.671, "kld_loss": 41.787, "kld_weight": 0.1}
{"message": "", "levelname": "INFO", "name": "Trainer", "asctime": "2026-04-17 02:08:48,145", "type": "train", "epoch": 13, "batch": 479, "n_batches": 7774, "time": 2.436, "data_time": 0.0, "lr": 0.0001, "loss": -25.81, "recon_loss": -30.071, "kld_loss": 42.603, "kld_weight": 0.1}
{"message": "", "levelname": "INFO", "name": "Trainer", "asctime": "2026-04-17 02:09:11,291", "type": "train", "epoch": 13, "batch": 559, "n_batches": 7774, "time": 1.981, "data_time": 0.0, "lr": 0.0001, "loss": -26.001, "recon_loss": -30.307, "kld_loss": 43.058, "kld_weight": 0.1}
{"message": "", "levelname": "INFO", "name": "Trainer", "asctime": "2026-04-17 02:09:36,828", "type": "train", "epoch": 13, "batch": 639, "n_batches": 7774, "time": 2.827, "data_time": 0.001, "lr": 0.0001, "loss": -26.03, "recon_loss": -30.258, "kld_loss": 42.273, "kld_weight": 0.1}
{"message": "", "levelname": "INFO", "name": "Trainer", "asctime": "2026-04-17 02:10:01,616", "type": "train", "epoch": 13, "batch": 719, "n_batches": 7774, "time": 1.758, "data_time": 0.0, "lr": 0.0001, "loss": -21.258, "recon_loss": -25.716, "kld_loss": 44.571, "kld_weight": 0.1}
{"message": "", "levelname": "INFO", "name": "Trainer", "asctime": "2026-04-17 02:10:27,707", "type": "train", "epoch": 13, "batch": 799, "n_batches": 7774, "time": 2.807, "data_time": 0.001, "lr": 0.0001, "loss": -24.662, "recon_loss": -28.838, "kld_loss": 41.764, "kld_weight": 0.1}
{"message": "", "levelname": "INFO", "name": "Trainer", "asctime": "2026-04-17 02:10:49,638", "type": "train", "epoch": 13, "batch": 879, "n_batches": 7774, "time": 2.238, "data_time": 0.001, "lr": 0.0001, "loss": -29.765, "recon_loss": -34.068, "kld_loss": 43.024, "kld_weight": 0.1}
{"message": "", "levelname": "INFO", "name": "Trainer", "asctime": "2026-04-17 02:11:12,983", "type": "train", "epoch": 13, "batch": 959, "n_batches": 7774, "time": 2.148, "data_time": 0.001, "lr": 0.0001, "loss": -25.681, "recon_loss": -30.102, "kld_loss": 44.215, "kld_weight": 0.1}
{"message": "", "levelname": "INFO", "name": "Trainer", "asctime": "2026-04-17 02:11:38,867", "type": "train", "epoch": 13, "batch": 1039, "n_batches": 7774, "time": 2.157, "data_time": 0.001, "lr": 0.0001, "loss": -26.673, "recon_loss": -30.955, "kld_loss": 42.816, "kld_weight": 0.1}
{"message": "", "levelname": "INFO", "name": "Trainer", "asctime": "2026-04-17 02:12:03,988", "type": "train", "epoch": 13, "batch": 1119, "n_batches": 7774, "time": 2.489, "data_time": 0.0, "lr": 0.0001, "loss": -19.21, "recon_loss": -23.514, "kld_loss": 43.035, "kld_weight": 0.1}
{"message": "", "levelname": "INFO", "name": "Trainer", "asctime": "2026-04-17 02:12:28,277", "type": "train", "epoch": 13, "batch": 1199, "n_batches": 7774, "time": 2.301, "data_time": 0.001, "lr": 0.0001, "loss": -22.019, "recon_loss": -26.688, "kld_loss": 46.691, "kld_weight": 0.1}
{"message": "", "levelname": "INFO", "name": "Trainer", "asctime": "2026-04-17 02:12:52,901", "type": "train", "epoch": 13, "batch": 1279, "n_batches": 7774, "time": 1.977, "data_time": 0.0, "lr": 0.0001, "loss": -23.433, "recon_loss": -27.766, "kld_loss": 43.332, "kld_weight": 0.1}
{"message": "", "levelname": "INFO", "name": "Trainer", "asctime": "2026-04-17 02:13:16,090", "type": "train", "epoch": 13, "batch": 1359, "n_batches": 7774, "time": 2.827, "data_time": 0.0, "lr": 0.0001, "loss": -21.249, "recon_loss": -26.14, "kld_loss": 48.918, "kld_weight": 0.1}
{"message": "", "levelname": "INFO", "name": "Trainer", "asctime": "2026-04-17 02:13:40,969", "type": "train", "epoch": 13, "batch": 1439, "n_batches": 7774, "time": 2.353, "data_time": 0.0, "lr": 0.0001, "loss": -20.938, "recon_loss": -25.191, "kld_loss": 42.535, "kld_weight": 0.1}
{"message": "", "levelname": "INFO", "name": "Trainer", "asctime": "2026-04-17 02:14:07,481", "type": "train", "epoch": 13, "batch": 1519, "n_batches": 7774, "time": 2.948, "data_time": 0.0, "lr": 0.0001, "loss": -27.158, "recon_loss": -31.341, "kld_loss": 41.834, "kld_weight": 0.1}
{"message": "", "levelname": "INFO", "name": "Trainer", "asctime": "2026-04-17 02:14:32,547", "type": "train", "epoch": 13, "batch": 1599, "n_batches": 7774, "time": 2.806, "data_time": 0.001, "lr": 0.0001, "loss": -20.613, "recon_loss": -24.933, "kld_loss": 43.206, "kld_weight": 0.1}
{"message": "", "levelname": "INFO", "name": "Trainer", "asctime": "2026-04-17 02:14:57,899", "type": "train", "epoch": 13, "batch": 1679, "n_batches": 7774, "time": 2.039, "data_time": 0.0, "lr": 0.0001, "loss": -21.599, "recon_loss": -26.365, "kld_loss": 47.654, "kld_weight": 0.1}
{"message": "", "levelname": "INFO", "name": "Trainer", "asctime": "2026-04-17 02:15:22,937", "type": "train", "epoch": 13, "batch": 1759, "n_batches": 7774, "time": 2.511, "data_time": 0.001, "lr": 0.0001, "loss": -24.745, "recon_loss": -29.19, "kld_loss": 44.457, "kld_weight": 0.1}
{"message": "", "levelname": "INFO", "name": "Trainer", "asctime": "2026-04-17 02:15:50,182", "type": "train", "epoch": 13, "batch": 1839, "n_batches": 7774, "time": 2.293, "data_time": 0.0, "lr": 0.0001, "loss": -27.537, "recon_loss": -31.865, "kld_loss": 43.281, "kld_weight": 0.1}
{"message": "", "levelname": "INFO", "name": "Trainer", "asctime": "2026-04-17 02:16:14,459", "type": "train", "epoch": 13, "batch": 1919, "n_batches": 7774, "time": 2.66, "data_time": 0.001, "lr": 0.0001, "loss": -27.098, "recon_loss": -31.327, "kld_loss": 42.299, "kld_weight": 0.1}
{"message": "", "levelname": "INFO", "name": "Trainer", "asctime": "2026-04-17 02:16:40,006", "type": "train", "epoch": 13, "batch": 1999, "n_batches": 7774, "time": 2.829, "data_time": 0.001, "lr": 0.0001, "loss": -27.455, "recon_loss": -31.777, "kld_loss": 43.214, "kld_weight": 0.1}
{"message": "", "levelname": "INFO", "name": "Trainer", "asctime": "2026-04-17 02:17:04,884", "type": "train", "epoch": 13, "batch": 2079, "n_batches": 7774, "time": 1.951, "data_time": 0.0, "lr": 0.0001, "loss": -24.006, "recon_loss": -28.282, "kld_loss": 42.755, "kld_weight": 0.1}
{"message": "", "levelname": "INFO", "name": "Trainer", "asctime": "2026-04-17 02:17:29,171", "type": "train", "epoch": 13, "batch": 2159, "n_batches": 7774, "time": 2.559, "data_time": 0.001, "lr": 0.0001, "loss": -22.071, "recon_loss": -26.363, "kld_loss": 42.917, "kld_weight": 0.1}
{"message": "", "levelname": "INFO", "name": "Trainer", "asctime": "2026-04-17 02:17:54,210", "type": "train", "epoch": 13, "batch": 2239, "n_batches": 7774, "time": 1.967, "data_time": 0.001, "lr": 0.0001, "loss": -32.701, "recon_loss": -36.769, "kld_loss": 40.682, "kld_weight": 0.1}
{"message": "", "levelname": "INFO", "name": "Trainer", "asctime": "2026-04-17 02:18:18,067", "type": "train", "epoch": 13, "batch": 2319, "n_batches": 7774, "time": 2.093, "data_time": 0.0, "lr": 0.0001, "loss": -26.637, "recon_loss": -30.875, "kld_loss": 42.376, "kld_weight": 0.1}
{"message": "", "levelname": "INFO", "name": "Trainer", "asctime": "2026-04-17 02:18:40,830", "type": "train", "epoch": 13, "batch": 2399, "n_batches": 7774, "time": 2.379, "data_time": 0.0, "lr": 0.0001, "loss": -25.93, "recon_loss": -30.369, "kld_loss": 44.394, "kld_weight": 0.1}
{"message": "", "levelname": "INFO", "name": "Trainer", "asctime": "2026-04-17 02:19:05,072", "type": "train", "epoch": 13, "batch": 2479, "n_batches": 7774, "time": 1.829, "data_time": 0.0, "lr": 0.0001, "loss": -22.349, "recon_loss": -26.717, "kld_loss": 43.684, "kld_weight": 0.1}
{"message": "", "levelname": "INFO", "name": "Trainer", "asctime": "2026-04-17 02:19:29,766", "type": "train", "epoch": 13, "batch": 2559, "n_batches": 7774, "time": 2.31, "data_time": 0.001, "lr": 0.0001, "loss": -20.34, "recon_loss": -24.609, "kld_loss": 42.696, "kld_weight": 0.1}
{"message": "", "levelname": "INFO", "name": "Trainer", "asctime": "2026-04-17 02:19:55,543", "type": "train", "epoch": 13, "batch": 2639, "n_batches": 7774, "time": 2.942, "data_time": 0.001, "lr": 0.0001, "loss": -26.891, "recon_loss": -31.118, "kld_loss": 42.264, "kld_weight": 0.1}
{"message": "", "levelname": "INFO", "name": "Trainer", "asctime": "2026-04-17 02:20:19,396", "type": "train", "epoch": 13, "batch": 2719, "n_batches": 7774, "time": 2.473, "data_time": 0.001, "lr": 0.0001, "loss": -29.503, "recon_loss": -33.741, "kld_loss": 42.385, "kld_weight": 0.1}
{"message": "", "levelname": "INFO", "name": "Trainer", "asctime": "2026-04-17 02:20:44,680", "type": "train", "epoch": 13, "batch": 2799, "n_batches": 7774, "time": 2.319, "data_time": 0.001, "lr": 0.0001, "loss": -24.876, "recon_loss": -28.981, "kld_loss": 41.054, "kld_weight": 0.1}
{"message": "", "levelname": "INFO", "name": "Trainer", "asctime": "2026-04-17 02:21:09,251", "type": "train", "epoch": 13, "batch": 2879, "n_batches": 7774, "time": 2.635, "data_time": 0.001, "lr": 0.0001, "loss": -25.784, "recon_loss": -29.693, "kld_loss": 39.091, "kld_weight": 0.1}
{"message": "", "levelname": "INFO", "name": "Trainer", "asctime": "2026-04-17 02:21:36,019", "type": "train", "epoch": 13, "batch": 2959, "n_batches": 7774, "time": 2.955, "data_time": 0.001, "lr": 0.0001, "loss": -25.139, "recon_loss": -29.315, "kld_loss": 41.757, "kld_weight": 0.1}
{"message": "", "levelname": "INFO", "name": "Trainer", "asctime": "2026-04-17 02:22:00,742", "type": "train", "epoch": 13, "batch": 3039, "n_batches": 7774, "time": 2.3, "data_time": 0.001, "lr": 0.0001, "loss": -24.92, "recon_loss": -29.139, "kld_loss": 42.196, "kld_weight": 0.1}
{"message": "", "levelname": "INFO", "name": "Trainer", "asctime": "2026-04-17 02:22:25,376", "type": "train", "epoch": 13, "batch": 3119, "n_batches": 7774, "time": 2.791, "data_time": 0.001, "lr": 0.0001, "loss": -23.888, "recon_loss": -28.548, "kld_loss": 46.597, "kld_weight": 0.1}
{"message": "", "levelname": "INFO", "name": "Trainer", "asctime": "2026-04-17 02:22:49,573", "type": "train", "epoch": 13, "batch": 3199, "n_batches": 7774, "time": 2.342, "data_time": 0.001, "lr": 0.0001, "loss": -27.372, "recon_loss": -31.233, "kld_loss": 38.613, "kld_weight": 0.1}
{"message": "", "levelname": "INFO", "name": "Trainer", "asctime": "2026-04-17 02:23:14,972", "type": "train", "epoch": 13, "batch": 3279, "n_batches": 7774, "time": 2.407, "data_time": 0.001, "lr": 0.0001, "loss": -20.195, "recon_loss": -25.229, "kld_loss": 50.341, "kld_weight": 0.1}
{"message": "", "levelname": "INFO", "name": "Trainer", "asctime": "2026-04-17 02:23:39,025", "type": "train", "epoch": 13, "batch": 3359, "n_batches": 7774, "time": 2.293, "data_time": 0.0, "lr": 0.0001, "loss": -23.572, "recon_loss": -28.32, "kld_loss": 47.484, "kld_weight": 0.1}
{"message": "", "levelname": "INFO", "name": "Trainer", "asctime": "2026-04-17 02:24:03,891", "type": "train", "epoch": 13, "batch": 3439, "n_batches": 7774, "time": 2.251, "data_time": 0.0, "lr": 0.0001, "loss": -18.277, "recon_loss": -22.831, "kld_loss": 45.536, "kld_weight": 0.1}
{"message": "", "levelname": "INFO", "name": "Trainer", "asctime": "2026-04-17 02:24:28,620", "type": "train", "epoch": 13, "batch": 3519, "n_batches": 7774, "time": 2.236, "data_time": 0.001, "lr": 0.0001, "loss": -24.678, "recon_loss": -28.974, "kld_loss": 42.964, "kld_weight": 0.1}
{"message": "", "levelname": "INFO", "name": "Trainer", "asctime": "2026-04-17 02:24:54,835", "type": "train", "epoch": 13, "batch": 3599, "n_batches": 7774, "time": 2.758, "data_time": 0.001, "lr": 0.0001, "loss": -19.026, "recon_loss": -25.208, "kld_loss": 61.816, "kld_weight": 0.1}
{"message": "", "levelname": "INFO", "name": "Trainer", "asctime": "2026-04-17 02:25:20,152", "type": "train", "epoch": 13, "batch": 3679, "n_batches": 7774, "time": 2.179, "data_time": 0.0, "lr": 0.0001, "loss": -23.119, "recon_loss": -27.367, "kld_loss": 42.474, "kld_weight": 0.1}
{"message": "", "levelname": "INFO", "name": "Trainer", "asctime": "2026-04-17 02:25:46,922", "type": "train", "epoch": 13, "batch": 3759, "n_batches": 7774, "time": 2.948, "data_time": 0.001, "lr": 0.0001, "loss": -26.357, "recon_loss": -30.537, "kld_loss": 41.797, "kld_weight": 0.1}
{"message": "", "levelname": "INFO", "name": "Trainer", "asctime": "2026-04-17 02:26:10,647", "type": "train", "epoch": 13, "batch": 3839, "n_batches": 7774, "time": 2.128, "data_time": 0.0, "lr": 0.0001, "loss": -22.847, "recon_loss": -27.544, "kld_loss": 46.969, "kld_weight": 0.1}
{"message": "", "levelname": "INFO", "name": "Trainer", "asctime": "2026-04-17 02:26:36,142", "type": "train", "epoch": 13, "batch": 3919, "n_batches": 7774, "time": 2.869, "data_time": 0.001, "lr": 0.0001, "loss": -23.229, "recon_loss": -27.519, "kld_loss": 42.905, "kld_weight": 0.1}
{"message": "", "levelname": "INFO", "name": "Trainer", "asctime": "2026-04-17 02:27:00,823", "type": "train", "epoch": 13, "batch": 3999, "n_batches": 7774, "time": 2.623, "data_time": 0.001, "lr": 0.0001, "loss": -20.283, "recon_loss": -24.577, "kld_loss": 42.944, "kld_weight": 0.1}
{"message": "", "levelname": "INFO", "name": "Trainer", "asctime": "2026-04-17 02:27:23,389", "type": "train", "epoch": 13, "batch": 4079, "n_batches": 7774, "time": 1.811, "data_time": 0.0, "lr": 0.0001, "loss": -26.43, "recon_loss": -31.179, "kld_loss": 47.499, "kld_weight": 0.1}
{"message": "", "levelname": "INFO", "name": "Trainer", "asctime": "2026-04-17 02:27:47,787", "type": "train", "epoch": 13, "batch": 4159, "n_batches": 7774, "time": 2.252, "data_time": 0.0, "lr": 0.0001, "loss": -29.255, "recon_loss": -33.417, "kld_loss": 41.624, "kld_weight": 0.1}
{"message": "", "levelname": "INFO", "name": "Trainer", "asctime": "2026-04-17 02:28:14,171", "type": "train", "epoch": 13, "batch": 4239, "n_batches": 7774, "time": 2.864, "data_time": 0.001, "lr": 0.0001, "loss": -22.622, "recon_loss": -27.052, "kld_loss": 44.308, "kld_weight": 0.1}
{"message": "", "levelname": "INFO", "name": "Trainer", "asctime": "2026-04-17 02:28:40,352", "type": "train", "epoch": 13, "batch": 4319, "n_batches": 7774, "time": 2.482, "data_time": 0.001, "lr": 0.0001, "loss": -27.577, "recon_loss": -31.972, "kld_loss": 43.951, "kld_weight": 0.1}
{"message": "", "levelname": "INFO", "name": "Trainer", "asctime": "2026-04-17 02:29:05,034", "type": "train", "epoch": 13, "batch": 4399, "n_batches": 7774, "time": 2.292, "data_time": 0.001, "lr": 0.0001, "loss": -20.905, "recon_loss": -25.805, "kld_loss": 49.008, "kld_weight": 0.1}
{"message": "", "levelname": "INFO", "name": "Trainer", "asctime": "2026-04-17 02:29:28,624", "type": "train", "epoch": 13, "batch": 4479, "n_batches": 7774, "time": 1.689, "data_time": 0.0, "lr": 0.0001, "loss": -26.637, "recon_loss": -31.417, "kld_loss": 47.796, "kld_weight": 0.1}
{"message": "", "levelname": "INFO", "name": "Trainer", "asctime": "2026-04-17 02:29:52,506", "type": "train", "epoch": 13, "batch": 4559, "n_batches": 7774, "time": 2.788, "data_time": 0.001, "lr": 0.0001, "loss": -24.889, "recon_loss": -29.073, "kld_loss": 41.833, "kld_weight": 0.1}
{"message": "", "levelname": "INFO", "name": "Trainer", "asctime": "2026-04-17 02:30:18,197", "type": "train", "epoch": 13, "batch": 4639, "n_batches": 7774, "time": 2.708, "data_time": 0.001, "lr": 0.0001, "loss": -28.248, "recon_loss": -32.16, "kld_loss": 39.114, "kld_weight": 0.1}
{"message": "", "levelname": "INFO", "name": "Trainer", "asctime": "2026-04-17 02:30:41,860", "type": "train", "epoch": 13, "batch": 4719, "n_batches": 7774, "time": 2.955, "data_time": 0.0, "lr": 0.0001, "loss": -18.558, "recon_loss": -23.162, "kld_loss": 46.033, "kld_weight": 0.1}
{"message": "", "levelname": "INFO", "name": "Trainer", "asctime": "2026-04-17 02:31:06,939", "type": "train", "epoch": 13, "batch": 4799, "n_batches": 7774, "time": 2.495, "data_time": 0.0, "lr": 0.0001, "loss": -22.74, "recon_loss": -26.887, "kld_loss": 41.465, "kld_weight": 0.1}
{"message": "", "levelname": "INFO", "name": "Trainer", "asctime": "2026-04-17 02:31:33,525", "type": "train", "epoch": 13, "batch": 4879, "n_batches": 7774, "time": 2.476, "data_time": 0.0, "lr": 0.0001, "loss": -23.198, "recon_loss": -27.617, "kld_loss": 44.188, "kld_weight": 0.1}
{"message": "", "levelname": "INFO", "name": "Trainer", "asctime": "2026-04-17 02:31:57,832", "type": "train", "epoch": 13, "batch": 4959, "n_batches": 7774, "time": 2.05, "data_time": 0.001, "lr": 0.0001, "loss": -27.315, "recon_loss": -31.467, "kld_loss": 41.513, "kld_weight": 0.1}
{"message": "", "levelname": "INFO", "name": "Trainer", "asctime": "2026-04-17 02:32:25,840", "type": "train", "epoch": 13, "batch": 5039, "n_batches": 7774, "time": 2.586, "data_time": 0.001, "lr": 0.0001, "loss": -18.485, "recon_loss": -23.236, "kld_loss": 47.516, "kld_weight": 0.1}
{"message": "", "levelname": "INFO", "name": "Trainer", "asctime": "2026-04-17 02:32:49,776", "type": "train", "epoch": 13, "batch": 5119, "n_batches": 7774, "time": 2.182, "data_time": 0.0, "lr": 0.0001, "loss": -19.464, "recon_loss": -24.767, "kld_loss": 53.028, "kld_weight": 0.1}
{"message": "", "levelname": "INFO", "name": "Trainer", "asctime": "2026-04-17 02:33:13,976", "type": "train", "epoch": 13, "batch": 5199, "n_batches": 7774, "time": 2.579, "data_time": 0.001, "lr": 0.0001, "loss": -25.051, "recon_loss": -29.335, "kld_loss": 42.841, "kld_weight": 0.1}
{"message": "", "levelname": "INFO", "name": "Trainer", "asctime": "2026-04-17 02:33:38,119", "type": "train", "epoch": 13, "batch": 5279, "n_batches": 7774, "time": 2.558, "data_time": 0.0, "lr": 0.0001, "loss": -18.467, "recon_loss": -23.476, "kld_loss": 50.095, "kld_weight": 0.1}
{"message": "", "levelname": "INFO", "name": "Trainer", "asctime": "2026-04-17 02:34:03,820", "type": "train", "epoch": 13, "batch": 5359, "n_batches": 7774, "time": 2.386, "data_time": 0.001, "lr": 0.0001, "loss": -24.11, "recon_loss": -28.699, "kld_loss": 45.884, "kld_weight": 0.1}
{"message": "", "levelname": "INFO", "name": "Trainer", "asctime": "2026-04-17 02:34:25,577", "type": "train", "epoch": 13, "batch": 5439, "n_batches": 7774, "time": 1.874, "data_time": 0.0, "lr": 0.0001, "loss": -27.15, "recon_loss": -31.15, "kld_loss": 40.002, "kld_weight": 0.1}
{"message": "", "levelname": "INFO", "name": "Trainer", "asctime": "2026-04-17 02:34:50,685", "type": "train", "epoch": 13, "batch": 5519, "n_batches": 7774, "time": 2.449, "data_time": 0.0, "lr": 0.0001, "loss": -27.785, "recon_loss": -31.956, "kld_loss": 41.713, "kld_weight": 0.1}
{"message": "", "levelname": "INFO", "name": "Trainer", "asctime": "2026-04-17 02:35:14,535", "type": "train", "epoch": 13, "batch": 5599, "n_batches": 7774, "time": 2.208, "data_time": 0.001, "lr": 0.0001, "loss": -27.602, "recon_loss": -31.978, "kld_loss": 43.762, "kld_weight": 0.1}
{"message": "", "levelname": "INFO", "name": "Trainer", "asctime": "2026-04-17 02:35:39,996", "type": "train", "epoch": 13, "batch": 5679, "n_batches": 7774, "time": 1.962, "data_time": 0.0, "lr": 0.0001, "loss": -24.351, "recon_loss": -28.302, "kld_loss": 39.511, "kld_weight": 0.1}
{"message": "", "levelname": "INFO", "name": "Trainer", "asctime": "2026-04-17 02:36:05,301", "type": "train", "epoch": 13, "batch": 5759, "n_batches": 7774, "time": 3.037, "data_time": 0.001, "lr": 0.0001, "loss": -25.174, "recon_loss": -29.933, "kld_loss": 47.588, "kld_weight": 0.1}
{"message": "", "levelname": "INFO", "name": "Trainer", "asctime": "2026-04-17 02:36:27,469", "type": "train", "epoch": 13, "batch": 5839, "n_batches": 7774, "time": 1.714, "data_time": 0.0, "lr": 0.0001, "loss": -20.086, "recon_loss": -25.824, "kld_loss": 57.377, "kld_weight": 0.1}
{"message": "", "levelname": "INFO", "name": "Trainer", "asctime": "2026-04-17 02:36:51,515", "type": "train", "epoch": 13, "batch": 5919, "n_batches": 7774, "time": 2.421, "data_time": 0.001, "lr": 0.0001, "loss": -27.208, "recon_loss": -31.385, "kld_loss": 41.767, "kld_weight": 0.1}
{"message": "", "levelname": "INFO", "name": "Trainer", "asctime": "2026-04-17 02:37:16,301", "type": "train", "epoch": 13, "batch": 5999, "n_batches": 7774, "time": 2.729, "data_time": 0.0, "lr": 0.0001, "loss": -32.024, "recon_loss": -36.226, "kld_loss": 42.015, "kld_weight": 0.1}
{"message": "", "levelname": "INFO", "name": "Trainer", "asctime": "2026-04-17 02:37:41,435", "type": "train", "epoch": 13, "batch": 6079, "n_batches": 7774, "time": 2.258, "data_time": 0.0, "lr": 0.0001, "loss": -27.41, "recon_loss": -31.779, "kld_loss": 43.692, "kld_weight": 0.1}
{"message": "", "levelname": "INFO", "name": "Trainer", "asctime": "2026-04-17 02:38:08,306", "type": "train", "epoch": 13, "batch": 6159, "n_batches": 7774, "time": 3.061, "data_time": 0.0, "lr": 0.0001, "loss": -23.902, "recon_loss": -28.257, "kld_loss": 43.542, "kld_weight": 0.1}
{"message": "", "levelname": "INFO", "name": "Trainer", "asctime": "2026-04-17 02:38:34,979", "type": "train", "epoch": 13, "batch": 6239, "n_batches": 7774, "time": 2.641, "data_time": 0.0, "lr": 0.0001, "loss": -22.773, "recon_loss": -26.826, "kld_loss": 40.534, "kld_weight": 0.1}
{"message": "", "levelname": "INFO", "name": "Trainer", "asctime": "2026-04-17 02:38:59,775", "type": "train", "epoch": 13, "batch": 6319, "n_batches": 7774, "time": 2.929, "data_time": 0.001, "lr": 0.0001, "loss": -24.771, "recon_loss": -28.925, "kld_loss": 41.543, "kld_weight": 0.1}
{"message": "", "levelname": "INFO", "name": "Trainer", "asctime": "2026-04-17 02:39:25,005", "type": "train", "epoch": 13, "batch": 6399, "n_batches": 7774, "time": 2.448, "data_time": 0.001, "lr": 0.0001, "loss": -26.305, "recon_loss": -30.657, "kld_loss": 43.517, "kld_weight": 0.1}
{"message": "", "levelname": "INFO", "name": "Trainer", "asctime": "2026-04-17 02:39:53,201", "type": "train", "epoch": 13, "batch": 6479, "n_batches": 7774, "time": 2.71, "data_time": 0.0, "lr": 0.0001, "loss": -22.684, "recon_loss": -27.053, "kld_loss": 43.694, "kld_weight": 0.1}
{"message": "", "levelname": "INFO", "name": "Trainer", "asctime": "2026-04-17 02:40:17,343", "type": "train", "epoch": 13, "batch": 6559, "n_batches": 7774, "time": 2.825, "data_time": 0.0, "lr": 0.0001, "loss": -23.751, "recon_loss": -28.455, "kld_loss": 47.037, "kld_weight": 0.1}
{"message": "", "levelname": "INFO", "name": "Trainer", "asctime": "2026-04-17 02:40:42,566", "type": "train", "epoch": 13, "batch": 6639, "n_batches": 7774, "time": 2.763, "data_time": 0.001, "lr": 0.0001, "loss": -24.988, "recon_loss": -29.525, "kld_loss": 45.374, "kld_weight": 0.1}
{"message": "", "levelname": "INFO", "name": "Trainer", "asctime": "2026-04-17 02:41:05,863", "type": "train", "epoch": 13, "batch": 6719, "n_batches": 7774, "time": 2.658, "data_time": 0.0, "lr": 0.0001, "loss": -19.97, "recon_loss": -24.512, "kld_loss": 45.413, "kld_weight": 0.1}
{"message": "", "levelname": "INFO", "name": "Trainer", "asctime": "2026-04-17 02:41:28,373", "type": "train", "epoch": 13, "batch": 6799, "n_batches": 7774, "time": 2.075, "data_time": 0.001, "lr": 0.0001, "loss": -21.587, "recon_loss": -25.86, "kld_loss": 42.726, "kld_weight": 0.1}
{"message": "", "levelname": "INFO", "name": "Trainer", "asctime": "2026-04-17 02:41:53,012", "type": "train", "epoch": 13, "batch": 6879, "n_batches": 7774, "time": 2.047, "data_time": 0.001, "lr": 0.0001, "loss": -22.167, "recon_loss": -26.967, "kld_loss": 48.006, "kld_weight": 0.1}
{"message": "", "levelname": "INFO", "name": "Trainer", "asctime": "2026-04-17 02:42:18,915", "type": "train", "epoch": 13, "batch": 6959, "n_batches": 7774, "time": 2.415, "data_time": 0.001, "lr": 0.0001, "loss": -24.214, "recon_loss": -28.932, "kld_loss": 47.183, "kld_weight": 0.1}
{"message": "", "levelname": "INFO", "name": "Trainer", "asctime": "2026-04-17 02:42:45,130", "type": "train", "epoch": 13, "batch": 7039, "n_batches": 7774, "time": 2.311, "data_time": 0.0, "lr": 0.0001, "loss": -24.88, "recon_loss": -28.944, "kld_loss": 40.643, "kld_weight": 0.1}
{"message": "", "levelname": "INFO", "name": "Trainer", "asctime": "2026-04-17 02:43:09,193", "type": "train", "epoch": 13, "batch": 7119, "n_batches": 7774, "time": 2.347, "data_time": 0.0, "lr": 0.0001, "loss": -17.325, "recon_loss": -22.109, "kld_loss": 47.844, "kld_weight": 0.1}
{"message": "", "levelname": "INFO", "name": "Trainer", "asctime": "2026-04-17 02:43:35,334", "type": "train", "epoch": 13, "batch": 7199, "n_batches": 7774, "time": 2.532, "data_time": 0.001, "lr": 0.0001, "loss": -22.666, "recon_loss": -26.875, "kld_loss": 42.091, "kld_weight": 0.1}
{"message": "", "levelname": "INFO", "name": "Trainer", "asctime": "2026-04-17 02:44:01,097", "type": "train", "epoch": 13, "batch": 7279, "n_batches": 7774, "time": 2.622, "data_time": 0.001, "lr": 0.0001, "loss": -28.164, "recon_loss": -32.348, "kld_loss": 41.836, "kld_weight": 0.1}
{"message": "", "levelname": "INFO", "name": "Trainer", "asctime": "2026-04-17 02:44:25,191", "type": "train", "epoch": 13, "batch": 7359, "n_batches": 7774, "time": 2.69, "data_time": 0.001, "lr": 0.0001, "loss": -23.931, "recon_loss": -28.168, "kld_loss": 42.368, "kld_weight": 0.1}
{"message": "", "levelname": "INFO", "name": "Trainer", "asctime": "2026-04-17 02:44:50,161", "type": "train", "epoch": 13, "batch": 7439, "n_batches": 7774, "time": 2.539, "data_time": 0.001, "lr": 0.0001, "loss": -17.791, "recon_loss": -21.916, "kld_loss": 41.254, "kld_weight": 0.1}
{"message": "", "levelname": "INFO", "name": "Trainer", "asctime": "2026-04-17 02:45:13,150", "type": "train", "epoch": 13, "batch": 7519, "n_batches": 7774, "time": 2.749, "data_time": 0.001, "lr": 0.0001, "loss": -21.24, "recon_loss": -26.752, "kld_loss": 55.126, "kld_weight": 0.1}
{"message": "", "levelname": "INFO", "name": "Trainer", "asctime": "2026-04-17 02:45:35,504", "type": "train", "epoch": 13, "batch": 7599, "n_batches": 7774, "time": 2.011, "data_time": 0.0, "lr": 0.0001, "loss": -26.349, "recon_loss": -31.186, "kld_loss": 48.372, "kld_weight": 0.1}
{"message": "", "levelname": "INFO", "name": "Trainer", "asctime": "2026-04-17 02:46:00,685", "type": "train", "epoch": 13, "batch": 7679, "n_batches": 7774, "time": 2.848, "data_time": 0.001, "lr": 0.0001, "loss": -24.85, "recon_loss": -28.878, "kld_loss": 40.284, "kld_weight": 0.1}
{"message": "", "levelname": "INFO", "name": "Trainer", "asctime": "2026-04-17 02:46:23,570", "type": "train", "epoch": 13, "batch": 7759, "n_batches": 7774, "time": 2.277, "data_time": 0.0, "lr": 0.0001, "loss": -26.936, "recon_loss": -31.1, "kld_loss": 41.639, "kld_weight": 0.1}
{"message": "", "levelname": "INFO", "name": "Trainer", "asctime": "2026-04-17 02:46:27,960", "type": "train-epoch", "epoch": 14, "loss": -2.95048, "recon_loss": -3.50708, "kld_loss": 5.56601, "kld_weight": 0.1, "time": 2407.3}
{"message": "", "levelname": "INFO", "name": "Trainer", "asctime": "2026-04-17 02:52:49,738", "type": "val-epoch", "epoch": 14, "loss": -2.984, "test_loss": -0.039, "recon_loss": -3.533, "kld_loss": 5.498, "kld_weight": 0.1, "note": "loss is teacher-forced CVAE objective; test_loss is prior-only reconstruction", "time": 381.8}
{"message": "", "levelname": "INFO", "name": "Trainer", "asctime": "2026-04-17 02:53:12,885", "type": "train", "epoch": 14, "batch": 79, "n_batches": 7774, "time": 2.008, "data_time": 0.0, "lr": 0.0001, "loss": -24.138, "recon_loss": -28.174, "kld_loss": 40.362, "kld_weight": 0.1}
{"message": "", "levelname": "INFO", "name": "Trainer", "asctime": "2026-04-17 02:53:37,611", "type": "train", "epoch": 14, "batch": 159, "n_batches": 7774, "time": 2.98, "data_time": 0.001, "lr": 0.0001, "loss": -22.039, "recon_loss": -26.08, "kld_loss": 40.413, "kld_weight": 0.1}
{"message": "", "levelname": "INFO", "name": "Trainer", "asctime": "2026-04-17 02:54:00,892", "type": "train", "epoch": 14, "batch": 239, "n_batches": 7774, "time": 2.721, "data_time": 0.001, "lr": 0.0001, "loss": -24.524, "recon_loss": -28.99, "kld_loss": 44.658, "kld_weight": 0.1}
{"message": "", "levelname": "INFO", "name": "Trainer", "asctime": "2026-04-17 02:54:27,512", "type": "train", "epoch": 14, "batch": 319, "n_batches": 7774, "time": 2.661, "data_time": 0.001, "lr": 0.0001, "loss": -28.584, "recon_loss": -32.782, "kld_loss": 41.973, "kld_weight": 0.1}
{"message": "", "levelname": "INFO", "name": "Trainer", "asctime": "2026-04-17 02:54:50,920", "type": "train", "epoch": 14, "batch": 399, "n_batches": 7774, "time": 2.162, "data_time": 0.0, "lr": 0.0001, "loss": -19.715, "recon_loss": -24.425, "kld_loss": 47.101, "kld_weight": 0.1}
{"message": "", "levelname": "INFO", "name": "Trainer", "asctime": "2026-04-17 02:55:16,265", "type": "train", "epoch": 14, "batch": 479, "n_batches": 7774, "time": 2.49, "data_time": 0.001, "lr": 0.0001, "loss": -25.246, "recon_loss": -29.713, "kld_loss": 44.674, "kld_weight": 0.1}
{"message": "", "levelname": "INFO", "name": "Trainer", "asctime": "2026-04-17 02:55:39,709", "type": "train", "epoch": 14, "batch": 559, "n_batches": 7774, "time": 2.428, "data_time": 0.001, "lr": 0.0001, "loss": -26.494, "recon_loss": -30.53, "kld_loss": 40.358, "kld_weight": 0.1}
{"message": "", "levelname": "INFO", "name": "Trainer", "asctime": "2026-04-17 02:56:03,267", "type": "train", "epoch": 14, "batch": 639, "n_batches": 7774, "time": 2.27, "data_time": 0.0, "lr": 0.0001, "loss": -22.254, "recon_loss": -26.758, "kld_loss": 45.044, "kld_weight": 0.1}
{"message": "", "levelname": "INFO", "name": "Trainer", "asctime": "2026-04-17 02:56:28,354", "type": "train", "epoch": 14, "batch": 719, "n_batches": 7774, "time": 2.567, "data_time": 0.001, "lr": 0.0001, "loss": -25.596, "recon_loss": -29.818, "kld_loss": 42.223, "kld_weight": 0.1}
{"message": "", "levelname": "INFO", "name": "Trainer", "asctime": "2026-04-17 02:56:52,774", "type": "train", "epoch": 14, "batch": 799, "n_batches": 7774, "time": 2.208, "data_time": 0.001, "lr": 0.0001, "loss": -19.216, "recon_loss": -23.976, "kld_loss": 47.602, "kld_weight": 0.1}
{"message": "", "levelname": "INFO", "name": "Trainer", "asctime": "2026-04-17 02:57:19,350", "type": "train", "epoch": 14, "batch": 879, "n_batches": 7774, "time": 3.469, "data_time": 0.001, "lr": 0.0001, "loss": -21.976, "recon_loss": -26.266, "kld_loss": 42.897, "kld_weight": 0.1}
{"message": "", "levelname": "INFO", "name": "Trainer", "asctime": "2026-04-17 02:57:44,982", "type": "train", "epoch": 14, "batch": 959, "n_batches": 7774, "time": 2.804, "data_time": 0.0, "lr": 0.0001, "loss": -19.755, "recon_loss": -24.141, "kld_loss": 43.855, "kld_weight": 0.1}
{"message": "", "levelname": "INFO", "name": "Trainer", "asctime": "2026-04-17 02:58:09,838", "type": "train", "epoch": 14, "batch": 1039, "n_batches": 7774, "time": 1.995, "data_time": 0.0, "lr": 0.0001, "loss": -17.145, "recon_loss": -21.72, "kld_loss": 45.756, "kld_weight": 0.1}
{"message": "", "levelname": "INFO", "name": "Trainer", "asctime": "2026-04-17 02:58:32,870", "type": "train", "epoch": 14, "batch": 1119, "n_batches": 7774, "time": 2.231, "data_time": 0.0, "lr": 0.0001, "loss": -29.482, "recon_loss": -33.702, "kld_loss": 42.202, "kld_weight": 0.1}
{"message": "", "levelname": "INFO", "name": "Trainer", "asctime": "2026-04-17 02:58:57,852", "type": "train", "epoch": 14, "batch": 1199, "n_batches": 7774, "time": 2.474, "data_time": 0.0, "lr": 0.0001, "loss": -22.912, "recon_loss": -27.364, "kld_loss": 44.52, "kld_weight": 0.1}
{"message": "", "levelname": "INFO", "name": "Trainer", "asctime": "2026-04-17 02:59:20,649", "type": "train", "epoch": 14, "batch": 1279, "n_batches": 7774, "time": 3.009, "data_time": 0.001, "lr": 0.0001, "loss": -23.896, "recon_loss": -28.321, "kld_loss": 44.249, "kld_weight": 0.1}
{"message": "", "levelname": "INFO", "name": "Trainer", "asctime": "2026-04-17 02:59:46,082", "type": "train", "epoch": 14, "batch": 1359, "n_batches": 7774, "time": 2.691, "data_time": 0.001, "lr": 0.0001, "loss": -26.065, "recon_loss": -30.372, "kld_loss": 43.071, "kld_weight": 0.1}
{"message": "", "levelname": "INFO", "name": "Trainer", "asctime": "2026-04-17 03:00:10,136", "type": "train", "epoch": 14, "batch": 1439, "n_batches": 7774, "time": 2.812, "data_time": 0.001, "lr": 0.0001, "loss": -25.025, "recon_loss": -29.444, "kld_loss": 44.189, "kld_weight": 0.1}
{"message": "", "levelname": "INFO", "name": "Trainer", "asctime": "2026-04-17 03:00:34,488", "type": "train", "epoch": 14, "batch": 1519, "n_batches": 7774, "time": 2.313, "data_time": 0.001, "lr": 0.0001, "loss": -24.17, "recon_loss": -28.586, "kld_loss": 44.164, "kld_weight": 0.1}
{"message": "", "levelname": "INFO", "name": "Trainer", "asctime": "2026-04-17 03:00:57,115", "type": "train", "epoch": 14, "batch": 1599, "n_batches": 7774, "time": 2.403, "data_time": 0.0, "lr": 0.0001, "loss": -21.611, "recon_loss": -25.942, "kld_loss": 43.312, "kld_weight": 0.1}
{"message": "", "levelname": "INFO", "name": "Trainer", "asctime": "2026-04-17 03:01:23,518", "type": "train", "epoch": 14, "batch": 1679, "n_batches": 7774, "time": 3.009, "data_time": 0.0, "lr": 0.0001, "loss": -27.288, "recon_loss": -31.591, "kld_loss": 43.027, "kld_weight": 0.1}
{"message": "", "levelname": "INFO", "name": "Trainer", "asctime": "2026-04-17 03:01:48,426", "type": "train", "epoch": 14, "batch": 1759, "n_batches": 7774, "time": 2.873, "data_time": 0.0, "lr": 0.0001, "loss": -24.17, "recon_loss": -28.582, "kld_loss": 44.125, "kld_weight": 0.1}
{"message": "", "levelname": "INFO", "name": "Trainer", "asctime": "2026-04-17 03:02:14,048", "type": "train", "epoch": 14, "batch": 1839, "n_batches": 7774, "time": 2.159, "data_time": 0.0, "lr": 0.0001, "loss": -24.149, "recon_loss": -28.276, "kld_loss": 41.268, "kld_weight": 0.1}
{"message": "", "levelname": "INFO", "name": "Trainer", "asctime": "2026-04-17 03:02:39,231", "type": "train", "epoch": 14, "batch": 1919, "n_batches": 7774, "time": 2.499, "data_time": 0.001, "lr": 0.0001, "loss": -22.928, "recon_loss": -27.488, "kld_loss": 45.596, "kld_weight": 0.1}
{"message": "", "levelname": "INFO", "name": "Trainer", "asctime": "2026-04-17 03:03:02,285", "type": "train", "epoch": 14, "batch": 1999, "n_batches": 7774, "time": 2.153, "data_time": 0.0, "lr": 0.0001, "loss": -24.778, "recon_loss": -29.142, "kld_loss": 43.645, "kld_weight": 0.1}
{"message": "", "levelname": "INFO", "name": "Trainer", "asctime": "2026-04-17 03:03:24,778", "type": "train", "epoch": 14, "batch": 2079, "n_batches": 7774, "time": 2.995, "data_time": 0.0, "lr": 0.0001, "loss": -21.812, "recon_loss": -26.506, "kld_loss": 46.935, "kld_weight": 0.1}
{"message": "", "levelname": "INFO", "name": "Trainer", "asctime": "2026-04-17 03:03:52,032", "type": "train", "epoch": 14, "batch": 2159, "n_batches": 7774, "time": 3.069, "data_time": 0.001, "lr": 0.0001, "loss": -20.563, "recon_loss": -25.108, "kld_loss": 45.452, "kld_weight": 0.1}
{"message": "", "levelname": "INFO", "name": "Trainer", "asctime": "2026-04-17 03:04:17,906", "type": "train", "epoch": 14, "batch": 2239, "n_batches": 7774, "time": 3.019, "data_time": 0.001, "lr": 0.0001, "loss": -19.412, "recon_loss": -24.35, "kld_loss": 49.377, "kld_weight": 0.1}
{"message": "", "levelname": "INFO", "name": "Trainer", "asctime": "2026-04-17 03:04:44,015", "type": "train", "epoch": 14, "batch": 2319, "n_batches": 7774, "time": 2.546, "data_time": 0.001, "lr": 0.0001, "loss": -19.172, "recon_loss": -25.242, "kld_loss": 60.7, "kld_weight": 0.1}
{"message": "", "levelname": "INFO", "name": "Trainer", "asctime": "2026-04-17 03:05:08,755", "type": "train", "epoch": 14, "batch": 2399, "n_batches": 7774, "time": 2.287, "data_time": 0.0, "lr": 0.0001, "loss": -24.46, "recon_loss": -29.173, "kld_loss": 47.131, "kld_weight": 0.1}
{"message": "", "levelname": "INFO", "name": "Trainer", "asctime": "2026-04-17 03:05:30,758", "type": "train", "epoch": 14, "batch": 2479, "n_batches": 7774, "time": 2.512, "data_time": 0.001, "lr": 0.0001, "loss": -20.952, "recon_loss": -25.143, "kld_loss": 41.904, "kld_weight": 0.1}
{"message": "", "levelname": "INFO", "name": "Trainer", "asctime": "2026-04-17 03:05:55,764", "type": "train", "epoch": 14, "batch": 2559, "n_batches": 7774, "time": 2.509, "data_time": 0.001, "lr": 0.0001, "loss": -18.823, "recon_loss": -23.212, "kld_loss": 43.883, "kld_weight": 0.1}
{"message": "", "levelname": "INFO", "name": "Trainer", "asctime": "2026-04-17 03:06:20,690", "type": "train", "epoch": 14, "batch": 2639, "n_batches": 7774, "time": 2.93, "data_time": 0.001, "lr": 0.0001, "loss": -24.769, "recon_loss": -28.774, "kld_loss": 40.049, "kld_weight": 0.1}
{"message": "", "levelname": "INFO", "name": "Trainer", "asctime": "2026-04-17 03:06:43,992", "type": "train", "epoch": 14, "batch": 2719, "n_batches": 7774, "time": 2.927, "data_time": 0.001, "lr": 0.0001, "loss": -17.191, "recon_loss": -21.315, "kld_loss": 41.24, "kld_weight": 0.1}
{"message": "", "levelname": "INFO", "name": "Trainer", "asctime": "2026-04-17 03:07:07,444", "type": "train", "epoch": 14, "batch": 2799, "n_batches": 7774, "time": 2.197, "data_time": 0.001, "lr": 0.0001, "loss": -28.792, "recon_loss": -32.805, "kld_loss": 40.134, "kld_weight": 0.1}
{"message": "", "levelname": "INFO", "name": "Trainer", "asctime": "2026-04-17 03:07:31,311", "type": "train", "epoch": 14, "batch": 2879, "n_batches": 7774, "time": 1.94, "data_time": 0.0, "lr": 0.0001, "loss": -25.172, "recon_loss": -29.802, "kld_loss": 46.296, "kld_weight": 0.1}
{"message": "", "levelname": "INFO", "name": "Trainer", "asctime": "2026-04-17 03:07:55,103", "type": "train", "epoch": 14, "batch": 2959, "n_batches": 7774, "time": 2.328, "data_time": 0.001, "lr": 0.0001, "loss": -13.521, "recon_loss": -18.311, "kld_loss": 47.892, "kld_weight": 0.1}
{"message": "", "levelname": "INFO", "name": "Trainer", "asctime": "2026-04-17 03:08:20,069", "type": "train", "epoch": 14, "batch": 3039, "n_batches": 7774, "time": 2.43, "data_time": 0.001, "lr": 0.0001, "loss": -28.026, "recon_loss": -32.131, "kld_loss": 41.05, "kld_weight": 0.1}
{"message": "", "levelname": "INFO", "name": "Trainer", "asctime": "2026-04-17 03:08:45,866", "type": "train", "epoch": 14, "batch": 3119, "n_batches": 7774, "time": 3.268, "data_time": 0.001, "lr": 0.0001, "loss": -22.616, "recon_loss": -27.489, "kld_loss": 48.734, "kld_weight": 0.1}
{"message": "", "levelname": "INFO", "name": "Trainer", "asctime": "2026-04-17 03:09:11,427", "type": "train", "epoch": 14, "batch": 3199, "n_batches": 7774, "time": 2.864, "data_time": 0.001, "lr": 0.0001, "loss": -24.159, "recon_loss": -28.418, "kld_loss": 42.59, "kld_weight": 0.1}
{"message": "", "levelname": "INFO", "name": "Trainer", "asctime": "2026-04-17 03:09:35,893", "type": "train", "epoch": 14, "batch": 3279, "n_batches": 7774, "time": 1.919, "data_time": 0.0, "lr": 0.0001, "loss": -25.948, "recon_loss": -30.32, "kld_loss": 43.721, "kld_weight": 0.1}
{"message": "", "levelname": "INFO", "name": "Trainer", "asctime": "2026-04-17 03:10:00,224", "type": "train", "epoch": 14, "batch": 3359, "n_batches": 7774, "time": 2.522, "data_time": 0.001, "lr": 0.0001, "loss": -20.377, "recon_loss": -25.403, "kld_loss": 50.254, "kld_weight": 0.1}
{"message": "", "levelname": "INFO", "name": "Trainer", "asctime": "2026-04-17 03:10:26,325", "type": "train", "epoch": 14, "batch": 3439, "n_batches": 7774, "time": 2.37, "data_time": 0.001, "lr": 0.0001, "loss": -17.205, "recon_loss": -22.251, "kld_loss": 50.455, "kld_weight": 0.1}
{"message": "", "levelname": "INFO", "name": "Trainer", "asctime": "2026-04-17 03:10:52,824", "type": "train", "epoch": 14, "batch": 3519, "n_batches": 7774, "time": 2.586, "data_time": 0.001, "lr": 0.0001, "loss": -21.298, "recon_loss": -25.891, "kld_loss": 45.922, "kld_weight": 0.1}
{"message": "", "levelname": "INFO", "name": "Trainer", "asctime": "2026-04-17 03:11:19,216", "type": "train", "epoch": 14, "batch": 3599, "n_batches": 7774, "time": 2.519, "data_time": 0.001, "lr": 0.0001, "loss": -24.598, "recon_loss": -29.466, "kld_loss": 48.675, "kld_weight": 0.1}
{"message": "", "levelname": "INFO", "name": "Trainer", "asctime": "2026-04-17 03:11:44,717", "type": "train", "epoch": 14, "batch": 3679, "n_batches": 7774, "time": 2.277, "data_time": 0.0, "lr": 0.0001, "loss": -27.057, "recon_loss": -31.472, "kld_loss": 44.147, "kld_weight": 0.1}
{"message": "", "levelname": "INFO", "name": "Trainer", "asctime": "2026-04-17 03:12:10,403", "type": "train", "epoch": 14, "batch": 3759, "n_batches": 7774, "time": 2.656, "data_time": 0.001, "lr": 0.0001, "loss": -18.725, "recon_loss": -22.942, "kld_loss": 42.177, "kld_weight": 0.1}
{"message": "", "levelname": "INFO", "name": "Trainer", "asctime": "2026-04-17 03:12:34,424", "type": "train", "epoch": 14, "batch": 3839, "n_batches": 7774, "time": 2.471, "data_time": 0.001, "lr": 0.0001, "loss": -27.403, "recon_loss": -32.028, "kld_loss": 46.256, "kld_weight": 0.1}
{"message": "", "levelname": "INFO", "name": "Trainer", "asctime": "2026-04-17 03:12:59,719", "type": "train", "epoch": 14, "batch": 3919, "n_batches": 7774, "time": 2.401, "data_time": 0.001, "lr": 0.0001, "loss": -28.495, "recon_loss": -32.957, "kld_loss": 44.623, "kld_weight": 0.1}
{"message": "", "levelname": "INFO", "name": "Trainer", "asctime": "2026-04-17 03:13:23,306", "type": "train", "epoch": 14, "batch": 3999, "n_batches": 7774, "time": 2.976, "data_time": 0.001, "lr": 0.0001, "loss": -28.062, "recon_loss": -32.625, "kld_loss": 45.631, "kld_weight": 0.1}
{"message": "", "levelname": "INFO", "name": "Trainer", "asctime": "2026-04-17 03:13:49,313", "type": "train", "epoch": 14, "batch": 4079, "n_batches": 7774, "time": 2.525, "data_time": 0.001, "lr": 0.0001, "loss": -24.913, "recon_loss": -29.239, "kld_loss": 43.253, "kld_weight": 0.1}
{"message": "", "levelname": "INFO", "name": "Trainer", "asctime": "2026-04-17 03:14:16,265", "type": "train", "epoch": 14, "batch": 4159, "n_batches": 7774, "time": 2.879, "data_time": 0.001, "lr": 0.0001, "loss": -23.034, "recon_loss": -27.825, "kld_loss": 47.911, "kld_weight": 0.1}
{"message": "", "levelname": "INFO", "name": "Trainer", "asctime": "2026-04-17 03:14:40,458", "type": "train", "epoch": 14, "batch": 4239, "n_batches": 7774, "time": 2.267, "data_time": 0.0, "lr": 0.0001, "loss": -21.118, "recon_loss": -25.503, "kld_loss": 43.851, "kld_weight": 0.1}
{"message": "", "levelname": "INFO", "name": "Trainer", "asctime": "2026-04-17 03:15:06,571", "type": "train", "epoch": 14, "batch": 4319, "n_batches": 7774, "time": 3.008, "data_time": 0.0, "lr": 0.0001, "loss": -15.241, "recon_loss": -19.627, "kld_loss": 43.858, "kld_weight": 0.1}
{"message": "", "levelname": "INFO", "name": "Trainer", "asctime": "2026-04-17 03:15:30,085", "type": "train", "epoch": 14, "batch": 4399, "n_batches": 7774, "time": 2.276, "data_time": 0.001, "lr": 0.0001, "loss": -24.93, "recon_loss": -29.102, "kld_loss": 41.72, "kld_weight": 0.1}
{"message": "", "levelname": "INFO", "name": "Trainer", "asctime": "2026-04-17 03:15:55,478", "type": "train", "epoch": 14, "batch": 4479, "n_batches": 7774, "time": 2.253, "data_time": 0.001, "lr": 0.0001, "loss": -26.667, "recon_loss": -31.448, "kld_loss": 47.809, "kld_weight": 0.1}
{"message": "", "levelname": "INFO", "name": "Trainer", "asctime": "2026-04-17 03:16:18,244", "type": "train", "epoch": 14, "batch": 4559, "n_batches": 7774, "time": 2.161, "data_time": 0.001, "lr": 0.0001, "loss": -24.345, "recon_loss": -28.947, "kld_loss": 46.027, "kld_weight": 0.1}
{"message": "", "levelname": "INFO", "name": "Trainer", "asctime": "2026-04-17 03:16:43,488", "type": "train", "epoch": 14, "batch": 4639, "n_batches": 7774, "time": 2.486, "data_time": 0.001, "lr": 0.0001, "loss": -25.066, "recon_loss": -29.315, "kld_loss": 42.491, "kld_weight": 0.1}
{"message": "", "levelname": "INFO", "name": "Trainer", "asctime": "2026-04-17 03:17:07,692", "type": "train", "epoch": 14, "batch": 4719, "n_batches": 7774, "time": 2.698, "data_time": 0.001, "lr": 0.0001, "loss": -28.908, "recon_loss": -33.619, "kld_loss": 47.105, "kld_weight": 0.1}
{"message": "", "levelname": "INFO", "name": "Trainer", "asctime": "2026-04-17 03:17:33,011", "type": "train", "epoch": 14, "batch": 4799, "n_batches": 7774, "time": 2.072, "data_time": 0.0, "lr": 0.0001, "loss": -26.568, "recon_loss": -30.79, "kld_loss": 42.224, "kld_weight": 0.1}
{"message": "", "levelname": "INFO", "name": "Trainer", "asctime": "2026-04-17 03:17:58,076", "type": "train", "epoch": 14, "batch": 4879, "n_batches": 7774, "time": 2.674, "data_time": 0.0, "lr": 0.0001, "loss": -26.09, "recon_loss": -30.563, "kld_loss": 44.734, "kld_weight": 0.1}
{"message": "", "levelname": "INFO", "name": "Trainer", "asctime": "2026-04-17 03:18:22,765", "type": "train", "epoch": 14, "batch": 4959, "n_batches": 7774, "time": 3.041, "data_time": 0.0, "lr": 0.0001, "loss": -17.92, "recon_loss": -22.358, "kld_loss": 44.378, "kld_weight": 0.1}
{"message": "", "levelname": "INFO", "name": "Trainer", "asctime": "2026-04-17 03:18:47,386", "type": "train", "epoch": 14, "batch": 5039, "n_batches": 7774, "time": 2.655, "data_time": 0.0, "lr": 0.0001, "loss": -18.557, "recon_loss": -23.456, "kld_loss": 48.989, "kld_weight": 0.1}
{"message": "", "levelname": "INFO", "name": "Trainer", "asctime": "2026-04-17 03:19:13,108", "type": "train", "epoch": 14, "batch": 5119, "n_batches": 7774, "time": 2.78, "data_time": 0.001, "lr": 0.0001, "loss": -24.884, "recon_loss": -29.544, "kld_loss": 46.599, "kld_weight": 0.1}
{"message": "", "levelname": "INFO", "name": "Trainer", "asctime": "2026-04-17 03:19:37,552", "type": "train", "epoch": 14, "batch": 5199, "n_batches": 7774, "time": 2.583, "data_time": 0.001, "lr": 0.0001, "loss": -24.284, "recon_loss": -28.625, "kld_loss": 43.413, "kld_weight": 0.1}
{"message": "", "levelname": "INFO", "name": "Trainer", "asctime": "2026-04-17 03:20:00,816", "type": "train", "epoch": 14, "batch": 5279, "n_batches": 7774, "time": 2.385, "data_time": 0.0, "lr": 0.0001, "loss": -29.246, "recon_loss": -33.781, "kld_loss": 45.346, "kld_weight": 0.1}
{"message": "", "levelname": "INFO", "name": "Trainer", "asctime": "2026-04-17 03:20:27,068", "type": "train", "epoch": 14, "batch": 5359, "n_batches": 7774, "time": 2.832, "data_time": 0.0, "lr": 0.0001, "loss": -23.988, "recon_loss": -28.127, "kld_loss": 41.385, "kld_weight": 0.1}
{"message": "", "levelname": "INFO", "name": "Trainer", "asctime": "2026-04-17 03:20:52,510", "type": "train", "epoch": 14, "batch": 5439, "n_batches": 7774, "time": 2.147, "data_time": 0.0, "lr": 0.0001, "loss": -25.968, "recon_loss": -30.333, "kld_loss": 43.653, "kld_weight": 0.1}
{"message": "", "levelname": "INFO", "name": "Trainer", "asctime": "2026-04-17 03:21:18,912", "type": "train", "epoch": 14, "batch": 5519, "n_batches": 7774, "time": 2.49, "data_time": 0.001, "lr": 0.0001, "loss": -24.34, "recon_loss": -29.027, "kld_loss": 46.869, "kld_weight": 0.1}
{"message": "", "levelname": "INFO", "name": "Trainer", "asctime": "2026-04-17 03:21:43,675", "type": "train", "epoch": 14, "batch": 5599, "n_batches": 7774, "time": 2.394, "data_time": 0.0, "lr": 0.0001, "loss": -26.418, "recon_loss": -30.55, "kld_loss": 41.323, "kld_weight": 0.1}
{"message": "", "levelname": "INFO", "name": "Trainer", "asctime": "2026-04-17 03:22:08,850", "type": "train", "epoch": 14, "batch": 5679, "n_batches": 7774, "time": 2.94, "data_time": 0.001, "lr": 0.0001, "loss": -26.507, "recon_loss": -31.04, "kld_loss": 45.323, "kld_weight": 0.1}
{"message": "", "levelname": "INFO", "name": "Trainer", "asctime": "2026-04-17 03:22:35,070", "type": "train", "epoch": 14, "batch": 5759, "n_batches": 7774, "time": 2.684, "data_time": 0.001, "lr": 0.0001, "loss": -26.071, "recon_loss": -30.624, "kld_loss": 45.53, "kld_weight": 0.1}
{"message": "", "levelname": "INFO", "name": "Trainer", "asctime": "2026-04-17 03:23:01,849", "type": "train", "epoch": 14, "batch": 5839, "n_batches": 7774, "time": 2.925, "data_time": 0.001, "lr": 0.0001, "loss": -20.314, "recon_loss": -25.429, "kld_loss": 51.141, "kld_weight": 0.1}
{"message": "", "levelname": "INFO", "name": "Trainer", "asctime": "2026-04-17 03:23:27,038", "type": "train", "epoch": 14, "batch": 5919, "n_batches": 7774, "time": 3.0, "data_time": 0.001, "lr": 0.0001, "loss": -22.916, "recon_loss": -27.269, "kld_loss": 43.537, "kld_weight": 0.1}
{"message": "", "levelname": "INFO", "name": "Trainer", "asctime": "2026-04-17 03:23:49,818", "type": "train", "epoch": 14, "batch": 5999, "n_batches": 7774, "time": 2.464, "data_time": 0.001, "lr": 0.0001, "loss": -24.229, "recon_loss": -28.169, "kld_loss": 39.403, "kld_weight": 0.1}
{"message": "", "levelname": "INFO", "name": "Trainer", "asctime": "2026-04-17 03:24:14,100", "type": "train", "epoch": 14, "batch": 6079, "n_batches": 7774, "time": 2.347, "data_time": 0.001, "lr": 0.0001, "loss": -18.263, "recon_loss": -22.69, "kld_loss": 44.279, "kld_weight": 0.1}
{"message": "", "levelname": "INFO", "name": "Trainer", "asctime": "2026-04-17 03:24:39,692", "type": "train", "epoch": 14, "batch": 6159, "n_batches": 7774, "time": 2.727, "data_time": 0.001, "lr": 0.0001, "loss": -31.533, "recon_loss": -35.848, "kld_loss": 43.158, "kld_weight": 0.1}
{"message": "", "levelname": "INFO", "name": "Trainer", "asctime": "2026-04-17 03:25:03,063", "type": "train", "epoch": 14, "batch": 6239, "n_batches": 7774, "time": 2.642, "data_time": 0.0, "lr": 0.0001, "loss": -23.994, "recon_loss": -28.258, "kld_loss": 42.64, "kld_weight": 0.1}
{"message": "", "levelname": "INFO", "name": "Trainer", "asctime": "2026-04-17 03:25:27,098", "type": "train", "epoch": 14, "batch": 6319, "n_batches": 7774, "time": 2.425, "data_time": 0.001, "lr": 0.0001, "loss": -28.417, "recon_loss": -32.652, "kld_loss": 42.354, "kld_weight": 0.1}
{"message": "", "levelname": "INFO", "name": "Trainer", "asctime": "2026-04-17 03:25:50,814", "type": "train", "epoch": 14, "batch": 6399, "n_batches": 7774, "time": 2.114, "data_time": 0.001, "lr": 0.0001, "loss": -21.734, "recon_loss": -25.713, "kld_loss": 39.789, "kld_weight": 0.1}
{"message": "", "levelname": "INFO", "name": "Trainer", "asctime": "2026-04-17 03:26:16,246", "type": "train", "epoch": 14, "batch": 6479, "n_batches": 7774, "time": 2.719, "data_time": 0.0, "lr": 0.0001, "loss": -28.382, "recon_loss": -32.726, "kld_loss": 43.446, "kld_weight": 0.1}
{"message": "", "levelname": "INFO", "name": "Trainer", "asctime": "2026-04-17 03:26:40,022", "type": "train", "epoch": 14, "batch": 6559, "n_batches": 7774, "time": 2.438, "data_time": 0.001, "lr": 0.0001, "loss": -20.986, "recon_loss": -25.193, "kld_loss": 42.067, "kld_weight": 0.1}
{"message": "", "levelname": "INFO", "name": "Trainer", "asctime": "2026-04-17 03:27:06,530", "type": "train", "epoch": 14, "batch": 6639, "n_batches": 7774, "time": 2.383, "data_time": 0.001, "lr": 0.0001, "loss": -21.691, "recon_loss": -26.163, "kld_loss": 44.723, "kld_weight": 0.1}
{"message": "", "levelname": "INFO", "name": "Trainer", "asctime": "2026-04-17 03:27:30,765", "type": "train", "epoch": 14, "batch": 6719, "n_batches": 7774, "time": 2.639, "data_time": 0.001, "lr": 0.0001, "loss": -24.695, "recon_loss": -28.947, "kld_loss": 42.511, "kld_weight": 0.1}
{"message": "", "levelname": "INFO", "name": "Trainer", "asctime": "2026-04-17 03:27:54,766", "type": "train", "epoch": 14, "batch": 6799, "n_batches": 7774, "time": 2.74, "data_time": 0.001, "lr": 0.0001, "loss": -24.987, "recon_loss": -29.15, "kld_loss": 41.622, "kld_weight": 0.1}
{"message": "", "levelname": "INFO", "name": "Trainer", "asctime": "2026-04-17 03:28:20,358", "type": "train", "epoch": 14, "batch": 6879, "n_batches": 7774, "time": 2.79, "data_time": 0.001, "lr": 0.0001, "loss": -20.018, "recon_loss": -24.286, "kld_loss": 42.682, "kld_weight": 0.1}
{"message": "", "levelname": "INFO", "name": "Trainer", "asctime": "2026-04-17 03:28:43,206", "type": "train", "epoch": 14, "batch": 6959, "n_batches": 7774, "time": 3.061, "data_time": 0.0, "lr": 0.0001, "loss": -28.591, "recon_loss": -32.954, "kld_loss": 43.629, "kld_weight": 0.1}
{"message": "", "levelname": "INFO", "name": "Trainer", "asctime": "2026-04-17 03:29:09,297", "type": "train", "epoch": 14, "batch": 7039, "n_batches": 7774, "time": 2.495, "data_time": 0.001, "lr": 0.0001, "loss": -26.011, "recon_loss": -30.111, "kld_loss": 41.004, "kld_weight": 0.1}
{"message": "", "levelname": "INFO", "name": "Trainer", "asctime": "2026-04-17 03:29:33,439", "type": "train", "epoch": 14, "batch": 7119, "n_batches": 7774, "time": 2.032, "data_time": 0.0, "lr": 0.0001, "loss": -24.532, "recon_loss": -28.833, "kld_loss": 43.011, "kld_weight": 0.1}
{"message": "", "levelname": "INFO", "name": "Trainer", "asctime": "2026-04-17 03:29:58,650", "type": "train", "epoch": 14, "batch": 7199, "n_batches": 7774, "time": 3.191, "data_time": 0.001, "lr": 0.0001, "loss": -32.956, "recon_loss": -37.165, "kld_loss": 42.09, "kld_weight": 0.1}
{"message": "", "levelname": "INFO", "name": "Trainer", "asctime": "2026-04-17 03:30:21,094", "type": "train", "epoch": 14, "batch": 7279, "n_batches": 7774, "time": 2.237, "data_time": 0.001, "lr": 0.0001, "loss": -28.108, "recon_loss": -32.195, "kld_loss": 40.874, "kld_weight": 0.1}
{"message": "", "levelname": "INFO", "name": "Trainer", "asctime": "2026-04-17 03:30:44,182", "type": "train", "epoch": 14, "batch": 7359, "n_batches": 7774, "time": 2.342, "data_time": 0.0, "lr": 0.0001, "loss": -25.104, "recon_loss": -29.267, "kld_loss": 41.63, "kld_weight": 0.1}
{"message": "", "levelname": "INFO", "name": "Trainer", "asctime": "2026-04-17 03:31:10,244", "type": "train", "epoch": 14, "batch": 7439, "n_batches": 7774, "time": 2.719, "data_time": 0.0, "lr": 0.0001, "loss": -25.368, "recon_loss": -29.595, "kld_loss": 42.263, "kld_weight": 0.1}
{"message": "", "levelname": "INFO", "name": "Trainer", "asctime": "2026-04-17 03:31:34,201", "type": "train", "epoch": 14, "batch": 7519, "n_batches": 7774, "time": 1.835, "data_time": 0.0, "lr": 0.0001, "loss": -23.854, "recon_loss": -27.874, "kld_loss": 40.203, "kld_weight": 0.1}
{"message": "", "levelname": "INFO", "name": "Trainer", "asctime": "2026-04-17 03:31:58,607", "type": "train", "epoch": 14, "batch": 7599, "n_batches": 7774, "time": 2.321, "data_time": 0.001, "lr": 0.0001, "loss": -22.407, "recon_loss": -26.648, "kld_loss": 42.407, "kld_weight": 0.1}
{"message": "", "levelname": "INFO", "name": "Trainer", "asctime": "2026-04-17 03:32:25,659", "type": "train", "epoch": 14, "batch": 7679, "n_batches": 7774, "time": 2.527, "data_time": 0.0, "lr": 0.0001, "loss": -27.142, "recon_loss": -31.348, "kld_loss": 42.06, "kld_weight": 0.1}
{"message": "", "levelname": "INFO", "name": "Trainer", "asctime": "2026-04-17 03:32:52,143", "type": "train", "epoch": 14, "batch": 7759, "n_batches": 7774, "time": 2.66, "data_time": 0.0, "lr": 0.0001, "loss": -24.196, "recon_loss": -28.587, "kld_loss": 43.911, "kld_weight": 0.1}
{"message": "", "levelname": "INFO", "name": "Trainer", "asctime": "2026-04-17 03:32:56,831", "type": "train-epoch", "epoch": 15, "loss": -2.9573, "recon_loss": -3.51625, "kld_loss": 5.58948, "kld_weight": 0.1, "time": 2407.1}
{"message": "", "levelname": "INFO", "name": "Trainer", "asctime": "2026-04-17 03:39:19,318", "type": "val-epoch", "epoch": 15, "loss": -2.983, "test_loss": -0.037, "recon_loss": -3.539, "kld_loss": 5.562, "kld_weight": 0.1, "note": "loss is teacher-forced CVAE objective; test_loss is prior-only reconstruction", "time": 382.5}
{"message": "", "levelname": "INFO", "name": "Trainer", "asctime": "2026-04-17 03:39:45,359", "type": "train", "epoch": 15, "batch": 79, "n_batches": 7774, "time": 2.553, "data_time": 0.001, "lr": 0.0001, "loss": -27.6, "recon_loss": -31.601, "kld_loss": 40.01, "kld_weight": 0.1}
{"message": "", "levelname": "INFO", "name": "Trainer", "asctime": "2026-04-17 03:40:10,834", "type": "train", "epoch": 15, "batch": 159, "n_batches": 7774, "time": 2.186, "data_time": 0.0, "lr": 0.0001, "loss": -20.916, "recon_loss": -25.644, "kld_loss": 47.28, "kld_weight": 0.1}
{"message": "", "levelname": "INFO", "name": "Trainer", "asctime": "2026-04-17 03:40:34,540", "type": "train", "epoch": 15, "batch": 239, "n_batches": 7774, "time": 2.772, "data_time": 0.001, "lr": 0.0001, "loss": -25.589, "recon_loss": -30.382, "kld_loss": 47.929, "kld_weight": 0.1}
{"message": "", "levelname": "INFO", "name": "Trainer", "asctime": "2026-04-17 03:41:00,050", "type": "train", "epoch": 15, "batch": 319, "n_batches": 7774, "time": 1.875, "data_time": 0.0, "lr": 0.0001, "loss": -28.343, "recon_loss": -32.411, "kld_loss": 40.673, "kld_weight": 0.1}
{"message": "", "levelname": "INFO", "name": "Trainer", "asctime": "2026-04-17 03:41:25,973", "type": "train", "epoch": 15, "batch": 399, "n_batches": 7774, "time": 2.575, "data_time": 0.0, "lr": 0.0001, "loss": -27.621, "recon_loss": -32.421, "kld_loss": 48.006, "kld_weight": 0.1}
{"message": "", "levelname": "INFO", "name": "Trainer", "asctime": "2026-04-17 03:41:49,592", "type": "train", "epoch": 15, "batch": 479, "n_batches": 7774, "time": 1.9, "data_time": 0.0, "lr": 0.0001, "loss": -24.306, "recon_loss": -28.387, "kld_loss": 40.806, "kld_weight": 0.1}
{"message": "", "levelname": "INFO", "name": "Trainer", "asctime": "2026-04-17 03:42:13,414", "type": "train", "epoch": 15, "batch": 559, "n_batches": 7774, "time": 2.182, "data_time": 0.001, "lr": 0.0001, "loss": -25.392, "recon_loss": -30.074, "kld_loss": 46.818, "kld_weight": 0.1}
{"message": "", "levelname": "INFO", "name": "Trainer", "asctime": "2026-04-17 03:42:37,898", "type": "train", "epoch": 15, "batch": 639, "n_batches": 7774, "time": 2.381, "data_time": 0.0, "lr": 0.0001, "loss": -27.348, "recon_loss": -32.025, "kld_loss": 46.764, "kld_weight": 0.1}
{"message": "", "levelname": "INFO", "name": "Trainer", "asctime": "2026-04-17 03:42:58,503", "type": "train", "epoch": 15, "batch": 719, "n_batches": 7774, "time": 1.836, "data_time": 0.0, "lr": 0.0001, "loss": -27.005, "recon_loss": -31.701, "kld_loss": 46.96, "kld_weight": 0.1}
{"message": "", "levelname": "INFO", "name": "Trainer", "asctime": "2026-04-17 03:43:23,115", "type": "train", "epoch": 15, "batch": 799, "n_batches": 7774, "time": 2.243, "data_time": 0.001, "lr": 0.0001, "loss": -29.26, "recon_loss": -33.708, "kld_loss": 44.483, "kld_weight": 0.1}
{"message": "", "levelname": "INFO", "name": "Trainer", "asctime": "2026-04-17 03:43:47,736", "type": "train", "epoch": 15, "batch": 879, "n_batches": 7774, "time": 2.866, "data_time": 0.001, "lr": 0.0001, "loss": -24.848, "recon_loss": -29.13, "kld_loss": 42.82, "kld_weight": 0.1}
{"message": "", "levelname": "INFO", "name": "Trainer", "asctime": "2026-04-17 03:44:12,636", "type": "train", "epoch": 15, "batch": 959, "n_batches": 7774, "time": 3.091, "data_time": 0.001, "lr": 0.0001, "loss": -24.746, "recon_loss": -29.634, "kld_loss": 48.881, "kld_weight": 0.1}
{"message": "", "levelname": "INFO", "name": "Trainer", "asctime": "2026-04-17 03:44:38,042", "type": "train", "epoch": 15, "batch": 1039, "n_batches": 7774, "time": 3.025, "data_time": 0.001, "lr": 0.0001, "loss": -21.853, "recon_loss": -26.38, "kld_loss": 45.267, "kld_weight": 0.1}
{"message": "", "levelname": "INFO", "name": "Trainer", "asctime": "2026-04-17 03:45:01,616", "type": "train", "epoch": 15, "batch": 1119, "n_batches": 7774, "time": 2.138, "data_time": 0.0, "lr": 0.0001, "loss": -21.407, "recon_loss": -26.189, "kld_loss": 47.823, "kld_weight": 0.1}
{"message": "", "levelname": "INFO", "name": "Trainer", "asctime": "2026-04-17 03:45:25,238", "type": "train", "epoch": 15, "batch": 1199, "n_batches": 7774, "time": 2.903, "data_time": 0.001, "lr": 0.0001, "loss": -20.907, "recon_loss": -25.349, "kld_loss": 44.421, "kld_weight": 0.1}
{"message": "", "levelname": "INFO", "name": "Trainer", "asctime": "2026-04-17 03:45:50,137", "type": "train", "epoch": 15, "batch": 1279, "n_batches": 7774, "time": 3.076, "data_time": 0.001, "lr": 0.0001, "loss": -24.775, "recon_loss": -29.016, "kld_loss": 42.412, "kld_weight": 0.1}
{"message": "", "levelname": "INFO", "name": "Trainer", "asctime": "2026-04-17 03:46:12,868", "type": "train", "epoch": 15, "batch": 1359, "n_batches": 7774, "time": 2.333, "data_time": 0.001, "lr": 0.0001, "loss": -23.873, "recon_loss": -28.064, "kld_loss": 41.911, "kld_weight": 0.1}
{"message": "", "levelname": "INFO", "name": "Trainer", "asctime": "2026-04-17 03:46:37,781", "type": "train", "epoch": 15, "batch": 1439, "n_batches": 7774, "time": 1.776, "data_time": 0.001, "lr": 0.0001, "loss": -26.251, "recon_loss": -31.23, "kld_loss": 49.798, "kld_weight": 0.1}
{"message": "", "levelname": "INFO", "name": "Trainer", "asctime": "2026-04-17 03:47:03,183", "type": "train", "epoch": 15, "batch": 1519, "n_batches": 7774, "time": 2.025, "data_time": 0.0, "lr": 0.0001, "loss": -24.244, "recon_loss": -28.435, "kld_loss": 41.911, "kld_weight": 0.1}
{"message": "", "levelname": "INFO", "name": "Trainer", "asctime": "2026-04-17 03:47:28,243", "type": "train", "epoch": 15, "batch": 1599, "n_batches": 7774, "time": 2.455, "data_time": 0.001, "lr": 0.0001, "loss": -21.809, "recon_loss": -26.662, "kld_loss": 48.529, "kld_weight": 0.1}
{"message": "", "levelname": "INFO", "name": "Trainer", "asctime": "2026-04-17 03:47:51,877", "type": "train", "epoch": 15, "batch": 1679, "n_batches": 7774, "time": 2.152, "data_time": 0.0, "lr": 0.0001, "loss": -22.716, "recon_loss": -27.331, "kld_loss": 46.152, "kld_weight": 0.1}
{"message": "", "levelname": "INFO", "name": "Trainer", "asctime": "2026-04-17 03:48:17,132", "type": "train", "epoch": 15, "batch": 1759, "n_batches": 7774, "time": 2.576, "data_time": 0.001, "lr": 0.0001, "loss": -22.587, "recon_loss": -27.14, "kld_loss": 45.524, "kld_weight": 0.1}
{"message": "", "levelname": "INFO", "name": "Trainer", "asctime": "2026-04-17 03:48:41,444", "type": "train", "epoch": 15, "batch": 1839, "n_batches": 7774, "time": 1.832, "data_time": 0.001, "lr": 0.0001, "loss": -23.659, "recon_loss": -28.471, "kld_loss": 48.124, "kld_weight": 0.1}
{"message": "", "levelname": "INFO", "name": "Trainer", "asctime": "2026-04-17 03:49:07,821", "type": "train", "epoch": 15, "batch": 1919, "n_batches": 7774, "time": 3.532, "data_time": 0.0, "lr": 0.0001, "loss": -25.829, "recon_loss": -30.223, "kld_loss": 43.942, "kld_weight": 0.1}
{"message": "", "levelname": "INFO", "name": "Trainer", "asctime": "2026-04-17 03:49:33,949", "type": "train", "epoch": 15, "batch": 1999, "n_batches": 7774, "time": 2.843, "data_time": 0.001, "lr": 0.0001, "loss": -23.704, "recon_loss": -28.142, "kld_loss": 44.384, "kld_weight": 0.1}
{"message": "", "levelname": "INFO", "name": "Trainer", "asctime": "2026-04-17 03:49:58,797", "type": "train", "epoch": 15, "batch": 2079, "n_batches": 7774, "time": 2.614, "data_time": 0.001, "lr": 0.0001, "loss": -23.734, "recon_loss": -28.691, "kld_loss": 49.57, "kld_weight": 0.1}
{"message": "", "levelname": "INFO", "name": "Trainer", "asctime": "2026-04-17 03:50:25,499", "type": "train", "epoch": 15, "batch": 2159, "n_batches": 7774, "time": 2.983, "data_time": 0.0, "lr": 0.0001, "loss": -22.786, "recon_loss": -26.963, "kld_loss": 41.776, "kld_weight": 0.1}
{"message": "", "levelname": "INFO", "name": "Trainer", "asctime": "2026-04-17 03:50:50,418", "type": "train", "epoch": 15, "batch": 2239, "n_batches": 7774, "time": 2.295, "data_time": 0.0, "lr": 0.0001, "loss": -29.083, "recon_loss": -33.088, "kld_loss": 40.052, "kld_weight": 0.1}
{"message": "", "levelname": "INFO", "name": "Trainer", "asctime": "2026-04-17 03:51:14,084", "type": "train", "epoch": 15, "batch": 2319, "n_batches": 7774, "time": 2.413, "data_time": 0.001, "lr": 0.0001, "loss": -22.136, "recon_loss": -26.292, "kld_loss": 41.561, "kld_weight": 0.1}
{"message": "", "levelname": "INFO", "name": "Trainer", "asctime": "2026-04-17 03:51:39,873", "type": "train", "epoch": 15, "batch": 2399, "n_batches": 7774, "time": 3.27, "data_time": 0.001, "lr": 0.0001, "loss": -14.193, "recon_loss": -19.363, "kld_loss": 51.694, "kld_weight": 0.1}
{"message": "", "levelname": "INFO", "name": "Trainer", "asctime": "2026-04-17 03:52:04,638", "type": "train", "epoch": 15, "batch": 2479, "n_batches": 7774, "time": 2.597, "data_time": 0.001, "lr": 0.0001, "loss": -24.081, "recon_loss": -28.528, "kld_loss": 44.477, "kld_weight": 0.1}
{"message": "", "levelname": "INFO", "name": "Trainer", "asctime": "2026-04-17 03:52:29,047", "type": "train", "epoch": 15, "batch": 2559, "n_batches": 7774, "time": 1.774, "data_time": 0.0, "lr": 0.0001, "loss": -25.018, "recon_loss": -29.296, "kld_loss": 42.777, "kld_weight": 0.1}
{"message": "", "levelname": "INFO", "name": "Trainer", "asctime": "2026-04-17 03:52:53,765", "type": "train", "epoch": 15, "batch": 2639, "n_batches": 7774, "time": 2.62, "data_time": 0.0, "lr": 0.0001, "loss": -23.735, "recon_loss": -28.167, "kld_loss": 44.317, "kld_weight": 0.1}
{"message": "", "levelname": "INFO", "name": "Trainer", "asctime": "2026-04-17 03:53:19,298", "type": "train", "epoch": 15, "batch": 2719, "n_batches": 7774, "time": 2.827, "data_time": 0.0, "lr": 0.0001, "loss": -23.01, "recon_loss": -27.497, "kld_loss": 44.874, "kld_weight": 0.1}
{"message": "", "levelname": "INFO", "name": "Trainer", "asctime": "2026-04-17 03:53:44,472", "type": "train", "epoch": 15, "batch": 2799, "n_batches": 7774, "time": 3.049, "data_time": 0.001, "lr": 0.0001, "loss": -15.784, "recon_loss": -22.537, "kld_loss": 67.521, "kld_weight": 0.1}
{"message": "", "levelname": "INFO", "name": "Trainer", "asctime": "2026-04-17 03:54:08,564", "type": "train", "epoch": 15, "batch": 2879, "n_batches": 7774, "time": 2.747, "data_time": 0.0, "lr": 0.0001, "loss": -21.763, "recon_loss": -25.973, "kld_loss": 42.097, "kld_weight": 0.1}
{"message": "", "levelname": "INFO", "name": "Trainer", "asctime": "2026-04-17 03:54:34,555", "type": "train", "epoch": 15, "batch": 2959, "n_batches": 7774, "time": 3.408, "data_time": 0.001, "lr": 0.0001, "loss": -23.038, "recon_loss": -27.236, "kld_loss": 41.979, "kld_weight": 0.1}
{"message": "", "levelname": "INFO", "name": "Trainer", "asctime": "2026-04-17 03:55:00,648", "type": "train", "epoch": 15, "batch": 3039, "n_batches": 7774, "time": 2.871, "data_time": 0.001, "lr": 0.0001, "loss": -24.275, "recon_loss": -28.78, "kld_loss": 45.042, "kld_weight": 0.1}
{"message": "", "levelname": "INFO", "name": "Trainer", "asctime": "2026-04-17 03:55:25,591", "type": "train", "epoch": 15, "batch": 3119, "n_batches": 7774, "time": 2.799, "data_time": 0.001, "lr": 0.0001, "loss": -21.876, "recon_loss": -26.984, "kld_loss": 51.088, "kld_weight": 0.1}
{"message": "", "levelname": "INFO", "name": "Trainer", "asctime": "2026-04-17 03:55:48,470", "type": "train", "epoch": 15, "batch": 3199, "n_batches": 7774, "time": 1.67, "data_time": 0.001, "lr": 0.0001, "loss": -27.696, "recon_loss": -31.674, "kld_loss": 39.78, "kld_weight": 0.1}
{"message": "", "levelname": "INFO", "name": "Trainer", "asctime": "2026-04-17 03:56:13,439", "type": "train", "epoch": 15, "batch": 3279, "n_batches": 7774, "time": 2.096, "data_time": 0.001, "lr": 0.0001, "loss": -24.81, "recon_loss": -29.305, "kld_loss": 44.95, "kld_weight": 0.1}
{"message": "", "levelname": "INFO", "name": "Trainer", "asctime": "2026-04-17 03:56:37,898", "type": "train", "epoch": 15, "batch": 3359, "n_batches": 7774, "time": 2.929, "data_time": 0.001, "lr": 0.0001, "loss": -22.911, "recon_loss": -27.174, "kld_loss": 42.629, "kld_weight": 0.1}
{"message": "", "levelname": "INFO", "name": "Trainer", "asctime": "2026-04-17 03:57:03,168", "type": "train", "epoch": 15, "batch": 3439, "n_batches": 7774, "time": 2.094, "data_time": 0.001, "lr": 0.0001, "loss": -15.17, "recon_loss": -20.311, "kld_loss": 51.404, "kld_weight": 0.1}
{"message": "", "levelname": "INFO", "name": "Trainer", "asctime": "2026-04-17 03:57:27,731", "type": "train", "epoch": 15, "batch": 3519, "n_batches": 7774, "time": 2.427, "data_time": 0.0, "lr": 0.0001, "loss": -23.901, "recon_loss": -28.343, "kld_loss": 44.414, "kld_weight": 0.1}
{"message": "", "levelname": "INFO", "name": "Trainer", "asctime": "2026-04-17 03:57:52,446", "type": "train", "epoch": 15, "batch": 3599, "n_batches": 7774, "time": 2.865, "data_time": 0.001, "lr": 0.0001, "loss": -29.105, "recon_loss": -33.611, "kld_loss": 45.052, "kld_weight": 0.1}
{"message": "", "levelname": "INFO", "name": "Trainer", "asctime": "2026-04-17 03:58:17,457", "type": "train", "epoch": 15, "batch": 3679, "n_batches": 7774, "time": 2.999, "data_time": 0.001, "lr": 0.0001, "loss": -26.771, "recon_loss": -31.226, "kld_loss": 44.552, "kld_weight": 0.1}
{"message": "", "levelname": "INFO", "name": "Trainer", "asctime": "2026-04-17 03:58:41,479", "type": "train", "epoch": 15, "batch": 3759, "n_batches": 7774, "time": 2.565, "data_time": 0.001, "lr": 0.0001, "loss": -24.912, "recon_loss": -30.413, "kld_loss": 55.011, "kld_weight": 0.1}
{"message": "", "levelname": "INFO", "name": "Trainer", "asctime": "2026-04-17 03:59:07,671", "type": "train", "epoch": 15, "batch": 3839, "n_batches": 7774, "time": 2.708, "data_time": 0.001, "lr": 0.0001, "loss": -24.353, "recon_loss": -28.748, "kld_loss": 43.949, "kld_weight": 0.1}
{"message": "", "levelname": "INFO", "name": "Trainer", "asctime": "2026-04-17 03:59:31,256", "type": "train", "epoch": 15, "batch": 3919, "n_batches": 7774, "time": 1.886, "data_time": 0.001, "lr": 0.0001, "loss": -23.195, "recon_loss": -28.502, "kld_loss": 53.078, "kld_weight": 0.1}
{"message": "", "levelname": "INFO", "name": "Trainer", "asctime": "2026-04-17 03:59:55,543", "type": "train", "epoch": 15, "batch": 3999, "n_batches": 7774, "time": 2.859, "data_time": 0.001, "lr": 0.0001, "loss": -19.368, "recon_loss": -24.199, "kld_loss": 48.304, "kld_weight": 0.1}
{"message": "", "levelname": "INFO", "name": "Trainer", "asctime": "2026-04-17 04:00:18,058", "type": "train", "epoch": 15, "batch": 4079, "n_batches": 7774, "time": 1.551, "data_time": 0.0, "lr": 0.0001, "loss": -22.478, "recon_loss": -26.514, "kld_loss": 40.367, "kld_weight": 0.1}
{"message": "", "levelname": "INFO", "name": "Trainer", "asctime": "2026-04-17 04:00:44,577", "type": "train", "epoch": 15, "batch": 4159, "n_batches": 7774, "time": 2.274, "data_time": 0.0, "lr": 0.0001, "loss": -22.083, "recon_loss": -26.49, "kld_loss": 44.062, "kld_weight": 0.1}
{"message": "", "levelname": "INFO", "name": "Trainer", "asctime": "2026-04-17 04:01:07,914", "type": "train", "epoch": 15, "batch": 4239, "n_batches": 7774, "time": 2.229, "data_time": 0.0, "lr": 0.0001, "loss": -25.429, "recon_loss": -29.835, "kld_loss": 44.058, "kld_weight": 0.1}
{"message": "", "levelname": "INFO", "name": "Trainer", "asctime": "2026-04-17 04:01:34,033", "type": "train", "epoch": 15, "batch": 4319, "n_batches": 7774, "time": 2.853, "data_time": 0.001, "lr": 0.0001, "loss": -26.033, "recon_loss": -30.24, "kld_loss": 42.066, "kld_weight": 0.1}
{"message": "", "levelname": "INFO", "name": "Trainer", "asctime": "2026-04-17 04:01:58,381", "type": "train", "epoch": 15, "batch": 4399, "n_batches": 7774, "time": 2.482, "data_time": 0.001, "lr": 0.0001, "loss": -18.919, "recon_loss": -22.927, "kld_loss": 40.081, "kld_weight": 0.1}
{"message": "", "levelname": "INFO", "name": "Trainer", "asctime": "2026-04-17 04:02:22,604", "type": "train", "epoch": 15, "batch": 4479, "n_batches": 7774, "time": 1.94, "data_time": 0.001, "lr": 0.0001, "loss": -31.629, "recon_loss": -35.958, "kld_loss": 43.29, "kld_weight": 0.1}
{"message": "", "levelname": "INFO", "name": "Trainer", "asctime": "2026-04-17 04:02:48,290", "type": "train", "epoch": 15, "batch": 4559, "n_batches": 7774, "time": 3.1, "data_time": 0.001, "lr": 0.0001, "loss": -18.915, "recon_loss": -24.107, "kld_loss": 51.914, "kld_weight": 0.1}
{"message": "", "levelname": "INFO", "name": "Trainer", "asctime": "2026-04-17 04:03:15,207", "type": "train", "epoch": 15, "batch": 4639, "n_batches": 7774, "time": 3.097, "data_time": 0.001, "lr": 0.0001, "loss": -21.263, "recon_loss": -25.614, "kld_loss": 43.517, "kld_weight": 0.1}
{"message": "", "levelname": "INFO", "name": "Trainer", "asctime": "2026-04-17 04:03:40,006", "type": "train", "epoch": 15, "batch": 4719, "n_batches": 7774, "time": 2.284, "data_time": 0.001, "lr": 0.0001, "loss": -26.97, "recon_loss": -31.15, "kld_loss": 41.798, "kld_weight": 0.1}
{"message": "", "levelname": "INFO", "name": "Trainer", "asctime": "2026-04-17 04:04:05,826", "type": "train", "epoch": 15, "batch": 4799, "n_batches": 7774, "time": 2.3, "data_time": 0.001, "lr": 0.0001, "loss": -24.418, "recon_loss": -28.701, "kld_loss": 42.827, "kld_weight": 0.1}
{"message": "", "levelname": "INFO", "name": "Trainer", "asctime": "2026-04-17 04:04:34,083", "type": "train", "epoch": 15, "batch": 4879, "n_batches": 7774, "time": 2.884, "data_time": 0.001, "lr": 0.0001, "loss": -22.457, "recon_loss": -27.02, "kld_loss": 45.631, "kld_weight": 0.1}
{"message": "", "levelname": "INFO", "name": "Trainer", "asctime": "2026-04-17 04:04:58,691", "type": "train", "epoch": 15, "batch": 4959, "n_batches": 7774, "time": 2.507, "data_time": 0.001, "lr": 0.0001, "loss": -22.464, "recon_loss": -27.112, "kld_loss": 46.477, "kld_weight": 0.1}
{"message": "", "levelname": "INFO", "name": "Trainer", "asctime": "2026-04-17 04:05:24,594", "type": "train", "epoch": 15, "batch": 5039, "n_batches": 7774, "time": 1.772, "data_time": 0.0, "lr": 0.0001, "loss": -25.438, "recon_loss": -29.624, "kld_loss": 41.859, "kld_weight": 0.1}
{"message": "", "levelname": "INFO", "name": "Trainer", "asctime": "2026-04-17 04:05:48,017", "type": "train", "epoch": 15, "batch": 5119, "n_batches": 7774, "time": 1.836, "data_time": 0.0, "lr": 0.0001, "loss": -27.099, "recon_loss": -31.837, "kld_loss": 47.385, "kld_weight": 0.1}
{"message": "", "levelname": "INFO", "name": "Trainer", "asctime": "2026-04-17 04:06:12,886", "type": "train", "epoch": 15, "batch": 5199, "n_batches": 7774, "time": 2.392, "data_time": 0.0, "lr": 0.0001, "loss": -22.655, "recon_loss": -27.356, "kld_loss": 47.012, "kld_weight": 0.1}
{"message": "", "levelname": "INFO", "name": "Trainer", "asctime": "2026-04-17 04:06:36,372", "type": "train", "epoch": 15, "batch": 5279, "n_batches": 7774, "time": 2.219, "data_time": 0.0, "lr": 0.0001, "loss": -21.378, "recon_loss": -25.874, "kld_loss": 44.959, "kld_weight": 0.1}
{"message": "", "levelname": "INFO", "name": "Trainer", "asctime": "2026-04-17 04:07:00,040", "type": "train", "epoch": 15, "batch": 5359, "n_batches": 7774, "time": 1.955, "data_time": 0.0, "lr": 0.0001, "loss": -25.752, "recon_loss": -30.279, "kld_loss": 45.273, "kld_weight": 0.1}
{"message": "", "levelname": "INFO", "name": "Trainer", "asctime": "2026-04-17 04:07:27,450", "type": "train", "epoch": 15, "batch": 5439, "n_batches": 7774, "time": 3.223, "data_time": 0.001, "lr": 0.0001, "loss": -28.354, "recon_loss": -32.974, "kld_loss": 46.194, "kld_weight": 0.1}
{"message": "", "levelname": "INFO", "name": "Trainer", "asctime": "2026-04-17 04:07:53,669", "type": "train", "epoch": 15, "batch": 5519, "n_batches": 7774, "time": 2.705, "data_time": 0.001, "lr": 0.0001, "loss": -17.235, "recon_loss": -22.073, "kld_loss": 48.38, "kld_weight": 0.1}
{"message": "", "levelname": "INFO", "name": "Trainer", "asctime": "2026-04-17 04:08:17,575", "type": "train", "epoch": 15, "batch": 5599, "n_batches": 7774, "time": 2.167, "data_time": 0.0, "lr": 0.0001, "loss": -29.743, "recon_loss": -33.778, "kld_loss": 40.349, "kld_weight": 0.1}
{"message": "", "levelname": "INFO", "name": "Trainer", "asctime": "2026-04-17 04:08:44,070", "type": "train", "epoch": 15, "batch": 5679, "n_batches": 7774, "time": 3.166, "data_time": 0.001, "lr": 0.0001, "loss": -19.665, "recon_loss": -24.257, "kld_loss": 45.919, "kld_weight": 0.1}
{"message": "", "levelname": "INFO", "name": "Trainer", "asctime": "2026-04-17 04:09:07,103", "type": "train", "epoch": 15, "batch": 5759, "n_batches": 7774, "time": 1.742, "data_time": 0.0, "lr": 0.0001, "loss": -22.009, "recon_loss": -26.974, "kld_loss": 49.642, "kld_weight": 0.1}
{"message": "", "levelname": "INFO", "name": "Trainer", "asctime": "2026-04-17 04:09:30,206", "type": "train", "epoch": 15, "batch": 5839, "n_batches": 7774, "time": 2.151, "data_time": 0.0, "lr": 0.0001, "loss": -26.715, "recon_loss": -31.051, "kld_loss": 43.359, "kld_weight": 0.1}
{"message": "", "levelname": "INFO", "name": "Trainer", "asctime": "2026-04-17 04:09:55,438", "type": "train", "epoch": 15, "batch": 5919, "n_batches": 7774, "time": 3.001, "data_time": 0.001, "lr": 0.0001, "loss": -20.068, "recon_loss": -24.659, "kld_loss": 45.911, "kld_weight": 0.1}
{"message": "", "levelname": "INFO", "name": "Trainer", "asctime": "2026-04-17 04:10:20,963", "type": "train", "epoch": 15, "batch": 5999, "n_batches": 7774, "time": 2.79, "data_time": 0.001, "lr": 0.0001, "loss": -22.017, "recon_loss": -26.153, "kld_loss": 41.356, "kld_weight": 0.1}
{"message": "", "levelname": "INFO", "name": "Trainer", "asctime": "2026-04-17 04:10:46,542", "type": "train", "epoch": 15, "batch": 6079, "n_batches": 7774, "time": 3.02, "data_time": 0.001, "lr": 0.0001, "loss": -21.225, "recon_loss": -25.778, "kld_loss": 45.533, "kld_weight": 0.1}
{"message": "", "levelname": "INFO", "name": "Trainer", "asctime": "2026-04-17 04:11:11,909", "type": "train", "epoch": 15, "batch": 6159, "n_batches": 7774, "time": 2.334, "data_time": 0.001, "lr": 0.0001, "loss": -25.777, "recon_loss": -30.162, "kld_loss": 43.85, "kld_weight": 0.1}
{"message": "", "levelname": "INFO", "name": "Trainer", "asctime": "2026-04-17 04:11:34,544", "type": "train", "epoch": 15, "batch": 6239, "n_batches": 7774, "time": 2.689, "data_time": 0.001, "lr": 0.0001, "loss": -25.842, "recon_loss": -30.186, "kld_loss": 43.448, "kld_weight": 0.1}
{"message": "", "levelname": "INFO", "name": "Trainer", "asctime": "2026-04-17 04:11:56,375", "type": "train", "epoch": 15, "batch": 6319, "n_batches": 7774, "time": 2.156, "data_time": 0.001, "lr": 0.0001, "loss": -26.834, "recon_loss": -31.317, "kld_loss": 44.834, "kld_weight": 0.1}
{"message": "", "levelname": "INFO", "name": "Trainer", "asctime": "2026-04-17 04:12:20,747", "type": "train", "epoch": 15, "batch": 6399, "n_batches": 7774, "time": 2.304, "data_time": 0.0, "lr": 0.0001, "loss": -17.988, "recon_loss": -23.569, "kld_loss": 55.817, "kld_weight": 0.1}
{"message": "", "levelname": "INFO", "name": "Trainer", "asctime": "2026-04-17 04:12:46,066", "type": "train", "epoch": 15, "batch": 6479, "n_batches": 7774, "time": 2.268, "data_time": 0.001, "lr": 0.0001, "loss": -26.394, "recon_loss": -30.659, "kld_loss": 42.645, "kld_weight": 0.1}
{"message": "", "levelname": "INFO", "name": "Trainer", "asctime": "2026-04-17 04:13:14,573", "type": "train", "epoch": 15, "batch": 6559, "n_batches": 7774, "time": 3.369, "data_time": 0.001, "lr": 0.0001, "loss": -24.868, "recon_loss": -29.406, "kld_loss": 45.389, "kld_weight": 0.1}
{"message": "", "levelname": "INFO", "name": "Trainer", "asctime": "2026-04-17 04:13:38,966", "type": "train", "epoch": 15, "batch": 6639, "n_batches": 7774, "time": 2.585, "data_time": 0.0, "lr": 0.0001, "loss": -21.848, "recon_loss": -26.638, "kld_loss": 47.9, "kld_weight": 0.1}
{"message": "", "levelname": "INFO", "name": "Trainer", "asctime": "2026-04-17 04:14:03,355", "type": "train", "epoch": 15, "batch": 6719, "n_batches": 7774, "time": 1.88, "data_time": 0.001, "lr": 0.0001, "loss": -22.219, "recon_loss": -26.644, "kld_loss": 44.256, "kld_weight": 0.1}
{"message": "", "levelname": "INFO", "name": "Trainer", "asctime": "2026-04-17 04:14:29,394", "type": "train", "epoch": 15, "batch": 6799, "n_batches": 7774, "time": 2.879, "data_time": 0.001, "lr": 0.0001, "loss": -21.082, "recon_loss": -25.627, "kld_loss": 45.447, "kld_weight": 0.1}
{"message": "", "levelname": "INFO", "name": "Trainer", "asctime": "2026-04-17 04:14:55,315", "type": "train", "epoch": 15, "batch": 6879, "n_batches": 7774, "time": 2.424, "data_time": 0.0, "lr": 0.0001, "loss": -25.073, "recon_loss": -29.323, "kld_loss": 42.499, "kld_weight": 0.1}
{"message": "", "levelname": "INFO", "name": "Trainer", "asctime": "2026-04-17 04:15:19,251", "type": "train", "epoch": 15, "batch": 6959, "n_batches": 7774, "time": 2.231, "data_time": 0.0, "lr": 0.0001, "loss": -23.463, "recon_loss": -27.667, "kld_loss": 42.045, "kld_weight": 0.1}
{"message": "", "levelname": "INFO", "name": "Trainer", "asctime": "2026-04-17 04:15:42,066", "type": "train", "epoch": 15, "batch": 7039, "n_batches": 7774, "time": 1.758, "data_time": 0.0, "lr": 0.0001, "loss": -27.511, "recon_loss": -31.777, "kld_loss": 42.653, "kld_weight": 0.1}
{"message": "", "levelname": "INFO", "name": "Trainer", "asctime": "2026-04-17 04:16:06,335", "type": "train", "epoch": 15, "batch": 7119, "n_batches": 7774, "time": 2.381, "data_time": 0.0, "lr": 0.0001, "loss": -28.726, "recon_loss": -33.124, "kld_loss": 43.981, "kld_weight": 0.1}
{"message": "", "levelname": "INFO", "name": "Trainer", "asctime": "2026-04-17 04:16:31,331", "type": "train", "epoch": 15, "batch": 7199, "n_batches": 7774, "time": 2.675, "data_time": 0.0, "lr": 0.0001, "loss": -21.26, "recon_loss": -25.277, "kld_loss": 40.165, "kld_weight": 0.1}
{"message": "", "levelname": "INFO", "name": "Trainer", "asctime": "2026-04-17 04:16:57,395", "type": "train", "epoch": 15, "batch": 7279, "n_batches": 7774, "time": 2.978, "data_time": 0.001, "lr": 0.0001, "loss": -18.355, "recon_loss": -23.282, "kld_loss": 49.268, "kld_weight": 0.1}
{"message": "", "levelname": "INFO", "name": "Trainer", "asctime": "2026-04-17 04:17:20,826", "type": "train", "epoch": 15, "batch": 7359, "n_batches": 7774, "time": 2.705, "data_time": 0.001, "lr": 0.0001, "loss": -28.482, "recon_loss": -32.956, "kld_loss": 44.742, "kld_weight": 0.1}
{"message": "", "levelname": "INFO", "name": "Trainer", "asctime": "2026-04-17 04:17:46,915", "type": "train", "epoch": 15, "batch": 7439, "n_batches": 7774, "time": 2.694, "data_time": 0.001, "lr": 0.0001, "loss": -26.485, "recon_loss": -30.831, "kld_loss": 43.463, "kld_weight": 0.1}
{"message": "", "levelname": "INFO", "name": "Trainer", "asctime": "2026-04-17 04:18:11,200", "type": "train", "epoch": 15, "batch": 7519, "n_batches": 7774, "time": 1.555, "data_time": 0.001, "lr": 0.0001, "loss": -20.035, "recon_loss": -24.766, "kld_loss": 47.308, "kld_weight": 0.1}
{"message": "", "levelname": "INFO", "name": "Trainer", "asctime": "2026-04-17 04:18:34,323", "type": "train", "epoch": 15, "batch": 7599, "n_batches": 7774, "time": 2.31, "data_time": 0.0, "lr": 0.0001, "loss": -27.68, "recon_loss": -31.735, "kld_loss": 40.549, "kld_weight": 0.1}
{"message": "", "levelname": "INFO", "name": "Trainer", "asctime": "2026-04-17 04:18:58,498", "type": "train", "epoch": 15, "batch": 7679, "n_batches": 7774, "time": 2.32, "data_time": 0.0, "lr": 0.0001, "loss": -27.365, "recon_loss": -31.489, "kld_loss": 41.241, "kld_weight": 0.1}
{"message": "", "levelname": "INFO", "name": "Trainer", "asctime": "2026-04-17 04:19:23,688", "type": "train", "epoch": 15, "batch": 7759, "n_batches": 7774, "time": 2.731, "data_time": 0.001, "lr": 0.0001, "loss": -23.978, "recon_loss": -28.282, "kld_loss": 43.042, "kld_weight": 0.1}
{"message": "", "levelname": "INFO", "name": "Trainer", "asctime": "2026-04-17 04:19:27,566", "type": "train-epoch", "epoch": 16, "loss": -2.9629, "recon_loss": -3.52618, "kld_loss": 5.63277, "kld_weight": 0.1, "time": 2408.2}
{"message": "", "levelname": "INFO", "name": "Trainer", "asctime": "2026-04-17 04:25:49,967", "type": "val-epoch", "epoch": 16, "loss": -2.979, "test_loss": 0.011, "recon_loss": -3.541, "kld_loss": 5.622, "kld_weight": 0.1, "note": "loss is teacher-forced CVAE objective; test_loss is prior-only reconstruction", "time": 382.4}
{"message": "", "levelname": "INFO", "name": "Trainer", "asctime": "2026-04-17 04:26:14,964", "type": "train", "epoch": 16, "batch": 79, "n_batches": 7774, "time": 2.439, "data_time": 0.001, "lr": 0.0001, "loss": -27.274, "recon_loss": -31.957, "kld_loss": 46.832, "kld_weight": 0.1}
{"message": "", "levelname": "INFO", "name": "Trainer", "asctime": "2026-04-17 04:26:38,122", "type": "train", "epoch": 16, "batch": 159, "n_batches": 7774, "time": 2.188, "data_time": 0.0, "lr": 0.0001, "loss": -19.123, "recon_loss": -24.256, "kld_loss": 51.322, "kld_weight": 0.1}
{"message": "", "levelname": "INFO", "name": "Trainer", "asctime": "2026-04-17 04:27:03,562", "type": "train", "epoch": 16, "batch": 239, "n_batches": 7774, "time": 2.347, "data_time": 0.0, "lr": 0.0001, "loss": -23.399, "recon_loss": -27.928, "kld_loss": 45.284, "kld_weight": 0.1}
{"message": "", "levelname": "INFO", "name": "Trainer", "asctime": "2026-04-17 04:27:28,017", "type": "train", "epoch": 16, "batch": 319, "n_batches": 7774, "time": 2.037, "data_time": 0.0, "lr": 0.0001, "loss": -23.807, "recon_loss": -28.374, "kld_loss": 45.672, "kld_weight": 0.1}
{"message": "", "levelname": "INFO", "name": "Trainer", "asctime": "2026-04-17 04:27:52,098", "type": "train", "epoch": 16, "batch": 399, "n_batches": 7774, "time": 2.779, "data_time": 0.001, "lr": 0.0001, "loss": -28.071, "recon_loss": -32.387, "kld_loss": 43.162, "kld_weight": 0.1}
{"message": "", "levelname": "INFO", "name": "Trainer", "asctime": "2026-04-17 04:28:16,104", "type": "train", "epoch": 16, "batch": 479, "n_batches": 7774, "time": 1.911, "data_time": 0.001, "lr": 0.0001, "loss": -20.628, "recon_loss": -25.094, "kld_loss": 44.661, "kld_weight": 0.1}
{"message": "", "levelname": "INFO", "name": "Trainer", "asctime": "2026-04-17 04:28:42,064", "type": "train", "epoch": 16, "batch": 559, "n_batches": 7774, "time": 2.368, "data_time": 0.0, "lr": 0.0001, "loss": -23.765, "recon_loss": -27.947, "kld_loss": 41.817, "kld_weight": 0.1}
{"message": "", "levelname": "INFO", "name": "Trainer", "asctime": "2026-04-17 04:29:06,254", "type": "train", "epoch": 16, "batch": 639, "n_batches": 7774, "time": 2.693, "data_time": 0.0, "lr": 0.0001, "loss": -21.441, "recon_loss": -26.093, "kld_loss": 46.523, "kld_weight": 0.1}
{"message": "", "levelname": "INFO", "name": "Trainer", "asctime": "2026-04-17 04:29:31,583", "type": "train", "epoch": 16, "batch": 719, "n_batches": 7774, "time": 3.131, "data_time": 0.0, "lr": 0.0001, "loss": -17.664, "recon_loss": -22.465, "kld_loss": 48.008, "kld_weight": 0.1}
{"message": "", "levelname": "INFO", "name": "Trainer", "asctime": "2026-04-17 04:29:56,579", "type": "train", "epoch": 16, "batch": 799, "n_batches": 7774, "time": 2.147, "data_time": 0.0, "lr": 0.0001, "loss": -21.676, "recon_loss": -27.316, "kld_loss": 56.406, "kld_weight": 0.1}
{"message": "", "levelname": "INFO", "name": "Trainer", "asctime": "2026-04-17 04:30:19,837", "type": "train", "epoch": 16, "batch": 879, "n_batches": 7774, "time": 1.812, "data_time": 0.001, "lr": 0.0001, "loss": -30.563, "recon_loss": -35.149, "kld_loss": 45.859, "kld_weight": 0.1}
{"message": "", "levelname": "INFO", "name": "Trainer", "asctime": "2026-04-17 04:30:45,933", "type": "train", "epoch": 16, "batch": 959, "n_batches": 7774, "time": 2.536, "data_time": 0.001, "lr": 0.0001, "loss": -25.019, "recon_loss": -29.048, "kld_loss": 40.284, "kld_weight": 0.1}
{"message": "", "levelname": "INFO", "name": "Trainer", "asctime": "2026-04-17 04:31:11,215", "type": "train", "epoch": 16, "batch": 1039, "n_batches": 7774, "time": 2.572, "data_time": 0.001, "lr": 0.0001, "loss": -24.474, "recon_loss": -28.836, "kld_loss": 43.622, "kld_weight": 0.1}
{"message": "", "levelname": "INFO", "name": "Trainer", "asctime": "2026-04-17 04:31:35,688", "type": "train", "epoch": 16, "batch": 1119, "n_batches": 7774, "time": 1.766, "data_time": 0.001, "lr": 0.0001, "loss": -29.91, "recon_loss": -34.059, "kld_loss": 41.491, "kld_weight": 0.1}
{"message": "", "levelname": "INFO", "name": "Trainer", "asctime": "2026-04-17 04:32:00,785", "type": "train", "epoch": 16, "batch": 1199, "n_batches": 7774, "time": 2.724, "data_time": 0.0, "lr": 0.0001, "loss": -26.904, "recon_loss": -31.62, "kld_loss": 47.161, "kld_weight": 0.1}
{"message": "", "levelname": "INFO", "name": "Trainer", "asctime": "2026-04-17 04:32:25,915", "type": "train", "epoch": 16, "batch": 1279, "n_batches": 7774, "time": 3.164, "data_time": 0.001, "lr": 0.0001, "loss": -23.35, "recon_loss": -28.344, "kld_loss": 49.934, "kld_weight": 0.1}
{"message": "", "levelname": "INFO", "name": "Trainer", "asctime": "2026-04-17 04:32:49,879", "type": "train", "epoch": 16, "batch": 1359, "n_batches": 7774, "time": 2.501, "data_time": 0.001, "lr": 0.0001, "loss": -23.838, "recon_loss": -28.467, "kld_loss": 46.292, "kld_weight": 0.1}
{"message": "", "levelname": "INFO", "name": "Trainer", "asctime": "2026-04-17 04:33:15,784", "type": "train", "epoch": 16, "batch": 1439, "n_batches": 7774, "time": 2.661, "data_time": 0.001, "lr": 0.0001, "loss": -34.704, "recon_loss": -39.119, "kld_loss": 44.148, "kld_weight": 0.1}
{"message": "", "levelname": "INFO", "name": "Trainer", "asctime": "2026-04-17 04:33:42,605", "type": "train", "epoch": 16, "batch": 1519, "n_batches": 7774, "time": 3.096, "data_time": 0.001, "lr": 0.0001, "loss": -26.839, "recon_loss": -31.198, "kld_loss": 43.595, "kld_weight": 0.1}
{"message": "", "levelname": "INFO", "name": "Trainer", "asctime": "2026-04-17 04:34:06,385", "type": "train", "epoch": 16, "batch": 1599, "n_batches": 7774, "time": 2.753, "data_time": 0.001, "lr": 0.0001, "loss": -26.736, "recon_loss": -31.353, "kld_loss": 46.17, "kld_weight": 0.1}
{"message": "", "levelname": "INFO", "name": "Trainer", "asctime": "2026-04-17 04:34:31,105", "type": "train", "epoch": 16, "batch": 1679, "n_batches": 7774, "time": 2.62, "data_time": 0.001, "lr": 0.0001, "loss": -18.369, "recon_loss": -23.129, "kld_loss": 47.597, "kld_weight": 0.1}
{"message": "", "levelname": "INFO", "name": "Trainer", "asctime": "2026-04-17 04:34:54,468", "type": "train", "epoch": 16, "batch": 1759, "n_batches": 7774, "time": 2.81, "data_time": 0.001, "lr": 0.0001, "loss": -21.741, "recon_loss": -26.358, "kld_loss": 46.171, "kld_weight": 0.1}
{"message": "", "levelname": "INFO", "name": "Trainer", "asctime": "2026-04-17 04:35:19,435", "type": "train", "epoch": 16, "batch": 1839, "n_batches": 7774, "time": 2.497, "data_time": 0.001, "lr": 0.0001, "loss": -24.474, "recon_loss": -28.789, "kld_loss": 43.156, "kld_weight": 0.1}
{"message": "", "levelname": "INFO", "name": "Trainer", "asctime": "2026-04-17 04:35:44,426", "type": "train", "epoch": 16, "batch": 1919, "n_batches": 7774, "time": 2.241, "data_time": 0.001, "lr": 0.0001, "loss": -18.3, "recon_loss": -22.713, "kld_loss": 44.137, "kld_weight": 0.1}
{"message": "", "levelname": "INFO", "name": "Trainer", "asctime": "2026-04-17 04:36:08,936", "type": "train", "epoch": 16, "batch": 1999, "n_batches": 7774, "time": 2.134, "data_time": 0.001, "lr": 0.0001, "loss": -22.578, "recon_loss": -27.261, "kld_loss": 46.821, "kld_weight": 0.1}
{"message": "", "levelname": "INFO", "name": "Trainer", "asctime": "2026-04-17 04:36:35,875", "type": "train", "epoch": 16, "batch": 2079, "n_batches": 7774, "time": 2.408, "data_time": 0.001, "lr": 0.0001, "loss": -20.062, "recon_loss": -24.163, "kld_loss": 41.006, "kld_weight": 0.1}
{"message": "", "levelname": "INFO", "name": "Trainer", "asctime": "2026-04-17 04:37:01,597", "type": "train", "epoch": 16, "batch": 2159, "n_batches": 7774, "time": 2.754, "data_time": 0.0, "lr": 0.0001, "loss": -27.809, "recon_loss": -32.488, "kld_loss": 46.785, "kld_weight": 0.1}
{"message": "", "levelname": "INFO", "name": "Trainer", "asctime": "2026-04-17 04:37:25,621", "type": "train", "epoch": 16, "batch": 2239, "n_batches": 7774, "time": 2.827, "data_time": 0.001, "lr": 0.0001, "loss": -15.299, "recon_loss": -20.261, "kld_loss": 49.623, "kld_weight": 0.1}
{"message": "", "levelname": "INFO", "name": "Trainer", "asctime": "2026-04-17 04:37:50,678", "type": "train", "epoch": 16, "batch": 2319, "n_batches": 7774, "time": 2.622, "data_time": 0.001, "lr": 0.0001, "loss": -24.964, "recon_loss": -28.78, "kld_loss": 38.158, "kld_weight": 0.1}
{"message": "", "levelname": "INFO", "name": "Trainer", "asctime": "2026-04-17 04:38:17,215", "type": "train", "epoch": 16, "batch": 2399, "n_batches": 7774, "time": 2.388, "data_time": 0.0, "lr": 0.0001, "loss": -24.196, "recon_loss": -28.747, "kld_loss": 45.515, "kld_weight": 0.1}
{"message": "", "levelname": "INFO", "name": "Trainer", "asctime": "2026-04-17 04:38:42,601", "type": "train", "epoch": 16, "batch": 2479, "n_batches": 7774, "time": 2.081, "data_time": 0.0, "lr": 0.0001, "loss": -19.098, "recon_loss": -23.63, "kld_loss": 45.324, "kld_weight": 0.1}
{"message": "", "levelname": "INFO", "name": "Trainer", "asctime": "2026-04-17 04:39:06,598", "type": "train", "epoch": 16, "batch": 2559, "n_batches": 7774, "time": 2.223, "data_time": 0.0, "lr": 0.0001, "loss": -23.313, "recon_loss": -27.917, "kld_loss": 46.047, "kld_weight": 0.1}
{"message": "", "levelname": "INFO", "name": "Trainer", "asctime": "2026-04-17 04:39:31,459", "type": "train", "epoch": 16, "batch": 2639, "n_batches": 7774, "time": 2.196, "data_time": 0.0, "lr": 0.0001, "loss": -23.069, "recon_loss": -27.923, "kld_loss": 48.548, "kld_weight": 0.1}
{"message": "", "levelname": "INFO", "name": "Trainer", "asctime": "2026-04-17 04:39:55,590", "type": "train", "epoch": 16, "batch": 2719, "n_batches": 7774, "time": 2.916, "data_time": 0.0, "lr": 0.0001, "loss": -17.208, "recon_loss": -21.734, "kld_loss": 45.257, "kld_weight": 0.1}
{"message": "", "levelname": "INFO", "name": "Trainer", "asctime": "2026-04-17 04:40:20,471", "type": "train", "epoch": 16, "batch": 2799, "n_batches": 7774, "time": 2.779, "data_time": 0.001, "lr": 0.0001, "loss": -21.154, "recon_loss": -25.76, "kld_loss": 46.054, "kld_weight": 0.1}
{"message": "", "levelname": "INFO", "name": "Trainer", "asctime": "2026-04-17 04:40:46,165", "type": "train", "epoch": 16, "batch": 2879, "n_batches": 7774, "time": 2.911, "data_time": 0.001, "lr": 0.0001, "loss": -23.643, "recon_loss": -28.405, "kld_loss": 47.614, "kld_weight": 0.1}
{"message": "", "levelname": "INFO", "name": "Trainer", "asctime": "2026-04-17 04:41:12,432", "type": "train", "epoch": 16, "batch": 2959, "n_batches": 7774, "time": 2.759, "data_time": 0.0, "lr": 0.0001, "loss": -20.542, "recon_loss": -25.079, "kld_loss": 45.368, "kld_weight": 0.1}
{"message": "", "levelname": "INFO", "name": "Trainer", "asctime": "2026-04-17 04:41:38,631", "type": "train", "epoch": 16, "batch": 3039, "n_batches": 7774, "time": 2.55, "data_time": 0.001, "lr": 0.0001, "loss": -25.051, "recon_loss": -29.65, "kld_loss": 45.986, "kld_weight": 0.1}
{"message": "", "levelname": "INFO", "name": "Trainer", "asctime": "2026-04-17 04:42:03,044", "type": "train", "epoch": 16, "batch": 3119, "n_batches": 7774, "time": 2.668, "data_time": 0.0, "lr": 0.0001, "loss": -27.951, "recon_loss": -32.1, "kld_loss": 41.483, "kld_weight": 0.1}
{"message": "", "levelname": "INFO", "name": "Trainer", "asctime": "2026-04-17 04:42:29,679", "type": "train", "epoch": 16, "batch": 3199, "n_batches": 7774, "time": 2.453, "data_time": 0.001, "lr": 0.0001, "loss": -21.131, "recon_loss": -25.47, "kld_loss": 43.392, "kld_weight": 0.1}
{"message": "", "levelname": "INFO", "name": "Trainer", "asctime": "2026-04-17 04:42:54,759", "type": "train", "epoch": 16, "batch": 3279, "n_batches": 7774, "time": 3.047, "data_time": 0.001, "lr": 0.0001, "loss": -23.765, "recon_loss": -27.923, "kld_loss": 41.579, "kld_weight": 0.1}
{"message": "", "levelname": "INFO", "name": "Trainer", "asctime": "2026-04-17 04:43:18,818", "type": "train", "epoch": 16, "batch": 3359, "n_batches": 7774, "time": 2.649, "data_time": 0.001, "lr": 0.0001, "loss": -24.805, "recon_loss": -30.506, "kld_loss": 57.011, "kld_weight": 0.1}
{"message": "", "levelname": "INFO", "name": "Trainer", "asctime": "2026-04-17 04:43:43,487", "type": "train", "epoch": 16, "batch": 3439, "n_batches": 7774, "time": 2.804, "data_time": 0.0, "lr": 0.0001, "loss": -19.815, "recon_loss": -24.516, "kld_loss": 47.018, "kld_weight": 0.1}
{"message": "", "levelname": "INFO", "name": "Trainer", "asctime": "2026-04-17 04:44:08,852", "type": "train", "epoch": 16, "batch": 3519, "n_batches": 7774, "time": 2.804, "data_time": 0.001, "lr": 0.0001, "loss": -21.651, "recon_loss": -26.062, "kld_loss": 44.114, "kld_weight": 0.1}
{"message": "", "levelname": "INFO", "name": "Trainer", "asctime": "2026-04-17 04:44:35,442", "type": "train", "epoch": 16, "batch": 3599, "n_batches": 7774, "time": 2.247, "data_time": 0.0, "lr": 0.0001, "loss": -24.633, "recon_loss": -28.713, "kld_loss": 40.803, "kld_weight": 0.1}
{"message": "", "levelname": "INFO", "name": "Trainer", "asctime": "2026-04-17 04:45:00,730", "type": "train", "epoch": 16, "batch": 3679, "n_batches": 7774, "time": 3.016, "data_time": 0.0, "lr": 0.0001, "loss": -18.079, "recon_loss": -22.408, "kld_loss": 43.296, "kld_weight": 0.1}
{"message": "", "levelname": "INFO", "name": "Trainer", "asctime": "2026-04-17 04:45:23,527", "type": "train", "epoch": 16, "batch": 3759, "n_batches": 7774, "time": 2.251, "data_time": 0.001, "lr": 0.0001, "loss": -20.156, "recon_loss": -25.581, "kld_loss": 54.251, "kld_weight": 0.1}
{"message": "", "levelname": "INFO", "name": "Trainer", "asctime": "2026-04-17 04:45:48,298", "type": "train", "epoch": 16, "batch": 3839, "n_batches": 7774, "time": 2.003, "data_time": 0.0, "lr": 0.0001, "loss": -23.761, "recon_loss": -28.409, "kld_loss": 46.476, "kld_weight": 0.1}
{"message": "", "levelname": "INFO", "name": "Trainer", "asctime": "2026-04-17 04:46:13,204", "type": "train", "epoch": 16, "batch": 3919, "n_batches": 7774, "time": 2.706, "data_time": 0.001, "lr": 0.0001, "loss": -18.832, "recon_loss": -24.7, "kld_loss": 58.687, "kld_weight": 0.1}
{"message": "", "levelname": "INFO", "name": "Trainer", "asctime": "2026-04-17 04:46:37,303", "type": "train", "epoch": 16, "batch": 3999, "n_batches": 7774, "time": 2.476, "data_time": 0.001, "lr": 0.0001, "loss": -29.27, "recon_loss": -33.774, "kld_loss": 45.039, "kld_weight": 0.1}
{"message": "", "levelname": "INFO", "name": "Trainer", "asctime": "2026-04-17 04:47:01,516", "type": "train", "epoch": 16, "batch": 4079, "n_batches": 7774, "time": 2.94, "data_time": 0.001, "lr": 0.0001, "loss": -24.463, "recon_loss": -28.843, "kld_loss": 43.799, "kld_weight": 0.1}
{"message": "", "levelname": "INFO", "name": "Trainer", "asctime": "2026-04-17 04:47:28,486", "type": "train", "epoch": 16, "batch": 4159, "n_batches": 7774, "time": 3.071, "data_time": 0.001, "lr": 0.0001, "loss": -16.635, "recon_loss": -21.023, "kld_loss": 43.873, "kld_weight": 0.1}
{"message": "", "levelname": "INFO", "name": "Trainer", "asctime": "2026-04-17 04:47:53,032", "type": "train", "epoch": 16, "batch": 4239, "n_batches": 7774, "time": 2.335, "data_time": 0.0, "lr": 0.0001, "loss": -31.3, "recon_loss": -35.561, "kld_loss": 42.613, "kld_weight": 0.1}
{"message": "", "levelname": "INFO", "name": "Trainer", "asctime": "2026-04-17 04:48:17,552", "type": "train", "epoch": 16, "batch": 4319, "n_batches": 7774, "time": 2.739, "data_time": 0.001, "lr": 0.0001, "loss": -32.168, "recon_loss": -36.46, "kld_loss": 42.919, "kld_weight": 0.1}
{"message": "", "levelname": "INFO", "name": "Trainer", "asctime": "2026-04-17 04:48:44,487", "type": "train", "epoch": 16, "batch": 4399, "n_batches": 7774, "time": 2.927, "data_time": 0.001, "lr": 0.0001, "loss": -18.846, "recon_loss": -23.32, "kld_loss": 44.74, "kld_weight": 0.1}
{"message": "", "levelname": "INFO", "name": "Trainer", "asctime": "2026-04-17 04:49:09,785", "type": "train", "epoch": 16, "batch": 4479, "n_batches": 7774, "time": 2.316, "data_time": 0.0, "lr": 0.0001, "loss": -26.237, "recon_loss": -30.223, "kld_loss": 39.851, "kld_weight": 0.1}
{"message": "", "levelname": "INFO", "name": "Trainer", "asctime": "2026-04-17 04:49:34,383", "type": "train", "epoch": 16, "batch": 4559, "n_batches": 7774, "time": 1.867, "data_time": 0.001, "lr": 0.0001, "loss": -29.239, "recon_loss": -33.548, "kld_loss": 43.089, "kld_weight": 0.1}
{"message": "", "levelname": "INFO", "name": "Trainer", "asctime": "2026-04-17 04:49:59,729", "type": "train", "epoch": 16, "batch": 4639, "n_batches": 7774, "time": 2.163, "data_time": 0.0, "lr": 0.0001, "loss": -19.959, "recon_loss": -24.14, "kld_loss": 41.815, "kld_weight": 0.1}
{"message": "", "levelname": "INFO", "name": "Trainer", "asctime": "2026-04-17 04:50:24,960", "type": "train", "epoch": 16, "batch": 4719, "n_batches": 7774, "time": 2.352, "data_time": 0.001, "lr": 0.0001, "loss": -20.995, "recon_loss": -25.57, "kld_loss": 45.749, "kld_weight": 0.1}
{"message": "", "levelname": "INFO", "name": "Trainer", "asctime": "2026-04-17 04:50:49,618", "type": "train", "epoch": 16, "batch": 4799, "n_batches": 7774, "time": 2.566, "data_time": 0.001, "lr": 0.0001, "loss": -16.708, "recon_loss": -21.684, "kld_loss": 49.758, "kld_weight": 0.1}
{"message": "", "levelname": "INFO", "name": "Trainer", "asctime": "2026-04-17 04:51:14,366", "type": "train", "epoch": 16, "batch": 4879, "n_batches": 7774, "time": 2.141, "data_time": 0.0, "lr": 0.0001, "loss": -21.932, "recon_loss": -26.337, "kld_loss": 44.053, "kld_weight": 0.1}
{"message": "", "levelname": "INFO", "name": "Trainer", "asctime": "2026-04-17 04:51:39,239", "type": "train", "epoch": 16, "batch": 4959, "n_batches": 7774, "time": 1.99, "data_time": 0.0, "lr": 0.0001, "loss": -20.061, "recon_loss": -24.857, "kld_loss": 47.964, "kld_weight": 0.1}
{"message": "", "levelname": "INFO", "name": "Trainer", "asctime": "2026-04-17 04:52:02,883", "type": "train", "epoch": 16, "batch": 5039, "n_batches": 7774, "time": 1.749, "data_time": 0.0, "lr": 0.0001, "loss": -30.283, "recon_loss": -34.57, "kld_loss": 42.87, "kld_weight": 0.1}
{"message": "", "levelname": "INFO", "name": "Trainer", "asctime": "2026-04-17 04:52:29,039", "type": "train", "epoch": 16, "batch": 5119, "n_batches": 7774, "time": 2.487, "data_time": 0.001, "lr": 0.0001, "loss": -22.202, "recon_loss": -27.395, "kld_loss": 51.924, "kld_weight": 0.1}
{"message": "", "levelname": "INFO", "name": "Trainer", "asctime": "2026-04-17 04:52:53,827", "type": "train", "epoch": 16, "batch": 5199, "n_batches": 7774, "time": 2.946, "data_time": 0.001, "lr": 0.0001, "loss": -23.708, "recon_loss": -27.847, "kld_loss": 41.388, "kld_weight": 0.1}
{"message": "", "levelname": "INFO", "name": "Trainer", "asctime": "2026-04-17 04:53:17,454", "type": "train", "epoch": 16, "batch": 5279, "n_batches": 7774, "time": 1.788, "data_time": 0.0, "lr": 0.0001, "loss": -26.748, "recon_loss": -32.529, "kld_loss": 57.806, "kld_weight": 0.1}
{"message": "", "levelname": "INFO", "name": "Trainer", "asctime": "2026-04-17 04:53:43,828", "type": "train", "epoch": 16, "batch": 5359, "n_batches": 7774, "time": 3.319, "data_time": 0.0, "lr": 0.0001, "loss": -22.784, "recon_loss": -26.993, "kld_loss": 42.09, "kld_weight": 0.1}
{"message": "", "levelname": "INFO", "name": "Trainer", "asctime": "2026-04-17 04:54:07,055", "type": "train", "epoch": 16, "batch": 5439, "n_batches": 7774, "time": 2.464, "data_time": 0.001, "lr": 0.0001, "loss": -18.451, "recon_loss": -23.036, "kld_loss": 45.847, "kld_weight": 0.1}
{"message": "", "levelname": "INFO", "name": "Trainer", "asctime": "2026-04-17 04:54:32,094", "type": "train", "epoch": 16, "batch": 5519, "n_batches": 7774, "time": 2.862, "data_time": 0.001, "lr": 0.0001, "loss": -21.712, "recon_loss": -25.975, "kld_loss": 42.63, "kld_weight": 0.1}
{"message": "", "levelname": "INFO", "name": "Trainer", "asctime": "2026-04-17 04:54:54,080", "type": "train", "epoch": 16, "batch": 5599, "n_batches": 7774, "time": 2.649, "data_time": 0.001, "lr": 0.0001, "loss": -27.147, "recon_loss": -31.114, "kld_loss": 39.678, "kld_weight": 0.1}
{"message": "", "levelname": "INFO", "name": "Trainer", "asctime": "2026-04-17 04:55:17,271", "type": "train", "epoch": 16, "batch": 5679, "n_batches": 7774, "time": 2.278, "data_time": 0.0, "lr": 0.0001, "loss": -27.219, "recon_loss": -31.508, "kld_loss": 42.891, "kld_weight": 0.1}
{"message": "", "levelname": "INFO", "name": "Trainer", "asctime": "2026-04-17 04:55:40,482", "type": "train", "epoch": 16, "batch": 5759, "n_batches": 7774, "time": 2.315, "data_time": 0.0, "lr": 0.0001, "loss": -22.949, "recon_loss": -27.354, "kld_loss": 44.047, "kld_weight": 0.1}
{"message": "", "levelname": "INFO", "name": "Trainer", "asctime": "2026-04-17 04:56:04,328", "type": "train", "epoch": 16, "batch": 5839, "n_batches": 7774, "time": 1.935, "data_time": 0.001, "lr": 0.0001, "loss": -29.949, "recon_loss": -34.095, "kld_loss": 41.467, "kld_weight": 0.1}
{"message": "", "levelname": "INFO", "name": "Trainer", "asctime": "2026-04-17 04:56:26,709", "type": "train", "epoch": 16, "batch": 5919, "n_batches": 7774, "time": 2.367, "data_time": 0.0, "lr": 0.0001, "loss": -26.952, "recon_loss": -31.309, "kld_loss": 43.571, "kld_weight": 0.1}
{"message": "", "levelname": "INFO", "name": "Trainer", "asctime": "2026-04-17 04:56:50,239", "type": "train", "epoch": 16, "batch": 5999, "n_batches": 7774, "time": 1.528, "data_time": 0.001, "lr": 0.0001, "loss": -25.935, "recon_loss": -29.972, "kld_loss": 40.371, "kld_weight": 0.1}
{"message": "", "levelname": "INFO", "name": "Trainer", "asctime": "2026-04-17 04:57:14,564", "type": "train", "epoch": 16, "batch": 6079, "n_batches": 7774, "time": 2.391, "data_time": 0.0, "lr": 0.0001, "loss": -20.218, "recon_loss": -24.989, "kld_loss": 47.712, "kld_weight": 0.1}
{"message": "", "levelname": "INFO", "name": "Trainer", "asctime": "2026-04-17 04:57:39,027", "type": "train", "epoch": 16, "batch": 6159, "n_batches": 7774, "time": 2.709, "data_time": 0.001, "lr": 0.0001, "loss": -21.983, "recon_loss": -26.55, "kld_loss": 45.668, "kld_weight": 0.1}
{"message": "", "levelname": "INFO", "name": "Trainer", "asctime": "2026-04-17 04:58:03,065", "type": "train", "epoch": 16, "batch": 6239, "n_batches": 7774, "time": 2.932, "data_time": 0.001, "lr": 0.0001, "loss": -20.971, "recon_loss": -25.356, "kld_loss": 43.849, "kld_weight": 0.1}
{"message": "", "levelname": "INFO", "name": "Trainer", "asctime": "2026-04-17 04:58:27,761", "type": "train", "epoch": 16, "batch": 6319, "n_batches": 7774, "time": 2.564, "data_time": 0.001, "lr": 0.0001, "loss": -23.774, "recon_loss": -28.18, "kld_loss": 44.061, "kld_weight": 0.1}
{"message": "", "levelname": "INFO", "name": "Trainer", "asctime": "2026-04-17 04:58:52,661", "type": "train", "epoch": 16, "batch": 6399, "n_batches": 7774, "time": 2.733, "data_time": 0.0, "lr": 0.0001, "loss": -26.004, "recon_loss": -30.17, "kld_loss": 41.657, "kld_weight": 0.1}
{"message": "", "levelname": "INFO", "name": "Trainer", "asctime": "2026-04-17 04:59:17,729", "type": "train", "epoch": 16, "batch": 6479, "n_batches": 7774, "time": 2.713, "data_time": 0.001, "lr": 0.0001, "loss": -21.398, "recon_loss": -25.692, "kld_loss": 42.936, "kld_weight": 0.1}
{"message": "", "levelname": "INFO", "name": "Trainer", "asctime": "2026-04-17 04:59:43,853", "type": "train", "epoch": 16, "batch": 6559, "n_batches": 7774, "time": 2.949, "data_time": 0.001, "lr": 0.0001, "loss": -26.732, "recon_loss": -31.013, "kld_loss": 42.81, "kld_weight": 0.1}
{"message": "", "levelname": "INFO", "name": "Trainer", "asctime": "2026-04-17 05:00:09,930", "type": "train", "epoch": 16, "batch": 6639, "n_batches": 7774, "time": 3.03, "data_time": 0.001, "lr": 0.0001, "loss": -20.532, "recon_loss": -24.773, "kld_loss": 42.413, "kld_weight": 0.1}
{"message": "", "levelname": "INFO", "name": "Trainer", "asctime": "2026-04-17 05:00:33,700", "type": "train", "epoch": 16, "batch": 6719, "n_batches": 7774, "time": 2.554, "data_time": 0.001, "lr": 0.0001, "loss": -26.689, "recon_loss": -31.245, "kld_loss": 45.559, "kld_weight": 0.1}
{"message": "", "levelname": "INFO", "name": "Trainer", "asctime": "2026-04-17 05:00:57,403", "type": "train", "epoch": 16, "batch": 6799, "n_batches": 7774, "time": 2.537, "data_time": 0.001, "lr": 0.0001, "loss": -25.397, "recon_loss": -29.587, "kld_loss": 41.897, "kld_weight": 0.1}
{"message": "", "levelname": "INFO", "name": "Trainer", "asctime": "2026-04-17 05:01:20,067", "type": "train", "epoch": 16, "batch": 6879, "n_batches": 7774, "time": 2.319, "data_time": 0.001, "lr": 0.0001, "loss": -25.512, "recon_loss": -29.742, "kld_loss": 42.301, "kld_weight": 0.1}
{"message": "", "levelname": "INFO", "name": "Trainer", "asctime": "2026-04-17 05:01:45,987", "type": "train", "epoch": 16, "batch": 6959, "n_batches": 7774, "time": 2.614, "data_time": 0.001, "lr": 0.0001, "loss": -17.495, "recon_loss": -21.942, "kld_loss": 44.474, "kld_weight": 0.1}
{"message": "", "levelname": "INFO", "name": "Trainer", "asctime": "2026-04-17 05:02:09,908", "type": "train", "epoch": 16, "batch": 7039, "n_batches": 7774, "time": 2.526, "data_time": 0.0, "lr": 0.0001, "loss": -14.886, "recon_loss": -19.603, "kld_loss": 47.174, "kld_weight": 0.1}
{"message": "", "levelname": "INFO", "name": "Trainer", "asctime": "2026-04-17 05:02:34,917", "type": "train", "epoch": 16, "batch": 7119, "n_batches": 7774, "time": 2.901, "data_time": 0.001, "lr": 0.0001, "loss": -23.376, "recon_loss": -27.63, "kld_loss": 42.539, "kld_weight": 0.1}
{"message": "", "levelname": "INFO", "name": "Trainer", "asctime": "2026-04-17 05:03:01,215", "type": "train", "epoch": 16, "batch": 7199, "n_batches": 7774, "time": 2.771, "data_time": 0.001, "lr": 0.0001, "loss": -25.114, "recon_loss": -29.973, "kld_loss": 48.592, "kld_weight": 0.1}
{"message": "", "levelname": "INFO", "name": "Trainer", "asctime": "2026-04-17 05:03:24,560", "type": "train", "epoch": 16, "batch": 7279, "n_batches": 7774, "time": 1.905, "data_time": 0.001, "lr": 0.0001, "loss": -21.489, "recon_loss": -25.911, "kld_loss": 44.223, "kld_weight": 0.1}
{"message": "", "levelname": "INFO", "name": "Trainer", "asctime": "2026-04-17 05:03:50,130", "type": "train", "epoch": 16, "batch": 7359, "n_batches": 7774, "time": 2.921, "data_time": 0.001, "lr": 0.0001, "loss": -25.606, "recon_loss": -29.943, "kld_loss": 43.368, "kld_weight": 0.1}
{"message": "", "levelname": "INFO", "name": "Trainer", "asctime": "2026-04-17 05:04:14,674", "type": "train", "epoch": 16, "batch": 7439, "n_batches": 7774, "time": 2.312, "data_time": 0.001, "lr": 0.0001, "loss": -28.127, "recon_loss": -32.331, "kld_loss": 42.049, "kld_weight": 0.1}
{"message": "", "levelname": "INFO", "name": "Trainer", "asctime": "2026-04-17 05:04:40,477", "type": "train", "epoch": 16, "batch": 7519, "n_batches": 7774, "time": 2.764, "data_time": 0.0, "lr": 0.0001, "loss": -25.506, "recon_loss": -30.301, "kld_loss": 47.953, "kld_weight": 0.1}
{"message": "", "levelname": "INFO", "name": "Trainer", "asctime": "2026-04-17 05:05:04,831", "type": "train", "epoch": 16, "batch": 7599, "n_batches": 7774, "time": 2.108, "data_time": 0.0, "lr": 0.0001, "loss": -28.693, "recon_loss": -33.08, "kld_loss": 43.878, "kld_weight": 0.1}
{"message": "", "levelname": "INFO", "name": "Trainer", "asctime": "2026-04-17 05:05:29,458", "type": "train", "epoch": 16, "batch": 7679, "n_batches": 7774, "time": 2.894, "data_time": 0.001, "lr": 0.0001, "loss": -25.064, "recon_loss": -29.692, "kld_loss": 46.272, "kld_weight": 0.1}
{"message": "", "levelname": "INFO", "name": "Trainer", "asctime": "2026-04-17 05:05:54,074", "type": "train", "epoch": 16, "batch": 7759, "n_batches": 7774, "time": 2.463, "data_time": 0.001, "lr": 0.0001, "loss": -26.584, "recon_loss": -31.253, "kld_loss": 46.686, "kld_weight": 0.1}
{"message": "", "levelname": "INFO", "name": "Trainer", "asctime": "2026-04-17 05:05:58,256", "type": "train-epoch", "epoch": 17, "loss": -2.96558, "recon_loss": -3.53158, "kld_loss": 5.65997, "kld_weight": 0.1, "time": 2408.3}
{"message": "", "levelname": "INFO", "name": "Trainer", "asctime": "2026-04-17 05:12:20,575", "type": "val-epoch", "epoch": 17, "loss": -2.979, "test_loss": 0.016, "recon_loss": -3.543, "kld_loss": 5.643, "kld_weight": 0.1, "note": "loss is teacher-forced CVAE objective; test_loss is prior-only reconstruction", "time": 382.3}
{"message": "", "levelname": "INFO", "name": "Trainer", "asctime": "2026-04-17 05:12:44,936", "type": "train", "epoch": 17, "batch": 79, "n_batches": 7774, "time": 2.052, "data_time": 0.001, "lr": 0.0001, "loss": -23.118, "recon_loss": -27.347, "kld_loss": 42.292, "kld_weight": 0.1}
{"message": "", "levelname": "INFO", "name": "Trainer", "asctime": "2026-04-17 05:13:12,118", "type": "train", "epoch": 17, "batch": 159, "n_batches": 7774, "time": 2.774, "data_time": 0.001, "lr": 0.0001, "loss": -26.048, "recon_loss": -30.675, "kld_loss": 46.272, "kld_weight": 0.1}
{"message": "", "levelname": "INFO", "name": "Trainer", "asctime": "2026-04-17 05:13:36,271", "type": "train", "epoch": 17, "batch": 239, "n_batches": 7774, "time": 2.533, "data_time": 0.001, "lr": 0.0001, "loss": -24.127, "recon_loss": -28.815, "kld_loss": 46.876, "kld_weight": 0.1}
{"message": "", "levelname": "INFO", "name": "Trainer", "asctime": "2026-04-17 05:14:00,335", "type": "train", "epoch": 17, "batch": 319, "n_batches": 7774, "time": 1.71, "data_time": 0.001, "lr": 0.0001, "loss": -25.468, "recon_loss": -30.053, "kld_loss": 45.853, "kld_weight": 0.1}
{"message": "", "levelname": "INFO", "name": "Trainer", "asctime": "2026-04-17 05:14:25,567", "type": "train", "epoch": 17, "batch": 399, "n_batches": 7774, "time": 2.911, "data_time": 0.001, "lr": 0.0001, "loss": -24.237, "recon_loss": -28.835, "kld_loss": 45.982, "kld_weight": 0.1}
{"message": "", "levelname": "INFO", "name": "Trainer", "asctime": "2026-04-17 05:14:49,552", "type": "train", "epoch": 17, "batch": 479, "n_batches": 7774, "time": 2.91, "data_time": 0.0, "lr": 0.0001, "loss": -21.13, "recon_loss": -25.971, "kld_loss": 48.41, "kld_weight": 0.1}
{"message": "", "levelname": "INFO", "name": "Trainer", "asctime": "2026-04-17 05:15:13,320", "type": "train", "epoch": 17, "batch": 559, "n_batches": 7774, "time": 2.113, "data_time": 0.001, "lr": 0.0001, "loss": -25.447, "recon_loss": -29.663, "kld_loss": 42.153, "kld_weight": 0.1}
{"message": "", "levelname": "INFO", "name": "Trainer", "asctime": "2026-04-17 05:15:38,313", "type": "train", "epoch": 17, "batch": 639, "n_batches": 7774, "time": 2.605, "data_time": 0.0, "lr": 0.0001, "loss": -24.673, "recon_loss": -29.602, "kld_loss": 49.297, "kld_weight": 0.1}
{"message": "", "levelname": "INFO", "name": "Trainer", "asctime": "2026-04-17 05:16:03,977", "type": "train", "epoch": 17, "batch": 719, "n_batches": 7774, "time": 2.735, "data_time": 0.001, "lr": 0.0001, "loss": -27.741, "recon_loss": -32.257, "kld_loss": 45.154, "kld_weight": 0.1}
{"message": "", "levelname": "INFO", "name": "Trainer", "asctime": "2026-04-17 05:16:28,760", "type": "train", "epoch": 17, "batch": 799, "n_batches": 7774, "time": 2.693, "data_time": 0.0, "lr": 0.0001, "loss": -26.551, "recon_loss": -30.839, "kld_loss": 42.876, "kld_weight": 0.1}
{"message": "", "levelname": "INFO", "name": "Trainer", "asctime": "2026-04-17 05:16:52,732", "type": "train", "epoch": 17, "batch": 879, "n_batches": 7774, "time": 2.415, "data_time": 0.001, "lr": 0.0001, "loss": -19.738, "recon_loss": -24.747, "kld_loss": 50.095, "kld_weight": 0.1}
{"message": "", "levelname": "INFO", "name": "Trainer", "asctime": "2026-04-17 05:17:19,338", "type": "train", "epoch": 17, "batch": 959, "n_batches": 7774, "time": 2.385, "data_time": 0.001, "lr": 0.0001, "loss": -18.448, "recon_loss": -22.717, "kld_loss": 42.687, "kld_weight": 0.1}
{"message": "", "levelname": "INFO", "name": "Trainer", "asctime": "2026-04-17 05:17:44,183", "type": "train", "epoch": 17, "batch": 1039, "n_batches": 7774, "time": 2.781, "data_time": 0.001, "lr": 0.0001, "loss": -21.01, "recon_loss": -25.769, "kld_loss": 47.589, "kld_weight": 0.1}
{"message": "", "levelname": "INFO", "name": "Trainer", "asctime": "2026-04-17 05:18:09,487", "type": "train", "epoch": 17, "batch": 1119, "n_batches": 7774, "time": 2.169, "data_time": 0.001, "lr": 0.0001, "loss": -27.386, "recon_loss": -31.987, "kld_loss": 46.014, "kld_weight": 0.1}
{"message": "", "levelname": "INFO", "name": "Trainer", "asctime": "2026-04-17 05:18:33,224", "type": "train", "epoch": 17, "batch": 1199, "n_batches": 7774, "time": 2.008, "data_time": 0.0, "lr": 0.0001, "loss": -23.006, "recon_loss": -27.887, "kld_loss": 48.813, "kld_weight": 0.1}
{"message": "", "levelname": "INFO", "name": "Trainer", "asctime": "2026-04-17 05:18:58,390", "type": "train", "epoch": 17, "batch": 1279, "n_batches": 7774, "time": 2.662, "data_time": 0.001, "lr": 0.0001, "loss": -28.779, "recon_loss": -33.364, "kld_loss": 45.848, "kld_weight": 0.1}
{"message": "", "levelname": "INFO", "name": "Trainer", "asctime": "2026-04-17 05:19:22,086", "type": "train", "epoch": 17, "batch": 1359, "n_batches": 7774, "time": 2.028, "data_time": 0.0, "lr": 0.0001, "loss": -23.187, "recon_loss": -28.148, "kld_loss": 49.615, "kld_weight": 0.1}
{"message": "", "levelname": "INFO", "name": "Trainer", "asctime": "2026-04-17 05:19:48,271", "type": "train", "epoch": 17, "batch": 1439, "n_batches": 7774, "time": 2.384, "data_time": 0.0, "lr": 0.0001, "loss": -21.157, "recon_loss": -25.52, "kld_loss": 43.628, "kld_weight": 0.1}
{"message": "", "levelname": "INFO", "name": "Trainer", "asctime": "2026-04-17 05:20:11,234", "type": "train", "epoch": 17, "batch": 1519, "n_batches": 7774, "time": 1.881, "data_time": 0.0, "lr": 0.0001, "loss": -22.59, "recon_loss": -26.811, "kld_loss": 42.219, "kld_weight": 0.1}
{"message": "", "levelname": "INFO", "name": "Trainer", "asctime": "2026-04-17 05:20:33,479", "type": "train", "epoch": 17, "batch": 1599, "n_batches": 7774, "time": 2.225, "data_time": 0.0, "lr": 0.0001, "loss": -19.517, "recon_loss": -24.254, "kld_loss": 47.376, "kld_weight": 0.1}
{"message": "", "levelname": "INFO", "name": "Trainer", "asctime": "2026-04-17 05:20:58,026", "type": "train", "epoch": 17, "batch": 1679, "n_batches": 7774, "time": 2.292, "data_time": 0.0, "lr": 0.0001, "loss": -22.948, "recon_loss": -27.442, "kld_loss": 44.935, "kld_weight": 0.1}
{"message": "", "levelname": "INFO", "name": "Trainer", "asctime": "2026-04-17 05:21:22,185", "type": "train", "epoch": 17, "batch": 1759, "n_batches": 7774, "time": 2.722, "data_time": 0.001, "lr": 0.0001, "loss": -22.692, "recon_loss": -27.089, "kld_loss": 43.972, "kld_weight": 0.1}
{"message": "", "levelname": "INFO", "name": "Trainer", "asctime": "2026-04-17 05:21:45,251", "type": "train", "epoch": 17, "batch": 1839, "n_batches": 7774, "time": 1.932, "data_time": 0.0, "lr": 0.0001, "loss": -22.291, "recon_loss": -26.696, "kld_loss": 44.047, "kld_weight": 0.1}
{"message": "", "levelname": "INFO", "name": "Trainer", "asctime": "2026-04-17 05:22:09,282", "type": "train", "epoch": 17, "batch": 1919, "n_batches": 7774, "time": 2.056, "data_time": 0.0, "lr": 0.0001, "loss": -25.399, "recon_loss": -29.952, "kld_loss": 45.533, "kld_weight": 0.1}
{"message": "", "levelname": "INFO", "name": "Trainer", "asctime": "2026-04-17 05:22:35,215", "type": "train", "epoch": 17, "batch": 1999, "n_batches": 7774, "time": 2.941, "data_time": 0.001, "lr": 0.0001, "loss": -20.906, "recon_loss": -25.267, "kld_loss": 43.607, "kld_weight": 0.1}
{"message": "", "levelname": "INFO", "name": "Trainer", "asctime": "2026-04-17 05:22:59,876", "type": "train", "epoch": 17, "batch": 2079, "n_batches": 7774, "time": 1.96, "data_time": 0.001, "lr": 0.0001, "loss": -28.8, "recon_loss": -33.194, "kld_loss": 43.939, "kld_weight": 0.1}
{"message": "", "levelname": "INFO", "name": "Trainer", "asctime": "2026-04-17 05:23:25,036", "type": "train", "epoch": 17, "batch": 2159, "n_batches": 7774, "time": 2.458, "data_time": 0.001, "lr": 0.0001, "loss": -27.772, "recon_loss": -32.226, "kld_loss": 44.538, "kld_weight": 0.1}
{"message": "", "levelname": "INFO", "name": "Trainer", "asctime": "2026-04-17 05:23:50,859", "type": "train", "epoch": 17, "batch": 2239, "n_batches": 7774, "time": 2.402, "data_time": 0.0, "lr": 0.0001, "loss": -27.818, "recon_loss": -32.479, "kld_loss": 46.608, "kld_weight": 0.1}
{"message": "", "levelname": "INFO", "name": "Trainer", "asctime": "2026-04-17 05:24:14,731", "type": "train", "epoch": 17, "batch": 2319, "n_batches": 7774, "time": 2.589, "data_time": 0.001, "lr": 0.0001, "loss": -21.563, "recon_loss": -26.658, "kld_loss": 50.95, "kld_weight": 0.1}
{"message": "", "levelname": "INFO", "name": "Trainer", "asctime": "2026-04-17 05:24:38,026", "type": "train", "epoch": 17, "batch": 2399, "n_batches": 7774, "time": 2.597, "data_time": 0.001, "lr": 0.0001, "loss": -22.842, "recon_loss": -27.719, "kld_loss": 48.771, "kld_weight": 0.1}
{"message": "", "levelname": "INFO", "name": "Trainer", "asctime": "2026-04-17 05:25:03,507", "type": "train", "epoch": 17, "batch": 2479, "n_batches": 7774, "time": 2.365, "data_time": 0.0, "lr": 0.0001, "loss": -15.168, "recon_loss": -19.957, "kld_loss": 47.886, "kld_weight": 0.1}
{"message": "", "levelname": "INFO", "name": "Trainer", "asctime": "2026-04-17 05:25:28,895", "type": "train", "epoch": 17, "batch": 2559, "n_batches": 7774, "time": 2.809, "data_time": 0.001, "lr": 0.0001, "loss": -19.594, "recon_loss": -23.971, "kld_loss": 43.772, "kld_weight": 0.1}
{"message": "", "levelname": "INFO", "name": "Trainer", "asctime": "2026-04-17 05:25:51,449", "type": "train", "epoch": 17, "batch": 2639, "n_batches": 7774, "time": 1.991, "data_time": 0.001, "lr": 0.0001, "loss": -23.37, "recon_loss": -28.459, "kld_loss": 50.886, "kld_weight": 0.1}
{"message": "", "levelname": "INFO", "name": "Trainer", "asctime": "2026-04-17 05:26:17,763", "type": "train", "epoch": 17, "batch": 2719, "n_batches": 7774, "time": 2.632, "data_time": 0.001, "lr": 0.0001, "loss": -22.786, "recon_loss": -27.085, "kld_loss": 42.989, "kld_weight": 0.1}
{"message": "", "levelname": "INFO", "name": "Trainer", "asctime": "2026-04-17 05:26:40,436", "type": "train", "epoch": 17, "batch": 2799, "n_batches": 7774, "time": 2.564, "data_time": 0.001, "lr": 0.0001, "loss": -28.644, "recon_loss": -33.273, "kld_loss": 46.289, "kld_weight": 0.1}
{"message": "", "levelname": "INFO", "name": "Trainer", "asctime": "2026-04-17 05:27:04,864", "type": "train", "epoch": 17, "batch": 2879, "n_batches": 7774, "time": 2.762, "data_time": 0.0, "lr": 0.0001, "loss": -20.935, "recon_loss": -25.775, "kld_loss": 48.409, "kld_weight": 0.1}
{"message": "", "levelname": "INFO", "name": "Trainer", "asctime": "2026-04-17 05:27:29,605", "type": "train", "epoch": 17, "batch": 2959, "n_batches": 7774, "time": 2.772, "data_time": 0.001, "lr": 0.0001, "loss": -19.133, "recon_loss": -24.002, "kld_loss": 48.688, "kld_weight": 0.1}
{"message": "", "levelname": "INFO", "name": "Trainer", "asctime": "2026-04-17 05:27:54,974", "type": "train", "epoch": 17, "batch": 3039, "n_batches": 7774, "time": 2.799, "data_time": 0.0, "lr": 0.0001, "loss": -24.468, "recon_loss": -29.054, "kld_loss": 45.856, "kld_weight": 0.1}
{"message": "", "levelname": "INFO", "name": "Trainer", "asctime": "2026-04-17 05:28:19,682", "type": "train", "epoch": 17, "batch": 3119, "n_batches": 7774, "time": 2.599, "data_time": 0.001, "lr": 0.0001, "loss": -25.432, "recon_loss": -29.719, "kld_loss": 42.873, "kld_weight": 0.1}
{"message": "", "levelname": "INFO", "name": "Trainer", "asctime": "2026-04-17 05:28:45,440", "type": "train", "epoch": 17, "batch": 3199, "n_batches": 7774, "time": 2.588, "data_time": 0.001, "lr": 0.0001, "loss": -17.739, "recon_loss": -22.539, "kld_loss": 47.998, "kld_weight": 0.1}
{"message": "", "levelname": "INFO", "name": "Trainer", "asctime": "2026-04-17 05:29:11,072", "type": "train", "epoch": 17, "batch": 3279, "n_batches": 7774, "time": 2.547, "data_time": 0.001, "lr": 0.0001, "loss": -20.526, "recon_loss": -24.902, "kld_loss": 43.759, "kld_weight": 0.1}
{"message": "", "levelname": "INFO", "name": "Trainer", "asctime": "2026-04-17 05:29:36,431", "type": "train", "epoch": 17, "batch": 3359, "n_batches": 7774, "time": 3.202, "data_time": 0.001, "lr": 0.0001, "loss": -27.318, "recon_loss": -31.64, "kld_loss": 43.227, "kld_weight": 0.1}
{"message": "", "levelname": "INFO", "name": "Trainer", "asctime": "2026-04-17 05:29:58,978", "type": "train", "epoch": 17, "batch": 3439, "n_batches": 7774, "time": 2.397, "data_time": 0.001, "lr": 0.0001, "loss": -23.816, "recon_loss": -28.828, "kld_loss": 50.123, "kld_weight": 0.1}
{"message": "", "levelname": "INFO", "name": "Trainer", "asctime": "2026-04-17 05:30:23,269", "type": "train", "epoch": 17, "batch": 3519, "n_batches": 7774, "time": 2.242, "data_time": 0.001, "lr": 0.0001, "loss": -19.91, "recon_loss": -24.194, "kld_loss": 42.843, "kld_weight": 0.1}
{"message": "", "levelname": "INFO", "name": "Trainer", "asctime": "2026-04-17 05:30:47,850", "type": "train", "epoch": 17, "batch": 3599, "n_batches": 7774, "time": 2.673, "data_time": 0.001, "lr": 0.0001, "loss": -22.732, "recon_loss": -27.307, "kld_loss": 45.745, "kld_weight": 0.1}
{"message": "", "levelname": "INFO", "name": "Trainer", "asctime": "2026-04-17 05:31:11,896", "type": "train", "epoch": 17, "batch": 3679, "n_batches": 7774, "time": 2.367, "data_time": 0.001, "lr": 0.0001, "loss": -23.78, "recon_loss": -28.213, "kld_loss": 44.326, "kld_weight": 0.1}
{"message": "", "levelname": "INFO", "name": "Trainer", "asctime": "2026-04-17 05:31:40,027", "type": "train", "epoch": 17, "batch": 3759, "n_batches": 7774, "time": 2.886, "data_time": 0.001, "lr": 0.0001, "loss": -27.191, "recon_loss": -31.497, "kld_loss": 43.061, "kld_weight": 0.1}
{"message": "", "levelname": "INFO", "name": "Trainer", "asctime": "2026-04-17 05:32:04,283", "type": "train", "epoch": 17, "batch": 3839, "n_batches": 7774, "time": 2.636, "data_time": 0.001, "lr": 0.0001, "loss": -24.232, "recon_loss": -28.817, "kld_loss": 45.845, "kld_weight": 0.1}
{"message": "", "levelname": "INFO", "name": "Trainer", "asctime": "2026-04-17 05:32:28,101", "type": "train", "epoch": 17, "batch": 3919, "n_batches": 7774, "time": 2.897, "data_time": 0.0, "lr": 0.0001, "loss": -20.488, "recon_loss": -24.924, "kld_loss": 44.355, "kld_weight": 0.1}
{"message": "", "levelname": "INFO", "name": "Trainer", "asctime": "2026-04-17 05:32:55,063", "type": "train", "epoch": 17, "batch": 3999, "n_batches": 7774, "time": 3.19, "data_time": 0.0, "lr": 0.0001, "loss": -24.229, "recon_loss": -28.625, "kld_loss": 43.95, "kld_weight": 0.1}
{"message": "", "levelname": "INFO", "name": "Trainer", "asctime": "2026-04-17 05:33:20,470", "type": "train", "epoch": 17, "batch": 4079, "n_batches": 7774, "time": 2.867, "data_time": 0.001, "lr": 0.0001, "loss": -27.43, "recon_loss": -32.194, "kld_loss": 47.643, "kld_weight": 0.1}
{"message": "", "levelname": "INFO", "name": "Trainer", "asctime": "2026-04-17 05:33:44,088", "type": "train", "epoch": 17, "batch": 4159, "n_batches": 7774, "time": 2.094, "data_time": 0.001, "lr": 0.0001, "loss": -23.689, "recon_loss": -27.815, "kld_loss": 41.261, "kld_weight": 0.1}
{"message": "", "levelname": "INFO", "name": "Trainer", "asctime": "2026-04-17 05:34:09,898", "type": "train", "epoch": 17, "batch": 4239, "n_batches": 7774, "time": 2.598, "data_time": 0.001, "lr": 0.0001, "loss": -19.604, "recon_loss": -23.737, "kld_loss": 41.333, "kld_weight": 0.1}
{"message": "", "levelname": "INFO", "name": "Trainer", "asctime": "2026-04-17 05:34:34,130", "type": "train", "epoch": 17, "batch": 4319, "n_batches": 7774, "time": 2.371, "data_time": 0.0, "lr": 0.0001, "loss": -30.273, "recon_loss": -34.729, "kld_loss": 44.56, "kld_weight": 0.1}
{"message": "", "levelname": "INFO", "name": "Trainer", "asctime": "2026-04-17 05:34:57,260", "type": "train", "epoch": 17, "batch": 4399, "n_batches": 7774, "time": 2.259, "data_time": 0.001, "lr": 0.0001, "loss": -22.829, "recon_loss": -27.511, "kld_loss": 46.815, "kld_weight": 0.1}
{"message": "", "levelname": "INFO", "name": "Trainer", "asctime": "2026-04-17 05:35:20,873", "type": "train", "epoch": 17, "batch": 4479, "n_batches": 7774, "time": 1.8, "data_time": 0.001, "lr": 0.0001, "loss": -27.968, "recon_loss": -32.226, "kld_loss": 42.585, "kld_weight": 0.1}
{"message": "", "levelname": "INFO", "name": "Trainer", "asctime": "2026-04-17 05:35:45,393", "type": "train", "epoch": 17, "batch": 4559, "n_batches": 7774, "time": 2.293, "data_time": 0.0, "lr": 0.0001, "loss": -19.935, "recon_loss": -24.842, "kld_loss": 49.064, "kld_weight": 0.1}
{"message": "", "levelname": "INFO", "name": "Trainer", "asctime": "2026-04-17 05:36:10,698", "type": "train", "epoch": 17, "batch": 4639, "n_batches": 7774, "time": 2.347, "data_time": 0.001, "lr": 0.0001, "loss": -24.196, "recon_loss": -28.519, "kld_loss": 43.233, "kld_weight": 0.1}
{"message": "", "levelname": "INFO", "name": "Trainer", "asctime": "2026-04-17 05:36:34,469", "type": "train", "epoch": 17, "batch": 4719, "n_batches": 7774, "time": 2.411, "data_time": 0.001, "lr": 0.0001, "loss": -25.051, "recon_loss": -29.829, "kld_loss": 47.781, "kld_weight": 0.1}
{"message": "", "levelname": "INFO", "name": "Trainer", "asctime": "2026-04-17 05:36:59,443", "type": "train", "epoch": 17, "batch": 4799, "n_batches": 7774, "time": 1.902, "data_time": 0.001, "lr": 0.0001, "loss": -23.614, "recon_loss": -28.164, "kld_loss": 45.5, "kld_weight": 0.1}
{"message": "", "levelname": "INFO", "name": "Trainer", "asctime": "2026-04-17 05:37:24,386", "type": "train", "epoch": 17, "batch": 4879, "n_batches": 7774, "time": 2.376, "data_time": 0.001, "lr": 0.0001, "loss": -24.865, "recon_loss": -28.976, "kld_loss": 41.106, "kld_weight": 0.1}
{"message": "", "levelname": "INFO", "name": "Trainer", "asctime": "2026-04-17 05:37:48,224", "type": "train", "epoch": 17, "batch": 4959, "n_batches": 7774, "time": 2.636, "data_time": 0.001, "lr": 0.0001, "loss": -18.033, "recon_loss": -24.009, "kld_loss": 59.759, "kld_weight": 0.1}
{"message": "", "levelname": "INFO", "name": "Trainer", "asctime": "2026-04-17 05:38:13,196", "type": "train", "epoch": 17, "batch": 5039, "n_batches": 7774, "time": 2.798, "data_time": 0.001, "lr": 0.0001, "loss": -23.256, "recon_loss": -28.297, "kld_loss": 50.414, "kld_weight": 0.1}
{"message": "", "levelname": "INFO", "name": "Trainer", "asctime": "2026-04-17 05:38:37,018", "type": "train", "epoch": 17, "batch": 5119, "n_batches": 7774, "time": 2.782, "data_time": 0.0, "lr": 0.0001, "loss": -24.304, "recon_loss": -28.611, "kld_loss": 43.073, "kld_weight": 0.1}
{"message": "", "levelname": "INFO", "name": "Trainer", "asctime": "2026-04-17 05:39:01,970", "type": "train", "epoch": 17, "batch": 5199, "n_batches": 7774, "time": 2.699, "data_time": 0.001, "lr": 0.0001, "loss": -29.827, "recon_loss": -33.86, "kld_loss": 40.325, "kld_weight": 0.1}
{"message": "", "levelname": "INFO", "name": "Trainer", "asctime": "2026-04-17 05:39:27,642", "type": "train", "epoch": 17, "batch": 5279, "n_batches": 7774, "time": 2.56, "data_time": 0.0, "lr": 0.0001, "loss": -19.393, "recon_loss": -23.804, "kld_loss": 44.102, "kld_weight": 0.1}
{"message": "", "levelname": "INFO", "name": "Trainer", "asctime": "2026-04-17 05:39:53,200", "type": "train", "epoch": 17, "batch": 5359, "n_batches": 7774, "time": 3.168, "data_time": 0.001, "lr": 0.0001, "loss": -30.159, "recon_loss": -34.869, "kld_loss": 47.099, "kld_weight": 0.1}
{"message": "", "levelname": "INFO", "name": "Trainer", "asctime": "2026-04-17 05:40:19,357", "type": "train", "epoch": 17, "batch": 5439, "n_batches": 7774, "time": 2.619, "data_time": 0.0, "lr": 0.0001, "loss": -22.798, "recon_loss": -27.087, "kld_loss": 42.89, "kld_weight": 0.1}
{"message": "", "levelname": "INFO", "name": "Trainer", "asctime": "2026-04-17 05:40:43,510", "type": "train", "epoch": 17, "batch": 5519, "n_batches": 7774, "time": 2.43, "data_time": 0.001, "lr": 0.0001, "loss": -20.053, "recon_loss": -24.479, "kld_loss": 44.261, "kld_weight": 0.1}
{"message": "", "levelname": "INFO", "name": "Trainer", "asctime": "2026-04-17 05:41:07,928", "type": "train", "epoch": 17, "batch": 5599, "n_batches": 7774, "time": 2.4, "data_time": 0.001, "lr": 0.0001, "loss": -27.911, "recon_loss": -32.053, "kld_loss": 41.419, "kld_weight": 0.1}
{"message": "", "levelname": "INFO", "name": "Trainer", "asctime": "2026-04-17 05:41:33,824", "type": "train", "epoch": 17, "batch": 5679, "n_batches": 7774, "time": 1.87, "data_time": 0.001, "lr": 0.0001, "loss": -25.105, "recon_loss": -29.838, "kld_loss": 47.334, "kld_weight": 0.1}
{"message": "", "levelname": "INFO", "name": "Trainer", "asctime": "2026-04-17 05:41:58,978", "type": "train", "epoch": 17, "batch": 5759, "n_batches": 7774, "time": 2.339, "data_time": 0.0, "lr": 0.0001, "loss": -27.695, "recon_loss": -31.941, "kld_loss": 42.466, "kld_weight": 0.1}
{"message": "", "levelname": "INFO", "name": "Trainer", "asctime": "2026-04-17 05:42:24,383", "type": "train", "epoch": 17, "batch": 5839, "n_batches": 7774, "time": 2.424, "data_time": 0.001, "lr": 0.0001, "loss": -26.806, "recon_loss": -31.121, "kld_loss": 43.143, "kld_weight": 0.1}
{"message": "", "levelname": "INFO", "name": "Trainer", "asctime": "2026-04-17 05:42:51,064", "type": "train", "epoch": 17, "batch": 5919, "n_batches": 7774, "time": 2.759, "data_time": 0.001, "lr": 0.0001, "loss": -17.021, "recon_loss": -21.966, "kld_loss": 49.442, "kld_weight": 0.1}
{"message": "", "levelname": "INFO", "name": "Trainer", "asctime": "2026-04-17 05:43:17,175", "type": "train", "epoch": 17, "batch": 5999, "n_batches": 7774, "time": 3.064, "data_time": 0.001, "lr": 0.0001, "loss": -23.859, "recon_loss": -29.049, "kld_loss": 51.905, "kld_weight": 0.1}
{"message": "", "levelname": "INFO", "name": "Trainer", "asctime": "2026-04-17 05:43:40,442", "type": "train", "epoch": 17, "batch": 6079, "n_batches": 7774, "time": 2.457, "data_time": 0.001, "lr": 0.0001, "loss": -26.911, "recon_loss": -31.219, "kld_loss": 43.084, "kld_weight": 0.1}
{"message": "", "levelname": "INFO", "name": "Trainer", "asctime": "2026-04-17 05:44:06,881", "type": "train", "epoch": 17, "batch": 6159, "n_batches": 7774, "time": 2.148, "data_time": 0.001, "lr": 0.0001, "loss": -22.993, "recon_loss": -26.87, "kld_loss": 38.771, "kld_weight": 0.1}
{"message": "", "levelname": "INFO", "name": "Trainer", "asctime": "2026-04-17 05:44:31,688", "type": "train", "epoch": 17, "batch": 6239, "n_batches": 7774, "time": 2.242, "data_time": 0.001, "lr": 0.0001, "loss": -24.13, "recon_loss": -28.352, "kld_loss": 42.223, "kld_weight": 0.1}
{"message": "", "levelname": "INFO", "name": "Trainer", "asctime": "2026-04-17 05:44:56,285", "type": "train", "epoch": 17, "batch": 6319, "n_batches": 7774, "time": 2.288, "data_time": 0.001, "lr": 0.0001, "loss": -28.58, "recon_loss": -32.638, "kld_loss": 40.579, "kld_weight": 0.1}
{"message": "", "levelname": "INFO", "name": "Trainer", "asctime": "2026-04-17 05:45:19,997", "type": "train", "epoch": 17, "batch": 6399, "n_batches": 7774, "time": 2.983, "data_time": 0.0, "lr": 0.0001, "loss": -19.306, "recon_loss": -23.904, "kld_loss": 45.984, "kld_weight": 0.1}
{"message": "", "levelname": "INFO", "name": "Trainer", "asctime": "2026-04-17 05:45:44,493", "type": "train", "epoch": 17, "batch": 6479, "n_batches": 7774, "time": 1.888, "data_time": 0.0, "lr": 0.0001, "loss": -26.439, "recon_loss": -30.465, "kld_loss": 40.267, "kld_weight": 0.1}
{"message": "", "levelname": "INFO", "name": "Trainer", "asctime": "2026-04-17 05:46:09,945", "type": "train", "epoch": 17, "batch": 6559, "n_batches": 7774, "time": 1.762, "data_time": 0.0, "lr": 0.0001, "loss": -24.022, "recon_loss": -28.151, "kld_loss": 41.294, "kld_weight": 0.1}
{"message": "", "levelname": "INFO", "name": "Trainer", "asctime": "2026-04-17 05:46:33,160", "type": "train", "epoch": 17, "batch": 6639, "n_batches": 7774, "time": 1.977, "data_time": 0.0, "lr": 0.0001, "loss": -19.511, "recon_loss": -23.717, "kld_loss": 42.059, "kld_weight": 0.1}
{"message": "", "levelname": "INFO", "name": "Trainer", "asctime": "2026-04-17 05:46:58,596", "type": "train", "epoch": 17, "batch": 6719, "n_batches": 7774, "time": 3.343, "data_time": 0.001, "lr": 0.0001, "loss": -19.286, "recon_loss": -24.08, "kld_loss": 47.937, "kld_weight": 0.1}
{"message": "", "levelname": "INFO", "name": "Trainer", "asctime": "2026-04-17 05:47:23,636", "type": "train", "epoch": 17, "batch": 6799, "n_batches": 7774, "time": 2.226, "data_time": 0.001, "lr": 0.0001, "loss": -23.421, "recon_loss": -27.843, "kld_loss": 44.218, "kld_weight": 0.1}
{"message": "", "levelname": "INFO", "name": "Trainer", "asctime": "2026-04-17 05:47:49,266", "type": "train", "epoch": 17, "batch": 6879, "n_batches": 7774, "time": 2.774, "data_time": 0.001, "lr": 0.0001, "loss": -24.563, "recon_loss": -28.85, "kld_loss": 42.878, "kld_weight": 0.1}
{"message": "", "levelname": "INFO", "name": "Trainer", "asctime": "2026-04-17 05:48:13,174", "type": "train", "epoch": 17, "batch": 6959, "n_batches": 7774, "time": 2.363, "data_time": 0.001, "lr": 0.0001, "loss": -22.389, "recon_loss": -26.902, "kld_loss": 45.138, "kld_weight": 0.1}
{"message": "", "levelname": "INFO", "name": "Trainer", "asctime": "2026-04-17 05:48:39,913", "type": "train", "epoch": 17, "batch": 7039, "n_batches": 7774, "time": 2.321, "data_time": 0.0, "lr": 0.0001, "loss": -21.612, "recon_loss": -25.774, "kld_loss": 41.626, "kld_weight": 0.1}
{"message": "", "levelname": "INFO", "name": "Trainer", "asctime": "2026-04-17 05:49:04,194", "type": "train", "epoch": 17, "batch": 7119, "n_batches": 7774, "time": 2.462, "data_time": 0.001, "lr": 0.0001, "loss": -23.051, "recon_loss": -27.922, "kld_loss": 48.717, "kld_weight": 0.1}
{"message": "", "levelname": "INFO", "name": "Trainer", "asctime": "2026-04-17 05:49:30,620", "type": "train", "epoch": 17, "batch": 7199, "n_batches": 7774, "time": 2.12, "data_time": 0.0, "lr": 0.0001, "loss": -27.473, "recon_loss": -32.354, "kld_loss": 48.809, "kld_weight": 0.1}
{"message": "", "levelname": "INFO", "name": "Trainer", "asctime": "2026-04-17 05:49:53,298", "type": "train", "epoch": 17, "batch": 7279, "n_batches": 7774, "time": 1.997, "data_time": 0.0, "lr": 0.0001, "loss": -25.218, "recon_loss": -29.433, "kld_loss": 42.149, "kld_weight": 0.1}
{"message": "", "levelname": "INFO", "name": "Trainer", "asctime": "2026-04-17 05:50:17,331", "type": "train", "epoch": 17, "batch": 7359, "n_batches": 7774, "time": 2.108, "data_time": 0.001, "lr": 0.0001, "loss": -30.271, "recon_loss": -34.538, "kld_loss": 42.677, "kld_weight": 0.1}
{"message": "", "levelname": "INFO", "name": "Trainer", "asctime": "2026-04-17 05:50:43,033", "type": "train", "epoch": 17, "batch": 7439, "n_batches": 7774, "time": 2.246, "data_time": 0.0, "lr": 0.0001, "loss": -24.33, "recon_loss": -29.257, "kld_loss": 49.27, "kld_weight": 0.1}
{"message": "", "levelname": "INFO", "name": "Trainer", "asctime": "2026-04-17 05:51:08,119", "type": "train", "epoch": 17, "batch": 7519, "n_batches": 7774, "time": 2.803, "data_time": 0.001, "lr": 0.0001, "loss": -21.467, "recon_loss": -25.873, "kld_loss": 44.069, "kld_weight": 0.1}
{"message": "", "levelname": "INFO", "name": "Trainer", "asctime": "2026-04-17 05:51:34,217", "type": "train", "epoch": 17, "batch": 7599, "n_batches": 7774, "time": 2.669, "data_time": 0.001, "lr": 0.0001, "loss": -19.276, "recon_loss": -24.039, "kld_loss": 47.628, "kld_weight": 0.1}
{"message": "", "levelname": "INFO", "name": "Trainer", "asctime": "2026-04-17 05:51:59,495", "type": "train", "epoch": 17, "batch": 7679, "n_batches": 7774, "time": 3.054, "data_time": 0.001, "lr": 0.0001, "loss": -28.479, "recon_loss": -33.345, "kld_loss": 48.663, "kld_weight": 0.1}
{"message": "", "levelname": "INFO", "name": "Trainer", "asctime": "2026-04-17 05:52:24,510", "type": "train", "epoch": 17, "batch": 7759, "n_batches": 7774, "time": 2.099, "data_time": 0.0, "lr": 0.0001, "loss": -25.946, "recon_loss": -30.977, "kld_loss": 50.31, "kld_weight": 0.1}
{"message": "", "levelname": "INFO", "name": "Trainer", "asctime": "2026-04-17 05:52:28,559", "type": "train-epoch", "epoch": 18, "loss": -2.96965, "recon_loss": -3.53825, "kld_loss": 5.68595, "kld_weight": 0.1, "time": 2408.0}
{"message": "", "levelname": "INFO", "name": "Trainer", "asctime": "2026-04-17 05:58:50,481", "type": "val-epoch", "epoch": 18, "loss": -2.988, "test_loss": -0.085, "recon_loss": -3.551, "kld_loss": 5.632, "kld_weight": 0.1, "note": "loss is teacher-forced CVAE objective; test_loss is prior-only reconstruction", "time": 381.9}
{"message": "", "levelname": "INFO", "name": "Trainer", "asctime": "2026-04-17 05:59:14,153", "type": "train", "epoch": 18, "batch": 79, "n_batches": 7774, "time": 1.982, "data_time": 0.001, "lr": 0.0001, "loss": -20.091, "recon_loss": -24.354, "kld_loss": 42.634, "kld_weight": 0.1}
{"message": "", "levelname": "INFO", "name": "Trainer", "asctime": "2026-04-17 05:59:38,438", "type": "train", "epoch": 18, "batch": 159, "n_batches": 7774, "time": 1.88, "data_time": 0.0, "lr": 0.0001, "loss": -21.088, "recon_loss": -26.374, "kld_loss": 52.864, "kld_weight": 0.1}
{"message": "", "levelname": "INFO", "name": "Trainer", "asctime": "2026-04-17 06:00:04,534", "type": "train", "epoch": 18, "batch": 239, "n_batches": 7774, "time": 2.922, "data_time": 0.001, "lr": 0.0001, "loss": -22.137, "recon_loss": -26.258, "kld_loss": 41.214, "kld_weight": 0.1}
{"message": "", "levelname": "INFO", "name": "Trainer", "asctime": "2026-04-17 06:00:30,120", "type": "train", "epoch": 18, "batch": 319, "n_batches": 7774, "time": 2.114, "data_time": 0.001, "lr": 0.0001, "loss": -26.528, "recon_loss": -31.044, "kld_loss": 45.161, "kld_weight": 0.1}
{"message": "", "levelname": "INFO", "name": "Trainer", "asctime": "2026-04-17 06:00:55,676", "type": "train", "epoch": 18, "batch": 399, "n_batches": 7774, "time": 2.711, "data_time": 0.001, "lr": 0.0001, "loss": -26.072, "recon_loss": -30.773, "kld_loss": 47.003, "kld_weight": 0.1}
{"message": "", "levelname": "INFO", "name": "Trainer", "asctime": "2026-04-17 06:01:20,689", "type": "train", "epoch": 18, "batch": 479, "n_batches": 7774, "time": 3.056, "data_time": 0.001, "lr": 0.0001, "loss": -20.628, "recon_loss": -25.592, "kld_loss": 49.639, "kld_weight": 0.1}
{"message": "", "levelname": "INFO", "name": "Trainer", "asctime": "2026-04-17 06:01:47,867", "type": "train", "epoch": 18, "batch": 559, "n_batches": 7774, "time": 2.594, "data_time": 0.001, "lr": 0.0001, "loss": -24.025, "recon_loss": -29.622, "kld_loss": 55.971, "kld_weight": 0.1}
{"message": "", "levelname": "INFO", "name": "Trainer", "asctime": "2026-04-17 06:02:10,817", "type": "train", "epoch": 18, "batch": 639, "n_batches": 7774, "time": 2.094, "data_time": 0.001, "lr": 0.0001, "loss": -27.762, "recon_loss": -32.164, "kld_loss": 44.011, "kld_weight": 0.1}
{"message": "", "levelname": "INFO", "name": "Trainer", "asctime": "2026-04-17 06:02:36,045", "type": "train", "epoch": 18, "batch": 719, "n_batches": 7774, "time": 2.559, "data_time": 0.001, "lr": 0.0001, "loss": -19.63, "recon_loss": -24.075, "kld_loss": 44.449, "kld_weight": 0.1}
{"message": "", "levelname": "INFO", "name": "Trainer", "asctime": "2026-04-17 06:02:58,558", "type": "train", "epoch": 18, "batch": 799, "n_batches": 7774, "time": 2.264, "data_time": 0.0, "lr": 0.0001, "loss": -19.649, "recon_loss": -24.471, "kld_loss": 48.221, "kld_weight": 0.1}
{"message": "", "levelname": "INFO", "name": "Trainer", "asctime": "2026-04-17 06:03:21,863", "type": "train", "epoch": 18, "batch": 879, "n_batches": 7774, "time": 2.243, "data_time": 0.0, "lr": 0.0001, "loss": -25.126, "recon_loss": -29.483, "kld_loss": 43.564, "kld_weight": 0.1}
{"message": "", "levelname": "INFO", "name": "Trainer", "asctime": "2026-04-17 06:03:48,293", "type": "train", "epoch": 18, "batch": 959, "n_batches": 7774, "time": 2.088, "data_time": 0.0, "lr": 0.0001, "loss": -26.587, "recon_loss": -31.02, "kld_loss": 44.327, "kld_weight": 0.1}
{"message": "", "levelname": "INFO", "name": "Trainer", "asctime": "2026-04-17 06:04:15,092", "type": "train", "epoch": 18, "batch": 1039, "n_batches": 7774, "time": 3.047, "data_time": 0.001, "lr": 0.0001, "loss": -29.118, "recon_loss": -34.397, "kld_loss": 52.793, "kld_weight": 0.1}
{"message": "", "levelname": "INFO", "name": "Trainer", "asctime": "2026-04-17 06:04:39,789", "type": "train", "epoch": 18, "batch": 1119, "n_batches": 7774, "time": 3.067, "data_time": 0.0, "lr": 0.0001, "loss": -27.271, "recon_loss": -32.176, "kld_loss": 49.049, "kld_weight": 0.1}
{"message": "", "levelname": "INFO", "name": "Trainer", "asctime": "2026-04-17 06:05:04,605", "type": "train", "epoch": 18, "batch": 1199, "n_batches": 7774, "time": 2.259, "data_time": 0.0, "lr": 0.0001, "loss": -19.191, "recon_loss": -23.551, "kld_loss": 43.599, "kld_weight": 0.1}
{"message": "", "levelname": "INFO", "name": "Trainer", "asctime": "2026-04-17 06:05:29,660", "type": "train", "epoch": 18, "batch": 1279, "n_batches": 7774, "time": 2.724, "data_time": 0.0, "lr": 0.0001, "loss": -24.123, "recon_loss": -28.378, "kld_loss": 42.545, "kld_weight": 0.1}
{"message": "", "levelname": "INFO", "name": "Trainer", "asctime": "2026-04-17 06:05:52,685", "type": "train", "epoch": 18, "batch": 1359, "n_batches": 7774, "time": 2.239, "data_time": 0.001, "lr": 0.0001, "loss": -22.002, "recon_loss": -27.474, "kld_loss": 54.711, "kld_weight": 0.1}
{"message": "", "levelname": "INFO", "name": "Trainer", "asctime": "2026-04-17 06:06:16,002", "type": "train", "epoch": 18, "batch": 1439, "n_batches": 7774, "time": 2.404, "data_time": 0.001, "lr": 0.0001, "loss": -23.997, "recon_loss": -29.244, "kld_loss": 52.469, "kld_weight": 0.1}
{"message": "", "levelname": "INFO", "name": "Trainer", "asctime": "2026-04-17 06:06:40,786", "type": "train", "epoch": 18, "batch": 1519, "n_batches": 7774, "time": 2.198, "data_time": 0.0, "lr": 0.0001, "loss": -25.183, "recon_loss": -29.497, "kld_loss": 43.139, "kld_weight": 0.1}
{"message": "", "levelname": "INFO", "name": "Trainer", "asctime": "2026-04-17 06:07:04,091", "type": "train", "epoch": 18, "batch": 1599, "n_batches": 7774, "time": 2.718, "data_time": 0.001, "lr": 0.0001, "loss": -21.624, "recon_loss": -26.069, "kld_loss": 44.451, "kld_weight": 0.1}
{"message": "", "levelname": "INFO", "name": "Trainer", "asctime": "2026-04-17 06:07:29,064", "type": "train", "epoch": 18, "batch": 1679, "n_batches": 7774, "time": 1.935, "data_time": 0.0, "lr": 0.0001, "loss": -24.111, "recon_loss": -28.69, "kld_loss": 45.788, "kld_weight": 0.1}
{"message": "", "levelname": "INFO", "name": "Trainer", "asctime": "2026-04-17 06:07:53,386", "type": "train", "epoch": 18, "batch": 1759, "n_batches": 7774, "time": 2.186, "data_time": 0.0, "lr": 0.0001, "loss": -23.358, "recon_loss": -28.184, "kld_loss": 48.268, "kld_weight": 0.1}
{"message": "", "levelname": "INFO", "name": "Trainer", "asctime": "2026-04-17 06:08:15,914", "type": "train", "epoch": 18, "batch": 1839, "n_batches": 7774, "time": 2.417, "data_time": 0.001, "lr": 0.0001, "loss": -25.065, "recon_loss": -29.415, "kld_loss": 43.497, "kld_weight": 0.1}
{"message": "", "levelname": "INFO", "name": "Trainer", "asctime": "2026-04-17 06:08:40,374", "type": "train", "epoch": 18, "batch": 1919, "n_batches": 7774, "time": 2.047, "data_time": 0.001, "lr": 0.0001, "loss": -28.079, "recon_loss": -32.362, "kld_loss": 42.827, "kld_weight": 0.1}
{"message": "", "levelname": "INFO", "name": "Trainer", "asctime": "2026-04-17 06:09:05,588", "type": "train", "epoch": 18, "batch": 1999, "n_batches": 7774, "time": 2.844, "data_time": 0.001, "lr": 0.0001, "loss": -15.065, "recon_loss": -20.255, "kld_loss": 51.9, "kld_weight": 0.1}
{"message": "", "levelname": "INFO", "name": "Trainer", "asctime": "2026-04-17 06:09:32,881", "type": "train", "epoch": 18, "batch": 2079, "n_batches": 7774, "time": 3.094, "data_time": 0.001, "lr": 0.0001, "loss": -25.722, "recon_loss": -30.382, "kld_loss": 46.601, "kld_weight": 0.1}
{"message": "", "levelname": "INFO", "name": "Trainer", "asctime": "2026-04-17 06:09:58,303", "type": "train", "epoch": 18, "batch": 2159, "n_batches": 7774, "time": 2.765, "data_time": 0.0, "lr": 0.0001, "loss": -23.265, "recon_loss": -28.05, "kld_loss": 47.857, "kld_weight": 0.1}
{"message": "", "levelname": "INFO", "name": "Trainer", "asctime": "2026-04-17 06:10:23,204", "type": "train", "epoch": 18, "batch": 2239, "n_batches": 7774, "time": 2.368, "data_time": 0.001, "lr": 0.0001, "loss": -19.99, "recon_loss": -24.706, "kld_loss": 47.158, "kld_weight": 0.1}
{"message": "", "levelname": "INFO", "name": "Trainer", "asctime": "2026-04-17 06:10:47,449", "type": "train", "epoch": 18, "batch": 2319, "n_batches": 7774, "time": 2.469, "data_time": 0.001, "lr": 0.0001, "loss": -19.076, "recon_loss": -24.194, "kld_loss": 51.18, "kld_weight": 0.1}
{"message": "", "levelname": "INFO", "name": "Trainer", "asctime": "2026-04-17 06:11:13,265", "type": "train", "epoch": 18, "batch": 2399, "n_batches": 7774, "time": 2.022, "data_time": 0.001, "lr": 0.0001, "loss": -27.213, "recon_loss": -31.33, "kld_loss": 41.163, "kld_weight": 0.1}
{"message": "", "levelname": "INFO", "name": "Trainer", "asctime": "2026-04-17 06:11:38,968", "type": "train", "epoch": 18, "batch": 2479, "n_batches": 7774, "time": 3.017, "data_time": 0.001, "lr": 0.0001, "loss": -20.188, "recon_loss": -24.972, "kld_loss": 47.845, "kld_weight": 0.1}
{"message": "", "levelname": "INFO", "name": "Trainer", "asctime": "2026-04-17 06:12:03,315", "type": "train", "epoch": 18, "batch": 2559, "n_batches": 7774, "time": 2.489, "data_time": 0.001, "lr": 0.0001, "loss": -20.303, "recon_loss": -24.816, "kld_loss": 45.132, "kld_weight": 0.1}
{"message": "", "levelname": "INFO", "name": "Trainer", "asctime": "2026-04-17 06:12:28,681", "type": "train", "epoch": 18, "batch": 2639, "n_batches": 7774, "time": 2.034, "data_time": 0.0, "lr": 0.0001, "loss": -21.853, "recon_loss": -26.676, "kld_loss": 48.229, "kld_weight": 0.1}
{"message": "", "levelname": "INFO", "name": "Trainer", "asctime": "2026-04-17 06:12:51,762", "type": "train", "epoch": 18, "batch": 2719, "n_batches": 7774, "time": 2.559, "data_time": 0.0, "lr": 0.0001, "loss": -24.49, "recon_loss": -29.042, "kld_loss": 45.518, "kld_weight": 0.1}
{"message": "", "levelname": "INFO", "name": "Trainer", "asctime": "2026-04-17 06:13:18,962", "type": "train", "epoch": 18, "batch": 2799, "n_batches": 7774, "time": 2.993, "data_time": 0.0, "lr": 0.0001, "loss": -25.722, "recon_loss": -30.473, "kld_loss": 47.505, "kld_weight": 0.1}
{"message": "", "levelname": "INFO", "name": "Trainer", "asctime": "2026-04-17 06:13:40,701", "type": "train", "epoch": 18, "batch": 2879, "n_batches": 7774, "time": 2.251, "data_time": 0.001, "lr": 0.0001, "loss": -23.641, "recon_loss": -28.213, "kld_loss": 45.719, "kld_weight": 0.1}
{"message": "", "levelname": "INFO", "name": "Trainer", "asctime": "2026-04-17 06:14:06,253", "type": "train", "epoch": 18, "batch": 2959, "n_batches": 7774, "time": 2.414, "data_time": 0.001, "lr": 0.0001, "loss": -28.406, "recon_loss": -32.955, "kld_loss": 45.491, "kld_weight": 0.1}
{"message": "", "levelname": "INFO", "name": "Trainer", "asctime": "2026-04-17 06:14:32,225", "type": "train", "epoch": 18, "batch": 3039, "n_batches": 7774, "time": 3.026, "data_time": 0.0, "lr": 0.0001, "loss": -23.259, "recon_loss": -27.705, "kld_loss": 44.455, "kld_weight": 0.1}
{"message": "", "levelname": "INFO", "name": "Trainer", "asctime": "2026-04-17 06:14:56,739", "type": "train", "epoch": 18, "batch": 3119, "n_batches": 7774, "time": 2.75, "data_time": 0.001, "lr": 0.0001, "loss": -24.013, "recon_loss": -28.449, "kld_loss": 44.361, "kld_weight": 0.1}
{"message": "", "levelname": "INFO", "name": "Trainer", "asctime": "2026-04-17 06:15:21,230", "type": "train", "epoch": 18, "batch": 3199, "n_batches": 7774, "time": 2.797, "data_time": 0.001, "lr": 0.0001, "loss": -21.38, "recon_loss": -26.059, "kld_loss": 46.788, "kld_weight": 0.1}
{"message": "", "levelname": "INFO", "name": "Trainer", "asctime": "2026-04-17 06:15:46,053", "type": "train", "epoch": 18, "batch": 3279, "n_batches": 7774, "time": 2.446, "data_time": 0.0, "lr": 0.0001, "loss": -24.306, "recon_loss": -28.612, "kld_loss": 43.068, "kld_weight": 0.1}
{"message": "", "levelname": "INFO", "name": "Trainer", "asctime": "2026-04-17 06:16:11,135", "type": "train", "epoch": 18, "batch": 3359, "n_batches": 7774, "time": 2.917, "data_time": 0.001, "lr": 0.0001, "loss": -26.295, "recon_loss": -30.495, "kld_loss": 41.998, "kld_weight": 0.1}
{"message": "", "levelname": "INFO", "name": "Trainer", "asctime": "2026-04-17 06:16:34,638", "type": "train", "epoch": 18, "batch": 3439, "n_batches": 7774, "time": 2.287, "data_time": 0.0, "lr": 0.0001, "loss": -20.494, "recon_loss": -24.771, "kld_loss": 42.775, "kld_weight": 0.1}
{"message": "", "levelname": "INFO", "name": "Trainer", "asctime": "2026-04-17 06:16:59,900", "type": "train", "epoch": 18, "batch": 3519, "n_batches": 7774, "time": 2.345, "data_time": 0.001, "lr": 0.0001, "loss": -27.281, "recon_loss": -31.652, "kld_loss": 43.708, "kld_weight": 0.1}
{"message": "", "levelname": "INFO", "name": "Trainer", "asctime": "2026-04-17 06:17:25,001", "type": "train", "epoch": 18, "batch": 3599, "n_batches": 7774, "time": 2.238, "data_time": 0.001, "lr": 0.0001, "loss": -25.185, "recon_loss": -29.677, "kld_loss": 44.921, "kld_weight": 0.1}
{"message": "", "levelname": "INFO", "name": "Trainer", "asctime": "2026-04-17 06:17:47,892", "type": "train", "epoch": 18, "batch": 3679, "n_batches": 7774, "time": 2.768, "data_time": 0.001, "lr": 0.0001, "loss": -20.566, "recon_loss": -26.07, "kld_loss": 55.042, "kld_weight": 0.1}
{"message": "", "levelname": "INFO", "name": "Trainer", "asctime": "2026-04-17 06:18:10,509", "type": "train", "epoch": 18, "batch": 3759, "n_batches": 7774, "time": 2.362, "data_time": 0.0, "lr": 0.0001, "loss": -19.166, "recon_loss": -23.45, "kld_loss": 42.841, "kld_weight": 0.1}
{"message": "", "levelname": "INFO", "name": "Trainer", "asctime": "2026-04-17 06:18:36,069", "type": "train", "epoch": 18, "batch": 3839, "n_batches": 7774, "time": 2.436, "data_time": 0.001, "lr": 0.0001, "loss": -31.912, "recon_loss": -36.159, "kld_loss": 42.474, "kld_weight": 0.1}
{"message": "", "levelname": "INFO", "name": "Trainer", "asctime": "2026-04-17 06:19:02,028", "type": "train", "epoch": 18, "batch": 3919, "n_batches": 7774, "time": 2.763, "data_time": 0.001, "lr": 0.0001, "loss": -19.345, "recon_loss": -23.841, "kld_loss": 44.965, "kld_weight": 0.1}
{"message": "", "levelname": "INFO", "name": "Trainer", "asctime": "2026-04-17 06:19:29,431", "type": "train", "epoch": 18, "batch": 3999, "n_batches": 7774, "time": 3.326, "data_time": 0.001, "lr": 0.0001, "loss": -21.332, "recon_loss": -26.229, "kld_loss": 48.968, "kld_weight": 0.1}
{"message": "", "levelname": "INFO", "name": "Trainer", "asctime": "2026-04-17 06:19:55,910", "type": "train", "epoch": 18, "batch": 4079, "n_batches": 7774, "time": 1.938, "data_time": 0.0, "lr": 0.0001, "loss": -25.938, "recon_loss": -30.35, "kld_loss": 44.114, "kld_weight": 0.1}
{"message": "", "levelname": "INFO", "name": "Trainer", "asctime": "2026-04-17 06:20:20,689", "type": "train", "epoch": 18, "batch": 4159, "n_batches": 7774, "time": 2.116, "data_time": 0.0, "lr": 0.0001, "loss": -28.859, "recon_loss": -33.222, "kld_loss": 43.632, "kld_weight": 0.1}
{"message": "", "levelname": "INFO", "name": "Trainer", "asctime": "2026-04-17 06:20:46,405", "type": "train", "epoch": 18, "batch": 4239, "n_batches": 7774, "time": 2.859, "data_time": 0.001, "lr": 0.0001, "loss": -23.331, "recon_loss": -27.882, "kld_loss": 45.515, "kld_weight": 0.1}
{"message": "", "levelname": "INFO", "name": "Trainer", "asctime": "2026-04-17 06:21:11,106", "type": "train", "epoch": 18, "batch": 4319, "n_batches": 7774, "time": 2.651, "data_time": 0.001, "lr": 0.0001, "loss": -30.151, "recon_loss": -34.508, "kld_loss": 43.568, "kld_weight": 0.1}
{"message": "", "levelname": "INFO", "name": "Trainer", "asctime": "2026-04-17 06:21:35,821", "type": "train", "epoch": 18, "batch": 4399, "n_batches": 7774, "time": 2.615, "data_time": 0.0, "lr": 0.0001, "loss": -24.432, "recon_loss": -28.726, "kld_loss": 42.934, "kld_weight": 0.1}
{"message": "", "levelname": "INFO", "name": "Trainer", "asctime": "2026-04-17 06:21:59,219", "type": "train", "epoch": 18, "batch": 4479, "n_batches": 7774, "time": 2.286, "data_time": 0.001, "lr": 0.0001, "loss": -22.373, "recon_loss": -27.733, "kld_loss": 53.591, "kld_weight": 0.1}
{"message": "", "levelname": "INFO", "name": "Trainer", "asctime": "2026-04-17 06:22:25,193", "type": "train", "epoch": 18, "batch": 4559, "n_batches": 7774, "time": 2.677, "data_time": 0.0, "lr": 0.0001, "loss": -24.188, "recon_loss": -28.906, "kld_loss": 47.174, "kld_weight": 0.1}
{"message": "", "levelname": "INFO", "name": "Trainer", "asctime": "2026-04-17 06:22:48,933", "type": "train", "epoch": 18, "batch": 4639, "n_batches": 7774, "time": 2.16, "data_time": 0.001, "lr": 0.0001, "loss": -23.951, "recon_loss": -28.188, "kld_loss": 42.372, "kld_weight": 0.1}
{"message": "", "levelname": "INFO", "name": "Trainer", "asctime": "2026-04-17 06:23:12,275", "type": "train", "epoch": 18, "batch": 4719, "n_batches": 7774, "time": 2.408, "data_time": 0.0, "lr": 0.0001, "loss": -23.062, "recon_loss": -28.04, "kld_loss": 49.775, "kld_weight": 0.1}
{"message": "", "levelname": "INFO", "name": "Trainer", "asctime": "2026-04-17 06:23:37,395", "type": "train", "epoch": 18, "batch": 4799, "n_batches": 7774, "time": 2.191, "data_time": 0.0, "lr": 0.0001, "loss": -22.551, "recon_loss": -27.164, "kld_loss": 46.137, "kld_weight": 0.1}
{"message": "", "levelname": "INFO", "name": "Trainer", "asctime": "2026-04-17 06:24:02,004", "type": "train", "epoch": 18, "batch": 4879, "n_batches": 7774, "time": 2.419, "data_time": 0.001, "lr": 0.0001, "loss": -23.839, "recon_loss": -28.93, "kld_loss": 50.909, "kld_weight": 0.1}
{"message": "", "levelname": "INFO", "name": "Trainer", "asctime": "2026-04-17 06:24:27,104", "type": "train", "epoch": 18, "batch": 4959, "n_batches": 7774, "time": 2.096, "data_time": 0.001, "lr": 0.0001, "loss": -23.685, "recon_loss": -28.488, "kld_loss": 48.038, "kld_weight": 0.1}
{"message": "", "levelname": "INFO", "name": "Trainer", "asctime": "2026-04-17 06:24:52,247", "type": "train", "epoch": 18, "batch": 5039, "n_batches": 7774, "time": 2.409, "data_time": 0.0, "lr": 0.0001, "loss": -29.113, "recon_loss": -33.099, "kld_loss": 39.857, "kld_weight": 0.1}
{"message": "", "levelname": "INFO", "name": "Trainer", "asctime": "2026-04-17 06:25:18,535", "type": "train", "epoch": 18, "batch": 5119, "n_batches": 7774, "time": 2.974, "data_time": 0.0, "lr": 0.0001, "loss": -18.591, "recon_loss": -22.985, "kld_loss": 43.948, "kld_weight": 0.1}
{"message": "", "levelname": "INFO", "name": "Trainer", "asctime": "2026-04-17 06:25:45,802", "type": "train", "epoch": 18, "batch": 5199, "n_batches": 7774, "time": 2.58, "data_time": 0.0, "lr": 0.0001, "loss": -21.647, "recon_loss": -26.271, "kld_loss": 46.245, "kld_weight": 0.1}
{"message": "", "levelname": "INFO", "name": "Trainer", "asctime": "2026-04-17 06:26:09,544", "type": "train", "epoch": 18, "batch": 5279, "n_batches": 7774, "time": 2.382, "data_time": 0.0, "lr": 0.0001, "loss": -20.164, "recon_loss": -24.401, "kld_loss": 42.374, "kld_weight": 0.1}
{"message": "", "levelname": "INFO", "name": "Trainer", "asctime": "2026-04-17 06:26:34,884", "type": "train", "epoch": 18, "batch": 5359, "n_batches": 7774, "time": 2.719, "data_time": 0.001, "lr": 0.0001, "loss": -20.675, "recon_loss": -25.053, "kld_loss": 43.784, "kld_weight": 0.1}
{"message": "", "levelname": "INFO", "name": "Trainer", "asctime": "2026-04-17 06:26:58,882", "type": "train", "epoch": 18, "batch": 5439, "n_batches": 7774, "time": 2.688, "data_time": 0.001, "lr": 0.0001, "loss": -24.657, "recon_loss": -29.247, "kld_loss": 45.907, "kld_weight": 0.1}
{"message": "", "levelname": "INFO", "name": "Trainer", "asctime": "2026-04-17 06:27:22,819", "type": "train", "epoch": 18, "batch": 5519, "n_batches": 7774, "time": 2.02, "data_time": 0.001, "lr": 0.0001, "loss": -26.265, "recon_loss": -30.668, "kld_loss": 44.026, "kld_weight": 0.1}
{"message": "", "levelname": "INFO", "name": "Trainer", "asctime": "2026-04-17 06:27:46,941", "type": "train", "epoch": 18, "batch": 5599, "n_batches": 7774, "time": 2.19, "data_time": 0.001, "lr": 0.0001, "loss": -23.154, "recon_loss": -28.275, "kld_loss": 51.21, "kld_weight": 0.1}
{"message": "", "levelname": "INFO", "name": "Trainer", "asctime": "2026-04-17 06:28:11,140", "type": "train", "epoch": 18, "batch": 5679, "n_batches": 7774, "time": 2.162, "data_time": 0.001, "lr": 0.0001, "loss": -25.487, "recon_loss": -30.286, "kld_loss": 47.983, "kld_weight": 0.1}
{"message": "", "levelname": "INFO", "name": "Trainer", "asctime": "2026-04-17 06:28:35,812", "type": "train", "epoch": 18, "batch": 5759, "n_batches": 7774, "time": 2.577, "data_time": 0.0, "lr": 0.0001, "loss": -22.354, "recon_loss": -26.713, "kld_loss": 43.593, "kld_weight": 0.1}
{"message": "", "levelname": "INFO", "name": "Trainer", "asctime": "2026-04-17 06:29:01,743", "type": "train", "epoch": 18, "batch": 5839, "n_batches": 7774, "time": 2.327, "data_time": 0.0, "lr": 0.0001, "loss": -18.738, "recon_loss": -23.36, "kld_loss": 46.219, "kld_weight": 0.1}
{"message": "", "levelname": "INFO", "name": "Trainer", "asctime": "2026-04-17 06:29:25,775", "type": "train", "epoch": 18, "batch": 5919, "n_batches": 7774, "time": 1.954, "data_time": 0.001, "lr": 0.0001, "loss": -26.788, "recon_loss": -31.051, "kld_loss": 42.627, "kld_weight": 0.1}
{"message": "", "levelname": "INFO", "name": "Trainer", "asctime": "2026-04-17 06:29:51,481", "type": "train", "epoch": 18, "batch": 5999, "n_batches": 7774, "time": 2.421, "data_time": 0.001, "lr": 0.0001, "loss": -26.498, "recon_loss": -30.863, "kld_loss": 43.649, "kld_weight": 0.1}
{"message": "", "levelname": "INFO", "name": "Trainer", "asctime": "2026-04-17 06:30:18,088", "type": "train", "epoch": 18, "batch": 6079, "n_batches": 7774, "time": 2.634, "data_time": 0.0, "lr": 0.0001, "loss": -18.459, "recon_loss": -22.755, "kld_loss": 42.958, "kld_weight": 0.1}
{"message": "", "levelname": "INFO", "name": "Trainer", "asctime": "2026-04-17 06:30:41,636", "type": "train", "epoch": 18, "batch": 6159, "n_batches": 7774, "time": 2.38, "data_time": 0.001, "lr": 0.0001, "loss": -32.942, "recon_loss": -36.862, "kld_loss": 39.206, "kld_weight": 0.1}
{"message": "", "levelname": "INFO", "name": "Trainer", "asctime": "2026-04-17 06:31:05,717", "type": "train", "epoch": 18, "batch": 6239, "n_batches": 7774, "time": 2.382, "data_time": 0.001, "lr": 0.0001, "loss": -23.482, "recon_loss": -28.429, "kld_loss": 49.472, "kld_weight": 0.1}
{"message": "", "levelname": "INFO", "name": "Trainer", "asctime": "2026-04-17 06:31:30,215", "type": "train", "epoch": 18, "batch": 6319, "n_batches": 7774, "time": 2.498, "data_time": 0.0, "lr": 0.0001, "loss": -21.27, "recon_loss": -25.85, "kld_loss": 45.804, "kld_weight": 0.1}
{"message": "", "levelname": "INFO", "name": "Trainer", "asctime": "2026-04-17 06:31:55,586", "type": "train", "epoch": 18, "batch": 6399, "n_batches": 7774, "time": 2.339, "data_time": 0.001, "lr": 0.0001, "loss": -17.087, "recon_loss": -21.616, "kld_loss": 45.285, "kld_weight": 0.1}
{"message": "", "levelname": "INFO", "name": "Trainer", "asctime": "2026-04-17 06:32:19,960", "type": "train", "epoch": 18, "batch": 6479, "n_batches": 7774, "time": 2.616, "data_time": 0.0, "lr": 0.0001, "loss": -21.66, "recon_loss": -26.046, "kld_loss": 43.862, "kld_weight": 0.1}
{"message": "", "levelname": "INFO", "name": "Trainer", "asctime": "2026-04-17 06:32:44,034", "type": "train", "epoch": 18, "batch": 6559, "n_batches": 7774, "time": 2.712, "data_time": 0.001, "lr": 0.0001, "loss": -28.886, "recon_loss": -33.108, "kld_loss": 42.22, "kld_weight": 0.1}
{"message": "", "levelname": "INFO", "name": "Trainer", "asctime": "2026-04-17 06:33:07,938", "type": "train", "epoch": 18, "batch": 6639, "n_batches": 7774, "time": 2.319, "data_time": 0.001, "lr": 0.0001, "loss": -21.927, "recon_loss": -26.092, "kld_loss": 41.653, "kld_weight": 0.1}
{"message": "", "levelname": "INFO", "name": "Trainer", "asctime": "2026-04-17 06:33:31,959", "type": "train", "epoch": 18, "batch": 6719, "n_batches": 7774, "time": 1.633, "data_time": 0.001, "lr": 0.0001, "loss": -27.745, "recon_loss": -32.105, "kld_loss": 43.594, "kld_weight": 0.1}
{"message": "", "levelname": "INFO", "name": "Trainer", "asctime": "2026-04-17 06:33:56,857", "type": "train", "epoch": 18, "batch": 6799, "n_batches": 7774, "time": 2.473, "data_time": 0.001, "lr": 0.0001, "loss": -28.181, "recon_loss": -32.778, "kld_loss": 45.967, "kld_weight": 0.1}
{"message": "", "levelname": "INFO", "name": "Trainer", "asctime": "2026-04-17 06:34:21,335", "type": "train", "epoch": 18, "batch": 6879, "n_batches": 7774, "time": 2.615, "data_time": 0.001, "lr": 0.0001, "loss": -25.003, "recon_loss": -29.884, "kld_loss": 48.805, "kld_weight": 0.1}
{"message": "", "levelname": "INFO", "name": "Trainer", "asctime": "2026-04-17 06:34:45,967", "type": "train", "epoch": 18, "batch": 6959, "n_batches": 7774, "time": 2.8, "data_time": 0.0, "lr": 0.0001, "loss": -23.218, "recon_loss": -27.582, "kld_loss": 43.648, "kld_weight": 0.1}
{"message": "", "levelname": "INFO", "name": "Trainer", "asctime": "2026-04-17 06:35:10,512", "type": "train", "epoch": 18, "batch": 7039, "n_batches": 7774, "time": 2.894, "data_time": 0.001, "lr": 0.0001, "loss": -22.513, "recon_loss": -26.816, "kld_loss": 43.033, "kld_weight": 0.1}
{"message": "", "levelname": "INFO", "name": "Trainer", "asctime": "2026-04-17 06:35:38,478", "type": "train", "epoch": 18, "batch": 7119, "n_batches": 7774, "time": 3.079, "data_time": 0.001, "lr": 0.0001, "loss": -19.591, "recon_loss": -23.839, "kld_loss": 42.48, "kld_weight": 0.1}
{"message": "", "levelname": "INFO", "name": "Trainer", "asctime": "2026-04-17 06:36:03,568", "type": "train", "epoch": 18, "batch": 7199, "n_batches": 7774, "time": 2.513, "data_time": 0.001, "lr": 0.0001, "loss": -19.844, "recon_loss": -24.803, "kld_loss": 49.591, "kld_weight": 0.1}
{"message": "", "levelname": "INFO", "name": "Trainer", "asctime": "2026-04-17 06:36:28,120", "type": "train", "epoch": 18, "batch": 7279, "n_batches": 7774, "time": 1.909, "data_time": 0.001, "lr": 0.0001, "loss": -19.572, "recon_loss": -23.924, "kld_loss": 43.519, "kld_weight": 0.1}
{"message": "", "levelname": "INFO", "name": "Trainer", "asctime": "2026-04-17 06:36:52,577", "type": "train", "epoch": 18, "batch": 7359, "n_batches": 7774, "time": 2.284, "data_time": 0.001, "lr": 0.0001, "loss": -25.049, "recon_loss": -29.333, "kld_loss": 42.844, "kld_weight": 0.1}
{"message": "", "levelname": "INFO", "name": "Trainer", "asctime": "2026-04-17 06:37:16,026", "type": "train", "epoch": 18, "batch": 7439, "n_batches": 7774, "time": 2.777, "data_time": 0.001, "lr": 0.0001, "loss": -23.166, "recon_loss": -27.463, "kld_loss": 42.977, "kld_weight": 0.1}
{"message": "", "levelname": "INFO", "name": "Trainer", "asctime": "2026-04-17 06:37:41,328", "type": "train", "epoch": 18, "batch": 7519, "n_batches": 7774, "time": 2.436, "data_time": 0.001, "lr": 0.0001, "loss": -23.012, "recon_loss": -27.549, "kld_loss": 45.372, "kld_weight": 0.1}
{"message": "", "levelname": "INFO", "name": "Trainer", "asctime": "2026-04-17 06:38:08,095", "type": "train", "epoch": 18, "batch": 7599, "n_batches": 7774, "time": 2.729, "data_time": 0.001, "lr": 0.0001, "loss": -22.408, "recon_loss": -26.899, "kld_loss": 44.916, "kld_weight": 0.1}
{"message": "", "levelname": "INFO", "name": "Trainer", "asctime": "2026-04-17 06:38:32,436", "type": "train", "epoch": 18, "batch": 7679, "n_batches": 7774, "time": 2.334, "data_time": 0.001, "lr": 0.0001, "loss": -26.597, "recon_loss": -31.272, "kld_loss": 46.748, "kld_weight": 0.1}
{"message": "", "levelname": "INFO", "name": "Trainer", "asctime": "2026-04-17 06:38:56,424", "type": "train", "epoch": 18, "batch": 7759, "n_batches": 7774, "time": 2.678, "data_time": 0.0, "lr": 0.0001, "loss": -21.686, "recon_loss": -26.434, "kld_loss": 47.48, "kld_weight": 0.1}
{"message": "", "levelname": "INFO", "name": "Trainer", "asctime": "2026-04-17 06:39:00,366", "type": "train-epoch", "epoch": 19, "loss": -2.97383, "recon_loss": -3.5432, "kld_loss": 5.69369, "kld_weight": 0.1, "time": 2409.9}
{"message": "", "levelname": "INFO", "name": "Trainer", "asctime": "2026-04-17 06:45:22,148", "type": "val-epoch", "epoch": 19, "loss": -2.979, "test_loss": -0.037, "recon_loss": -3.542, "kld_loss": 5.63, "kld_weight": 0.1, "note": "loss is teacher-forced CVAE objective; test_loss is prior-only reconstruction", "time": 381.8}
{"message": "", "levelname": "INFO", "name": "Trainer", "asctime": "2026-04-17 06:45:46,233", "type": "train", "epoch": 19, "batch": 79, "n_batches": 7774, "time": 1.544, "data_time": 0.0, "lr": 0.0001, "loss": -27.03, "recon_loss": -31.263, "kld_loss": 42.329, "kld_weight": 0.1}
{"message": "", "levelname": "INFO", "name": "Trainer", "asctime": "2026-04-17 06:46:11,518", "type": "train", "epoch": 19, "batch": 159, "n_batches": 7774, "time": 2.973, "data_time": 0.001, "lr": 0.0001, "loss": -24.786, "recon_loss": -29.537, "kld_loss": 47.512, "kld_weight": 0.1}
{"message": "", "levelname": "INFO", "name": "Trainer", "asctime": "2026-04-17 06:46:36,563", "type": "train", "epoch": 19, "batch": 239, "n_batches": 7774, "time": 2.629, "data_time": 0.0, "lr": 0.0001, "loss": -27.081, "recon_loss": -31.422, "kld_loss": 43.41, "kld_weight": 0.1}
{"message": "", "levelname": "INFO", "name": "Trainer", "asctime": "2026-04-17 06:47:00,276", "type": "train", "epoch": 19, "batch": 319, "n_batches": 7774, "time": 2.338, "data_time": 0.001, "lr": 0.0001, "loss": -23.547, "recon_loss": -28.217, "kld_loss": 46.7, "kld_weight": 0.1}
{"message": "", "levelname": "INFO", "name": "Trainer", "asctime": "2026-04-17 06:47:25,695", "type": "train", "epoch": 19, "batch": 399, "n_batches": 7774, "time": 2.317, "data_time": 0.001, "lr": 0.0001, "loss": -21.898, "recon_loss": -26.235, "kld_loss": 43.363, "kld_weight": 0.1}
{"message": "", "levelname": "INFO", "name": "Trainer", "asctime": "2026-04-17 06:47:51,622", "type": "train", "epoch": 19, "batch": 479, "n_batches": 7774, "time": 2.44, "data_time": 0.0, "lr": 0.0001, "loss": -19.398, "recon_loss": -24.397, "kld_loss": 49.987, "kld_weight": 0.1}
{"message": "", "levelname": "INFO", "name": "Trainer", "asctime": "2026-04-17 06:48:17,157", "type": "train", "epoch": 19, "batch": 559, "n_batches": 7774, "time": 2.358, "data_time": 0.0, "lr": 0.0001, "loss": -28.488, "recon_loss": -32.676, "kld_loss": 41.878, "kld_weight": 0.1}
{"message": "", "levelname": "INFO", "name": "Trainer", "asctime": "2026-04-17 06:48:42,288", "type": "train", "epoch": 19, "batch": 639, "n_batches": 7774, "time": 2.735, "data_time": 0.001, "lr": 0.0001, "loss": -26.853, "recon_loss": -31.336, "kld_loss": 44.834, "kld_weight": 0.1}
{"message": "", "levelname": "INFO", "name": "Trainer", "asctime": "2026-04-17 06:49:07,068", "type": "train", "epoch": 19, "batch": 719, "n_batches": 7774, "time": 1.981, "data_time": 0.001, "lr": 0.0001, "loss": -22.705, "recon_loss": -27.396, "kld_loss": 46.909, "kld_weight": 0.1}
{"message": "", "levelname": "INFO", "name": "Trainer", "asctime": "2026-04-17 06:49:30,485", "type": "train", "epoch": 19, "batch": 799, "n_batches": 7774, "time": 2.155, "data_time": 0.0, "lr": 0.0001, "loss": -25.084, "recon_loss": -29.906, "kld_loss": 48.218, "kld_weight": 0.1}
{"message": "", "levelname": "INFO", "name": "Trainer", "asctime": "2026-04-17 06:49:54,924", "type": "train", "epoch": 19, "batch": 879, "n_batches": 7774, "time": 1.887, "data_time": 0.0, "lr": 0.0001, "loss": -28.726, "recon_loss": -32.85, "kld_loss": 41.237, "kld_weight": 0.1}
{"message": "", "levelname": "INFO", "name": "Trainer", "asctime": "2026-04-17 06:50:19,583", "type": "train", "epoch": 19, "batch": 959, "n_batches": 7774, "time": 2.274, "data_time": 0.001, "lr": 0.0001, "loss": -24.724, "recon_loss": -28.94, "kld_loss": 42.158, "kld_weight": 0.1}
{"message": "", "levelname": "INFO", "name": "Trainer", "asctime": "2026-04-17 06:50:47,745", "type": "train", "epoch": 19, "batch": 1039, "n_batches": 7774, "time": 2.735, "data_time": 0.0, "lr": 0.0001, "loss": -24.549, "recon_loss": -29.009, "kld_loss": 44.604, "kld_weight": 0.1}
{"message": "", "levelname": "INFO", "name": "Trainer", "asctime": "2026-04-17 06:51:10,398", "type": "train", "epoch": 19, "batch": 1119, "n_batches": 7774, "time": 2.452, "data_time": 0.0, "lr": 0.0001, "loss": -26.112, "recon_loss": -30.13, "kld_loss": 40.178, "kld_weight": 0.1}
{"message": "", "levelname": "INFO", "name": "Trainer", "asctime": "2026-04-17 06:51:33,896", "type": "train", "epoch": 19, "batch": 1199, "n_batches": 7774, "time": 2.124, "data_time": 0.0, "lr": 0.0001, "loss": -21.169, "recon_loss": -25.379, "kld_loss": 42.107, "kld_weight": 0.1}
{"message": "", "levelname": "INFO", "name": "Trainer", "asctime": "2026-04-17 06:51:57,512", "type": "train", "epoch": 19, "batch": 1279, "n_batches": 7774, "time": 1.881, "data_time": 0.0, "lr": 0.0001, "loss": -24.757, "recon_loss": -28.968, "kld_loss": 42.112, "kld_weight": 0.1}
{"message": "", "levelname": "INFO", "name": "Trainer", "asctime": "2026-04-17 06:52:21,911", "type": "train", "epoch": 19, "batch": 1359, "n_batches": 7774, "time": 2.458, "data_time": 0.0, "lr": 0.0001, "loss": -25.125, "recon_loss": -29.553, "kld_loss": 44.277, "kld_weight": 0.1}
{"message": "", "levelname": "INFO", "name": "Trainer", "asctime": "2026-04-17 06:52:45,855", "type": "train", "epoch": 19, "batch": 1439, "n_batches": 7774, "time": 2.552, "data_time": 0.0, "lr": 0.0001, "loss": -28.933, "recon_loss": -33.128, "kld_loss": 41.951, "kld_weight": 0.1}
{"message": "", "levelname": "INFO", "name": "Trainer", "asctime": "2026-04-17 06:53:09,283", "type": "train", "epoch": 19, "batch": 1519, "n_batches": 7774, "time": 2.591, "data_time": 0.001, "lr": 0.0001, "loss": -22.527, "recon_loss": -27.827, "kld_loss": 53.009, "kld_weight": 0.1}
{"message": "", "levelname": "INFO", "name": "Trainer", "asctime": "2026-04-17 06:53:32,750", "type": "train", "epoch": 19, "batch": 1599, "n_batches": 7774, "time": 2.354, "data_time": 0.001, "lr": 0.0001, "loss": -23.962, "recon_loss": -29.119, "kld_loss": 51.573, "kld_weight": 0.1}
{"message": "", "levelname": "INFO", "name": "Trainer", "asctime": "2026-04-17 06:53:58,317", "type": "train", "epoch": 19, "batch": 1679, "n_batches": 7774, "time": 2.262, "data_time": 0.0, "lr": 0.0001, "loss": -26.867, "recon_loss": -31.29, "kld_loss": 44.232, "kld_weight": 0.1}
{"message": "", "levelname": "INFO", "name": "Trainer", "asctime": "2026-04-17 06:54:24,721", "type": "train", "epoch": 19, "batch": 1759, "n_batches": 7774, "time": 2.726, "data_time": 0.001, "lr": 0.0001, "loss": -18.382, "recon_loss": -22.886, "kld_loss": 45.037, "kld_weight": 0.1}
{"message": "", "levelname": "INFO", "name": "Trainer", "asctime": "2026-04-17 06:54:48,759", "type": "train", "epoch": 19, "batch": 1839, "n_batches": 7774, "time": 2.962, "data_time": 0.001, "lr": 0.0001, "loss": -21.11, "recon_loss": -25.354, "kld_loss": 42.442, "kld_weight": 0.1}
{"message": "", "levelname": "INFO", "name": "Trainer", "asctime": "2026-04-17 06:55:11,920", "type": "train", "epoch": 19, "batch": 1919, "n_batches": 7774, "time": 2.133, "data_time": 0.001, "lr": 0.0001, "loss": -23.002, "recon_loss": -27.176, "kld_loss": 41.738, "kld_weight": 0.1}
{"message": "", "levelname": "INFO", "name": "Trainer", "asctime": "2026-04-17 06:55:38,542", "type": "train", "epoch": 19, "batch": 1999, "n_batches": 7774, "time": 2.595, "data_time": 0.0, "lr": 0.0001, "loss": -17.366, "recon_loss": -21.764, "kld_loss": 43.977, "kld_weight": 0.1}
{"message": "", "levelname": "INFO", "name": "Trainer", "asctime": "2026-04-17 06:56:02,495", "type": "train", "epoch": 19, "batch": 2079, "n_batches": 7774, "time": 2.441, "data_time": 0.0, "lr": 0.0001, "loss": -30.55, "recon_loss": -34.856, "kld_loss": 43.063, "kld_weight": 0.1}
{"message": "", "levelname": "INFO", "name": "Trainer", "asctime": "2026-04-17 06:56:29,261", "type": "train", "epoch": 19, "batch": 2159, "n_batches": 7774, "time": 2.46, "data_time": 0.0, "lr": 0.0001, "loss": -19.759, "recon_loss": -24.256, "kld_loss": 44.969, "kld_weight": 0.1}
{"message": "", "levelname": "INFO", "name": "Trainer", "asctime": "2026-04-17 06:56:53,294", "type": "train", "epoch": 19, "batch": 2239, "n_batches": 7774, "time": 2.358, "data_time": 0.001, "lr": 0.0001, "loss": -24.041, "recon_loss": -28.87, "kld_loss": 48.287, "kld_weight": 0.1}
{"message": "", "levelname": "INFO", "name": "Trainer", "asctime": "2026-04-17 06:57:19,582", "type": "train", "epoch": 19, "batch": 2319, "n_batches": 7774, "time": 2.862, "data_time": 0.001, "lr": 0.0001, "loss": -18.649, "recon_loss": -23.551, "kld_loss": 49.022, "kld_weight": 0.1}
{"message": "", "levelname": "INFO", "name": "Trainer", "asctime": "2026-04-17 06:57:43,622", "type": "train", "epoch": 19, "batch": 2399, "n_batches": 7774, "time": 3.332, "data_time": 0.001, "lr": 0.0001, "loss": -23.967, "recon_loss": -28.27, "kld_loss": 43.031, "kld_weight": 0.1}
{"message": "", "levelname": "INFO", "name": "Trainer", "asctime": "2026-04-17 06:58:08,367", "type": "train", "epoch": 19, "batch": 2479, "n_batches": 7774, "time": 2.473, "data_time": 0.0, "lr": 0.0001, "loss": -25.962, "recon_loss": -30.691, "kld_loss": 47.284, "kld_weight": 0.1}
{"message": "", "levelname": "INFO", "name": "Trainer", "asctime": "2026-04-17 06:58:30,455", "type": "train", "epoch": 19, "batch": 2559, "n_batches": 7774, "time": 1.645, "data_time": 0.0, "lr": 0.0001, "loss": -23.305, "recon_loss": -27.896, "kld_loss": 45.91, "kld_weight": 0.1}
{"message": "", "levelname": "INFO", "name": "Trainer", "asctime": "2026-04-17 06:58:56,653", "type": "train", "epoch": 19, "batch": 2639, "n_batches": 7774, "time": 2.978, "data_time": 0.001, "lr": 0.0001, "loss": -19.791, "recon_loss": -25.324, "kld_loss": 55.33, "kld_weight": 0.1}
{"message": "", "levelname": "INFO", "name": "Trainer", "asctime": "2026-04-17 06:59:21,777", "type": "train", "epoch": 19, "batch": 2719, "n_batches": 7774, "time": 2.372, "data_time": 0.001, "lr": 0.0001, "loss": -22.011, "recon_loss": -26.649, "kld_loss": 46.376, "kld_weight": 0.1}
{"message": "", "levelname": "INFO", "name": "Trainer", "asctime": "2026-04-17 06:59:45,408", "type": "train", "epoch": 19, "batch": 2799, "n_batches": 7774, "time": 2.445, "data_time": 0.0, "lr": 0.0001, "loss": -19.496, "recon_loss": -24.011, "kld_loss": 45.145, "kld_weight": 0.1}
{"message": "", "levelname": "INFO", "name": "Trainer", "asctime": "2026-04-17 07:00:11,166", "type": "train", "epoch": 19, "batch": 2879, "n_batches": 7774, "time": 2.667, "data_time": 0.001, "lr": 0.0001, "loss": -17.873, "recon_loss": -22.513, "kld_loss": 46.4, "kld_weight": 0.1}
{"message": "", "levelname": "INFO", "name": "Trainer", "asctime": "2026-04-17 07:00:35,172", "type": "train", "epoch": 19, "batch": 2959, "n_batches": 7774, "time": 2.268, "data_time": 0.001, "lr": 0.0001, "loss": -23.416, "recon_loss": -28.291, "kld_loss": 48.747, "kld_weight": 0.1}
{"message": "", "levelname": "INFO", "name": "Trainer", "asctime": "2026-04-17 07:01:00,145", "type": "train", "epoch": 19, "batch": 3039, "n_batches": 7774, "time": 2.565, "data_time": 0.0, "lr": 0.0001, "loss": -29.258, "recon_loss": -33.45, "kld_loss": 41.925, "kld_weight": 0.1}
{"message": "", "levelname": "INFO", "name": "Trainer", "asctime": "2026-04-17 07:01:25,694", "type": "train", "epoch": 19, "batch": 3119, "n_batches": 7774, "time": 2.503, "data_time": 0.0, "lr": 0.0001, "loss": -15.648, "recon_loss": -20.159, "kld_loss": 45.103, "kld_weight": 0.1}
{"message": "", "levelname": "INFO", "name": "Trainer", "asctime": "2026-04-17 07:01:51,099", "type": "train", "epoch": 19, "batch": 3199, "n_batches": 7774, "time": 2.872, "data_time": 0.001, "lr": 0.0001, "loss": -19.181, "recon_loss": -24.626, "kld_loss": 54.452, "kld_weight": 0.1}
{"message": "", "levelname": "INFO", "name": "Trainer", "asctime": "2026-04-17 07:02:14,830", "type": "train", "epoch": 19, "batch": 3279, "n_batches": 7774, "time": 2.223, "data_time": 0.001, "lr": 0.0001, "loss": -26.736, "recon_loss": -31.112, "kld_loss": 43.758, "kld_weight": 0.1}
{"message": "", "levelname": "INFO", "name": "Trainer", "asctime": "2026-04-17 07:02:39,387", "type": "train", "epoch": 19, "batch": 3359, "n_batches": 7774, "time": 2.88, "data_time": 0.001, "lr": 0.0001, "loss": -22.757, "recon_loss": -27.309, "kld_loss": 45.522, "kld_weight": 0.1}
{"message": "", "levelname": "INFO", "name": "Trainer", "asctime": "2026-04-17 07:03:04,311", "type": "train", "epoch": 19, "batch": 3439, "n_batches": 7774, "time": 2.752, "data_time": 0.001, "lr": 0.0001, "loss": -17.81, "recon_loss": -25.627, "kld_loss": 78.172, "kld_weight": 0.1}
{"message": "", "levelname": "INFO", "name": "Trainer", "asctime": "2026-04-17 07:03:27,057", "type": "train", "epoch": 19, "batch": 3519, "n_batches": 7774, "time": 1.979, "data_time": 0.0, "lr": 0.0001, "loss": -24.26, "recon_loss": -28.563, "kld_loss": 43.026, "kld_weight": 0.1}
{"message": "", "levelname": "INFO", "name": "Trainer", "asctime": "2026-04-17 07:03:51,781", "type": "train", "epoch": 19, "batch": 3599, "n_batches": 7774, "time": 2.505, "data_time": 0.0, "lr": 0.0001, "loss": -26.003, "recon_loss": -30.307, "kld_loss": 43.035, "kld_weight": 0.1}
{"message": "", "levelname": "INFO", "name": "Trainer", "asctime": "2026-04-17 07:04:18,051", "type": "train", "epoch": 19, "batch": 3679, "n_batches": 7774, "time": 2.701, "data_time": 0.001, "lr": 0.0001, "loss": -24.405, "recon_loss": -28.972, "kld_loss": 45.667, "kld_weight": 0.1}
{"message": "", "levelname": "INFO", "name": "Trainer", "asctime": "2026-04-17 07:04:43,445", "type": "train", "epoch": 19, "batch": 3759, "n_batches": 7774, "time": 2.313, "data_time": 0.001, "lr": 0.0001, "loss": -24.523, "recon_loss": -29.079, "kld_loss": 45.568, "kld_weight": 0.1}
{"message": "", "levelname": "INFO", "name": "Trainer", "asctime": "2026-04-17 07:05:09,168", "type": "train", "epoch": 19, "batch": 3839, "n_batches": 7774, "time": 2.44, "data_time": 0.0, "lr": 0.0001, "loss": -19.439, "recon_loss": -23.727, "kld_loss": 42.876, "kld_weight": 0.1}
{"message": "", "levelname": "INFO", "name": "Trainer", "asctime": "2026-04-17 07:05:34,720", "type": "train", "epoch": 19, "batch": 3919, "n_batches": 7774, "time": 2.37, "data_time": 0.001, "lr": 0.0001, "loss": -21.129, "recon_loss": -25.836, "kld_loss": 47.069, "kld_weight": 0.1}
{"message": "", "levelname": "INFO", "name": "Trainer", "asctime": "2026-04-17 07:05:59,989", "type": "train", "epoch": 19, "batch": 3999, "n_batches": 7774, "time": 2.298, "data_time": 0.0, "lr": 0.0001, "loss": -29.177, "recon_loss": -33.324, "kld_loss": 41.479, "kld_weight": 0.1}
{"message": "", "levelname": "INFO", "name": "Trainer", "asctime": "2026-04-17 07:06:24,119", "type": "train", "epoch": 19, "batch": 4079, "n_batches": 7774, "time": 2.223, "data_time": 0.0, "lr": 0.0001, "loss": -23.377, "recon_loss": -28.075, "kld_loss": 46.981, "kld_weight": 0.1}
{"message": "", "levelname": "INFO", "name": "Trainer", "asctime": "2026-04-17 07:06:49,633", "type": "train", "epoch": 19, "batch": 4159, "n_batches": 7774, "time": 2.539, "data_time": 0.0, "lr": 0.0001, "loss": -19.036, "recon_loss": -23.773, "kld_loss": 47.367, "kld_weight": 0.1}
{"message": "", "levelname": "INFO", "name": "Trainer", "asctime": "2026-04-17 07:07:15,557", "type": "train", "epoch": 19, "batch": 4239, "n_batches": 7774, "time": 2.366, "data_time": 0.001, "lr": 0.0001, "loss": -22.547, "recon_loss": -26.974, "kld_loss": 44.267, "kld_weight": 0.1}
{"message": "", "levelname": "INFO", "name": "Trainer", "asctime": "2026-04-17 07:07:41,818", "type": "train", "epoch": 19, "batch": 4319, "n_batches": 7774, "time": 2.497, "data_time": 0.0, "lr": 0.0001, "loss": -22.772, "recon_loss": -27.347, "kld_loss": 45.749, "kld_weight": 0.1}
{"message": "", "levelname": "INFO", "name": "Trainer", "asctime": "2026-04-17 07:08:05,483", "type": "train", "epoch": 19, "batch": 4399, "n_batches": 7774, "time": 2.06, "data_time": 0.001, "lr": 0.0001, "loss": -30.723, "recon_loss": -34.76, "kld_loss": 40.371, "kld_weight": 0.1}
{"message": "", "levelname": "INFO", "name": "Trainer", "asctime": "2026-04-17 07:08:29,795", "type": "train", "epoch": 19, "batch": 4479, "n_batches": 7774, "time": 2.366, "data_time": 0.001, "lr": 0.0001, "loss": -26.877, "recon_loss": -31.689, "kld_loss": 48.121, "kld_weight": 0.1}
{"message": "", "levelname": "INFO", "name": "Trainer", "asctime": "2026-04-17 07:08:56,025", "type": "train", "epoch": 19, "batch": 4559, "n_batches": 7774, "time": 2.665, "data_time": 0.0, "lr": 0.0001, "loss": -26.353, "recon_loss": -30.78, "kld_loss": 44.266, "kld_weight": 0.1}
{"message": "", "levelname": "INFO", "name": "Trainer", "asctime": "2026-04-17 07:09:23,078", "type": "train", "epoch": 19, "batch": 4639, "n_batches": 7774, "time": 2.854, "data_time": 0.001, "lr": 0.0001, "loss": -16.088, "recon_loss": -20.128, "kld_loss": 40.4, "kld_weight": 0.1}
{"message": "", "levelname": "INFO", "name": "Trainer", "asctime": "2026-04-17 07:09:48,705", "type": "train", "epoch": 19, "batch": 4719, "n_batches": 7774, "time": 2.278, "data_time": 0.001, "lr": 0.0001, "loss": -27.462, "recon_loss": -31.936, "kld_loss": 44.737, "kld_weight": 0.1}
{"message": "", "levelname": "INFO", "name": "Trainer", "asctime": "2026-04-17 07:10:11,137", "type": "train", "epoch": 19, "batch": 4799, "n_batches": 7774, "time": 1.987, "data_time": 0.0, "lr": 0.0001, "loss": -20.735, "recon_loss": -25.056, "kld_loss": 43.218, "kld_weight": 0.1}
{"message": "", "levelname": "INFO", "name": "Trainer", "asctime": "2026-04-17 07:10:35,703", "type": "train", "epoch": 19, "batch": 4879, "n_batches": 7774, "time": 2.134, "data_time": 0.001, "lr": 0.0001, "loss": -28.669, "recon_loss": -33.12, "kld_loss": 44.502, "kld_weight": 0.1}
{"message": "", "levelname": "INFO", "name": "Trainer", "asctime": "2026-04-17 07:11:00,053", "type": "train", "epoch": 19, "batch": 4959, "n_batches": 7774, "time": 2.562, "data_time": 0.001, "lr": 0.0001, "loss": -20.5, "recon_loss": -26.678, "kld_loss": 61.774, "kld_weight": 0.1}
{"message": "", "levelname": "INFO", "name": "Trainer", "asctime": "2026-04-17 07:11:24,049", "type": "train", "epoch": 19, "batch": 5039, "n_batches": 7774, "time": 2.192, "data_time": 0.001, "lr": 0.0001, "loss": -24.851, "recon_loss": -29.165, "kld_loss": 43.136, "kld_weight": 0.1}
{"message": "", "levelname": "INFO", "name": "Trainer", "asctime": "2026-04-17 07:11:50,097", "type": "train", "epoch": 19, "batch": 5119, "n_batches": 7774, "time": 2.416, "data_time": 0.001, "lr": 0.0001, "loss": -23.192, "recon_loss": -27.714, "kld_loss": 45.22, "kld_weight": 0.1}
{"message": "", "levelname": "INFO", "name": "Trainer", "asctime": "2026-04-17 07:12:14,628", "type": "train", "epoch": 19, "batch": 5199, "n_batches": 7774, "time": 2.018, "data_time": 0.0, "lr": 0.0001, "loss": -27.97, "recon_loss": -32.378, "kld_loss": 44.081, "kld_weight": 0.1}
{"message": "", "levelname": "INFO", "name": "Trainer", "asctime": "2026-04-17 07:12:37,912", "type": "train", "epoch": 19, "batch": 5279, "n_batches": 7774, "time": 2.765, "data_time": 0.001, "lr": 0.0001, "loss": -25.814, "recon_loss": -30.206, "kld_loss": 43.921, "kld_weight": 0.1}
{"message": "", "levelname": "INFO", "name": "Trainer", "asctime": "2026-04-17 07:13:02,664", "type": "train", "epoch": 19, "batch": 5359, "n_batches": 7774, "time": 2.778, "data_time": 0.001, "lr": 0.0001, "loss": -23.423, "recon_loss": -27.897, "kld_loss": 44.748, "kld_weight": 0.1}
{"message": "", "levelname": "INFO", "name": "Trainer", "asctime": "2026-04-17 07:13:28,804", "type": "train", "epoch": 19, "batch": 5439, "n_batches": 7774, "time": 2.474, "data_time": 0.001, "lr": 0.0001, "loss": -26.67, "recon_loss": -30.931, "kld_loss": 42.615, "kld_weight": 0.1}
{"message": "", "levelname": "INFO", "name": "Trainer", "asctime": "2026-04-17 07:13:53,955", "type": "train", "epoch": 19, "batch": 5519, "n_batches": 7774, "time": 2.455, "data_time": 0.0, "lr": 0.0001, "loss": -19.462, "recon_loss": -23.849, "kld_loss": 43.873, "kld_weight": 0.1}
{"message": "", "levelname": "INFO", "name": "Trainer", "asctime": "2026-04-17 07:14:20,952", "type": "train", "epoch": 19, "batch": 5599, "n_batches": 7774, "time": 2.598, "data_time": 0.001, "lr": 0.0001, "loss": -21.27, "recon_loss": -25.415, "kld_loss": 41.449, "kld_weight": 0.1}
{"message": "", "levelname": "INFO", "name": "Trainer", "asctime": "2026-04-17 07:14:45,147", "type": "train", "epoch": 19, "batch": 5679, "n_batches": 7774, "time": 2.023, "data_time": 0.0, "lr": 0.0001, "loss": -18.93, "recon_loss": -23.646, "kld_loss": 47.161, "kld_weight": 0.1}
{"message": "", "levelname": "INFO", "name": "Trainer", "asctime": "2026-04-17 07:15:10,060", "type": "train", "epoch": 19, "batch": 5759, "n_batches": 7774, "time": 2.496, "data_time": 0.0, "lr": 0.0001, "loss": -23.097, "recon_loss": -27.456, "kld_loss": 43.587, "kld_weight": 0.1}
{"message": "", "levelname": "INFO", "name": "Trainer", "asctime": "2026-04-17 07:15:32,565", "type": "train", "epoch": 19, "batch": 5839, "n_batches": 7774, "time": 2.3, "data_time": 0.001, "lr": 0.0001, "loss": -23.582, "recon_loss": -28.349, "kld_loss": 47.677, "kld_weight": 0.1}
{"message": "", "levelname": "INFO", "name": "Trainer", "asctime": "2026-04-17 07:15:56,461", "type": "train", "epoch": 19, "batch": 5919, "n_batches": 7774, "time": 2.84, "data_time": 0.0, "lr": 0.0001, "loss": -21.277, "recon_loss": -25.997, "kld_loss": 47.197, "kld_weight": 0.1}
{"message": "", "levelname": "INFO", "name": "Trainer", "asctime": "2026-04-17 07:16:19,704", "type": "train", "epoch": 19, "batch": 5999, "n_batches": 7774, "time": 2.764, "data_time": 0.0, "lr": 0.0001, "loss": -23.791, "recon_loss": -28.423, "kld_loss": 46.313, "kld_weight": 0.1}
{"message": "", "levelname": "INFO", "name": "Trainer", "asctime": "2026-04-17 07:16:44,101", "type": "train", "epoch": 19, "batch": 6079, "n_batches": 7774, "time": 2.704, "data_time": 0.0, "lr": 0.0001, "loss": -13.431, "recon_loss": -18.23, "kld_loss": 47.985, "kld_weight": 0.1}
{"message": "", "levelname": "INFO", "name": "Trainer", "asctime": "2026-04-17 07:17:09,409", "type": "train", "epoch": 19, "batch": 6159, "n_batches": 7774, "time": 2.679, "data_time": 0.0, "lr": 0.0001, "loss": -20.937, "recon_loss": -25.403, "kld_loss": 44.654, "kld_weight": 0.1}
{"message": "", "levelname": "INFO", "name": "Trainer", "asctime": "2026-04-17 07:17:33,504", "type": "train", "epoch": 19, "batch": 6239, "n_batches": 7774, "time": 2.783, "data_time": 0.001, "lr": 0.0001, "loss": -22.804, "recon_loss": -27.714, "kld_loss": 49.099, "kld_weight": 0.1}
{"message": "", "levelname": "INFO", "name": "Trainer", "asctime": "2026-04-17 07:17:57,159", "type": "train", "epoch": 19, "batch": 6319, "n_batches": 7774, "time": 2.94, "data_time": 0.001, "lr": 0.0001, "loss": -24.72, "recon_loss": -29.246, "kld_loss": 45.259, "kld_weight": 0.1}
{"message": "", "levelname": "INFO", "name": "Trainer", "asctime": "2026-04-17 07:18:23,817", "type": "train", "epoch": 19, "batch": 6399, "n_batches": 7774, "time": 2.82, "data_time": 0.001, "lr": 0.0001, "loss": -24.524, "recon_loss": -28.768, "kld_loss": 42.441, "kld_weight": 0.1}
{"message": "", "levelname": "INFO", "name": "Trainer", "asctime": "2026-04-17 07:18:47,252", "type": "train", "epoch": 19, "batch": 6479, "n_batches": 7774, "time": 2.441, "data_time": 0.001, "lr": 0.0001, "loss": -22.223, "recon_loss": -27.052, "kld_loss": 48.287, "kld_weight": 0.1}
{"message": "", "levelname": "INFO", "name": "Trainer", "asctime": "2026-04-17 07:19:11,902", "type": "train", "epoch": 19, "batch": 6559, "n_batches": 7774, "time": 3.159, "data_time": 0.001, "lr": 0.0001, "loss": -26.083, "recon_loss": -30.529, "kld_loss": 44.454, "kld_weight": 0.1}
{"message": "", "levelname": "INFO", "name": "Trainer", "asctime": "2026-04-17 07:19:36,944", "type": "train", "epoch": 19, "batch": 6639, "n_batches": 7774, "time": 3.135, "data_time": 0.001, "lr": 0.0001, "loss": -18.144, "recon_loss": -23.028, "kld_loss": 48.847, "kld_weight": 0.1}
{"message": "", "levelname": "INFO", "name": "Trainer", "asctime": "2026-04-17 07:20:01,795", "type": "train", "epoch": 19, "batch": 6719, "n_batches": 7774, "time": 2.614, "data_time": 0.001, "lr": 0.0001, "loss": -30.471, "recon_loss": -35.296, "kld_loss": 48.249, "kld_weight": 0.1}
{"message": "", "levelname": "INFO", "name": "Trainer", "asctime": "2026-04-17 07:20:26,410", "type": "train", "epoch": 19, "batch": 6799, "n_batches": 7774, "time": 2.398, "data_time": 0.0, "lr": 0.0001, "loss": -29.524, "recon_loss": -33.787, "kld_loss": 42.632, "kld_weight": 0.1}
{"message": "", "levelname": "INFO", "name": "Trainer", "asctime": "2026-04-17 07:20:48,653", "type": "train", "epoch": 19, "batch": 6879, "n_batches": 7774, "time": 2.281, "data_time": 0.001, "lr": 0.0001, "loss": -20.306, "recon_loss": -24.794, "kld_loss": 44.876, "kld_weight": 0.1}
{"message": "", "levelname": "INFO", "name": "Trainer", "asctime": "2026-04-17 07:21:13,636", "type": "train", "epoch": 19, "batch": 6959, "n_batches": 7774, "time": 2.529, "data_time": 0.0, "lr": 0.0001, "loss": -22.496, "recon_loss": -26.507, "kld_loss": 40.117, "kld_weight": 0.1}
{"message": "", "levelname": "INFO", "name": "Trainer", "asctime": "2026-04-17 07:21:37,225", "type": "train", "epoch": 19, "batch": 7039, "n_batches": 7774, "time": 2.183, "data_time": 0.0, "lr": 0.0001, "loss": -21.238, "recon_loss": -25.061, "kld_loss": 38.231, "kld_weight": 0.1}
{"message": "", "levelname": "INFO", "name": "Trainer", "asctime": "2026-04-17 07:22:03,292", "type": "train", "epoch": 19, "batch": 7119, "n_batches": 7774, "time": 2.692, "data_time": 0.0, "lr": 0.0001, "loss": -23.996, "recon_loss": -28.538, "kld_loss": 45.42, "kld_weight": 0.1}
{"message": "", "levelname": "INFO", "name": "Trainer", "asctime": "2026-04-17 07:22:29,732", "type": "train", "epoch": 19, "batch": 7199, "n_batches": 7774, "time": 2.821, "data_time": 0.001, "lr": 0.0001, "loss": -24.165, "recon_loss": -28.607, "kld_loss": 44.419, "kld_weight": 0.1}
{"message": "", "levelname": "INFO", "name": "Trainer", "asctime": "2026-04-17 07:22:54,736", "type": "train", "epoch": 19, "batch": 7279, "n_batches": 7774, "time": 2.571, "data_time": 0.0, "lr": 0.0001, "loss": -26.611, "recon_loss": -31.548, "kld_loss": 49.376, "kld_weight": 0.1}
{"message": "", "levelname": "INFO", "name": "Trainer", "asctime": "2026-04-17 07:23:21,827", "type": "train", "epoch": 19, "batch": 7359, "n_batches": 7774, "time": 2.756, "data_time": 0.001, "lr": 0.0001, "loss": -27.922, "recon_loss": -32.055, "kld_loss": 41.332, "kld_weight": 0.1}
{"message": "", "levelname": "INFO", "name": "Trainer", "asctime": "2026-04-17 07:23:45,281", "type": "train", "epoch": 19, "batch": 7439, "n_batches": 7774, "time": 2.378, "data_time": 0.0, "lr": 0.0001, "loss": -22.259, "recon_loss": -26.873, "kld_loss": 46.143, "kld_weight": 0.1}
{"message": "", "levelname": "INFO", "name": "Trainer", "asctime": "2026-04-17 07:24:09,451", "type": "train", "epoch": 19, "batch": 7519, "n_batches": 7774, "time": 2.4, "data_time": 0.0, "lr": 0.0001, "loss": -22.855, "recon_loss": -27.566, "kld_loss": 47.114, "kld_weight": 0.1}
{"message": "", "levelname": "INFO", "name": "Trainer", "asctime": "2026-04-17 07:24:34,675", "type": "train", "epoch": 19, "batch": 7599, "n_batches": 7774, "time": 1.933, "data_time": 0.0, "lr": 0.0001, "loss": -21.502, "recon_loss": -26.332, "kld_loss": 48.306, "kld_weight": 0.1}
{"message": "", "levelname": "INFO", "name": "Trainer", "asctime": "2026-04-17 07:25:00,092", "type": "train", "epoch": 19, "batch": 7679, "n_batches": 7774, "time": 2.477, "data_time": 0.001, "lr": 0.0001, "loss": -14.535, "recon_loss": -19.158, "kld_loss": 46.235, "kld_weight": 0.1}
{"message": "", "levelname": "INFO", "name": "Trainer", "asctime": "2026-04-17 07:25:27,016", "type": "train", "epoch": 19, "batch": 7759, "n_batches": 7774, "time": 2.671, "data_time": 0.001, "lr": 0.0001, "loss": -20.145, "recon_loss": -24.502, "kld_loss": 43.575, "kld_weight": 0.1}
{"message": "", "levelname": "INFO", "name": "Trainer", "asctime": "2026-04-17 07:25:31,230", "type": "train-epoch", "epoch": 20, "loss": -2.97821, "recon_loss": -3.54952, "kld_loss": 5.71315, "kld_weight": 0.1, "time": 2409.1}
{"message": "", "levelname": "INFO", "name": "Trainer", "asctime": "2026-04-17 07:31:53,348", "type": "val-epoch", "epoch": 20, "loss": -2.958, "test_loss": 0.051, "recon_loss": -3.528, "kld_loss": 5.698, "kld_weight": 0.1, "note": "loss is teacher-forced CVAE objective; test_loss is prior-only reconstruction", "time": 382.1}
{"message": "", "levelname": "INFO", "name": "Trainer", "asctime": "2026-04-17 07:32:19,396", "type": "train", "epoch": 20, "batch": 79, "n_batches": 7774, "time": 2.847, "data_time": 0.0, "lr": 1e-05, "loss": -23.646, "recon_loss": -28.148, "kld_loss": 45.022, "kld_weight": 0.1}
{"message": "", "levelname": "INFO", "name": "Trainer", "asctime": "2026-04-17 07:32:44,309", "type": "train", "epoch": 20, "batch": 159, "n_batches": 7774, "time": 2.591, "data_time": 0.0, "lr": 1e-05, "loss": -28.544, "recon_loss": -32.792, "kld_loss": 42.478, "kld_weight": 0.1}
{"message": "", "levelname": "INFO", "name": "Trainer", "asctime": "2026-04-17 07:33:10,631", "type": "train", "epoch": 20, "batch": 239, "n_batches": 7774, "time": 2.499, "data_time": 0.0, "lr": 1e-05, "loss": -26.183, "recon_loss": -30.645, "kld_loss": 44.62, "kld_weight": 0.1}
{"message": "", "levelname": "INFO", "name": "Trainer", "asctime": "2026-04-17 07:33:36,569", "type": "train", "epoch": 20, "batch": 319, "n_batches": 7774, "time": 2.019, "data_time": 0.0, "lr": 1e-05, "loss": -26.63, "recon_loss": -31.355, "kld_loss": 47.245, "kld_weight": 0.1}
{"message": "", "levelname": "INFO", "name": "Trainer", "asctime": "2026-04-17 07:34:03,647", "type": "train", "epoch": 20, "batch": 399, "n_batches": 7774, "time": 2.848, "data_time": 0.001, "lr": 1e-05, "loss": -28.091, "recon_loss": -32.873, "kld_loss": 47.819, "kld_weight": 0.1}
{"message": "", "levelname": "INFO", "name": "Trainer", "asctime": "2026-04-17 07:34:29,739", "type": "train", "epoch": 20, "batch": 479, "n_batches": 7774, "time": 2.44, "data_time": 0.0, "lr": 1e-05, "loss": -22.418, "recon_loss": -27.254, "kld_loss": 48.362, "kld_weight": 0.1}
{"message": "", "levelname": "INFO", "name": "Trainer", "asctime": "2026-04-17 07:34:54,935", "type": "train", "epoch": 20, "batch": 559, "n_batches": 7774, "time": 2.486, "data_time": 0.0, "lr": 1e-05, "loss": -24.033, "recon_loss": -28.492, "kld_loss": 44.584, "kld_weight": 0.1}
{"message": "", "levelname": "INFO", "name": "Trainer", "asctime": "2026-04-17 07:35:19,692", "type": "train", "epoch": 20, "batch": 639, "n_batches": 7774, "time": 2.917, "data_time": 0.001, "lr": 1e-05, "loss": -28.42, "recon_loss": -33.475, "kld_loss": 50.554, "kld_weight": 0.1}
{"message": "", "levelname": "INFO", "name": "Trainer", "asctime": "2026-04-17 07:35:45,528", "type": "train", "epoch": 20, "batch": 719, "n_batches": 7774, "time": 2.166, "data_time": 0.0, "lr": 1e-05, "loss": -26.612, "recon_loss": -30.583, "kld_loss": 39.716, "kld_weight": 0.1}
{"message": "", "levelname": "INFO", "name": "Trainer", "asctime": "2026-04-17 07:36:08,427", "type": "train", "epoch": 20, "batch": 799, "n_batches": 7774, "time": 1.928, "data_time": 0.001, "lr": 1e-05, "loss": -32.973, "recon_loss": -37.062, "kld_loss": 40.894, "kld_weight": 0.1}
{"message": "", "levelname": "INFO", "name": "Trainer", "asctime": "2026-04-17 07:36:32,116", "type": "train", "epoch": 20, "batch": 879, "n_batches": 7774, "time": 2.07, "data_time": 0.0, "lr": 1e-05, "loss": -28.022, "recon_loss": -33.046, "kld_loss": 50.237, "kld_weight": 0.1}
{"message": "", "levelname": "INFO", "name": "Trainer", "asctime": "2026-04-17 07:36:54,918", "type": "train", "epoch": 20, "batch": 959, "n_batches": 7774, "time": 2.222, "data_time": 0.001, "lr": 1e-05, "loss": -18.418, "recon_loss": -23.15, "kld_loss": 47.328, "kld_weight": 0.1}
{"message": "", "levelname": "INFO", "name": "Trainer", "asctime": "2026-04-17 07:37:19,236", "type": "train", "epoch": 20, "batch": 1039, "n_batches": 7774, "time": 2.13, "data_time": 0.0, "lr": 1e-05, "loss": -21.511, "recon_loss": -25.831, "kld_loss": 43.197, "kld_weight": 0.1}
{"message": "", "levelname": "INFO", "name": "Trainer", "asctime": "2026-04-17 07:37:41,832", "type": "train", "epoch": 20, "batch": 1119, "n_batches": 7774, "time": 1.655, "data_time": 0.0, "lr": 1e-05, "loss": -29.839, "recon_loss": -34.196, "kld_loss": 43.573, "kld_weight": 0.1}
{"message": "", "levelname": "INFO", "name": "Trainer", "asctime": "2026-04-17 07:38:05,361", "type": "train", "epoch": 20, "batch": 1199, "n_batches": 7774, "time": 2.554, "data_time": 0.0, "lr": 1e-05, "loss": -18.661, "recon_loss": -22.915, "kld_loss": 42.549, "kld_weight": 0.1}
{"message": "", "levelname": "INFO", "name": "Trainer", "asctime": "2026-04-17 07:38:30,681", "type": "train", "epoch": 20, "batch": 1279, "n_batches": 7774, "time": 2.422, "data_time": 0.001, "lr": 1e-05, "loss": -20.779, "recon_loss": -25.598, "kld_loss": 48.19, "kld_weight": 0.1}
{"message": "", "levelname": "INFO", "name": "Trainer", "asctime": "2026-04-17 07:38:57,059", "type": "train", "epoch": 20, "batch": 1359, "n_batches": 7774, "time": 2.424, "data_time": 0.001, "lr": 1e-05, "loss": -29.994, "recon_loss": -34.185, "kld_loss": 41.915, "kld_weight": 0.1}
{"message": "", "levelname": "INFO", "name": "Trainer", "asctime": "2026-04-17 07:39:22,156", "type": "train", "epoch": 20, "batch": 1439, "n_batches": 7774, "time": 2.437, "data_time": 0.001, "lr": 1e-05, "loss": -18.924, "recon_loss": -23.34, "kld_loss": 44.162, "kld_weight": 0.1}
{"message": "", "levelname": "INFO", "name": "Trainer", "asctime": "2026-04-17 07:39:46,136", "type": "train", "epoch": 20, "batch": 1519, "n_batches": 7774, "time": 2.26, "data_time": 0.0, "lr": 1e-05, "loss": -22.154, "recon_loss": -26.985, "kld_loss": 48.311, "kld_weight": 0.1}
{"message": "", "levelname": "INFO", "name": "Trainer", "asctime": "2026-04-17 07:40:11,284", "type": "train", "epoch": 20, "batch": 1599, "n_batches": 7774, "time": 2.96, "data_time": 0.001, "lr": 1e-05, "loss": -21.19, "recon_loss": -25.896, "kld_loss": 47.064, "kld_weight": 0.1}
{"message": "", "levelname": "INFO", "name": "Trainer", "asctime": "2026-04-17 07:40:34,567", "type": "train", "epoch": 20, "batch": 1679, "n_batches": 7774, "time": 2.161, "data_time": 0.001, "lr": 1e-05, "loss": -21.842, "recon_loss": -26.427, "kld_loss": 45.859, "kld_weight": 0.1}
{"message": "", "levelname": "INFO", "name": "Trainer", "asctime": "2026-04-17 07:41:01,646", "type": "train", "epoch": 20, "batch": 1759, "n_batches": 7774, "time": 2.695, "data_time": 0.001, "lr": 1e-05, "loss": -19.655, "recon_loss": -24.404, "kld_loss": 47.491, "kld_weight": 0.1}
{"message": "", "levelname": "INFO", "name": "Trainer", "asctime": "2026-04-17 07:41:24,026", "type": "train", "epoch": 20, "batch": 1839, "n_batches": 7774, "time": 1.671, "data_time": 0.0, "lr": 1e-05, "loss": -24.501, "recon_loss": -29.088, "kld_loss": 45.871, "kld_weight": 0.1}
{"message": "", "levelname": "INFO", "name": "Trainer", "asctime": "2026-04-17 07:41:49,283", "type": "train", "epoch": 20, "batch": 1919, "n_batches": 7774, "time": 2.34, "data_time": 0.001, "lr": 1e-05, "loss": -27.67, "recon_loss": -32.178, "kld_loss": 45.087, "kld_weight": 0.1}
{"message": "", "levelname": "INFO", "name": "Trainer", "asctime": "2026-04-17 07:42:14,814", "type": "train", "epoch": 20, "batch": 1999, "n_batches": 7774, "time": 2.207, "data_time": 0.001, "lr": 1e-05, "loss": -26.187, "recon_loss": -30.712, "kld_loss": 45.249, "kld_weight": 0.1}
{"message": "", "levelname": "INFO", "name": "Trainer", "asctime": "2026-04-17 07:42:39,039", "type": "train", "epoch": 20, "batch": 2079, "n_batches": 7774, "time": 2.54, "data_time": 0.0, "lr": 1e-05, "loss": -25.105, "recon_loss": -29.396, "kld_loss": 42.907, "kld_weight": 0.1}
{"message": "", "levelname": "INFO", "name": "Trainer", "asctime": "2026-04-17 07:43:03,290", "type": "train", "epoch": 20, "batch": 2159, "n_batches": 7774, "time": 2.203, "data_time": 0.001, "lr": 1e-05, "loss": -26.442, "recon_loss": -31.14, "kld_loss": 46.982, "kld_weight": 0.1}
{"message": "", "levelname": "INFO", "name": "Trainer", "asctime": "2026-04-17 07:43:26,338", "type": "train", "epoch": 20, "batch": 2239, "n_batches": 7774, "time": 2.506, "data_time": 0.001, "lr": 1e-05, "loss": -26.888, "recon_loss": -31.751, "kld_loss": 48.636, "kld_weight": 0.1}
{"message": "", "levelname": "INFO", "name": "Trainer", "asctime": "2026-04-17 07:43:52,868", "type": "train", "epoch": 20, "batch": 2319, "n_batches": 7774, "time": 2.409, "data_time": 0.001, "lr": 1e-05, "loss": -13.76, "recon_loss": -18.318, "kld_loss": 45.573, "kld_weight": 0.1}
{"message": "", "levelname": "INFO", "name": "Trainer", "asctime": "2026-04-17 07:44:15,694", "type": "train", "epoch": 20, "batch": 2399, "n_batches": 7774, "time": 1.927, "data_time": 0.0, "lr": 1e-05, "loss": -24.121, "recon_loss": -28.304, "kld_loss": 41.832, "kld_weight": 0.1}
{"message": "", "levelname": "INFO", "name": "Trainer", "asctime": "2026-04-17 07:44:41,231", "type": "train", "epoch": 20, "batch": 2479, "n_batches": 7774, "time": 1.732, "data_time": 0.0, "lr": 1e-05, "loss": -20.701, "recon_loss": -25.361, "kld_loss": 46.605, "kld_weight": 0.1}
{"message": "", "levelname": "INFO", "name": "Trainer", "asctime": "2026-04-17 07:45:08,712", "type": "train", "epoch": 20, "batch": 2559, "n_batches": 7774, "time": 2.961, "data_time": 0.001, "lr": 1e-05, "loss": -27.209, "recon_loss": -31.904, "kld_loss": 46.953, "kld_weight": 0.1}
{"message": "", "levelname": "INFO", "name": "Trainer", "asctime": "2026-04-17 07:45:33,348", "type": "train", "epoch": 20, "batch": 2639, "n_batches": 7774, "time": 2.513, "data_time": 0.001, "lr": 1e-05, "loss": -28.289, "recon_loss": -32.47, "kld_loss": 41.802, "kld_weight": 0.1}
{"message": "", "levelname": "INFO", "name": "Trainer", "asctime": "2026-04-17 07:45:58,726", "type": "train", "epoch": 20, "batch": 2719, "n_batches": 7774, "time": 2.901, "data_time": 0.001, "lr": 1e-05, "loss": -27.875, "recon_loss": -32.197, "kld_loss": 43.217, "kld_weight": 0.1}
{"message": "", "levelname": "INFO", "name": "Trainer", "asctime": "2026-04-17 07:46:25,832", "type": "train", "epoch": 20, "batch": 2799, "n_batches": 7774, "time": 2.537, "data_time": 0.0, "lr": 1e-05, "loss": -20.661, "recon_loss": -25.056, "kld_loss": 43.951, "kld_weight": 0.1}
{"message": "", "levelname": "INFO", "name": "Trainer", "asctime": "2026-04-17 07:46:51,130", "type": "train", "epoch": 20, "batch": 2879, "n_batches": 7774, "time": 2.77, "data_time": 0.0, "lr": 1e-05, "loss": -22.713, "recon_loss": -27.112, "kld_loss": 43.988, "kld_weight": 0.1}
{"message": "", "levelname": "INFO", "name": "Trainer", "asctime": "2026-04-17 07:47:16,711", "type": "train", "epoch": 20, "batch": 2959, "n_batches": 7774, "time": 2.631, "data_time": 0.001, "lr": 1e-05, "loss": -19.688, "recon_loss": -24.451, "kld_loss": 47.626, "kld_weight": 0.1}
{"message": "", "levelname": "INFO", "name": "Trainer", "asctime": "2026-04-17 07:47:39,953", "type": "train", "epoch": 20, "batch": 3039, "n_batches": 7774, "time": 2.211, "data_time": 0.0, "lr": 1e-05, "loss": -25.502, "recon_loss": -29.958, "kld_loss": 44.561, "kld_weight": 0.1}
{"message": "", "levelname": "INFO", "name": "Trainer", "asctime": "2026-04-17 07:48:02,828", "type": "train", "epoch": 20, "batch": 3119, "n_batches": 7774, "time": 2.37, "data_time": 0.001, "lr": 1e-05, "loss": -21.697, "recon_loss": -26.469, "kld_loss": 47.718, "kld_weight": 0.1}
{"message": "", "levelname": "INFO", "name": "Trainer", "asctime": "2026-04-17 07:48:29,395", "type": "train", "epoch": 20, "batch": 3199, "n_batches": 7774, "time": 3.331, "data_time": 0.001, "lr": 1e-05, "loss": -23.026, "recon_loss": -27.743, "kld_loss": 47.176, "kld_weight": 0.1}
{"message": "", "levelname": "INFO", "name": "Trainer", "asctime": "2026-04-17 07:48:50,889", "type": "train", "epoch": 20, "batch": 3279, "n_batches": 7774, "time": 1.967, "data_time": 0.001, "lr": 1e-05, "loss": -29.924, "recon_loss": -34.088, "kld_loss": 41.64, "kld_weight": 0.1}
{"message": "", "levelname": "INFO", "name": "Trainer", "asctime": "2026-04-17 07:49:17,489", "type": "train", "epoch": 20, "batch": 3359, "n_batches": 7774, "time": 2.097, "data_time": 0.0, "lr": 1e-05, "loss": -20.213, "recon_loss": -25.091, "kld_loss": 48.784, "kld_weight": 0.1}
{"message": "", "levelname": "INFO", "name": "Trainer", "asctime": "2026-04-17 07:49:45,164", "type": "train", "epoch": 20, "batch": 3439, "n_batches": 7774, "time": 2.816, "data_time": 0.0, "lr": 1e-05, "loss": -25.174, "recon_loss": -29.445, "kld_loss": 42.71, "kld_weight": 0.1}
{"message": "", "levelname": "INFO", "name": "Trainer", "asctime": "2026-04-17 07:50:09,418", "type": "train", "epoch": 20, "batch": 3519, "n_batches": 7774, "time": 2.139, "data_time": 0.0, "lr": 1e-05, "loss": -25.105, "recon_loss": -29.321, "kld_loss": 42.167, "kld_weight": 0.1}
{"message": "", "levelname": "INFO", "name": "Trainer", "asctime": "2026-04-17 07:50:32,515", "type": "train", "epoch": 20, "batch": 3599, "n_batches": 7774, "time": 2.39, "data_time": 0.001, "lr": 1e-05, "loss": -21.956, "recon_loss": -28.015, "kld_loss": 60.588, "kld_weight": 0.1}
{"message": "", "levelname": "INFO", "name": "Trainer", "asctime": "2026-04-17 07:50:54,409", "type": "train", "epoch": 20, "batch": 3679, "n_batches": 7774, "time": 2.002, "data_time": 0.0, "lr": 1e-05, "loss": -22.733, "recon_loss": -27.515, "kld_loss": 47.818, "kld_weight": 0.1}
{"message": "", "levelname": "INFO", "name": "Trainer", "asctime": "2026-04-17 07:51:20,235", "type": "train", "epoch": 20, "batch": 3759, "n_batches": 7774, "time": 2.605, "data_time": 0.001, "lr": 1e-05, "loss": -14.167, "recon_loss": -18.759, "kld_loss": 45.928, "kld_weight": 0.1}
{"message": "", "levelname": "INFO", "name": "Trainer", "asctime": "2026-04-17 07:51:42,923", "type": "train", "epoch": 20, "batch": 3839, "n_batches": 7774, "time": 2.529, "data_time": 0.0, "lr": 1e-05, "loss": -24.354, "recon_loss": -29.045, "kld_loss": 46.916, "kld_weight": 0.1}
{"message": "", "levelname": "INFO", "name": "Trainer", "asctime": "2026-04-17 07:52:06,910", "type": "train", "epoch": 20, "batch": 3919, "n_batches": 7774, "time": 2.295, "data_time": 0.001, "lr": 1e-05, "loss": -26.19, "recon_loss": -30.517, "kld_loss": 43.27, "kld_weight": 0.1}
{"message": "", "levelname": "INFO", "name": "Trainer", "asctime": "2026-04-17 07:52:30,600", "type": "train", "epoch": 20, "batch": 3999, "n_batches": 7774, "time": 1.943, "data_time": 0.001, "lr": 1e-05, "loss": -26.02, "recon_loss": -30.885, "kld_loss": 48.651, "kld_weight": 0.1}
{"message": "", "levelname": "INFO", "name": "Trainer", "asctime": "2026-04-17 07:52:54,890", "type": "train", "epoch": 20, "batch": 4079, "n_batches": 7774, "time": 2.386, "data_time": 0.001, "lr": 1e-05, "loss": -28.042, "recon_loss": -32.467, "kld_loss": 44.257, "kld_weight": 0.1}
{"message": "", "levelname": "INFO", "name": "Trainer", "asctime": "2026-04-17 07:53:18,834", "type": "train", "epoch": 20, "batch": 4159, "n_batches": 7774, "time": 2.431, "data_time": 0.0, "lr": 1e-05, "loss": -25.857, "recon_loss": -30.373, "kld_loss": 45.157, "kld_weight": 0.1}
{"message": "", "levelname": "INFO", "name": "Trainer", "asctime": "2026-04-17 07:53:41,390", "type": "train", "epoch": 20, "batch": 4239, "n_batches": 7774, "time": 2.199, "data_time": 0.001, "lr": 1e-05, "loss": -28.345, "recon_loss": -33.121, "kld_loss": 47.753, "kld_weight": 0.1}
{"message": "", "levelname": "INFO", "name": "Trainer", "asctime": "2026-04-17 07:54:05,688", "type": "train", "epoch": 20, "batch": 4319, "n_batches": 7774, "time": 2.59, "data_time": 0.0, "lr": 1e-05, "loss": -20.116, "recon_loss": -24.719, "kld_loss": 46.027, "kld_weight": 0.1}
{"message": "", "levelname": "INFO", "name": "Trainer", "asctime": "2026-04-17 07:54:32,240", "type": "train", "epoch": 20, "batch": 4399, "n_batches": 7774, "time": 2.497, "data_time": 0.001, "lr": 1e-05, "loss": -23.263, "recon_loss": -28.266, "kld_loss": 50.024, "kld_weight": 0.1}
{"message": "", "levelname": "INFO", "name": "Trainer", "asctime": "2026-04-17 07:54:56,142", "type": "train", "epoch": 20, "batch": 4479, "n_batches": 7774, "time": 2.878, "data_time": 0.0, "lr": 1e-05, "loss": -16.398, "recon_loss": -21.226, "kld_loss": 48.28, "kld_weight": 0.1}
{"message": "", "levelname": "INFO", "name": "Trainer", "asctime": "2026-04-17 07:55:21,191", "type": "train", "epoch": 20, "batch": 4559, "n_batches": 7774, "time": 2.659, "data_time": 0.001, "lr": 1e-05, "loss": -23.457, "recon_loss": -28.113, "kld_loss": 46.564, "kld_weight": 0.1}
{"message": "", "levelname": "INFO", "name": "Trainer", "asctime": "2026-04-17 07:55:46,042", "type": "train", "epoch": 20, "batch": 4639, "n_batches": 7774, "time": 2.468, "data_time": 0.001, "lr": 1e-05, "loss": -25.95, "recon_loss": -30.641, "kld_loss": 46.917, "kld_weight": 0.1}
{"message": "", "levelname": "INFO", "name": "Trainer", "asctime": "2026-04-17 07:56:11,806", "type": "train", "epoch": 20, "batch": 4719, "n_batches": 7774, "time": 2.325, "data_time": 0.0, "lr": 1e-05, "loss": -25.394, "recon_loss": -30.226, "kld_loss": 48.322, "kld_weight": 0.1}
{"message": "", "levelname": "INFO", "name": "Trainer", "asctime": "2026-04-17 07:56:36,566", "type": "train", "epoch": 20, "batch": 4799, "n_batches": 7774, "time": 2.158, "data_time": 0.001, "lr": 1e-05, "loss": -28.87, "recon_loss": -33.345, "kld_loss": 44.75, "kld_weight": 0.1}
{"message": "", "levelname": "INFO", "name": "Trainer", "asctime": "2026-04-17 07:57:00,667", "type": "train", "epoch": 20, "batch": 4879, "n_batches": 7774, "time": 3.006, "data_time": 0.0, "lr": 1e-05, "loss": -22.486, "recon_loss": -27.316, "kld_loss": 48.301, "kld_weight": 0.1}
{"message": "", "levelname": "INFO", "name": "Trainer", "asctime": "2026-04-17 07:57:25,701", "type": "train", "epoch": 20, "batch": 4959, "n_batches": 7774, "time": 2.637, "data_time": 0.001, "lr": 1e-05, "loss": -27.775, "recon_loss": -32.059, "kld_loss": 42.84, "kld_weight": 0.1}
{"message": "", "levelname": "INFO", "name": "Trainer", "asctime": "2026-04-17 07:57:52,587", "type": "train", "epoch": 20, "batch": 5039, "n_batches": 7774, "time": 2.616, "data_time": 0.001, "lr": 1e-05, "loss": -21.426, "recon_loss": -26.26, "kld_loss": 48.339, "kld_weight": 0.1}
{"message": "", "levelname": "INFO", "name": "Trainer", "asctime": "2026-04-17 07:58:18,617", "type": "train", "epoch": 20, "batch": 5119, "n_batches": 7774, "time": 2.622, "data_time": 0.001, "lr": 1e-05, "loss": -19.453, "recon_loss": -24.166, "kld_loss": 47.129, "kld_weight": 0.1}
{"message": "", "levelname": "INFO", "name": "Trainer", "asctime": "2026-04-17 07:58:43,388", "type": "train", "epoch": 20, "batch": 5199, "n_batches": 7774, "time": 2.652, "data_time": 0.0, "lr": 1e-05, "loss": -24.163, "recon_loss": -29.237, "kld_loss": 50.74, "kld_weight": 0.1}
{"message": "", "levelname": "INFO", "name": "Trainer", "asctime": "2026-04-17 07:59:07,194", "type": "train", "epoch": 20, "batch": 5279, "n_batches": 7774, "time": 2.348, "data_time": 0.0, "lr": 1e-05, "loss": -22.503, "recon_loss": -27.789, "kld_loss": 52.861, "kld_weight": 0.1}
{"message": "", "levelname": "INFO", "name": "Trainer", "asctime": "2026-04-17 07:59:32,572", "type": "train", "epoch": 20, "batch": 5359, "n_batches": 7774, "time": 2.021, "data_time": 0.0, "lr": 1e-05, "loss": -23.666, "recon_loss": -28.713, "kld_loss": 50.473, "kld_weight": 0.1}
{"message": "", "levelname": "INFO", "name": "Trainer", "asctime": "2026-04-17 07:59:56,839", "type": "train", "epoch": 20, "batch": 5439, "n_batches": 7774, "time": 2.415, "data_time": 0.0, "lr": 1e-05, "loss": -28.863, "recon_loss": -33.655, "kld_loss": 47.912, "kld_weight": 0.1}
{"message": "", "levelname": "INFO", "name": "Trainer", "asctime": "2026-04-17 08:00:22,018", "type": "train", "epoch": 20, "batch": 5519, "n_batches": 7774, "time": 3.055, "data_time": 0.001, "lr": 1e-05, "loss": -21.135, "recon_loss": -25.523, "kld_loss": 43.88, "kld_weight": 0.1}
{"message": "", "levelname": "INFO", "name": "Trainer", "asctime": "2026-04-17 08:00:48,396", "type": "train", "epoch": 20, "batch": 5599, "n_batches": 7774, "time": 2.406, "data_time": 0.001, "lr": 1e-05, "loss": -18.442, "recon_loss": -23.261, "kld_loss": 48.195, "kld_weight": 0.1}
{"message": "", "levelname": "INFO", "name": "Trainer", "asctime": "2026-04-17 08:01:15,363", "type": "train", "epoch": 20, "batch": 5679, "n_batches": 7774, "time": 3.241, "data_time": 0.001, "lr": 1e-05, "loss": -30.643, "recon_loss": -35.175, "kld_loss": 45.322, "kld_weight": 0.1}
{"message": "", "levelname": "INFO", "name": "Trainer", "asctime": "2026-04-17 08:01:40,447", "type": "train", "epoch": 20, "batch": 5759, "n_batches": 7774, "time": 2.034, "data_time": 0.0, "lr": 1e-05, "loss": -27.68, "recon_loss": -32.862, "kld_loss": 51.811, "kld_weight": 0.1}
{"message": "", "levelname": "INFO", "name": "Trainer", "asctime": "2026-04-17 08:02:05,403", "type": "train", "epoch": 20, "batch": 5839, "n_batches": 7774, "time": 2.194, "data_time": 0.0, "lr": 1e-05, "loss": -19.997, "recon_loss": -24.817, "kld_loss": 48.199, "kld_weight": 0.1}
{"message": "", "levelname": "INFO", "name": "Trainer", "asctime": "2026-04-17 08:02:31,155", "type": "train", "epoch": 20, "batch": 5919, "n_batches": 7774, "time": 3.05, "data_time": 0.001, "lr": 1e-05, "loss": -26.254, "recon_loss": -30.458, "kld_loss": 42.04, "kld_weight": 0.1}
{"message": "", "levelname": "INFO", "name": "Trainer", "asctime": "2026-04-17 08:02:56,695", "type": "train", "epoch": 20, "batch": 5999, "n_batches": 7774, "time": 2.574, "data_time": 0.001, "lr": 1e-05, "loss": -22.263, "recon_loss": -27.461, "kld_loss": 51.981, "kld_weight": 0.1}
{"message": "", "levelname": "INFO", "name": "Trainer", "asctime": "2026-04-17 08:03:20,336", "type": "train", "epoch": 20, "batch": 6079, "n_batches": 7774, "time": 1.994, "data_time": 0.0, "lr": 1e-05, "loss": -29.431, "recon_loss": -34.068, "kld_loss": 46.373, "kld_weight": 0.1}
{"message": "", "levelname": "INFO", "name": "Trainer", "asctime": "2026-04-17 08:03:45,250", "type": "train", "epoch": 20, "batch": 6159, "n_batches": 7774, "time": 2.4, "data_time": 0.0, "lr": 1e-05, "loss": -29.106, "recon_loss": -33.523, "kld_loss": 44.174, "kld_weight": 0.1}
{"message": "", "levelname": "INFO", "name": "Trainer", "asctime": "2026-04-17 08:04:09,536", "type": "train", "epoch": 20, "batch": 6239, "n_batches": 7774, "time": 1.76, "data_time": 0.0, "lr": 1e-05, "loss": -28.001, "recon_loss": -32.127, "kld_loss": 41.264, "kld_weight": 0.1}
{"message": "", "levelname": "INFO", "name": "Trainer", "asctime": "2026-04-17 08:04:34,242", "type": "train", "epoch": 20, "batch": 6319, "n_batches": 7774, "time": 2.206, "data_time": 0.0, "lr": 1e-05, "loss": -21.18, "recon_loss": -25.805, "kld_loss": 46.259, "kld_weight": 0.1}
{"message": "", "levelname": "INFO", "name": "Trainer", "asctime": "2026-04-17 08:04:58,850", "type": "train", "epoch": 20, "batch": 6399, "n_batches": 7774, "time": 2.598, "data_time": 0.0, "lr": 1e-05, "loss": -27.689, "recon_loss": -31.904, "kld_loss": 42.141, "kld_weight": 0.1}
{"message": "", "levelname": "INFO", "name": "Trainer", "asctime": "2026-04-17 08:05:21,939", "type": "train", "epoch": 20, "batch": 6479, "n_batches": 7774, "time": 2.312, "data_time": 0.0, "lr": 1e-05, "loss": -21.458, "recon_loss": -26.199, "kld_loss": 47.412, "kld_weight": 0.1}
{"message": "", "levelname": "INFO", "name": "Trainer", "asctime": "2026-04-17 08:05:49,151", "type": "train", "epoch": 20, "batch": 6559, "n_batches": 7774, "time": 2.333, "data_time": 0.0, "lr": 1e-05, "loss": -25.573, "recon_loss": -30.118, "kld_loss": 45.452, "kld_weight": 0.1}
{"message": "", "levelname": "INFO", "name": "Trainer", "asctime": "2026-04-17 08:06:13,426", "type": "train", "epoch": 20, "batch": 6639, "n_batches": 7774, "time": 2.131, "data_time": 0.001, "lr": 1e-05, "loss": -16.083, "recon_loss": -20.541, "kld_loss": 44.578, "kld_weight": 0.1}
{"message": "", "levelname": "INFO", "name": "Trainer", "asctime": "2026-04-17 08:06:34,237", "type": "train", "epoch": 20, "batch": 6719, "n_batches": 7774, "time": 2.406, "data_time": 0.0, "lr": 1e-05, "loss": -28.056, "recon_loss": -32.497, "kld_loss": 44.407, "kld_weight": 0.1}
{"message": "", "levelname": "INFO", "name": "Trainer", "asctime": "2026-04-17 08:06:56,047", "type": "train", "epoch": 20, "batch": 6799, "n_batches": 7774, "time": 2.505, "data_time": 0.001, "lr": 1e-05, "loss": -23.802, "recon_loss": -28.426, "kld_loss": 46.236, "kld_weight": 0.1}
{"message": "", "levelname": "INFO", "name": "Trainer", "asctime": "2026-04-17 08:07:19,554", "type": "train", "epoch": 20, "batch": 6879, "n_batches": 7774, "time": 2.555, "data_time": 0.0, "lr": 1e-05, "loss": -22.802, "recon_loss": -27.453, "kld_loss": 46.51, "kld_weight": 0.1}
{"message": "", "levelname": "INFO", "name": "Trainer", "asctime": "2026-04-17 08:07:44,497", "type": "train", "epoch": 20, "batch": 6959, "n_batches": 7774, "time": 2.861, "data_time": 0.001, "lr": 1e-05, "loss": -22.017, "recon_loss": -26.736, "kld_loss": 47.192, "kld_weight": 0.1}
{"message": "", "levelname": "INFO", "name": "Trainer", "asctime": "2026-04-17 08:08:08,701", "type": "train", "epoch": 20, "batch": 7039, "n_batches": 7774, "time": 2.154, "data_time": 0.001, "lr": 1e-05, "loss": -23.701, "recon_loss": -28.593, "kld_loss": 48.924, "kld_weight": 0.1}
{"message": "", "levelname": "INFO", "name": "Trainer", "asctime": "2026-04-17 08:08:33,026", "type": "train", "epoch": 20, "batch": 7119, "n_batches": 7774, "time": 2.089, "data_time": 0.0, "lr": 1e-05, "loss": -20.659, "recon_loss": -25.292, "kld_loss": 46.331, "kld_weight": 0.1}
{"message": "", "levelname": "INFO", "name": "Trainer", "asctime": "2026-04-17 08:08:58,484", "type": "train", "epoch": 20, "batch": 7199, "n_batches": 7774, "time": 2.26, "data_time": 0.0, "lr": 1e-05, "loss": -26.018, "recon_loss": -30.347, "kld_loss": 43.289, "kld_weight": 0.1}
{"message": "", "levelname": "INFO", "name": "Trainer", "asctime": "2026-04-17 08:09:23,907", "type": "train", "epoch": 20, "batch": 7279, "n_batches": 7774, "time": 2.632, "data_time": 0.001, "lr": 1e-05, "loss": -25.698, "recon_loss": -30.271, "kld_loss": 45.731, "kld_weight": 0.1}
{"message": "", "levelname": "INFO", "name": "Trainer", "asctime": "2026-04-17 08:09:48,345", "type": "train", "epoch": 20, "batch": 7359, "n_batches": 7774, "time": 2.331, "data_time": 0.001, "lr": 1e-05, "loss": -22.418, "recon_loss": -27.264, "kld_loss": 48.465, "kld_weight": 0.1}
{"message": "", "levelname": "INFO", "name": "Trainer", "asctime": "2026-04-17 08:10:12,543", "type": "train", "epoch": 20, "batch": 7439, "n_batches": 7774, "time": 2.027, "data_time": 0.0, "lr": 1e-05, "loss": -20.183, "recon_loss": -24.533, "kld_loss": 43.496, "kld_weight": 0.1}
{"message": "", "levelname": "INFO", "name": "Trainer", "asctime": "2026-04-17 08:10:38,087", "type": "train", "epoch": 20, "batch": 7519, "n_batches": 7774, "time": 2.698, "data_time": 0.001, "lr": 1e-05, "loss": -26.351, "recon_loss": -30.977, "kld_loss": 46.263, "kld_weight": 0.1}
{"message": "", "levelname": "INFO", "name": "Trainer", "asctime": "2026-04-17 08:11:05,459", "type": "train", "epoch": 20, "batch": 7599, "n_batches": 7774, "time": 3.382, "data_time": 0.001, "lr": 1e-05, "loss": -30.192, "recon_loss": -34.394, "kld_loss": 42.025, "kld_weight": 0.1}
{"message": "", "levelname": "INFO", "name": "Trainer", "asctime": "2026-04-17 08:11:29,419", "type": "train", "epoch": 20, "batch": 7679, "n_batches": 7774, "time": 2.255, "data_time": 0.001, "lr": 1e-05, "loss": -23.718, "recon_loss": -28.091, "kld_loss": 43.731, "kld_weight": 0.1}
{"message": "", "levelname": "INFO", "name": "Trainer", "asctime": "2026-04-17 08:11:56,007", "type": "train", "epoch": 20, "batch": 7759, "n_batches": 7774, "time": 2.259, "data_time": 0.001, "lr": 1e-05, "loss": -30.381, "recon_loss": -35.585, "kld_loss": 52.049, "kld_weight": 0.1}
{"message": "", "levelname": "INFO", "name": "Trainer", "asctime": "2026-04-17 08:12:00,346", "type": "train-epoch", "epoch": 21, "loss": -2.99536, "recon_loss": -3.56881, "kld_loss": 5.73454, "kld_weight": 0.1, "time": 2406.9}
{"message": "", "levelname": "INFO", "name": "Trainer", "asctime": "2026-04-17 08:18:22,592", "type": "val-epoch", "epoch": 21, "loss": -2.989, "test_loss": -0.019, "recon_loss": -3.558, "kld_loss": 5.694, "kld_weight": 0.1, "note": "loss is teacher-forced CVAE objective; test_loss is prior-only reconstruction", "time": 382.2}
{"message": "", "levelname": "INFO", "name": "Trainer", "asctime": "2026-04-17 08:18:47,418", "type": "train", "epoch": 21, "batch": 79, "n_batches": 7774, "time": 2.331, "data_time": 0.0, "lr": 1e-05, "loss": -29.053, "recon_loss": -33.282, "kld_loss": 42.292, "kld_weight": 0.1}
{"message": "", "levelname": "INFO", "name": "Trainer", "asctime": "2026-04-17 08:19:12,865", "type": "train", "epoch": 21, "batch": 159, "n_batches": 7774, "time": 2.535, "data_time": 0.0, "lr": 1e-05, "loss": -20.187, "recon_loss": -25.075, "kld_loss": 48.878, "kld_weight": 0.1}
{"message": "", "levelname": "INFO", "name": "Trainer", "asctime": "2026-04-17 08:19:38,211", "type": "train", "epoch": 21, "batch": 239, "n_batches": 7774, "time": 2.858, "data_time": 0.001, "lr": 1e-05, "loss": -23.843, "recon_loss": -28.237, "kld_loss": 43.945, "kld_weight": 0.1}
{"message": "", "levelname": "INFO", "name": "Trainer", "asctime": "2026-04-17 08:20:03,713", "type": "train", "epoch": 21, "batch": 319, "n_batches": 7774, "time": 2.293, "data_time": 0.0, "lr": 1e-05, "loss": -25.922, "recon_loss": -30.679, "kld_loss": 47.575, "kld_weight": 0.1}
{"message": "", "levelname": "INFO", "name": "Trainer", "asctime": "2026-04-17 08:20:26,571", "type": "train", "epoch": 21, "batch": 399, "n_batches": 7774, "time": 1.563, "data_time": 0.001, "lr": 1e-05, "loss": -27.054, "recon_loss": -31.248, "kld_loss": 41.94, "kld_weight": 0.1}
{"message": "", "levelname": "INFO", "name": "Trainer", "asctime": "2026-04-17 08:20:50,889", "type": "train", "epoch": 21, "batch": 479, "n_batches": 7774, "time": 2.384, "data_time": 0.001, "lr": 1e-05, "loss": -25.59, "recon_loss": -29.989, "kld_loss": 44.0, "kld_weight": 0.1}
{"message": "", "levelname": "INFO", "name": "Trainer", "asctime": "2026-04-17 08:21:14,477", "type": "train", "epoch": 21, "batch": 559, "n_batches": 7774, "time": 2.311, "data_time": 0.001, "lr": 1e-05, "loss": -22.052, "recon_loss": -26.747, "kld_loss": 46.951, "kld_weight": 0.1}
{"message": "", "levelname": "INFO", "name": "Trainer", "asctime": "2026-04-17 08:21:38,152", "type": "train", "epoch": 21, "batch": 639, "n_batches": 7774, "time": 2.582, "data_time": 0.0, "lr": 1e-05, "loss": -25.74, "recon_loss": -30.264, "kld_loss": 45.238, "kld_weight": 0.1}
{"message": "", "levelname": "INFO", "name": "Trainer", "asctime": "2026-04-17 08:22:00,101", "type": "train", "epoch": 21, "batch": 719, "n_batches": 7774, "time": 2.348, "data_time": 0.0, "lr": 1e-05, "loss": -26.093, "recon_loss": -30.604, "kld_loss": 45.111, "kld_weight": 0.1}
{"message": "", "levelname": "INFO", "name": "Trainer", "asctime": "2026-04-17 08:22:24,956", "type": "train", "epoch": 21, "batch": 799, "n_batches": 7774, "time": 2.482, "data_time": 0.001, "lr": 1e-05, "loss": -23.839, "recon_loss": -28.122, "kld_loss": 42.826, "kld_weight": 0.1}
{"message": "", "levelname": "INFO", "name": "Trainer", "asctime": "2026-04-17 08:22:49,285", "type": "train", "epoch": 21, "batch": 879, "n_batches": 7774, "time": 2.417, "data_time": 0.001, "lr": 1e-05, "loss": -25.366, "recon_loss": -30.121, "kld_loss": 47.551, "kld_weight": 0.1}
{"message": "", "levelname": "INFO", "name": "Trainer", "asctime": "2026-04-17 08:23:14,396", "type": "train", "epoch": 21, "batch": 959, "n_batches": 7774, "time": 2.324, "data_time": 0.001, "lr": 1e-05, "loss": -25.639, "recon_loss": -29.988, "kld_loss": 43.488, "kld_weight": 0.1}
{"message": "", "levelname": "INFO", "name": "Trainer", "asctime": "2026-04-17 08:23:37,428", "type": "train", "epoch": 21, "batch": 1039, "n_batches": 7774, "time": 2.446, "data_time": 0.0, "lr": 1e-05, "loss": -24.418, "recon_loss": -29.245, "kld_loss": 48.268, "kld_weight": 0.1}
{"message": "", "levelname": "INFO", "name": "Trainer", "asctime": "2026-04-17 08:24:05,609", "type": "train", "epoch": 21, "batch": 1119, "n_batches": 7774, "time": 3.694, "data_time": 0.0, "lr": 1e-05, "loss": -29.208, "recon_loss": -34.107, "kld_loss": 48.996, "kld_weight": 0.1}
{"message": "", "levelname": "INFO", "name": "Trainer", "asctime": "2026-04-17 08:24:29,269", "type": "train", "epoch": 21, "batch": 1199, "n_batches": 7774, "time": 2.271, "data_time": 0.0, "lr": 1e-05, "loss": -24.642, "recon_loss": -29.024, "kld_loss": 43.822, "kld_weight": 0.1}
{"message": "", "levelname": "INFO", "name": "Trainer", "asctime": "2026-04-17 08:24:53,018", "type": "train", "epoch": 21, "batch": 1279, "n_batches": 7774, "time": 2.493, "data_time": 0.001, "lr": 1e-05, "loss": -23.347, "recon_loss": -27.544, "kld_loss": 41.967, "kld_weight": 0.1}
{"message": "", "levelname": "INFO", "name": "Trainer", "asctime": "2026-04-17 08:25:19,659", "type": "train", "epoch": 21, "batch": 1359, "n_batches": 7774, "time": 1.987, "data_time": 0.0, "lr": 1e-05, "loss": -23.362, "recon_loss": -27.664, "kld_loss": 43.012, "kld_weight": 0.1}
{"message": "", "levelname": "INFO", "name": "Trainer", "asctime": "2026-04-17 08:25:44,329", "type": "train", "epoch": 21, "batch": 1439, "n_batches": 7774, "time": 2.692, "data_time": 0.001, "lr": 1e-05, "loss": -20.976, "recon_loss": -25.8, "kld_loss": 48.24, "kld_weight": 0.1}
{"message": "", "levelname": "INFO", "name": "Trainer", "asctime": "2026-04-17 08:26:09,048", "type": "train", "epoch": 21, "batch": 1519, "n_batches": 7774, "time": 2.739, "data_time": 0.001, "lr": 1e-05, "loss": -29.409, "recon_loss": -33.573, "kld_loss": 41.639, "kld_weight": 0.1}
{"message": "", "levelname": "INFO", "name": "Trainer", "asctime": "2026-04-17 08:26:34,795", "type": "train", "epoch": 21, "batch": 1599, "n_batches": 7774, "time": 2.755, "data_time": 0.001, "lr": 1e-05, "loss": -20.383, "recon_loss": -24.979, "kld_loss": 45.96, "kld_weight": 0.1}
{"message": "", "levelname": "INFO", "name": "Trainer", "asctime": "2026-04-17 08:27:01,111", "type": "train", "epoch": 21, "batch": 1679, "n_batches": 7774, "time": 2.815, "data_time": 0.001, "lr": 1e-05, "loss": -26.411, "recon_loss": -32.249, "kld_loss": 58.385, "kld_weight": 0.1}
{"message": "", "levelname": "INFO", "name": "Trainer", "asctime": "2026-04-17 08:27:27,760", "type": "train", "epoch": 21, "batch": 1759, "n_batches": 7774, "time": 2.493, "data_time": 0.0, "lr": 1e-05, "loss": -24.033, "recon_loss": -28.481, "kld_loss": 44.481, "kld_weight": 0.1}
{"message": "", "levelname": "INFO", "name": "Trainer", "asctime": "2026-04-17 08:27:51,486", "type": "train", "epoch": 21, "batch": 1839, "n_batches": 7774, "time": 2.082, "data_time": 0.0, "lr": 1e-05, "loss": -23.782, "recon_loss": -28.128, "kld_loss": 43.466, "kld_weight": 0.1}
{"message": "", "levelname": "INFO", "name": "Trainer", "asctime": "2026-04-17 08:28:15,057", "type": "train", "epoch": 21, "batch": 1919, "n_batches": 7774, "time": 2.195, "data_time": 0.0, "lr": 1e-05, "loss": -25.542, "recon_loss": -29.62, "kld_loss": 40.785, "kld_weight": 0.1}
{"message": "", "levelname": "INFO", "name": "Trainer", "asctime": "2026-04-17 08:28:38,997", "type": "train", "epoch": 21, "batch": 1999, "n_batches": 7774, "time": 2.389, "data_time": 0.0, "lr": 1e-05, "loss": -26.676, "recon_loss": -32.005, "kld_loss": 53.29, "kld_weight": 0.1}
{"message": "", "levelname": "INFO", "name": "Trainer", "asctime": "2026-04-17 08:29:02,770", "type": "train", "epoch": 21, "batch": 2079, "n_batches": 7774, "time": 2.332, "data_time": 0.001, "lr": 1e-05, "loss": -26.95, "recon_loss": -31.121, "kld_loss": 41.708, "kld_weight": 0.1}
{"message": "", "levelname": "INFO", "name": "Trainer", "asctime": "2026-04-17 08:29:26,798", "type": "train", "epoch": 21, "batch": 2159, "n_batches": 7774, "time": 2.226, "data_time": 0.001, "lr": 1e-05, "loss": -23.117, "recon_loss": -27.606, "kld_loss": 44.886, "kld_weight": 0.1}
{"message": "", "levelname": "INFO", "name": "Trainer", "asctime": "2026-04-17 08:29:52,944", "type": "train", "epoch": 21, "batch": 2239, "n_batches": 7774, "time": 2.569, "data_time": 0.001, "lr": 1e-05, "loss": -27.394, "recon_loss": -31.733, "kld_loss": 43.392, "kld_weight": 0.1}
{"message": "", "levelname": "INFO", "name": "Trainer", "asctime": "2026-04-17 08:30:17,410", "type": "train", "epoch": 21, "batch": 2319, "n_batches": 7774, "time": 2.938, "data_time": 0.001, "lr": 1e-05, "loss": -30.094, "recon_loss": -34.889, "kld_loss": 47.946, "kld_weight": 0.1}
{"message": "", "levelname": "INFO", "name": "Trainer", "asctime": "2026-04-17 08:30:42,182", "type": "train", "epoch": 21, "batch": 2399, "n_batches": 7774, "time": 2.6, "data_time": 0.001, "lr": 1e-05, "loss": -25.794, "recon_loss": -30.207, "kld_loss": 44.131, "kld_weight": 0.1}
{"message": "", "levelname": "INFO", "name": "Trainer", "asctime": "2026-04-17 08:31:09,159", "type": "train", "epoch": 21, "batch": 2479, "n_batches": 7774, "time": 2.833, "data_time": 0.001, "lr": 1e-05, "loss": -22.624, "recon_loss": -26.997, "kld_loss": 43.732, "kld_weight": 0.1}
{"message": "", "levelname": "INFO", "name": "Trainer", "asctime": "2026-04-17 08:31:33,922", "type": "train", "epoch": 21, "batch": 2559, "n_batches": 7774, "time": 2.322, "data_time": 0.0, "lr": 1e-05, "loss": -29.28, "recon_loss": -33.588, "kld_loss": 43.074, "kld_weight": 0.1}
{"message": "", "levelname": "INFO", "name": "Trainer", "asctime": "2026-04-17 08:31:56,605", "type": "train", "epoch": 21, "batch": 2639, "n_batches": 7774, "time": 2.096, "data_time": 0.0, "lr": 1e-05, "loss": -26.262, "recon_loss": -30.349, "kld_loss": 40.869, "kld_weight": 0.1}
{"message": "", "levelname": "INFO", "name": "Trainer", "asctime": "2026-04-17 08:32:19,527", "type": "train", "epoch": 21, "batch": 2719, "n_batches": 7774, "time": 2.685, "data_time": 0.0, "lr": 1e-05, "loss": -21.729, "recon_loss": -26.133, "kld_loss": 44.037, "kld_weight": 0.1}
{"message": "", "levelname": "INFO", "name": "Trainer", "asctime": "2026-04-17 08:32:44,941", "type": "train", "epoch": 21, "batch": 2799, "n_batches": 7774, "time": 2.502, "data_time": 0.001, "lr": 1e-05, "loss": -28.408, "recon_loss": -32.752, "kld_loss": 43.438, "kld_weight": 0.1}
{"message": "", "levelname": "INFO", "name": "Trainer", "asctime": "2026-04-17 08:33:08,590", "type": "train", "epoch": 21, "batch": 2879, "n_batches": 7774, "time": 2.218, "data_time": 0.001, "lr": 1e-05, "loss": -23.036, "recon_loss": -27.879, "kld_loss": 48.429, "kld_weight": 0.1}
{"message": "", "levelname": "INFO", "name": "Trainer", "asctime": "2026-04-17 08:33:34,351", "type": "train", "epoch": 21, "batch": 2959, "n_batches": 7774, "time": 2.901, "data_time": 0.0, "lr": 1e-05, "loss": -18.256, "recon_loss": -22.336, "kld_loss": 40.804, "kld_weight": 0.1}
{"message": "", "levelname": "INFO", "name": "Trainer", "asctime": "2026-04-17 08:33:58,388", "type": "train", "epoch": 21, "batch": 3039, "n_batches": 7774, "time": 1.929, "data_time": 0.0, "lr": 1e-05, "loss": -15.681, "recon_loss": -21.7, "kld_loss": 60.19, "kld_weight": 0.1}
{"message": "", "levelname": "INFO", "name": "Trainer", "asctime": "2026-04-17 08:34:23,862", "type": "train", "epoch": 21, "batch": 3119, "n_batches": 7774, "time": 2.013, "data_time": 0.0, "lr": 1e-05, "loss": -19.227, "recon_loss": -23.882, "kld_loss": 46.552, "kld_weight": 0.1}
{"message": "", "levelname": "INFO", "name": "Trainer", "asctime": "2026-04-17 08:34:48,026", "type": "train", "epoch": 21, "batch": 3199, "n_batches": 7774, "time": 2.047, "data_time": 0.001, "lr": 1e-05, "loss": -21.075, "recon_loss": -26.038, "kld_loss": 49.626, "kld_weight": 0.1}
{"message": "", "levelname": "INFO", "name": "Trainer", "asctime": "2026-04-17 08:35:14,166", "type": "train", "epoch": 21, "batch": 3279, "n_batches": 7774, "time": 2.344, "data_time": 0.0, "lr": 1e-05, "loss": -24.267, "recon_loss": -28.782, "kld_loss": 45.153, "kld_weight": 0.1}
{"message": "", "levelname": "INFO", "name": "Trainer", "asctime": "2026-04-17 08:35:40,590", "type": "train", "epoch": 21, "batch": 3359, "n_batches": 7774, "time": 2.563, "data_time": 0.001, "lr": 1e-05, "loss": -23.645, "recon_loss": -28.598, "kld_loss": 49.534, "kld_weight": 0.1}
{"message": "", "levelname": "INFO", "name": "Trainer", "asctime": "2026-04-17 08:36:06,487", "type": "train", "epoch": 21, "batch": 3439, "n_batches": 7774, "time": 2.946, "data_time": 0.001, "lr": 1e-05, "loss": -22.24, "recon_loss": -26.95, "kld_loss": 47.099, "kld_weight": 0.1}
{"message": "", "levelname": "INFO", "name": "Trainer", "asctime": "2026-04-17 08:36:33,384", "type": "train", "epoch": 21, "batch": 3519, "n_batches": 7774, "time": 3.0, "data_time": 0.001, "lr": 1e-05, "loss": -26.849, "recon_loss": -31.594, "kld_loss": 47.447, "kld_weight": 0.1}
{"message": "", "levelname": "INFO", "name": "Trainer", "asctime": "2026-04-17 08:36:57,059", "type": "train", "epoch": 21, "batch": 3599, "n_batches": 7774, "time": 2.407, "data_time": 0.001, "lr": 1e-05, "loss": -21.422, "recon_loss": -26.824, "kld_loss": 54.023, "kld_weight": 0.1}
{"message": "", "levelname": "INFO", "name": "Trainer", "asctime": "2026-04-17 08:37:21,722", "type": "train", "epoch": 21, "batch": 3679, "n_batches": 7774, "time": 2.318, "data_time": 0.0, "lr": 1e-05, "loss": -17.257, "recon_loss": -21.754, "kld_loss": 44.966, "kld_weight": 0.1}
{"message": "", "levelname": "INFO", "name": "Trainer", "asctime": "2026-04-17 08:37:45,372", "type": "train", "epoch": 21, "batch": 3759, "n_batches": 7774, "time": 2.586, "data_time": 0.0, "lr": 1e-05, "loss": -31.498, "recon_loss": -35.799, "kld_loss": 43.007, "kld_weight": 0.1}
{"message": "", "levelname": "INFO", "name": "Trainer", "asctime": "2026-04-17 08:38:08,645", "type": "train", "epoch": 21, "batch": 3839, "n_batches": 7774, "time": 2.578, "data_time": 0.001, "lr": 1e-05, "loss": -28.758, "recon_loss": -33.316, "kld_loss": 45.576, "kld_weight": 0.1}
{"message": "", "levelname": "INFO", "name": "Trainer", "asctime": "2026-04-17 08:38:34,893", "type": "train", "epoch": 21, "batch": 3919, "n_batches": 7774, "time": 2.489, "data_time": 0.001, "lr": 1e-05, "loss": -23.446, "recon_loss": -27.61, "kld_loss": 41.633, "kld_weight": 0.1}
{"message": "", "levelname": "INFO", "name": "Trainer", "asctime": "2026-04-17 08:38:58,560", "type": "train", "epoch": 21, "batch": 3999, "n_batches": 7774, "time": 2.145, "data_time": 0.0, "lr": 1e-05, "loss": -25.055, "recon_loss": -29.624, "kld_loss": 45.692, "kld_weight": 0.1}
{"message": "", "levelname": "INFO", "name": "Trainer", "asctime": "2026-04-17 08:39:25,558", "type": "train", "epoch": 21, "batch": 4079, "n_batches": 7774, "time": 3.177, "data_time": 0.001, "lr": 1e-05, "loss": -16.746, "recon_loss": -21.621, "kld_loss": 48.747, "kld_weight": 0.1}
{"message": "", "levelname": "INFO", "name": "Trainer", "asctime": "2026-04-17 08:39:48,712", "type": "train", "epoch": 21, "batch": 4159, "n_batches": 7774, "time": 2.757, "data_time": 0.001, "lr": 1e-05, "loss": -23.311, "recon_loss": -27.689, "kld_loss": 43.778, "kld_weight": 0.1}
{"message": "", "levelname": "INFO", "name": "Trainer", "asctime": "2026-04-17 08:40:14,813", "type": "train", "epoch": 21, "batch": 4239, "n_batches": 7774, "time": 2.803, "data_time": 0.001, "lr": 1e-05, "loss": -25.771, "recon_loss": -30.18, "kld_loss": 44.085, "kld_weight": 0.1}
{"message": "", "levelname": "INFO", "name": "Trainer", "asctime": "2026-04-17 08:40:40,741", "type": "train", "epoch": 21, "batch": 4319, "n_batches": 7774, "time": 2.391, "data_time": 0.001, "lr": 1e-05, "loss": -23.494, "recon_loss": -28.044, "kld_loss": 45.502, "kld_weight": 0.1}
{"message": "", "levelname": "INFO", "name": "Trainer", "asctime": "2026-04-17 08:41:06,212", "type": "train", "epoch": 21, "batch": 4399, "n_batches": 7774, "time": 3.109, "data_time": 0.001, "lr": 1e-05, "loss": -30.434, "recon_loss": -35.016, "kld_loss": 45.818, "kld_weight": 0.1}
{"message": "", "levelname": "INFO", "name": "Trainer", "asctime": "2026-04-17 08:41:30,539", "type": "train", "epoch": 21, "batch": 4479, "n_batches": 7774, "time": 2.189, "data_time": 0.001, "lr": 1e-05, "loss": -16.141, "recon_loss": -20.575, "kld_loss": 44.343, "kld_weight": 0.1}
{"message": "", "levelname": "INFO", "name": "Trainer", "asctime": "2026-04-17 08:41:55,479", "type": "train", "epoch": 21, "batch": 4559, "n_batches": 7774, "time": 2.607, "data_time": 0.0, "lr": 1e-05, "loss": -21.601, "recon_loss": -26.535, "kld_loss": 49.345, "kld_weight": 0.1}
{"message": "", "levelname": "INFO", "name": "Trainer", "asctime": "2026-04-17 08:42:19,928", "type": "train", "epoch": 21, "batch": 4639, "n_batches": 7774, "time": 2.265, "data_time": 0.0, "lr": 1e-05, "loss": -22.6, "recon_loss": -27.228, "kld_loss": 46.278, "kld_weight": 0.1}
{"message": "", "levelname": "INFO", "name": "Trainer", "asctime": "2026-04-17 08:42:44,929", "type": "train", "epoch": 21, "batch": 4719, "n_batches": 7774, "time": 2.613, "data_time": 0.001, "lr": 1e-05, "loss": -26.058, "recon_loss": -30.112, "kld_loss": 40.544, "kld_weight": 0.1}
{"message": "", "levelname": "INFO", "name": "Trainer", "asctime": "2026-04-17 08:43:10,031", "type": "train", "epoch": 21, "batch": 4799, "n_batches": 7774, "time": 2.39, "data_time": 0.0, "lr": 1e-05, "loss": -33.728, "recon_loss": -38.005, "kld_loss": 42.774, "kld_weight": 0.1}
{"message": "", "levelname": "INFO", "name": "Trainer", "asctime": "2026-04-17 08:43:35,073", "type": "train", "epoch": 21, "batch": 4879, "n_batches": 7774, "time": 2.939, "data_time": 0.0, "lr": 1e-05, "loss": -27.039, "recon_loss": -31.502, "kld_loss": 44.628, "kld_weight": 0.1}
{"message": "", "levelname": "INFO", "name": "Trainer", "asctime": "2026-04-17 08:43:58,412", "type": "train", "epoch": 21, "batch": 4959, "n_batches": 7774, "time": 2.039, "data_time": 0.0, "lr": 1e-05, "loss": -23.947, "recon_loss": -27.988, "kld_loss": 40.419, "kld_weight": 0.1}
{"message": "", "levelname": "INFO", "name": "Trainer", "asctime": "2026-04-17 08:44:23,678", "type": "train", "epoch": 21, "batch": 5039, "n_batches": 7774, "time": 3.026, "data_time": 0.0, "lr": 1e-05, "loss": -20.956, "recon_loss": -25.513, "kld_loss": 45.572, "kld_weight": 0.1}
{"message": "", "levelname": "INFO", "name": "Trainer", "asctime": "2026-04-17 08:44:49,698", "type": "train", "epoch": 21, "batch": 5119, "n_batches": 7774, "time": 2.218, "data_time": 0.0, "lr": 1e-05, "loss": -27.742, "recon_loss": -32.284, "kld_loss": 45.427, "kld_weight": 0.1}
{"message": "", "levelname": "INFO", "name": "Trainer", "asctime": "2026-04-17 08:45:14,984", "type": "train", "epoch": 21, "batch": 5199, "n_batches": 7774, "time": 2.55, "data_time": 0.001, "lr": 1e-05, "loss": -28.112, "recon_loss": -32.35, "kld_loss": 42.374, "kld_weight": 0.1}
{"message": "", "levelname": "INFO", "name": "Trainer", "asctime": "2026-04-17 08:45:39,980", "type": "train", "epoch": 21, "batch": 5279, "n_batches": 7774, "time": 2.299, "data_time": 0.0, "lr": 1e-05, "loss": -21.257, "recon_loss": -25.965, "kld_loss": 47.079, "kld_weight": 0.1}
{"message": "", "levelname": "INFO", "name": "Trainer", "asctime": "2026-04-17 08:46:03,662", "type": "train", "epoch": 21, "batch": 5359, "n_batches": 7774, "time": 2.471, "data_time": 0.001, "lr": 1e-05, "loss": -29.104, "recon_loss": -33.28, "kld_loss": 41.763, "kld_weight": 0.1}
{"message": "", "levelname": "INFO", "name": "Trainer", "asctime": "2026-04-17 08:46:28,372", "type": "train", "epoch": 21, "batch": 5439, "n_batches": 7774, "time": 2.401, "data_time": 0.001, "lr": 1e-05, "loss": -23.997, "recon_loss": -28.744, "kld_loss": 47.475, "kld_weight": 0.1}
{"message": "", "levelname": "INFO", "name": "Trainer", "asctime": "2026-04-17 08:46:52,209", "type": "train", "epoch": 21, "batch": 5519, "n_batches": 7774, "time": 2.686, "data_time": 0.001, "lr": 1e-05, "loss": -21.668, "recon_loss": -26.205, "kld_loss": 45.377, "kld_weight": 0.1}
{"message": "", "levelname": "INFO", "name": "Trainer", "asctime": "2026-04-17 08:47:18,184", "type": "train", "epoch": 21, "batch": 5599, "n_batches": 7774, "time": 2.523, "data_time": 0.0, "lr": 1e-05, "loss": -19.639, "recon_loss": -25.18, "kld_loss": 55.411, "kld_weight": 0.1}
{"message": "", "levelname": "INFO", "name": "Trainer", "asctime": "2026-04-17 08:47:43,340", "type": "train", "epoch": 21, "batch": 5679, "n_batches": 7774, "time": 2.424, "data_time": 0.001, "lr": 1e-05, "loss": -27.653, "recon_loss": -32.01, "kld_loss": 43.573, "kld_weight": 0.1}
{"message": "", "levelname": "INFO", "name": "Trainer", "asctime": "2026-04-17 08:48:07,439", "type": "train", "epoch": 21, "batch": 5759, "n_batches": 7774, "time": 2.146, "data_time": 0.0, "lr": 1e-05, "loss": -29.081, "recon_loss": -33.562, "kld_loss": 44.802, "kld_weight": 0.1}
{"message": "", "levelname": "INFO", "name": "Trainer", "asctime": "2026-04-17 08:48:32,473", "type": "train", "epoch": 21, "batch": 5839, "n_batches": 7774, "time": 3.13, "data_time": 0.001, "lr": 1e-05, "loss": -26.775, "recon_loss": -30.901, "kld_loss": 41.262, "kld_weight": 0.1}
{"message": "", "levelname": "INFO", "name": "Trainer", "asctime": "2026-04-17 08:48:58,214", "type": "train", "epoch": 21, "batch": 5919, "n_batches": 7774, "time": 2.436, "data_time": 0.0, "lr": 1e-05, "loss": -24.035, "recon_loss": -28.679, "kld_loss": 46.436, "kld_weight": 0.1}
{"message": "", "levelname": "INFO", "name": "Trainer", "asctime": "2026-04-17 08:49:22,932", "type": "train", "epoch": 21, "batch": 5999, "n_batches": 7774, "time": 2.983, "data_time": 0.0, "lr": 1e-05, "loss": -19.798, "recon_loss": -24.848, "kld_loss": 50.503, "kld_weight": 0.1}
{"message": "", "levelname": "INFO", "name": "Trainer", "asctime": "2026-04-17 08:49:46,431", "type": "train", "epoch": 21, "batch": 6079, "n_batches": 7774, "time": 1.731, "data_time": 0.0, "lr": 1e-05, "loss": -23.24, "recon_loss": -27.72, "kld_loss": 44.793, "kld_weight": 0.1}
{"message": "", "levelname": "INFO", "name": "Trainer", "asctime": "2026-04-17 08:50:10,886", "type": "train", "epoch": 21, "batch": 6159, "n_batches": 7774, "time": 2.471, "data_time": 0.0, "lr": 1e-05, "loss": -20.774, "recon_loss": -25.509, "kld_loss": 47.347, "kld_weight": 0.1}
{"message": "", "levelname": "INFO", "name": "Trainer", "asctime": "2026-04-17 08:50:34,730", "type": "train", "epoch": 21, "batch": 6239, "n_batches": 7774, "time": 2.052, "data_time": 0.001, "lr": 1e-05, "loss": -20.482, "recon_loss": -25.155, "kld_loss": 46.73, "kld_weight": 0.1}
{"message": "", "levelname": "INFO", "name": "Trainer", "asctime": "2026-04-17 08:50:59,675", "type": "train", "epoch": 21, "batch": 6319, "n_batches": 7774, "time": 2.496, "data_time": 0.0, "lr": 1e-05, "loss": -33.381, "recon_loss": -37.647, "kld_loss": 42.655, "kld_weight": 0.1}
{"message": "", "levelname": "INFO", "name": "Trainer", "asctime": "2026-04-17 08:51:26,837", "type": "train", "epoch": 21, "batch": 6399, "n_batches": 7774, "time": 2.974, "data_time": 0.001, "lr": 1e-05, "loss": -21.523, "recon_loss": -26.954, "kld_loss": 54.305, "kld_weight": 0.1}
{"message": "", "levelname": "INFO", "name": "Trainer", "asctime": "2026-04-17 08:51:50,769", "type": "train", "epoch": 21, "batch": 6479, "n_batches": 7774, "time": 3.082, "data_time": 0.0, "lr": 1e-05, "loss": -23.738, "recon_loss": -28.277, "kld_loss": 45.393, "kld_weight": 0.1}
{"message": "", "levelname": "INFO", "name": "Trainer", "asctime": "2026-04-17 08:52:15,182", "type": "train", "epoch": 21, "batch": 6559, "n_batches": 7774, "time": 2.51, "data_time": 0.001, "lr": 1e-05, "loss": -22.427, "recon_loss": -27.083, "kld_loss": 46.556, "kld_weight": 0.1}
{"message": "", "levelname": "INFO", "name": "Trainer", "asctime": "2026-04-17 08:52:39,391", "type": "train", "epoch": 21, "batch": 6639, "n_batches": 7774, "time": 2.299, "data_time": 0.001, "lr": 1e-05, "loss": -26.129, "recon_loss": -30.423, "kld_loss": 42.942, "kld_weight": 0.1}
{"message": "", "levelname": "INFO", "name": "Trainer", "asctime": "2026-04-17 08:53:02,352", "type": "train", "epoch": 21, "batch": 6719, "n_batches": 7774, "time": 1.705, "data_time": 0.001, "lr": 1e-05, "loss": -21.709, "recon_loss": -26.597, "kld_loss": 48.876, "kld_weight": 0.1}
{"message": "", "levelname": "INFO", "name": "Trainer", "asctime": "2026-04-17 08:53:26,513", "type": "train", "epoch": 21, "batch": 6799, "n_batches": 7774, "time": 3.155, "data_time": 0.001, "lr": 1e-05, "loss": -25.354, "recon_loss": -29.695, "kld_loss": 43.412, "kld_weight": 0.1}
{"message": "", "levelname": "INFO", "name": "Trainer", "asctime": "2026-04-17 08:53:51,646", "type": "train", "epoch": 21, "batch": 6879, "n_batches": 7774, "time": 2.714, "data_time": 0.001, "lr": 1e-05, "loss": -22.496, "recon_loss": -27.471, "kld_loss": 49.755, "kld_weight": 0.1}
{"message": "", "levelname": "INFO", "name": "Trainer", "asctime": "2026-04-17 08:54:16,075", "type": "train", "epoch": 21, "batch": 6959, "n_batches": 7774, "time": 2.422, "data_time": 0.001, "lr": 1e-05, "loss": -25.476, "recon_loss": -30.063, "kld_loss": 45.873, "kld_weight": 0.1}
{"message": "", "levelname": "INFO", "name": "Trainer", "asctime": "2026-04-17 08:54:41,074", "type": "train", "epoch": 21, "batch": 7039, "n_batches": 7774, "time": 3.119, "data_time": 0.001, "lr": 1e-05, "loss": -20.415, "recon_loss": -25.042, "kld_loss": 46.277, "kld_weight": 0.1}
{"message": "", "levelname": "INFO", "name": "Trainer", "asctime": "2026-04-17 08:55:06,963", "type": "train", "epoch": 21, "batch": 7119, "n_batches": 7774, "time": 2.556, "data_time": 0.001, "lr": 1e-05, "loss": -29.099, "recon_loss": -34.246, "kld_loss": 51.461, "kld_weight": 0.1}
{"message": "", "levelname": "INFO", "name": "Trainer", "asctime": "2026-04-17 08:55:30,982", "type": "train", "epoch": 21, "batch": 7199, "n_batches": 7774, "time": 2.688, "data_time": 0.001, "lr": 1e-05, "loss": -30.623, "recon_loss": -34.754, "kld_loss": 41.313, "kld_weight": 0.1}
{"message": "", "levelname": "INFO", "name": "Trainer", "asctime": "2026-04-17 08:55:53,858", "type": "train", "epoch": 21, "batch": 7279, "n_batches": 7774, "time": 2.276, "data_time": 0.001, "lr": 1e-05, "loss": -24.637, "recon_loss": -29.43, "kld_loss": 47.926, "kld_weight": 0.1}
{"message": "", "levelname": "INFO", "name": "Trainer", "asctime": "2026-04-17 08:56:19,932", "type": "train", "epoch": 21, "batch": 7359, "n_batches": 7774, "time": 2.262, "data_time": 0.0, "lr": 1e-05, "loss": -27.812, "recon_loss": -32.179, "kld_loss": 43.671, "kld_weight": 0.1}
{"message": "", "levelname": "INFO", "name": "Trainer", "asctime": "2026-04-17 08:56:45,492", "type": "train", "epoch": 21, "batch": 7439, "n_batches": 7774, "time": 2.264, "data_time": 0.001, "lr": 1e-05, "loss": -23.156, "recon_loss": -27.327, "kld_loss": 41.719, "kld_weight": 0.1}
{"message": "", "levelname": "INFO", "name": "Trainer", "asctime": "2026-04-17 08:57:11,126", "type": "train", "epoch": 21, "batch": 7519, "n_batches": 7774, "time": 2.134, "data_time": 0.0, "lr": 1e-05, "loss": -25.975, "recon_loss": -30.047, "kld_loss": 40.719, "kld_weight": 0.1}
{"message": "", "levelname": "INFO", "name": "Trainer", "asctime": "2026-04-17 08:57:36,249", "type": "train", "epoch": 21, "batch": 7599, "n_batches": 7774, "time": 3.353, "data_time": 0.001, "lr": 1e-05, "loss": -18.183, "recon_loss": -22.886, "kld_loss": 47.028, "kld_weight": 0.1}
{"message": "", "levelname": "INFO", "name": "Trainer", "asctime": "2026-04-17 08:58:03,120", "type": "train", "epoch": 21, "batch": 7679, "n_batches": 7774, "time": 3.037, "data_time": 0.001, "lr": 1e-05, "loss": -21.965, "recon_loss": -26.774, "kld_loss": 48.089, "kld_weight": 0.1}
{"message": "", "levelname": "INFO", "name": "Trainer", "asctime": "2026-04-17 08:58:27,706", "type": "train", "epoch": 21, "batch": 7759, "n_batches": 7774, "time": 2.849, "data_time": 0.001, "lr": 1e-05, "loss": -23.398, "recon_loss": -27.634, "kld_loss": 42.353, "kld_weight": 0.1}
{"message": "", "levelname": "INFO", "name": "Trainer", "asctime": "2026-04-17 08:58:31,073", "type": "train-epoch", "epoch": 22, "loss": -3.00009, "recon_loss": -3.57287, "kld_loss": 5.72778, "kld_weight": 0.1, "time": 2408.5}
{"message": "", "levelname": "INFO", "name": "Trainer", "asctime": "2026-04-17 09:04:53,410", "type": "val-epoch", "epoch": 22, "loss": -2.99, "test_loss": -0.014, "recon_loss": -3.559, "kld_loss": 5.686, "kld_weight": 0.1, "note": "loss is teacher-forced CVAE objective; test_loss is prior-only reconstruction", "time": 382.3}
{"message": "", "levelname": "INFO", "name": "Trainer", "asctime": "2026-04-17 09:05:19,718", "type": "train", "epoch": 22, "batch": 79, "n_batches": 7774, "time": 2.437, "data_time": 0.001, "lr": 1e-05, "loss": -29.388, "recon_loss": -33.758, "kld_loss": 43.703, "kld_weight": 0.1}
{"message": "", "levelname": "INFO", "name": "Trainer", "asctime": "2026-04-17 09:05:43,482", "type": "train", "epoch": 22, "batch": 159, "n_batches": 7774, "time": 2.821, "data_time": 0.001, "lr": 1e-05, "loss": -25.534, "recon_loss": -29.826, "kld_loss": 42.914, "kld_weight": 0.1}
{"message": "", "levelname": "INFO", "name": "Trainer", "asctime": "2026-04-17 09:06:06,741", "type": "train", "epoch": 22, "batch": 239, "n_batches": 7774, "time": 2.013, "data_time": 0.001, "lr": 1e-05, "loss": -22.989, "recon_loss": -27.409, "kld_loss": 44.198, "kld_weight": 0.1}
{"message": "", "levelname": "INFO", "name": "Trainer", "asctime": "2026-04-17 09:06:32,893", "type": "train", "epoch": 22, "batch": 319, "n_batches": 7774, "time": 3.018, "data_time": 0.001, "lr": 1e-05, "loss": -25.69, "recon_loss": -30.012, "kld_loss": 43.223, "kld_weight": 0.1}
{"message": "", "levelname": "INFO", "name": "Trainer", "asctime": "2026-04-17 09:06:57,496", "type": "train", "epoch": 22, "batch": 399, "n_batches": 7774, "time": 2.251, "data_time": 0.001, "lr": 1e-05, "loss": -20.141, "recon_loss": -24.758, "kld_loss": 46.165, "kld_weight": 0.1}
{"message": "", "levelname": "INFO", "name": "Trainer", "asctime": "2026-04-17 09:07:22,069", "type": "train", "epoch": 22, "batch": 479, "n_batches": 7774, "time": 2.093, "data_time": 0.0, "lr": 1e-05, "loss": -26.836, "recon_loss": -31.418, "kld_loss": 45.816, "kld_weight": 0.1}
{"message": "", "levelname": "INFO", "name": "Trainer", "asctime": "2026-04-17 09:07:45,926", "type": "train", "epoch": 22, "batch": 559, "n_batches": 7774, "time": 2.964, "data_time": 0.001, "lr": 1e-05, "loss": -25.483, "recon_loss": -29.703, "kld_loss": 42.2, "kld_weight": 0.1}
{"message": "", "levelname": "INFO", "name": "Trainer", "asctime": "2026-04-17 09:08:11,861", "type": "train", "epoch": 22, "batch": 639, "n_batches": 7774, "time": 3.119, "data_time": 0.001, "lr": 1e-05, "loss": -24.376, "recon_loss": -28.697, "kld_loss": 43.21, "kld_weight": 0.1}
{"message": "", "levelname": "INFO", "name": "Trainer", "asctime": "2026-04-17 09:08:36,270", "type": "train", "epoch": 22, "batch": 719, "n_batches": 7774, "time": 2.881, "data_time": 0.001, "lr": 1e-05, "loss": -24.337, "recon_loss": -28.318, "kld_loss": 39.813, "kld_weight": 0.1}
{"message": "", "levelname": "INFO", "name": "Trainer", "asctime": "2026-04-17 09:09:00,528", "type": "train", "epoch": 22, "batch": 799, "n_batches": 7774, "time": 2.109, "data_time": 0.0, "lr": 1e-05, "loss": -20.364, "recon_loss": -25.346, "kld_loss": 49.822, "kld_weight": 0.1}
{"message": "", "levelname": "INFO", "name": "Trainer", "asctime": "2026-04-17 09:09:28,000", "type": "train", "epoch": 22, "batch": 879, "n_batches": 7774, "time": 3.09, "data_time": 0.001, "lr": 1e-05, "loss": -18.486, "recon_loss": -23.346, "kld_loss": 48.602, "kld_weight": 0.1}
{"message": "", "levelname": "INFO", "name": "Trainer", "asctime": "2026-04-17 09:09:53,227", "type": "train", "epoch": 22, "batch": 959, "n_batches": 7774, "time": 2.013, "data_time": 0.0, "lr": 1e-05, "loss": -20.129, "recon_loss": -24.616, "kld_loss": 44.869, "kld_weight": 0.1}
{"message": "", "levelname": "INFO", "name": "Trainer", "asctime": "2026-04-17 09:10:17,110", "type": "train", "epoch": 22, "batch": 1039, "n_batches": 7774, "time": 1.67, "data_time": 0.001, "lr": 1e-05, "loss": -26.052, "recon_loss": -30.469, "kld_loss": 44.169, "kld_weight": 0.1}
{"message": "", "levelname": "INFO", "name": "Trainer", "asctime": "2026-04-17 09:10:41,090", "type": "train", "epoch": 22, "batch": 1119, "n_batches": 7774, "time": 2.229, "data_time": 0.001, "lr": 1e-05, "loss": -21.727, "recon_loss": -25.992, "kld_loss": 42.643, "kld_weight": 0.1}
{"message": "", "levelname": "INFO", "name": "Trainer", "asctime": "2026-04-17 09:11:02,914", "type": "train", "epoch": 22, "batch": 1199, "n_batches": 7774, "time": 2.621, "data_time": 0.0, "lr": 1e-05, "loss": -22.915, "recon_loss": -27.377, "kld_loss": 44.624, "kld_weight": 0.1}
{"message": "", "levelname": "INFO", "name": "Trainer", "asctime": "2026-04-17 09:11:27,695", "type": "train", "epoch": 22, "batch": 1279, "n_batches": 7774, "time": 2.202, "data_time": 0.0, "lr": 1e-05, "loss": -20.782, "recon_loss": -26.133, "kld_loss": 53.519, "kld_weight": 0.1}
{"message": "", "levelname": "INFO", "name": "Trainer", "asctime": "2026-04-17 09:11:52,128", "type": "train", "epoch": 22, "batch": 1359, "n_batches": 7774, "time": 2.678, "data_time": 0.001, "lr": 1e-05, "loss": -19.993, "recon_loss": -24.357, "kld_loss": 43.64, "kld_weight": 0.1}
{"message": "", "levelname": "INFO", "name": "Trainer", "asctime": "2026-04-17 09:12:16,528", "type": "train", "epoch": 22, "batch": 1439, "n_batches": 7774, "time": 2.794, "data_time": 0.001, "lr": 1e-05, "loss": -21.129, "recon_loss": -25.188, "kld_loss": 40.591, "kld_weight": 0.1}
{"message": "", "levelname": "INFO", "name": "Trainer", "asctime": "2026-04-17 09:12:43,171", "type": "train", "epoch": 22, "batch": 1519, "n_batches": 7774, "time": 2.791, "data_time": 0.001, "lr": 1e-05, "loss": -28.089, "recon_loss": -32.712, "kld_loss": 46.23, "kld_weight": 0.1}
{"message": "", "levelname": "INFO", "name": "Trainer", "asctime": "2026-04-17 09:13:08,083", "type": "train", "epoch": 22, "batch": 1599, "n_batches": 7774, "time": 2.764, "data_time": 0.001, "lr": 1e-05, "loss": -24.082, "recon_loss": -28.575, "kld_loss": 44.931, "kld_weight": 0.1}
{"message": "", "levelname": "INFO", "name": "Trainer", "asctime": "2026-04-17 09:13:33,767", "type": "train", "epoch": 22, "batch": 1679, "n_batches": 7774, "time": 2.237, "data_time": 0.0, "lr": 1e-05, "loss": -22.356, "recon_loss": -27.536, "kld_loss": 51.797, "kld_weight": 0.1}
{"message": "", "levelname": "INFO", "name": "Trainer", "asctime": "2026-04-17 09:13:58,233", "type": "train", "epoch": 22, "batch": 1759, "n_batches": 7774, "time": 2.297, "data_time": 0.0, "lr": 1e-05, "loss": -19.637, "recon_loss": -23.886, "kld_loss": 42.488, "kld_weight": 0.1}
{"message": "", "levelname": "INFO", "name": "Trainer", "asctime": "2026-04-17 09:14:22,776", "type": "train", "epoch": 22, "batch": 1839, "n_batches": 7774, "time": 2.548, "data_time": 0.001, "lr": 1e-05, "loss": -31.604, "recon_loss": -35.57, "kld_loss": 39.666, "kld_weight": 0.1}
{"message": "", "levelname": "INFO", "name": "Trainer", "asctime": "2026-04-17 09:14:46,693", "type": "train", "epoch": 22, "batch": 1919, "n_batches": 7774, "time": 2.474, "data_time": 0.0, "lr": 1e-05, "loss": -28.916, "recon_loss": -33.286, "kld_loss": 43.7, "kld_weight": 0.1}
{"message": "", "levelname": "INFO", "name": "Trainer", "asctime": "2026-04-17 09:15:11,102", "type": "train", "epoch": 22, "batch": 1999, "n_batches": 7774, "time": 2.508, "data_time": 0.001, "lr": 1e-05, "loss": -25.047, "recon_loss": -29.285, "kld_loss": 42.38, "kld_weight": 0.1}
{"message": "", "levelname": "INFO", "name": "Trainer", "asctime": "2026-04-17 09:15:35,074", "type": "train", "epoch": 22, "batch": 2079, "n_batches": 7774, "time": 2.083, "data_time": 0.0, "lr": 1e-05, "loss": -18.581, "recon_loss": -22.574, "kld_loss": 39.924, "kld_weight": 0.1}
{"message": "", "levelname": "INFO", "name": "Trainer", "asctime": "2026-04-17 09:15:58,991", "type": "train", "epoch": 22, "batch": 2159, "n_batches": 7774, "time": 2.206, "data_time": 0.0, "lr": 1e-05, "loss": -21.535, "recon_loss": -26.165, "kld_loss": 46.298, "kld_weight": 0.1}
{"message": "", "levelname": "INFO", "name": "Trainer", "asctime": "2026-04-17 09:16:23,849", "type": "train", "epoch": 22, "batch": 2239, "n_batches": 7774, "time": 2.68, "data_time": 0.001, "lr": 1e-05, "loss": -22.401, "recon_loss": -27.586, "kld_loss": 51.854, "kld_weight": 0.1}
{"message": "", "levelname": "INFO", "name": "Trainer", "asctime": "2026-04-17 09:16:49,878", "type": "train", "epoch": 22, "batch": 2319, "n_batches": 7774, "time": 2.5, "data_time": 0.001, "lr": 1e-05, "loss": -28.238, "recon_loss": -32.614, "kld_loss": 43.756, "kld_weight": 0.1}
{"message": "", "levelname": "INFO", "name": "Trainer", "asctime": "2026-04-17 09:17:13,724", "type": "train", "epoch": 22, "batch": 2399, "n_batches": 7774, "time": 1.519, "data_time": 0.0, "lr": 1e-05, "loss": -24.74, "recon_loss": -29.269, "kld_loss": 45.288, "kld_weight": 0.1}
{"message": "", "levelname": "INFO", "name": "Trainer", "asctime": "2026-04-17 09:17:36,836", "type": "train", "epoch": 22, "batch": 2479, "n_batches": 7774, "time": 2.409, "data_time": 0.0, "lr": 1e-05, "loss": -22.781, "recon_loss": -27.106, "kld_loss": 43.242, "kld_weight": 0.1}
{"message": "", "levelname": "INFO", "name": "Trainer", "asctime": "2026-04-17 09:17:59,888", "type": "train", "epoch": 22, "batch": 2559, "n_batches": 7774, "time": 2.444, "data_time": 0.0, "lr": 1e-05, "loss": -22.376, "recon_loss": -27.175, "kld_loss": 47.993, "kld_weight": 0.1}
{"message": "", "levelname": "INFO", "name": "Trainer", "asctime": "2026-04-17 09:18:26,752", "type": "train", "epoch": 22, "batch": 2639, "n_batches": 7774, "time": 2.425, "data_time": 0.001, "lr": 1e-05, "loss": -22.957, "recon_loss": -27.716, "kld_loss": 47.586, "kld_weight": 0.1}
{"message": "", "levelname": "INFO", "name": "Trainer", "asctime": "2026-04-17 09:18:51,413", "type": "train", "epoch": 22, "batch": 2719, "n_batches": 7774, "time": 2.051, "data_time": 0.0, "lr": 1e-05, "loss": -24.484, "recon_loss": -28.847, "kld_loss": 43.624, "kld_weight": 0.1}
{"message": "", "levelname": "INFO", "name": "Trainer", "asctime": "2026-04-17 09:19:17,389", "type": "train", "epoch": 22, "batch": 2799, "n_batches": 7774, "time": 3.02, "data_time": 0.001, "lr": 1e-05, "loss": -19.879, "recon_loss": -24.19, "kld_loss": 43.106, "kld_weight": 0.1}
{"message": "", "levelname": "INFO", "name": "Trainer", "asctime": "2026-04-17 09:19:43,004", "type": "train", "epoch": 22, "batch": 2879, "n_batches": 7774, "time": 2.307, "data_time": 0.001, "lr": 1e-05, "loss": -28.347, "recon_loss": -32.671, "kld_loss": 43.243, "kld_weight": 0.1}
{"message": "", "levelname": "INFO", "name": "Trainer", "asctime": "2026-04-17 09:20:06,821", "type": "train", "epoch": 22, "batch": 2959, "n_batches": 7774, "time": 2.638, "data_time": 0.001, "lr": 1e-05, "loss": -24.961, "recon_loss": -29.932, "kld_loss": 49.715, "kld_weight": 0.1}
{"message": "", "levelname": "INFO", "name": "Trainer", "asctime": "2026-04-17 09:20:31,845", "type": "train", "epoch": 22, "batch": 3039, "n_batches": 7774, "time": 2.106, "data_time": 0.001, "lr": 1e-05, "loss": -26.763, "recon_loss": -31.92, "kld_loss": 51.576, "kld_weight": 0.1}
{"message": "", "levelname": "INFO", "name": "Trainer", "asctime": "2026-04-17 09:20:58,910", "type": "train", "epoch": 22, "batch": 3119, "n_batches": 7774, "time": 2.764, "data_time": 0.001, "lr": 1e-05, "loss": -29.313, "recon_loss": -33.567, "kld_loss": 42.546, "kld_weight": 0.1}
{"message": "", "levelname": "INFO", "name": "Trainer", "asctime": "2026-04-17 09:21:24,028", "type": "train", "epoch": 22, "batch": 3199, "n_batches": 7774, "time": 2.625, "data_time": 0.001, "lr": 1e-05, "loss": -24.541, "recon_loss": -29.179, "kld_loss": 46.381, "kld_weight": 0.1}
{"message": "", "levelname": "INFO", "name": "Trainer", "asctime": "2026-04-17 09:21:48,723", "type": "train", "epoch": 22, "batch": 3279, "n_batches": 7774, "time": 2.41, "data_time": 0.001, "lr": 1e-05, "loss": -26.535, "recon_loss": -31.227, "kld_loss": 46.912, "kld_weight": 0.1}
{"message": "", "levelname": "INFO", "name": "Trainer", "asctime": "2026-04-17 09:22:14,331", "type": "train", "epoch": 22, "batch": 3359, "n_batches": 7774, "time": 2.143, "data_time": 0.0, "lr": 1e-05, "loss": -25.83, "recon_loss": -30.038, "kld_loss": 42.076, "kld_weight": 0.1}
{"message": "", "levelname": "INFO", "name": "Trainer", "asctime": "2026-04-17 09:22:40,184", "type": "train", "epoch": 22, "batch": 3439, "n_batches": 7774, "time": 3.121, "data_time": 0.001, "lr": 1e-05, "loss": -28.59, "recon_loss": -32.759, "kld_loss": 41.689, "kld_weight": 0.1}
{"message": "", "levelname": "INFO", "name": "Trainer", "asctime": "2026-04-17 09:23:05,644", "type": "train", "epoch": 22, "batch": 3519, "n_batches": 7774, "time": 2.428, "data_time": 0.001, "lr": 1e-05, "loss": -27.844, "recon_loss": -32.812, "kld_loss": 49.674, "kld_weight": 0.1}
{"message": "", "levelname": "INFO", "name": "Trainer", "asctime": "2026-04-17 09:23:28,641", "type": "train", "epoch": 22, "batch": 3599, "n_batches": 7774, "time": 2.392, "data_time": 0.001, "lr": 1e-05, "loss": -26.49, "recon_loss": -30.788, "kld_loss": 42.972, "kld_weight": 0.1}
{"message": "", "levelname": "INFO", "name": "Trainer", "asctime": "2026-04-17 09:23:53,123", "type": "train", "epoch": 22, "batch": 3679, "n_batches": 7774, "time": 2.137, "data_time": 0.001, "lr": 1e-05, "loss": -20.69, "recon_loss": -25.238, "kld_loss": 45.477, "kld_weight": 0.1}
{"message": "", "levelname": "INFO", "name": "Trainer", "asctime": "2026-04-17 09:24:19,187", "type": "train", "epoch": 22, "batch": 3759, "n_batches": 7774, "time": 2.523, "data_time": 0.0, "lr": 1e-05, "loss": -22.538, "recon_loss": -26.828, "kld_loss": 42.895, "kld_weight": 0.1}
{"message": "", "levelname": "INFO", "name": "Trainer", "asctime": "2026-04-17 09:24:45,995", "type": "train", "epoch": 22, "batch": 3839, "n_batches": 7774, "time": 2.929, "data_time": 0.001, "lr": 1e-05, "loss": -23.649, "recon_loss": -27.866, "kld_loss": 42.164, "kld_weight": 0.1}
{"message": "", "levelname": "INFO", "name": "Trainer", "asctime": "2026-04-17 09:25:10,304", "type": "train", "epoch": 22, "batch": 3919, "n_batches": 7774, "time": 2.552, "data_time": 0.001, "lr": 1e-05, "loss": -23.014, "recon_loss": -27.69, "kld_loss": 46.754, "kld_weight": 0.1}
{"message": "", "levelname": "INFO", "name": "Trainer", "asctime": "2026-04-17 09:25:35,758", "type": "train", "epoch": 22, "batch": 3999, "n_batches": 7774, "time": 2.211, "data_time": 0.0, "lr": 1e-05, "loss": -19.009, "recon_loss": -23.369, "kld_loss": 43.597, "kld_weight": 0.1}
{"message": "", "levelname": "INFO", "name": "Trainer", "asctime": "2026-04-17 09:26:01,433", "type": "train", "epoch": 22, "batch": 4079, "n_batches": 7774, "time": 3.028, "data_time": 0.001, "lr": 1e-05, "loss": -25.536, "recon_loss": -29.732, "kld_loss": 41.962, "kld_weight": 0.1}
{"message": "", "levelname": "INFO", "name": "Trainer", "asctime": "2026-04-17 09:26:26,296", "type": "train", "epoch": 22, "batch": 4159, "n_batches": 7774, "time": 2.444, "data_time": 0.001, "lr": 1e-05, "loss": -27.444, "recon_loss": -31.621, "kld_loss": 41.774, "kld_weight": 0.1}
{"message": "", "levelname": "INFO", "name": "Trainer", "asctime": "2026-04-17 09:26:50,521", "type": "train", "epoch": 22, "batch": 4239, "n_batches": 7774, "time": 1.698, "data_time": 0.0, "lr": 1e-05, "loss": -22.789, "recon_loss": -27.374, "kld_loss": 45.843, "kld_weight": 0.1}
{"message": "", "levelname": "INFO", "name": "Trainer", "asctime": "2026-04-17 09:27:14,876", "type": "train", "epoch": 22, "batch": 4319, "n_batches": 7774, "time": 2.564, "data_time": 0.0, "lr": 1e-05, "loss": -24.943, "recon_loss": -29.34, "kld_loss": 43.967, "kld_weight": 0.1}
{"message": "", "levelname": "INFO", "name": "Trainer", "asctime": "2026-04-17 09:27:40,281", "type": "train", "epoch": 22, "batch": 4399, "n_batches": 7774, "time": 2.871, "data_time": 0.001, "lr": 1e-05, "loss": -25.296, "recon_loss": -29.73, "kld_loss": 44.338, "kld_weight": 0.1}
{"message": "", "levelname": "INFO", "name": "Trainer", "asctime": "2026-04-17 09:28:04,945", "type": "train", "epoch": 22, "batch": 4479, "n_batches": 7774, "time": 2.684, "data_time": 0.001, "lr": 1e-05, "loss": -24.18, "recon_loss": -28.527, "kld_loss": 43.465, "kld_weight": 0.1}
{"message": "", "levelname": "INFO", "name": "Trainer", "asctime": "2026-04-17 09:28:30,065", "type": "train", "epoch": 22, "batch": 4559, "n_batches": 7774, "time": 2.143, "data_time": 0.001, "lr": 1e-05, "loss": -25.024, "recon_loss": -29.692, "kld_loss": 46.678, "kld_weight": 0.1}
{"message": "", "levelname": "INFO", "name": "Trainer", "asctime": "2026-04-17 09:28:55,145", "type": "train", "epoch": 22, "batch": 4639, "n_batches": 7774, "time": 2.703, "data_time": 0.0, "lr": 1e-05, "loss": -25.814, "recon_loss": -31.197, "kld_loss": 53.832, "kld_weight": 0.1}
{"message": "", "levelname": "INFO", "name": "Trainer", "asctime": "2026-04-17 09:29:18,828", "type": "train", "epoch": 22, "batch": 4719, "n_batches": 7774, "time": 2.236, "data_time": 0.0, "lr": 1e-05, "loss": -22.588, "recon_loss": -26.761, "kld_loss": 41.732, "kld_weight": 0.1}
{"message": "", "levelname": "INFO", "name": "Trainer", "asctime": "2026-04-17 09:29:42,346", "type": "train", "epoch": 22, "batch": 4799, "n_batches": 7774, "time": 2.766, "data_time": 0.001, "lr": 1e-05, "loss": -24.262, "recon_loss": -28.623, "kld_loss": 43.612, "kld_weight": 0.1}
{"message": "", "levelname": "INFO", "name": "Trainer", "asctime": "2026-04-17 09:30:07,627", "type": "train", "epoch": 22, "batch": 4879, "n_batches": 7774, "time": 2.347, "data_time": 0.001, "lr": 1e-05, "loss": -28.477, "recon_loss": -32.697, "kld_loss": 42.199, "kld_weight": 0.1}
{"message": "", "levelname": "INFO", "name": "Trainer", "asctime": "2026-04-17 09:30:29,742", "type": "train", "epoch": 22, "batch": 4959, "n_batches": 7774, "time": 1.816, "data_time": 0.0, "lr": 1e-05, "loss": -25.606, "recon_loss": -29.928, "kld_loss": 43.223, "kld_weight": 0.1}
{"message": "", "levelname": "INFO", "name": "Trainer", "asctime": "2026-04-17 09:30:53,894", "type": "train", "epoch": 22, "batch": 5039, "n_batches": 7774, "time": 1.965, "data_time": 0.001, "lr": 1e-05, "loss": -21.731, "recon_loss": -26.188, "kld_loss": 44.568, "kld_weight": 0.1}
{"message": "", "levelname": "INFO", "name": "Trainer", "asctime": "2026-04-17 09:31:19,746", "type": "train", "epoch": 22, "batch": 5119, "n_batches": 7774, "time": 2.824, "data_time": 0.0, "lr": 1e-05, "loss": -25.652, "recon_loss": -30.693, "kld_loss": 50.409, "kld_weight": 0.1}
{"message": "", "levelname": "INFO", "name": "Trainer", "asctime": "2026-04-17 09:31:44,226", "type": "train", "epoch": 22, "batch": 5199, "n_batches": 7774, "time": 2.795, "data_time": 0.001, "lr": 1e-05, "loss": -26.242, "recon_loss": -30.838, "kld_loss": 45.958, "kld_weight": 0.1}
{"message": "", "levelname": "INFO", "name": "Trainer", "asctime": "2026-04-17 09:32:09,204", "type": "train", "epoch": 22, "batch": 5279, "n_batches": 7774, "time": 1.899, "data_time": 0.001, "lr": 1e-05, "loss": -20.805, "recon_loss": -26.02, "kld_loss": 52.146, "kld_weight": 0.1}
{"message": "", "levelname": "INFO", "name": "Trainer", "asctime": "2026-04-17 09:32:33,185", "type": "train", "epoch": 22, "batch": 5359, "n_batches": 7774, "time": 2.146, "data_time": 0.001, "lr": 1e-05, "loss": -27.318, "recon_loss": -31.847, "kld_loss": 45.283, "kld_weight": 0.1}
{"message": "", "levelname": "INFO", "name": "Trainer", "asctime": "2026-04-17 09:32:58,027", "type": "train", "epoch": 22, "batch": 5439, "n_batches": 7774, "time": 3.054, "data_time": 0.001, "lr": 1e-05, "loss": -20.675, "recon_loss": -25.148, "kld_loss": 44.73, "kld_weight": 0.1}
{"message": "", "levelname": "INFO", "name": "Trainer", "asctime": "2026-04-17 09:33:22,506", "type": "train", "epoch": 22, "batch": 5519, "n_batches": 7774, "time": 3.187, "data_time": 0.001, "lr": 1e-05, "loss": -23.819, "recon_loss": -28.029, "kld_loss": 42.104, "kld_weight": 0.1}
{"message": "", "levelname": "INFO", "name": "Trainer", "asctime": "2026-04-17 09:33:46,812", "type": "train", "epoch": 22, "batch": 5599, "n_batches": 7774, "time": 2.622, "data_time": 0.001, "lr": 1e-05, "loss": -25.149, "recon_loss": -30.241, "kld_loss": 50.919, "kld_weight": 0.1}
{"message": "", "levelname": "INFO", "name": "Trainer", "asctime": "2026-04-17 09:34:09,270", "type": "train", "epoch": 22, "batch": 5679, "n_batches": 7774, "time": 1.947, "data_time": 0.0, "lr": 1e-05, "loss": -27.98, "recon_loss": -32.073, "kld_loss": 40.934, "kld_weight": 0.1}
{"message": "", "levelname": "INFO", "name": "Trainer", "asctime": "2026-04-17 09:34:35,186", "type": "train", "epoch": 22, "batch": 5759, "n_batches": 7774, "time": 2.297, "data_time": 0.0, "lr": 1e-05, "loss": -24.556, "recon_loss": -28.897, "kld_loss": 43.404, "kld_weight": 0.1}
{"message": "", "levelname": "INFO", "name": "Trainer", "asctime": "2026-04-17 09:34:59,792", "type": "train", "epoch": 22, "batch": 5839, "n_batches": 7774, "time": 2.751, "data_time": 0.001, "lr": 1e-05, "loss": -24.717, "recon_loss": -29.232, "kld_loss": 45.151, "kld_weight": 0.1}
{"message": "", "levelname": "INFO", "name": "Trainer", "asctime": "2026-04-17 09:35:26,337", "type": "train", "epoch": 22, "batch": 5919, "n_batches": 7774, "time": 2.02, "data_time": 0.0, "lr": 1e-05, "loss": -19.541, "recon_loss": -24.801, "kld_loss": 52.595, "kld_weight": 0.1}
{"message": "", "levelname": "INFO", "name": "Trainer", "asctime": "2026-04-17 09:35:50,542", "type": "train", "epoch": 22, "batch": 5999, "n_batches": 7774, "time": 2.42, "data_time": 0.0, "lr": 1e-05, "loss": -24.052, "recon_loss": -28.625, "kld_loss": 45.726, "kld_weight": 0.1}
{"message": "", "levelname": "INFO", "name": "Trainer", "asctime": "2026-04-17 09:36:15,105", "type": "train", "epoch": 22, "batch": 6079, "n_batches": 7774, "time": 2.602, "data_time": 0.0, "lr": 1e-05, "loss": -31.049, "recon_loss": -35.414, "kld_loss": 43.656, "kld_weight": 0.1}
{"message": "", "levelname": "INFO", "name": "Trainer", "asctime": "2026-04-17 09:36:39,107", "type": "train", "epoch": 22, "batch": 6159, "n_batches": 7774, "time": 2.635, "data_time": 0.001, "lr": 1e-05, "loss": -26.411, "recon_loss": -30.876, "kld_loss": 44.645, "kld_weight": 0.1}
{"message": "", "levelname": "INFO", "name": "Trainer", "asctime": "2026-04-17 09:37:03,619", "type": "train", "epoch": 22, "batch": 6239, "n_batches": 7774, "time": 2.686, "data_time": 0.001, "lr": 1e-05, "loss": -28.884, "recon_loss": -33.906, "kld_loss": 50.229, "kld_weight": 0.1}
{"message": "", "levelname": "INFO", "name": "Trainer", "asctime": "2026-04-17 09:37:28,406", "type": "train", "epoch": 22, "batch": 6319, "n_batches": 7774, "time": 2.94, "data_time": 0.001, "lr": 1e-05, "loss": -22.692, "recon_loss": -27.357, "kld_loss": 46.652, "kld_weight": 0.1}
{"message": "", "levelname": "INFO", "name": "Trainer", "asctime": "2026-04-17 09:37:51,626", "type": "train", "epoch": 22, "batch": 6399, "n_batches": 7774, "time": 2.192, "data_time": 0.0, "lr": 1e-05, "loss": -23.632, "recon_loss": -28.3, "kld_loss": 46.682, "kld_weight": 0.1}
{"message": "", "levelname": "INFO", "name": "Trainer", "asctime": "2026-04-17 09:38:17,026", "type": "train", "epoch": 22, "batch": 6479, "n_batches": 7774, "time": 2.38, "data_time": 0.0, "lr": 1e-05, "loss": -19.251, "recon_loss": -23.894, "kld_loss": 46.428, "kld_weight": 0.1}
{"message": "", "levelname": "INFO", "name": "Trainer", "asctime": "2026-04-17 09:38:41,706", "type": "train", "epoch": 22, "batch": 6559, "n_batches": 7774, "time": 2.678, "data_time": 0.001, "lr": 1e-05, "loss": -22.936, "recon_loss": -27.201, "kld_loss": 42.647, "kld_weight": 0.1}
{"message": "", "levelname": "INFO", "name": "Trainer", "asctime": "2026-04-17 09:39:05,132", "type": "train", "epoch": 22, "batch": 6639, "n_batches": 7774, "time": 1.956, "data_time": 0.0, "lr": 1e-05, "loss": -27.569, "recon_loss": -32.024, "kld_loss": 44.551, "kld_weight": 0.1}
{"message": "", "levelname": "INFO", "name": "Trainer", "asctime": "2026-04-17 09:39:31,595", "type": "train", "epoch": 22, "batch": 6719, "n_batches": 7774, "time": 2.295, "data_time": 0.001, "lr": 1e-05, "loss": -21.57, "recon_loss": -26.509, "kld_loss": 49.394, "kld_weight": 0.1}
{"message": "", "levelname": "INFO", "name": "Trainer", "asctime": "2026-04-17 09:39:56,693", "type": "train", "epoch": 22, "batch": 6799, "n_batches": 7774, "time": 2.361, "data_time": 0.0, "lr": 1e-05, "loss": -16.227, "recon_loss": -22.232, "kld_loss": 60.049, "kld_weight": 0.1}
{"message": "", "levelname": "INFO", "name": "Trainer", "asctime": "2026-04-17 09:40:20,766", "type": "train", "epoch": 22, "batch": 6879, "n_batches": 7774, "time": 2.323, "data_time": 0.0, "lr": 1e-05, "loss": -24.945, "recon_loss": -29.36, "kld_loss": 44.151, "kld_weight": 0.1}
{"message": "", "levelname": "INFO", "name": "Trainer", "asctime": "2026-04-17 09:40:45,477", "type": "train", "epoch": 22, "batch": 6959, "n_batches": 7774, "time": 2.775, "data_time": 0.001, "lr": 1e-05, "loss": -23.443, "recon_loss": -27.698, "kld_loss": 42.548, "kld_weight": 0.1}
{"message": "", "levelname": "INFO", "name": "Trainer", "asctime": "2026-04-17 09:41:12,520", "type": "train", "epoch": 22, "batch": 7039, "n_batches": 7774, "time": 2.309, "data_time": 0.0, "lr": 1e-05, "loss": -24.477, "recon_loss": -29.578, "kld_loss": 51.017, "kld_weight": 0.1}
{"message": "", "levelname": "INFO", "name": "Trainer", "asctime": "2026-04-17 09:41:37,267", "type": "train", "epoch": 22, "batch": 7119, "n_batches": 7774, "time": 2.357, "data_time": 0.0, "lr": 1e-05, "loss": -21.855, "recon_loss": -26.605, "kld_loss": 47.499, "kld_weight": 0.1}
{"message": "", "levelname": "INFO", "name": "Trainer", "asctime": "2026-04-17 09:42:02,037", "type": "train", "epoch": 22, "batch": 7199, "n_batches": 7774, "time": 2.773, "data_time": 0.0, "lr": 1e-05, "loss": -22.964, "recon_loss": -27.82, "kld_loss": 48.564, "kld_weight": 0.1}
{"message": "", "levelname": "INFO", "name": "Trainer", "asctime": "2026-04-17 09:42:25,806", "type": "train", "epoch": 22, "batch": 7279, "n_batches": 7774, "time": 2.51, "data_time": 0.001, "lr": 1e-05, "loss": -20.486, "recon_loss": -26.255, "kld_loss": 57.682, "kld_weight": 0.1}
{"message": "", "levelname": "INFO", "name": "Trainer", "asctime": "2026-04-17 09:42:51,405", "type": "train", "epoch": 22, "batch": 7359, "n_batches": 7774, "time": 2.655, "data_time": 0.001, "lr": 1e-05, "loss": -20.876, "recon_loss": -25.898, "kld_loss": 50.219, "kld_weight": 0.1}
{"message": "", "levelname": "INFO", "name": "Trainer", "asctime": "2026-04-17 09:43:18,010", "type": "train", "epoch": 22, "batch": 7439, "n_batches": 7774, "time": 2.858, "data_time": 0.0, "lr": 1e-05, "loss": -24.638, "recon_loss": -29.334, "kld_loss": 46.954, "kld_weight": 0.1}
{"message": "", "levelname": "INFO", "name": "Trainer", "asctime": "2026-04-17 09:43:44,065", "type": "train", "epoch": 22, "batch": 7519, "n_batches": 7774, "time": 2.507, "data_time": 0.0, "lr": 1e-05, "loss": -31.823, "recon_loss": -36.39, "kld_loss": 45.664, "kld_weight": 0.1}
{"message": "", "levelname": "INFO", "name": "Trainer", "asctime": "2026-04-17 09:44:07,408", "type": "train", "epoch": 22, "batch": 7599, "n_batches": 7774, "time": 2.645, "data_time": 0.001, "lr": 1e-05, "loss": -22.651, "recon_loss": -26.532, "kld_loss": 38.801, "kld_weight": 0.1}
{"message": "", "levelname": "INFO", "name": "Trainer", "asctime": "2026-04-17 09:44:31,079", "type": "train", "epoch": 22, "batch": 7679, "n_batches": 7774, "time": 2.971, "data_time": 0.001, "lr": 1e-05, "loss": -22.946, "recon_loss": -27.691, "kld_loss": 47.452, "kld_weight": 0.1}
{"message": "", "levelname": "INFO", "name": "Trainer", "asctime": "2026-04-17 09:44:57,583", "type": "train", "epoch": 22, "batch": 7759, "n_batches": 7774, "time": 2.11, "data_time": 0.0, "lr": 1e-05, "loss": -27.0, "recon_loss": -31.492, "kld_loss": 44.924, "kld_weight": 0.1}
{"message": "", "levelname": "INFO", "name": "Trainer", "asctime": "2026-04-17 09:45:01,687", "type": "train-epoch", "epoch": 23, "loss": -3.00095, "recon_loss": -3.57352, "kld_loss": 5.72567, "kld_weight": 0.1, "time": 2408.3}
{"message": "", "levelname": "INFO", "name": "Trainer", "asctime": "2026-04-17 09:51:24,092", "type": "val-epoch", "epoch": 23, "loss": -2.988, "test_loss": -0.018, "recon_loss": -3.557, "kld_loss": 5.692, "kld_weight": 0.1, "note": "loss is teacher-forced CVAE objective; test_loss is prior-only reconstruction", "time": 382.4}
{"message": "", "levelname": "INFO", "name": "Trainer", "asctime": "2026-04-17 09:51:47,251", "type": "train", "epoch": 23, "batch": 79, "n_batches": 7774, "time": 2.505, "data_time": 0.0, "lr": 1e-05, "loss": -23.105, "recon_loss": -27.724, "kld_loss": 46.192, "kld_weight": 0.1}
{"message": "", "levelname": "INFO", "name": "Trainer", "asctime": "2026-04-17 09:52:12,447", "type": "train", "epoch": 23, "batch": 159, "n_batches": 7774, "time": 2.483, "data_time": 0.001, "lr": 1e-05, "loss": -25.101, "recon_loss": -29.618, "kld_loss": 45.166, "kld_weight": 0.1}
{"message": "", "levelname": "INFO", "name": "Trainer", "asctime": "2026-04-17 09:52:35,865", "type": "train", "epoch": 23, "batch": 239, "n_batches": 7774, "time": 2.705, "data_time": 0.0, "lr": 1e-05, "loss": -26.328, "recon_loss": -31.158, "kld_loss": 48.298, "kld_weight": 0.1}
{"message": "", "levelname": "INFO", "name": "Trainer", "asctime": "2026-04-17 09:52:58,683", "type": "train", "epoch": 23, "batch": 319, "n_batches": 7774, "time": 2.178, "data_time": 0.001, "lr": 1e-05, "loss": -23.78, "recon_loss": -28.848, "kld_loss": 50.681, "kld_weight": 0.1}
{"message": "", "levelname": "INFO", "name": "Trainer", "asctime": "2026-04-17 09:53:22,853", "type": "train", "epoch": 23, "batch": 399, "n_batches": 7774, "time": 2.481, "data_time": 0.0, "lr": 1e-05, "loss": -26.796, "recon_loss": -30.929, "kld_loss": 41.329, "kld_weight": 0.1}
{"message": "", "levelname": "INFO", "name": "Trainer", "asctime": "2026-04-17 09:53:46,657", "type": "train", "epoch": 23, "batch": 479, "n_batches": 7774, "time": 1.856, "data_time": 0.001, "lr": 1e-05, "loss": -19.589, "recon_loss": -24.757, "kld_loss": 51.683, "kld_weight": 0.1}
{"message": "", "levelname": "INFO", "name": "Trainer", "asctime": "2026-04-17 09:54:10,370", "type": "train", "epoch": 23, "batch": 559, "n_batches": 7774, "time": 2.272, "data_time": 0.001, "lr": 1e-05, "loss": -27.331, "recon_loss": -31.65, "kld_loss": 43.195, "kld_weight": 0.1}
{"message": "", "levelname": "INFO", "name": "Trainer", "asctime": "2026-04-17 09:54:34,648", "type": "train", "epoch": 23, "batch": 639, "n_batches": 7774, "time": 2.444, "data_time": 0.0, "lr": 1e-05, "loss": -20.031, "recon_loss": -24.639, "kld_loss": 46.084, "kld_weight": 0.1}
{"message": "", "levelname": "INFO", "name": "Trainer", "asctime": "2026-04-17 09:54:59,662", "type": "train", "epoch": 23, "batch": 719, "n_batches": 7774, "time": 2.467, "data_time": 0.0, "lr": 1e-05, "loss": -24.362, "recon_loss": -29.79, "kld_loss": 54.276, "kld_weight": 0.1}
{"message": "", "levelname": "INFO", "name": "Trainer", "asctime": "2026-04-17 09:55:27,086", "type": "train", "epoch": 23, "batch": 799, "n_batches": 7774, "time": 1.98, "data_time": 0.0, "lr": 1e-05, "loss": -21.129, "recon_loss": -26.08, "kld_loss": 49.511, "kld_weight": 0.1}
{"message": "", "levelname": "INFO", "name": "Trainer", "asctime": "2026-04-17 09:55:51,562", "type": "train", "epoch": 23, "batch": 879, "n_batches": 7774, "time": 2.248, "data_time": 0.001, "lr": 1e-05, "loss": -28.888, "recon_loss": -33.306, "kld_loss": 44.179, "kld_weight": 0.1}
{"message": "", "levelname": "INFO", "name": "Trainer", "asctime": "2026-04-17 09:56:17,648", "type": "train", "epoch": 23, "batch": 959, "n_batches": 7774, "time": 2.36, "data_time": 0.0, "lr": 1e-05, "loss": -28.094, "recon_loss": -33.316, "kld_loss": 52.214, "kld_weight": 0.1}
{"message": "", "levelname": "INFO", "name": "Trainer", "asctime": "2026-04-17 09:56:42,489", "type": "train", "epoch": 23, "batch": 1039, "n_batches": 7774, "time": 2.488, "data_time": 0.001, "lr": 1e-05, "loss": -27.362, "recon_loss": -31.613, "kld_loss": 42.514, "kld_weight": 0.1}
{"message": "", "levelname": "INFO", "name": "Trainer", "asctime": "2026-04-17 09:57:05,709", "type": "train", "epoch": 23, "batch": 1119, "n_batches": 7774, "time": 1.456, "data_time": 0.0, "lr": 1e-05, "loss": -29.35, "recon_loss": -33.585, "kld_loss": 42.343, "kld_weight": 0.1}
{"message": "", "levelname": "INFO", "name": "Trainer", "asctime": "2026-04-17 09:57:30,781", "type": "train", "epoch": 23, "batch": 1199, "n_batches": 7774, "time": 2.843, "data_time": 0.001, "lr": 1e-05, "loss": -24.555, "recon_loss": -29.69, "kld_loss": 51.343, "kld_weight": 0.1}
{"message": "", "levelname": "INFO", "name": "Trainer", "asctime": "2026-04-17 09:57:56,032", "type": "train", "epoch": 23, "batch": 1279, "n_batches": 7774, "time": 2.192, "data_time": 0.0, "lr": 1e-05, "loss": -22.357, "recon_loss": -26.907, "kld_loss": 45.501, "kld_weight": 0.1}
{"message": "", "levelname": "INFO", "name": "Trainer", "asctime": "2026-04-17 09:58:21,638", "type": "train", "epoch": 23, "batch": 1359, "n_batches": 7774, "time": 2.972, "data_time": 0.001, "lr": 1e-05, "loss": -15.387, "recon_loss": -20.455, "kld_loss": 50.68, "kld_weight": 0.1}
{"message": "", "levelname": "INFO", "name": "Trainer", "asctime": "2026-04-17 09:58:45,760", "type": "train", "epoch": 23, "batch": 1439, "n_batches": 7774, "time": 2.367, "data_time": 0.0, "lr": 1e-05, "loss": -26.853, "recon_loss": -31.26, "kld_loss": 44.069, "kld_weight": 0.1}
{"message": "", "levelname": "INFO", "name": "Trainer", "asctime": "2026-04-17 09:59:11,109", "type": "train", "epoch": 23, "batch": 1519, "n_batches": 7774, "time": 2.53, "data_time": 0.001, "lr": 1e-05, "loss": -21.804, "recon_loss": -26.322, "kld_loss": 45.184, "kld_weight": 0.1}
{"message": "", "levelname": "INFO", "name": "Trainer", "asctime": "2026-04-17 09:59:35,806", "type": "train", "epoch": 23, "batch": 1599, "n_batches": 7774, "time": 2.119, "data_time": 0.001, "lr": 1e-05, "loss": -26.583, "recon_loss": -30.859, "kld_loss": 42.761, "kld_weight": 0.1}
{"message": "", "levelname": "INFO", "name": "Trainer", "asctime": "2026-04-17 10:00:01,405", "type": "train", "epoch": 23, "batch": 1679, "n_batches": 7774, "time": 2.559, "data_time": 0.0, "lr": 1e-05, "loss": -26.546, "recon_loss": -31.031, "kld_loss": 44.854, "kld_weight": 0.1}
{"message": "", "levelname": "INFO", "name": "Trainer", "asctime": "2026-04-17 10:00:26,408", "type": "train", "epoch": 23, "batch": 1759, "n_batches": 7774, "time": 2.973, "data_time": 0.001, "lr": 1e-05, "loss": -20.699, "recon_loss": -25.412, "kld_loss": 47.123, "kld_weight": 0.1}
{"message": "", "levelname": "INFO", "name": "Trainer", "asctime": "2026-04-17 10:00:50,922", "type": "train", "epoch": 23, "batch": 1839, "n_batches": 7774, "time": 2.279, "data_time": 0.001, "lr": 1e-05, "loss": -16.887, "recon_loss": -21.823, "kld_loss": 49.359, "kld_weight": 0.1}
{"message": "", "levelname": "INFO", "name": "Trainer", "asctime": "2026-04-17 10:01:15,631", "type": "train", "epoch": 23, "batch": 1919, "n_batches": 7774, "time": 1.754, "data_time": 0.001, "lr": 1e-05, "loss": -26.031, "recon_loss": -30.326, "kld_loss": 42.951, "kld_weight": 0.1}
{"message": "", "levelname": "INFO", "name": "Trainer", "asctime": "2026-04-17 10:01:38,975", "type": "train", "epoch": 23, "batch": 1999, "n_batches": 7774, "time": 1.838, "data_time": 0.001, "lr": 1e-05, "loss": -27.553, "recon_loss": -32.197, "kld_loss": 46.446, "kld_weight": 0.1}
{"message": "", "levelname": "INFO", "name": "Trainer", "asctime": "2026-04-17 10:02:02,270", "type": "train", "epoch": 23, "batch": 2079, "n_batches": 7774, "time": 2.178, "data_time": 0.001, "lr": 1e-05, "loss": -17.4, "recon_loss": -22.526, "kld_loss": 51.257, "kld_weight": 0.1}
{"message": "", "levelname": "INFO", "name": "Trainer", "asctime": "2026-04-17 10:02:25,858", "type": "train", "epoch": 23, "batch": 2159, "n_batches": 7774, "time": 1.621, "data_time": 0.0, "lr": 1e-05, "loss": -20.278, "recon_loss": -24.776, "kld_loss": 44.986, "kld_weight": 0.1}
{"message": "", "levelname": "INFO", "name": "Trainer", "asctime": "2026-04-17 10:02:50,791", "type": "train", "epoch": 23, "batch": 2239, "n_batches": 7774, "time": 2.817, "data_time": 0.001, "lr": 1e-05, "loss": -30.698, "recon_loss": -34.971, "kld_loss": 42.725, "kld_weight": 0.1}
{"message": "", "levelname": "INFO", "name": "Trainer", "asctime": "2026-04-17 10:03:15,223", "type": "train", "epoch": 23, "batch": 2319, "n_batches": 7774, "time": 2.729, "data_time": 0.001, "lr": 1e-05, "loss": -25.471, "recon_loss": -29.696, "kld_loss": 42.247, "kld_weight": 0.1}
{"message": "", "levelname": "INFO", "name": "Trainer", "asctime": "2026-04-17 10:03:40,653", "type": "train", "epoch": 23, "batch": 2399, "n_batches": 7774, "time": 2.644, "data_time": 0.001, "lr": 1e-05, "loss": -27.246, "recon_loss": -31.607, "kld_loss": 43.614, "kld_weight": 0.1}
{"message": "", "levelname": "INFO", "name": "Trainer", "asctime": "2026-04-17 10:04:06,542", "type": "train", "epoch": 23, "batch": 2479, "n_batches": 7774, "time": 2.546, "data_time": 0.001, "lr": 1e-05, "loss": -23.997, "recon_loss": -28.399, "kld_loss": 44.013, "kld_weight": 0.1}
{"message": "", "levelname": "INFO", "name": "Trainer", "asctime": "2026-04-17 10:04:33,770", "type": "train", "epoch": 23, "batch": 2559, "n_batches": 7774, "time": 3.056, "data_time": 0.001, "lr": 1e-05, "loss": -23.808, "recon_loss": -28.444, "kld_loss": 46.358, "kld_weight": 0.1}
{"message": "", "levelname": "INFO", "name": "Trainer", "asctime": "2026-04-17 10:04:58,890", "type": "train", "epoch": 23, "batch": 2639, "n_batches": 7774, "time": 1.955, "data_time": 0.0, "lr": 1e-05, "loss": -31.194, "recon_loss": -35.628, "kld_loss": 44.335, "kld_weight": 0.1}
{"message": "", "levelname": "INFO", "name": "Trainer", "asctime": "2026-04-17 10:05:25,536", "type": "train", "epoch": 23, "batch": 2719, "n_batches": 7774, "time": 1.76, "data_time": 0.0, "lr": 1e-05, "loss": -16.645, "recon_loss": -21.719, "kld_loss": 50.742, "kld_weight": 0.1}
{"message": "", "levelname": "INFO", "name": "Trainer", "asctime": "2026-04-17 10:05:50,228", "type": "train", "epoch": 23, "batch": 2799, "n_batches": 7774, "time": 2.423, "data_time": 0.001, "lr": 1e-05, "loss": -22.21, "recon_loss": -27.393, "kld_loss": 51.834, "kld_weight": 0.1}
{"message": "", "levelname": "INFO", "name": "Trainer", "asctime": "2026-04-17 10:06:14,928", "type": "train", "epoch": 23, "batch": 2879, "n_batches": 7774, "time": 2.676, "data_time": 0.001, "lr": 1e-05, "loss": -19.962, "recon_loss": -24.291, "kld_loss": 43.296, "kld_weight": 0.1}
{"message": "", "levelname": "INFO", "name": "Trainer", "asctime": "2026-04-17 10:06:41,640", "type": "train", "epoch": 23, "batch": 2959, "n_batches": 7774, "time": 2.404, "data_time": 0.001, "lr": 1e-05, "loss": -23.096, "recon_loss": -27.643, "kld_loss": 45.476, "kld_weight": 0.1}
{"message": "", "levelname": "INFO", "name": "Trainer", "asctime": "2026-04-17 10:07:06,858", "type": "train", "epoch": 23, "batch": 3039, "n_batches": 7774, "time": 2.278, "data_time": 0.001, "lr": 1e-05, "loss": -23.638, "recon_loss": -28.182, "kld_loss": 45.435, "kld_weight": 0.1}
{"message": "", "levelname": "INFO", "name": "Trainer", "asctime": "2026-04-17 10:07:32,085", "type": "train", "epoch": 23, "batch": 3119, "n_batches": 7774, "time": 2.436, "data_time": 0.001, "lr": 1e-05, "loss": -25.438, "recon_loss": -30.097, "kld_loss": 46.592, "kld_weight": 0.1}
{"message": "", "levelname": "INFO", "name": "Trainer", "asctime": "2026-04-17 10:07:56,800", "type": "train", "epoch": 23, "batch": 3199, "n_batches": 7774, "time": 2.058, "data_time": 0.0, "lr": 1e-05, "loss": -28.864, "recon_loss": -32.81, "kld_loss": 39.459, "kld_weight": 0.1}
{"message": "", "levelname": "INFO", "name": "Trainer", "asctime": "2026-04-17 10:08:21,578", "type": "train", "epoch": 23, "batch": 3279, "n_batches": 7774, "time": 2.281, "data_time": 0.0, "lr": 1e-05, "loss": -22.86, "recon_loss": -27.64, "kld_loss": 47.805, "kld_weight": 0.1}
{"message": "", "levelname": "INFO", "name": "Trainer", "asctime": "2026-04-17 10:08:45,327", "type": "train", "epoch": 23, "batch": 3359, "n_batches": 7774, "time": 2.584, "data_time": 0.0, "lr": 1e-05, "loss": -20.881, "recon_loss": -26.172, "kld_loss": 52.917, "kld_weight": 0.1}
{"message": "", "levelname": "INFO", "name": "Trainer", "asctime": "2026-04-17 10:09:09,755", "type": "train", "epoch": 23, "batch": 3439, "n_batches": 7774, "time": 2.657, "data_time": 0.001, "lr": 1e-05, "loss": -26.033, "recon_loss": -30.227, "kld_loss": 41.943, "kld_weight": 0.1}
{"message": "", "levelname": "INFO", "name": "Trainer", "asctime": "2026-04-17 10:09:34,715", "type": "train", "epoch": 23, "batch": 3519, "n_batches": 7774, "time": 2.127, "data_time": 0.0, "lr": 1e-05, "loss": -29.034, "recon_loss": -33.661, "kld_loss": 46.278, "kld_weight": 0.1}
{"message": "", "levelname": "INFO", "name": "Trainer", "asctime": "2026-04-17 10:09:58,814", "type": "train", "epoch": 23, "batch": 3599, "n_batches": 7774, "time": 2.06, "data_time": 0.001, "lr": 1e-05, "loss": -27.747, "recon_loss": -32.161, "kld_loss": 44.141, "kld_weight": 0.1}
{"message": "", "levelname": "INFO", "name": "Trainer", "asctime": "2026-04-17 10:10:22,715", "type": "train", "epoch": 23, "batch": 3679, "n_batches": 7774, "time": 2.493, "data_time": 0.001, "lr": 1e-05, "loss": -30.88, "recon_loss": -35.08, "kld_loss": 41.999, "kld_weight": 0.1}
{"message": "", "levelname": "INFO", "name": "Trainer", "asctime": "2026-04-17 10:10:47,966", "type": "train", "epoch": 23, "batch": 3759, "n_batches": 7774, "time": 1.931, "data_time": 0.0, "lr": 1e-05, "loss": -23.762, "recon_loss": -27.986, "kld_loss": 42.236, "kld_weight": 0.1}
{"message": "", "levelname": "INFO", "name": "Trainer", "asctime": "2026-04-17 10:11:12,604", "type": "train", "epoch": 23, "batch": 3839, "n_batches": 7774, "time": 2.686, "data_time": 0.001, "lr": 1e-05, "loss": -28.376, "recon_loss": -32.777, "kld_loss": 44.012, "kld_weight": 0.1}
{"message": "", "levelname": "INFO", "name": "Trainer", "asctime": "2026-04-17 10:11:37,974", "type": "train", "epoch": 23, "batch": 3919, "n_batches": 7774, "time": 2.141, "data_time": 0.0, "lr": 1e-05, "loss": -26.601, "recon_loss": -31.321, "kld_loss": 47.197, "kld_weight": 0.1}
{"message": "", "levelname": "INFO", "name": "Trainer", "asctime": "2026-04-17 10:12:03,239", "type": "train", "epoch": 23, "batch": 3999, "n_batches": 7774, "time": 2.358, "data_time": 0.001, "lr": 1e-05, "loss": -26.845, "recon_loss": -31.027, "kld_loss": 41.825, "kld_weight": 0.1}
{"message": "", "levelname": "INFO", "name": "Trainer", "asctime": "2026-04-17 10:12:28,397", "type": "train", "epoch": 23, "batch": 4079, "n_batches": 7774, "time": 2.436, "data_time": 0.0, "lr": 1e-05, "loss": -21.624, "recon_loss": -26.92, "kld_loss": 52.961, "kld_weight": 0.1}
{"message": "", "levelname": "INFO", "name": "Trainer", "asctime": "2026-04-17 10:12:53,141", "type": "train", "epoch": 23, "batch": 4159, "n_batches": 7774, "time": 2.988, "data_time": 0.001, "lr": 1e-05, "loss": -19.769, "recon_loss": -24.405, "kld_loss": 46.361, "kld_weight": 0.1}
{"message": "", "levelname": "INFO", "name": "Trainer", "asctime": "2026-04-17 10:13:17,746", "type": "train", "epoch": 23, "batch": 4239, "n_batches": 7774, "time": 2.57, "data_time": 0.0, "lr": 1e-05, "loss": -22.433, "recon_loss": -27.427, "kld_loss": 49.943, "kld_weight": 0.1}
{"message": "", "levelname": "INFO", "name": "Trainer", "asctime": "2026-04-17 10:13:42,851", "type": "train", "epoch": 23, "batch": 4319, "n_batches": 7774, "time": 2.614, "data_time": 0.0, "lr": 1e-05, "loss": -17.173, "recon_loss": -21.452, "kld_loss": 42.785, "kld_weight": 0.1}
{"message": "", "levelname": "INFO", "name": "Trainer", "asctime": "2026-04-17 10:14:07,864", "type": "train", "epoch": 23, "batch": 4399, "n_batches": 7774, "time": 2.063, "data_time": 0.001, "lr": 1e-05, "loss": -33.32, "recon_loss": -37.601, "kld_loss": 42.814, "kld_weight": 0.1}
{"message": "", "levelname": "INFO", "name": "Trainer", "asctime": "2026-04-17 10:14:33,429", "type": "train", "epoch": 23, "batch": 4479, "n_batches": 7774, "time": 2.805, "data_time": 0.001, "lr": 1e-05, "loss": -21.8, "recon_loss": -26.507, "kld_loss": 47.065, "kld_weight": 0.1}
{"message": "", "levelname": "INFO", "name": "Trainer", "asctime": "2026-04-17 10:14:58,794", "type": "train", "epoch": 23, "batch": 4559, "n_batches": 7774, "time": 2.761, "data_time": 0.0, "lr": 1e-05, "loss": -16.804, "recon_loss": -21.724, "kld_loss": 49.202, "kld_weight": 0.1}
{"message": "", "levelname": "INFO", "name": "Trainer", "asctime": "2026-04-17 10:15:24,361", "type": "train", "epoch": 23, "batch": 4639, "n_batches": 7774, "time": 2.593, "data_time": 0.0, "lr": 1e-05, "loss": -25.385, "recon_loss": -29.851, "kld_loss": 44.654, "kld_weight": 0.1}
{"message": "", "levelname": "INFO", "name": "Trainer", "asctime": "2026-04-17 10:15:49,931", "type": "train", "epoch": 23, "batch": 4719, "n_batches": 7774, "time": 2.102, "data_time": 0.0, "lr": 1e-05, "loss": -25.004, "recon_loss": -29.889, "kld_loss": 48.856, "kld_weight": 0.1}
{"message": "", "levelname": "INFO", "name": "Trainer", "asctime": "2026-04-17 10:16:13,917", "type": "train", "epoch": 23, "batch": 4799, "n_batches": 7774, "time": 2.033, "data_time": 0.0, "lr": 1e-05, "loss": -29.17, "recon_loss": -33.281, "kld_loss": 41.11, "kld_weight": 0.1}
{"message": "", "levelname": "INFO", "name": "Trainer", "asctime": "2026-04-17 10:16:39,883", "type": "train", "epoch": 23, "batch": 4879, "n_batches": 7774, "time": 2.181, "data_time": 0.001, "lr": 1e-05, "loss": -22.194, "recon_loss": -26.987, "kld_loss": 47.937, "kld_weight": 0.1}
{"message": "", "levelname": "INFO", "name": "Trainer", "asctime": "2026-04-17 10:17:03,781", "type": "train", "epoch": 23, "batch": 4959, "n_batches": 7774, "time": 2.11, "data_time": 0.0, "lr": 1e-05, "loss": -24.02, "recon_loss": -29.268, "kld_loss": 52.481, "kld_weight": 0.1}
{"message": "", "levelname": "INFO", "name": "Trainer", "asctime": "2026-04-17 10:17:27,442", "type": "train", "epoch": 23, "batch": 5039, "n_batches": 7774, "time": 2.51, "data_time": 0.001, "lr": 1e-05, "loss": -30.205, "recon_loss": -34.841, "kld_loss": 46.357, "kld_weight": 0.1}
{"message": "", "levelname": "INFO", "name": "Trainer", "asctime": "2026-04-17 10:17:51,659", "type": "train", "epoch": 23, "batch": 5119, "n_batches": 7774, "time": 2.738, "data_time": 0.0, "lr": 1e-05, "loss": -26.359, "recon_loss": -30.752, "kld_loss": 43.928, "kld_weight": 0.1}
{"message": "", "levelname": "INFO", "name": "Trainer", "asctime": "2026-04-17 10:18:16,240", "type": "train", "epoch": 23, "batch": 5199, "n_batches": 7774, "time": 2.224, "data_time": 0.0, "lr": 1e-05, "loss": -30.428, "recon_loss": -34.769, "kld_loss": 43.413, "kld_weight": 0.1}
{"message": "", "levelname": "INFO", "name": "Trainer", "asctime": "2026-04-17 10:18:41,685", "type": "train", "epoch": 23, "batch": 5279, "n_batches": 7774, "time": 2.57, "data_time": 0.0, "lr": 1e-05, "loss": -24.275, "recon_loss": -28.631, "kld_loss": 43.561, "kld_weight": 0.1}
{"message": "", "levelname": "INFO", "name": "Trainer", "asctime": "2026-04-17 10:19:06,212", "type": "train", "epoch": 23, "batch": 5359, "n_batches": 7774, "time": 3.001, "data_time": 0.001, "lr": 1e-05, "loss": -27.891, "recon_loss": -32.559, "kld_loss": 46.685, "kld_weight": 0.1}
{"message": "", "levelname": "INFO", "name": "Trainer", "asctime": "2026-04-17 10:19:32,379", "type": "train", "epoch": 23, "batch": 5439, "n_batches": 7774, "time": 3.323, "data_time": 0.0, "lr": 1e-05, "loss": -27.106, "recon_loss": -32.123, "kld_loss": 50.172, "kld_weight": 0.1}
{"message": "", "levelname": "INFO", "name": "Trainer", "asctime": "2026-04-17 10:19:58,638", "type": "train", "epoch": 23, "batch": 5519, "n_batches": 7774, "time": 3.147, "data_time": 0.001, "lr": 1e-05, "loss": -23.145, "recon_loss": -27.909, "kld_loss": 47.636, "kld_weight": 0.1}
{"message": "", "levelname": "INFO", "name": "Trainer", "asctime": "2026-04-17 10:20:23,053", "type": "train", "epoch": 23, "batch": 5599, "n_batches": 7774, "time": 2.382, "data_time": 0.001, "lr": 1e-05, "loss": -28.597, "recon_loss": -33.334, "kld_loss": 47.371, "kld_weight": 0.1}
{"message": "", "levelname": "INFO", "name": "Trainer", "asctime": "2026-04-17 10:20:46,620", "type": "train", "epoch": 23, "batch": 5679, "n_batches": 7774, "time": 2.38, "data_time": 0.0, "lr": 1e-05, "loss": -30.101, "recon_loss": -34.277, "kld_loss": 41.765, "kld_weight": 0.1}
{"message": "", "levelname": "INFO", "name": "Trainer", "asctime": "2026-04-17 10:21:11,132", "type": "train", "epoch": 23, "batch": 5759, "n_batches": 7774, "time": 1.892, "data_time": 0.001, "lr": 1e-05, "loss": -22.303, "recon_loss": -27.698, "kld_loss": 53.946, "kld_weight": 0.1}
{"message": "", "levelname": "INFO", "name": "Trainer", "asctime": "2026-04-17 10:21:35,329", "type": "train", "epoch": 23, "batch": 5839, "n_batches": 7774, "time": 2.124, "data_time": 0.001, "lr": 1e-05, "loss": -20.822, "recon_loss": -25.152, "kld_loss": 43.302, "kld_weight": 0.1}
{"message": "", "levelname": "INFO", "name": "Trainer", "asctime": "2026-04-17 10:22:01,152", "type": "train", "epoch": 23, "batch": 5919, "n_batches": 7774, "time": 2.547, "data_time": 0.001, "lr": 1e-05, "loss": -22.612, "recon_loss": -27.955, "kld_loss": 53.429, "kld_weight": 0.1}
{"message": "", "levelname": "INFO", "name": "Trainer", "asctime": "2026-04-17 10:22:25,408", "type": "train", "epoch": 23, "batch": 5999, "n_batches": 7774, "time": 2.641, "data_time": 0.001, "lr": 1e-05, "loss": -22.358, "recon_loss": -27.323, "kld_loss": 49.649, "kld_weight": 0.1}
{"message": "", "levelname": "INFO", "name": "Trainer", "asctime": "2026-04-17 10:22:50,336", "type": "train", "epoch": 23, "batch": 6079, "n_batches": 7774, "time": 2.022, "data_time": 0.0, "lr": 1e-05, "loss": -26.033, "recon_loss": -30.496, "kld_loss": 44.635, "kld_weight": 0.1}
{"message": "", "levelname": "INFO", "name": "Trainer", "asctime": "2026-04-17 10:23:15,423", "type": "train", "epoch": 23, "batch": 6159, "n_batches": 7774, "time": 2.37, "data_time": 0.0, "lr": 1e-05, "loss": -25.834, "recon_loss": -29.908, "kld_loss": 40.737, "kld_weight": 0.1}
{"message": "", "levelname": "INFO", "name": "Trainer", "asctime": "2026-04-17 10:23:40,026", "type": "train", "epoch": 23, "batch": 6239, "n_batches": 7774, "time": 1.961, "data_time": 0.0, "lr": 1e-05, "loss": -27.009, "recon_loss": -32.034, "kld_loss": 50.251, "kld_weight": 0.1}
{"message": "", "levelname": "INFO", "name": "Trainer", "asctime": "2026-04-17 10:24:03,739", "type": "train", "epoch": 23, "batch": 6319, "n_batches": 7774, "time": 1.371, "data_time": 0.0, "lr": 1e-05, "loss": -28.865, "recon_loss": -33.106, "kld_loss": 42.403, "kld_weight": 0.1}
{"message": "", "levelname": "INFO", "name": "Trainer", "asctime": "2026-04-17 10:24:27,486", "type": "train", "epoch": 23, "batch": 6399, "n_batches": 7774, "time": 2.817, "data_time": 0.001, "lr": 1e-05, "loss": -23.076, "recon_loss": -27.966, "kld_loss": 48.901, "kld_weight": 0.1}
{"message": "", "levelname": "INFO", "name": "Trainer", "asctime": "2026-04-17 10:24:53,159", "type": "train", "epoch": 23, "batch": 6479, "n_batches": 7774, "time": 2.642, "data_time": 0.001, "lr": 1e-05, "loss": -27.643, "recon_loss": -32.178, "kld_loss": 45.352, "kld_weight": 0.1}
{"message": "", "levelname": "INFO", "name": "Trainer", "asctime": "2026-04-17 10:25:16,828", "type": "train", "epoch": 23, "batch": 6559, "n_batches": 7774, "time": 2.136, "data_time": 0.0, "lr": 1e-05, "loss": -24.101, "recon_loss": -28.733, "kld_loss": 46.321, "kld_weight": 0.1}
{"message": "", "levelname": "INFO", "name": "Trainer", "asctime": "2026-04-17 10:25:40,979", "type": "train", "epoch": 23, "batch": 6639, "n_batches": 7774, "time": 2.132, "data_time": 0.0, "lr": 1e-05, "loss": -26.489, "recon_loss": -31.186, "kld_loss": 46.97, "kld_weight": 0.1}
{"message": "", "levelname": "INFO", "name": "Trainer", "asctime": "2026-04-17 10:26:05,301", "type": "train", "epoch": 23, "batch": 6719, "n_batches": 7774, "time": 2.251, "data_time": 0.001, "lr": 1e-05, "loss": -24.732, "recon_loss": -29.067, "kld_loss": 43.355, "kld_weight": 0.1}
{"message": "", "levelname": "INFO", "name": "Trainer", "asctime": "2026-04-17 10:26:29,045", "type": "train", "epoch": 23, "batch": 6799, "n_batches": 7774, "time": 2.14, "data_time": 0.001, "lr": 1e-05, "loss": -22.736, "recon_loss": -27.158, "kld_loss": 44.217, "kld_weight": 0.1}
{"message": "", "levelname": "INFO", "name": "Trainer", "asctime": "2026-04-17 10:26:52,441", "type": "train", "epoch": 23, "batch": 6879, "n_batches": 7774, "time": 2.49, "data_time": 0.001, "lr": 1e-05, "loss": -24.23, "recon_loss": -28.605, "kld_loss": 43.756, "kld_weight": 0.1}
{"message": "", "levelname": "INFO", "name": "Trainer", "asctime": "2026-04-17 10:27:17,539", "type": "train", "epoch": 23, "batch": 6959, "n_batches": 7774, "time": 2.408, "data_time": 0.001, "lr": 1e-05, "loss": -26.388, "recon_loss": -30.756, "kld_loss": 43.688, "kld_weight": 0.1}
{"message": "", "levelname": "INFO", "name": "Trainer", "asctime": "2026-04-17 10:27:44,455", "type": "train", "epoch": 23, "batch": 7039, "n_batches": 7774, "time": 3.467, "data_time": 0.001, "lr": 1e-05, "loss": -23.978, "recon_loss": -28.581, "kld_loss": 46.03, "kld_weight": 0.1}
{"message": "", "levelname": "INFO", "name": "Trainer", "asctime": "2026-04-17 10:28:08,757", "type": "train", "epoch": 23, "batch": 7119, "n_batches": 7774, "time": 2.214, "data_time": 0.0, "lr": 1e-05, "loss": -18.681, "recon_loss": -23.007, "kld_loss": 43.259, "kld_weight": 0.1}
{"message": "", "levelname": "INFO", "name": "Trainer", "asctime": "2026-04-17 10:28:32,564", "type": "train", "epoch": 23, "batch": 7199, "n_batches": 7774, "time": 2.62, "data_time": 0.001, "lr": 1e-05, "loss": -23.586, "recon_loss": -28.633, "kld_loss": 50.467, "kld_weight": 0.1}
{"message": "", "levelname": "INFO", "name": "Trainer", "asctime": "2026-04-17 10:28:59,393", "type": "train", "epoch": 23, "batch": 7279, "n_batches": 7774, "time": 2.897, "data_time": 0.001, "lr": 1e-05, "loss": -26.174, "recon_loss": -30.762, "kld_loss": 45.879, "kld_weight": 0.1}
{"message": "", "levelname": "INFO", "name": "Trainer", "asctime": "2026-04-17 10:29:22,831", "type": "train", "epoch": 23, "batch": 7359, "n_batches": 7774, "time": 2.355, "data_time": 0.0, "lr": 1e-05, "loss": -26.989, "recon_loss": -31.618, "kld_loss": 46.29, "kld_weight": 0.1}
{"message": "", "levelname": "INFO", "name": "Trainer", "asctime": "2026-04-17 10:29:46,724", "type": "train", "epoch": 23, "batch": 7439, "n_batches": 7774, "time": 2.899, "data_time": 0.001, "lr": 1e-05, "loss": -24.384, "recon_loss": -28.779, "kld_loss": 43.952, "kld_weight": 0.1}
{"message": "", "levelname": "INFO", "name": "Trainer", "asctime": "2026-04-17 10:30:12,012", "type": "train", "epoch": 23, "batch": 7519, "n_batches": 7774, "time": 2.766, "data_time": 0.001, "lr": 1e-05, "loss": -23.52, "recon_loss": -28.547, "kld_loss": 50.266, "kld_weight": 0.1}
{"message": "", "levelname": "INFO", "name": "Trainer", "asctime": "2026-04-17 10:30:37,094", "type": "train", "epoch": 23, "batch": 7599, "n_batches": 7774, "time": 1.937, "data_time": 0.001, "lr": 1e-05, "loss": -21.953, "recon_loss": -27.042, "kld_loss": 50.886, "kld_weight": 0.1}
{"message": "", "levelname": "INFO", "name": "Trainer", "asctime": "2026-04-17 10:31:03,293", "type": "train", "epoch": 23, "batch": 7679, "n_batches": 7774, "time": 2.687, "data_time": 0.001, "lr": 1e-05, "loss": -22.038, "recon_loss": -26.476, "kld_loss": 44.381, "kld_weight": 0.1}
{"message": "", "levelname": "INFO", "name": "Trainer", "asctime": "2026-04-17 10:31:27,769", "type": "train", "epoch": 23, "batch": 7759, "n_batches": 7774, "time": 2.073, "data_time": 0.0, "lr": 1e-05, "loss": -18.771, "recon_loss": -23.144, "kld_loss": 43.735, "kld_weight": 0.1}
{"message": "", "levelname": "INFO", "name": "Trainer", "asctime": "2026-04-17 10:31:32,325", "type": "train-epoch", "epoch": 24, "loss": -3.0006, "recon_loss": -3.57388, "kld_loss": 5.73272, "kld_weight": 0.1, "time": 2408.2}
{"message": "", "levelname": "INFO", "name": "Trainer", "asctime": "2026-04-17 10:37:54,896", "type": "val-epoch", "epoch": 24, "loss": -2.988, "test_loss": -0.004, "recon_loss": -3.557, "kld_loss": 5.7, "kld_weight": 0.1, "note": "loss is teacher-forced CVAE objective; test_loss is prior-only reconstruction", "time": 382.6}
{"message": "", "levelname": "INFO", "name": "Trainer", "asctime": "2026-04-17 10:38:20,542", "type": "train", "epoch": 24, "batch": 79, "n_batches": 7774, "time": 3.216, "data_time": 0.001, "lr": 1e-05, "loss": -27.06, "recon_loss": -31.66, "kld_loss": 46.0, "kld_weight": 0.1}
{"message": "", "levelname": "INFO", "name": "Trainer", "asctime": "2026-04-17 10:38:45,567", "type": "train", "epoch": 24, "batch": 159, "n_batches": 7774, "time": 2.341, "data_time": 0.001, "lr": 1e-05, "loss": -28.935, "recon_loss": -33.359, "kld_loss": 44.24, "kld_weight": 0.1}
{"message": "", "levelname": "INFO", "name": "Trainer", "asctime": "2026-04-17 10:39:10,360", "type": "train", "epoch": 24, "batch": 239, "n_batches": 7774, "time": 2.873, "data_time": 0.0, "lr": 1e-05, "loss": -20.737, "recon_loss": -25.395, "kld_loss": 46.58, "kld_weight": 0.1}
{"message": "", "levelname": "INFO", "name": "Trainer", "asctime": "2026-04-17 10:39:34,791", "type": "train", "epoch": 24, "batch": 319, "n_batches": 7774, "time": 2.582, "data_time": 0.001, "lr": 1e-05, "loss": -24.843, "recon_loss": -29.04, "kld_loss": 41.979, "kld_weight": 0.1}
{"message": "", "levelname": "INFO", "name": "Trainer", "asctime": "2026-04-17 10:39:59,205", "type": "train", "epoch": 24, "batch": 399, "n_batches": 7774, "time": 2.71, "data_time": 0.001, "lr": 1e-05, "loss": -25.636, "recon_loss": -30.351, "kld_loss": 47.147, "kld_weight": 0.1}
{"message": "", "levelname": "INFO", "name": "Trainer", "asctime": "2026-04-17 10:40:23,890", "type": "train", "epoch": 24, "batch": 479, "n_batches": 7774, "time": 2.574, "data_time": 0.001, "lr": 1e-05, "loss": -21.49, "recon_loss": -26.104, "kld_loss": 46.145, "kld_weight": 0.1}
{"message": "", "levelname": "INFO", "name": "Trainer", "asctime": "2026-04-17 10:40:46,667", "type": "train", "epoch": 24, "batch": 559, "n_batches": 7774, "time": 2.804, "data_time": 0.001, "lr": 1e-05, "loss": -27.166, "recon_loss": -31.514, "kld_loss": 43.475, "kld_weight": 0.1}
{"message": "", "levelname": "INFO", "name": "Trainer", "asctime": "2026-04-17 10:41:10,605", "type": "train", "epoch": 24, "batch": 639, "n_batches": 7774, "time": 1.809, "data_time": 0.0, "lr": 1e-05, "loss": -28.363, "recon_loss": -32.478, "kld_loss": 41.148, "kld_weight": 0.1}
{"message": "", "levelname": "INFO", "name": "Trainer", "asctime": "2026-04-17 10:41:37,046", "type": "train", "epoch": 24, "batch": 719, "n_batches": 7774, "time": 2.489, "data_time": 0.001, "lr": 1e-05, "loss": -24.754, "recon_loss": -29.036, "kld_loss": 42.826, "kld_weight": 0.1}
{"message": "", "levelname": "INFO", "name": "Trainer", "asctime": "2026-04-17 10:42:02,396", "type": "train", "epoch": 24, "batch": 799, "n_batches": 7774, "time": 2.538, "data_time": 0.001, "lr": 1e-05, "loss": -18.654, "recon_loss": -23.36, "kld_loss": 47.056, "kld_weight": 0.1}
{"message": "", "levelname": "INFO", "name": "Trainer", "asctime": "2026-04-17 10:42:29,171", "type": "train", "epoch": 24, "batch": 879, "n_batches": 7774, "time": 3.085, "data_time": 0.001, "lr": 1e-05, "loss": -20.709, "recon_loss": -25.119, "kld_loss": 44.094, "kld_weight": 0.1}
{"message": "", "levelname": "INFO", "name": "Trainer", "asctime": "2026-04-17 10:42:54,004", "type": "train", "epoch": 24, "batch": 959, "n_batches": 7774, "time": 3.266, "data_time": 0.0, "lr": 1e-05, "loss": -21.69, "recon_loss": -25.841, "kld_loss": 41.509, "kld_weight": 0.1}
{"message": "", "levelname": "INFO", "name": "Trainer", "asctime": "2026-04-17 10:43:21,812", "type": "train", "epoch": 24, "batch": 1039, "n_batches": 7774, "time": 2.258, "data_time": 0.001, "lr": 1e-05, "loss": -20.81, "recon_loss": -25.137, "kld_loss": 43.274, "kld_weight": 0.1}
{"message": "", "levelname": "INFO", "name": "Trainer", "asctime": "2026-04-17 10:43:47,801", "type": "train", "epoch": 24, "batch": 1119, "n_batches": 7774, "time": 3.1, "data_time": 0.001, "lr": 1e-05, "loss": -25.815, "recon_loss": -30.041, "kld_loss": 42.257, "kld_weight": 0.1}
{"message": "", "levelname": "INFO", "name": "Trainer", "asctime": "2026-04-17 10:44:13,123", "type": "train", "epoch": 24, "batch": 1199, "n_batches": 7774, "time": 2.358, "data_time": 0.001, "lr": 1e-05, "loss": -32.439, "recon_loss": -36.979, "kld_loss": 45.396, "kld_weight": 0.1}
{"message": "", "levelname": "INFO", "name": "Trainer", "asctime": "2026-04-17 10:44:38,074", "type": "train", "epoch": 24, "batch": 1279, "n_batches": 7774, "time": 2.112, "data_time": 0.0, "lr": 1e-05, "loss": -25.0, "recon_loss": -29.694, "kld_loss": 46.941, "kld_weight": 0.1}
{"message": "", "levelname": "INFO", "name": "Trainer", "asctime": "2026-04-17 10:45:04,015", "type": "train", "epoch": 24, "batch": 1359, "n_batches": 7774, "time": 2.789, "data_time": 0.001, "lr": 1e-05, "loss": -28.2, "recon_loss": -32.621, "kld_loss": 44.211, "kld_weight": 0.1}
{"message": "", "levelname": "INFO", "name": "Trainer", "asctime": "2026-04-17 10:45:30,011", "type": "train", "epoch": 24, "batch": 1439, "n_batches": 7774, "time": 2.787, "data_time": 0.0, "lr": 1e-05, "loss": -21.998, "recon_loss": -26.536, "kld_loss": 45.382, "kld_weight": 0.1}
{"message": "", "levelname": "INFO", "name": "Trainer", "asctime": "2026-04-17 10:45:54,003", "type": "train", "epoch": 24, "batch": 1519, "n_batches": 7774, "time": 3.01, "data_time": 0.001, "lr": 1e-05, "loss": -22.335, "recon_loss": -27.104, "kld_loss": 47.683, "kld_weight": 0.1}
{"message": "", "levelname": "INFO", "name": "Trainer", "asctime": "2026-04-17 10:46:19,284", "type": "train", "epoch": 24, "batch": 1599, "n_batches": 7774, "time": 2.544, "data_time": 0.001, "lr": 1e-05, "loss": -26.72, "recon_loss": -31.615, "kld_loss": 48.949, "kld_weight": 0.1}
{"message": "", "levelname": "INFO", "name": "Trainer", "asctime": "2026-04-17 10:46:44,982", "type": "train", "epoch": 24, "batch": 1679, "n_batches": 7774, "time": 2.433, "data_time": 0.0, "lr": 1e-05, "loss": -27.022, "recon_loss": -31.267, "kld_loss": 42.447, "kld_weight": 0.1}
{"message": "", "levelname": "INFO", "name": "Trainer", "asctime": "2026-04-17 10:47:08,635", "type": "train", "epoch": 24, "batch": 1759, "n_batches": 7774, "time": 2.418, "data_time": 0.0, "lr": 1e-05, "loss": -23.063, "recon_loss": -27.562, "kld_loss": 44.993, "kld_weight": 0.1}
{"message": "", "levelname": "INFO", "name": "Trainer", "asctime": "2026-04-17 10:47:32,314", "type": "train", "epoch": 24, "batch": 1839, "n_batches": 7774, "time": 2.791, "data_time": 0.001, "lr": 1e-05, "loss": -23.89, "recon_loss": -27.959, "kld_loss": 40.696, "kld_weight": 0.1}
{"message": "", "levelname": "INFO", "name": "Trainer", "asctime": "2026-04-17 10:47:56,980", "type": "train", "epoch": 24, "batch": 1919, "n_batches": 7774, "time": 2.279, "data_time": 0.001, "lr": 1e-05, "loss": -22.977, "recon_loss": -27.413, "kld_loss": 44.353, "kld_weight": 0.1}
{"message": "", "levelname": "INFO", "name": "Trainer", "asctime": "2026-04-17 10:48:22,386", "type": "train", "epoch": 24, "batch": 1999, "n_batches": 7774, "time": 2.714, "data_time": 0.001, "lr": 1e-05, "loss": -31.239, "recon_loss": -35.533, "kld_loss": 42.937, "kld_weight": 0.1}
{"message": "", "levelname": "INFO", "name": "Trainer", "asctime": "2026-04-17 10:48:48,398", "type": "train", "epoch": 24, "batch": 2079, "n_batches": 7774, "time": 2.407, "data_time": 0.001, "lr": 1e-05, "loss": -21.797, "recon_loss": -26.42, "kld_loss": 46.224, "kld_weight": 0.1}
{"message": "", "levelname": "INFO", "name": "Trainer", "asctime": "2026-04-17 10:49:12,462", "type": "train", "epoch": 24, "batch": 2159, "n_batches": 7774, "time": 2.402, "data_time": 0.0, "lr": 1e-05, "loss": -21.117, "recon_loss": -25.742, "kld_loss": 46.249, "kld_weight": 0.1}
{"message": "", "levelname": "INFO", "name": "Trainer", "asctime": "2026-04-17 10:49:36,770", "type": "train", "epoch": 24, "batch": 2239, "n_batches": 7774, "time": 2.251, "data_time": 0.0, "lr": 1e-05, "loss": -24.407, "recon_loss": -28.662, "kld_loss": 42.544, "kld_weight": 0.1}
{"message": "", "levelname": "INFO", "name": "Trainer", "asctime": "2026-04-17 10:50:02,238", "type": "train", "epoch": 24, "batch": 2319, "n_batches": 7774, "time": 2.86, "data_time": 0.0, "lr": 1e-05, "loss": -32.616, "recon_loss": -36.696, "kld_loss": 40.801, "kld_weight": 0.1}
{"message": "", "levelname": "INFO", "name": "Trainer", "asctime": "2026-04-17 10:50:27,388", "type": "train", "epoch": 24, "batch": 2399, "n_batches": 7774, "time": 2.983, "data_time": 0.0, "lr": 1e-05, "loss": -27.939, "recon_loss": -32.071, "kld_loss": 41.313, "kld_weight": 0.1}
{"message": "", "levelname": "INFO", "name": "Trainer", "asctime": "2026-04-17 10:50:53,345", "type": "train", "epoch": 24, "batch": 2479, "n_batches": 7774, "time": 2.799, "data_time": 0.001, "lr": 1e-05, "loss": -23.394, "recon_loss": -27.626, "kld_loss": 42.325, "kld_weight": 0.1}
{"message": "", "levelname": "INFO", "name": "Trainer", "asctime": "2026-04-17 10:51:17,790", "type": "train", "epoch": 24, "batch": 2559, "n_batches": 7774, "time": 2.039, "data_time": 0.0, "lr": 1e-05, "loss": -27.057, "recon_loss": -31.876, "kld_loss": 48.196, "kld_weight": 0.1}
{"message": "", "levelname": "INFO", "name": "Trainer", "asctime": "2026-04-17 10:51:41,826", "type": "train", "epoch": 24, "batch": 2639, "n_batches": 7774, "time": 2.365, "data_time": 0.001, "lr": 1e-05, "loss": -25.472, "recon_loss": -29.605, "kld_loss": 41.33, "kld_weight": 0.1}
{"message": "", "levelname": "INFO", "name": "Trainer", "asctime": "2026-04-17 10:52:08,643", "type": "train", "epoch": 24, "batch": 2719, "n_batches": 7774, "time": 2.648, "data_time": 0.0, "lr": 1e-05, "loss": -30.206, "recon_loss": -34.45, "kld_loss": 42.439, "kld_weight": 0.1}
{"message": "", "levelname": "INFO", "name": "Trainer", "asctime": "2026-04-17 10:52:31,269", "type": "train", "epoch": 24, "batch": 2799, "n_batches": 7774, "time": 2.129, "data_time": 0.0, "lr": 1e-05, "loss": -26.902, "recon_loss": -31.674, "kld_loss": 47.715, "kld_weight": 0.1}
{"message": "", "levelname": "INFO", "name": "Trainer", "asctime": "2026-04-17 10:52:55,389", "type": "train", "epoch": 24, "batch": 2879, "n_batches": 7774, "time": 1.968, "data_time": 0.0, "lr": 1e-05, "loss": -23.45, "recon_loss": -28.198, "kld_loss": 47.482, "kld_weight": 0.1}
{"message": "", "levelname": "INFO", "name": "Trainer", "asctime": "2026-04-17 10:53:20,147", "type": "train", "epoch": 24, "batch": 2959, "n_batches": 7774, "time": 2.249, "data_time": 0.001, "lr": 1e-05, "loss": -22.64, "recon_loss": -27.248, "kld_loss": 46.08, "kld_weight": 0.1}
{"message": "", "levelname": "INFO", "name": "Trainer", "asctime": "2026-04-17 10:53:44,817", "type": "train", "epoch": 24, "batch": 3039, "n_batches": 7774, "time": 2.865, "data_time": 0.001, "lr": 1e-05, "loss": -27.344, "recon_loss": -32.348, "kld_loss": 50.044, "kld_weight": 0.1}
{"message": "", "levelname": "INFO", "name": "Trainer", "asctime": "2026-04-17 10:54:10,830", "type": "train", "epoch": 24, "batch": 3119, "n_batches": 7774, "time": 2.624, "data_time": 0.001, "lr": 1e-05, "loss": -25.448, "recon_loss": -29.504, "kld_loss": 40.557, "kld_weight": 0.1}
{"message": "", "levelname": "INFO", "name": "Trainer", "asctime": "2026-04-17 10:54:35,777", "type": "train", "epoch": 24, "batch": 3199, "n_batches": 7774, "time": 2.081, "data_time": 0.0, "lr": 1e-05, "loss": -21.364, "recon_loss": -25.952, "kld_loss": 45.877, "kld_weight": 0.1}
{"message": "", "levelname": "INFO", "name": "Trainer", "asctime": "2026-04-17 10:54:59,674", "type": "train", "epoch": 24, "batch": 3279, "n_batches": 7774, "time": 2.061, "data_time": 0.001, "lr": 1e-05, "loss": -23.761, "recon_loss": -28.545, "kld_loss": 47.845, "kld_weight": 0.1}
{"message": "", "levelname": "INFO", "name": "Trainer", "asctime": "2026-04-17 10:55:25,323", "type": "train", "epoch": 24, "batch": 3359, "n_batches": 7774, "time": 3.098, "data_time": 0.001, "lr": 1e-05, "loss": -26.508, "recon_loss": -30.792, "kld_loss": 42.831, "kld_weight": 0.1}
{"message": "", "levelname": "INFO", "name": "Trainer", "asctime": "2026-04-17 10:55:50,255", "type": "train", "epoch": 24, "batch": 3439, "n_batches": 7774, "time": 2.474, "data_time": 0.001, "lr": 1e-05, "loss": -25.722, "recon_loss": -31.602, "kld_loss": 58.8, "kld_weight": 0.1}
{"message": "", "levelname": "INFO", "name": "Trainer", "asctime": "2026-04-17 10:56:13,489", "type": "train", "epoch": 24, "batch": 3519, "n_batches": 7774, "time": 2.654, "data_time": 0.001, "lr": 1e-05, "loss": -23.065, "recon_loss": -27.542, "kld_loss": 44.769, "kld_weight": 0.1}
{"message": "", "levelname": "INFO", "name": "Trainer", "asctime": "2026-04-17 10:56:39,663", "type": "train", "epoch": 24, "batch": 3599, "n_batches": 7774, "time": 2.87, "data_time": 0.0, "lr": 1e-05, "loss": -19.366, "recon_loss": -24.812, "kld_loss": 54.457, "kld_weight": 0.1}
{"message": "", "levelname": "INFO", "name": "Trainer", "asctime": "2026-04-17 10:57:04,456", "type": "train", "epoch": 24, "batch": 3679, "n_batches": 7774, "time": 3.01, "data_time": 0.001, "lr": 1e-05, "loss": -24.722, "recon_loss": -29.345, "kld_loss": 46.228, "kld_weight": 0.1}
{"message": "", "levelname": "INFO", "name": "Trainer", "asctime": "2026-04-17 10:57:27,921", "type": "train", "epoch": 24, "batch": 3759, "n_batches": 7774, "time": 1.936, "data_time": 0.0, "lr": 1e-05, "loss": -25.88, "recon_loss": -30.63, "kld_loss": 47.497, "kld_weight": 0.1}
{"message": "", "levelname": "INFO", "name": "Trainer", "asctime": "2026-04-17 10:57:52,757", "type": "train", "epoch": 24, "batch": 3839, "n_batches": 7774, "time": 2.571, "data_time": 0.0, "lr": 1e-05, "loss": -25.738, "recon_loss": -30.351, "kld_loss": 46.125, "kld_weight": 0.1}
{"message": "", "levelname": "INFO", "name": "Trainer", "asctime": "2026-04-17 10:58:15,370", "type": "train", "epoch": 24, "batch": 3919, "n_batches": 7774, "time": 2.175, "data_time": 0.0, "lr": 1e-05, "loss": -25.888, "recon_loss": -29.995, "kld_loss": 41.073, "kld_weight": 0.1}
{"message": "", "levelname": "INFO", "name": "Trainer", "asctime": "2026-04-17 10:58:37,718", "type": "train", "epoch": 24, "batch": 3999, "n_batches": 7774, "time": 1.953, "data_time": 0.001, "lr": 1e-05, "loss": -28.335, "recon_loss": -32.816, "kld_loss": 44.812, "kld_weight": 0.1}
{"message": "", "levelname": "INFO", "name": "Trainer", "asctime": "2026-04-17 10:59:02,837", "type": "train", "epoch": 24, "batch": 4079, "n_batches": 7774, "time": 2.165, "data_time": 0.0, "lr": 1e-05, "loss": -24.734, "recon_loss": -28.564, "kld_loss": 38.307, "kld_weight": 0.1}
{"message": "", "levelname": "INFO", "name": "Trainer", "asctime": "2026-04-17 10:59:28,730", "type": "train", "epoch": 24, "batch": 4159, "n_batches": 7774, "time": 2.745, "data_time": 0.0, "lr": 1e-05, "loss": -27.426, "recon_loss": -32.267, "kld_loss": 48.418, "kld_weight": 0.1}
{"message": "", "levelname": "INFO", "name": "Trainer", "asctime": "2026-04-17 10:59:53,539", "type": "train", "epoch": 24, "batch": 4239, "n_batches": 7774, "time": 2.584, "data_time": 0.0, "lr": 1e-05, "loss": -26.867, "recon_loss": -31.048, "kld_loss": 41.811, "kld_weight": 0.1}
{"message": "", "levelname": "INFO", "name": "Trainer", "asctime": "2026-04-17 11:00:16,958", "type": "train", "epoch": 24, "batch": 4319, "n_batches": 7774, "time": 2.05, "data_time": 0.0, "lr": 1e-05, "loss": -25.192, "recon_loss": -29.658, "kld_loss": 44.656, "kld_weight": 0.1}
{"message": "", "levelname": "INFO", "name": "Trainer", "asctime": "2026-04-17 11:00:43,193", "type": "train", "epoch": 24, "batch": 4399, "n_batches": 7774, "time": 2.672, "data_time": 0.0, "lr": 1e-05, "loss": -24.059, "recon_loss": -28.375, "kld_loss": 43.151, "kld_weight": 0.1}
{"message": "", "levelname": "INFO", "name": "Trainer", "asctime": "2026-04-17 11:01:08,098", "type": "train", "epoch": 24, "batch": 4479, "n_batches": 7774, "time": 2.283, "data_time": 0.0, "lr": 1e-05, "loss": -29.29, "recon_loss": -33.919, "kld_loss": 46.293, "kld_weight": 0.1}
{"message": "", "levelname": "INFO", "name": "Trainer", "asctime": "2026-04-17 11:01:32,716", "type": "train", "epoch": 24, "batch": 4559, "n_batches": 7774, "time": 2.95, "data_time": 0.001, "lr": 1e-05, "loss": -20.618, "recon_loss": -25.068, "kld_loss": 44.5, "kld_weight": 0.1}
{"message": "", "levelname": "INFO", "name": "Trainer", "asctime": "2026-04-17 11:01:57,674", "type": "train", "epoch": 24, "batch": 4639, "n_batches": 7774, "time": 2.434, "data_time": 0.0, "lr": 1e-05, "loss": -25.553, "recon_loss": -29.882, "kld_loss": 43.287, "kld_weight": 0.1}
{"message": "", "levelname": "INFO", "name": "Trainer", "asctime": "2026-04-17 11:02:23,114", "type": "train", "epoch": 24, "batch": 4719, "n_batches": 7774, "time": 2.402, "data_time": 0.0, "lr": 1e-05, "loss": -19.544, "recon_loss": -24.414, "kld_loss": 48.695, "kld_weight": 0.1}
{"message": "", "levelname": "INFO", "name": "Trainer", "asctime": "2026-04-17 11:02:48,271", "type": "train", "epoch": 24, "batch": 4799, "n_batches": 7774, "time": 2.74, "data_time": 0.0, "lr": 1e-05, "loss": -25.457, "recon_loss": -29.907, "kld_loss": 44.498, "kld_weight": 0.1}
{"message": "", "levelname": "INFO", "name": "Trainer", "asctime": "2026-04-17 11:03:13,994", "type": "train", "epoch": 24, "batch": 4879, "n_batches": 7774, "time": 2.58, "data_time": 0.001, "lr": 1e-05, "loss": -24.361, "recon_loss": -29.188, "kld_loss": 48.263, "kld_weight": 0.1}
{"message": "", "levelname": "INFO", "name": "Trainer", "asctime": "2026-04-17 11:03:37,347", "type": "train", "epoch": 24, "batch": 4959, "n_batches": 7774, "time": 2.718, "data_time": 0.001, "lr": 1e-05, "loss": -24.345, "recon_loss": -28.811, "kld_loss": 44.654, "kld_weight": 0.1}
{"message": "", "levelname": "INFO", "name": "Trainer", "asctime": "2026-04-17 11:04:04,135", "type": "train", "epoch": 24, "batch": 5039, "n_batches": 7774, "time": 2.555, "data_time": 0.001, "lr": 1e-05, "loss": -22.276, "recon_loss": -27.027, "kld_loss": 47.514, "kld_weight": 0.1}
{"message": "", "levelname": "INFO", "name": "Trainer", "asctime": "2026-04-17 11:04:30,678", "type": "train", "epoch": 24, "batch": 5119, "n_batches": 7774, "time": 2.451, "data_time": 0.0, "lr": 1e-05, "loss": -25.575, "recon_loss": -29.729, "kld_loss": 41.539, "kld_weight": 0.1}
{"message": "", "levelname": "INFO", "name": "Trainer", "asctime": "2026-04-17 11:04:54,983", "type": "train", "epoch": 24, "batch": 5199, "n_batches": 7774, "time": 2.707, "data_time": 0.0, "lr": 1e-05, "loss": -24.898, "recon_loss": -29.353, "kld_loss": 44.547, "kld_weight": 0.1}
{"message": "", "levelname": "INFO", "name": "Trainer", "asctime": "2026-04-17 11:05:20,865", "type": "train", "epoch": 24, "batch": 5279, "n_batches": 7774, "time": 2.183, "data_time": 0.001, "lr": 1e-05, "loss": -17.52, "recon_loss": -22.45, "kld_loss": 49.303, "kld_weight": 0.1}
{"message": "", "levelname": "INFO", "name": "Trainer", "asctime": "2026-04-17 11:05:43,646", "type": "train", "epoch": 24, "batch": 5359, "n_batches": 7774, "time": 1.888, "data_time": 0.0, "lr": 1e-05, "loss": -22.841, "recon_loss": -27.201, "kld_loss": 43.601, "kld_weight": 0.1}
{"message": "", "levelname": "INFO", "name": "Trainer", "asctime": "2026-04-17 11:06:08,086", "type": "train", "epoch": 24, "batch": 5439, "n_batches": 7774, "time": 2.161, "data_time": 0.001, "lr": 1e-05, "loss": -25.664, "recon_loss": -30.198, "kld_loss": 45.337, "kld_weight": 0.1}
{"message": "", "levelname": "INFO", "name": "Trainer", "asctime": "2026-04-17 11:06:32,304", "type": "train", "epoch": 24, "batch": 5519, "n_batches": 7774, "time": 1.664, "data_time": 0.001, "lr": 1e-05, "loss": -21.956, "recon_loss": -27.154, "kld_loss": 51.975, "kld_weight": 0.1}
{"message": "", "levelname": "INFO", "name": "Trainer", "asctime": "2026-04-17 11:06:54,935", "type": "train", "epoch": 24, "batch": 5599, "n_batches": 7774, "time": 2.505, "data_time": 0.001, "lr": 1e-05, "loss": -27.566, "recon_loss": -32.187, "kld_loss": 46.205, "kld_weight": 0.1}
{"message": "", "levelname": "INFO", "name": "Trainer", "asctime": "2026-04-17 11:07:21,644", "type": "train", "epoch": 24, "batch": 5679, "n_batches": 7774, "time": 3.168, "data_time": 0.001, "lr": 1e-05, "loss": -25.31, "recon_loss": -29.674, "kld_loss": 43.642, "kld_weight": 0.1}
{"message": "", "levelname": "INFO", "name": "Trainer", "asctime": "2026-04-17 11:07:46,860", "type": "train", "epoch": 24, "batch": 5759, "n_batches": 7774, "time": 2.546, "data_time": 0.001, "lr": 1e-05, "loss": -24.172, "recon_loss": -28.613, "kld_loss": 44.412, "kld_weight": 0.1}
{"message": "", "levelname": "INFO", "name": "Trainer", "asctime": "2026-04-17 11:08:09,036", "type": "train", "epoch": 24, "batch": 5839, "n_batches": 7774, "time": 2.765, "data_time": 0.001, "lr": 1e-05, "loss": -28.632, "recon_loss": -32.818, "kld_loss": 41.865, "kld_weight": 0.1}
{"message": "", "levelname": "INFO", "name": "Trainer", "asctime": "2026-04-17 11:08:34,353", "type": "train", "epoch": 24, "batch": 5919, "n_batches": 7774, "time": 2.517, "data_time": 0.001, "lr": 1e-05, "loss": -22.863, "recon_loss": -27.814, "kld_loss": 49.512, "kld_weight": 0.1}
{"message": "", "levelname": "INFO", "name": "Trainer", "asctime": "2026-04-17 11:08:58,853", "type": "train", "epoch": 24, "batch": 5999, "n_batches": 7774, "time": 2.043, "data_time": 0.0, "lr": 1e-05, "loss": -24.592, "recon_loss": -28.987, "kld_loss": 43.941, "kld_weight": 0.1}
{"message": "", "levelname": "INFO", "name": "Trainer", "asctime": "2026-04-17 11:09:24,222", "type": "train", "epoch": 24, "batch": 6079, "n_batches": 7774, "time": 2.435, "data_time": 0.0, "lr": 1e-05, "loss": -26.294, "recon_loss": -30.539, "kld_loss": 42.451, "kld_weight": 0.1}
{"message": "", "levelname": "INFO", "name": "Trainer", "asctime": "2026-04-17 11:09:51,147", "type": "train", "epoch": 24, "batch": 6159, "n_batches": 7774, "time": 2.586, "data_time": 0.001, "lr": 1e-05, "loss": -22.867, "recon_loss": -28.127, "kld_loss": 52.604, "kld_weight": 0.1}
{"message": "", "levelname": "INFO", "name": "Trainer", "asctime": "2026-04-17 11:10:16,305", "type": "train", "epoch": 24, "batch": 6239, "n_batches": 7774, "time": 2.345, "data_time": 0.001, "lr": 1e-05, "loss": -26.443, "recon_loss": -30.72, "kld_loss": 42.765, "kld_weight": 0.1}
{"message": "", "levelname": "INFO", "name": "Trainer", "asctime": "2026-04-17 11:10:40,447", "type": "train", "epoch": 24, "batch": 6319, "n_batches": 7774, "time": 2.618, "data_time": 0.001, "lr": 1e-05, "loss": -28.671, "recon_loss": -33.046, "kld_loss": 43.747, "kld_weight": 0.1}
{"message": "", "levelname": "INFO", "name": "Trainer", "asctime": "2026-04-17 11:11:03,754", "type": "train", "epoch": 24, "batch": 6399, "n_batches": 7774, "time": 2.007, "data_time": 0.0, "lr": 1e-05, "loss": -25.272, "recon_loss": -29.938, "kld_loss": 46.658, "kld_weight": 0.1}
{"message": "", "levelname": "INFO", "name": "Trainer", "asctime": "2026-04-17 11:11:27,933", "type": "train", "epoch": 24, "batch": 6479, "n_batches": 7774, "time": 2.641, "data_time": 0.0, "lr": 1e-05, "loss": -14.257, "recon_loss": -19.192, "kld_loss": 49.351, "kld_weight": 0.1}
{"message": "", "levelname": "INFO", "name": "Trainer", "asctime": "2026-04-17 11:11:53,454", "type": "train", "epoch": 24, "batch": 6559, "n_batches": 7774, "time": 2.408, "data_time": 0.001, "lr": 1e-05, "loss": -17.02, "recon_loss": -21.741, "kld_loss": 47.214, "kld_weight": 0.1}
{"message": "", "levelname": "INFO", "name": "Trainer", "asctime": "2026-04-17 11:12:18,230", "type": "train", "epoch": 24, "batch": 6639, "n_batches": 7774, "time": 2.726, "data_time": 0.001, "lr": 1e-05, "loss": -18.075, "recon_loss": -22.704, "kld_loss": 46.291, "kld_weight": 0.1}
{"message": "", "levelname": "INFO", "name": "Trainer", "asctime": "2026-04-17 11:12:45,815", "type": "train", "epoch": 24, "batch": 6719, "n_batches": 7774, "time": 2.284, "data_time": 0.0, "lr": 1e-05, "loss": -19.954, "recon_loss": -24.405, "kld_loss": 44.512, "kld_weight": 0.1}
{"message": "", "levelname": "INFO", "name": "Trainer", "asctime": "2026-04-17 11:13:11,688", "type": "train", "epoch": 24, "batch": 6799, "n_batches": 7774, "time": 2.671, "data_time": 0.001, "lr": 1e-05, "loss": -19.431, "recon_loss": -23.98, "kld_loss": 45.488, "kld_weight": 0.1}
{"message": "", "levelname": "INFO", "name": "Trainer", "asctime": "2026-04-17 11:13:36,147", "type": "train", "epoch": 24, "batch": 6879, "n_batches": 7774, "time": 2.049, "data_time": 0.001, "lr": 1e-05, "loss": -24.888, "recon_loss": -29.325, "kld_loss": 44.368, "kld_weight": 0.1}
{"message": "", "levelname": "INFO", "name": "Trainer", "asctime": "2026-04-17 11:13:59,013", "type": "train", "epoch": 24, "batch": 6959, "n_batches": 7774, "time": 2.457, "data_time": 0.001, "lr": 1e-05, "loss": -23.945, "recon_loss": -29.118, "kld_loss": 51.729, "kld_weight": 0.1}
{"message": "", "levelname": "INFO", "name": "Trainer", "asctime": "2026-04-17 11:14:22,521", "type": "train", "epoch": 24, "batch": 7039, "n_batches": 7774, "time": 2.138, "data_time": 0.0, "lr": 1e-05, "loss": -23.365, "recon_loss": -27.922, "kld_loss": 45.574, "kld_weight": 0.1}
{"message": "", "levelname": "INFO", "name": "Trainer", "asctime": "2026-04-17 11:14:46,299", "type": "train", "epoch": 24, "batch": 7119, "n_batches": 7774, "time": 2.014, "data_time": 0.0, "lr": 1e-05, "loss": -25.363, "recon_loss": -30.261, "kld_loss": 48.984, "kld_weight": 0.1}
{"message": "", "levelname": "INFO", "name": "Trainer", "asctime": "2026-04-17 11:15:11,746", "type": "train", "epoch": 24, "batch": 7199, "n_batches": 7774, "time": 2.696, "data_time": 0.001, "lr": 1e-05, "loss": -21.489, "recon_loss": -26.277, "kld_loss": 47.883, "kld_weight": 0.1}
{"message": "", "levelname": "INFO", "name": "Trainer", "asctime": "2026-04-17 11:15:36,318", "type": "train", "epoch": 24, "batch": 7279, "n_batches": 7774, "time": 2.865, "data_time": 0.001, "lr": 1e-05, "loss": -24.416, "recon_loss": -28.957, "kld_loss": 45.41, "kld_weight": 0.1}
{"message": "", "levelname": "INFO", "name": "Trainer", "asctime": "2026-04-17 11:15:58,832", "type": "train", "epoch": 24, "batch": 7359, "n_batches": 7774, "time": 1.886, "data_time": 0.001, "lr": 1e-05, "loss": -21.954, "recon_loss": -26.397, "kld_loss": 44.435, "kld_weight": 0.1}
{"message": "", "levelname": "INFO", "name": "Trainer", "asctime": "2026-04-17 11:16:24,199", "type": "train", "epoch": 24, "batch": 7439, "n_batches": 7774, "time": 2.918, "data_time": 0.001, "lr": 1e-05, "loss": -22.225, "recon_loss": -26.909, "kld_loss": 46.84, "kld_weight": 0.1}
{"message": "", "levelname": "INFO", "name": "Trainer", "asctime": "2026-04-17 11:16:49,639", "type": "train", "epoch": 24, "batch": 7519, "n_batches": 7774, "time": 2.821, "data_time": 0.001, "lr": 1e-05, "loss": -21.138, "recon_loss": -25.938, "kld_loss": 48.003, "kld_weight": 0.1}
{"message": "", "levelname": "INFO", "name": "Trainer", "asctime": "2026-04-17 11:17:12,249", "type": "train", "epoch": 24, "batch": 7599, "n_batches": 7774, "time": 2.398, "data_time": 0.001, "lr": 1e-05, "loss": -28.647, "recon_loss": -33.154, "kld_loss": 45.068, "kld_weight": 0.1}
{"message": "", "levelname": "INFO", "name": "Trainer", "asctime": "2026-04-17 11:17:37,018", "type": "train", "epoch": 24, "batch": 7679, "n_batches": 7774, "time": 2.253, "data_time": 0.001, "lr": 1e-05, "loss": -25.896, "recon_loss": -30.099, "kld_loss": 42.036, "kld_weight": 0.1}
{"message": "", "levelname": "INFO", "name": "Trainer", "asctime": "2026-04-17 11:18:01,643", "type": "train", "epoch": 24, "batch": 7759, "n_batches": 7774, "time": 2.28, "data_time": 0.001, "lr": 1e-05, "loss": -18.14, "recon_loss": -23.199, "kld_loss": 50.585, "kld_weight": 0.1}
{"message": "", "levelname": "INFO", "name": "Trainer", "asctime": "2026-04-17 11:18:05,479", "type": "train-epoch", "epoch": 25, "loss": -3.00142, "recon_loss": -3.57534, "kld_loss": 5.7392, "kld_weight": 0.1, "time": 2410.6}
{"message": "", "levelname": "INFO", "name": "Trainer", "asctime": "2026-04-17 11:24:26,936", "type": "val-epoch", "epoch": 25, "loss": -2.987, "test_loss": -0.015, "recon_loss": -3.558, "kld_loss": 5.711, "kld_weight": 0.1, "note": "loss is teacher-forced CVAE objective; test_loss is prior-only reconstruction", "time": 381.5}
